t_s,load_cell_weight_g,true_weight_g,true_flow_ml_per_hr
0.0,540.1280080921905,540.5,99.58404045589306
1.0,542.0125829335403,540.472033481972,100.60980621961953
2.0,539.659364557148,540.4437788947253,98.25961509754794
3.0,540.1971722230943,540.4161843194854,100.3270806171761
4.0,540.1733234740061,540.388009131012,98.96387364629751
5.0,540.4513598696655,540.3602167764964,101.66541320309044
6.0,540.1091994612875,540.3316657396218,98.50042428750409
7.0,540.478657577347,540.3040035371343,100.48295578150305
8.0,540.422458817153,540.2757845737191,100.7864751422674
9.0,540.445771734871,540.2474803719499,100.75671705260372
10.0,540.4317181425598,540.2191845272444,100.1036355438802
11.0,540.3579404538392,540.1910720895958,101.68261181447153
12.0,540.2074838704925,540.1625162227779,101.02245667944489
13.0,540.3232771962626,540.1341457495271,101.09674563058451
14.0,540.4690397419836,540.1057544134625,101.26508350244784
15.0,540.5735758198306,540.0773158025122,100.5417159277962
16.0,534.691053320735,540.0490803372893,99.18678207374475
17.0,540.1033441080806,540.0212253826569,101.54014717733943
18.0,540.1437724180244,539.9927095246578,100.11364990179655
19.0,540.0774231757061,539.9645942746438,100.31616278047693
20.0,539.888033685458,539.9364221522628,99.85643589284085
21.0,540.342798419252,539.9083791365163,99.3963180358934
22.0,539.6603209170162,539.8804653372013,99.71555089878818
23.0,540.1288398648593,539.8524618866572,99.91788511098142
24.0,540.0082401607133,539.8244016139219,97.61613645938473
25.0,539.61782481401,539.7969877489328,100.06390207272663
26.0,539.6566873999466,539.7688864697674,100.86994372810247
27.0,539.610321106376,539.740558827237,99.46377836392418
28.0,540.1902385971997,539.7126260828131,99.89610732494215
29.0,540.4422054051785,539.6845719260061,100.49431213161708
30.0,539.3825938319216,539.6563497733491,99.46495711963917
31.0,539.9387068779257,539.6284166978915,100.6580810749669
32.0,539.649046327078,539.6001485534562,100.40501397799898
33.0,539.0585518681905,539.5719514786973,100.68720836142202
34.0,539.3921257723182,539.5436751543491,101.61620459557842
35.0,539.1913099478602,539.515137936892,101.66908308362429
36.0,540.3663952546162,539.4865858693927,99.98543159283649
37.0,539.072574026195,539.4585066273537,99.48138064629826
38.0,539.0400186511572,539.4305689396222,100.71141785685037
39.0,539.2066629655308,539.4022858164407,98.930336632166
40.0,539.3533008298587,539.3745028802364,99.85999817875629
41.0,539.5696377278613,539.3464588640813,100.38163261010772
42.0,539.5971494995104,539.3182683555899,100.83810778806154
43.0,538.9626906741194,539.2899496536528,99.27942177355295
44.0,539.3217663347101,539.2620686827047,98.83028489309118
45.0,539.1905101420101,539.2343138443639,101.37123163797192
46.0,539.2581976030565,539.2058454234789,100.60019717548613
47.0,538.7155190932217,539.1775935347721,100.93736597142194
48.0,538.7609016730344,539.1492469578285,99.05705291721414
49.0,538.8651205149899,539.1214284354676,97.95741057036075
50.0,539.2413386910374,539.0939187293325,100.01416693114578
51.0,538.5040092414619,539.0658314174525,99.20152001223951
52.0,539.3957029237233,539.0379723239157,99.5011318664977
53.0,539.3074632777775,539.0100290893834,99.75943011069634
54.0,538.5554589644643,538.9820133160938,98.94572178330901
55.0,539.5035473179355,538.9542260592264,99.98715671216766
56.0,538.8641712130786,538.9261463327164,99.15783813202644
57.0,539.0246741726191,538.8982995065076,99.59134871769864
58.0,538.8717691287123,538.870330936076,101.17667339541327
59.0,539.1669502483642,538.8419171536309,100.16947969948679
60.0,539.146529932453,538.8137862247486,101.52072522732949
61.0,538.503369922953,538.7852758210806,100.47907860420459
62.0,538.8878476621437,538.7570579465059,98.39891109903628
63.0,539.1804385990648,538.7294242523055,100.2761190038961
64.0,538.745986126591,538.701263375552,97.77386996068462
65.0,538.0799877189928,538.673805213738,100.33866128948394
66.0,537.9135232673148,538.6456267730259,99.6123897252715
67.0,538.869744078799,538.6176522935781,101.58843584615228
68.0,538.6277091284062,538.5891228745113,100.2309043584009
69.0,537.9979977299753,538.5609746955373,99.92459842376927
70.0,539.1757315232114,538.5329125374799,101.77759176361928
71.0,538.7046339103712,538.5043299971263,99.61490336269482
72.0,538.4372805871017,538.4763548117653,101.10412384327407
73.0,538.3276268448952,538.4479614036527,99.80829456504911
74.0,538.5513834831136,538.4199319075956,99.51017783909217
75.0,539.0002743803235,538.3919861326525,99.24444303477141
76.0,538.5156385989429,538.3641149849002,99.96738387994661
77.0,538.8317444614867,538.3360408112605,98.53999942023204
78.0,537.8547674340061,538.3083674947568,99.89257250741294
79.0,537.3771533656605,538.2803143306443,101.02784954731318
80.0,538.4319502732604,538.2519423428964,100.58044336204088
81.0,538.8280392465623,538.2236960017188,101.08891876120114
82.0,537.7074162506923,538.1953068637001,99.28952316324421
83.0,537.7347468537213,538.1674230559452,100.43814555248186
84.0,538.3111561836967,538.1392166767357,99.53234217444286
85.0,538.4796727499362,538.1112646773084,99.89572124107802
86.0,538.5632231552304,538.0832106289265,99.43738577590453
87.0,537.9989187934951,538.0552852964213,100.31423194666374
88.0,537.7511236853701,538.0271137162829,100.1302599636887
89.0,537.6584277128757,537.9989938016097,100.20827689016338
90.0,537.4703992445094,537.970851977183,98.83635227315425
91.0,537.9524571670532,537.9430954349197,101.0008485278883
92.0,538.0161139618984,537.9147310299581,100.69388662761706
93.0,538.3813561790582,537.8864528301301,101.35690584735192
94.0,538.7482688521915,537.8579884324047,100.12036345582871
95.0,537.7563165868066,537.8298712970009,101.40818774576707
96.0,537.7072676780033,537.801392497609,99.44096065826803
97.0,537.9973154178011,537.7734661611573,99.33590182516095
98.0,536.8043108601998,537.7455693287282,100.52889913895781
99.0,538.127987433703,537.7173374628867,98.62736872367375
100.0,537.9595826687964,537.6896396101702,100.90067778100256
101.0,537.5468466710437,537.6613033364932,99.6616589536973
102.0,537.4050284253751,537.6333150206037,98.68208900185104
103.0,537.469824446078,537.6056018006091,100.34815002437361
104.0,538.3412572928459,537.5774206951439,101.00118206651223
105.0,537.2020307723797,537.5490561965134,99.26698469619383
106.0,537.3075138126011,537.5211787183114,100.83009984135664
107.0,537.824168496938,537.4928622652726,101.10841253449651
108.0,538.0833719706767,537.4644676527525,98.65134807653662
109.0,537.6480051375624,537.4367630658343,101.54674118438389
110.0,536.7872000504543,537.4082453560184,101.38185458893405
111.0,536.8820773727996,537.3797739518545,97.55620290082818
112.0,537.0531903223085,537.3523769182066,100.18428818794544
113.0,537.2398188319129,537.3242418306072,98.56941733794287
114.0,537.3061538257012,537.2965602525715,99.66901964484514
115.0,536.921285616723,537.2685698695545,100.93993135328712
116.0,536.8973578452698,537.2402225721662,101.47714212678643
117.0,536.8192034621583,537.2117244080855,99.51678043801712
118.0,537.3025518679269,537.1837767789125,98.71955577520467
119.0,536.5630432289491,537.156053036999,99.08967000832256
120.0,536.9089265099755,537.1282253546717,100.28107578588943
121.0,536.2251670332411,537.1000630858885,101.76238392472037
122.0,536.995963760449,537.071484816403,100.06652708222175
123.0,536.9079732161101,537.0433828000473,99.65735984314804
124.0,536.7708778339702,537.0153956914914,98.46582260564959
125.0,536.9763353706529,536.9877432063096,101.50439958733583
126.0,537.9010386345888,536.9592373874256,100.12522487322254
127.0,536.9716075020315,536.9311188867737,98.35092607570779
128.0,537.3365410794682,536.9034986683673,99.05388840682437
129.0,536.479935121372,536.8756810347065,99.56851861865906
130.0,536.6756822701126,536.8477188757277,99.71404208706264
131.0,537.0841608792842,536.8197158489083,99.45611602659278
132.0,536.7673656738824,536.7917852563241,99.65320326294278
133.0,536.987930739255,536.7637993150745,100.36484836969909
134.0,536.9390816488393,536.7356135201574,98.74799860022189
135.0,536.972162868158,536.7078817905503,100.5691039766551
136.0,536.6279375672534,536.6796386338503,101.08955174190241
137.0,536.6956324542138,536.6512493180694,98.89434907249122
138.0,536.8222644469477,536.6234764883716,99.84975804617591
139.0,537.0558850487091,536.595435347987,99.30287552680997
140.0,536.2798104116629,536.5675477904431,101.1817611654518
141.0,536.9180741356868,536.5391325791825,98.29117824661995
142.0,536.1428234031825,536.5115291399583,101.0112076192939
143.0,536.6337478604971,536.4831618258186,97.80937302619982
144.0,535.7848233705928,536.4556936935603,99.3038854879377
145.0,536.5280864922472,536.4278058523857,100.32046831036607
146.0,535.888208671412,536.3996325208686,100.9485182209497
147.0,536.5347682739339,536.3712828120016,97.04873910106475
148.0,536.6715808061646,536.344028291104,100.7225902382129
149.0,536.5934873642999,536.3157420303455,100.66189654736365
150.0,537.0266000937736,536.2874728143984,98.4740164438976
151.0,536.3164435767005,536.2598180281138,100.30265829913661
152.0,535.8459290815666,536.2316496982414,99.4302116129134
153.0,536.3594523743944,536.2037263804801,101.0246171072039
154.0,535.9307349822017,536.1753553005092,100.97583671151618
155.0,536.0186028059774,536.1469979196993,99.2390622893266
156.0,536.4780786309087,536.1191282830398,99.03803540546144
157.0,535.9659005640667,536.0913151014302,98.44697737918735
158.0,535.9641003361561,536.063667908616,100.79135219226163
159.0,536.4369870633202,536.0353623372088,100.10777291884665
160.0,535.9831744348577,536.0072487376474,101.8210790313913
161.0,536.5632872565377,535.9786539846193,99.3997298602089
162.0,535.575831607729,535.9507392271503,101.81033372907855
163.0,535.8145151138576,535.9221474917614,97.49677260660498
164.0,535.6662486478048,535.8947671481211,100.59964268720226
165.0,536.256877168491,535.8665154151331,99.94654306027014
166.0,535.9960355496286,535.8384470942904,101.79289530621898
167.0,535.4268102711329,535.8098602561918,99.07920035073379
168.0,535.7074398457514,535.7820355140933,100.05702691066148
169.0,535.9768322054531,535.7539361657025,101.7657901274835
170.0,536.0998183542403,535.7253569396419,98.41957154216108
171.0,535.031485879714,535.6977174433003,100.03566656739955
172.0,535.3781863138979,535.669624093606,101.31347651760116
173.0,535.3298953993334,535.641171892284,100.084420528044
174.0,536.1825943188982,535.6130648508523,98.8722823437662
175.0,535.1173934810994,535.5852982182275,99.67579573541595
176.0,535.5385644179239,535.5573059322585,100.81526270319564
177.0,535.3453487917831,535.5289936459826,100.53338609071491
178.0,535.1911021522963,535.5007605200556,100.00579786697136
179.0,535.7877588493781,535.4726755584879,99.06504238153688
180.0,536.1397417128002,535.4448547924189,100.60865956923486
181.0,535.3969961929452,535.41660052719,100.20269088406353
182.0,535.1776477595902,535.3884602715,99.81844060100414
183.0,535.2535035890967,535.3604279260979,100.75429095336256
184.0,535.7850227875463,535.3321327627218,99.10810862287603
185.0,535.4574565229949,535.3042999022169,99.33990299120126
186.0,535.3902179860253,535.276401946127,101.4252396412349
187.0,535.4221719977247,535.2479183579944,100.07219064930125
188.0,535.1470207352987,535.2198147511203,99.02873815451083
189.0,535.6865324961955,535.1920041804885,99.10441767153709
190.0,535.0858180004,535.1641723565258,101.4266037780912
191.0,535.2373519050543,535.1356883852982,99.75530834059036
192.0,535.4409628810683,535.1076737695391,98.30387489700527
193.0,534.0986382516498,535.0800667646722,101.79707021313578
194.0,535.1713230200855,535.0514787541208,100.5270177539517
195.0,535.3932707421233,535.0232474166348,99.28806441237069
196.0,534.897185810616,534.9953640185457,99.87929701486962
197.0,535.1016048086652,534.9673145826341,98.93164127018035
198.0,535.6198937905832,534.939531280044,100.25427909085506
199.0,535.0210808868477,534.911376536666,101.02950443987747
200.0,535.0474173555266,534.8830040841692,98.6947263942948
201.0,535.717382066727,534.8552873151734,100.53703708039986
202.0,535.1545166074812,534.8270531639266,100.42528855453365
203.0,535.1413911204061,534.7988503953909,101.3547422672148
204.0,534.8213526072675,534.7703866052709,99.67956095047988
205.0,534.310796946961,534.742393261904,99.17843275421663
206.0,534.2928939735558,534.7145406520387,99.78574109528135
207.0,535.1736241281043,534.6865174897479,99.3802317583641
208.0,534.9929439388983,534.6586082079957,100.65151680400508
209.0,534.3626105370423,534.6303419070266,99.1175637960277
210.0,534.7314704996605,534.6025063911939,98.51656747960101
211.0,534.9232636739328,534.5748396551601,100.60611083143968
212.0,534.0460813671555,534.5465861057016,100.43976643802198
213.0,534.5910234273231,534.5183792712935,100.64502020700678
214.0,533.8783654545205,534.4901147947853,101.83299630386853
215.0,534.2148825386835,534.46151669499,99.20613010834415
216.0,534.8684093507085,534.4336563067847,101.41640161948862
217.0,533.9755143070156,534.4051752006632,100.01670776085268
218.0,534.4060972011223,534.3770871752336,101.63244293126623
219.0,534.6009979291132,534.3485453975104,98.84828886755392
220.0,534.0427443724619,534.3207855030535,100.15526037587259
221.0,534.5943768652245,534.2926585674313,98.54538087995708
222.0,533.8311013107794,534.2649837396341,98.59218944804451
223.0,534.8710161497418,534.2372957664309,97.9290788743491
224.0,534.5825509069829,534.2097940167803,100.48397064631476
225.0,534.6251730267163,534.1815747683571,100.36363735622521
226.0,534.4969866857283,534.1533893135329,98.59977427725111
227.0,533.925529275519,534.1256992102567,100.35262342709
228.0,533.3417663289441,534.0975168485108,99.09344255608192
229.0,534.5446442784665,534.0696881067265,99.89950739640632
230.0,533.9806220228112,534.0416329950659,97.3720267382617
231.0,534.0401254319911,534.0142876842235,97.804517313414
232.0,533.8818252329728,533.9868209156114,99.49796457439406
233.0,533.9769603552257,533.95887857056,99.58033405901556
234.0,534.0909433791969,533.9309130934118,100.23262110001092
235.0,533.9796159927602,533.9027644323196,99.10889260256218
236.0,533.8125620223149,533.8749313516471,101.69775745443908
237.0,533.7038286390655,533.8463712314286,98.96055196741703
238.0,533.9869689982625,533.8185798097511,100.66391665467998
239.0,534.4442921932214,533.7903100264905,98.42015207053649
240.0,533.7270634957224,533.7626703671174,100.41657841351568
241.0,533.9529418636413,533.7344700446797,99.11742583421295
242.0,533.3550851174539,533.7066345675912,100.327324568958
243.0,533.0721270649447,533.6784593106081,101.12562943926132
244.0,533.5507618814686,533.6500598630072,100.14394042598772
245.0,531.2592485930953,533.6219361064043,100.63899898011549
246.0,536.9766741515334,533.5936733208573,100.31111021226407
247.0,533.390410718825,533.5655026174061,99.80963483449345
248.0,533.6176114177987,533.5374727449566,99.90640220903096
249.0,533.6225967639961,533.509415697003,100.24083450674603
250.0,534.5992968459218,533.4812647293123,99.28914785785435
251.0,533.3457372155029,533.4533810269556,98.28156939796338
252.0,533.508097958565,533.4257802862164,100.64021687594176
253.0,533.5085128196135,533.3975171586437,101.3520061788354
254.0,533.1557294020864,533.3690541369085,99.50984834412773
255.0,533.5412367800452,533.3411084544985,99.19463692362062
256.0,533.2449369238128,533.3132512939624,98.95940442939296
257.0,533.2930274348902,533.2854601945519,100.45617581043946
258.0,532.7922708107324,533.257248751845,100.67358178669916
259.0,532.9501031459308,533.2289762542933,99.40088241467717
260.0,533.9136531960089,533.2010611731484,99.73054232498042
261.0,532.8950192317959,533.1730535125123,99.42653435504603
262.0,532.5834838992018,533.1451312274476,101.4490000661322
263.0,532.9989314276518,533.1166409665957,99.3888269327257
264.0,533.8493818301313,533.088729271032,99.6411390894742
265.0,532.6273305751357,533.0607467178045,100.61105135155351
266.0,533.1435555217555,533.0324917808832,100.80655190298008
267.0,533.8432038598462,533.0041819408905,100.09066027248606
268.0,532.5559655638111,532.9760731471306,100.10401182530055
269.0,532.8712815448175,532.9479606038096,100.99647514487144
270.0,533.0888496308321,532.9195974270398,101.90810388043764
271.0,533.0434814368222,532.8909782345333,102.26496704069206
272.0,532.7821625024355,532.8622588229562,101.134440268451
273.0,532.0370668666737,532.8338569009807,99.3256443518112
274.0,532.8688491749248,532.8059629491919,100.97658771930662
275.0,533.3612130515535,532.7776053574742,99.88733201758525
276.0,533.1637503515171,532.7495536650658,101.50137071781734
277.0,533.1259131083392,532.7210486967892,99.37017935879163
278.0,532.2439179195669,532.693142238086,101.70941675269599
279.0,533.3439449460207,532.6645788435479,99.73787498858907
280.0,533.3079969470606,532.6365691236554,100.26952971106608
281.0,533.0679274250824,532.6084100973948,100.85727054255658
282.0,532.3097988891908,532.5800860139174,100.42411257779735
283.0,532.8349418802896,532.5518835756352,99.84301623511134
284.0,533.0096148713259,532.5238443285757,98.89459719101711
285.0,533.2656648907724,532.496071429198,100.13103452351213
286.0,532.4782154554078,532.4679512970026,99.69599356842824
287.0,532.4487208101593,532.4399533388088,99.28182172594833
288.0,532.6789022850754,532.4120716938742,98.16221271908947
289.0,532.400133374562,532.3845044724687,98.32114033709048
290.0,532.4882770043879,532.3568926188908,99.45656019492792
291.0,532.6623556187348,532.3289619015694,102.0035296478225
292.0,531.9582395708394,532.3003159103266,101.10687326782877
293.0,532.199565940372,532.2719217300839,100.39158027227714
294.0,532.4095882883046,532.2437284279574,100.01544742578355
295.0,532.3219599853812,532.2156407564721,100.43844802153838
296.0,532.1701799481192,532.1874342923193,100.81465118372364
297.0,532.0390403109766,532.1591221777785,99.30568187432095
298.0,531.0185334415075,532.1312338321188,100.26298503186983
299.0,532.4196601055717,532.1030766438224,100.03187557627305
300.0,531.7577657014095,532.0749843587647,100.15646689029103
301.0,531.53291893563,532.046857084313,101.14685098184266
302.0,531.9437087216572,532.0184516769957,99.64226372255143
303.0,531.5941148358322,531.9904688079337,98.05947212429275
304.0,532.0921304777513,531.962930439512,99.04592204076695
305.0,532.0360188718371,531.9351150430723,100.09255524670604
306.0,532.3595173287241,531.9070057171405,100.34257146676721
307.0,531.410642456222,531.8788261783202,100.01100231963913
308.0,531.8570187494508,531.8507397551688,99.11478907415577
309.0,531.2250821609796,531.8229050185705,99.8088998157541
310.0,532.0941736293714,531.7948753525388,98.67060446304455
311.0,531.7940415371218,531.7671653577854,100.42309871986832
312.0,531.0675398942278,531.7389632042283,100.93842758018899
313.0,531.2568781178754,531.7106163291496,99.31119335207495
314.0,531.9789073712976,531.6827264356832,101.55122250198599
315.0,530.9726397465824,531.6542074673639,100.47410141240461
316.0,531.1360722118887,531.6259909905505,98.26947914358361
317.0,531.9453631504318,531.5983936451578,99.11892648483455
318.0,531.8708109478258,531.5705577466365,99.79304862369989
319.0,530.8301499593359,531.542532532148,99.70326678633165
320.0,531.8369163022938,531.5145325313922,100.81570382026462
321.0,531.8709763897282,531.4862201212361,100.25236021164179
322.0,530.8993763689803,531.4580659167433,98.82674963533009
323.0,530.9423974353213,531.4303120712207,99.19998165180282
324.0,531.4037959086525,531.4024534097068,100.5152126403599
325.0,531.88106912242,531.3742253874902,101.02091374433333
326.0,531.0743646901816,531.3458553475471,101.06911339211727
327.0,531.2413449839752,531.3174717715361,99.98566926776033
328.0,531.3442409667712,531.2893924627501,99.9437003935215
329.0,531.3468623637094,531.261324940223,102.28356670588259
330.0,531.0874710772441,531.2326003052397,99.84193647296004
331.0,531.2928941676577,531.2045613614135,100.4604809157086
332.0,531.6106743211213,531.1763487096897,99.37031004247993
333.0,530.9320763272608,531.1484422142862,99.99825341295866
334.0,531.5779841146926,531.1203593714527,99.8674017661719
335.0,531.2558755778227,531.0923132761234,100.23658032320164
336.0,532.0718213495383,531.0641635031492,100.44563458442626
337.0,530.6991234612295,531.0359550207701,101.11777008907433
338.0,531.061887194632,531.0075577803367,98.31157221713532
339.0,531.4622034432448,530.9799486138057,100.63323790722262
340.0,531.2581100930204,530.9516874461601,98.63525506667979
341.0,531.1187714890258,530.9239873786955,100.46825158988571
342.0,530.8864257326322,530.8957725447075,101.09822742788573
343.0,530.8732447888638,530.8673807925047,100.65367263049613
344.0,530.7318151915431,530.8391138861077,98.98043347086151
345.0,531.2137861565242,530.8113168810413,99.89526028916166
346.0,531.1136399873159,530.78326296211,97.39240820936043
347.0,530.827759174438,530.7559119274713,100.23356188120556
348.0,531.0065971974558,530.7277630021763,100.52837429140013
349.0,530.9338716958312,530.6995312837295,100.44171781223478
350.0,530.3080549775087,530.6713239013106,99.18949063841634
351.0,524.8828027875328,530.643468186023,100.19447529957368
352.0,529.6718138479822,530.615330237543,99.22577151014502
353.0,530.3318755321419,530.5874643333773,100.2526574703909
354.0,530.1170749001899,530.5593100454043,100.17718957686827
355.0,530.7700436284674,530.5311769513314,101.80106272625181
356.0,531.2597573529632,530.5025878195493,99.55559497254002
357.0,529.5839906342217,530.4746292899611,100.69058014576382
358.0,530.7157538835066,530.4463520187035,101.20692859253141
359.0,530.5227486127216,530.4179297395904,99.19761095917332
360.0,530.3142892146423,530.390071743846,99.00104652887332
361.0,530.3562048360919,530.3622689499458,99.14369512987093
362.0,530.6434594447755,530.3344260955635,99.96812281493918
363.0,530.6141916304647,530.3063517144062,100.51190942413244
364.0,530.5057942282987,530.2781246198431,101.2429808499865
365.0,530.6744840318755,530.2496922160543,101.30207517205048
366.0,530.7143006436904,530.2212432166102,100.8018544106813
367.0,529.9284902137967,530.1929346958299,98.3330704475521
368.0,530.3544303141621,530.1653194918792,100.37794205825932
369.0,529.8319665359398,530.1371300198177,98.60576346703854
370.0,523.4100391928887,530.1094382345775,100.84229960597197
371.0,523.5085480282763,530.0811183554381,99.5178213120812
372.0,530.2701402145884,530.053170433953,99.04698143837295
373.0,530.1168082287693,530.0253547399991,98.98020969608797
374.0,530.8630166712263,529.997557797776,100.78827230411854
375.0,530.037513450767,529.9692530913039,99.5170704922647
376.0,529.8670306476098,529.9413053806741,100.70562359243475
377.0,530.0509857265926,529.9130238847151,99.63501059744694
378.0,530.0724214095897,529.8850430525724,99.73603998052175
379.0,528.92676240476,529.8570338480113,100.08449568410438
380.0,530.4831885022369,529.8289267854733,99.40553792245137
381.0,529.9800793491602,529.8010103969068,99.70020039672544
382.0,530.0818108553785,529.7730112572954,99.7735758487148
383.0,529.3125692475594,529.7449915114112,98.66869919619712
384.0,529.9043940383195,529.7172820517202,100.06828327268187
385.0,529.3541376950894,529.6891795421677,100.25747872931437
386.0,529.996251016478,529.6610239002246,97.87815043472807
387.0,529.7966138430588,529.6335364529775,98.50827400549079
388.0,529.0642333029822,529.6058720460277,99.8126448554643
389.0,529.737953405204,529.5778413282642,102.19229478234936
390.0,529.9751779213207,529.5491423254794,99.50478547647023
391.0,530.1079836582953,529.5211980648913,99.6719251307483
392.0,529.4097405859053,529.4932068659173,99.9838601888464
393.0,529.8492122253089,529.4651280651808,99.02398361852583
394.0,529.387803862564,529.4373188297814,101.69750927829327
395.0,528.7808871864395,529.408758779259,101.17412975494989
396.0,529.4156914847057,529.3803457111528,100.19642211990599
397.0,529.1054791421036,529.3522072159408,100.29148061307247
398.0,529.229162712428,529.3240420251352,99.547634676636
399.0,528.8475630692474,529.2960857310636,98.4683932287716
400.0,529.3305640837433,529.2684325239652,99.6269274982619
401.0,528.6747679176336,529.240453961826,99.55155555892925
402.0,529.1835389288921,529.21249656664,99.07773269334749
403.0,529.2619263314293,529.1846722367086,98.79370154287953
404.0,528.9262295592251,529.1569276721918,98.17106280277898
405.0,528.7872480066985,529.1293579653882,99.54749517116251
406.0,528.7061540619756,529.1014017104942,100.47579862018242
407.0,529.5956579627901,529.0731847570485,101.11024052594445
408.0,528.7108631665606,529.0447896311673,100.35421891259178
409.0,529.1838995403301,529.0166068213562,99.29892696625721
410.0,528.9195540507322,528.9887203726997,100.05428766272955
411.0,528.8622947059623,528.9606217935811,101.00320903318443
412.0,528.8304541295183,528.9322567257109,99.04275422288558
413.0,528.2661162537205,528.9044422189,100.02875304243331
414.0,528.9006826421132,528.8763508107539,99.81531028240855
415.0,528.4284676743789,528.8483193444497,99.29249160196866
416.0,529.5582905973957,528.820434703058,98.37513051444341
417.0,529.1981088415538,528.7928076872386,100.53033367798193
418.0,528.9944743775116,528.7645754185307,99.9776170834445
419.0,528.754257448395,528.7364983710664,99.60482401614692
420.0,528.7295396807696,528.7085260163219,101.18040938479406
421.0,528.8656382387156,528.6801111846864,99.33954362526754
422.0,529.2306489719134,528.6522133295183,97.52886599825675
423.0,528.2372538134559,528.6248239729837,99.73424238585935
424.0,527.8858730312255,528.5968152732471,99.41650858834622
425.0,528.3510096624778,528.5688958037517,100.00214613289214
426.0,529.0736397737561,528.5408118677128,100.43237767638075
427.0,528.7554360591689,528.5126071083154,99.59593504778677
428.0,528.5597988640471,528.4846372498895,98.79665796771832
429.0,528.4215146797568,528.4568918551101,98.22003472875166
430.0,528.2414147082276,528.4293083953571,100.67345960541141
431.0,528.5385195369963,528.401035932118,99.75016160109566
432.0,528.4802231262132,528.373022761735,99.79780511788586
433.0,528.0910286071968,528.3449962114644,98.99212591763666
434.0,528.636399695428,528.3171959227693,99.1833103286325
435.0,528.2633025626155,528.2893419431186,100.58498477934657
436.0,528.323857993873,528.2610943265597,100.22675631286705
437.0,528.5505296979633,528.2329473124953,98.78436153403341
438.0,528.655944772063,528.2052053709644,99.20284680950323
439.0,528.9953269957618,528.1773459048187,100.5343110196795
440.0,527.7344689212716,528.1491125191408,100.09428788623046
441.0,528.6144765624858,528.121002706626,101.47741053741144
442.0,528.5320981762559,528.0925044671667,99.95977205298549
443.0,528.0568608938397,528.0644324311819,100.18478639402836
444.0,527.9057956277343,528.0362972036696,100.6395443514055
445.0,527.6318764768957,528.0080342649642,100.79319698852854
446.0,527.6844315337283,527.9797281754766,100.03813617795356
447.0,528.3194602263169,527.9516341322333,100.1621475633632
448.0,528.003965544999,527.9235052624592,99.75298258028961
449.0,527.9177136896825,527.8954912998513,99.73648213179042
450.0,527.7722166642196,527.8674819711192,98.25526651862776
451.0,528.1887709579195,527.8398886171053,101.58360338899159
452.0,527.6601149526861,527.8113605551534,102.0849346716971
453.0,528.4243133489551,527.7826917026666,99.24912245389177
454.0,527.663250757153,527.7548192407774,99.20403365097555
455.0,527.6669609932735,527.7269594413272,99.29690328041598
456.0,527.3080170971907,527.6990735609892,99.13144514698588
457.0,527.6195649722833,527.6712341468103,99.98735291592493
458.0,527.4704986265672,527.6431543651998,100.60732354737587
459.0,527.6945357799075,527.6149004751703,101.54423703279579
460.0,527.610353076744,527.5863834686036,100.17301394167785
461.0,528.258628411727,527.5582515471883,100.92305675358546
462.0,527.3663927330769,527.52990898875,99.25958806609123
463.0,527.8321267025947,527.5020335877681,100.14894827068986
464.0,527.8702820608502,527.4739084247954,101.28737507839863
465.0,527.1902727242394,527.4454635536276,102.31749271411776
466.0,527.1208582485984,527.4167293910904,99.13156568020602
467.0,527.9638863422741,527.3888899430618,98.3162844131511
468.0,526.704863061181,527.3612794531891,98.54407560568488
469.0,527.5038278973162,527.3336049919565,102.14053498711603
470.0,526.9730701630679,527.3049205250477,98.41888237609527
471.0,527.9314157952903,527.277281222247,100.36808335313044
472.0,526.8795933833588,527.2490945188387,99.74990042669754
473.0,527.2924929128488,527.2210814218022,100.13786332867822
474.0,527.3520069124191,527.1929593718507,100.85274034511063
475.0,527.4467840719008,527.1646365606039,98.83266591506181
476.0,528.0363964476287,527.1368810535926,100.34641847316794
477.0,527.1362639856846,527.1087004344048,99.5136059787696
478.0,526.8007893446734,527.0807536967258,100.14980544638003
479.0,527.3409665344095,527.0526282930296,100.62310513934445
480.0,527.8621639252676,527.0243699710029,100.45848791725304
481.0,527.558687234487,526.9961578789795,100.43969426527838
482.0,526.2733817399852,526.96795106484,101.98076663358013
483.0,526.910703879855,526.9393114662105,100.59642350685361
484.0,527.0291144073153,526.9110606372756,99.75688248076182
485.0,526.8695177016555,526.8830455794455,100.45127227066101
486.0,526.6384067251147,526.8548355138162,97.94805077933128
487.0,526.8278832264745,526.8273284362224,100.50932474506064
488.0,526.926720179312,526.7991020675231,100.98183381963443
489.0,526.9592560763156,526.7707430025255,100.81848784550316
490.0,526.5483684274147,526.7424298105221,99.18968480349297
491.0,526.6756039175688,526.7145740407065,100.38254691973427
492.0,527.1346094860195,526.6863832754466,99.10130437846861
493.0,526.4903685452775,526.6585523258002,100.94378049679594
494.0,526.4902988798211,526.630203947444,98.99793936023781
495.0,525.9170632136493,526.6024020261405,100.08971153216775
496.0,527.0345563051513,526.5742934988184,99.8343936066086
497.0,526.1682971729047,526.5462566732806,97.93887627032885
498.0,525.7335637659459,526.5187521721947,99.23632859274832
499.0,526.3661624644653,526.4908833032482,100.4268164750194
500.0,526.3983926249183,526.4626801056215,100.99010820644247
501.0,526.1535032786963,526.4343187169002,98.91730369471091
502.0,525.8894023603004,526.4065394407792,99.37810810638122
503.0,526.3866520854295,526.3786307554194,99.9603745782129
504.0,525.9440745032293,526.3505585502253,100.66178262161323
505.0,526.1329407297399,526.3222893662725,99.37179929588274
506.0,526.4844999288016,526.2943824526368,100.59628717262432
507.0,526.3184871605384,526.2661316619892,98.99808710315128
508.0,526.3635173509527,526.2383296991943,99.02458761974277
509.0,526.1247621468236,526.2105202941711,99.52249163219322
510.0,526.6538211402367,526.1825710611045,97.96265585103674
511.0,525.8006585361081,526.1550598819197,100.32088511678823
512.0,526.55093070866,526.1268864333493,100.34623036384156
513.0,525.4933513544981,526.0987058669888,98.49517786573753
514.0,526.1827452143868,526.0710451378715,97.89898699523027
515.0,525.7889162484327,526.0435518390236,99.63336533856874
516.0,526.2501638025318,526.0155714689245,100.04969167371655
517.0,526.0949445330796,525.9874741805127,99.103621102876
518.0,525.6216448607721,525.9596425802531,99.84869346335378
519.0,526.1091392507085,525.9316017388387,100.36775071518566
520.0,525.2344988862434,525.9034151288462,100.7087829098304
521.0,526.136966556362,525.8751327456457,98.68939683251378
522.0,525.9861349281537,525.8474174733685,100.01800512260523
523.0,525.4808026594653,525.8193290835966,100.71563280647932
524.0,525.731029514567,525.7910447767168,100.92354777660057
525.0,525.237737621632,525.7627020803828,101.29070519970116
526.0,525.2045262278983,525.7342562740059,100.17772144157848
527.0,525.3249410592312,525.7061230305678,101.25450569983343
528.0,525.2683715110173,525.6776873902171,101.43354767619806
529.0,525.9549852269404,525.6492014689113,99.48012617937466
530.0,525.8194773820346,525.621264133476,99.03478888006674
531.0,525.4212001245019,525.5934518635988,101.92929915863454
532.0,525.747791555594,525.5648267187518,99.19723576555373
533.0,525.7568942584609,525.5369688283743,99.20080608822776
534.0,525.9167715717718,525.5091099353313,101.07716102353535
535.0,525.5538039764019,525.480724099277,100.78200525645269
536.0,525.248935474401,525.4524211528009,100.14871223180775
537.0,525.7007984280784,525.4242960561157,100.0317448743648
538.0,525.6188183424717,525.3962038077636,100.70922846799883
539.0,524.4918389740176,525.3679212994355,99.61021110188796
540.0,525.3099091383788,525.3399474318177,99.74395435227537
541.0,524.7589261192422,525.3119360046371,99.39898758966785
542.0,525.1433080373499,525.2840214556222,100.93784441813635
543.0,525.0181095621657,525.2556747443149,100.53670882263336
544.0,521.1021960959316,525.2274406852539,101.63901954603531
545.0,525.5626769154129,525.198897060598,99.46260019531705
546.0,525.1179125492067,525.1709646470432,100.34741230476352
547.0,524.7162923887398,525.1427837487543,99.60985205682046
548.0,524.8574832418946,525.1148099819683,99.71903285544163
549.0,524.7610814784398,525.0868055535748,99.64041575016739
550.0,525.1733297014437,525.058823203485,100.88902334274677
551.0,524.739850183441,525.0304902027628,99.46409147969156
552.0,525.2462142500875,525.0025573704056,100.4201809074683
553.0,525.8132556160799,524.9743560362674,100.99563157845034
554.0,525.2796367340577,524.9459930963991,100.2353377480622
555.0,524.2367873528747,524.9178436723815,99.29512254433592
556.0,525.1131457438993,524.8899582921337,100.49427218084179
557.0,525.1139874494406,524.8617361506962,99.70786881879759
558.0,524.9648058161522,524.8337348575362,99.58030391088967
559.0,525.2015216898029,524.8057693888546,100.74079544166419
560.0,524.6152602867294,524.7774780154681,100.36321955024361
561.0,525.1000079158256,524.7492926779778,100.58381590678704
562.0,524.8690647597641,524.7210453896773,99.98102150430489
563.0,523.9698928254462,524.6929673861382,99.91206440647093
564.0,525.7828171717987,524.6649087480507,100.56823998656586
565.0,524.4032847631565,524.6366658339878,101.39356068162593
566.0,523.7586775755526,524.608191142363,100.51728910821683
567.0,525.1983193798527,524.579962537005,100.4020663529745
568.0,524.4229944302705,524.5517662900377,98.8396415344519
569.0,524.5581423391251,524.52400882404,101.23412001324452
570.0,524.2995226863251,524.4955789086696,99.13145831779606
571.0,524.1925186332683,524.4677394907922,99.71666038182255
572.0,523.7205079311842,524.4397357286682,100.36612191319796
573.0,524.0425008947129,524.4115495760975,99.39134708458339
574.0,524.5696118305932,524.3836371727913,99.38729363340198
575.0,524.783792301515,524.3557259078293,99.5149794099348
576.0,524.2051125218919,524.327778784445,98.7294724163066
577.0,524.1022330718455,524.3000522576081,98.97914930425301
578.0,524.5657239454124,524.2722556131785,98.13469117443674
579.0,524.2464688825215,524.2446961207403,99.08836206754354
580.0,524.4346082129772,524.2168688057263,99.33490178370647
581.0,524.8291495838133,524.1889722541421,101.30298167669554
582.0,523.5259643227511,524.1605230001212,99.83888608119719
583.0,524.0689387851793,524.1324849129467,99.31512079255641
584.0,523.5372868167033,524.1045939165241,101.55726116576318
585.0,524.5518103769696,524.0760732523468,99.05475118960166
586.0,524.0657075642916,524.0482553763877,102.2685395258341
587.0,523.8058072377733,524.0195349615376,98.12938003305462
588.0,524.1643668981551,523.9919769606449,99.55761475984593
589.0,523.7803354141994,523.9640178638332,100.99319668264937
590.0,523.9366133582361,523.9356556077648,102.86640421960652
591.0,524.8308365149925,523.9067672925798,99.74581557273308
592.0,523.5721694236728,523.8787553427064,99.6122231029016
593.0,523.826323261628,523.8507809100518,98.7685172762512
594.0,523.2720396791904,523.8230434181166,98.52190807284138
595.0,524.9394921476415,523.7953751822661,99.36245295961179
596.0,523.758568412791,523.7674708933934,99.65106155330218
597.0,523.5529031375264,523.7394855536072,100.13580731830136
598.0,524.2143177324241,523.7113640810519,101.41453802061288
599.0,523.2879423671261,523.6828834982912,100.64365010368738
600.0,524.0142847565552,523.6546194065537,98.96038964224402
601.0,524.0314340812191,523.6268280304624,99.91598980903792
602.0,523.5847046289837,523.5987682899911,99.15127432958528
603.0,523.8406956916409,523.5709233071168,102.19273856408378
604.0,523.0344986042692,523.5422241797035,101.03289681837218
605.0,524.070191548793,523.5138507745137,101.13986758845513
606.0,523.2924192772359,523.4854473283658,100.81306765578135
607.0,523.5805652977224,523.4571356585325,101.1169931396324
608.0,523.613070338665,523.4287386362926,98.64644627687876
609.0,523.894629423528,523.4010354259631,99.32016097598319
610.0,523.3173923506043,523.373143014089,100.28409578028298
611.0,523.1392151232021,523.3449798971907,100.59634663307772
612.0,523.2435042744612,523.3167290898446,99.77765430525182
613.0,524.0316074441829,523.2887081985939,99.90862108091777
614.0,522.7850311104163,523.2606505275069,100.54940399495969
615.0,523.5833831550319,523.2324129032183,99.42535074422092
616.0,523.5092287410238,523.204490950551,100.27151267095353
617.0,523.3719880153473,523.1763313674093,101.4963229588659
618.0,523.4597476220573,523.1478278167117,100.0249336375359
619.0,523.0129322746731,523.1197374811818,99.0599917230125
620.0,522.3909282534579,523.0919181335062,98.17728168530456
621.0,523.22906203977,523.0643466802329,100.56388745090976
622.0,522.2488908711191,523.0361049885071,101.18981250642315
623.0,523.4213013198228,523.0076875161617,99.23572345462128
624.0,522.6693463325676,522.979818817158,98.24747408431526
625.0,522.791441151525,522.9522276515194,100.62477049678584
626.0,522.4198563066925,522.923968861805,100.1961940083333
627.0,522.794307213663,522.8958304306543,101.01273209284297
628.0,522.607909492721,522.8674626883915,99.43875600165723
629.0,523.3662134378495,522.839536971081,101.54455721274921
630.0,523.3388122290808,522.8110198745972,99.55788868691275
631.0,523.3363470449101,522.7830607008575,98.70417429824222
632.0,522.8414935030494,522.7553412785755,100.67956812745264
633.0,522.7019522140525,522.7270670998596,99.82208383490969
634.0,522.7986296609522,522.699033731316,99.37380538380589
635.0,522.495927151098,522.671126254304,99.62109702675558
636.0,522.8574909486599,522.6431493295556,100.15953336101452
637.0,522.4171844807083,522.6150211939369,100.27129870525121
638.0,522.3386840243702,522.5868616708838,100.22647651703599
639.0,522.7734456245457,522.5587147353953,100.82076669466178
640.0,522.7580800031925,522.5304009034152,101.14785046872169
641.0,522.3046273185166,522.5019952154084,101.27241509886059
642.0,522.4707568510877,522.4735545455017,99.59346653694209
643.0,522.8540360354331,522.4455853803158,99.49108135080333
644.0,522.9565906020076,522.4176449683031,99.19578504197747
645.0,521.9760069271655,522.3897874853371,99.76328923684403
646.0,521.6687256839771,522.3617706282764,99.40898203002497
647.0,522.0137918927056,522.3338532724897,99.77597244002638
648.0,522.2511758132619,522.3058328535628,99.75104842058303
649.0,521.3849843724901,522.2778194341313,98.92699058445845
650.0,522.769114072966,522.2500374376089,100.7904575003858
651.0,522.0557628842733,522.2217321174609,99.45991120271259
652.0,522.7781826998936,522.1938004590647,99.07663268982533
653.0,521.547765282575,522.1659764380511,100.90631984267276
654.0,521.5972718541846,522.1376385798952,99.62085351404733
655.0,521.6678427683959,522.1096617235333,99.95293161209207
656.0,521.5092276363696,522.0815916085724,100.63250586057694
657.0,522.7782487641082,522.0533306465097,98.82168055638368
658.0,522.3457690385375,522.0255782245536,99.6280897618055
659.0,522.0053158034838,521.9975993360122,98.678173453464
660.0,521.873100944809,521.9698872156339,100.22570121735097
661.0,521.781561513267,521.9417404978753,98.4079331390113
662.0,522.2296443309604,521.9141042699855,99.58528696456229
663.0,521.2205216462536,521.8861374018962,100.11437579191104
664.0,521.9578804330329,521.8580219480281,100.94399797645386
665.0,522.046493265829,521.8296735085963,100.88145370409873
666.0,521.96271101317,521.8013426336811,98.62027789029943
667.0,521.8821282757656,521.7736467723068,100.29916740075977
668.0,521.9565998480884,521.7454794227951,101.40890648230929
669.0,521.6571352556751,521.7170004215582,98.76080215519885
670.0,521.0698019895269,521.6892650962861,99.56141820514274
671.0,521.4388879726083,521.6613049313403,99.60078818132165
672.0,522.2835811008591,521.6333337099927,100.54308202914072
673.0,521.6587741639859,521.6050978611228,100.06625791709767
674.0,521.073046940586,521.5769959203577,98.23653973178988
675.0,521.6609926896141,521.5494078254496,100.03668378980659
676.0,522.43345200679,521.5213141900854,99.55310178439748
677.0,520.7880833725278,521.4933563606676,101.24660773449467
678.0,521.5032938356496,521.4649229383289,98.41959971045175
679.0,521.5947221291125,521.4372834340768,99.34005582608025
680.0,520.7181896058032,521.4093854350657,101.9115920554289
681.0,520.9386151663253,521.3807652629635,100.81969862004831
682.0,522.0631748069414,521.3524517309343,101.71424136294407
683.0,520.757962029165,521.3238869814849,99.78252524930139
684.0,521.3643560255128,521.2958647223107,99.52614489754149
685.0,522.0344710248592,521.2679144632853,100.63180119039696
686.0,520.8751855817463,521.2396536991178,99.58166226943126
687.0,521.3287654790219,521.2116878489637,101.38094494681532
688.0,520.3147754665116,521.1832167002578,100.87680968284374
689.0,521.1200966804919,521.1548871295386,100.12678462839764
690.0,522.2124709103317,521.1267681908554,100.47749290008727
691.0,521.0878803696196,521.0985507615992,102.2354270948157
692.0,520.8581239492657,521.0698396458234,101.45427957858526
693.0,521.4855347020124,521.0413479023084,99.39828840386991
694.0,520.2692448555124,521.0134335496484,99.79649937099742
695.0,520.2229767437019,520.985407366075,99.6634093193153
696.0,521.2798498126039,520.9574185586246,98.91875715161395
697.0,521.0049168423186,520.9296388743245,100.16623049162581
698.0,521.0700040503929,520.9015088579281,99.56514335875596
699.0,520.5151805330004,520.8735476468348,100.24825667727877
700.0,520.7573977810696,520.8453945947513,99.544284888186
701.0,520.6331285520185,520.8174392414119,100.30899693353302
702.0,521.0586753554562,520.7892691314397,100.3748160545909
703.0,520.8936660876279,520.7610805372644,99.808350864464
704.0,520.9489747198586,520.7330510253967,100.19630755241029
705.0,521.0381165576375,520.7049125623589,98.6340820976332
706.0,520.4150651986724,520.6772128243032,98.91424433257657
707.0,520.1714745484367,520.649434407353,98.90450413528932
708.0,520.3501095203244,520.6216587257752,99.50605610634204
709.0,521.2248386154092,520.593714108352,100.82963170475617
710.0,520.4788217608034,520.5653977867815,98.84807508930756
711.0,520.7632858891109,520.5376379523606,99.99317493880476
712.0,519.9533866490299,520.5095565357319,100.0364223895474
713.0,520.687169842697,520.4814629737775,98.46996683376345
714.0,520.4440514502327,520.4538093247584,99.6928119995799
715.0,520.027297783001,520.4258122600552,100.28258699653192
716.0,520.3984917379541,520.3976495668737,100.53120729226536
717.0,521.1797955816792,520.3694170528258,100.35052099271768
718.0,521.2133661627195,520.3412352815137,100.28984564113561
719.0,520.1082120329397,520.3130705498627,99.50835363209049
720.0,520.0355615146835,520.2851252872179,100.76719268164531
721.0,520.3462225317261,520.2568265006063,100.43923402716042
722.0,519.6985105465939,520.228619815717,102.2869193647697
723.0,519.3142815222508,520.1998942391954,97.28470675640077
724.0,519.6719479550866,520.1725734507147,101.28243537115935
725.0,520.5299665937584,520.1441299667813,102.01583007140299
726.0,519.6886370937217,520.1154805211695,100.87960983525645
727.0,519.4686226389891,520.0871501640742,100.23065494677958
728.0,520.650474286862,520.0590020551433,99.689636634981
729.0,520.2269818506064,520.0310058821883,98.77129089677051
730.0,519.0809549973277,520.003267611328,98.4457314365189
731.0,519.7091678875028,519.9756207684163,100.6828446704898
732.0,519.3041529540529,519.947345669538,99.01155820276178
733.0,520.4782070145931,519.9195399236094,99.4778261509083
734.0,519.4905484748897,519.8916032340987,99.205778050142
735.0,519.8650342704977,519.8637429447629,99.28646275421754
736.0,519.9711979408178,519.8358599964729,99.75343575114773
737.0,519.5104163239602,519.8078459065994,98.67597219115989
738.0,519.4413924743512,519.780134404409,100.33851027066888
739.0,520.005593664771,519.751956006108,99.86970534293916
740.0,519.9650299278834,519.7239092638575,99.89842964854974
741.0,518.8968764078586,519.6958544548645,99.51842566434327
742.0,519.4811290804984,519.6679063636573,100.31369350636199
743.0,519.4994983301302,519.6397349347308,100.58843171860134
744.0,519.2209893465891,519.6114863501564,101.28196233790189
745.0,519.6510965510777,519.5830429990666,99.53343431674195
746.0,520.0067160150849,519.5550906929293,99.79041408866202
747.0,519.7403120246499,519.5270662183061,98.26982477340688
748.0,519.9237859286453,519.4994687758489,101.42027518548092
749.0,519.8465259224579,519.4709865819009,99.24187138238216
750.0,518.893799516743,519.4431161563543,102.09109666228285
751.0,519.2778982886888,519.4144455733751,99.64087896981884
752.0,519.6350671983729,519.3864630931978,100.54331844871972
753.0,518.7919819651263,519.3582271779334,99.92674960415916
754.0,518.8614495493962,519.3301644157528,99.71960912433813
755.0,518.7517894167878,519.3021598255239,101.28240725902697
756.0,519.4122628246305,519.2737163494853,100.46190855477148
757.0,518.479722192905,519.2455032968328,99.72756057432585
758.0,519.3640975805456,519.2174964735714,99.04682545321013
759.0,519.485838422174,519.1896808234234,100.29634511909698
760.0,519.0090393481096,519.1615142665023,99.93092143887931
761.0,518.733132987884,519.1334503327316,100.57432484300493
762.0,519.0437152534079,519.1052057098382,101.09411746540675
763.0,518.9532623961798,519.07681511185,101.01381438545471
764.0,518.9135327461494,519.0484470656435,100.0468389599649
765.0,519.5546380052543,519.0203505783688,98.67960142127082
766.0,519.0378357256565,518.9926380569698,99.87066480114203
767.0,518.8022695693588,518.9645910452714,100.91370222154572
768.0,518.3996244375081,518.9362511138975,99.63233115435963
769.0,519.0701959118536,518.9082710342316,99.64064882099818
770.0,518.8078948536487,518.8802886186877,100.2065481046349
771.0,518.5520660580862,518.8521472797618,100.7821564192415
772.0,518.4011904031054,518.823844290834,99.429567226276
773.0,518.7747491349159,518.795921154038,99.31733430230182
774.0,518.4358852088568,518.768029535988,99.0675032574539
775.0,518.4930062910814,518.7402080788232,99.07252588377199
776.0,518.8062504407728,518.7123852111375,100.0104098529367
777.0,518.6782308047372,518.6842989543704,101.45313954425376
778.0,518.8045246895618,518.6558075310152,100.1659620137043
779.0,518.8470324945749,518.6276775900163,99.51904280911292
780.0,518.9317539928568,518.5997293254941,99.58911322807346
781.0,518.9536992090872,518.5717613828625,100.34181851123557
782.0,518.6128454307359,518.5435820554973,98.81925958931313
783.0,519.361086877814,518.5158303134293,101.83298911048077
784.0,518.9112154265199,518.4872322156541,99.98373071777971
785.0,517.8759888834071,518.4591534512775,99.95565041883108
786.0,518.9187055350366,518.4310825727849,99.91870306492164
787.0,518.5202652166166,518.4030220703409,101.0537587912534
788.0,517.6146993093477,518.3746428064136,102.04766943922263
789.0,517.6397999301465,518.3459844192462,101.18908003754709
790.0,518.1452296039724,518.3175671526022,102.7182241558846
791.0,518.5167216118706,518.2887204513185,102.21901195162107
792.0,518.3224834108797,518.2600139454621,99.70611288802236
793.0,517.50279609459,518.232013145426,98.89666295081157
794.0,518.6782001835007,518.204239665914,99.65979330029353
795.0,518.8769680448331,518.1762518739622,100.89471123272371
796.0,518.5519622325772,518.1479172758909,100.8949815452406
797.0,518.3116285714816,518.119582601907,98.31722553983322
798.0,517.3356296717062,518.0919718477346,100.14298294383696
799.0,518.2673553022331,518.0638483600245,98.72360194103034
800.0,517.6410168326678,518.0361234818128,101.80883148979275
801.0,517.733177916871,518.0075321683028,99.34469483344434
802.0,518.4047957744767,517.9796328665036,98.71768519812204
803.0,518.0637726085587,517.9519096499105,99.82938829087935
804.0,517.8945206480781,517.9238742300322,100.30881809616565
805.0,518.1665153689352,517.8957041702835,100.53536491811013
806.0,518.0365209083972,517.8674704886356,101.42883913856367
807.0,517.9145892497426,517.8389858896442,97.82358221959959
808.0,517.5037129382954,517.8115137669708,100.69292418426782
809.0,518.3561112579222,517.7832358374292,100.3015045998604
810.0,517.4887880933317,517.755067831554,101.46068029439618
811.0,517.0250541946115,517.7265742905047,100.16671547056754
812.0,517.6198932171048,517.69844413791,99.3697446530571
813.0,517.5028352327352,517.6705378012866,99.1322944744696
814.0,517.8435665458643,517.6426981485884,98.75565031745735
815.0,517.7417071464425,517.6149642701242,99.62255064550013
816.0,516.898429534269,517.5869869371513,99.7245476399997
817.0,517.0384607769654,517.5589809600224,101.50208157310756
818.0,516.7433868185426,517.5304757921139,99.92133723945675
819.0,517.8548114430347,517.5024145499058,101.1258878954848
820.0,517.6246797389297,517.4740150297218,100.46711726531016
821.0,517.5778581507809,517.4458005142899,100.04264432379026
822.0,517.2918228931195,517.4177052050089,100.14748555697442
823.0,517.8774071243702,517.3895804528149,99.2417460836246
824.0,517.517227079011,517.3617100624565,100.26984699033133
825.0,517.0888570107127,517.3335509470934,99.49221333763352
826.0,517.336812974096,517.3056102171811,100.49756239447973
827.0,517.1868137382215,517.277387151742,99.04988463931036
828.0,516.9880139839664,517.2495706424725,98.93525239265749
829.0,517.230838863152,517.2217863257588,101.9333465421231
830.0,516.9629128304646,517.1931600442715,100.13495722115084
831.0,517.0616473891213,517.165038810452,98.73537289139679
832.0,516.7982588201992,517.137310626565,100.37179348274852
833.0,517.2817787650873,517.1091228812286,102.09585500866257
834.0,517.3903948921535,517.080450961947,98.76591933290656
835.0,517.0651829590788,517.0527141996009,100.28767337316452
836.0,516.7815134274892,517.0245500779954,101.42693117977706
837.0,517.3061762772556,516.9960660148224,99.5270660912502
838.0,517.5817339248807,516.9681154970951,100.12621366058077
839.0,517.4460842893697,516.9399967187587,99.61065945481995
840.0,517.1118724381595,516.9120227252286,98.56605008231297
841.0,517.4838840827717,516.8843420928304,100.04461500845625
842.0,517.021858230201,516.8562462301155,98.97349417221287
843.0,517.0852771271094,516.8284511738354,100.44612478488793
844.0,516.7159606252646,516.8002425537917,99.62392162236853
845.0,516.8946333782095,516.7722648358027,98.89745453979306
846.0,517.1177162661634,516.7444911339862,101.36332369280339
847.0,516.4797206965836,516.7160249339158,100.92000721323492
848.0,516.6086067907379,516.6876832318901,99.66906212887412
849.0,517.0012003680202,516.6596928369422,100.5700646475938
850.0,516.4617486399817,516.6314494104536,100.38119066540658
851.0,516.3889049900201,516.6032590260752,101.24525220608487
852.0,517.1986580881702,516.5748259844139,101.38666422385442
853.0,516.0171641679926,516.5463532295444,100.48016000859364
854.0,515.847625197504,516.5181350512753,97.70758075286878
855.0,516.576327369404,516.4906955056805,101.42991845034277
856.0,516.8535282842206,516.4622106035824,98.63597940911896
857.0,517.3570248469188,516.4345103326983,100.8155976942631
858.0,516.4536971655929,516.4061979523458,98.6131672973892
859.0,516.5875336041487,516.3785040878631,101.3864265832849
860.0,516.9044511816975,516.350031399731,100.44346459218195
861.0,515.5020587695533,516.3218235267581,99.14823221161244
862.0,516.2519344525703,516.2939793982121,99.49643111949467
863.0,516.4159824591252,516.2660374838059,99.85107049327215
864.0,516.46831319733,516.2379959748424,98.73524147485722
865.0,516.4406134167,516.2102678278616,100.02054077787311
866.0,516.1872084674724,516.182178725993,101.06335932283005
867.0,515.9077053063714,516.1537967659166,98.70606174971138
868.0,515.8066309671805,516.1260768135752,98.65929552707159
869.0,515.5820584040295,516.098369994748,99.99188216332807
870.0,515.4846411052108,516.0702889411739,100.17850016338564
871.0,515.8435543921661,516.0421554790446,99.51546935884033
872.0,515.2681613213256,516.0142082180664,100.72320808135719
873.0,515.4930610958551,515.9859217837968,100.07841265276994
874.0,515.4588152613111,515.9578164295768,101.12041587145194
875.0,515.9015958743828,515.9294184461196,101.21284624912646
876.0,516.0465120252454,515.9009945051313,101.34192469304706
877.0,516.5972480509953,515.8725343146134,100.9334773268428
878.0,515.9443549334736,515.8441888297307,99.66740671688144
879.0,516.199030972902,515.8161988996777,99.89153090265967
880.0,515.800938572972,515.7881460280826,101.40190008415588
881.0,515.8061997241484,515.7596689944755,98.22262583487347
882.0,516.0258023497516,515.7320848070536,99.5631834509132
883.0,516.0887338882486,515.7041241463678,99.63371627879587
884.0,515.8533808363625,515.6761436777128,101.39195561459009
885.0,515.7126063084992,515.6476694368445,100.76122065940145
886.0,515.2981427623828,515.6193723273759,100.45267704546787
887.0,515.6439575048049,515.591161867239,100.22398532488351
888.0,515.343533599511,515.5630156313603,98.46150548646968
889.0,515.8724882901673,515.5353643585695,99.99264523245132
890.0,515.3701468612483,515.5072830907,98.72084114757749
891.0,515.012023149466,515.4795589878111,98.25311700014386
892.0,515.7614543657398,515.4519662374535,98.79799594952173
893.0,515.9234489983407,515.4242204669245,102.440685658158
894.0,515.7151728525157,515.395451707702,99.38804367463058
895.0,515.6258318552515,515.3675402321035,99.95852692224757
896.0,515.4614842440998,515.3394685457928,99.04927475932578
897.0,515.7411271385225,515.3116522077978,101.34221568921542
898.0,515.3389350087958,515.2831919355585,100.7424708959006
899.0,516.0255058689974,515.2549000916486,100.11898804470103
900.0,515.3826263180594,515.226783342506,99.77142590102257
901.0,515.6327583933161,515.1987642003987,99.30274133204347
902.0,514.7882145834177,515.1708766805414,101.26077633511372
903.0,515.1672987415998,515.1424392791872,100.90080575934283
904.0,514.8008837046895,515.1141029695698,98.72357082491189
905.0,515.6398063371882,515.0863781000965,99.03864183111463
906.0,516.0563686520153,515.0585647481823,100.79628405904512
907.0,514.959752625424,515.0302577917423,99.04953850838852
908.0,515.4809518932435,515.002441379678,101.04894344634933
909.0,514.7659048756639,514.9740634680601,101.29823620800326
910.0,515.0553789611797,514.945615546725,98.47381858640263
911.0,515.0025209937633,514.9179608160052,98.40585606197268
912.0,514.2644581171562,514.8903251714279,101.19019495169634
913.0,514.6751678330517,514.8619075916789,98.35798914897363
914.0,515.0304274801763,514.8342853897263,100.97790704991141
915.0,514.5677225073839,514.8059274274965,98.54410140903106
916.0,514.2257114990973,514.7782529590174,99.73524378035934
917.0,514.83296596523,514.7502439780558,100.01712010297418
918.0,514.4073944523477,514.7221558368269,99.71801646293837
919.0,514.1224463308112,514.6941516938701,100.48674708245527
920.0,514.2875033932199,514.6659316657313,99.71429714696491
921.0,514.9710208500383,514.6379285672824,101.04341444034145
922.0,514.538200035118,514.6095522083938,101.35859180874266
923.0,514.3899542644839,514.581087337194,99.76109347582836
924.0,514.9309908295744,514.5530710967763,99.99327816465004
925.0,515.0733388288708,514.5249896511584,100.15445431837868
926.0,514.9825784227862,514.496862941904,99.29627437295514
927.0,513.9579046020971,514.4689772381843,101.54223606161825
928.0,514.2083735583266,514.4404607935569,99.39197076186765
929.0,514.3517171576527,514.4125482151014,100.19061737272641
930.0,514.4421307970954,514.3844113500559,101.68241465942963
931.0,515.0864356840685,514.3558555386056,98.46956276935234
932.0,513.2035923884363,514.3282020030613,98.76661895013274
933.0,513.8344941140579,514.3004650442394,99.16140006414253
934.0,514.1481272207129,514.2726172177214,99.96422111565421
935.0,513.6400243197802,514.2445439322914,98.8809002280221
936.0,514.2127783367575,514.2167748794774,99.32268612144216
937.0,514.2364289402086,514.1888817584584,99.72237453351613
938.0,513.9383409885658,514.1608763916101,99.79174867705498
939.0,514.4118476877137,514.1328515421899,99.34018549942829
940.0,514.1229195884177,514.1049535067623,98.35009581172969
941.0,514.1045924900217,514.0773335215217,99.36596047827081
942.0,514.1171393675081,514.0494282476208,100.38645108520042
943.0,514.5771959817837,514.0212363859409,98.2799079663042
944.0,514.3887239505337,513.993636111787,100.11160542332199
945.0,514.2180687689344,513.9655214359307,99.7093210219305
946.0,513.7217151424622,513.9375197349437,98.26635089265154
947.0,513.6636972393189,513.909923268068,98.7270104439885
948.0,514.3820806982934,513.882197432635,99.0181227537599
949.0,513.3216279801716,513.8543898431617,98.56743528645983
950.0,513.7397036858558,513.8267088217522,100.44114644176801
951.0,514.2391306516811,513.7985015997931,98.49295633328728
952.0,513.4788346637698,513.7708414945562,99.13801427473607
953.0,513.7100927025591,513.7430002355472,102.15053606527863
954.0,513.6481109850744,513.7143129600023,98.28585412363853
955.0,513.6665808747497,513.6867110159692,99.7900790818773
956.0,513.2225734564842,513.6586866354271,99.60395688050023
957.0,513.4115347239555,513.6307145242031,98.59438635480723
958.0,514.0345910199042,513.6030259340353,100.58522823065628
959.0,513.2968718107909,513.5747782491071,99.336823362707
960.0,512.7989480181873,513.5468811578794,101.28290592942585
961.0,513.3748862339477,513.5184375417975,100.16681623370268
962.0,513.5341549318465,513.4903073609053,100.80895182317506
963.0,513.4526786872241,513.4619968469349,100.14775119382215
964.0,513.6942766832774,513.4338720201413,99.45030412436309
965.0,512.8398800770366,513.4059430597331,100.66965639119749
966.0,513.6740090450554,513.3776716645632,99.99223232510893
967.0,512.978117828368,513.349590512652,100.1463625846613
968.0,513.7398940572057,513.321466075826,100.72185325926782
969.0,514.23540810714,513.2931800220357,97.95339770330921
970.0,513.2476817584821,513.2656714428474,100.21667808815596
971.0,513.7541686507564,513.2375272590843,98.89985184366388
972.0,513.8828047089121,513.2097528840247,97.53203834495606
973.0,513.0186381731581,513.1823626365897,100.73567046403292
974.0,512.8773557589457,513.1540727024676,101.12154501752973
975.0,513.8638368815928,513.1256744019086,100.11236066345965
976.0,512.700622698699,513.0975595139555,97.8729744880395
977.0,512.675577620566,513.0700735202868,100.0690325735709
978.0,512.9602552275534,513.0419708003058,99.24905460535906
979.0,513.1797530531883,513.0140983574707,101.40746736456788
980.0,513.005759423942,512.9856197603858,99.81873162194202
981.0,511.999708602712,512.9575873332553,99.90018656926095
982.0,513.1582702024531,512.9295320308605,100.14705131240315
983.0,512.6364496176743,512.901407400617,100.35967677152524
984.0,512.8951549208266,512.873223058057,99.57193600018967
985.0,514.1598150727091,512.8452599393636,100.59288324226773
986.0,513.7096169088416,512.817010104653,100.20508329909302
987.0,512.917224309944,512.7888691770931,101.99436219590945
988.0,513.1518887748528,512.7602257603764,98.42427599241026
989.0,512.734136354142,512.7325849428687,98.1345957893057
990.0,512.1323446774945,512.7050254772178,102.03841704686997
991.0,512.8248127851174,512.6763696884304,99.95033790408729
992.0,512.7807331512923,512.6483003018691,100.38745063882958
993.0,512.4300471470124,512.6201081594813,98.76488355408668
994.0,512.4151081870045,512.5923716880166,99.29642042107588
995.0,512.5393780686219,512.5644859432816,101.42052064970602
996.0,512.6399775771755,512.5360036803992,100.62357111990306
997.0,513.2099352623339,512.5077452275098,101.16873592727649
998.0,512.1968940847229,512.4793336741701,99.90851165818472
999.0,512.2426008171559,512.4512760338127,100.725487146004
1000.0,512.4246755878687,512.4229889595059,100.28134500995735
1001.0,512.8355772398673,512.3948266151156,99.44611467827113
1002.0,512.269022016129,512.3668988312435,99.46140758194844
1003.0,511.7197934725778,512.3389667526142,99.09442073298965
1004.0,512.7771414347023,512.311137736125,101.08318756826858
1005.0,512.3347132764566,512.2827502076163,98.71071455793577
1006.0,512.4281692343735,512.2550289486112,98.90044709085466
1007.0,511.43881018846065,512.2272544063866,99.66653836772967
1008.0,512.5888122550022,512.199264720195,99.41843516294044
1009.0,512.945288178416,512.1713447096533,101.17759799402324
1010.0,512.7333929732874,512.14293066755,100.58955712333798
1011.0,512.1563175021661,512.1146817669246,97.9496573519796
1012.0,512.1160546882579,512.0871742381516,101.4463659063296
1013.0,512.3241998002,512.0586847170596,99.47273198683811
1014.0,511.92843703256773,512.0307494581599,100.12014927968787
1015.0,512.2119007086914,512.0026323829038,99.0508923626899
1016.0,512.4585350965142,511.974815590632,99.9308674723265
1017.0,511.79588779890895,511.94675167201683,99.58375161082614
1018.0,511.2032630607679,511.91878523510616,100.1249729636576
1019.0,512.08102997473,511.89066680519886,100.86269718637641
1020.0,511.743339473062,511.862341197739,100.41018454437186
1021.0,511.44303390849245,511.8341426709128,100.49233570704912
1022.0,512.551112207742,511.80592107330176,100.24158994595255
1023.0,511.432985081999,511.7777698934586,98.60218927848614
1024.0,512.0080212989845,511.7500791119695,100.0513340950748
1025.0,511.81598497340286,511.72198136231117,98.79275584349496
1026.0,511.9046453018587,511.69423706337847,100.09306137971076
1027.0,511.2287377482402,511.6661275953076,97.93447404216445
1028.0,511.90430778717695,511.6386243305142,100.06902691886
1029.0,511.5548412230023,511.6105216121211,99.97563040840281
1030.0,511.7684013776382,511.5824451225814,101.07273676679384
1031.0,511.0957642129536,511.5540605290061,100.40462453980852
1032.0,511.86378922643047,511.5258635636145,99.71868619691486
1033.0,511.1583248451432,511.49785923257417,101.28134921507593
1034.0,510.84530294907887,511.46941605366965,102.1517983694717
1035.0,511.12058780451815,511.4407284236275,100.65501195863153
1036.0,510.9461209545217,511.4124611411025,99.31412775876616
1037.0,510.85080759675185,511.38457042355685,100.48676242512282
1038.0,511.1914434122984,511.3563503911092,100.49614870935754
1039.0,511.76843227305454,511.32812772267994,100.58910720064276
1040.0,511.12999198879436,511.29987894840775,101.8019131773648
1041.0,512.5319539844595,511.27128957779047,98.790402578859
1042.0,511.91719390582284,511.2435459397329,99.93522194719723
1043.0,511.2062006318933,511.21548079823606,99.91297040717572
1044.0,511.7081261629136,511.1874219057134,99.10503987139109
1045.0,511.5709632831175,511.15958990701614,101.38723769406167
1046.0,511.3076080829969,511.13111699109703,100.12748272542349
1047.0,511.2668851019278,511.102997856365,100.56417640058106
1048.0,510.89100816766006,511.0747560834925,99.49966349825674
1049.0,512.0083388704185,511.04681326132675,99.74299072932934
1050.0,511.55336887956736,511.0188021047636,98.48023215789758
1051.0,511.0294895640116,510.99114557289926,99.57792143202123
1052.0,511.0612066680525,510.96318077329715,99.64426624293802
1053.0,510.1729793455272,510.93519734186054,101.04063334607518
1054.0,510.86167208682525,510.9068217639959,99.47832674958684
1055.0,509.92901585537487,510.87888493390034,100.08030955697453
1056.0,510.25063204678,510.8507790469664,99.18231416340885
1057.0,510.35377613187165,510.8229253470722,99.23394547640696
1058.0,510.8495633739715,510.7950571473843,99.76678226907892
1059.0,510.31633267215517,510.76703930936367,100.1864646673327
1060.0,511.0338961485403,510.7389036105363,100.76708214763025
1061.0,510.8783059684519,510.7106048549665,99.1906989186812
1062.0,510.94684508928424,510.6827488003535,100.84340765723316
1063.0,510.6414866081039,510.6544286100364,99.75524015608256
1064.0,511.5348742411618,510.6264140134259,101.31940806440507
1065.0,510.47126114115946,510.59796014632786,98.95313124059196
1066.0,510.2947162552035,510.5701708086378,100.89394471213119
1067.0,510.16832058688783,510.5418364258311,99.8951342323472
1068.0,511.0337546713135,510.5137825423009,101.247515389903
1069.0,510.21521617846827,510.4853488650622,100.33006542430346
1070.0,510.5088398134078,510.4571728383556,99.99561383683185
1071.0,511.1584239482938,510.42909073680306,101.40748838752417
1072.0,510.4501354393226,510.4006121338142,99.37664393458479
1073.0,510.305513036668,510.37270385964257,101.21528470498951
1074.0,509.69205178718175,510.34427923385454,101.76586915152652
1075.0,510.48054035819047,510.31569998560116,102.62147752309727
1076.0,509.70556727990055,510.2868804539968,99.35246465907392
1077.0,510.37156529098536,510.2589789701717,100.24738979640458
1078.0,511.24734379427775,510.23082616153727,99.68648115261229
1079.0,509.29954264952937,510.2028308747469,101.01076584562459
1080.0,510.00857904059365,510.1744636846719,100.24326861155173
1081.0,509.7932826794706,510.14631203340343,100.00372859773245
1082.0,510.0985044284961,510.11822765295557,99.51825213018923
1083.0,509.93269622362834,510.0902796104824,100.1972171294663
1084.0,510.52522464647143,510.0621408920052,100.40531370505353
1085.0,510.64499683457666,510.03394373307304,99.20946704566882
1086.0,509.12704025005524,510.0060824077443,98.81292878913438
1087.0,510.2950190307421,509.97833244357605,100.4384166311698
1088.0,509.79811925398104,509.9501259882388,99.1987021483415
1089.0,509.4896735805659,509.9222676860521,100.89625814244232
1090.0,509.4548438467458,509.89393265355716,100.90035372976114
1091.0,509.05934168811575,509.8655964708847,100.6869891033291
1092.0,509.7350374370448,509.8373202081115,100.20311884417492
1093.0,509.85344333028553,509.8091798322361,101.44731629575718
1094.0,509.86608087116196,509.78069004424304,99.72066648355415
1095.0,510.41991592439626,509.7526851570723,99.76532229742517
1096.0,509.0542417587016,509.7246677290604,100.14836289501898
1097.0,509.4140185916046,509.6965427304807,100.38094486379714
1098.0,510.1149705965646,509.66835241513144,101.83474690688857
1099.0,508.9159568079811,509.6397538237085,99.4753995724983
1100.0,509.74585998891536,509.6118178156619,99.98976478240932
1101.0,509.29890875201255,509.58373735671876,101.05796616461807
1102.0,509.29696767429164,509.5553569112209,99.20204940743477
1103.0,509.264302133211,509.5274976690123,99.9301558536794
1104.0,509.9437466652256,509.4994339502434,100.31951997718582
1105.0,509.511760122267,509.4712608850498,99.8549103870819
1106.0,509.69254209840267,509.4432182977161,98.86111342071173
1107.0,509.4539972779337,509.4154548016971,98.66918581844229
1108.0,509.1416422994988,509.38774520534645,100.93591337423479
1109.0,509.2798553987233,509.3593990363405,99.7514696562227
1110.0,509.1892934394781,509.331385498612,98.7947393787046
1111.0,509.71582976578713,509.3036406426365,99.94678602655321
1112.0,509.0783118120136,509.27557225356077,100.42184530623874
1113.0,509.46570834919265,509.24737045200385,100.19193484743244
1114.0,509.3500121571472,509.21923321696755,102.45884630432514
1115.0,508.84081128740075,509.19045935763046,99.58296298180397
1116.0,510.05418787479636,509.16249314219306,100.87610049913509
1117.0,507.7768502203777,509.1341637706362,99.7901918337126
1118.0,508.6235222902771,509.1061393584296,100.40870754293492
1119.0,508.6950934299352,509.0779412463946,99.33335010719252
1120.0,509.19897355125516,509.0500451305728,100.55759656703815
1121.0,508.46203141759406,509.02180520553696,100.38145984445916
1122.0,509.29468143036434,508.9936147455639,100.95281545105658
1123.0,508.85382266339286,508.96526382989146,97.8461388287105
1124.0,509.68642531614324,508.9377853725704,101.60884806448095
1125.0,509.36432590412306,508.9092502210723,100.55052419481514
1126.0,508.6968380110534,508.88101228219426,100.61745557322497
1127.0,509.65516266713934,508.85275554675405,98.09694100047071
1128.0,507.96936465919623,508.82520665582314,100.2598262370739
1129.0,508.32842159970573,508.7970503546215,100.82536603298742
1130.0,508.9127231766299,508.7687352309939,100.41215757478724
1131.0,508.41622141886825,508.740536150075,100.23235259998668
1132.0,509.4519756597173,508.7123875643865,98.11878540559087
1133.0,508.1306509482689,508.68483253881845,99.2304951802397
1134.0,508.6906259275219,508.6569653080887,100.29263243579709
1135.0,508.8218841561706,508.6287997938129,100.0002737204097
1136.0,508.718324619859,508.60071638360984,100.40711853878206
1137.0,508.3893826039739,508.5725187178202,98.80932945581742
1138.0,508.34563540611157,508.54476976446466,101.76988724361165
1139.0,509.2457846716856,508.51618938779706,99.9328099675152
1140.0,508.336342041661,508.48812492366454,100.30072606104544
1141.0,508.79675486058636,508.459957136429,101.56940340712154
1142.0,508.90687953483445,508.43143306230553,99.13800992235551
1143.0,505.1459703154171,508.403591804519,100.65500693705592
1144.0,508.23001380867254,508.3753245234042,100.61328322724559
1145.0,508.6297615282974,508.3470689596979,100.2515510430635
1146.0,507.1885538424638,508.3189149824466,100.30590195307445
1147.0,508.35647332505505,508.29074574164815,100.02963185333299
1148.0,508.2361046181122,508.2626540867027,100.78295358592631
1149.0,509.05888388070775,508.2343508739039,101.52477118669974
1150.0,508.0401112951589,508.20583933399564,98.58216333209072
1151.0,508.47206087550575,508.1781541764599,101.57132693141706
1152.0,508.34980916489826,508.14962956214663,100.69812267423202
1153.0,508.78275230053964,508.12135017269566,101.3240929440169
1154.0,508.62610968638785,508.09289498992723,98.8128335728713
1155.0,508.2973661842791,508.0651450524988,100.71500378809401
1156.0,507.66619197259575,508.0368609222684,98.70850385311742
1157.0,508.34794444150657,508.00914028410295,99.17295885060463
1158.0,508.50293291095073,507.98128921149237,100.4510505104224
1159.0,507.92096306425793,507.9530792081407,101.15679297259337
1160.0,508.23764232404403,507.92467100878093,100.35149274998057
1161.0,507.8430021010924,507.89648896456697,99.11987281920925
1162.0,507.9720923040606,507.8686528002836,98.7885295545789
1163.0,508.27528171029365,507.84090968823364,100.4224685690083
1164.0,508.50157501688034,507.8127077116439,101.28800083980308
1165.0,507.89309651754286,507.78426266474133,101.27111660340994
1166.0,508.1236784082743,507.7558223594952,100.50444836357694
1167.0,507.7849044743157,507.7275973602464,100.0366950203294
1168.0,508.1179049808508,507.69950372172826,99.14137218712663
1169.0,507.77927882481447,507.67166151970565,100.1052326109234
1170.0,507.5897831304343,507.6435486335474,99.13553134697638
1171.0,507.80536349936307,507.6157080718275,98.51400833900486
1172.0,507.54617546988374,507.58804205448564,99.65312378796298
1173.0,507.81876938779845,507.5600561355552,100.66977264993463
1174.0,507.18470183827804,507.53178470773594,100.65993543662114
1175.0,506.80070578578875,507.50351604253416,99.1836754742888
1176.0,506.6135767542955,507.4756619603385,97.98862623639555
1177.0,507.47284187218077,507.44814348780375,100.59999807671178
1178.0,507.10984787195156,507.41989165501053,98.5016273723594
1179.0,507.42836873205357,507.39222911465686,99.58562389241013
1180.0,507.1604058462929,507.364262151947,99.72827103249985
1181.0,507.28091185457276,507.3362551291654,101.43356401883786
1182.0,507.106306472069,507.30776920327014,98.97018241953704
1183.0,507.3260099207414,507.27997507704066,101.14959185396854
1184.0,507.3610713346192,507.251568899995,99.81420618069765
1185.0,507.0820636120889,507.2235377437592,99.97484885198465
1186.0,507.2650285854864,507.19546147370664,100.50822077734621
1187.0,507.71437512805466,507.1672354150383,100.4882946802006
1188.0,507.2669645618392,507.1390149522823,99.0238475587975
1189.0,506.675058959668,507.1112057550929,100.96515958112121
1190.0,507.0148665440595,507.08285137277716,99.00643717140561
1191.0,506.90028204319583,507.0550470650049,101.33132368756146
1192.0,506.6156826171317,507.02658985160264,101.37162802521294
1193.0,506.8963994569199,506.9981213193989,98.83286841380526
1194.0,507.75281785508673,506.97036575551937,98.78209716984585
1195.0,506.7725712572043,506.9426244498975,100.3752532692631
1196.0,506.85909910613856,506.9144357329377,99.61149961605344
1197.0,507.2783824122037,506.88646150346216,98.68244128357286
1198.0,506.67377886809095,506.85874818453505,100.34456436850425
1199.0,506.75516434400566,506.8305680860416,100.83818051246219
1200.0,507.32778382914086,506.80224936368097,99.19423737081753
1201.0,506.8735341280774,506.77439231535266,99.81457351175132
1202.0,506.9085571625063,506.74636105595806,100.82186944499595
1203.0,506.43811612213096,506.718046914289,100.5939749414596
1204.0,506.8233883914094,506.6897967729929,100.09952329790192
1205.0,507.4967903523297,506.6616854902001,100.72510856098855
1206.0,506.70144243969713,506.63339852221253,99.92109673758742
1207.0,506.5718140008513,506.6053373475454,100.11458084975487
1208.0,506.7143968890117,506.5772218360901,99.65636533588757
1209.0,506.6120465377229,506.5492350068249,98.94318099553806
1210.0,506.0522242993894,506.52144846349535,99.38852991204745
1211.0,506.78571728083455,506.4935368513451,99.86054675192256
1212.0,506.0707945446002,506.4654926811322,101.72532170227214
1213.0,506.86505590883024,506.4369248199542,97.96417112249055
1214.0,506.9996103392803,506.4094132152306,99.99069126346352
1215.0,505.9921773655417,506.38133249610075,100.34030094451293
1216.0,506.35147504672256,506.35315359491887,99.67543261298022
1217.0,506.1604477636507,506.3251614109267,99.23129569708763
1218.0,506.48764192235245,506.29729395538516,98.73911242534419
1219.0,506.55498326822436,506.2695647213123,102.26650113809545
1220.0,507.11990369962365,506.2408448789094,101.41605718522499
1221.0,506.0689732704129,506.21236386951654,98.75455878946885
1222.0,505.8697739100093,506.1846302975899,96.54470445005555
1223.0,506.38447112334745,506.15751732642343,99.563645830179
1224.0,506.0746887980141,506.12955653588614,99.88154549331837
1225.0,504.96066731810316,506.1015064685268,100.72650739439823
1226.0,507.3990468276904,506.07321910770014,100.50063386166386
1227.0,506.52061564590343,506.0449951796907,100.08646965766786
1228.0,506.6475075890483,506.01688756279515,102.13379577026684
1229.0,506.01080818592504,505.988204988483,98.17398107192126
1230.0,505.76777030646775,505.96063446213196,100.93570205757584
1231.0,506.1079777334763,505.93228835247083,100.63979451860853
1232.0,505.5828794682493,505.90402534351017,98.78899799797692
1233.0,506.41716500351,505.8762820999057,100.65609922333702
1234.0,505.59057181614077,505.84801451204055,99.2043174749395
1235.0,505.31470335880266,505.820154632883,101.61477880353414
1236.0,505.93447336360634,505.7916178158356,100.41209612427593
1237.0,506.2114089635686,505.76341875217406,99.86816016707505
1238.0,505.63431729003133,505.7353724438605,100.39721276931776
1239.0,505.9322096852698,505.7071775599411,98.92968699456442
1240.0,505.18281164991237,505.6793948061768,101.29862513209872
1241.0,506.1849549752445,505.6509467756189,98.09548621217958
1242.0,505.6630480166598,505.62339829324094,99.53759051129596
1243.0,504.9194017466011,505.59544481990565,100.0134988370313
1244.0,506.0140693427847,505.567357695649,101.10778561561143
1245.0,505.31905775217143,505.53896325918856,101.69464667868996
1246.0,504.76550741505105,505.5104040125796,101.69080720602803
1247.0,505.6350647819395,505.4818458442226,98.22545368864864
1248.0,505.2166159197584,505.45426086264507,99.82888581038328
1249.0,505.76318912740595,505.42622558387995,101.63605181932661
1250.0,505.78533917714356,505.3976827926607,101.36398970464576
1251.0,505.26170979392174,505.369216405552,101.19043490319362
1252.0,505.6044960241394,505.34079875841667,98.87014103634218
1253.0,505.0426080638578,505.31303272714234,100.52817981279578
1254.0,504.32877918708476,505.28480106331153,98.7739530471325
1255.0,505.5592089907147,505.25706204483083,101.67721228052935
1256.0,504.7722638832497,505.228507694382,100.59792424018627
1257.0,504.293000432306,505.20025644399124,100.18679825131704
1258.0,505.0565192783583,505.1721206514823,99.95977583637871
1259.0,504.11416927651527,505.14404861443495,97.64668264784368
1260.0,506.0368187725328,505.116626171058,100.14422700729592
1261.0,505.62407975152416,505.08850233397345,100.31249074934699
1262.0,504.6028734851709,505.06033124282135,100.94766414448509
1263.0,505.2901353726521,505.03198177380744,99.78799876283318
1264.0,505.2210976341496,505.0039579774882,100.57731420777945
1265.0,504.5327945500884,504.97571251508157,101.07223600865268
1266.0,505.39349186192334,504.94732806213574,99.7506771143612
1267.0,505.14347779432325,504.91931474697947,96.87232799794747
1268.0,505.55249293946696,504.89210976820004,100.84907415665191
1269.0,504.3281143337423,504.863787986541,100.30936702602695
1270.0,504.3209244858717,504.8356177726346,99.68640429590504
1271.0,505.4733922726045,504.80762250742816,101.77524593964789
1272.0,504.4492812623676,504.7790406258601,99.04724225928187
1273.0,505.2069894730018,504.75122485865893,100.18741808257892
1274.0,504.81337228622573,504.72308889208074,99.42405709491062
1275.0,504.7192161533651,504.69516730271323,98.44664082999941
1276.0,504.36093527417273,504.6675202044135,100.9365605520727
1277.0,504.29499336163866,504.63917385365846,99.6964113681104
1278.0,505.0037977596838,504.6111757781326,99.82124048456555
1279.0,504.703947659388,504.5831426464298,101.69874747669951
1280.0,504.7842646576202,504.5545822481801,100.23530113767468
1281.0,505.15392661616136,504.526432834444,100.37085279714826
1282.0,504.2814997228321,504.49824535328344,99.83148614886322
1283.0,504.86048945640295,504.4702093442566,98.06936369052193
1284.0,503.7612311773912,504.44266819795354,99.33291037019964
1285.0,504.2823555703927,504.41477220562456,100.33853266165957
1286.0,504.39866177690897,504.3865938010354,97.53697044254629
1287.0,505.37924126928766,504.3592021685028,101.73425695006333
1288.0,504.4424159570042,504.33063179800934,99.97724399835809
1289.0,504.5364830750642,504.30255485531984,99.27056264929703
1290.0,504.30827624770797,504.2746763723091,100.47331393100659
1291.0,503.9958046588949,504.2464601166468,98.80230985575336
1292.0,503.9136088039815,504.21871313462896,99.15832477550622
1293.0,504.00947913301934,504.1908661717546,100.5484215831086
1294.0,503.7128992153563,504.16262882335997,101.54255810538056
1295.0,504.5676995138581,504.13411228829204,97.19179703940304
1296.0,504.5650709090156,504.10681759195677,100.54556310601336
1297.0,503.6724099621946,504.0785810463178,99.24840574763671
1298.0,503.7147293461487,504.05070878570376,99.0592985910146
1299.0,503.9974760815808,504.0228896326828,100.38085105424922
1300.0,504.00456816301266,503.99469934367835,98.79820260046016
1301.0,503.50003482074453,503.9669535151147,99.88857732198764
1302.0,504.1513885952133,503.93890147298345,98.2256922014585
1303.0,504.593886110375,503.91131642442355,99.62829606505264
1304.0,503.5606476336773,503.88333747794525,100.42461355658592
1305.0,503.2568064588655,503.85513489897147,100.12123337254553
1306.0,504.3379364029475,503.82701751926606,100.56053890640878
1307.0,504.30621377412973,503.79877676792313,99.48146038978558
1308.0,503.4085314522468,503.770839057797,98.84997343180594
1309.0,503.061739361257,503.74307869025824,100.73701734944387
1310.0,503.3385486990359,503.71478837788595,98.55964570910768
1311.0,503.6191844170497,503.68710954404935,100.51147950242276
1312.0,508.0760342433697,503.6588825702224,100.93509414719979
1313.0,502.67395823413995,503.63053663128267,99.83283167766001
1314.0,502.9060674957242,503.60250024438653,101.43142202259291
1315.0,503.31289230648423,503.5740149200352,99.02220733258805
1316.0,503.5342387724219,503.546206183476,98.19751482961406
1317.0,503.54356112790504,503.51862904806137,100.10973803159177
1318.0,503.46414032831973,503.49051489663077,98.86041268182029
1319.0,503.35341775213755,503.46275159740264,98.87681447488806
1320.0,502.6827906037584,503.43498369200427,99.18712165814684
1321.0,504.26504673923404,503.40712864200526,99.87840972512637
1322.0,503.09758625290107,503.37907945527417,100.90227674992263
1323.0,503.90970643654356,503.35074273255356,99.48084039152081
1324.0,503.6156984327707,503.3228051965436,99.71962432606436
1325.0,503.1645818212044,503.2948006020453,99.07342784651483
1326.0,503.269032262849,503.26697748105846,98.54665574345286
1327.0,503.6366297093637,503.23930229523717,101.45975627701613
1328.0,503.7307291041297,503.2108090136827,100.25807629791026
1329.0,502.8352978396333,503.18265320392237,100.53728847605518
1330.0,503.2818585411478,503.15441898207536,98.87235437044133
1331.0,502.58319188297565,503.126652329223,99.61778127382213
1332.0,503.226864419123,503.0986763356486,101.05366318904971
1333.0,503.50181848880686,503.07029709856965,100.92857885400812
1334.0,503.46643994879236,503.0419529893415,99.39237896947918
1335.0,503.5618721493374,503.0140402962476,99.16520464137804
1336.0,502.90761844036837,502.98619140127744,100.25306959174254
1337.0,502.9911797602643,502.9580369975671,100.30039729767783
1338.0,502.7501360106269,502.9298693026593,100.11431774831847
1339.0,502.9531423112881,502.9017538650917,100.3626381698861
1340.0,502.7956982565437,502.87356869087233,100.94665908886962
1341.0,502.72461423878707,502.8452195041115,99.33981516783538
1342.0,502.5706898984015,502.8173215726852,98.93119897015477
1343.0,502.4016551109748,502.7895383943078,100.33987644603428
1344.0,502.13899187806135,502.76135961233916,100.90387407603197
1345.0,502.45207827858815,502.73302244103616,100.93614031775034
1346.0,503.5594069507932,502.7046762082969,100.26922190698433
1347.0,503.5260190870622,502.67651726847805,100.0477280358588
1348.0,503.51271967390926,502.6484205315213,99.90683945485256
1349.0,502.4072967923662,502.62036336077443,99.35441168513324
1350.0,502.5575126249683,502.59246133015944,101.49967778422389
1351.0,502.540145228503,502.56395683731506,100.61871527839773
1352.0,502.63720294194,502.53569974810773,98.1002311773623
1353.0,502.39305940381956,502.50814993318545,98.40660890150991
1354.0,503.09998882698136,502.48051407718555,100.60947618186277
1355.0,501.6379469791588,502.4522595826245,98.36219040581825
1356.0,502.254908480909,502.4246362008189,98.25389065573408
1357.0,502.51802387116857,502.3970432331931,101.71585461808071
1358.0,502.6516509606803,502.3684780306878,99.27838630917151
1359.0,503.62274050364437,502.3405973505326,98.72126308716152
1360.0,502.2477619215071,502.31287312914907,98.84320391705124
1361.0,502.54471998358997,502.2851146627156,99.09893723531403
1362.0,501.3845271038329,502.25728437784204,99.47874168759539
1363.0,502.5804073092089,502.2293474312181,100.43313353357065
1364.0,502.16414445093494,502.2011424595508,100.48177576453733
1365.0,502.1782257020612,502.17292382752356,99.70015032266122
1366.0,502.4710188082181,502.1449247019746,101.1238809430782
1367.0,501.69741563006505,502.1165257454098,100.40758857350865
1368.0,502.74845686491614,502.0883279476187,99.43104158510278
1369.0,501.7315062490648,502.06040439677355,99.94712237764034
1370.0,502.10771109865686,502.0323359132392,98.87460300335172
1371.0,502.31618933885863,502.00456862889575,99.44661215033446
1372.0,502.27255930583834,501.97664070531687,97.88759913730019
1373.0,501.2333816664614,501.9491506045591,100.93968713837606
1374.0,501.5585040111465,501.9208033757545,99.94764531790702
1375.0,502.4413014579405,501.892734745361,99.91912600069473
1376.0,501.91021484219715,501.8646741241425,101.8020836630266
1377.0,501.94367591309435,501.83608470564707,99.53845120072035
1378.0,501.6767310920726,501.80813099060157,99.81296320780059
1379.0,502.9141402413938,501.78010018343406,100.30806105789604
1380.0,501.20357175808954,501.75193033628693,100.25257447869939
1381.0,501.78259703299244,501.7237760716209,99.71537132908861
1382.0,501.2954290151909,501.6957726715059,99.21683843545921
1383.0,501.2956849324026,501.6679092760453,98.19047638867248
1384.0,501.85637961979364,501.6403341172595,99.98817310636987
1385.0,501.8973963241194,501.6122541053121,101.13606358295617
1386.0,501.9527936220773,501.5838517274559,98.9955361025501
1387.0,501.79573734688535,501.55605048106713,98.12307842725947
1388.0,501.444449825066,501.52849424987545,101.61923395590425
1389.0,501.896061769968,501.4999561816728,99.05890143435822
1390.0,501.60586733041225,501.4721371401867,99.60791310835121
1391.0,501.0754121428836,501.4441639179221,99.84221272469215
1392.0,501.74648800687623,501.4161248965152,101.51276502749765
1393.0,501.6324937088319,501.3876167283367,101.55201745145463
1394.0,501.18070028016945,501.35909753676907,99.29171565027097
1395.0,501.3027735118075,501.3312131132906,101.14626855822887
1396.0,500.7333631412081,501.3028078695372,101.30083204932367
1397.0,501.51222630348366,501.27435921920335,99.18001056436921
1398.0,501.95035445609204,501.2465061662365,102.02381282625713
1399.0,501.8669999095998,501.21785447880114,100.60188417363777
1400.0,500.85945556389044,501.189602116329,101.05067275834065
1401.0,501.442302797048,501.1612237190627,100.16955176612738
1402.0,501.54313443423547,501.13309276994175,98.8366475778982
1403.0,500.8584628003404,501.10533614474696,101.48837541668807
1404.0,501.1205553243052,501.0768348259841,100.98597042387752
1405.0,501.18502833285277,501.04847459929005,100.90332831355484
1406.0,501.8210818932236,501.02013758125537,100.68185288956327
1407.0,500.6497815050521,500.99186276090217,100.49560846081805
1408.0,503.0711339482649,500.96364024419273,101.60884865476851
1409.0,500.38818461868965,500.93510509252894,100.13960745590103
1410.0,501.2546076818603,500.9069825527684,100.21821525392703
1411.0,501.3092597523004,500.8788379373179,99.10758787283606
1412.0,500.225814994936,500.851005223057,100.06422119013699
1413.0,500.82201138400615,500.8229038542727,99.00894435826318
1414.0,501.10138391224206,500.7950988423987,100.8787164420678
1415.0,500.6959695298757,500.76676873619795,98.88694746680683
1416.0,500.84264552410536,500.7389979851177,99.76645032457999
1417.0,500.82377787290574,500.7109802403182,99.99358176477229
1418.0,500.3998062517671,500.68289870943926,101.43513993417032
1419.0,500.1785736312532,500.65441234097443,100.3291719802913
1420.0,500.8624182635412,500.6262365651766,100.89050966065055
1421.0,500.78390793911984,500.5979031470469,99.33582277569883
1422.0,499.5351793173219,500.57000633681736,98.31464802545021
1423.0,500.4968861317525,500.5423963064969,99.8786154781949
1424.0,500.59325218801195,500.51434706198347,98.8724458786373
1425.0,500.8124057287032,500.4865803834325,102.10962489136637
1426.0,500.22360161776396,500.4579045971089,97.85292589790758
1427.0,500.44113572053044,500.43042423375255,101.83566470317447
1428.0,500.42172823505905,500.4018253845818,101.78192453498185
1429.0,499.9971717139124,500.37324162744153,101.45669270497206
1430.0,500.073834353607,500.3447492062402,99.96143843068108
1431.0,500.5165574314083,500.3166767022809,99.70961388758963
1432.0,500.17420887973174,500.2886749190475,100.05834946166446
1433.0,500.2649779785987,500.2605751992403,99.09861247971641
1434.0,500.1755627347891,500.232745005569,98.68903118507556
1435.0,500.2968838432551,500.2050298359778,100.59692225520082
1436.0,500.2937068723549,500.1767788669778,100.65481290064481
1437.0,499.53197821511714,500.14851164035485,98.83143471077753
1438.0,500.2476652679353,500.12075647910694,101.03050199721312
1439.0,500.7422529597949,500.0923837464627,98.92548148242915
1440.0,499.8930750285132,500.06460217374644,99.88568311898466
1441.0,500.2478299747732,500.0365509444038,100.26493177058211
1442.0,499.9506600309737,500.00839320939826,99.6775777078091
1443.0,500.1391416320227,499.980400422992,102.14844203998
1444.0,500.2487881041011,499.9517137355191,100.01688253863489
1445.0,500.2160848423938,499.92362566100616,100.32623584240247
1446.0,499.56196634338494,499.8954507097738,99.6164541090672
1447.0,499.9260057135482,499.8674750889114,100.38032274225704
1448.0,500.27258285026625,499.83928494827467,99.93845878877242
1449.0,499.55851391174764,499.81121889776483,98.7681076678992
1450.0,500.21632866016756,499.7834815208614,98.28330336722095
1451.0,499.8328678336879,499.7558802931658,98.05884563454065
1452.0,499.33778847288784,499.72834210068345,99.43174514148953
1453.0,499.1461193557501,499.70041835225624,99.20455139193497
1454.0,499.6197920201491,499.672558407407,100.87944595153135
1455.0,499.70801133171005,499.64422809633555,102.05893188407963
1456.0,499.5262048982273,499.61556654629817,99.62590188327194
1457.0,499.5471194452053,499.58758827218594,99.88471700696955
1458.0,500.0418668053184,499.55953731415974,100.63222465466175
1459.0,499.1782780682356,499.5312764310693,98.2605084831104
1460.0,499.10809551436654,499.50368160493696,99.70024956613376
1461.0,499.2635106812777,499.4756824515171,100.26365962322959
1462.0,499.24341509134854,499.4475250737729,100.40986512968183
1463.0,499.4530085110024,499.419326636649,100.68121795316146
1464.0,499.144857515583,499.39105199460715,99.34998753228683
1465.0,499.71007102283886,499.36315120644184,100.50251992406119
1466.0,499.26677339808043,499.3349267487631,101.90186108914355
1467.0,498.615172036707,499.3063093094406,99.91551032672848
1468.0,499.7358089561464,499.2782497036238,98.82585595614778
1469.0,499.03288036709256,499.2504961090762,99.7922092591987
1470.0,498.9620955789993,499.2224711303092,100.8665579977912
1471.0,498.92728850601,499.19414443860484,100.29926320939664
1472.0,498.67128773417613,499.16597706218687,100.5763097643235
1473.0,499.1450308581791,499.1377318818613,101.5251960321454
1474.0,498.6078743666886,499.1092202226423,100.23945717564916
1475.0,499.13447351150836,499.0810696417522,98.01364817815708
1476.0,499.4226462373445,499.0535441422221,99.1527048744832
1477.0,498.8587028920714,499.02569875760327,99.61736396111576
1478.0,498.91889507466067,498.99772288122415,99.23005351454503
1479.0,499.1241058678395,498.9698557745288,100.69755429996049
1480.0,499.2952848425126,498.94157654469626,100.30751047560625
1481.0,499.061414670534,498.913406852171,99.6667342319715
1482.0,499.47486577938577,498.88541711097423,99.74298732732855
1483.0,499.44680107664885,498.8574059553664,98.4053745549649
1484.0,499.8647879172112,498.8297704460123,101.27647380115188
1485.0,498.59884738275815,498.8013286362864,101.2313022415252
1486.0,498.15958520014783,498.77289951224026,98.8734661573528
1487.0,498.3785207241056,498.7451325471611,100.79556392205488
1488.0,498.8256084342223,498.71682579295964,100.87279180287449
1489.0,498.7832542348919,498.68849735059496,99.0476891218537
1490.0,498.5057404471497,498.6606814578999,100.02153476167803
1491.0,499.10296700373095,498.6325920768877,98.89948454751065
1492.0,497.8118768628386,498.60481780497724,100.20663163333421
1493.0,498.34916127582096,498.57667644259357,100.97674807215526
1494.0,497.96506194718233,498.54831880584334,98.84906395897784
1495.0,498.3153038191297,498.52055869371486,101.74554445093278
1496.0,498.5665170163064,498.4919851533149,100.45749969129848
1497.0,499.0997359457447,498.4637733388182,100.01644149563329
1498.0,498.38714162281536,498.43568538816487,100.38499955288093
1499.0,498.98881876187227,498.4074939341238,101.04697423883142
1500.0,498.9269650345721,498.379116575525,100.10996227543397
1501.0,498.142951155506,498.3510023611193,98.14279361575082
1502.0,499.31952005580115,498.3234405932456,101.5954029193224
1503.0,497.3701729600908,498.2949092175924,99.86025297953142
1504.0,497.98813402838056,498.26686512988067,100.90858806444402
1505.0,497.92269606827483,498.2385266347326,98.71462823795997
1506.0,497.4864671736219,498.2108042766357,99.91765266005153
1507.0,497.3200270895926,498.1827440691804,101.85119243676905
1508.0,497.8535921854136,498.1541408593044,101.11456221324147
1509.0,498.1156414192273,498.1257445197495,100.63911716013013
1510.0,498.30339442698875,498.0974817010137,99.89238255878921
1511.0,498.09675602053966,498.0694285902451,99.20703985754318
1512.0,497.60345834040044,498.0415679465518,99.09739747845639
1513.0,497.3664644019992,498.01373809409324,99.71942766964412
1514.0,498.2072548250209,497.9857335548227,98.48696473990896
1515.0,497.83893924404924,497.95807513222485,100.01749815231285
1516.0,497.66991611322254,497.9299868848271,100.70441461002477
1517.0,497.8059199330694,497.90170572839077,99.38353390202194
1518.0,497.2384231667128,497.87379551928666,99.55731558292062
1519.0,498.0090492015476,497.8458365064938,98.75908598442929
1520.0,497.82733094514003,497.8181016631798,98.94039394032714
1521.0,497.754442085563,497.79031590254823,99.74174802431632
1522.0,498.03885602025247,497.76230509497805,101.0653914967164
1523.0,497.4219028090741,497.7339225641994,100.64164440899289
1524.0,497.04394042283207,497.7056590357279,101.35633867566368
1525.0,498.0674272929226,497.67719479728316,99.41645763571871
1526.0,497.195410724069,497.6492753420971,99.12539450366776
1527.0,498.4736380232528,497.62143762714066,100.28448093117126
1528.0,497.79715949148834,497.59327440207915,98.50065266358665
1529.0,497.3048871433296,497.56561213545615,100.8956983615497
1530.0,498.28075352065736,497.5372772601663,100.34750449269126
1531.0,497.61213455169786,497.5090963359879,99.79982789856737
1532.0,498.2148612664639,497.48106921765304,99.16840000541552
1533.0,497.847303996339,497.4532194253182,98.26816129987206
1534.0,497.85707752085233,497.42562245001983,101.38702234342314
1535.0,496.64704698448276,497.39714959457837,99.75170254696775
1536.0,497.3039190592532,497.3691359914464,100.22268257776419
1537.0,497.6452888532872,497.3409901214225,99.73173236735367
1538.0,497.2429001614624,497.31298212658265,99.59391734027956
1539.0,497.1383941750098,497.2850128347963,101.78197880552081
1540.0,497.2459213849934,497.25642906241507,98.01174454691142
1541.0,497.51771442926406,497.22890409748817,98.68405436013622
1542.0,497.6103264917603,497.20119032555533,98.93028269920427
1543.0,496.6817336669313,497.1734074044973,100.04148380628536
1544.0,497.361869500901,497.1453124211284,99.80138725073625
1545.0,497.1892057235976,497.11728486487544,100.64792728599473
1546.0,497.70263280728045,497.08901957196264,101.40832526043062
1547.0,496.6859221590748,497.060540733952,99.26990748351933
1548.0,496.68280579028084,497.0326624349337,98.4335341725795
1549.0,496.2274811535794,497.00501901742024,100.13442434622323
1550.0,498.02483735339496,496.9768979332497,100.26320953057602
1551.0,496.07789547400307,496.9487406819065,101.20089312666262
1552.0,497.297073252376,496.92032009775346,99.14106415718823
1553.0,497.1982221833129,496.892477982236,100.06926148608228
1554.0,497.3492975036939,496.8643751979686,101.3798128560351
1555.0,496.9505386875836,496.8359043671916,101.09938074884089
1556.0,497.40627752119605,496.8075122910979,99.70290200683793
1557.0,496.96189954778566,496.77951239278434,101.24283477357555
1558.0,496.99129513780804,496.7510800300188,101.14261652060047
1559.0,496.6276254714789,496.72267581187924,99.74698693473368
1560.0,496.35447243969656,496.69466353304836,100.61021095098411
1561.0,496.4387554120365,496.66640883213967,100.81783098406838
1562.0,496.8763430669465,496.638095824605,101.04597318745878
1563.0,496.02190423410707,496.6097187471348,100.2876877180879
1564.0,496.3141371948641,496.58155462150063,99.90127146397231
1565.0,496.706348114108,496.5534990144312,100.16769556339001
1566.0,496.8271616378437,496.5253685865938,100.3602320483292
1567.0,496.6941659508313,496.4971840880936,99.25212922374338
1568.0,495.87136427104656,496.46931078180324,102.23926918770827
1569.0,497.20040744588573,496.4405985870397,99.20856792230798
1570.0,496.0996108605646,496.4127375142148,99.99576516668773
1571.0,496.8868942725773,496.38465537016384,100.74756959688348
1572.0,496.17984696310657,496.35636209436876,100.27731945103523
1573.0,496.68425232250945,496.32820088048953,100.77078540152883
1574.0,496.43347309925315,496.2999010849226,100.32685894489336
1575.0,496.7789717578986,496.27172595870223,100.13066796083372
1576.0,496.5873803986218,496.2436059294499,101.26707205416442
1577.0,496.15887506933785,496.215166760048,100.60471406325755
1578.0,495.79411041904376,496.1869136028486,100.61416558819188
1579.0,495.1413315012914,496.15865779134595,101.16005933303263
1580.0,496.14823778659144,496.13024867468323,100.48398943611254
1581.0,496.4934115229824,496.1020294209833,101.58978636348242
1582.0,496.31491955170367,496.07349962264624,101.08659598340361
1583.0,496.2231797550124,496.0451111369409,100.81030566049559
1584.0,495.88183489346875,496.0168002427679,99.15213960436327
1585.0,496.3318447270511,495.98895501689566,100.11711867181016
1586.0,495.98094046359665,495.96083879273533,99.2490501103203
1587.0,495.875259868469,495.93296635116263,99.70160369962602
1588.0,495.7623318194579,495.9049668174571,100.74683418210927
1589.0,495.51880466474375,495.8766737481909,98.66875939336461
1590.0,496.00002484543404,495.8489642715946,100.40292077559617
1591.0,495.50552135643454,495.8207677846768,99.09177108647444
1592.0,496.1198028235568,495.79293951229664,99.46277109040436
1593.0,495.73532912327767,495.76500705074875,101.21519095537059
1594.0,495.68191504451096,495.7365824512888,100.99371059288593
1595.0,495.50085842222217,495.7082200508973,101.26886731238359
1596.0,495.7235396966599,495.6797803773271,100.2272660083027
1597.0,495.36699413072256,495.6516332201231,100.82632568172598
1598.0,495.8264809122761,495.62331782699414,99.9133406108828
1599.0,496.244000277155,495.5952588305059,101.1341847143995
1600.0,495.51918150148657,495.5668569802986,101.29419829420173
1601.0,495.8766288016309,495.53841019294435,100.89745002889435
1602.0,495.9614693886823,495.5100748257279,99.10458874625097
1603.0,496.0025303094445,495.4822429537216,100.30708547619075
1604.0,495.6480049466072,495.45407338055037,99.10466361748308
1605.0,495.65745884859894,495.4262414875178,101.35133244916949
1606.0,495.09497697703245,495.3977786549883,102.49098636500896
1607.0,495.87488758498745,495.36899576965084,100.24647867800195
1608.0,494.9478092512053,495.34084321688874,99.4467928286343
1609.0,494.8522414663402,495.3129152425694,100.98252682643732
1610.0,495.92042982680425,495.28455598295227,98.9100077686011
1611.0,494.4794189100817,495.2567787557706,99.31124786738349
1612.0,495.1647355412234,495.22888884699455,100.00321143657938
1613.0,495.1073226019999,495.2008046117827,98.92383691848809
1614.0,494.19935170340005,495.17302350091484,100.0552646162099
1615.0,494.737340673025,495.1449246474351,98.19607468756915
1616.0,495.4519345158887,495.1173479164603,100.32913245384891
1617.0,494.4845241989385,495.0891721517629,100.84534145379851
1618.0,495.69206354762406,495.06085141837127,100.73454308705956
1619.0,495.299305611812,495.03256180085435,98.54328530786603
1620.0,495.13093037789787,495.0048875615637,101.54908615730524
1621.0,494.4017368861872,494.9763691932012,97.69929518585408
1622.0,495.0542889921901,494.9489319744698,99.46669133152241
1623.0,494.7972461416756,494.92099841198757,101.63948211986379
1624.0,495.5513570922954,494.8924546574255,101.20131982578772
1625.0,495.14617920793205,494.86403395344115,99.43161116540466
1626.0,494.9411123525632,494.8361102426389,99.35443501117867
1627.0,494.8784460854791,494.8082082054732,98.74845751250781
1628.0,494.59789101503145,494.78047634698845,99.49253068251122
1629.0,494.7449492085761,494.75253552795516,99.78885257031514
1630.0,494.4846901761268,494.7245114918583,101.22971753886064
1631.0,494.8815939718059,494.69608281284945,101.10020583916285
1632.0,494.6136315623595,494.66769050504297,100.01676462743063
1633.0,494.3284422171381,494.6396024636434,98.89214264113669
1634.0,494.67201753419556,494.611830253585,100.58469052571144
1635.0,494.3416704660755,494.5835827196624,100.36858010876067
1636.0,497.0059522646113,494.5553958767485,100.36779839732087
1637.0,495.026890425373,494.5272092533653,101.55399620274166
1638.0,494.22898826650976,494.49868950609834,100.34952742033543
1639.0,493.9345139541202,494.4705080138145,99.57531006661426
1640.0,494.61670980394354,494.44254394757075,99.27689741153303
1641.0,493.95610344103903,494.4146636855477,99.4873823644224
1642.0,494.28963351657353,494.3867243123337,101.38681355171616
1643.0,494.3852660334802,494.3582515155279,100.6314570164147
1644.0,494.243002026951,494.32999084801577,99.73835835795789
1645.0,494.38199675753816,494.3019809923769,100.82262859211016
1646.0,494.45856029385044,494.27366663751394,99.79374957303412
1647.0,494.73840088425425,494.24564122617556,100.58361014160802
1648.0,494.3178646632568,494.2173939956608,101.40348558670242
1649.0,494.5992357267273,494.18891651679183,101.06564217826335
1650.0,493.93718586756836,494.1605339156135,99.84200783202216
1651.0,494.0066465847185,494.1324949517473,98.65060557901268
1652.0,494.3660401498368,494.1047905733472,100.34536511765064
1653.0,493.8915764918543,494.0766102499766,101.0444803679569
1654.0,493.7820048457833,494.04823359174,100.68603972929635
1655.0,493.3722641039906,494.01995759558264,99.81818841577837
1656.0,493.57881632058684,493.99192532100255,99.41573944364725
1657.0,494.1047011461801,493.9640060675088,99.52304550147657
1658.0,493.5065881479109,493.9360566788971,98.67174377258756
1659.0,494.8127270870967,493.9083463641877,97.70959135814553
1660.0,494.05146578070446,493.88090625394796,100.47533683825547
1661.0,494.80391293719424,493.8526894301859,98.77606030424133
1662.0,493.5726035292662,493.8249498199171,98.71706704003775
1663.0,493.44609026599915,493.79722677692337,100.181175241129
1664.0,493.8826909808262,493.76909256354315,101.05352943969422
1665.0,494.25642982616296,493.7407133640255,101.66596281018492
1666.0,494.0390335423619,493.71216217280295,100.45790566072955
1667.0,493.64555311085087,493.68395024429657,101.49804717733242
1668.0,493.6721462315504,493.65544620938095,99.72242677258467
1669.0,493.5716864803673,493.6274408278623,99.16629627754631
1670.0,494.33497184046945,493.59959162632435,99.7554314569668
1671.0,493.21829417675116,493.5715769759902,100.62471006309347
1672.0,492.906407163392,493.5433182032475,101.1571607739492
1673.0,493.0684625289314,493.5149099005968,97.80661904325635
1674.0,493.130245185715,493.4874425417488,98.8647088599304
1675.0,493.6226677729454,493.4596780360107,100.71474133221678
1676.0,493.78242316467544,493.43139397948653,101.53622645061125
1677.0,493.769396810589,493.40287922255834,100.09273850563372
1678.0,493.7635420800869,493.3747698451613,99.51788739545894
1679.0,492.54858139449067,493.3468219051178,99.92747330520181
1680.0,495.97826449438793,493.31875893969783,98.4781308402652
1681.0,493.3132899964273,493.29110299795354,99.5442020255377
1682.0,492.7590609416801,493.26314766788477,99.84046813613723
1683.0,493.3031310508974,493.23510913641644,100.23625872918406
1684.0,493.3343738954018,493.2069594537567,100.17252619003143
1685.0,493.8888718765192,493.17882766931837,100.11047828347161
1686.0,493.09569327293923,493.1507133100004,98.96713397810262
1687.0,493.71229938581854,493.1229200398749,100.6964053367081
1688.0,493.17166967835516,493.0946411327095,99.86917668631598
1689.0,492.74634195960806,493.0665945389234,100.07696720991008
1690.0,492.75125050003595,493.03848959063197,98.59255179626186
1691.0,492.72643120255515,493.0108015156692,99.95667504109825
1692.0,493.1608452848197,492.9827303494285,100.23711260495986
1693.0,492.9858633093935,492.9545804269719,98.7368372362075
1694.0,493.13753538748864,492.9268518318481,102.50455188657094
1695.0,493.46808590932136,492.89806513685994,98.73582700538056
1696.0,493.4295851899109,492.87033682544256,100.9026557836938
1697.0,493.67629119879456,492.8419999962766,98.7868868602958
1698.0,493.5620701702089,492.81425734555006,99.27607608828619
1699.0,492.1624715365647,492.7863773141819,99.68582920676536
1700.0,492.82666816189504,492.7583822104797,98.99517466282278
1701.0,492.7302789011416,492.73058106559523,99.63308865365454
1702.0,492.2201791533144,492.70260077319836,100.77252027402041
1703.0,492.59904857775297,492.67430049042133,99.50548110587442
1704.0,492.5101259618431,492.64635603447744,97.95111400493506
1705.0,492.65885500383496,492.61884809662774,99.41334115095752
1706.0,493.1946831529843,492.5909295166545,100.34857052306374
1707.0,492.59941243543665,492.56274829309933,101.18428418072476
1708.0,493.2142315478886,492.5343323732919,100.15042686288015
1709.0,492.1742460981601,492.50620679508125,100.13066246252201
1710.0,492.474456569038,492.478086767373,98.95284851429915
1711.0,491.717206506529,492.4502975090819,101.25699147829702
1712.0,492.5333347530443,492.4218611706417,101.5491450393981
1713.0,492.5417260239099,492.3933427857432,100.03703936006589
1714.0,493.00287517274586,492.3652490505229,99.44518306043963
1715.0,491.64533705284356,492.3373215282801,100.28058527196616
1716.0,492.2531772127874,492.3091593972495,100.04969984297573
1717.0,491.9885690084034,492.28106210654363,99.21726745140454
1718.0,492.0591187296094,492.253198590601,100.68928862824112
1719.0,491.711217732116,492.22492168204457,99.27024293564273
1720.0,492.24347160291524,492.19704328882017,100.97716260728187
1721.0,492.0776579130765,492.1686855356546,98.31894667548698
1722.0,492.32554257859994,492.1410742981299,101.13745098084053
1723.0,492.33580916172116,492.11267153064614,99.90555752376684
1724.0,491.9006174583904,492.0846147199082,99.85103388971771
1725.0,492.6733070316571,492.0565732212242,101.27745739924066
1726.0,491.7488652141259,492.0281311352712,100.11297358403898
1727.0,491.92092850390884,492.0000160751897,100.09682027463406
1728.0,492.4053270308709,491.9719055514959,100.21192374230954
1729.0,491.75351058688847,491.9437627029116,99.57985920192421
1730.0,491.45574487415075,491.9157973591191,101.17636721571532
1731.0,492.01521963250417,491.8873836626594,100.21405408313319
1732.0,491.8254841167476,491.85924021580433,100.39340721682784
1733.0,491.7267450143745,491.83104640061094,100.89369719249625
1734.0,491.33648603503616,491.8027120873161,99.25730696524643
1735.0,492.14939812159264,491.7748373269433,99.05021156967207
1736.0,491.5747369781085,491.7470207258608,98.9993577195453
1737.0,491.6116469798545,491.71921840623463,101.79462977406016
1738.0,492.0492441880498,491.6906310810397,97.81262159129007
1739.0,491.6268637152988,491.6631620364762,98.12025794360156
1740.0,492.44929926419127,491.6356065973703,99.20172095440961
1741.0,491.23190702620406,491.6077474474023,99.30147321130194
1742.0,491.2639704884042,491.5798602836755,100.1696596695552
1743.0,491.8146052678976,491.5517293042516,101.17816332019402
1744.0,490.9277389772885,491.5233151033858,97.98979904443726
1745.0,491.107471121516,491.49579630148753,100.06150824196618
1746.0,486.86064707603254,491.46769569458957,99.4019942265713
1747.0,491.8504439526697,491.43978030121093,99.72798003781733
1748.0,491.13417056715707,491.4117733601503,101.342123103742
1749.0,491.73159272367053,491.38331311391204,100.73529588680888
1750.0,491.58277201807516,491.35502328498376,99.31165348681131
1751.0,490.644180589695,491.3271332622963,99.29340041617486
1752.0,491.37178464727225,491.2992483656794,97.35289261008995
1753.0,491.8590142790149,491.27190842833807,100.89252199866024
1754.0,490.48329608687374,491.2435744450768,101.109587832497
1755.0,491.8430056538219,491.2151795024938,98.28834055065411
1756.0,491.21807863103976,491.18757686018915,100.24041821003318
1757.0,491.3141923262723,491.1594260094085,99.65795839466105
1758.0,491.02499342704414,491.1314387327593,99.51365131369374
1759.0,491.0580750958549,491.10349198234877,98.88518738789466
1760.0,490.08344509594025,491.0757217255573,100.19407780869432
1761.0,491.3834238724988,491.047583888706,101.47812424734924
1762.0,491.17896191467145,491.01908544881326,99.21449281636453
1763.0,490.77805723971625,490.9912227120806,101.36724570874662
1764.0,491.77516244466824,490.9627554105774,99.03097968821943
1765.0,490.483621969822,490.93494421044835,99.86309578545881
1766.0,490.7176204396784,490.90689932438187,99.69135343353067
1767.0,490.73528925828026,490.87890266929264,98.50652407684306
1768.0,491.0960834191326,490.85123875378105,101.34043845376465
1769.0,490.87161543680725,490.82277898064865,100.83943282155393
1770.0,490.64266178028925,490.7944599065979,101.122450757969
1771.0,490.6892619189424,490.7660613516767,100.41514797410422
1772.0,491.3274489542588,490.737861430954,99.79032716145866
1773.0,490.9793490861718,490.70983698074286,100.66363912442418
1774.0,490.66548875736726,490.681567275422,98.87069576271139
1775.0,490.2132931071027,490.653801088362,100.86019049525378
1776.0,491.5023718714949,490.62547618486457,99.25065979188082
1777.0,490.50885070107205,490.5976032912397,100.02084380131653
1778.0,490.2049420302372,490.5695141042722,98.84152893828725
1779.0,490.04998759217574,490.54175610822864,99.45361565908382
1780.0,491.4722907311341,490.5138262178311,99.9602018421817
1781.0,490.3118338842354,490.485754061147,101.41132647980767
1782.0,489.64553900777344,490.457274380294,99.06357113200748
1783.0,490.8340757936114,490.42945402740105,100.31442169593483
1784.0,490.3972161355435,490.4012823939748,99.27322643514032
1785.0,490.4566278873155,490.3734031628843,100.07298685990192
1786.0,490.86021697116473,490.34529933240776,99.9646467875671
1787.0,490.6582496712035,490.31722592743495,99.76687075397402
1788.0,489.9687169462271,490.28920806456483,99.57773074789526
1789.0,490.4623168873346,490.26124331851315,101.36587275767725
1790.0,490.3939768057641,490.23277640258044,97.56012290106982
1791.0,489.913777100305,490.20537826806566,97.83075885027667
1792.0,489.68033406191194,490.1779041299552,100.75460728576722
1793.0,489.97132170444155,490.1496088777425,100.1112440049087
1794.0,489.75239427667304,490.1214943033844,99.42663739268376
1795.0,490.0084387015075,490.0935719893833,99.17645409305608
1796.0,490.1062458209842,490.0657199351922,100.8433555531336
1797.0,490.20184568068805,490.03739975950765,100.23942448826278
1798.0,490.19669600192003,490.0092491877972,100.08686773102382
1799.0,490.1406286470959,489.98114145910944,99.25917639242958
1800.0,490.1423075068853,489.9532661737392,101.57717220525063
1801.0,490.18786092873256,489.92473991787824,99.85944991342951
1802.0,489.8924773476712,489.89669605569424,100.68195349781712
1803.0,489.15417392600517,489.8684212070869,99.86362194541455
1804.0,489.73801552671034,489.84037617325725,99.05143220329397
1805.0,490.5172970718269,489.81255922938016,99.19935780078097
1806.0,490.21289958586493,489.78470074306443,100.24942127396672
1807.0,489.2769848910354,489.75654736392335,99.52426537454024
1808.0,489.77086558697727,489.72859763273067,99.59236270767072
1809.0,490.25361113208794,489.7006287775369,99.29471996254107
1810.0,489.7879079106972,489.6727435103474,100.36761766050778
1811.0,489.44300051971976,489.64455693772106,102.05405402017198
1812.0,489.5261328157148,489.61589675755044,100.52537163099959
1813.0,488.81686458622494,489.58766588235073,98.82569917426328
1814.0,489.2944619987528,489.55991233183266,98.48361960577829
1815.0,489.2390800333426,489.53225484866,100.16104343358732
1816.0,489.15916168162624,489.50412628896237,98.95391649711954
1817.0,489.1607119403421,489.47633673074614,101.93437987714115
1818.0,489.67030111033927,489.447710159064,98.98779770798475
1819.0,489.16330929289904,489.4199110858743,99.38807750662383
1820.0,489.6829484481231,489.3919996007745,99.15733046576305
1821.0,489.27257158907815,489.36415291713536,100.78219734365408
1822.0,489.5232450639845,489.3358499167147,99.76136210102287
1823.0,489.16665924622583,489.307833600858,101.80345317929053
1824.0,488.8168407860975,489.27924379775686,101.53247674558673
1825.0,489.1972137809036,489.25073009387074,98.05148802178654
1826.0,489.2890318505936,489.2231939676513,100.41808472470085
1827.0,489.19847206252695,489.19499322219116,102.74641286146455
1828.0,489.28915239629436,489.1661386045792,100.53586597019769
1829.0,489.48756319096145,489.1379047822192,98.79363160674087
1830.0,489.47502644471274,489.110160237343,98.7805229777048
1831.0,489.26464662838623,489.0824193738068,98.25981561906767
1832.0,489.1035135620982,489.05482474225374,98.33972289793161
1833.0,489.26245669937254,489.0272076700732,101.42181607458265
1834.0,488.7161180617456,488.99872504339226,101.4763948635354
1835.0,488.7051992354545,488.97022708916813,100.81786031868681
1836.0,489.40026241021474,488.9419140733953,99.58542898681824
1837.0,488.1146457500469,488.91394716542146,101.52856425304134
1838.0,488.5777335426665,488.88543456029373,100.37637304165226
1839.0,488.3340945988026,488.85724552886455,99.10599449710823
1840.0,488.4206644323152,488.8294132620766,98.8592452217688
1841.0,489.43543459713965,488.80165029071014,99.95297255079424
1842.0,489.09154919788625,488.77358016425217,102.24428052134907
1843.0,488.7973117653142,488.74486656213907,100.22980258211162
1844.0,488.79619996024616,488.71671869258057,98.27258665029986
1845.0,488.92468327406004,488.68912047449635,101.34348812869939
1846.0,488.2688567100025,488.66065984491354,101.09824414623306
1847.0,488.87547176912983,488.63226808801573,98.7087913342453
1848.0,488.37381225988383,488.60454736911606,100.96672811099691
1849.0,489.0768256953317,488.5761925463049,100.21833834523612
1850.0,488.86242657930046,488.5480478962863,99.09168351889724
1851.0,488.41193535145743,488.520219648498,98.59829665466535
1852.0,488.76300958092764,488.49252996018754,98.7516020196481
1853.0,488.3229792265539,488.46479721862033,101.2347117376788
1854.0,487.87347266440906,488.436367137074,99.46376968277866
1855.0,488.0873389090358,488.4084343950881,99.97113407461549
1856.0,488.09184055647347,488.3803591682688,98.88429792600145
1857.0,488.80567149891965,488.3525891612679,100.93605789089455
1858.0,488.0549212110917,488.32424295167687,99.51185995818429
1859.0,488.15084136573734,488.29629670433866,97.6574411742162
1860.0,488.39188369749866,488.26887123960887,101.02091774675218
1861.0,487.4773164933159,488.24050119854166,100.09349426318637
1862.0,487.50626299201184,488.2123916089027,98.3282032538704
1863.0,487.9585810080795,488.18477777182227,99.25037033889654
1864.0,487.9498524626823,488.1569049594854,98.88078208367826
1865.0,488.37367416814317,488.12913593985024,99.46786920994407
1866.0,488.3587791477905,488.1012020465805,101.28394020458344
1867.0,488.20361813516774,488.0727581400397,101.26219552087511
1868.0,488.34999767754897,488.0443203401309,100.8159477410662
1869.0,487.5350670821493,488.01600786147367,99.62892278968349
1870.0,487.79609808869515,487.9880287389902,99.09538672580045
1871.0,487.0921494737188,487.960199451218,101.65317379422517
1872.0,487.7277324340782,487.9316518515775,101.28710960062936
1873.0,488.2503586508194,487.90320705496464,100.15684939838368
1874.0,488.1648233737081,487.875079673092,100.22374931068471
1875.0,488.2180372334351,487.84693350349386,98.49918180652148
1876.0,487.4841891343401,487.8192716499365,101.17898202124051
1877.0,487.181600396495,487.7908572191522,100.48811326359743
1878.0,487.917187527774,487.76263680734405,99.01891691565586
1879.0,487.40512410184033,487.73482899484355,100.07169469116585
1880.0,488.37586510479684,487.70672552725114,100.19976253231516
1881.0,488.45378022882056,487.67858609393994,100.31314574883922
1882.0,487.670200469012,487.6504148188422,101.91259271027597
1883.0,486.7747948183802,487.6217943657227,102.16010874496999
1884.0,487.7594977409539,487.59310440185016,101.01516144367976
1885.0,488.21767309884825,487.5647359773447,99.42024050270197
1886.0,487.9536952195493,487.5368154598035,101.98263574735087
1887.0,487.5795960586381,487.5081753362645,102.13397900216457
1888.0,486.98586171611015,487.4794927104947,100.3163438462938
1889.0,487.01931460214325,487.45132053726456,100.30517882255512
1890.0,486.6161442542186,487.4231514995452,99.49208530168681
1891.0,487.2816718291186,487.3952108055896,99.61669089236584
1892.0,486.97190467140143,487.36723511823067,101.67191731254508
1893.0,486.9259434949026,487.33868225478545,99.97322835271974
1894.0,487.7561029100698,487.310606439823,99.30798803260429
1895.0,487.37180404550645,487.2827174465172,100.0850277703209
1896.0,487.50227174679765,487.2546102345517,100.03130645328005
1897.0,487.7032684408739,487.22651810932274,99.45445207315366
1898.0,487.3137306471219,487.1985879840322,100.80590796457597
1899.0,486.56887761292285,487.17027832487884,99.23762243070364
1900.0,487.3276821168016,487.14240909257956,99.79987552274443
1901.0,487.05561185496134,487.1143819608702,99.89363065102513
1902.0,487.19443917545794,487.0863284995957,102.13430181398358
1903.0,487.14480101056904,487.0576457831696,99.38531204353785
1904.0,487.1067841632858,487.0297350747041,98.04659799663413
1905.0,487.31752684276915,487.0022003217667,100.57266535537143
1906.0,486.47933445633095,486.97395616491275,97.16411983686643
1907.0,486.68002089720704,486.9466692412585,100.92755387460468
1908.0,487.5171238527697,486.9183254198788,102.47346730732498
1909.0,486.3463814963247,486.8895474544766,99.13040213298034
1910.0,486.94738799601225,486.8617083332109,99.21588627119947
1911.0,486.605238386924,486.83384520514977,100.30490223778442
1912.0,487.56832987131065,486.8056762451047,98.54901679028465
1913.0,487.90868969512655,486.77800039622275,99.75448583006609
1914.0,485.9498717565168,486.7499860114521,99.50830734807717
1915.0,486.5590874635759,486.7220407618052,99.31575058259921
1916.0,486.1844713339283,486.69414958851655,100.40183404071016
1917.0,486.7985045723072,486.66595340679015,100.36451317032066
1918.0,487.5635744191548,486.63776770600816,100.87762601455026
1919.0,486.0912149198329,486.60943790603574,100.10503950385599
1920.0,486.6272828929893,486.5813250741084,100.20831474156348
1921.0,486.4662470917388,486.5531832390518,99.8469593316205
1922.0,486.26840953441734,486.52514288463954,101.30710294949893
1923.0,486.7214388757009,486.4966924732279,98.70788866561213
1924.0,486.9574921423001,486.46897200782763,99.46466289400608
1925.0,485.95725432584953,486.44103901499824,99.6391377712851
1926.0,487.1127616312928,486.4130570238074,100.48562500666954
1927.0,485.81418902729223,486.38483731078475,99.04811673457081
1928.0,485.8613747508493,486.3570212980018,98.05649685944853
1929.0,486.3389459149146,486.3294837651337,99.56479579192597
1930.0,486.767925303017,486.30152265164884,99.25943268530253
1931.0,486.283874578594,486.2736472943031,100.26991733208325
1932.0,485.9244621347428,486.24548815918564,101.44921489961406
1933.0,486.49108401504554,486.2169978380013,103.55284418274067
1934.0,486.82670618127065,486.18791674759336,99.66075444803614
1935.0,485.89431372822884,486.15992868571925,100.33541390585535
1936.0,485.946890280503,486.1317511569806,98.49350813891108
1937.0,485.9669597528656,486.10409089677825,102.15134517319132
1938.0,486.11856769213915,486.0754033940088,100.14077589645858
1939.0,485.64808400791526,486.04728052611125,98.53350027989013
1940.0,486.18847948237004,486.01960903478266,100.32777246742313
1941.0,486.19879182518173,485.99143365201473,98.78230437014022
1942.0,485.7922397555573,485.9636922882041,100.05118381519154
1943.0,486.5176439966454,485.93559458074935,100.33681535609612
1944.0,485.9273410188408,485.90741665843683,97.50759475366984
1945.0,485.62165994936134,485.8800332755768,100.60933487529164
1946.0,485.57650317934815,485.85177882069934,99.81149326499404
1947.0,485.45840644865126,485.8237484263407,99.74455638282028
1948.0,485.4636288872214,485.7957368300899,98.24752217548253
1949.0,485.41753836004017,485.76814565094566,99.70241129988487
1950.0,485.70920908070866,485.7401458904389,99.97108177288345
1951.0,486.14872989405137,485.7120706783077,100.39951958500907
1952.0,486.09672283204435,485.68387514655757,98.78133197011287
1953.0,486.0529780587511,485.6561340558293,100.01517151893124
1954.0,485.94512045849723,485.62804646182775,99.40301379510393
1955.0,485.3557307809023,485.6001307821203,100.02894085936195
1956.0,485.13455432414986,485.57203932122894,97.74993367653485
1957.0,485.8291122903364,485.54458788152147,100.74335259145812
1958.0,485.3183239997441,485.51629579000206,99.34031729828874
1959.0,485.5128225726433,485.4883977175607,101.091905528627
1960.0,485.90626192909207,485.46000774075816,100.07617067175164
1961.0,485.8156954295445,485.4319030161612,98.78474498235916
1962.0,485.2389598043979,485.40416096694526,99.84671181660471
1963.0,484.50293357114805,485.37612068204345,99.65161261876393
1964.0,485.47664035541067,485.3481351874997,98.66832708054858
1965.0,485.22535597267597,485.32042583231123,98.77437395257893
1966.0,485.0230447618458,485.2926866956262,99.08442995497379
1967.0,485.35759473875476,485.2648604848805,100.31352888867426
1968.0,484.9812514726615,485.2366891021843,101.23976123287962
1969.0,485.22760200569945,485.2082576025714,100.80191415176024
1970.0,485.11245109288234,485.1799490650138,99.24063553966391
1971.0,485.6389853160011,485.152078986533,99.85419923354468
1972.0,485.09245680314405,485.1240365989149,99.10202543151925
1973.0,485.4067667325154,485.09620544677296,98.6667574551454
1974.0,484.2958271517997,485.0684965323876,100.7267119538206
1975.0,484.7261779552728,485.0402091141139,99.95050334528129
1976.0,484.8423102677319,485.01213968109107,99.61987892943041
1977.0,485.1321612802984,484.9841630984251,100.81925334236
1978.0,484.762218515557,484.95584969144477,102.24105725634954
1979.0,485.1577210884552,484.92713699453196,100.73295194238156
1980.0,484.3434061826723,484.89884782386144,99.76946014162722
1981.0,484.6956148299091,484.87082923380495,98.77493285129138
1982.0,485.03760562447616,484.8430899401626,100.63169175704853
1983.0,485.3545369473204,484.8148292067275,100.03521020579994
1984.0,484.4009793519353,484.7867359851947,100.43745781707571
1985.0,484.4190058215787,484.75852979912446,99.57742952580237
1986.0,484.5861098707007,484.7305651376659,99.68309072480454
1987.0,484.8483135939893,484.7025708030207,99.71838444928461
1988.0,484.8196624756992,484.6745665567212,101.93407990162436
1989.0,485.1327633533979,484.6459400692822,99.69106387131185
1990.0,484.73700337665014,484.6179434955116,99.77343840734224
1991.0,483.7926300620164,484.5899237882255,99.25348318943837
1992.0,484.7619103767013,484.56205010169657,99.31329449535934
1993.0,484.8744461404864,484.5341596181591,101.34345172730181
1994.0,484.9963672584852,484.505698998799,101.24153176013043
1995.0,484.6868805186622,484.47726700196307,98.47682925968559
1996.0,484.70313680842384,484.44961142574596,100.78291669442092
1997.0,484.42138622215845,484.42130822330756,99.95800741196496
1998.0,484.16092228239313,484.39323668289273,100.36802925024169
1999.0,484.555206001982,484.36504999467826,100.21113437920388
2000.0,484.9301103186063,484.33690736777345,99.74901064417026
2001.0,484.63183690029194,484.3088945206175,99.65605783530779
2002.0,483.6417938739725,484.28090777770876,99.73505437118742
2003.0,484.2003466094624,484.2528988499395,100.21266956725636
2004.0,484.5216740802131,484.22475579190274,101.57190266369209
2005.0,484.48752009124775,484.1962310159047,101.30435242806419
2006.0,484.6513624087981,484.16778137693115,100.71200911658502
2007.0,483.7619387821718,484.1394980877042,100.67490587552403
2008.0,483.3224834186103,484.1112252183042,98.89820869122121
2009.0,483.76394976090126,484.0834513046968,102.29006412744002
2010.0,483.41006941019157,484.054724845021,101.61981957518302
2011.0,483.9367613994003,484.026186612357,98.96944496948994
2012.0,483.709025397015,483.99839269322797,100.90927908837772
2013.0,483.80349558492566,483.97005400401736,100.17831142486372
2014.0,482.89634303935156,483.94192059489217,100.78136222957593
2015.0,484.2984224010067,483.9136178289994,99.12805592798364
2016.0,483.34236765746437,483.8857793666263,101.13332019451619
2017.0,483.0108245076442,483.85737775920495,99.16003649463384
2018.0,483.929718658107,483.8295303156228,99.68108266065997
2019.0,483.5724441671122,483.80153654490886,100.89774389296157
2020.0,484.1149149201156,483.77320109516563,101.62203758926934
2021.0,483.3162556748634,483.7446622396093,101.12713048234188
2022.0,483.1366235602114,483.71626237046553,99.46049587890867
2023.0,483.80104633764887,483.68833054787285,98.32941094345013
2024.0,483.142078280809,483.6607163716329,100.66053540848331
2025.0,483.8685168889337,483.632447537939,99.57914144557105
2026.0,483.7469242871715,483.60448239571633,99.02958671547552
2027.0,483.62465382236377,483.5766715867805,99.73539517544512
2028.0,483.983749053647,483.548662563302,100.27290733837837
2029.0,483.48720866739353,483.5205025884912,99.13627900328277
2030.0,484.1744788074461,483.4926618168044,99.85674260951308
2031.0,483.692491295201,483.4646187149215,98.9663332853958
2032.0,483.1707760502333,483.4368256696572,99.96294056516741
2033.0,484.3342599636593,483.40875274384854,101.34969287604255
2034.0,483.318676531752,483.38029037176585,101.51593210583555
2035.0,483.6110705729274,483.3517813141661,99.55309960718954
2036.0,483.34501760783485,483.32382348535975,99.9979657054547
2037.0,483.2778454744674,483.2957407233241,101.75269517343736
2038.0,482.98790535122083,483.26716517476297,100.35744136563557
2039.0,483.8586286078113,483.2389814599794,100.26219829341797
2040.0,482.76326563889336,483.21082449262536,100.55444620778346
2041.0,482.89264871947483,483.1825854523153,99.81302515161862
2042.0,483.68645938958934,483.1545546277519,99.71627620279442
2043.0,483.68694049858215,483.1265509735183,99.96186650678055
2044.0,483.0346181788661,483.09847834934095,100.66995301167141
2045.0,483.02962526853634,483.07020687087015,99.86313951624854
2046.0,482.1934238766697,483.0421619725227,100.03652681042888
2047.0,483.1676842371862,483.0140683812434,101.20679351133748
2048.0,482.8067287600669,482.9856461400657,100.31394904623336
2049.0,483.2012386209101,482.9574746393752,101.01661527310613
2050.0,482.87247565584886,482.929105806586,98.29055159419079
2051.0,482.15729811266874,482.9015025433466,100.75667898786233
2052.0,483.0184197764476,482.8732067093309,100.60426544374657
2053.0,482.1691283309327,482.84495367811877,102.16735149809111
2054.0,482.46512446974816,482.81626168023973,98.856436318785
2055.0,482.20909423792426,482.7884994977068,100.05498157279968
2056.0,483.14797306752723,482.7604007237151,99.41878831913102
2057.0,483.0110533114779,482.7324806139955,98.8324703428251
2058.0,482.3934770360176,482.7047251619076,101.25258474672928
2059.0,482.8776442832485,482.67629006102453,100.5442625929513
2060.0,482.7184742629544,482.648053880613,100.83637321373448
2061.0,483.0884873960369,482.6197356658022,101.77406577647368
2062.0,483.08943941840056,482.59115411566324,100.05988213891112
2063.0,481.92931430010714,482.5630539654292,99.43190882518425
2064.0,483.0929601670264,482.53513017103415,100.9790756051114
2065.0,482.95700610691387,482.5067718806351,100.80624896184652
2066.0,482.35272361240857,482.4784621257183,100.79502197149607
2067.0,482.8777471297539,482.4501555237146,99.19041901128779
2068.0,482.55673464787225,482.422299547709,99.31668331482635
2069.0,481.7292513834742,482.39440811247806,98.83867454656315
2070.0,482.454228145457,482.3666509180429,98.44279888673583
2071.0,482.46595466970103,482.33900489868887,99.85475265669126
2072.0,482.41709255895637,482.3109623556511,100.72666091501002
2073.0,481.87721574106956,482.2826749517108,99.86090311414829
2074.0,482.15689143209437,482.2546306814196,99.9706870800862
2075.0,482.77500533958926,482.2265555801313,100.11956415166033
2076.0,481.844214460295,482.1984386691987,100.96383682011098
2077.0,482.5016664452666,482.1700846583584,100.04393796112737
2078.0,481.83196524965183,482.1419889857809,99.1896345803256
2079.0,482.174669513307,482.1141332300696,99.67323298032974
2080.0,482.7553963045921,482.08614166380767,99.62855087864065
2081.0,481.89947591816446,482.05816264576924,100.52978821989682
2082.0,482.22878767179515,482.0299305302442,99.82528569383432
2083.0,481.8671343932026,482.0018962625118,99.68525007630195
2084.0,482.08809232457656,481.9739013214487,98.5139349900899
2085.0,481.8645505816039,481.9462353247057,100.44976366556264
2086.0,481.9945090177765,481.91802568274295,100.44988642428908
2087.0,481.6044208094405,481.88981600630547,97.71033544269554
2088.0,480.89426590508447,481.8623756871019,98.14884212721607
2089.0,481.6500000878032,481.83481222060453,99.36144202169146
2090.0,481.87952621761053,481.8069082156368,99.69422286025878
2091.0,481.7314214658822,481.77891075471683,98.56442554330289
2092.0,482.12592670059274,481.7512305785434,99.98548848199036
2093.0,481.8981240401923,481.72315132052813,99.75400353760682
2094.0,482.03031394122,481.69513707120126,102.18643887804308
2095.0,481.8702281583942,481.6664397129497,100.01602545382244
2096.0,481.72575436909506,481.63835187913475,97.95529279183673
2097.0,481.7894134964967,481.6108427677424,99.39247676884827
2098.0,481.5104629423909,481.5829300471831,101.28983281597081
2099.0,481.4907460782015,481.55448448580063,99.24215264055177
2100.0,481.3781004946252,481.5266139812674,99.7600599642393
2101.0,481.8568476107803,481.49859803109416,99.27305737880013
2102.0,481.3655521495376,481.47071884748027,99.65754750054538
2103.0,481.96386093680246,481.44273168622385,98.73767554614342
2104.0,481.75998264630186,481.41500285567463,99.1798125500622
2105.0,481.1474565878182,481.38714985831683,100.30935058521106
2106.0,481.3890811202006,481.35897964902745,100.77323675170338
2107.0,481.42600199195414,481.3306791650397,100.44405456716785
2108.0,481.3146349234355,481.3024711263821,99.87740084625675
2109.0,481.2021010601404,481.2744222229777,100.50184527989093
2110.0,481.3979160790448,481.24619795476167,100.1580158032207
2111.0,481.0470019330608,481.2180702453236,100.66521759111063
2112.0,481.2318339377174,481.18980009671674,99.20076767373304
2113.0,481.88082028998275,481.1619412144617,99.38047129640084
2114.0,481.17862158294616,481.1340318654393,99.96974879694719
2115.0,481.1518171640652,481.10595702765215,100.56460355298921
2116.0,480.4947165599749,481.077715134821,99.95507380826488
2117.0,480.7561146743322,481.0496444182599,99.7670297566172
2118.0,480.46222748676666,481.02162651073655,98.34866251736707
2119.0,480.8913181109268,480.99400692801294,100.0884249881372
2120.0,481.04596436387106,480.96589876199545,100.1013916461518
2121.0,481.93477564953344,480.93778695450817,100.07275773361597
2122.0,481.34144761685576,480.909683188378,101.05288943523125
2123.0,480.7422463806376,480.88130416859485,100.22399165533064
2124.0,480.92734015903653,480.8531579309383,101.59671817725763
2125.0,480.0279446194227,480.8246261859169,100.33371830645342
2126.0,481.3044880731634,480.7964491333592,99.66735959794538
2127.0,481.02970071269186,480.76845921653876,99.01999681210023
2128.0,480.5465585470322,480.74065110076737,98.75902226182414
2129.0,480.11197443391006,480.7129162753488,100.09186785206198
2130.0,480.3984474620684,480.68480714246033,98.60276344028645
2131.0,480.4597833802131,480.65711619972757,100.43732356635276
2132.0,480.23244850391404,480.62891005135936,99.76241508110596
2133.0,479.88288854187215,480.60089343979075,101.05916566028132
2134.0,480.16943642344137,480.57251265743446,99.58914442478522
2135.0,480.31260073709217,480.54454470604185,100.1098891211204
2136.0,480.06346807259354,480.5164305121803,100.71497801439193
2137.0,480.0992029474847,480.48814638918793,99.81308884470313
2138.0,480.26122186781487,480.4601155467374,99.83781651768369
2139.0,480.5490364075993,480.43207775993204,100.79877202058573
2140.0,479.8538227281322,480.4037701047896,100.00000999352856
2141.0,479.748190782583,480.3756867686497,99.55688352297359
2142.0,480.8782605379147,480.34772787719373,100.35131843822974
2143.0,480.31276889742526,480.31954588193224,100.48319546938401
2144.0,480.5572208156481,480.29132685120464,99.59035216800989
2145.0,480.2564155211214,480.26335856063747,98.99039765243094
2146.0,480.3291245233333,480.23555875729676,99.87664721566927
2147.0,479.76393094525054,480.207510065537,100.96749190900125
2148.0,480.10490540745775,480.1791550282259,99.93764466699328
2149.0,480.41668686222647,480.15108920634856,99.0216019976676
2150.0,479.5628899927604,480.1232806397876,100.006360574157
2151.0,480.1673444041184,480.095195520193,99.75821398121708
2152.0,479.4703553800182,480.0671800884333,99.17525056461977
2153.0,479.80914086827045,480.039328372233,97.37323016941245
2154.0,480.3710388029125,480.01198272342714,98.64377689523607
2155.0,480.07344115405147,479.98428026274905,99.99119721709914
2156.0,479.83279489124897,479.95619940153057,99.68951784244607
2157.0,479.5933467516565,479.9282032619365,100.2192533050932
2158.0,479.85319629420695,479.90005835496663,100.26259637926444
2159.0,480.3459437721838,479.8719012758168,100.06254281532001
2160.0,480.35109115409045,479.84380037837616,99.49621781132744
2161.0,480.4144168724382,479.8158585238741,99.02490788048739
2162.0,479.34529288579796,479.788049028911,101.29883996001507
2163.0,479.3709537355528,479.7596009380223,100.23435506449785
2164.0,480.08179740092237,479.731451789975,99.51660074281175
2165.0,479.43536687408334,479.7035042112664,100.47869554133247
2166.0,480.02491230626237,479.6752864442685,99.288823365192
2167.0,479.76599775003507,479.64740283304013,100.53338256146084
2168.0,479.82987452092925,479.61916970810415,100.53315949309115
2169.0,479.79258630653845,479.5909366458132,100.10426849217741
2170.0,479.79175201492444,479.5628240304116,100.18454767813853
2171.0,479.4654261287877,479.53468886993863,101.22823719097465
2172.0,478.95277767741896,479.5062606066609,100.06761843379981
2173.0,479.48025116144163,479.4781582838174,100.63160818930648
2174.0,479.7660837282329,479.4498975738509,99.4255391935008
2175.0,479.6476362212279,479.42197556826073,99.44856569394759
2176.0,479.54133427076994,479.3940470960616,98.4490039227065
2177.0,479.8366481604611,479.36639933412664,99.53452608058676
2178.0,479.763914690614,479.33844672138576,99.71460596921239
2179.0,479.52833404685805,479.3104435362094,99.95585141129428
2180.0,478.83490740838664,479.2823726012714,101.35041696837457
2181.0,479.5715618568191,479.2539100258394,101.5667872444573
2182.0,478.49883055311926,479.2253866864216,99.64294025492696
2183.0,479.11506836938855,479.19740362736667,99.86389216927414
2184.0,479.3492431203787,479.16935851764913,99.76172628707106
2185.0,479.71384682983495,479.14134209951686,100.29416527369361
2186.0,478.92446706311586,479.1131761547691,100.52242779981155
2187.0,478.7599653192759,479.0849461062954,99.22339178566995
2188.0,479.44106512028014,479.0570808704355,100.76766857129569
2189.0,477.9615839271655,479.0287819501785,100.62423534953913
2190.0,479.0385306972995,479.00052331075113,101.05004596019184
2191.0,478.5511020813888,478.9721450895106,101.17912889168207
2192.0,477.7012934430666,478.9437306174802,99.48116549004575
2193.0,478.16516255735297,478.9157929901717,99.36638299660474
2194.0,479.0747840515554,478.88788759761354,99.39308500157264
2195.0,478.0853133865798,478.85997470624227,97.55391041679079
2196.0,478.9068100915871,478.8325783164002,101.58822384117782
2197.0,478.8607892322027,478.8040489568715,100.10248704946338
2198.0,479.0960719159886,478.77593684175844,100.5266688052106
2199.0,478.82293498384155,478.747705602269,100.40506007527961
2200.0,478.4962639218139,478.71950851456444,100.9517440073015
2201.0,477.8298207385479,478.69115789978906,100.33446771321678
2202.0,478.76196789541757,478.66298063677294,102.49913488141678
2203.0,478.3804830927431,478.63419546306045,99.45884833584665
2204.0,479.02850602595726,478.6062641031528,98.20452889902474
2205.0,478.57450539376,478.57868499795364,100.71372797683873
2206.0,478.6641399131198,478.5504012260135,99.64524796723559
2207.0,478.1036212889392,478.522417518876,100.39374413637293
2208.0,478.14470226864114,478.49422360906436,99.85427688515986
2209.0,478.9492897384986,478.46618119963915,100.28535769007371
2210.0,478.42182588912925,478.43801772835457,100.26338759209483
2211.0,478.35597426728697,478.40986042700575,100.81080722183007
2212.0,477.90769501347637,478.3815493919776,100.33142767399322
2213.0,478.0840859043261,478.3533729827058,99.2346252804626
2214.0,478.0602953916986,478.32550459210626,100.60575744112883
2215.0,478.41323973557854,478.29725114189154,99.4141425322788
2216.0,478.1475738677005,478.26933233686367,99.42243301057677
2217.0,478.89029158645855,478.2414112035932,99.24834478380791
2218.0,477.92057660510926,478.2135389600998,99.6854618343713
2219.0,478.67545603515657,478.18554395956795,100.04704101545406
2220.0,477.58309548054103,478.1574474155494,99.36792453745947
2221.0,477.6970357637162,478.1295415900752,97.9410262057491
2222.0,478.2212358079563,478.1020364852157,100.1675150743606
2223.0,477.65563015808107,478.07390610806567,99.85198720297997
2224.0,477.9962698222725,478.0458643416595,97.71876418018317
2225.0,478.6148541261971,478.01842165538557,97.67265497510529
2226.0,478.25475739653876,477.9909919181134,101.04633349740416
2227.0,478.4362605753457,477.96261473945617,98.25620682860152
2228.0,477.91862040155996,477.93502112137185,99.00949871673217
2229.0,477.95301838402753,477.9072159538155,102.0779394328886
2230.0,478.31259415307653,477.8785490658248,97.82560596789047
2231.0,477.87680843481814,477.85107637481553,98.4795827991967
2232.0,478.1826826561702,477.82342002531277,101.84802287867768
2233.0,477.26057166824376,477.7948177055543,99.01698595513042
2234.0,478.1235053380539,477.7670104353319,100.49150801705372
2235.0,477.44602740756045,477.73878907016376,101.08626957729834
2236.0,477.2163282396568,477.71040067612415,99.83381980516455
2237.0,477.83848566012546,477.6823640117289,101.04553045214044
2238.0,478.16147996386314,477.65398705859354,99.67485317912933
2239.0,477.2255569701679,477.62599503732577,99.55996918132844
2240.0,476.9594736620971,477.598035279314,99.55458859915265
2241.0,477.9199991732258,477.5700770323491,97.84815790160191
2242.0,477.1513972860524,477.54259800800503,99.39275084987834
2243.0,477.517303765175,477.5146852104747,98.850085661988
2244.0,477.6874856273842,477.4869248114179,101.46971357894499
2245.0,477.70040940760356,477.4584287335212,100.12282798789299
2246.0,477.48947560778197,477.4303109059946,100.65505913541702
2247.0,477.17643914885474,477.4020436102207,100.55673731635036
2248.0,476.8241921742431,477.37380392649106,100.01129508952543
2249.0,477.1385018846155,477.3457174211201,98.29218876730663
2250.0,478.34279776854265,477.31811369810794,100.86675712319469
2251.0,477.226628946767,477.2897869504825,99.86728486920636
2252.0,477.7758402738685,477.2617408879817,99.55337216693559
2253.0,477.0996699804987,477.23378298263157,99.97707916814527
2254.0,477.58480446450613,477.20570608623177,100.8532702086622
2255.0,477.91208941905535,477.1773831261815,100.67302987791297
2256.0,477.49495783990005,477.14911078362417,100.75349329114488
2257.0,477.09728531942875,477.1208158442582,99.94322000528264
2258.0,476.83922675053304,477.09274845664004,101.41909678577734
2259.0,477.35717561408995,477.0642665936261,100.30383775606496
2260.0,476.81874254921,477.0360979325229,101.7306215682076
2261.0,477.0304006874929,477.00752858296585,98.51790823495574
2262.0,476.9748768758421,476.9798614704032,100.20449008364804
2263.0,476.79006930911225,476.95172070943806,100.60444308317318
2264.0,476.6514151611137,476.9234676283388,100.37095467967858
2265.0,476.2734434058428,476.89528011856623,101.39645326039613
2266.0,477.15866348709994,476.866804614609,101.53288949465289
2267.0,477.0833601681247,476.8382907948092,99.70335929444434
2268.0,477.4480777151101,476.810290768074,100.44304639439837
2269.0,476.52056177702116,476.78208301254494,99.92438976937908
2270.0,476.81716071564125,476.7540209130847,99.50299393654804
2271.0,476.3854975743032,476.7260771556209,99.98555991741215
2272.0,477.0620578152682,476.6979978775441,98.79540083560725
2273.0,476.9894238524771,476.67025283580944,98.78251610548925
2274.0,476.65479432566383,476.64251141253646,100.16512389545214
2275.0,476.7115379796886,476.6143817069091,98.30117868592633
2276.0,476.2747083015051,476.5867754592282,98.95280400889183
2277.0,476.1585163644959,476.5589862134357,100.32893805921813
2278.0,476.24533431792884,476.5308105033307,102.2432395800459
2279.0,476.3404740928638,476.50209719354865,99.55736750010482
2280.0,476.65559791980724,476.4741381661757,100.97257980245955
2281.0,477.1245405269296,476.44578170001455,100.2218414306913
2282.0,475.0094852877132,476.4176360662127,99.34042751836802
2283.0,476.25230863247947,476.38973796281795,100.28625559979156
2284.0,475.9959686531202,476.3615742393704,101.42238643885392
2285.0,477.168633892662,476.3330914525122,99.29894823878372
2286.0,475.58006504258736,476.3052049978818,99.4657089066827
2287.0,476.9009934849574,476.27727171129715,101.12358601915591
2288.0,476.57503609154566,476.24887283755675,98.26832651369992
2289.0,477.1936115245127,476.2212758158608,99.08285083222451
2290.0,475.72851729314954,476.1934500485854,100.96543319254876
2291.0,476.005505201215,476.1650955894305,101.89301047323758
2292.0,475.90499489445517,476.13648063565597,99.61212093193774
2293.0,476.2109096420868,476.10850623169426,100.42830854142535
2294.0,476.45583003081606,476.0803026150455,100.1497560243857
2295.0,475.8104166102947,476.05217722522866,97.13228414248672
2296.0,476.01472951013136,476.0248992420987,98.69710995685725
2297.0,476.0454713606214,475.9971818037191,99.6828832404004
2298.0,475.80268535222604,475.96918752734246,99.77782303839611
2299.0,475.3885162319069,475.9411665887058,100.05702704681164
2300.0,475.39753680655247,475.91306724027686,100.17471927726102
2301.0,475.6573312814759,475.8849348399465,100.25288333656843
2302.0,476.64667634672196,475.85678048854277,99.73324877669064
2303.0,475.7256879693786,475.8287720678447,100.68037594128607
2304.0,475.67433177650224,475.8004976622678,99.96727737339585
2305.0,475.37320823560174,475.7724235185388,100.15401549941093
2306.0,475.41182100730987,475.7442969325194,100.06305175600255
2307.0,475.09602262030035,475.7161958921512,100.21100302016593
2308.0,475.02966466374784,475.68805330213644,100.75015299048466
2309.0,475.54969861020226,475.65975930083823,100.82697737723426
2310.0,476.2228227066598,475.63144372469145,99.8041186609937
2311.0,475.6538765456448,475.6034154013675,100.55455190444472
2312.0,475.539893728921,475.57517633137434,100.69559494770661
2313.0,475.88867179356515,475.5468976517932,99.91734063547383
2314.0,475.6926447820438,475.5188375319647,99.64285281556313
2315.0,475.8635211747715,475.4908544974657,100.82733643226095
2316.0,474.7747113169196,475.4625388204843,100.62410066398832
2317.0,475.018243524326,475.4342802188812,100.87367931102439
2318.0,475.50285876447253,475.4059515272746,99.4522698820215
2319.0,475.424287932683,475.3780220148161,99.82511250257025
2320.0,475.6986933570861,475.34998779572163,99.92733767498818
2321.0,475.2477173073981,475.32192486839125,100.25895884199845
2322.0,475.4013011172038,475.29376881078315,98.8933021493152
2323.0,475.3331781781119,475.2659962750962,99.26888036383046
2324.0,475.1680642188674,475.2381182645273,98.80619690019897
2325.0,475.80444384387357,475.2103701908979,100.22643667319785
2326.0,475.9032894731482,475.18222326659884,100.11287427063569
2327.0,474.925073152676,475.15410823440783,99.60978277392627
2328.0,474.60795566474656,475.1261344870788,101.10478771653798
2329.0,474.6219980922203,475.0977408925284,99.67028181619993
2330.0,475.5606171307943,475.0697501550517,100.14139561975428
2331.0,474.7974697935779,475.0416271131151,99.38678405863547
2332.0,474.8424923663086,475.01371599125866,100.95909029134916
2333.0,475.8574428081678,474.9853633134019,98.9643360713717
2334.0,475.1280417582242,474.9575708290218,99.42044548255424
2335.0,474.82733539783675,474.92965025391544,101.71215689842923
2336.0,475.30514059899457,474.90108608985315,98.97595790213444
2337.0,474.71240479687617,474.8732903416756,100.29335789694566
2338.0,474.3939666935172,474.8451246236662,101.90837096749787
2339.0,474.34990732741596,474.81650535615285,101.45050862307801
2340.0,474.34507270196644,474.7880146716479,100.00299507315665
2341.0,474.9806010743538,474.7599304971982,99.98755883629804
2342.0,474.87069840345737,474.73185065775834,100.21719467569956
2343.0,475.0570094583965,474.7037063289202,99.6217343838054
2344.0,474.8128447062784,474.67572922518076,100.96037100794844
2345.0,474.6586654405395,474.64737618765605,101.33934263307067
2346.0,474.71057747363886,474.6189167222666,100.88351369342405
2347.0,474.30109261540105,474.59058526883763,100.33500960703229
2348.0,474.15134234588726,474.56240785363974,101.13400873722271
2349.0,475.24666194949214,474.53400605285265,100.98104483718538
2350.0,474.97790019176074,474.50564720942754,99.41026581307135
2351.0,475.05628846273333,474.47772949311167,99.4043564919967
2352.0,474.23442202629303,474.4498134363302,99.2457524609733
2353.0,475.11668410684086,474.4219419208474,101.33315448061079
2354.0,474.478090163898,474.3934841932974,100.23024443889501
2355.0,474.3340974833147,474.3653361996508,100.9693656191521
2356.0,475.4861110475829,474.33698063613946,101.17703970940363
2357.0,474.80674469280075,474.30856675082106,99.51902960272231
2358.0,473.95590188229926,474.2806184900076,100.60383161906887
2359.0,474.21806142154446,474.25236558062795,100.58589481024427
2360.0,474.20825010736854,474.2241177085021,99.125511665585
2361.0,474.363454830342,474.19627996064264,100.18283701523761
2362.0,474.35838731505885,474.16814528058086,101.43436021759922
2363.0,474.5193276731902,474.13965913108643,100.6785030501774
2364.0,473.64409769022194,474.1113852514798,99.48019496711998
2365.0,474.6441373600733,474.08344789672657,100.50774825054368
2366.0,474.05865332910895,474.05522197075953,101.31457841477058
2367.0,473.7123745318966,474.0267694599881,101.4340951809379
2368.0,474.43714246168895,473.9982833849248,98.8691289476408
2369.0,473.94161100171686,473.9705176378786,101.84992866997739
2370.0,474.02751713644733,473.9419147829105,100.10833377413734
2371.0,473.7778602064264,473.9138010258422,100.74932175543378
2372.0,474.2695216209138,473.88550725798257,98.46763342391611
2373.0,473.4961753509018,473.85785426426264,99.3046261999845
2374.0,473.82329890204613,473.8299662150715,98.98892420594746
2375.0,473.64746705098213,473.80216682552367,100.75586644240738
2376.0,473.46556575031235,473.77387121969775,100.27699589707697
2377.0,473.8008995879684,473.7457100966833,100.01552726611472
2378.0,473.9690020726406,473.7176224027761,98.34481315047124
2379.0,473.981657101689,473.690003901083,99.87007119482703
2380.0,474.6472504346204,473.66195705608914,99.35552277821618
2381.0,473.3354322751474,473.63405471344225,100.11876852484092
2382.0,474.29843266238635,473.60593802594815,100.51736460418316
2383.0,473.731549735459,473.57770939938854,99.48418499675907
2384.0,473.17494977527235,473.54977092410195,99.86690487136552
2385.0,473.8414643222208,473.52172496831724,98.15543500070358
2386.0,472.9864232189909,473.49415965032125,99.08252121006765
2387.0,473.1886093780729,473.4663339756147,100.62563782347608
2388.0,473.074217009632,473.43807494232595,102.30389062989597
2389.0,473.6047918693429,473.4093445997074,100.15020862145582
2390.0,473.7192411660341,473.3812190827862,99.58517610968902
2391.0,473.8661759940503,473.35325224582874,98.83425976349172
2392.0,473.8894141258215,473.32549629121183,100.3235539244024
2393.0,473.9026091888221,473.2973220931514,101.78625686276709
2394.0,473.3738922519612,473.2687371193491,101.1977483126243
2395.0,473.8810372568789,473.24031741836467,98.68974988583392
2396.0,473.1749990730999,473.2126020469384,101.24261184073818
2397.0,472.72111668601826,473.1841697467798,97.55255515011497
2398.0,472.81886139804766,473.15677373754176,100.41890759770861
2399.0,473.48996593058075,473.1285727609914,99.3563959917358
2400.0,473.2281646199289,473.10067017311707,100.4838863354157
2401.0,472.76375610458723,473.0724509483712,100.97570575985414
2402.0,473.29997417067716,473.044093604337,101.03666714341644
2403.0,472.6903406621357,473.0157191403142,100.74530019924559
2404.0,473.4059278185766,472.9874265018416,99.64560034805565
2405.0,472.63506554839125,472.95944269574386,98.29909305510537
2406.0,472.6649475710237,472.9318370337776,98.69874798113014
2407.0,473.1935032349814,472.90411913538617,100.5530309262802
2408.0,472.1245648366747,472.87588049253435,98.23710524427179
2409.0,473.0853898041592,472.8482922388116,100.84266662357955
2410.0,473.43418719675327,472.81997225660143,100.18044069266641
2411.0,472.66845709303965,472.79183824950695,100.62443194449527
2412.0,472.34809381438527,472.7635795548692,99.32000076119596
2413.0,473.00599544606547,472.73568718798873,99.65366172208977
2414.0,472.5445205222203,472.7077011179885,99.4533033573044
2415.0,472.6910452856799,472.6797713152956,98.9963015591168
2416.0,472.1420219229752,472.6519698539411,99.20874219493817
2417.0,473.0826782869331,472.6241087321747,99.56727120865375
2418.0,472.32407656727213,472.5961469235103,99.47314280702349
2419.0,472.7238986465351,472.56821154923864,99.44994502940084
2420.0,472.3035386430459,472.5402826896762,101.22253747285843
2421.0,473.06130030187484,472.51185602706926,100.11990241556114
2422.0,472.4237894481612,472.4837390211409,99.51622191210865
2423.0,471.90401732614885,472.45579154882057,100.08317539005938
2424.0,472.68234255620104,472.4276848570652,98.79080384372193
2425.0,472.26077670909376,472.3999411063191,99.03731322291465
2426.0,472.49616602255185,472.3721281275223,97.51561263219092
2427.0,473.01639911577774,472.3447424929747,98.8751753305299
2428.0,471.83231402950287,472.31697504790276,98.71080288963141
2429.0,471.9272581905742,472.28925376409126,98.44576864347053
2430.0,472.03834982741745,472.2616069107305,98.23561629570867
2431.0,472.3891568425212,472.23401907515415,98.86184680133547
2432.0,472.3808645585031,472.20625537317744,100.77664577373776
2433.0,471.81627483007657,472.1779539318226,100.02818397860413
2434.0,472.5272379768926,472.14986268348866,101.63589395401547
2435.0,471.8738721725913,472.12131993660324,100.67360738174169
2436.0,471.5788717445965,472.09304743186357,99.56231631935339
2437.0,472.0660949686464,472.06508701469716,98.89691518682278
2438.0,472.3199862694922,472.0373134643489,99.54615094921877
2439.0,472.57585209259724,472.0093575869573,101.01444308986311
2440.0,472.21963684947184,471.98098936418955,101.1708007107209
2441.0,472.2978933135669,471.95257723099,99.89857608468293
2442.0,472.2704016028244,471.9245223808729,100.27565479414822
2443.0,471.3259073013559,471.8963616344849,100.64426255704781
2444.0,472.11695403212366,471.8680973707501,98.81886328613513
2445.0,471.0585188537402,471.84034573997724,101.63637445086775
2446.0,471.73917077402115,471.81180285815225,99.46656848135713
2447.0,471.03733077600293,471.78386933017043,101.09901787343054
2448.0,471.7515273305202,471.7554773559843,100.02622227900859
2449.0,471.67456281944544,471.72738665856093,98.88857398064346
2450.0,472.16418636862045,471.6996154507014,100.6124878576803
2451.0,471.5658075818626,471.6713601103614,100.84193289718341
2452.0,472.0417910835101,471.6430403342061,100.28872019680102
2453.0,471.6852243650483,471.6148759186175,99.67310659893266
2454.0,471.05000504215684,471.5868843878476,100.53656647193753
2455.0,472.6713143960142,471.55865036876344,98.93444615397085
2456.0,471.6813718352814,471.53086627846847,99.99313479338285
2457.0,471.37057931736814,471.502784873114,98.43673444178931
2458.0,471.0812632275995,471.4751405568583,101.33613135032145
2459.0,471.0720490868051,471.446681993304,99.74620186076278
2460.0,470.7937310847552,471.4186699349481,101.73913030689026
2461.0,471.48056409087275,471.3900981958536,101.1556539296445
2462.0,471.3366177163604,471.3616903163751,99.97739511279927
2463.0,471.3935532459178,471.3336133312476,99.40990831560669
2464.0,471.75494599731707,471.30569571532897,99.08731751242058
2465.0,470.73924644905327,471.2778686936608,98.87982376832518
2466.0,470.8991741212732,471.2500999431526,100.43525135878353
2467.0,471.1766610255142,471.2218943767293,100.93550932149272
2468.0,470.93090526583075,471.1935483211949,98.12937827729536
2469.0,470.9468055728533,471.16599032079534,99.92811440243173
2470.0,471.175208974964,471.13792717533397,100.8983642014105
2471.0,471.6617184707216,471.10959155138744,99.95669405769483
2472.0,471.5012309656289,471.08152037980625,101.24112691116808
2473.0,470.9895813749154,471.05308849666534,98.94076770441409
2474.0,471.47755044617367,471.0253026310683,99.38923101989242
2475.0,470.6597416128877,470.9973908220236,97.91143985543621
2476.0,470.97006335949015,470.96989402599746,98.07322794788006
2477.0,471.66265186039044,470.94235179448214,100.61150336327292
2478.0,471.3303949552757,470.914096730621,99.58876978976467
2479.0,470.84456125265433,470.88612888443834,100.87529274986656
2480.0,471.5189358885029,470.85779973972444,101.12227583877339
2481.0,469.7189158206595,470.8294012339264,101.74496685311263
2482.0,469.7774177513653,470.8008278557352,99.72070992875729
2483.0,470.31534939833756,470.7728229563634,99.19872480637275
2484.0,471.5191740449993,470.7449646478137,101.01237172743824
2485.0,470.42738979298935,470.71659700675355,100.49108535393506
2486.0,471.4554409200086,470.68837576028335,100.94035317382956
2487.0,470.9418587349073,470.66002834443367,98.93439324457589
2488.0,470.8001264467988,470.6322442689975,100.41577512955962
2489.0,470.65226917539854,470.60404417214863,98.76073353176011
2490.0,469.58589300040023,470.57630886614845,100.66968569741773
2491.0,469.89924005374314,470.5480374627484,98.73930468029373
2492.0,470.6656308902886,470.5203081746841,100.69032420294032
2493.0,470.93875755122116,470.49203097530375,100.21989133156886
2494.0,470.4823815912362,470.46388588915477,100.19297924888168
2495.0,470.364445523583,470.4357483608157,98.40031624994246
2496.0,470.95740797822907,470.4081142720022,98.38422948939886
2497.0,470.44878714311153,470.3804847008872,100.7246737134733
2498.0,470.63069038069665,470.35219785501937,100.18520711815094
2499.0,470.3858542922749,470.3240625093537,100.43639480562987
2500.0,470.0650982218194,470.29585662181245,98.53214271219558
2501.0,470.2439300502022,470.2681855117341,99.10019453304699
2502.0,470.3240086353681,470.24035487376943,100.82787059631652
2503.0,470.1127427626821,470.21203904677697,99.96913621495518
2504.0,469.9785589169096,470.1839643810232,102.0550999416348
2505.0,469.76385328918985,470.15530390712297,100.37398938138583
2506.0,469.96915949831595,470.127115545105,100.25045699069818
2507.0,469.48797081859306,470.09896187510014,99.38396230406552
2508.0,470.2000099266759,470.07105154568643,100.38648629122218
2509.0,469.2500595946407,470.0428596741196,99.63222044071864
2510.0,470.3335021384137,470.01487962554586,100.32220193409671
2511.0,469.6246703457598,469.98670580716936,99.91229550360089
2512.0,470.5950313033745,469.95864710418215,100.43008734749203
2513.0,469.90956339891113,469.9304429879853,101.59516275602853
2514.0,469.462548975191,469.90191167977804,100.32993555532805
2515.0,469.9617853586088,469.8737356895429,97.31797961863867
2516.0,469.878164228762,469.84640555693335,99.11290792058006
2517.0,470.18110159996263,469.8185713486257,99.83744550521729
2518.0,469.63298609620944,469.790533666013,99.50536324462291
2519.0,469.0054387928061,469.7625892431684,101.7925734575549
2520.0,470.42092958616263,469.73400249545574,97.83087683763003
2521.0,469.7519723528551,469.7065283242105,99.25416021077673
2522.0,469.33059318944714,469.67865444755137,100.68662554457576
2523.0,469.6549638191846,469.6503782868776,99.2660020769553
2524.0,469.81185825799247,469.62250108462763,101.490946920188
2525.0,469.37219413744316,469.5939990437009,99.7457829172193
2526.0,470.0248259012831,469.56598710299824,102.46027103045827
2527.0,469.89960075527955,469.53721284355055,100.59571603216132
2528.0,469.62239542129214,469.50896221329816,99.61532141910851
2529.0,469.69069533028033,469.4809869105329,99.34838421394099
2530.0,469.55092411169716,469.4530865726329,101.1478621550308
2531.0,469.28261540277447,469.42468088134433,100.69420257180077
2532.0,469.79356162694603,469.3964025927888,98.99197945550122
2533.0,469.72516694981874,469.368602345225,100.67075466032153
2534.0,470.1083786385301,469.3403306416246,99.13959617054915
2535.0,469.4260205034469,469.3124889383667,100.62707280621015
2536.0,468.5117889882127,469.28422950208693,99.83233271138462
2537.0,469.97977261629103,469.25619325531716,100.22690144642975
2538.0,468.6164302925899,469.2280462004943,99.28848693962082
2539.0,469.7799264119295,469.2001626837454,100.10454300283273
2540.0,468.4889283240387,469.1720499912521,100.5270467706648
2541.0,469.5498374221158,469.1438186456174,100.03164961182677
2542.0,469.65317458735,469.115726424018,98.69939526037936
2543.0,469.30758426580496,469.0880083438491,100.53997513992381
2544.0,469.2757195704096,469.0597733674973,98.38973807565317
2545.0,469.13296494714996,469.03214224938773,99.89343965090032
2546.0,468.1098991221315,469.00408884175243,99.06149883721419
2547.0,468.7692184146254,468.97626907082895,101.06335821903566
2548.0,469.20034745780043,468.94788711106247,100.7851702687964
2549.0,468.52521756312086,468.9195832757453,100.3077238632152
2550.0,469.005537291445,468.89141352329375,98.5617164462884
2551.0,468.5107281620576,468.86373410792504,100.42755561269337
2552.0,468.1313828591764,468.8355307027238,100.28906692723743
2553.0,468.513125900715,468.8073661897618,101.05922667985833
2554.0,468.72235124627156,468.7789853902692,100.37224104131826
2555.0,468.89001560725575,468.7507975192434,100.41716486204585
2556.0,469.0884461017115,468.7225970321113,100.80247571422548
2557.0,468.7765092623331,468.6942883368483,100.48203488496321
2558.0,468.2401521205212,468.6660696320514,99.34482568153125
2559.0,468.75189491135,468.63817029350577,98.26075038855474
2560.0,468.74773710137515,468.61057539943835,99.98979070907566
2561.0,468.12115136857096,468.5824949332142,100.17101964576139
2562.0,468.8856413132606,468.5543635718637,99.57804636307561
2563.0,469.37931745624064,468.52639873717675,101.47213138105502
2564.0,468.50833821593034,468.4979019802806,100.72138092216126
2565.0,468.93693477759643,468.4696160591382,99.14050209895343
2566.0,468.33622808901004,468.44177410146546,98.76309961594865
2567.0,467.7026024414471,468.41403813099,100.22598530697819
2568.0,468.21907442056886,468.3858913334496,99.74187352238391
2569.0,468.88113407287364,468.3578804906354,99.22069450955479
2570.0,468.0792835664557,468.33001601226067,99.85093140810133
2571.0,468.69183544973805,468.3019745423569,98.77319165438966
2572.0,468.50971448408967,468.2742357377006,100.77404295042
2573.0,467.19037559124854,468.24593502730534,99.62609394469824
2574.0,468.5265871607835,468.21795669925586,97.39737037529801
2575.0,468.3276494352632,468.1906042710755,100.13939808246697
2576.0,467.6572471573727,468.162481790114,100.01733058558948
2577.0,468.0786132514732,468.1343935897745,100.34379397905721
2578.0,468.3294358739432,468.1062137076321,100.05842335401006
2579.0,468.1405997841176,468.07811396707353,99.55207163354511
2580.0,468.70448084870304,468.0501564269564,99.49220231600331
2581.0,468.25500753723827,468.0222157001394,99.03548390898136
2582.0,467.9497933029842,467.9944032350749,100.73190262042621
2583.0,468.8837605941975,467.96611435908903,99.0950307822032
2584.0,468.28676497228844,467.9382851712777,101.12264576101431
2585.0,468.1953153723034,467.9098865615931,100.25642183074059
2586.0,467.55460308401314,467.88173121646236,99.8652235988149
2587.0,467.425086135507,467.853685732835,98.2277078559042
2588.0,467.54263144524526,467.8261001182121,100.80711693695247
2589.0,467.4295179509925,467.797790119539,99.60212787891435
2590.0,468.42951675707604,467.7698185219596,99.68313932813447
2591.0,467.6182686509109,467.741824173665,99.46906567383007
2592.0,467.1908678761331,467.71388994438826,100.21026877572004
2593.0,467.1460393580633,467.68574756057376,100.68894725330645
2594.0,467.3038272271009,467.65747074788675,100.38269791976211
2595.0,466.9205655865628,467.629279940221,99.30354207558766
2596.0,467.2135347497615,467.6013921954881,100.78260630630123
2597.0,467.4291997739888,467.5730890802171,101.89947531918122
2598.0,467.17503737897937,467.5444723108983,99.41384066528968
2599.0,467.5130163644843,467.5165535906448,100.30078095056466
2600.0,467.85257563958874,467.4883857879945,101.05377275900874
2601.0,466.667707703209,467.46000652014465,100.45273884370653
2602.0,467.108933636838,467.4317960426527,99.93247145300597
2603.0,467.49249355304084,467.4037316735863,100.58406566083303
2604.0,466.7743695577148,467.3754843151466,100.11492838361468
2605.0,467.2314657520471,467.34736870609214,100.37749375854888
2606.0,467.1427073456439,467.3191793599283,99.27620691170178
2607.0,467.5784776529529,467.29129929182056,100.91505248015883
2608.0,467.63050077620807,467.2629589812491,98.17798999982755
2609.0,467.24224342893694,467.23538732905746,101.63530984205002
2610.0,466.82216040174984,467.20684474621015,102.11704112489427
2611.0,466.9949553375217,467.1781668771609,101.6146339116804
2612.0,467.0214518504943,467.1496301008041,101.0966215451952
2613.0,467.08556714847356,467.12123879958676,99.32504070313284
2614.0,467.0491789370454,467.0933450173227,99.60456323287248
2615.0,467.32443470206204,467.0653727358148,100.76826341074153
2616.0,466.6811960246977,467.03707364850686,100.60720060600785
2617.0,466.72044307908214,467.00881979300334,99.95806042985545
2618.0,466.75763886370237,466.98074823769934,99.89580644042564
2619.0,467.54021749610155,466.95269416539065,99.59568102205166
2620.0,466.44062114229996,466.9247243783036,99.44848071644695
2621.0,465.3383076687111,466.8967959299691,101.2459973326575
2622.0,466.8525016714272,466.86836267905153,98.9409014344938
2623.0,466.8169730688232,466.8405767758986,101.63396492064956
2624.0,467.1141288552036,466.8120345707501,100.42934833783538
2625.0,467.0454723854239,466.7838306620919,100.94592881851243
2626.0,466.5940706904886,466.75548168041536,101.64246365961915
2627.0,467.11004463017724,466.7269370885376,100.46816565168444
2628.0,466.1890894848343,466.69872227868376,99.36064083771842
2629.0,465.54759158963117,466.67081849871516,100.87640271758315
2630.0,466.7723308183656,466.6424890422853,99.40930550853955
2631.0,466.8628052655309,466.614571595655,98.16643779198806
2632.0,466.8398919271241,466.58700318770843,100.35804751085121
2633.0,466.40216812336934,466.55881930269913,98.64691169299616
2634.0,466.96382241335385,466.5311159616653,98.52582101955858
2635.0,466.0307464846547,466.503446626929,100.2660811459264
2636.0,466.5367217022533,466.47528856914056,99.98977380780056
2637.0,466.68706695378734,466.4472081076629,101.09067149113552
2638.0,467.21967573876873,466.4188184774191,99.58345745810367
2639.0,466.90300593204057,466.3908521231163,99.53691923557517
2640.0,466.58030461616937,466.36289883829767,100.36174794349333
2641.0,465.72966891298995,466.3347139140835,99.32622112327472
2642.0,465.8755106504399,466.30681980031807,100.92271770445996
2643.0,466.2085082305462,466.27847733709604,99.38860880704013
2644.0,465.74915798122754,466.2505657027894,100.48756087845186
2645.0,465.8397074971287,466.2223454461094,100.11967602514473
2646.0,466.40335348030806,466.194228503759,100.574193466142
2647.0,466.4553410359176,466.16598391776057,101.07087929193631
2648.0,465.8918077846161,466.1375998458261,100.51343957690634
2649.0,466.2477656840167,466.1093723215449,99.8451899166285
2650.0,466.48949094324377,466.0813324640433,99.79415896721662
2651.0,466.43160965524555,466.05330693773334,99.68018358949347
2652.0,466.33184486803333,466.0253134195087,100.48513761942604
2653.0,465.5001509434412,465.9970938433606,98.63050700802242
2654.0,466.2885443499013,465.96939510930906,102.08529254626458
2655.0,464.7312337946341,465.94072615631904,99.93543006267399
2656.0,465.85882485787073,465.91266095637644,99.51506334048405
2657.0,465.7180082142111,465.8847138094216,100.13996833129623
2658.0,466.2347164730467,465.8565911683153,99.62729937722678
2659.0,465.9796783739538,465.8286125017402,99.5568655487321
2660.0,465.513079557266,465.8006536153319,99.26325338913334
2661.0,465.44839958725623,465.7727771850051,100.43713467995609
2662.0,466.3761340948206,465.7445710896825,100.5079574097121
2663.0,465.05811455789234,465.7163451049766,99.41237492565942
2664.0,465.6354201055201,465.6884267963516,99.5921280928764
2665.0,465.71021036677547,465.6604580070455,98.07829034763711
2666.0,465.2198771481873,465.63291435383957,98.73245692695727
2667.0,465.41644656824144,465.6051869888526,100.98877283768144
2668.0,464.9697219608789,465.57682597514736,98.79537658906727
2669.0,470.6383847750361,465.5490809402219,101.05928704769867
2670.0,465.198648986822,465.52070012377607,99.15524607657454
2671.0,464.8977765187452,465.4928540255029,99.87905122238485
2672.0,465.64151147910536,465.4648046586179,101.15711141028345
2673.0,465.7376160798819,465.43639636983016,102.06083664844955
2674.0,465.3365551605588,465.40773428487137,101.64966401313643
2675.0,465.33309916303944,465.37918767089434,101.20296482992104
2676.0,465.3231170123897,465.350766504938,100.22996776475149
2677.0,466.2979414063021,465.32261858899074,100.27093826303776
2678.0,466.12902838471365,465.29445916716185,101.09197943211184
2679.0,465.21957786673346,465.26606916960463,100.64948309964218
2680.0,465.331763493422,465.2378034397675,100.66221631911692
2681.0,464.84683619502766,465.2095341340179,99.57401786254945
2682.0,464.99754305965064,465.18157043066816,101.70427466415934
2683.0,465.1440249564521,465.1530084802,98.37849598613016
2684.0,465.5297754348976,465.12538051924383,100.51761175311485
2685.0,464.8259569331511,465.0971518232766,98.49377107706566
2686.0,464.55115992423,465.0694914892324,100.54107006805319
2687.0,465.0036211125152,465.04125620538827,99.98623372233271
2688.0,464.90961281513285,465.01317673808455,100.01870354792004
2689.0,465.008741938462,464.9850881521715,101.1290268889788
2690.0,465.4433224776435,464.95668775045357,99.81578155048346
2691.0,464.7167745016259,464.9286561518015,99.39698365940792
2692.0,465.37070711553906,464.9007421655571,101.12451241384109
2693.0,465.0879427829418,464.8723430316543,100.76285420305022
2694.0,463.9726381325008,464.84404546343217,99.45070959634653
2695.0,464.73853619462426,464.81611638915393,98.04317067394169
2696.0,464.756820843182,464.788582598723,100.14122504631466
2697.0,464.72929503145406,464.7604596046891,100.34479606380866
2698.0,464.8916142917855,464.73227944112784,100.54633986708417
2699.0,465.0719863597928,464.7040426773486,100.00897966911026
2700.0,464.88565578772557,464.6759568222248,100.90291254450376
2701.0,464.0765722903693,464.6476199209519,99.50824835342486
2702.0,464.29141815777035,464.61967468787265,101.49921850527824
2703.0,465.31171748641617,464.59117032400906,99.28844663667307
2704.0,465.00337365842944,464.5632868185786,99.85386630946438
2705.0,465.1858521673217,464.5352445244567,99.31085648068317
2706.0,464.86703906791956,464.507354725595,99.81550029643533
2707.0,464.6285556854899,464.47932320592844,100.6390023255741
2708.0,464.78972232983875,464.451060419442,100.0572600241805
2709.0,463.9044597602507,464.42296100558525,100.74718246318626
2710.0,464.0238333671218,464.39466783851014,99.83362809174263
2711.0,464.4747495798795,464.3666312279544,99.80580787680448
2712.0,464.410679924886,464.3386024302423,100.02183603049212
2713.0,464.0289370222958,464.31051296462374,99.99199752052218
2714.0,463.8585920976227,464.2824318786534,99.07366327597765
2715.0,464.87895043344,464.25460869155006,99.47963986494125
2716.0,464.15239697824086,464.22667149268796,99.25013109491708
2717.0,463.908863809372,464.1987987475389,100.28295714459897
2718.0,464.29152187395147,464.1706359504074,100.72085445575944
2719.0,464.2347885919397,464.1423501771144,99.75438177287529
2720.0,464.2858414422507,464.11433582156656,101.09738894049137
2721.0,463.60516138105805,464.0859443048391,99.73487047542007
2722.0,464.21194582116095,464.05793542871385,100.12922962508279
2723.0,463.7162095643987,464.02981580339423,100.07934484845106
2724.0,463.809782351108,464.00171018738257,99.78296313727937
2725.0,463.7055707285252,463.9736878052349,99.9826396586681
2726.0,463.87282606244275,463.94560934726405,100.88975414001017
2727.0,463.74165530422084,463.91727614130974,100.39304407048951
2728.0,464.0482115104202,463.8890824280999,99.98135326017479
2729.0,463.76570462136084,463.8610043313927,101.06019996773502
2730.0,463.7496777785341,463.83262325856845,99.8420431667143
2731.0,463.73799106473746,463.80458428477914,99.55785693571005
2732.0,464.5280511759621,463.77662511995635,98.8381579558687
2733.0,464.200144394166,463.74886807059704,100.26104317270351
2734.0,462.91021382240183,463.7207114276394,99.93399958781534
2735.0,463.7806664966882,463.69264662942186,99.92331170319487
2736.0,463.628314781643,463.66458483271856,101.5786772432907
2737.0,463.6601836119564,463.6360581541927,99.84423759708334
2738.0,463.6692333824908,463.6080185641341,99.18021576686706
2739.0,463.2146601869342,463.5801654535396,99.25199523222612
2740.0,463.1130035851677,463.5522921848786,99.87538217296901
2741.0,463.81119772971596,463.524243848385,99.21716987237903
2742.0,463.7302280408357,463.4963803598459,100.6734032640309
2743.0,463.32822674921823,463.4681079124292,100.32417516447846
2744.0,463.8325771910261,463.43993353990385,97.70028510910096
2745.0,463.57747971320265,463.4124960431691,98.93429021291503
2746.0,464.26181647694983,463.3847119966676,100.42695033610939
2747.0,463.0487924513306,463.3565087614482,99.88085887994445
2748.0,463.51927207581963,463.32845888691276,100.04522401619862
2749.0,463.3037107715246,463.30036285316817,99.25582903893257
2750.0,463.18163381892117,463.27248850784645,99.22177516565871
2751.0,463.5191603727046,463.2446237259874,101.84480741427346
2752.0,462.9231987107015,463.21602230923855,100.0305002211225
2753.0,463.24771110258393,463.1879304104265,100.23453044973449
2754.0,462.65961638099253,463.1597812131252,102.13500850586178
2755.0,463.21140549533936,463.13109829823645,100.12993975496546
2756.0,462.84675413798846,463.1029784734886,99.42250526120053
2757.0,462.9042249788926,463.07505731992774,99.40446980416473
2758.0,462.74231223628465,463.0471412313244,100.18076875919427
2759.0,462.7720681579711,463.01900713209784,102.65253460879674
2760.0,463.2926415832406,462.99017887862857,100.1820827917443
2761.0,463.1213329896367,462.96204441037787,99.6796320015192
2762.0,463.3094541052316,462.93405104705744,99.70121795101782
2763.0,462.7739549724202,462.9060516216829,100.76747818843764
2764.0,462.68062964515576,462.87775275489156,100.64304027539866
2765.0,462.8940062790282,462.8494888344142,98.18943744614339
2766.0,463.7718666550681,462.82191396739813,98.74251361291564
2767.0,462.5289922547398,462.79418377815847,100.168985647744
2768.0,462.2017191312334,462.7660529880224,100.61989788334161
2769.0,463.1139412368005,462.7377955667002,99.15334136504028
2770.0,462.37969941351247,462.7099500033335,99.60590794458533
2771.0,463.20401527912674,462.6819773441857,97.83292610117888
2772.0,462.9916673589167,462.65450259743903,99.48423448256008
2773.0,462.8323389945852,462.62656410825514,101.71804624902416
2774.0,462.36626253120835,462.5979982902669,99.36825824545653
2775.0,462.5153494547451,462.57009237107627,99.60047918517111
2776.0,461.91372924888867,462.5421212365051,100.66188310691328
2777.0,461.95554050573685,462.51385202433255,100.37272217334167
2778.0,463.1324385720358,462.4856640181889,100.34931750916044
2779.0,462.232225069786,462.4574825848551,100.2846946207714
2780.0,462.11204024385444,462.42931929978243,100.47915604483529
2781.0,462.5554738778649,462.40110140345985,98.95295851636395
2782.0,462.177973219253,462.3733121142765,98.97518857283931
2783.0,462.180399422857,462.3455165821523,98.29294257508002
2784.0,462.19737271681925,462.3179126474458,99.98285936967326
2785.0,463.0721160675487,462.2898341277728,101.26006379548956
2786.0,462.0854206859875,462.26139692652356,101.28120740765654
2787.0,462.3108513622907,462.23295378744325,99.09574819827387
2788.0,461.76828581087074,462.2051243981576,99.12309738864899
2789.0,462.78390527540387,462.17728732830756,99.43807970394677
2790.0,461.65709355297884,462.14936180092405,97.67760117101875
2791.0,461.8572000518581,462.1219306745952,100.14288755485609
2792.0,462.60094346971465,462.09380721367353,98.88455665271215
2793.0,461.47429015495845,462.0660371340136,98.32811383920723
2794.0,462.4945170170193,462.03842332204374,100.11448725335416
2795.0,461.72119817244476,462.0103078368734,100.63561053858706
2796.0,462.26016229405656,461.9820460029139,100.04073445942747
2797.0,462.13943335677993,461.95395122998644,100.75727388015187
2798.0,462.7261939319571,461.9256552289051,98.55422473401246
2799.0,461.5231535099835,461.89797791745906,98.76029186579719
2800.0,462.7578300188703,461.8702427354934,99.08573397878352
2801.0,461.21363935334887,461.84241615853426,99.06599829732231
2802.0,461.65457052459396,461.8145951240125,98.25186877934331
2803.0,461.61426773025124,461.78700272419695,99.5304855874841
2804.0,461.012849382094,461.7590512461611,99.47312271654172
2805.0,462.2437897400554,461.7311158775316,101.44131721510568
2806.0,461.8510087416225,461.7026277742803,99.87657068921324
2807.0,460.7533862531253,461.67457910401174,99.68668300566392
2808.0,462.6710904789125,461.6465837605344,98.6866260464819
2809.0,461.25854473248546,461.6188692663863,99.6048245425207
2810.0,461.62704076007617,461.5908969114939,100.92099282504242
2811.0,461.4081255046622,461.56255493267554,98.83306483414002
2812.0,461.2908504202146,461.53479931363466,99.18562409175406
2813.0,460.7748543791103,461.5069446842022,102.23068009716708
2814.0,461.7261955175976,461.4782349015416,98.62633890458899
2815.0,462.4036440015279,461.4505373380325,100.14839515980532
2816.0,461.3761849476801,461.4224123303918,99.76631140152409
2817.0,461.4408015589116,461.3943946246066,97.93650113162693
2818.0,461.777598392432,461.3668907905388,96.65976133761502
2819.0,461.26873302653166,461.3397455075631,99.73239272152853
2820.0,461.1224038724855,461.3117373272738,100.27002660958088
2821.0,461.34254865666475,461.28357816146763,98.59628642829696
2822.0,461.40314161989374,461.2558890376957,101.1150409297743
2823.0,461.2927604467528,461.2274925637012,98.45774492877989
2824.0,460.9782937514448,461.1998423470004,101.76101602977536
2825.0,461.4680104938191,461.1712644616654,100.76671231637158
2826.0,460.62934154521383,461.14296580995654,99.9975235577541
2827.0,460.8799443780634,461.1148831720907,98.70811772124256
2828.0,460.8926822530238,461.08716264236404,99.73906191713091
2829.0,460.8637666128804,461.0591525891423,100.01351896660469
2830.0,461.0999170425288,461.03106545923254,99.03002978713697
2831.0,461.4498374228345,461.00325452586725,100.12597539605315
2832.0,460.9201226564374,460.97513581444355,100.63664932708625
2833.0,460.8216230123969,460.94687368875753,101.20941886440794
2834.0,461.09672923186235,460.91845071029314,99.38732505726672
2835.0,460.6878692166877,460.8905394365062,99.87604761241482
2836.0,461.21391711690535,460.862490913135,98.64796369255879
2837.0,461.1566189930898,460.8347872766647,99.86725824755183
2838.0,461.14362008507055,460.80674122164015,98.03708301438108
2839.0,461.0051378707781,460.779209140827,99.05917796470423
2840.0,461.06620768106166,460.7513900216819,99.49229549764884
2841.0,460.2621303960209,460.7234492686963,98.61303913973327
2842.0,460.9472229981735,460.69575544020455,99.30894270732959
2843.0,461.80476348736016,460.66786617879427,99.7703004746112
2844.0,460.8207831058051,460.6398473527443,99.95439849593949
2845.0,459.99916917841074,460.6117768258334,100.32269145657446
2846.0,460.4777026266399,460.58360286998266,100.07233113298268
2847.0,460.5190398019493,460.5554992236561,101.1620447502799
2848.0,460.2296789485663,460.52708954942204,99.69626741693305
2849.0,460.2864289206017,460.49909151432246,98.81665526442167
2850.0,460.6522206110072,460.47134050363576,99.10304360855105
2851.0,459.70585821641055,460.44350906555565,99.23919425978889
2852.0,460.41325314845824,460.41563939183436,99.61266308860372
2853.0,460.44061264067176,460.387664835617,97.50344753047247
2854.0,460.3269032391321,460.3602826174355,99.36049968612771
2855.0,460.57412241942274,460.332378877107,99.88239223156167
2856.0,459.88645238036815,460.3043285719553,101.15431993252567
2857.0,459.96995999264703,460.2759210671076,100.00562427333104
2858.0,459.47206461838886,460.24783615429084,100.82437339533175
2859.0,460.5517062712071,460.21952130942896,98.31162554274361
2860.0,460.51951771079973,460.19191212792236,101.19252025254752
2861.0,459.3883777940695,460.1634938951515,99.1417515318042
2862.0,459.8748823813482,460.1356515865963,101.21051253283451
2863.0,459.9905862353493,460.10722830099326,101.62225027725295
2864.0,459.9572924516812,460.0786893857071,101.69076777955219
2865.0,460.0896025141325,460.05013122842234,99.13913623555015
2866.0,459.2014569998632,460.02228965432954,99.36125669196541
2867.0,459.47600151721997,459.99438570140853,101.79714708083229
2868.0,460.7077507223324,459.96579766927005,96.79642815030167
2869.0,459.3687167000764,459.9386140056978,100.78551907125247
2870.0,460.00828375494604,459.91031007242526,99.51771304603379
2871.0,459.7510160761983,459.88236218134483,99.14375172899582
2872.0,459.65550151480863,459.8545193110676,99.11186268486256
2873.0,459.7267414912611,459.82668539629697,99.8002437390219
2874.0,459.1248166505273,459.79865816118024,98.28900234923158
2875.0,459.61373644943166,459.7710553330205,99.91425840825958
2876.0,459.9106770377934,459.7429960787842,100.44477756730038
2877.0,459.47677791294217,459.71478783708403,100.0515341372313
2878.0,459.9153340421667,459.68669003124717,98.98925878149522
2879.0,460.2789211491314,459.6588905477393,99.35849809279613
2880.0,459.8337093701193,459.630987369525,100.95376094159005
2881.0,459.4742841281504,459.6026361883272,99.90427524547583
2882.0,459.61182324250194,459.57457973769573,101.79324576732579
2883.0,459.3789830895977,459.5459928011761,99.81392187162004
2884.0,459.42064307333027,459.5179617247838,99.24923245769592
2885.0,459.73259209028157,459.49008923200194,102.36229399239093
2886.0,459.6514881032228,459.4613424877724,98.36335247151703
2887.0,459.546492524647,459.43371877962005,100.26787531432696
2888.0,459.2393229722997,459.40556021796925,100.3028182260439
2889.0,459.13972668838994,459.3773918431841,100.56962691256568
2890.0,459.4789804861163,459.3491485396261,99.34406682343781
2891.0,459.5670484080378,459.32124941419323,98.17579026169179
2892.0,459.2544067554341,459.2936783797614,102.78508292171304
2893.0,461.73771928519557,459.26481290230754,100.89270974279982
2894.0,458.5289508466537,459.2364788663214,98.3246437216724
2895.0,458.67649442907975,459.2088660288763,99.87497169736419
2896.0,458.98685776430386,459.18081780765795,100.51547307559565
2897.0,459.6767083093141,459.1525897123026,100.18155727161952
2898.0,459.4076971709038,459.1244553916355,98.55014889640658
2899.0,459.7052376906537,459.09677922482035,101.20889481262107
2900.0,458.6517354746125,459.06835639352715,98.48657561338071
2901.0,459.5472472559361,459.04069808020904,99.79236374669608
2902.0,459.1143947676956,459.01267305805686,98.61800468558296
2903.0,459.37634328820263,458.9849778350743,100.29042070864459
2904.0,459.7283478160573,458.9568129419253,102.06227872879454
2905.0,459.00330874152553,458.92815045198233,100.74660958457012
2906.0,459.13460702850347,458.89985744579064,100.12090009763673
2907.0,458.4857492954407,458.87174015967986,99.60290148649864
2908.0,459.0896985958433,458.8437683448458,100.85062645555475
2909.0,458.91815851419227,458.8154461272495,99.9375806219152
2910.0,458.2741624071195,458.78738032335815,98.33409829313399
2911.0,458.3145276062842,458.7597648307542,99.4077916228612
2912.0,459.0235201571633,458.73184780927346,97.80429869181286
2913.0,458.92867364411865,458.70438110205754,99.71267248169892
2914.0,458.5077045913974,458.6763784598689,99.73700435147833
2915.0,459.2105736183325,458.64836898448016,101.20138677094151
2916.0,458.1322671382288,458.61994826169536,101.48974856933
2917.0,458.9368927546594,458.59144655730546,99.62565351472304
2918.0,458.1061556191216,458.5634683529434,101.22562581984704
2919.0,458.5598768231026,458.5350408230256,100.13482008528624
2920.0,458.1731497664798,458.50691962771833,98.10274065314725
2921.0,458.4735685518001,458.4793691080516,99.04718233206853
2922.0,458.158868872988,458.45155335768004,100.43242644451979
2923.0,458.54172536413427,458.42334858458685,99.66206956892287
2924.0,457.880270980547,458.3953601533829,100.88855611014068
2925.0,457.8044026792366,458.3670272838753,99.68579152546675
2926.0,458.6636827728749,458.33903219075523,100.83026210131965
2927.0,458.24313675545255,458.3107156921485,99.94749273233538
2928.0,458.4928164900597,458.28264710460616,100.42477762045881
2929.0,457.69052355073336,458.2544444795577,100.14451721816518
2930.0,457.9643029248739,458.2263205609722,99.8766058427581
2931.0,458.69358948860094,458.19827188083144,100.05000458016822
2932.0,462.42698302712887,458.1701745045452,100.48179998858653
2933.0,458.21516708120555,458.14195586571503,99.2628289770096
2934.0,457.6648770572571,458.1140795545773,100.48159604102689
2935.0,458.1960319529655,458.0858609730225,97.0617289623407
2936.0,457.46523751539655,458.05860280413884,99.57007676390712
2937.0,457.43531036242365,458.030640207581,97.10377166631146
2938.0,457.9081257107745,458.00337023170476,101.34608892422555
2939.0,458.3366111964788,457.9749088717318,101.18453834456074
2940.0,457.44406194288104,457.9464928805467,99.37365734959718
2941.0,458.0309547033933,457.91858544510774,101.55298147113838
2942.0,458.12780838691316,457.8900659828113,99.82443185236843
2943.0,457.1628416874389,457.86203195486604,99.48309000718879
2944.0,457.5888634681393,457.83409378708905,100.5110248436728
2945.0,457.37647897618484,457.80586694094546,99.90299667537052
2946.0,457.94220800114135,457.77781084937914,99.18124440824964
2947.0,457.83523438267815,457.74995744990775,99.86579125682243
2948.0,457.4337181143611,457.72191180686315,99.88920917012513
2949.0,457.06892756767155,457.6938595872879,98.88182385018747
2950.0,457.35594199755747,457.6660902750899,99.48319485348013
2951.0,457.49034691215354,457.6381520778686,99.61036031625224
2952.0,458.4454212145949,457.61017816834647,97.6707581045003
2953.0,457.1209807733637,457.5827489637788,99.69042547919616
2954.0,457.44682734729275,457.55475256929003,97.36778187983037
2955.0,457.36617413492496,457.5274084505454,98.87999901496428
2956.0,457.3870175088545,457.4996396508221,100.54691752506315
2957.0,457.8957946212486,457.47140272481715,99.5354958103653
2958.0,457.6449470259474,457.4434498397437,101.34410014650449
2959.0,458.3315019788231,457.4149890382859,98.06302930040799
2960.0,457.3014929674626,457.3874496708907,98.93683721222482
2961.0,457.06793246325594,457.3596649091069,98.97567982057748
2962.0,456.89814047358925,457.33186923902394,99.74911932827476
2963.0,457.8713153505952,457.30385636134594,99.06691562443926
2964.0,457.6189275420035,457.2760350692081,99.8374489797647
2965.0,457.3637490556686,457.2479973856196,99.63860198979002
2966.0,458.11159879475326,457.2200155448941,99.02023083104778
2967.0,458.0685465178244,457.19220736340236,99.74450578772107
2968.0,457.10509968189456,457.1641957813604,101.0176152475048
2969.0,456.7771470765106,457.13582666774505,99.7947245991835
2970.0,456.7274055286566,457.10780098258675,99.6950061490936
2971.0,456.916767645316,457.0798033016932,100.31903135866237
2972.0,456.9508839460913,457.05163037372,100.03776517185032
2973.0,457.11887369098474,457.02353643466756,99.94702719080784
2974.0,457.0004299144563,456.9954679778648,99.92136741817612
2975.0,456.5453576097469,456.9674067271815,100.79466478108769
2976.0,456.8104779236021,456.93910022548886,99.38752011182872
2977.0,457.3277257170352,456.91118889692416,100.80655151622962
2978.0,456.50656283013336,456.88287905704,99.68647799181613
2979.0,457.5459614227117,456.8548837711373,98.98170180991836
2980.0,456.9084703565148,456.827086409879,99.6331799042088
2981.0,456.61889055270984,456.7991060918559,98.61629775988148
2982.0,456.6749596055363,456.77141134823495,100.76142256956709
2983.0,457.22924620355604,456.7431141820634,101.29120895730432
2984.0,456.8081333747861,456.7146682342145,99.44850005121035
2985.0,457.2489494447049,456.6867397804501,100.84647026927992
2986.0,456.64079199642094,456.6584187300495,101.30133597422929
2987.0,456.7015453921326,456.6299699381968,99.3473325377883
2988.0,456.7528684642209,456.6020698956424,99.69141697811644
2989.0,456.6735937856296,456.57407322270774,101.38257222101679
2990.0,456.3433287607427,456.54560161700897,100.37471023469871
2991.0,455.6942359938651,456.51741305255143,99.66623118492976
2992.0,456.28765658793037,456.4894234526269,98.37147598939472
2993.0,456.58653451275484,456.4617974631199,99.01497235473765
2994.0,456.3946637288916,456.43399075838363,100.08546378680154
2995.0,456.8585767470135,456.4058834239702,100.30754315488535
2996.0,456.62388885579185,456.3777137222675,99.60025199216015
2997.0,456.6850131116491,456.34974265149975,100.21193543536813
2998.0,455.9075823524064,456.32159979963166,101.10091915667871
2999.0,456.82976330092026,456.2932072915018,99.94208504704537
3000.0,456.4932199008596,456.26514022261773,98.84573722956694
3001.0,456.48019785272925,456.23738104474575,100.77873723187216
3002.0,456.46914960430956,456.2090790160399,98.88785020063835
3003.0,456.0508018872547,456.1813080114418,99.65556117111595
3004.0,456.4909377348563,456.1533214080129,100.35752614480828
3005.0,456.2884068572471,456.1251376694206,99.99906780641705
3006.0,455.92410939583027,456.09705459787824,100.3430652006041
3007.0,455.7593592409206,456.06887492040113,99.63475386514821
3008.0,455.5284840352876,456.0408941603573,99.66895995068168
3009.0,455.99423422230825,456.01290379410455,97.85953181238818
3010.0,457.16164459241537,455.98542157558717,100.47832622209437
3011.0,455.76506106706483,455.95720391230645,99.81250841451842
3012.0,455.8707336680084,455.92917323286,99.41575760548494
3013.0,456.34978188882747,455.90125397426584,100.01680354039758
3014.0,455.994811977787,455.87316592193827,100.64709809854793
3015.0,455.9912693066983,455.8449008618889,99.62285077656188
3016.0,455.5935804080327,455.81692344462914,100.7953380839006
3017.0,455.3826867365597,455.7886167538506,98.0902043966036
3018.0,455.37096337041373,455.76106975478257,99.771061380067
3019.0,455.7878573290939,455.733050715045,99.31400353753196
3020.0,455.7444393171178,455.70516003238487,99.82775393366222
3021.0,455.11893146901986,455.6771250714885,100.21517872803041
3022.0,455.1102789473719,455.6489813087957,99.15217799504937
3023.0,455.7517548082029,455.62113607214206,100.10806305324037
3024.0,455.3474524736341,455.5930223911013,99.99449876002232
3025.0,455.2748548544363,455.56494060269955,101.59761267867846
3026.0,456.08424968837096,455.53640860647226,98.71130365748934
3027.0,456.01517410945615,455.50868718202844,98.88082520920193
3028.0,454.3984072399815,455.4809181502822,99.7323667062335
3029.0,454.8705932468758,455.4529099772989,101.14819522975613
3030.0,455.2784190692354,455.42450419247183,100.96862972999519
3031.0,454.3937935743132,455.3961488356227,99.16095024378839
3032.0,454.9142998571307,455.36830113542925,100.61350048157142
3033.0,455.277982417118,455.34004551071064,99.60502747175883
3034.0,455.4900103796685,455.312073098829,99.8443331179259
3035.0,452.3384312980199,455.284033481945,98.34851330597097
3036.0,454.6913667179821,455.256413941125,100.34180367088292
3037.0,455.44522907041994,455.22823461792734,100.14933303277823
3038.0,453.90817580265536,455.20010934690066,101.47324039668644
3039.0,455.6126955847712,455.1716122785559,100.07971960746491
3040.0,455.20830982162227,455.1435065572995,100.76060843354755
3041.0,454.8362184965589,455.1152096197644,98.76887689561266
3042.0,454.7233752836305,455.0874720268362,100.15644788359164
3043.0,454.8484811605635,455.0593447577222,100.9249735829809
3044.0,454.72334802087215,455.03100166097437,101.8190847600806
3045.0,455.73816355100075,455.00240746800426,98.98000570357028
3046.0,454.4677088887437,454.97461058306914,100.16015196541056
3047.0,455.14662710589215,454.94648227372556,99.70354188924313
3048.0,455.1972019871528,454.91848219571165,100.07762987537768
3049.0,455.03370770709597,454.89037706132166,100.67811369810683
3050.0,454.0652482740285,454.86210329105813,101.66614964341598
3051.0,454.70741103434034,454.8335520473666,100.45560413551853
3052.0,455.5347813631584,454.8053407652052,100.25682232526255
3053.0,454.8813042388475,454.7771853076022,100.06457968608598
3054.0,454.09556256688484,454.74908383814034,99.4515019468247
3055.0,454.3697429064714,454.7211545413436,98.95955564804026
3056.0,454.716814350882,454.6933633994658,99.91624582173466
3057.0,454.9619461812307,454.66530358709747,101.1367428476554
3058.0,454.7642601604341,454.6369010184812,100.26650091753476
3059.0,454.5338241614442,454.6087428428068,100.9259820488957
3060.0,454.14223151775207,454.58039946284805,98.8017287895293
3061.0,454.4285689783864,454.552652644013,101.09578857868274
3062.0,454.2016497726474,454.5242615767205,98.79129201029906
3063.0,453.7522109455435,454.49651768888094,98.89584479920052
3064.0,454.54688813711476,454.46874443913316,99.88475783837492
3065.0,454.4908242353787,454.4406934696402,98.14853267585322
3066.0,454.05141210890787,454.41313009004705,99.28129328049474
3067.0,455.4946233623007,454.3852485935175,101.3843265603426
3068.0,453.94178112437385,454.3567764951418,99.58897263816708
3069.0,454.38236307404543,454.3288085919925,99.87551648966698
3070.0,454.90413906573514,454.30076021777836,100.11047556581723
3071.0,454.20094850660445,454.27264585922364,100.11431770649804
3072.0,453.8397633756399,454.2445304216677,101.16580513672136
3073.0,454.7075051056386,454.21611969139184,101.03317204985711
3074.0,453.6524626439842,454.1877462089078,100.3314439630642
3075.0,454.37163165856214,454.15956979506154,100.3469714049083
3076.0,454.7999476865526,454.131389020592,99.50737916151809
3077.0,453.6926871810068,454.1034440316108,99.38001351958481
3078.0,454.5517092769747,454.07553481114735,100.12991697761123
3079.0,454.3915390602791,454.0474149927961,100.17815839181975
3080.0,454.26602042127803,454.01928162664774,99.69442528144032
3081.0,454.20028687994284,453.9912841088812,100.86960273641763
3082.0,454.2185332959144,453.96295656211277,102.67381699596864
3083.0,454.6509122981307,453.9341223318398,99.18495440017386
3084.0,453.8829686209471,453.90626789047906,99.32622615648044
3085.0,454.1136303537113,453.8783737753,99.84547918191778
3086.0,453.39945275847754,453.85033383656315,98.1518387409054
3087.0,454.3859750750865,453.8227695285168,99.68260244285725
3088.0,454.10671377802834,453.79477533099737,98.8556650472121
3089.0,453.86457701454754,453.7670133650633,98.40375785335715
3090.0,454.0607710475963,453.7393783097328,101.45600073847068
3091.0,453.78379285807057,453.71088608285874,102.57618500626747
3092.0,454.5216638893714,453.6820792709028,100.04418413622335
3093.0,453.82394823961414,453.65398352919124,100.56558893869041
3094.0,451.90145423925145,453.625741359631,101.11370543714929
3095.0,453.5276946147116,453.59734526068735,99.0869490789084
3096.0,453.2805261816672,453.5695183424877,98.93456710421931
3097.0,453.1812571897253,453.5417342182259,97.51308077789409
3098.0,453.74981336548484,453.5143492947075,99.06691317640109
3099.0,453.6507814197658,453.4865280032571,98.18592926470838
3100.0,452.94050384268917,453.4589541214553,99.67207337325745
3101.0,453.6188390008134,453.43096288084956,101.19631482827563
3102.0,453.7246665876856,453.4025435824353,99.50601738768742
3103.0,453.29212416304665,453.3745989758856,99.76655974968214
3104.0,453.8420994811463,453.3465812003559,98.9245344071245
3105.0,452.5829762169305,453.3187998936099,99.14915652802596
3106.0,453.70153574932283,453.290955505485,100.82782205327428
3107.0,452.83130967686935,453.262639692125,99.11004783950901
3108.0,452.9560855379098,453.2348062870234,99.92100593538206
3109.0,452.92136134623564,453.20674513785656,99.84865675237634
3110.0,453.2573008871128,453.17870430675197,100.16304749803818
3111.0,452.91857192688684,453.1505751842462,100.7016144174629
3112.0,452.97567070312203,453.1222948141973,99.30122878332112
3113.0,452.61826011320034,453.09440771911403,102.3436345529711
3114.0,453.93189330172925,453.06566621507704,99.52069912754646
3115.0,452.8701684630173,453.03771748540544,99.54033659682848
3116.0,453.1462348404215,453.0097632408778,99.30855421516895
3117.0,453.17677148298446,452.981874088569,99.37964134062669
3118.0,453.04184579306406,452.9539649726259,98.39149356519042
3119.0,453.3312969744955,452.9263333615163,99.5399651898659
3120.0,452.75371535830186,452.89837922129215,99.2130730035737
3121.0,452.97698537149955,452.8705168832903,98.45862072206542
3122.0,452.8509134238424,452.8428664206375,99.74725825520603
3123.0,452.9152945657601,452.81485406561086,98.8221762957449
3124.0,452.4394810256056,452.7871015044345,99.39573790116842
3125.0,452.62917947914605,452.75918786804056,100.12801331442752
3126.0,453.2423747082784,452.7310685843014,100.01149020290622
3127.0,452.7630697802363,452.70298202413613,102.04420130742767
3128.0,453.1297505133488,452.67432461093557,99.047688941062
3129.0,453.167425971483,452.64650871829133,99.31680203519535
3130.0,452.5097360078809,452.61861724971976,101.7703183996025
3131.0,452.5332145490427,452.59003675196925,99.35054221841622
3132.0,452.284151662274,452.56213580802955,102.46810220711087
3133.0,452.23153339844913,452.53335934932636,101.18772051745437
3134.0,452.41852884475634,452.5049424644811,99.45510828519352
3135.0,451.37296897351933,452.47701215490434,101.13241931151256
3136.0,452.2055815124675,452.448610800481,99.90177718481053
3137.0,452.6253275723235,452.42055505138825,100.27823536397007
3138.0,452.6108054330223,452.3923935802902,101.3830760037153
3139.0,452.4554528090209,452.3639218331125,100.40373771936152
3140.0,452.4086329614685,452.33572511676965,99.14546632054089
3141.0,452.1370870434075,452.30788176497794,101.18953767347973
3142.0,452.1648213905799,452.2794643698146,99.83782788019388
3143.0,452.073171433666,452.25142657981826,100.96505856849198
3144.0,451.721509252846,452.22307222587034,100.69197347498391
3145.0,452.71599343025036,452.1947945633194,99.65375655918609
3146.0,452.28881176602016,452.1668084666857,99.22460504241879
3147.0,452.5702225027109,452.13894289010295,100.95526512817436
3148.0,451.9593448389237,452.11059128647946,98.31464365624078
3149.0,452.06989030184855,452.082981257386,99.51853813645153
3150.0,452.3253640937739,452.05503313459275,98.27032662191262
3151.0,452.00900691194846,452.0274355511997,99.45264012887756
3152.0,452.10918584165313,451.99950593476353,99.3344853713317
3153.0,451.91608227822377,451.9716095001217,99.0674278920371
3154.0,452.28811591164146,451.94378806412203,100.46859023766098
3155.0,452.1590577954585,451.9155731350303,101.0040842069941
3156.0,452.4039970000425,451.88720782138216,98.85552020232235
3157.0,451.3662652539798,451.85944589612535,98.31492452181892
3158.0,451.98049340722196,451.8318357881555,99.10175713171232
3159.0,452.62944119847776,451.80400471136096,100.587288795602
3160.0,451.73926644360023,451.77575644775754,99.27371727015229
3161.0,452.92067065108216,451.74787707882416,100.73879224977442
3162.0,451.8645820504453,451.7195862680007,100.28984361782092
3163.0,452.4503954309484,451.691421536918,100.31467887477174
3164.0,451.8441027591437,451.66324983126736,98.95835177216951
3165.0,451.7659211483547,451.635459027478,100.36650319661076
3166.0,451.07781109249436,451.6072727678303,100.81572910252982
3167.0,452.0754039563688,451.57896035057405,101.24562806482686
3168.0,451.2825695233968,451.55052720335914,102.23987454792399
3169.0,451.86987328053146,451.5218148385903,97.91499989246299
3170.0,451.8730087218284,451.4943170427871,102.03864921518499
3171.0,451.6005533350078,451.4656611887992,101.15000841948081
3172.0,451.25856073987904,451.43725489476805,98.9828579729957
3173.0,452.04084974970107,451.40945720882064,100.39099429283641
3174.0,451.369511026648,451.3812640712567,100.73702250063366
3175.0,450.9042377168162,451.3529737574378,99.27223457183148
3176.0,451.0496814321221,451.3250948048955,101.78295585392374
3177.0,451.7452965024882,451.29651075812654,98.2674476791187
3178.0,451.567978922619,451.26891398323664,98.2608449979449
3179.0,451.2740294907744,451.24131906259976,99.90360111260591
3180.0,451.35488177984706,451.21326280128727,101.03802120396043
3181.0,450.83713227187627,451.1848879569992,101.2749789908519
3182.0,450.65559269093325,451.1564465670659,100.71349419296361
3183.0,451.13945997498934,451.12816286078004,99.1892004765155
3184.0,450.9040205316682,451.10030722697957,101.70877304261208
3185.0,450.96288262555134,451.07174401321674,98.9635360244025
3186.0,450.99713918242054,451.0439517535166,97.13269066927545
3187.0,451.20499875594174,451.0166736562203,100.05887992926192
3188.0,451.0266884225934,450.98857378744015,99.3626717075147
3189.0,451.0509659376795,450.9606694371356,100.99060195714036
3190.0,450.7282108139035,450.93230790975264,101.39211640663335
3191.0,451.1196384957093,450.90383362372853,100.17609626187341
3192.0,450.9813659480512,450.87570083669493,100.48544696692639
3193.0,449.878845266008,450.8474811736717,101.3074378968397
3194.0,450.6243999652909,450.8190306681957,99.45006884618235
3195.0,450.9203525413735,450.7911017738614,99.55651839053449
3196.0,450.3164871005889,450.7631429849467,98.35737247389153
3197.0,450.4778000808664,450.73552095617697,99.5011999380703
3198.0,450.33280895289363,450.70757770252766,100.72807595730772
3199.0,450.93960010977526,450.6792899011963,98.50089844822087
3200.0,450.48203906535235,450.6516275655488,101.21844386953934
3201.0,450.9015951218584,450.6232020525621,100.37783768152946
3202.0,450.53295675093943,450.5950126098132,99.93750201824068
3203.0,450.61857723386413,450.56694682799645,102.64909199164417
3204.0,450.61080614910736,450.5381195413288,99.76259882420696
3205.0,451.4551408558403,450.510102878159,100.14544639512044
3206.0,451.2434177143209,450.48197869862963,101.86911612005132
3207.0,450.8672160424455,450.45337045518596,99.30916563114587
3208.0,450.63410324087107,450.4254811311712,100.15076408963206
3209.0,450.3199853149604,450.397355458256,98.57459960518445
3210.0,450.0544400290261,450.3696724248669,99.83348675082745
3211.0,449.8682742844672,450.3416358540044,99.01959266704907
3212.0,449.89351962313276,450.3138278517304,98.12736762168996
3213.0,450.1788453880972,450.28627041599,100.26382797853817
3214.0,450.0543829540951,450.258112990966,100.24767452061502
3215.0,449.81753490807733,450.2299601023715,98.1692951457266
3216.0,449.15417092824714,450.2023908919847,101.17625467563289
3217.0,449.96714506033123,450.17397722712997,100.53606229841263
3218.0,450.55770415759633,450.14574334963453,99.14441689070193
3219.0,449.6741831403839,450.1179002925577,100.7938041987747
3220.0,450.64389794339024,450.08959403254516,101.46208867549348
3221.0,450.07689964736574,450.06110009597546,99.9745851462448
3222.0,449.59041514390793,450.03302389998026,99.75009958792428
3223.0,451.1609484635678,450.00501074701265,100.08963532628422
3224.0,449.535799981753,449.97690224109186,99.98857031018002
3225.0,450.1358810321119,449.94882211759636,98.28396749898513
3226.0,450.21994851912535,449.92122070339036,99.4382686937359
3227.0,450.0474113200628,449.8932951229322,100.40113007077176
3228.0,449.9013268988351,449.86509913890404,100.20781600441296
3229.0,450.37341534312236,449.83695744390945,99.22361572377369
3230.0,450.47584358837634,449.8090921451603,100.56051371029758
3231.0,449.9202300999033,449.78085140089337,97.30424127587601
3232.0,449.92464280075467,449.75352512646845,100.58821912628214
3233.0,449.68540476592364,449.7252766015971,100.82551599974886
3234.0,449.1734760616127,449.69696143585384,98.4438899503982
3235.0,449.85393185744636,449.6693151100928,99.9553079917576
3236.0,448.8902031689016,449.6412443277651,99.94030608771698
3237.0,450.03016330710363,449.61317775847215,101.16584780166048
3238.0,449.9793118135889,449.58476701621447,97.71014003312963
3239.0,449.14643849111167,449.5573267518885,101.84364792554383
3240.0,448.8550648850988,449.52872566076275,101.25381003753212
3241.0,449.7900652025681,449.5002902157772,102.40987044500935
3242.0,449.8527444125096,449.471530110494,98.43124573730786
3243.0,449.0635090030814,449.4438873356494,100.73842959108755
3244.0,449.4479007089153,449.41559662667254,100.39323000140371
3245.0,450.0057440862783,449.38740286124715,100.37845536007912
3246.0,448.92528989742937,449.3592132450335,99.50539725385481
3247.0,449.33431433402706,449.3312688126381,99.67170495569094
3248.0,448.7085426699815,449.30327767549636,99.3571940183124
3249.0,449.6759913425455,449.2753748635095,100.59325336329535
3250.0,448.875041113796,449.2471249248567,99.5165536046486
3251.0,449.0123688087889,449.21917735938604,100.9580845503144
3252.0,449.7099092882485,449.1908249639748,99.00569507554499
3253.0,449.0645801974443,449.1630208646078,99.45366872235616
3254.0,449.1849545675944,449.13509095930823,97.58494910376037
3255.0,448.69239684295195,449.10768585276827,99.14553711284437
3256.0,449.1968651720036,449.0798424810958,98.32126614244197
3257.0,449.3783269761357,449.05223059218747,99.68796236620503
3258.0,449.208013374732,449.0242348894229,100.33070894900212
3259.0,449.5269370089391,448.9960586819931,99.68324838110101
3260.0,447.8067038842513,448.9680643030727,97.7081186260822
3261.0,448.96986998987325,448.9406246064252,97.55628100791834
3262.0,449.1060463396919,448.9132275508422,101.05934456782884
3263.0,449.04850308508003,448.8848467182427,101.52363583742077
3264.0,449.4295786274907,448.85633549717835,100.64639751744085
3265.0,449.16659211375014,448.82807063387554,99.10777517012693
3266.0,448.5209184910265,448.80023786701526,101.02639688497587
3267.0,448.0260784527113,448.77186628722336,99.24803299106804
3268.0,448.8567094404038,448.74399413129174,98.96073993040964
3269.0,448.11460481269893,448.71620265682793,100.4527579029389
3270.0,450.6022312526727,448.68799217398356,100.12400941228893
3271.0,448.80312980719435,448.6598740146736,100.07903550068092
3272.0,448.422591129944,448.6317684855371,98.57926437192978
3273.0,448.5934964840972,448.60408414212606,100.90695035947475
3274.0,448.45339891852325,448.5757461069001,100.63272878684984
3275.0,448.3995492033385,448.54748508223247,101.36018787200948
3276.0,448.25213507389924,448.51901976280504,98.2797268922124
3277.0,448.22837520412423,448.49141953950283,100.85177713084411
3278.0,448.09539485786155,448.4630969987586,100.55410241568036
3279.0,448.0343901592332,448.4348580549969,98.12112130436184
3280.0,447.8846101763545,448.4073023734306,101.71394865690439
3281.0,448.0370751428582,448.3787377061828,100.50705313830997
3282.0,447.88732384674705,448.3505119754264,100.09226145099102
3283.0,448.6138880745439,448.3224027320022,99.26647381507665
3284.0,448.26839690728104,448.29452539727254,100.98225774069158
3285.0,448.5535703464019,448.26616621322364,100.67960601149738
3286.0,447.91293105427695,448.23789202386877,98.97745672456311
3287.0,448.0809843004595,448.21009585477196,99.05514008602034
3288.0,447.82639699807015,448.18227786959784,99.29431415338769
3289.0,447.99472965247645,448.154392716373,97.3124429980844
3290.0,447.9518466324265,448.1270641386311,101.11790431538891
3291.0,448.18315746312084,448.09866686050253,100.56696268072812
3292.0,447.96113807185174,448.07042430514974,99.74468933035652
3293.0,448.28824587558984,448.0424126715628,99.48913682567175
3294.0,448.14760888691023,448.0144728056376,100.1691731926776
3295.0,447.4243409115406,447.9863419628326,99.42805585476698
3296.0,448.455360907515,447.95841925048006,101.25289845236136
3297.0,448.3580661347764,447.92998406149803,100.49647748595844
3298.0,447.7883322324624,447.9017613007374,99.80947626307994
3299.0,447.7294284624205,447.8737314728202,98.69591611790482
3300.0,447.39404489911976,447.84601436971036,101.05919630525672
3301.0,448.05667914273647,447.81763357874803,100.4286417289721
3302.0,447.3023070388845,447.7894298685291,101.15609750285364
3303.0,447.6561324909332,447.76102186448037,99.98521377214006
3304.0,447.25291770810566,447.73294268361275,97.78051163521954
3305.0,447.5166824088557,447.70548265659517,100.02963460333646
3306.0,448.19276772963485,447.6773910008774,98.7919668893344
3307.0,447.3999723812953,447.6496469235093,99.8920285102597
3308.0,447.9965768096092,447.6215939121693,99.89762604389517
3309.0,447.61812547288366,447.59353932885534,101.06838800662752
3310.0,447.5473963416567,447.5651559565568,99.59938594724521
3311.0,447.16465529306305,447.53718512900326,99.58139224539082
3312.0,447.3992318566166,447.509219354681,100.39616504165505
3313.0,448.56599524988894,447.4810247649985,98.99533756451135
3314.0,447.08868573051757,447.4532235743658,100.30474499360592
3315.0,447.34939457735095,447.42505465848006,98.67420155637262
3316.0,447.1773315887038,447.397343653543,99.57193277115455
3317.0,446.75078105505975,447.3693805357565,99.16280942090124
3318.0,447.2529906724744,447.341532313444,102.14300677383964
3319.0,446.5472104786528,447.31284715237507,100.10036746374104
3320.0,446.99164936071054,447.28473563251237,100.7567825456226
3321.0,446.95502996894095,447.2564397694141,97.8878111894874
3322.0,447.1359384160741,447.22894960910503,99.09362646461527
3323.0,448.312125638018,447.20112081567294,99.27266175264992
3324.0,447.29665850139884,447.17324174316406,101.5392431690493
3325.0,447.33667146745955,447.14472613904076,97.92623368376589
3326.0,447.4876307459501,447.1172251884145,101.49725805987804
3327.0,447.1283142262857,447.0887213751094,101.2567050778757
3328.0,447.1546910625575,447.0602851171,99.46515273358148
3329.0,446.9468317699427,447.0323519867074,98.88356781172571
3330.0,447.32079832325877,447.0045821847468,99.93206592321359
3331.0,446.7690976844346,446.9765179295668,100.47995268913621
3332.0,447.1666835535091,446.9482998095199,100.27880462773497
3333.0,446.8669864716801,446.9201381785536,100.47601899312775
3334.0,447.54542238821125,446.8919211632197,98.24859394433419
3335.0,447.15206053401556,446.864329683087,99.67844828550083
3336.0,446.5998960405197,446.83633665219355,101.01041208976692
3337.0,446.6581257120108,446.807969561465,100.78766236864442
3338.0,446.4791439718135,446.77966502628306,99.55715457657297
3339.0,447.1450167588494,446.75170605870613,101.6542947834347
3340.0,446.5385537785945,446.7231581442545,101.65163519701089
3341.0,446.36070552548273,446.6946109767033,99.42489542131753
3342.0,447.291218712585,446.6666891519058,99.41712566278706
3343.0,446.20186429956823,446.63876950911555,99.33480449409377
3344.0,446.3778660166772,446.6108729848535,99.24353788450694
3345.0,446.85075980575505,446.58300209129754,100.7954183026221
3346.0,446.88283941236085,446.5546953779909,102.15556250893769
3347.0,446.7908671571291,446.52600669085297,97.62915346118336
3348.0,446.586324805548,446.49858917025597,100.01516090075266
3349.0,446.532266763501,446.4705015792363,99.82958264916604
3350.0,447.02204112271113,446.4424661047757,98.28178464205105
3351.0,446.9415951407144,446.4148653035887,98.97687716723104
3352.0,446.38093489252293,446.38706929725095,100.35141453367108
3353.0,446.4295192575873,446.35888727500276,99.46727026395988
3354.0,446.2804324449706,446.3309535499369,100.07325171833635
3355.0,445.8955842851471,446.30284964507933,99.85790359647007
3356.0,446.36162092157946,446.2748062171527,100.72556954281669
3357.0,446.07315140127815,446.2465191197061,101.57893390567641
3358.0,446.15579817941693,446.2179923691009,99.3764095944961
3359.0,445.5284757320366,446.1900841607398,99.24003325966906
3360.0,446.19536895642614,446.16221425139935,100.394192188826
3361.0,445.8698192676185,446.1340202157597,100.49249349734383
3362.0,445.674696312149,446.10579857383584,99.28646509453948
3363.0,445.2695120282733,446.0779156248884,97.94523912284791
3364.0,445.9779170400583,446.05040933690145,100.10856029455363
3365.0,445.6962867718553,446.0222955162187,99.74507651230917
3366.0,446.1639750434947,445.99428377389825,100.10103619224313
3367.0,446.50395691402906,445.9661720662342,101.09320304059082
3368.0,445.80950363750736,445.937781725047,99.21540576371467
3369.0,446.0779943494206,445.9099187319283,99.1778079891339
3370.0,445.7226391738212,445.88206629751807,100.4572043767295
3371.0,446.09791125353433,445.8538545659556,100.76430460431745
3372.0,445.5999979985538,445.82555659041253,99.19917529953644
3373.0,445.4084722371586,445.7976981553493,98.00760848766404
3374.0,445.61310020178405,445.7701743519657,101.28215761808619
3375.0,445.5433019702696,445.7417309460346,100.31156695020134
3376.0,445.836582937785,445.71356011431607,100.19464704067721
3377.0,445.67434960706976,445.68542211760547,99.94634005057634
3378.0,445.64929195318166,445.6573538537746,100.34617583685129
3379.0,445.22074763673726,445.62917330272705,98.83725394797823
3380.0,444.83721104087005,445.60141650724336,101.153304317885
3381.0,445.7926745583939,445.57300928761407,98.6028362711958
3382.0,445.36163271765525,445.54531832442797,99.6695576123529
3383.0,445.4026057647335,445.51732779033176,100.58572985939117
3384.0,445.8485495120544,445.4890799645296,100.53791016889085
3385.0,444.8536799546621,445.4608455680905,100.76673435168809
3386.0,445.79831372371984,445.4325469101934,101.96245745910612
3387.0,445.3454712563768,445.4039124533903,101.10446694769564
3388.0,445.4735127574636,445.37551894892255,99.01464420861453
3389.0,446.3514091075518,445.3477123363406,100.18752382208604
3390.0,444.9991270559685,445.3195763400673,102.00085083274062
3391.0,444.964782865712,445.290931101125,99.5636649934319
3392.0,444.85876238926625,445.26297030520607,102.27870652257833
3393.0,444.76007015363984,445.23424703512427,98.80487927784327
3394.0,445.43516449821607,445.2064993315271,99.158117515408
3395.0,445.190696423754,445.17865242685815,100.89807638284032
3396.0,445.20856809738325,445.1503168837407,100.13135251483408
3397.0,444.3471097951568,445.12219666224274,100.51898653130891
3398.0,445.1099769131309,445.0939675801919,99.46037400209197
3399.0,446.08826793455216,445.06603579182627,99.37553264001248
3400.0,445.4166816710952,445.03812782974325,99.73293647200283
3401.0,444.3323623589694,445.01011949675063,100.56917683929261
3402.0,444.8460372943974,444.9818763195883,100.0266322448823
3403.0,444.9441593997529,444.9537855070329,99.56949293065243
3404.0,445.26869467153875,444.9258230744348,99.03973470551433
3405.0,444.4802704116659,444.89800941560503,97.76866074927202
3406.0,445.38370537754173,444.8705527167113,99.53599763924299
3407.0,444.9887498367688,444.8425996907076,100.55663955165686
3408.0,444.99449731476915,444.8143600344335,100.20342751518574
3409.0,445.08952633510006,444.786219571873,99.38566177442821
3410.0,445.16383945822434,444.7583087651914,97.56861916004569
3411.0,445.32702238694907,444.7309082446439,100.05974348657895
3412.0,444.6086808114212,444.7028081333481,101.77880060961961
3413.0,444.7838250376687,444.6742252535102,97.93050602359102
3414.0,444.21470512042896,444.6467231030686,100.55020419616807
3415.0,444.00342445329443,444.61848525405685,100.87843715792225
3416.0,444.58862040366495,444.5901552262883,99.43060391917533
3417.0,444.99610684518416,444.56223179835433,99.44316469962288
3418.0,444.644771111458,444.53430484293455,99.17970755653137
3419.0,444.74617391812507,444.5064518750624,99.514846972759
3420.0,444.2831289759751,444.4785047888709,97.36930199518406
3421.0,444.8499489980799,444.45116024322726,101.64722465697727
3422.0,444.5023793518782,444.42261431430273,100.64268295154787
3423.0,444.02943246144775,444.39435049417386,100.17297699472961
3424.0,445.0485469746008,444.36621858313447,97.33903893479125
3425.0,444.14365983104364,444.33888253636695,99.9746281154901
3426.0,444.1505092980178,444.3108063283045,99.62084437932909
3427.0,444.3183430775747,444.282829474508,100.11944386585431
3428.0,444.7561802958175,444.2547125973557,98.9669375155767
3429.0,444.30812036527146,444.22691938240337,97.9694598786177
3430.0,443.99911076882023,444.1994062924208,99.13210083933048
3431.0,444.3860650725704,444.1715666941017,98.07958281495208
3432.0,443.568328998219,444.1440226779279,100.64567561670319
3433.0,443.7303486858002,444.11575801735887,101.05918343795847
3434.0,444.2850371509703,444.0873772300101,99.46016563573134
3435.0,444.60529957417015,444.0594455001607,100.06153353836928
3436.0,444.21008470033416,444.03134488615865,100.01187151255606
3437.0,443.3905270821271,444.0032582189089,98.92225915454246
3438.0,444.4212831684936,443.97547755112964,100.51887817516999
3439.0,443.4921038375352,443.9472484995088,98.46631448066128
3440.0,444.3247036162818,443.91959587619215,100.01376229172737
3441.0,443.5136107523759,443.89150867794854,99.61866851309067
3442.0,443.77774322469486,443.8635324352078,99.89212926769099
3443.0,443.55827789792465,443.83547939557184,100.50539186550048
3444.0,443.99020952820854,443.8072541313563,99.4537244215549
3445.0,443.4628109385144,443.77932421041453,99.20932121118592
3446.0,443.61790544655236,443.75146292604103,99.85651628387166
3447.0,444.2191888927713,443.72341988771797,100.31138073103126
3448.0,443.39563259655455,443.695249108296,99.23280135238463
3449.0,443.05390408980463,443.6673812299162,99.52177514332003
3450.0,443.3095845250148,443.63943219806345,99.02810903611075
3451.0,443.695745534516,443.6116218041091,98.38422233574443
3452.0,443.81127776862604,443.5839922350032,99.7225425319644
3453.0,443.13105632854933,443.5559868209755,100.51805139569768
3454.0,443.8674161412568,443.5277580015418,100.8489088791428
3455.0,442.9335913227218,443.4994362662983,100.03632252417792
3456.0,443.71860969237855,443.4713427323894,99.02497395892695
3457.0,443.0259714652751,443.4435332188693,99.07131420436431
3458.0,444.0448125005316,443.4157106914636,99.7703617847664
3459.0,443.0298224106983,443.3876918481957,100.19605313484952
3460.0,443.1921625356853,443.359553456607,100.2029930088729
3461.0,443.83795717761,443.3314131160703,98.57298979025437
3462.0,443.6611513295289,443.30373053477086,101.10529534526519
3463.0,443.16581967182464,443.2753367976614,98.09342043638672
3464.0,443.4183627388724,443.2477888954222,100.72839104914526
3465.0,442.55110085956085,443.2195010056025,99.55927215850929
3466.0,443.3969542058746,443.19154144333805,98.6539852421401
3467.0,442.9033558439322,443.1638361158159,100.09667184896166
3468.0,443.1315897663233,443.13572563380495,97.73783870847254
3469.0,442.4603402376536,443.1082775907677,99.44407957956666
3470.0,442.9088548754911,443.0803503784191,98.77556518545711
3471.0,444.1354222984975,443.0526109071962,98.71205446907922
3472.0,442.9700611491807,443.02488927189944,98.59978050877841
3473.0,442.4918878186069,442.99719916687326,102.0962868564691
3474.0,442.71549487820937,442.96852712631437,98.28344468921858
3475.0,442.93767744974053,442.94092585893077,101.05571492620476
3476.0,443.07780608161437,442.9125460456557,99.09231305734835
3477.0,442.09357993602754,442.8847176210721,100.00595116147042
3478.0,443.0908694944608,442.8566326164542,99.93980355393367
3479.0,443.009256970581,442.8285661882895,101.67206566127435
3480.0,443.4051736299291,442.800013283183,97.79979563155618
3481.0,442.85887128196885,442.77254784057646,100.70454316953892
3482.0,443.2641649440584,442.74426664803633,99.00938454171904
3483.0,442.8018521468281,442.71646151254424,99.21117087151549
3484.0,443.0285296078359,442.68859970872444,101.11211768080221
3485.0,442.83741758184476,442.66020405567576,97.93817794355702
3486.0,442.4412709440887,442.6326997507033,100.05126960017559
3487.0,443.33158393361225,442.6046020191572,99.76099801595106
3488.0,443.1382905792832,442.5765858055478,99.4663939774999
3489.0,442.3214093393248,442.54865232657244,99.8786433408565
3490.0,441.8661561069628,442.5206030742342,98.82979672855102
3491.0,442.9071183941934,442.49284837298626,99.12562936959361
3492.0,442.56873312723013,442.4650105920717,101.4925441939467
3493.0,441.86773569981244,442.43650810257714,100.49469665708305
3494.0,442.2584831604868,442.40828584193264,99.41534937502567
3495.0,442.38664708580603,442.38036669798316,99.87600016046045
3496.0,442.10565941439273,442.3523181879381,102.02881072939189
3497.0,442.38558038286465,442.32366509692497,98.58930831506699
3498.0,442.3838256838632,442.29597793283983,100.80630281863482
3499.0,442.38757919280255,442.2676681627982,98.75544431951383
3500.0,441.7613886153659,442.2399343421852,100.34752907085193
3501.0,442.79272462664034,442.21175341110444,99.83796858133805
3502.0,442.5725717130894,442.1837155815945,100.88944151102893
3503.0,442.1294953226756,442.15538246343687,99.78786614818355
3504.0,442.4279525743218,442.12735870436023,100.9612285529995
3505.0,442.2319018174555,442.09900542600826,99.18636927809388
3506.0,442.06447435117934,442.07115058730267,99.72046987830214
3507.0,442.4575188205871,442.0431457553451,100.22495134058316
3508.0,442.3077647102189,442.014999248177,98.79469765294424
3509.0,442.033838535568,441.9872544039195,100.10369711982787
3510.0,442.3784184076561,441.95914194897836,97.52117432795538
3511.0,442.5798313881001,441.9317547525212,99.27533201642096
3512.0,442.2546196970381,441.90387493011326,97.71446744380853
3513.0,442.11704291527906,441.87643345050617,99.242020240542
3514.0,442.23467147514873,441.8485629831552,99.50691209725287
3515.0,441.58765788036385,441.8206181253413,101.92775753856378
3516.0,441.6013313653513,441.7919934134325,99.75514283219843
3517.0,442.3340374262591,441.7639788441538,99.21545856195648
3518.0,441.53135587404824,441.73611583620766,99.03592078747103
3519.0,441.98316321275917,441.70830324845315,99.47460454688432
3520.0,441.86004833673223,441.6803674636762,100.30659832926271
3521.0,441.80984137504646,441.6521980273121,98.8289300020861
3522.0,441.39014959819957,441.62444356946986,100.5632185525709
3523.0,441.32984572839143,441.596202065593,100.5322656567629
3524.0,441.7350376900577,441.5679692543211,101.03587851883483
3525.0,442.1037879999935,441.53959501177036,99.50053159682865
3526.0,441.4410837758786,441.5116519458136,99.98363726665389
3527.0,441.47089874678426,441.48357320768116,99.73213576974875
3528.0,441.73022596119387,441.45556509955253,101.4992068881527
3529.0,441.5794876982787,441.42706073895147,100.38583138844442
3530.0,441.3985539001023,441.39886905130317,98.93993855680657
3531.0,441.57548255379726,441.3710834185585,98.46836213982526
3532.0,441.6181717509214,441.3434302201909,99.99924583185206
3533.0,441.4870148273117,441.3153470986531,99.34979479156782
3534.0,441.0553700106984,441.2874463646158,100.65957194876347
3535.0,441.27286938843906,441.25917780149354,100.29727050743561
3536.0,441.46575501838,441.2310109846927,100.01785911477982
3537.0,441.25202551138324,441.2029226359246,100.38931263905654
3538.0,441.1003573277115,441.17472997062515,98.88346989603701
3539.0,440.98208576701745,441.14696019616275,101.35556439890404
3540.0,441.26409050848696,441.1184961751607,98.96755038340889
3541.0,440.51582105979816,441.0907027880947,100.57692216291173
3542.0,441.11864977601437,441.0624574357872,98.7089988901985
3543.0,440.86993808930515,441.0347366585989,99.51772785119073
3544.0,440.77726716652455,441.00678876336065,96.98827849612442
3545.0,441.18506622254415,440.97955122181634,101.09144968138503
3546.0,440.46396732093507,440.95116137303086,101.42054869962384
3547.0,440.22101174425643,440.92267910227105,99.65441799389872
3548.0,440.11513606483913,440.8946928198844,98.81135718407201
3549.0,440.83156584132263,440.86694329707524,101.923855843179
3550.0,441.15347299862606,440.8383196808926,100.9546502801411
3551.0,440.75467820377355,440.8099682499389,100.21186901414492
3552.0,441.01989163780553,440.78182541672413,100.38198345908096
3553.0,441.06183097227023,440.75363480970265,101.5364961873643
3554.0,440.6182288940932,440.7251199770234,99.6129080096749
3555.0,440.24686159681886,440.69714535202405,99.87772555407628
3556.0,440.6631686556742,440.66909635743093,99.06855468511857
3557.0,440.1306552201056,440.6412746049902,99.84073373259452
3558.0,440.78245868142534,440.61323599893365,98.7711848573408
3559.0,440.0248312175111,440.58549775785286,100.22424077403095
3560.0,440.60835519695405,440.55735145023544,98.92777496902681
3561.0,441.19606182401117,440.5295692334317,99.41788847010172
3562.0,440.34145728253236,440.50164937641966,98.29547570186105
3563.0,440.4923406602809,440.4740447303267,100.166477012693
3564.0,440.28552570225173,440.445914644699,100.5301866477801
3565.0,440.2932587579053,440.41768241728204,99.44470393455298
3566.0,441.0722434640504,440.3897550295938,99.92352837885747
3567.0,439.4948207350866,440.3616931720407,99.87866649356559
3568.0,439.8178327595385,440.33364391320043,100.60560637457854
3569.0,440.4147997408569,440.30539050541023,99.83934536362526
3570.0,439.9628603779494,440.27735228925394,100.06104433815946
3571.0,439.7114222287553,440.2492518126357,100.90013182661156
3572.0,440.2116393603843,440.22091569228104,101.16821890563399
3573.0,440.3819831834118,440.19250428413835,98.9553021038666
3574.0,440.4237486757031,440.16471433679754,96.71402070820018
3575.0,440.29852965592454,440.13755381598196,98.52509055492644
3576.0,439.6138490172943,440.1098846863844,100.47439651260726
3577.0,439.950287450029,440.08166812669714,100.35892563041969
3578.0,440.47129779376064,440.0534839950826,100.74211571193914
3579.0,440.32078080187176,440.0251922509202,98.73974763990309
3580.0,440.2386744558157,439.997462838458,101.16365957724153
3581.0,440.3951801572869,439.9690527107267,100.81205743834856
3582.0,440.1958302533534,439.9407413245961,99.29419720466724
3583.0,439.5025631404069,439.91285620421445,99.43952950904342
3584.0,439.9635419014427,439.8849302696773,99.24406927688644
3585.0,440.2192838205075,439.85705922688874,100.26458051738713
3586.0,439.67386359047896,439.8289015905268,99.63352409979001
3587.0,439.92820942412203,439.80092117584206,101.6267213330492
3588.0,439.81215344469103,439.7723810049344,99.337127527698
3589.0,439.5836265116554,439.744483828287,100.62900142902382
3590.0,439.97692800291753,439.7162238503857,99.13341730927384
3591.0,439.72196088475164,439.68838388235804,99.31101428560528
3592.0,439.45504724775833,439.66049403917947,99.57694766151552
3593.0,439.98686823645704,439.6325295130446,97.27875220872369
3594.0,438.861657136097,439.60521039679924,99.39551746468996
3595.0,439.9085736680415,439.57729682231127,101.19179126084065
3596.0,439.7544126803768,439.5488787942655,100.15734339899257
3597.0,439.6628981432473,439.52075127366095,100.31675834166623
3598.0,440.1860439102476,439.49257898402664,99.71948454417468
3599.0,439.48035845050026,439.46457442878386,99.91595314502669
3600.0,439.01975117791005,439.4365146986089,99.55889541672022
3601.0,439.72574677527336,439.40855524214606,99.26791579766599
3602.0,439.7647756100054,439.38067750245955,98.84104677146773
3603.0,439.4206553632009,439.35291964182454,101.24990992975185
3604.0,439.42555647641717,439.3244852921193,99.8196259902685
3605.0,439.27011881173564,439.29645261382035,100.7824067275888
3606.0,438.60986150138336,439.2681495545977,99.9655238634566
3607.0,439.56257400138776,439.24007590331274,97.78682340063615
3608.0,439.1953318976101,439.21261410374103,99.75338955304468
3609.0,439.36657330523474,439.18460002684157,100.48142357267633
3610.0,438.69134615977504,439.15638149372154,100.47424770247498
3611.0,441.2459439761912,439.1281649758251,99.5775999049909
3612.0,438.4124493880529,439.1002002665184,100.61337698805984
3613.0,439.38321356871023,439.071944676481,101.1406952240484
3614.0,439.2771850864584,439.0435409979056,101.69911661476064
3615.0,438.3510566653145,439.0149804959896,99.46716431777875
3616.0,438.65540209163777,438.987046800677,100.62477316731099
3617.0,439.1227744728354,438.9587880102125,98.84154451016711
3618.0,438.47590634969396,438.9310300097959,100.82874683852707
3619.0,439.1015027544728,438.9027139367255,100.51638904389715
3620.0,438.98943201011105,438.8744855841356,98.81444174260042
3621.0,438.67838441646313,438.84673519507953,101.09238481515521
3622.0,439.16765633117245,438.81834508367734,99.94578427495908
3623.0,438.33344825972415,438.79027697592676,101.55138967547802
3624.0,438.1917821262908,438.76175796065957,99.54878719374634
3625.0,438.69729234505354,438.7338013429227,99.86518532557743
3626.0,438.8698277857067,438.70575587004373,99.549371165199
3627.0,438.20021595265376,438.6777990883082,100.27871338518291
3628.0,438.70406509780764,438.64963748296583,100.57350001031884
3629.0,438.5495549541783,438.6213930917129,100.41332743039791
3630.0,438.5914363411081,438.59319368225954,100.59961397197146
3631.0,438.85431176017863,438.56494195733575,100.32111669953092
3632.0,438.4707712586122,438.53676844372933,100.11927161069802
3633.0,438.70280425776343,438.508651614952,100.36289429506658
3634.0,439.1979643082581,438.4804663688041,100.9406206040939
3635.0,438.06506737613927,438.4521188778511,98.6869591530058
3636.0,437.61492649674614,438.4244042901557,101.10642814226047
3637.0,437.9473402863609,438.39601023491906,98.80438298587939
3638.0,438.1144429964864,438.36826267069716,99.22536480693954
3639.0,437.8284902677792,438.3403968807472,100.4540328816418
3640.0,438.72674860046106,438.3121860398463,99.70658946549442
3641.0,438.7732109717005,438.28418510597146,98.83005529338328
3642.0,438.44304457954644,438.2564303321099,99.6702363516603
3643.0,437.981299469466,438.2284396074011,101.3337873771542
3644.0,437.87477326474976,438.19998170211267,100.160235533087
3645.0,437.91534693369846,438.1718533693005,97.6224683361654
3646.0,437.5680684366962,438.1444377261094,99.0550686605621
3647.0,437.3474892819751,438.1166197609939,100.90123440488216
3648.0,438.2267747613539,438.08828333099854,99.91701381215788
3649.0,437.9806655688587,438.060223302953,98.93761199130842
3650.0,437.956461133104,438.0324383235854,99.39073605114879
3651.0,438.3978978585839,438.0045260918777,99.15643049717477
3652.0,437.16737026112287,437.97667966097976,100.25441474511085
3653.0,438.4411723235568,437.9485248795055,99.41327269636699
3654.0,438.5924766928227,437.9206063187566,100.43485946054058
3655.0,438.69985993516207,437.8924008623914,98.3426545550443
3656.0,438.4014286245552,437.8647829669039,101.28440283774768
3657.0,438.53245115103203,437.83633893044026,101.14344990134678
3658.0,438.517261411761,437.80793447825965,100.02360794841903
3659.0,437.6222200273773,437.7798445150275,100.66290403997664
3660.0,438.19828037698716,437.7515750161429,99.52130016415495
3661.0,438.13149289318693,437.7236261176801,102.23583648472069
3662.0,437.717846387474,437.694914886934,100.45874399089101
3663.0,437.74942016640074,437.6667027229966,100.50108585347165
3664.0,437.6934129678748,437.63847866805276,99.39641218259838
3665.0,437.90106763048607,437.6105648422981,100.32426388485035
3666.0,436.7859426956352,437.5823904448571,100.20244178840734
3667.0,437.67776775617597,437.55425025912155,100.80329488392374
3668.0,437.1754229660937,437.52594133380836,101.51694242261486
3669.0,437.63424314450685,437.4974319924779,101.1505231849873
3670.0,437.3963585781946,437.4690255538835,98.97242610120917
3671.0,436.69313758610235,437.44123079755343,98.64836624719173
3672.0,437.2842975249224,437.41352704803234,101.34122992367571
3673.0,437.735081423951,437.38506705262876,97.35718544406485
3674.0,437.2450454289917,437.3577259097166,99.30969983824976
3675.0,438.47139009086834,437.32983643567866,99.15550501813284
3676.0,437.64446371597194,437.301990264686,100.54268274656367
3677.0,437.16725101000236,437.2737545279481,99.09267981764577
3678.0,436.4349746267873,437.24592600036596,99.63488083965035
3679.0,437.06904821631224,437.2179452046635,98.03584007861984
3680.0,437.2810842623888,437.19041347290806,98.74810919355906
3681.0,437.68204655905635,437.1626817122429,99.42648500828626
3682.0,437.3901161324575,437.13475944103635,101.22804461585368
3683.0,436.8124749097569,437.10633123184016,100.20280039901183
3684.0,437.6612893791035,437.07819094539474,99.74809817418944
3685.0,436.95093791076,437.05017835449075,101.75956491238408
3686.0,437.1518880725028,437.02160087667795,100.25911797762072
3687.0,437.1666486314919,436.9934447743792,99.89382525421125
3688.0,436.52769674219707,436.9653912584537,100.54583436788926
3689.0,437.0781498228172,436.9371546366353,100.18949572571813
3690.0,436.5541673055625,436.90901808658566,98.25583565552955
3691.0,436.9269050635978,436.8814245727391,100.43271764850935
3692.0,436.40535059963355,436.8532197178661,98.11165731705849
3693.0,436.491411804436,436.82566669410295,99.22326319571317
3694.0,437.1491849835359,436.79780149435544,99.80978699560593
3695.0,436.899138331781,436.7697715791742,100.38097203408198
3696.0,436.4653327605648,436.74158125619465,100.71354278793304
3697.0,435.74687156413245,436.71329753626173,101.33125781276149
3698.0,436.521400700492,436.6848403413593,100.07452202273275
3699.0,436.0690053380494,436.65673607975793,100.13435774128742
3700.0,437.10515085540777,436.6286150142922,101.19646897643439
3701.0,436.415665953869,436.60019567258803,100.72470223052039
3702.0,436.43424790185554,436.5719088187116,99.86479165156032
3703.0,436.16352877238245,436.54386345638943,100.32184873889653
3704.0,435.97300109705833,436.5156897372019,100.06426757348837
3705.0,436.7201145257067,436.4875883553917,99.39214390433399
3706.0,436.8153134690762,436.45967572831194,99.05526587581726
3707.0,436.4962876121323,436.4318577078118,99.07798274893041
3708.0,436.30851113850645,436.4040333076565,101.30301742096377
3709.0,436.11010254395694,436.3755840435974,101.81959521641973
3710.0,436.82141861878284,436.34698970727413,99.30620697491308
3711.0,436.0674536255773,436.3191012141487,100.20771227018342
3712.0,436.16114339683355,436.29095954828614,98.82039025788289
3713.0,436.33702165691614,436.26320748868875,100.08081464669573
3714.0,436.08072716383094,436.2351014599088,100.44380714458114
3715.0,435.9161094972794,436.2068934907357,100.80351820938374
3716.0,436.46266151337863,436.17858450270523,98.2258450435786
3717.0,436.11709141886655,436.15099941122213,99.26793687869826
3718.0,436.7055102239454,436.1231216656154,100.36097536479487
3719.0,435.35806964732,436.0949369583671,98.97573269800388
3720.0,436.0377095474355,436.0671412734344,99.54528894405378
3721.0,436.0961046162034,436.0391856381226,98.56584209995077
3722.0,436.2981557970755,436.0115050641329,98.50464466472476
3723.0,435.60840472574944,435.98384167642286,99.34751970857828
3724.0,435.9725475194365,435.9559415813047,100.77481648280272
3725.0,436.1346268013763,435.9276406536758,100.0163302935426
3726.0,435.3755680493343,435.8995527342517,100.17761565843543
3727.0,435.680019138804,435.87141952052093,100.00549798182037
3728.0,435.5139660463792,435.84333464317103,99.89466046156657
3729.0,435.24849204261045,435.8152808926914,99.86058519063927
3730.0,436.5301383696086,435.78723671168376,100.44376393872892
3731.0,435.39460252605863,435.75902875464425,99.84781294845274
3732.0,435.1286191692045,435.73098816050793,98.98364205591915
3733.0,436.0745443457475,435.7031902543639,99.0949917775294
3734.0,435.76039478339834,435.67536107750635,102.29071366841114
3735.0,436.2761591912369,435.6466344354178,99.9514295639711
3736.0,435.82010921625607,435.61856474228193,101.20240313753797
3737.0,435.02728545503805,435.5901437340675,101.26675608169218
3738.0,435.348637030658,435.56170465340114,102.14054030182677
3739.0,434.9780331231109,435.53302018499977,99.98507646732294
3740.0,435.2950332425644,435.5049410426918,99.65924031511744
3741.0,436.5007244449732,435.47695340603667,100.47746348874996
3742.0,435.20392752521025,435.44873598504023,100.8116447851637
3743.0,434.9628240320211,435.4204247147964,100.09808389416798
3744.0,435.0291829305488,435.39231383623616,100.72311236913175
3745.0,435.1621769200465,435.3640274288458,98.69225905972378
3746.0,434.9904603573606,435.3363113527598,100.41211005657088
3747.0,435.538806565532,435.30811228518564,101.32098920566789
3748.0,436.24330527475905,435.27965797405034,100.10113723237677
3749.0,435.271578843299,435.2515462380109,98.48759747131058
3750.0,435.43328243608147,435.2238876377211,97.9189487986768
3751.0,435.7329698615524,435.1963887329335,99.96540862015247
3752.0,435.3649497066055,435.1683151140126,100.45833930883435
3753.0,434.39984093972146,435.14010306372336,99.79533036641241
3754.0,434.9294482212624,435.1120772084455,99.42622862848805
3755.0,434.9453660263771,435.084155009239,98.33998832442352
3756.0,434.8518842746824,435.0565378625179,99.92745029876657
3757.0,435.60471843526744,435.028474903559,97.9527468548566
3758.0,436.09995364511343,435.00096650715057,101.22578221260063
3759.0,434.8973212960038,434.97253893331253,97.09868079749171
3760.0,434.3041217538396,434.9452703871219,98.95159709403045
3761.0,434.5469394615375,434.91748148027136,98.53203523400617
3762.0,434.97764819703065,434.8898104003765,99.92774920275784
3763.0,435.50141657884217,434.8617473574754,98.6311084758422
3764.0,433.94111219214113,434.83404845451173,100.59588159430749
3765.0,434.56716038603855,434.805797777764,99.35723444841153
3766.0,434.7459499678213,434.77789495442306,99.13878828201433
3767.0,435.33208451817603,434.7500534780472,97.95825223072788
3768.0,434.14757277047437,434.72254353554575,99.25610593073708
3769.0,434.289144570414,434.6946691124636,100.97928762857161
3770.0,434.7328244155743,434.66631076252116,100.97485195572399
3771.0,434.52905291872736,434.63795365826365,98.75741303755821
3772.0,434.34034738107243,434.6102192847689,101.49636200585776
3773.0,435.1863077013215,434.5817157231056,98.94961524211301
3774.0,434.65159185050294,434.5539273728251,99.08765003456143
3775.0,434.1359969140776,434.52610025777375,101.93150584284655
3776.0,434.7239926130971,434.4974744932162,103.36358360424428
3777.0,434.36162360758146,434.46844655348735,99.79996989243483
3778.0,434.2842010786302,434.4404193952759,100.29268111483597
3779.0,434.48613483092356,434.41225386732947,100.30416763017224
3780.0,434.2793928620853,434.38408511358665,99.15926109457072
3781.0,434.13337845497625,434.35623788776263,99.34740475447553
3782.0,436.9285080520235,434.32833782492736,98.75752417359226
3783.0,434.28372091267903,434.30060342022193,101.23623055252695
3784.0,434.8934747475098,434.27217291214185,98.11787822975218
3785.0,434.31795789086135,434.24461814133895,98.67210335065742
3786.0,433.95312371670656,434.21690772564796,101.09219207955324
3787.0,433.9955598425029,434.1885176683723,100.27604101363394
3788.0,433.9498589622385,434.16035681352093,99.39166508964696
3789.0,433.5358639521205,434.1324443209083,99.9452474948769
3790.0,433.1580022661696,434.10437636390344,100.84042890048268
3791.0,433.8925486387209,434.0760570101206,100.20760864756735
3792.0,434.8703738114301,434.04791537335876,99.55659285786204
3793.0,434.5415007498242,434.01995656353114,97.62968401950637
3794.0,434.5512580089795,433.9925388939357,100.44425768126675
3795.0,434.31761690766757,433.96433079823686,99.34514715053106
3796.0,433.50670659471984,433.9364313694121,102.23687406578802
3797.0,434.3561838938838,433.9077198472786,99.90344858904304
3798.0,433.7668548479591,433.87966362879985,99.7774409828176
3799.0,434.3108209329174,433.8516427974572,100.13392409316731
3800.0,433.9570504375279,433.82352185377437,98.87536944587752
3801.0,433.26126557720215,433.79575435418826,100.81836868250409
3802.0,433.47355034221744,433.76744119564995,100.88091365368558
3803.0,434.2559057119994,433.73911047239886,100.44075229991783
3804.0,434.1450004971445,433.710903361128,100.15518781691975
3805.0,433.24992017758825,433.6827764458827,100.12095736304474
3806.0,433.65997338769375,433.65465914368997,101.17770675067057
3807.0,433.7971487378786,433.6262450710441,98.45900738387101
3808.0,432.8597256059165,433.5985944998038,101.26264827867922
3809.0,433.54415697976066,433.57015657274553,100.56316042739361
3810.0,434.2929117341835,433.5419150851922,99.08177460428263
3811.0,433.5856473454241,433.5140896201575,101.68429835776345
3812.0,433.53742847879954,433.485533279702,101.51013069757747
3813.0,433.00666194934126,433.45702585133114,101.09831285295371
3814.0,433.967147873202,433.42863407513823,98.4195354993705
3815.0,433.37628927305076,433.4009945889189,100.38657910648016
3816.0,432.82436553040236,433.37280269128644,102.45102060715904
3817.0,433.51544223165376,433.3440310296659,101.30242370077644
3818.0,433.5840821582934,433.3155819323433,100.8449628662376
3819.0,433.2951356611906,433.2872613052717,100.80515655758151
3820.0,433.41307026995156,433.2589518571384,98.73640607550045
3821.0,433.17040555653597,433.2312233830989,99.33413079668163
3822.0,432.8696878536118,433.2033270480335,99.1683447671883
3823.0,433.1609956481383,433.1754772712113,99.12984356024566
3824.0,432.74206696583946,433.14763830681153,101.54781620769415
3825.0,433.3849930455634,433.1191202950932,100.05905764524773
3826.0,434.0997318587316,433.0910203764045,100.17070663334853
3827.0,433.07816541037687,433.0628891029583,101.35687609999577
3828.0,433.1427631593735,433.0344247135869,101.44076427234958
3829.0,433.208269570977,433.0059367656204,100.57931017277735
3830.0,433.4230960369878,432.97769074268024,99.27455645101857
3831.0,432.90331028033285,432.94981113807694,99.27035524821392
3832.0,432.3570432368993,432.9219327133114,100.9501044005704
3833.0,432.93495597966154,432.8935825589922,99.72915373446969
3834.0,433.01732547369835,432.86557528831844,99.53394359943091
3835.0,432.46525055234963,432.83762283915763,99.6488082684652
3836.0,432.8680173617957,432.8096381321689,100.04567188356465
3837.0,433.25911553385305,432.7815419726482,100.62604574853044
3838.0,432.9063197070233,432.7532828248006,101.02657772812056
3839.0,432.4773829496455,432.7249111942219,99.98500303199522
3840.0,433.29035245334893,432.696832072537,99.99739579886483
3841.0,433.0443113460821,432.6687494705502,98.54740421994786
3842.0,432.9034152169657,432.6410740745318,99.77535008638299
3843.0,433.12055908416056,432.6130538303825,102.3074894837926
3844.0,432.6492968654592,432.5843224770858,99.91824339924636
3845.0,432.3013715253132,432.55626210373117,100.69932629239108
3846.0,432.64666757104374,432.52798237626405,102.10689385389857
3847.0,432.2094218044301,432.49930735690674,99.23852298981927
3848.0,432.2734316969168,432.47143787170046,99.97564781033692
3849.0,431.63262996285755,432.44336137727373,99.68057750210818
3850.0,432.5431881555174,432.4153677484252,98.69582246244227
3851.0,432.80918338161064,432.38765067161694,99.20307890297025
3852.0,432.26995057716107,432.35979114029175,100.9678894685882
3853.0,432.1714590942329,432.3314359913326,99.57505497520226
3854.0,431.6078157422797,432.3034719967271,98.07044445501064
3855.0,432.5401813988422,432.27593054690936,99.46704498172467
3856.0,432.13871899726155,432.2479968851103,100.68392987068131
3857.0,432.5482768072592,432.2197214814716,100.22121242250418
3858.0,431.6341898145227,432.1915760243163,97.57805049179069
3859.0,431.5017118821516,432.16417285513654,98.80212513827334
3860.0,432.39731009835805,432.1364259249935,99.88236538043265
3861.0,432.0350915582401,432.10837562738254,99.94264594675518
3862.0,432.32886304725645,432.08030840097916,101.17076769639499
3863.0,431.8616794872703,432.05189627705107,100.40645241971922
3864.0,432.4529060225358,432.02369879832986,100.12287646119142
3865.0,431.78476767480356,431.9955809571903,100.14308538624122
3866.0,432.34916690986523,431.96745744071103,101.44815637660352
3867.0,431.1321580711591,431.93896741679526,99.72915746002269
3868.0,431.50766605871706,431.91096014507525,99.41501361647285
3869.0,431.6807242271118,431.883041095418,100.44567200695269
3870.0,431.30056768103907,431.8548326025293,99.84998524056192
3871.0,431.6825504157704,431.82679139834096,100.08192851991176
3872.0,431.8754663065872,431.79868505674824,101.40473325518298
3873.0,432.12048562507,431.7702072274924,99.09910709214923
3874.0,432.08477390946473,431.7423768949174,101.08627216202741
3875.0,432.64784025022954,431.71398850015186,100.16758582041858
3876.0,431.85409814219844,431.68585810313397,100.44026868839032
3877.0,431.4230372074531,431.6576511276773,99.77729219963993
3878.0,431.50092353463725,431.6296303381179,101.09781288768535
3879.0,431.2943927437783,431.60123870233195,99.68579170214502
3880.0,431.28549426218143,431.5732436091623,101.9587342857637
3881.0,432.0373356944642,431.54461019795036,99.89089116510311
3882.0,431.98042592887214,431.5165575060148,100.38834860433766
3883.0,431.530048851683,431.48836511144845,98.8111609474171
3884.0,431.08256819572074,431.46061564374907,100.92517758867238
3885.0,431.448984916851,431.43227248970953,99.58868049479429
3886.0,431.5199898318806,431.4043046686039,99.14413618187315
3887.0,431.3431306196232,431.3764616903595,99.77021499557436
3888.0,430.5800148931544,431.34844288831493,101.17419639213311
3889.0,431.56810926331326,431.3200298014948,99.53909181465805
3890.0,431.06316088386956,431.29207590654346,98.1085434292825
3891.0,431.10324888522894,431.2645237572638,100.18220775235075
3892.0,431.4113104568735,431.23638925392,100.24957704143128
3893.0,427.21236432761,431.2082358310342,98.63326659946188
3894.0,430.2136742207623,431.1805363219975,100.8511992092447
3895.0,431.2770903682695,431.1522139435529,99.01440379279671
3896.0,431.30504849979604,431.12440739848773,99.94575590211205
3897.0,431.4237241389408,431.0963392987053,100.06942771114119
3898.0,430.72873713575177,431.06823646775644,97.91678390347712
3899.0,431.1553098593224,431.0407381709435,100.66533894433141
3900.0,430.87094522856023,431.0124679882566,99.71485664224625
3901.0,430.05834690811315,430.9844647326829,100.68954597035217
3902.0,431.0960852577306,430.95618775185625,98.08332650782819
3903.0,430.8129473499103,430.9286426843287,99.34678170308923
3904.0,430.59574524364115,430.90074279646706,100.80113666844554
3905.0,430.87240276258115,430.8724344772527,101.28151871315073
3906.0,430.63216845617706,430.8439912507473,98.83459462632293
3907.0,430.9952161671039,430.8162352020898,100.63360848190672
3908.0,431.03968135947906,430.7879739303745,100.09381721750867
3909.0,430.94563195326725,430.7598642500392,99.223179575847
3910.0,430.69508031321243,430.73199907377506,99.38258515406997
3911.0,430.6786960294171,430.7040891311109,99.95476634457427
3912.0,429.60097015217207,430.67601850089585,102.42544348858473
3913.0,430.6350311110755,430.6472540221827,99.50119568207357
3914.0,430.1727098508868,430.6193107697287,100.21605356415554
3915.0,430.2538498266409,430.5911667613528,100.62881799578692
3916.0,430.99489475936974,430.56290683496564,100.27444870353997
3917.0,430.221810088222,430.53474642728804,100.50401907457214
3918.0,430.30095202806217,430.50652154859796,100.76484221706693
3919.0,430.7110698732889,430.4782234220753,98.75040816616153
3920.0,430.5263013426164,430.450491015782,101.92173042068269
3921.0,429.95340528649734,430.42186799648886,100.5542145974903
3922.0,430.4547025254209,430.39362902122275,99.92263486557954
3923.0,430.1318870512319,430.365567414598,100.54064092243976
3924.0,429.8996846139061,430.33733225127224,101.46332050062935
3925.0,429.71093859132486,430.30883796876503,101.16461999809957
3926.0,430.1646259945604,430.2804275713155,100.76635186741268
3927.0,430.0210020147116,430.25212902083274,98.42207874579513
3928.0,430.6641537665677,430.224488820385,101.54022505780199
3929.0,429.3563984316225,430.1959729405146,100.24336213957693
3930.0,430.4572237797784,430.1678212629804,100.00207157306879
3931.0,429.8962461570558,430.13973734788027,98.490027175668
3932.0,429.6924375426296,430.11207806524845,98.66457212205175
3933.0,430.84393744771563,430.08436976457756,101.23319376018026
3934.0,429.8334013530274,430.05594010932987,98.86048676830258
3935.0,429.9145473680124,430.02817678929574,100.11158033572777
3936.0,429.9662110503146,430.0000621204848,98.56552370777405
3937.0,429.95541019033107,429.9723816359102,99.8827496810197
3938.0,430.07547528887824,429.9443312303748,100.73753141249436
3939.0,429.68920006609744,429.91604077363644,98.37637074786359
3940.0,430.1013075112522,429.8884134095181,100.02302207727006
3941.0,430.16075449118114,429.86032361081806,101.04878687058955
3942.0,429.29073784261186,429.8319457431719,99.04149990074106
3943.0,429.0650180730762,429.8041315886164,99.53242615047456
3944.0,430.0662781250052,429.77617956560584,100.51867276732298
3945.0,428.7370238759881,429.74795057167034,100.91090921867513
3946.0,429.3834152258951,429.7196114246648,100.17811414569252
3947.0,429.4197934685658,429.6914780709422,99.9416219889731
3948.0,429.3141356787229,429.6634111321003,100.33983392104541
3949.0,429.47698271437434,429.63523236207413,98.36434329129773
3950.0,429.82181099340977,429.6076083756665,100.58815295021378
3951.0,430.6625153735022,429.57935986937963,98.84215069857538
3952.0,429.9317237161113,429.5516016987251,101.55514292491236
3953.0,430.1975001612103,429.52308162942035,98.11472379491006
3954.0,429.3710466810947,429.49552774448796,100.09212457506041
3955.0,429.01374623574543,429.4674185395031,100.53123052192018
3956.0,428.8758046290439,429.4391860189316,100.78289265386162
3957.0,429.01701552267474,429.4108828232446,98.44794407698978
3958.0,429.94424744254906,429.3832353589496,99.91985804830043
3959.0,429.4298142867753,429.3551745321477,102.3078169225802
3960.0,429.0322094288137,429.3264430868953,100.99383134497229
3961.0,429.26881817073564,429.2980806525926,99.5922948717251
3962.0,429.32957858145755,429.27011181644946,101.01727304778736
3963.0,428.959635629825,429.2417427989352,99.63518802620774
3964.0,428.9829608466433,429.2137619169645,100.04687261996668
3965.0,429.3390507600839,429.18566542023706,100.7221099659411
3966.0,429.2549410328783,429.157379294355,98.368773683004
3967.0,428.8354221065015,429.1297540637457,101.5603672655673
3968.0,429.00679680344115,429.1012325272719,100.03477839941391
3969.0,431.3171038592081,429.0731394270048,101.07455670785359
3970.0,428.82351311488907,429.0447543223293,100.27507346274537
3971.0,428.7070927652345,429.0165937391985,98.83442353952063
3972.0,429.7625255081579,428.9888377385878,99.76710288691098
3973.0,429.1461177057088,428.960819810527,101.81370732016516
3974.0,428.47367163520465,428.9322271277213,100.91085102288687
3975.0,428.85330812449445,428.9038879970591,99.62393270915811
3976.0,428.23009711656,428.8759102759566,100.42220999336497
3977.0,429.4101667510773,428.8477083719834,99.40786746016164
3978.0,429.0501575195083,428.8197913292051,100.837490427471
3979.0,428.5785010787901,428.79147280064336,102.31003126731804
3980.0,428.65834372025193,428.7627407335291,99.41981487911615
3981.0,428.79430222452766,428.7348203355172,98.374345945028
3982.0,429.4831438464169,428.70719354003097,99.61842892403132
3983.0,428.4431293291932,428.6792173645748,99.4356692229481
3984.0,428.5540873244798,428.65129251413475,98.82479375549467
3985.0,428.49913902164064,428.6235392178884,100.23718060706648
3986.0,428.08842695553426,428.5953892763345,97.08608383151298
3987.0,429.08330220495344,428.5681242677919,101.42651400400061
3988.0,429.2922261830219,428.5396403217758,100.93777451464618
3989.0,428.12660620662064,428.51129363009954,98.56559618287665
3990.0,427.9729753108598,428.48361312517153,100.58738015761284
3991.0,428.1892742549792,428.4553648359106,100.22531287119556
3992.0,428.2283313931112,428.42721822721256,99.73889572889371
3993.0,428.60094896223416,428.39920822066205,100.5398755308626
3994.0,428.7332830861462,428.37097327228383,98.67467919769075
3995.0,428.2859340609943,428.3432621332091,100.15430923345289
3996.0,428.5497570903274,428.3151354646994,102.29553248981439
3997.0,427.86493799227713,428.2864074693252,99.9683998966103
3998.0,428.5434243080119,428.25833301035425,101.91763009511513
3999.0,428.3292564065014,428.2297111425692,99.03215045013798
4000.0,427.87837154452757,428.2018996136511,99.17573263033634
4001.0,427.95109874864175,428.17404776207076,100.16121920846824
4002.0,428.37552399725865,428.1459191530097,98.29638312102546
4003.0,427.80248556426193,428.11831425208317,99.63727000307257
4004.0,427.65599588117044,428.09033278542404,100.42447264742589
4005.0,428.41725276061635,428.0621302460222,100.83835909002923
4006.0,427.84625409163135,428.0338114735111,102.19874445278066
4007.0,427.6185311672861,428.0051106594439,101.53386031799033
4008.0,427.1701480939129,427.9765965670046,101.0740957660774
4009.0,428.1853966379312,427.948211591777,100.64832842096287
4010.0,428.17103358506523,427.9199461862121,99.72326815819615
4011.0,427.1487397975876,427.8919405684043,100.37009863108099
4012.0,427.703211267951,427.8637532990388,99.74598447803955
4013.0,428.12393116679357,427.8357413017312,100.10489282504561
4014.0,427.12006174157347,427.80762851099615,99.50900548744102
4015.0,427.7641744131781,427.77968306528845,99.45530010188727
4016.0,427.383955082794,427.7517527018432,99.40627432985403
4017.0,428.558811153535,427.72383610646887,99.41494428007508
4018.0,427.88920248092984,427.6959170762836,100.60481538249587
4019.0,427.42862503655516,427.6676638906303,101.27497668566158
4020.0,427.4714360966219,427.6392225013444,100.7376868164948
4021.0,427.6481487430411,427.61093200096343,99.61885472647309
4022.0,427.7651346651498,427.58295570592776,99.48486307281313
4023.0,427.21620324786807,427.5550170402148,101.45981140189654
4024.0,427.0974667089995,427.52652374317944,98.95576564172389
4025.0,427.4884184235663,427.49873366566175,99.75769654564677
4026.0,427.5414006264669,427.4707183792152,99.07290258008099
4027.0,427.1819856662704,427.44289540574056,100.98684526856738
4028.0,426.9969159969738,427.414534933361,100.12884766488298
4029.0,426.52259979837305,427.3864154153084,100.79038182945611
4030.0,427.7218510817598,427.35811011641135,101.18422937454434
4031.0,427.5519857859284,427.32969421199533,100.98511993594997
4032.0,426.51678334111455,427.3013342241466,101.04616307139486
4033.0,428.1349830221133,427.2729570933507,97.99973246396877
4034.0,427.29642615568775,427.24543550181716,100.90739064286566
4035.0,427.36935666889593,427.21709734294495,98.68043324476253
4036.0,426.42515472525645,427.1893845879421,99.36785578487313
4037.0,427.1070936024588,427.16147878177577,101.39250914704328
4038.0,427.50573604421555,427.13300438545696,98.38364217291206
4039.0,427.75275907025605,427.1053749792801,99.24809923828577
4040.0,427.1869736811601,427.077502804744,99.64845504655669
4041.0,427.38540145200074,427.04951819695174,102.24082519753657
4042.0,426.81977359006737,427.0208055652088,100.99735413591364
4043.0,426.86457759400474,426.992442141589,99.36596455638703
4044.0,427.2119323180929,426.9645368665427,98.93109727474118
4045.0,426.11249123445106,426.9367537167247,100.16878928695422
4046.0,426.8125172208074,426.9086229817333,100.25992814495996
4047.0,426.34729195534914,426.88046665191257,98.57991750138105
4048.0,426.3454308017182,426.8527821250809,99.25628569200619
4049.0,427.11726888044075,426.8249076515158,100.14963673544877
4050.0,426.5005505228853,426.79678229519925,101.11367861517193
4051.0,426.63749753391306,426.7683862037881,100.92268153707988
4052.0,426.70485205549414,426.74004375072315,99.93420906099753
4053.0,426.78177818942515,426.71197889367846,100.68576777834971
4054.0,427.22148622148126,426.68370297389407,101.61314198648513
4055.0,427.09664459240577,426.6551666165195,100.00807360324309
4056.0,426.2447974303093,426.6270810158493,98.48712631086923
4057.0,426.6856722903914,426.599422547877,99.91845898551139
4058.0,427.6398861458175,426.5713621139786,98.02119848317344
4059.0,426.17252614129376,426.5438344940712,99.6422019681245
4060.0,426.3717773386079,426.5158516423518,99.35399947330369
4061.0,425.927090299193,426.4879497274997,98.89976657437538
4062.0,426.2336731887634,426.46017537638676,101.49132795292402
4063.0,426.01744425113077,426.43167322845335,100.2162970953114
4064.0,427.1682709050989,426.40352915168575,100.23790989103668
4065.0,426.4414762009191,426.37537900532465,99.88346499829305
4066.0,426.41966773983205,426.34732839890427,100.81337660634725
4067.0,426.41960922135644,426.31901664230736,100.55028646237471
4068.0,426.43773318104195,426.2907787701925,99.08787241591342
4069.0,426.24627264607193,426.26295159268903,99.77181706161907
4070.0,425.8756261071552,426.2349323407309,99.03829089597725
4071.0,425.6234441597858,426.2071190873709,98.94218683556795
4072.0,426.2948861552535,426.17933282323463,99.84826577421005
4073.0,425.93187779033053,426.1512921019297,99.76261981218742
4074.0,425.45778488118015,426.12327543286574,100.2917350474117
4075.0,426.59693695464773,426.09511017060663,100.24056538143478
4076.0,425.4322478685976,426.06695927849535,101.04787422239733
4077.0,426.4978417162797,426.03858166715116,100.26682213514479
4078.0,426.0406856841644,426.0104234012682,99.31855349952328
4079.0,425.7382703413674,425.9825314408271,99.57443709166003
4080.0,426.40430148071783,425.9545676197439,98.83514485358927
4081.0,425.817188856021,425.9268114165642,100.46999933495302
4082.0,425.4762402138773,425.8985960917509,99.41173560006477
4083.0,425.93122395959716,425.8706779626699,99.5050503858705
4084.0,425.9989736596504,425.8427336276866,98.51743184870334
4085.0,425.81391333516524,425.815066648909,99.8844691371396
4086.0,426.0646029001828,425.78701576049303,100.23098330602431
4087.0,425.7558244259493,425.75886755934795,99.99073900989235
4088.0,425.6035777367657,425.7307868268093,100.87164209841067
4089.0,426.05119342015104,425.70245870732003,100.92193274537468
4090.0,425.6321213615879,425.67411646454065,97.83603506756035
4091.0,425.77286636570176,425.6466408446925,101.22813892171364
4092.0,425.2409031988678,425.618212609012,99.38562068490049
4093.0,425.45993197447063,425.59030181386964,98.59260221266918
4094.0,425.8565452319925,425.5626137247483,99.64680676224623
4095.0,424.56560093907694,425.53462957984925,100.39543436234631
4096.0,425.58114374973235,425.50643519536584,98.49336109901964
4097.0,425.70708158638746,425.47877497645715,100.79708149162144
4098.0,425.921317777629,425.4504677960716,99.14158956732214
4099.0,425.8055017090842,425.42262553300145,100.47699107199365
4100.0,425.32450775847883,425.3944082446754,98.26843944133627
4101.0,425.2575190671645,425.36681119126564,101.47483948794968
4102.0,426.5727801218687,425.3383136738428,98.78423284742988
4103.0,425.10123912844233,425.3105717684515,100.40943935989127
4104.0,425.76672386792643,425.28237345089786,99.90284793666251
4105.0,425.7058307533805,425.2543174011023,100.37430450392483
4106.0,425.0181034034363,425.2261289505875,97.96263463589415
4107.0,424.8894284465055,425.19861777736054,99.27250824985241
4108.0,424.9621646019629,425.1707387479604,99.78905120698
4109.0,425.2812020350982,425.1427146560798,97.97377122211121
4110.0,425.030077435989,425.1152003553282,99.09218337277385
4111.0,424.75898949471105,425.0873719671644,99.49814761385942
4112.0,424.6110023144448,425.0594295707095,99.78194546752074
4113.0,425.6512608498241,425.03140747435737,100.94240677701583
4114.0,425.1361793619459,425.00305948178743,100.01607943372407
4115.0,424.82461548745044,424.97497163281315,100.92954125012149
4116.0,425.1250723557755,424.9466272533121,98.57240419899288
4117.0,424.90392913308233,424.9189448364662,101.48016793311433
4118.0,424.9844290090015,424.8904458226383,100.96861898413509
4119.0,425.2053751301531,424.8620904688069,98.35714153617823
4120.0,425.2972006780458,424.8344685048922,100.65697089588889
4121.0,423.9674961936097,424.8062006722323,99.16543706032591
4122.0,425.2849176408563,424.77835171199115,100.00421565689376
4123.0,425.16442254322743,424.75026719476085,101.02408283579533
4124.0,424.9820209902492,424.7218962648311,100.1009919099697
4125.0,424.48197101068286,424.6937845696031,99.30897999226973
4126.0,425.3733579671624,424.66589529772193,99.20814713517638
4127.0,424.41825886262234,424.6380343430681,101.01669847021995
4128.0,424.0453035711869,424.6096654869144,99.96648462583222
4129.0,424.8981977655581,424.5815915658153,100.5258527724361
4130.0,424.70440337598774,424.55336055549503,100.02276324388356
4131.0,424.863163144952,424.5252708294841,100.14893141175548
4132.0,424.39099025394063,424.49714567124596,101.53537019319349
4133.0,424.7440071517039,424.4686311547834,100.84525909101554
4134.0,423.96781365096206,424.44031044452197,100.46008105258875
4135.0,424.17122477249507,424.41209790509305,98.19165160503225
4136.0,424.50728618916315,424.3845224162673,98.95468920355965
4137.0,424.88055259405354,424.35673264104935,99.41124368387392
4138.0,424.693815723839,424.3288146501148,100.3756238701559
4139.0,423.71121352475444,424.3006258290779,100.45050284840104
4140.0,424.3147129739268,424.272415979528,99.13115902351517
4141.0,424.38560147606887,424.2445766457022,99.64674878366542
4142.0,424.5281673387487,424.2165925170854,100.72514687618371
4143.0,424.42076917197795,424.1883055383377,101.10303285745518
4144.0,424.19378282284833,424.1599124366103,100.84704915549722
4145.0,423.49010147832445,424.1315912236391,97.4975768161299
4146.0,424.69531805641185,424.1042106541499,100.51504968652756
4147.0,423.591689464009,424.07598267769623,101.46328616661091
4148.0,423.1920454717269,424.0474884048311,98.87182605193365
4149.0,423.92501018145185,424.0197219003482,99.67460293013639
4150.0,423.9164824293681,423.99172994935867,102.1212799828957
4151.0,423.77854062022266,423.96305088989675,100.17364274075167
4152.0,423.8695211110596,423.9349187918937,100.82084861951523
4153.0,423.7466283794867,423.90660493690643,98.47582669917121
4154.0,423.5191617787657,423.87894964224176,101.20772174489987
4155.0,423.88529731815527,423.85052714038505,98.75378328345326
4156.0,423.38271986212044,423.8227937862463,100.67254884804393
4157.0,423.4234348583467,423.79452157877813,99.58372088998203
4158.0,423.5890383565756,423.7665551504948,99.26029391587862
4159.0,423.3748933894619,423.7386795512868,100.61109953090859
4160.0,423.8952315071443,423.7104246008352,101.00378707626342
4161.0,423.99206206221726,423.68205937063135,99.05711594253704
4162.0,423.83810568896064,423.6542408305708,102.003671746558
4163.0,423.6591845087997,423.62559479942195,99.19508402194597
4164.0,423.461512086053,423.5977375133258,100.25428960600026
4165.0,423.6721292147702,423.5695827669948,99.0142956629321
4166.0,422.5970153102821,423.5417762522961,100.93209444089797
4167.0,423.09875788697906,423.51343115577396,101.47758945644472
4168.0,424.0189752027336,423.4849328660683,99.31121782629211
4169.0,423.75289334088194,423.4570429657287,101.196607118576
4170.0,423.1336893812434,423.4286235852296,100.65562696377873
4171.0,423.0778787896414,423.4003561299906,100.50324332728378
4172.0,423.9964372907455,423.37213146915616,98.5267078414785
4173.0,422.5712873997058,423.34446188537066,98.83137055895556
4174.0,423.62775579277707,423.3167067421387,99.99796371000797
4175.0,423.887798684974,423.2886239806635,101.03413190212794
4176.0,423.1745960650482,423.2602502286209,97.25156413495831
4177.0,423.5466284085232,423.2329387476931,98.45880674194684
4178.0,423.68369471299826,423.2052882327997,100.18615839553243
4179.0,423.4372619522331,423.1771526199836,101.91870384526413
4180.0,422.6926449694327,423.14853045065377,100.90791932981978
4181.0,423.64032278546415,423.1201921433086,100.00127680971325
4182.0,423.35288622707134,423.09210845140456,101.40802274450317
4183.0,422.98314352861,423.0636296983505,100.30903317862236
4184.0,422.8962188936115,423.03545957819955,101.31800879040881
4185.0,423.2958744067171,423.00700610406415,98.99461080831172
4186.0,423.296938200774,422.97920511752886,100.26205141838363
4187.0,422.91103824486254,422.95104819142216,97.47290657017126
4188.0,422.99267577145395,422.9236745501604,99.58162115344741
4189.0,422.73435938940895,422.89570871155314,100.17139060413206
4190.0,422.6461169167481,422.8675772460251,100.02866821863377
4191.0,423.04971948434303,422.83948586170044,100.48134940801248
4192.0,422.67036441585935,422.81126734940835,101.35577925882409
4193.0,422.5858948306119,422.78280326806646,99.20980425221404
4194.0,422.6833178789755,422.754941848039,99.47448703424674
4195.0,422.9699721123043,422.72700609626355,100.4825196089797
4196.0,422.8061886410989,422.69878725534005,101.16162484714428
4197.0,422.5150515973249,422.6703776990288,99.73962225103922
4198.0,421.51443365051387,422.64236748844655,98.83554058184863
4199.0,422.83981802036294,422.6146111741332,99.5943631181143
4200.0,423.0804541502948,422.5866417571575,100.09596391262556
4201.0,422.2084262799456,422.5585314739587,102.08160371650187
4202.0,422.23031479200165,422.529863556915,99.57933614503584
4203.0,422.4615155660097,422.50189836001425,101.46899669891947
4204.0,422.0025484230101,422.4734024834413,98.86716420483062
4205.0,422.07745176900954,422.44563728816047,99.75488618709687
4206.0,422.8874793111914,422.4176227909562,100.83168865807536
4207.0,422.45205238793267,422.3893058917248,99.35337475345125
4208.0,422.37016699781515,422.36140415231483,99.84835067313664
4209.0,423.24118906399667,422.33336340716744,99.99328063500012
4210.0,422.735623762833,422.3052819608558,99.49509184024795
4211.0,421.6628598908455,422.27734042256395,100.87740391229137
4212.0,422.332619825461,422.2490106849653,99.54955524029494
4213.0,422.4557956930204,422.2210538515353,101.84097395145939
4214.0,422.1710754108568,422.1924535113506,100.71675848903044
4215.0,422.3993455541524,422.16416888834164,99.37690908206145
4216.0,422.3997060184511,422.13626053970773,101.3643045797501
4217.0,422.3562331113362,422.10779406417157,99.57427730360669
4218.0,421.98011898845283,422.0798302879622,99.4258495433004
4219.0,422.5874111346311,422.05190819521545,99.91236305415336
4220.0,421.2432648660627,422.0238494732577,99.0467042554843
4221.0,421.92061760849816,421.99603385714596,100.14696695521006
4222.0,421.7315981971572,421.9679092505927,99.49546489555061
4223.0,421.4630234686113,421.9399676075346,99.93523282987937
4224.0,421.92269074241267,421.91190246298146,100.06582922641314
4225.0,421.84973612410414,421.88380064260707,100.48919000718885
4226.0,421.8882020077092,421.8555799284134,100.5191455359896
4227.0,421.920989179528,421.8273508017087,100.17820527618807
4228.0,421.41204196271525,421.7992174223936,100.85286308306335
4229.0,421.4709307286458,421.7708945766778,98.99460758346547
4230.0,422.1052821615324,421.7430935910481,100.0800213940347
4231.0,421.2858817201971,421.7149877850399,99.01949446439019
4232.0,421.69338835389584,421.6871798103445,102.72531269914676
4233.0,421.67317721800265,421.65833111836145,98.73773656152319
4234.0,421.44062054145303,421.6306022706771,100.1313609084827
4235.0,421.3757257908352,421.60248204682205,99.47360815897129
4236.0,420.77188612112474,421.57454654186404,98.1361575742198
4237.0,421.1350060722431,421.54698663761195,99.08401546700276
4238.0,421.87824718996785,421.51916054326836,99.64363575053609
4239.0,421.3845221887656,421.491177288895,100.89940194009642
4240.0,421.6914786010982,421.4628413735168,99.60333236387977
4241.0,421.7228418881137,421.434869437678,100.5076994379857
4242.0,421.6803705731975,421.40664352541916,99.30178132759988
4243.0,421.1007877848262,421.37875627516297,100.10834852741577
4244.0,421.1174793930375,421.3506425139516,98.79903531805434
4245.0,421.81380921501466,421.32289645153304,99.32255458332251
4246.0,421.87856421386823,421.2950033674542,99.43408058944853
4247.0,421.2663956921834,421.26707896315537,99.43190751420441
4248.0,421.319995362727,421.2391551691285,99.74205491474652
4249.0,421.87020738316073,421.2111442753732,101.47436720401937
4250.0,422.00281763918673,421.18264689058344,100.87683183086827
4251.0,421.81757527036257,421.1543173136443,99.8769455656895
4252.0,420.84375812789574,421.1262685380979,98.65465294466586
4253.0,420.845702131336,421.09856302306264,99.58599276915415
4254.0,421.5783345716256,421.07059595676,100.86771306265456
4255.0,421.34856262665704,421.0422689406749,100.81416094876634
4256.0,421.01771453679646,421.0139569638084,100.96947544430269
4257.0,421.0506096873468,420.98560136945446,99.63286773267356
4258.0,420.93683576176284,420.9576211390995,98.4458499180473
4259.0,420.9949817113163,420.9299742629142,100.8333330846173
4260.0,420.49292894832337,420.90165690187297,99.85050636211294
4261.0,421.0039333735577,420.87361555133623,100.84867734705475
4262.0,420.19480569338094,420.8452938811146,98.70379144786281
4263.0,420.77131446205453,420.81757456634966,99.59101454552815
4264.0,420.5604064565283,420.78960608976485,99.6420504799901
4265.0,420.67722013145135,420.76162328058837,99.6334682115023
4266.0,420.4598222434283,420.73364288159894,101.04280905143655
4267.0,420.8751343118517,420.7052666927237,99.4260455620478
4268.0,420.7831296439534,420.67734454492836,100.41368190144485
4269.0,420.694510028804,420.64914503592763,100.14765463058265
4270.0,420.1524004035888,420.62102023625226,100.49446376347936
4271.0,420.3291030452677,420.59279804101203,98.78798441505349
4272.0,419.53471726858606,420.56505508205544,98.80471061862877
4273.0,420.64010236950975,420.53730742582337,100.83117245914634
4274.0,420.8978693281337,420.50899067155774,99.08409712896281
4275.0,421.23675301448725,420.4811645542807,100.85753569659737
4276.0,419.9712492344602,420.45284039633924,99.81569998211293
4277.0,419.7884113771417,420.4248088205943,100.15485329486276
4278.0,419.96654566667314,420.396681999294,98.59924116359056
4279.0,420.4427463174456,420.3689920457339,100.20634985115872
4280.0,421.0044109444549,420.340850762484,100.19715247479189
4281.0,420.6242211239988,420.31271206216405,100.19244924918414
4282.0,420.6952012571622,420.2845746826665,99.99163684395268
4283.0,419.7745345052862,420.2564936979862,99.46521879925628
4284.0,421.0846177421051,420.22856054904,99.02936902229098
4285.0,419.83770235077617,420.2007498012396,99.01205403910265
4286.0,420.3449708717201,420.1729439160636,99.47642655716828
4287.0,419.8411984589382,420.14500761960545,99.13888977440999
4288.0,420.3088813352713,420.1171661147272,100.16659618871064
4289.0,420.3641787514815,420.08903599563087,100.24938038477387
4290.0,419.6354726133723,420.0608826279728,100.74718412921584
4291.0,419.84139162894104,420.03258946042985,98.5697484583562
4292.0,420.4768214165095,420.00490778940446,100.1070508884149
4293.0,419.91696919878854,419.9767943926133,100.83060503775282
4294.0,420.23768910616775,419.9484777976985,98.47976428545343
4295.0,420.24726709264144,419.9208213972284,101.90785357830413
4296.0,420.0352722469434,419.8922022750151,99.749128879599
4297.0,420.01989269263953,419.8641893946548,99.71183743487047
4298.0,419.79659385165814,419.8361869869752,100.47276484981299
4299.0,419.0786094743129,419.80797088551316,101.13378277445304
4300.0,420.016218861243,419.779569148184,99.73019531973195
4301.0,419.57376471018904,419.75156158499834,99.18501133593527
4302.0,419.67911962415826,419.7237071276482,99.15101537387584
4303.0,419.8194325757099,419.69586221749734,98.47249585683575
4304.0,420.0314209772404,419.6682078582442,98.11920095819099
4305.0,419.09205649639927,419.6406527159752,99.20931805021846
4306.0,419.43799529019236,419.61279143248936,101.31882694344107
4307.0,419.84636031535155,419.58433772858945,101.37164273983828
4308.0,419.9811112584858,419.55586919225334,100.21041142039736
4309.0,419.99469916613015,419.52772676837947,99.72916350910174
4310.0,419.6485629058118,419.49971949496063,100.13588299200951
4311.0,419.8431125268536,419.4715980011537,100.28460101352769
4312.0,419.83028290921766,419.44343474236905,99.03473514445264
4313.0,418.86339922820065,419.4156224875827,98.61904680298669
4314.0,419.1088827693757,419.38792697193884,100.5166852556459
4315.0,418.72742120637633,419.3596985361629,98.56100163853972
4316.0,418.99473864615186,419.33201932153605,100.20229501549332
4317.0,420.1329356244882,419.3038791770192,99.29979234920707
4318.0,420.0674866907083,419.2759924853345,100.1064929288272
4319.0,419.1313412215433,419.24787924523696,100.83551994732836
4320.0,418.85109830855066,419.2195612700517,101.38235560499803
4321.0,419.0790032588646,419.19108972518603,100.61050128038643
4322.0,418.83987758497705,419.16283494274313,99.54751016574215
4323.0,419.1522524916749,419.13487868363825,99.50305019395056
4324.0,419.146327268932,419.1069349103754,101.80245006879811
4325.0,418.842620566951,419.0783453889811,101.2663623990407
4326.0,418.8098695269246,419.04990641887406,98.65988981138909
4327.0,419.1648087523639,419.022199433152,100.30544198663453
4328.0,419.2023153419412,418.9940303215274,100.46757581404842
4329.0,419.41784230336816,418.9658156773197,99.53816704750213
4330.0,418.8229149416517,418.93786204207385,98.33115068241374
4331.0,419.39722774712016,418.9102473772572,99.46459454948673
4332.0,414.9070579344256,418.8823144036212,100.04534481821112
4333.0,418.9077460168569,418.8542183359514,99.2963903916765
4334.0,419.47028623910256,418.82633259964973,98.80367874159948
4335.0,418.933998478217,418.79858523320314,100.7382818483305
4336.0,418.6078010603654,418.77029456571745,101.14342294252435
4337.0,418.5226885514009,418.74189012110776,100.84924312968106
4338.0,418.08327403091147,418.7135682919955,101.03038735760516
4339.0,418.3627317617514,418.6851955915459,100.28792630481877
4340.0,418.98096039550654,418.6570313989086,98.88202864359373
4341.0,418.29956760538056,418.6292620291979,100.0154157438274
4342.0,418.6732921340698,418.6011743666098,99.84351722746636
4343.0,418.27744874326714,418.5731349788551,99.39524097361885
4344.0,418.64203816929785,418.545221482015,100.15749460152112
4345.0,417.7265395453975,418.51709391894775,99.31580216945616
4346.0,419.05534985359134,418.4892027311719,100.6856087002173
4347.0,418.0158206163917,418.46092685606186,99.66045531960104
4348.0,418.6290827969162,418.43293887819294,97.94535608975575
4349.0,418.3067252986891,418.40543255735776,100.68379030170786
4350.0,418.79293303378444,418.3771571929147,100.55880684695228
4351.0,418.5699811583116,418.3489169279918,100.77354855046006
4352.0,418.512326001836,418.32061635644055,99.68844611577785
4353.0,417.2020013587078,418.2926205178231,100.24639512527656
4354.0,418.18078136989135,418.2644679885254,98.26645468159617
4355.0,418.73159296433937,418.2368714925023,98.67062733133086
4356.0,418.213197115802,418.2091614913267,100.48456369807874
4357.0,418.18439998821873,418.1809420763549,101.80167423759106
4358.0,418.1766793558949,418.1523527728398,101.45115225773114
4359.0,418.02969589977954,418.12386190758076,100.65893264247424
4360.0,417.8632795549204,418.09559352399697,98.79129465071749
4361.0,418.35818246176854,418.06784963541594,100.77995481693245
4362.0,418.2147819292678,418.0395472647715,98.15318706830949
4363.0,417.701407957645,418.0119825780699,99.88973448204587
4364.0,418.40358467977165,417.98393021096945,99.91472226449595
4365.0,417.67056243878534,417.9558708264668,99.66596655785915
4366.0,417.5040688554806,417.9278813008585,100.65303964252111
4367.0,417.83135552411113,417.8996145722255,97.67215642093072
4368.0,418.5477206520193,417.872184974964,100.2795014206797
4369.0,417.7635464874813,417.844023148315,98.58470642007089
4370.0,418.22988575471896,417.8163372765954,98.48041090747085
4371.0,417.5940579338171,417.7886806945322,99.8434768820684
4372.0,417.5205382379487,417.76064131810784,100.10931290396243
4373.0,417.1332436108513,417.7325272860673,101.42862558028457
4374.0,417.6534001637213,417.70404274705015,101.19729736381385
4375.0,417.8683561955075,417.67562317270716,99.1666670267326
4376.0,417.58851984763345,417.6477738670505,99.98784484871021
4377.0,417.4540397770426,417.6196939472888,102.08606272837557
4378.0,418.33458887804954,417.59102477800593,101.47549130020445
4379.0,417.44798672404767,417.5625270775325,99.51065245722926
4380.0,417.7695771080149,417.53458116930074,100.89696348000841
4381.0,417.0643075957863,417.5062459387234,99.42550978463719
4382.0,417.3914224609595,417.47832394139226,101.36136992610692
4383.0,417.37517480178997,417.4498582900046,99.25591320087872
4384.0,417.8289040182008,417.42198392104746,99.61069745299943
4385.0,417.78184026973656,417.394009916846,100.85144000544749
4386.0,417.53080810053785,417.36568747077786,100.20340968945334
4387.0,417.61969547255444,417.33754701322334,99.26715312520571
4388.0,417.7190747354595,417.3096694877207,100.37520702019484
4389.0,417.0418690897515,417.2814807837492,98.87641568851438
4390.0,416.894665573155,417.2537129903434,99.50531312695574
4391.0,417.4610662003826,417.2257685815735,99.85146820926508
4392.0,417.34821260267915,417.1977269609181,101.24818068511097
4393.0,417.4569400570968,417.16929309684235,100.21736193517722
4394.0,417.5178416880483,417.14114872103227,99.37096784420544
4395.0,417.60501122227595,417.113242040896,101.557119441762
4396.0,417.6430541936874,417.0847214165194,99.73784669323324
4397.0,417.0538200698982,417.05671170457305,98.74718661051689
4398.0,417.10427082484887,417.028980203,101.79554101881159
4399.0,416.99496169707896,417.00039262189716,99.48713156101091
4400.0,416.7699724617772,416.9724533191171,99.39339901814108
4401.0,416.9298508528306,416.9445403395595,99.25360217603043
4402.0,416.2531155107165,416.9166666196151,99.14262284936505
4403.0,417.26067178455594,416.8888240663649,101.07382388602898
4404.0,417.312818744911,416.86043916749026,100.21207641022089
4405.0,416.6563685063484,416.8322962760317,100.00722881327543
4406.0,416.7875144426009,416.80421091260666,100.65608233388656
4407.0,417.31501341098084,416.7759433294845,99.80636087168075
4408.0,416.9094710642587,416.7479143764731,100.15381396462135
4409.0,417.1660259738994,416.71978784705135,97.78087396183298
4410.0,417.07914717877594,416.6923277182804,98.91276109368486
4411.0,417.0468241172786,416.6645497178733,98.01187360900948
4412.0,416.5341505404022,416.6370247167014,99.10609417521397
4413.0,416.63501487730724,416.6091924219205,99.23307323162382
4414.0,415.700481046559,416.581324467188,100.28036574628969
4415.0,416.6273457196994,416.55316239780757,100.44920716096105
4416.0,416.49356260950395,416.5249529121299,100.26222954527103
4417.0,416.4516750716307,416.4967959359993,99.7146368119789
4418.0,415.8604557530292,416.4687927421612,99.78084729888793
4419.0,416.61125228299244,416.4407709542115,98.41452879435187
4420.0,416.93421921523554,416.4131328740417,101.91769975749912
4421.0,416.2935635114597,416.3845109866931,98.16238537621368
4422.0,416.3216806911177,416.3569437168,98.97614728343014
4423.0,416.19261833406415,416.3291479154379,100.09332929424794
4424.0,415.8795536751999,416.3010383721277,102.2981864432463
4425.0,415.90036115339433,416.27230963143495,101.07782431591453
4426.0,416.84392057212324,416.2439236091062,100.02365108608578
4427.0,415.77490813839074,416.2158336337596,100.27089441434258
4428.0,416.20822502482446,416.18767422424486,99.9802396168754
4429.0,415.4638540959874,416.1595964402858,99.97878654295322
4430.0,415.76025637204566,416.1315190643983,99.35434208551676
4431.0,416.18341420683424,416.1036170533293,100.1983042503874
4432.0,415.7145723441743,416.07547802955224,100.07843216462945
4433.0,416.89972691246953,416.0473726698527,99.60800695901032
4434.0,416.0063854867574,416.01939942123175,99.89872677774787
4435.0,416.1639528690706,415.99134452879497,99.55377299273006
4436.0,415.80226700494325,415.96338651087956,100.49458552322433
4437.0,416.4230137801378,415.9351642814451,98.45443090843156
4438.0,415.9427742628905,415.90751499543165,98.50660958232493
4439.0,416.06047418532586,415.87985105590724,100.05529194708431
4440.0,415.8207015446774,415.8517521947521,99.41491478827241
4441.0,416.1202854333882,415.8238331728491,99.42863293576428
4442.0,416.1908922992332,415.79591029843294,98.60814918580687
4443.0,415.3629298271332,415.76821784320333,99.6107544533223
4444.0,415.60240125654957,415.7402438229943,100.02020332685852
4445.0,415.0302500341413,415.7121548158933,101.92887207606722
4446.0,415.7630644005953,415.68352979098535,100.17242312831094
4447.0,415.6588024653969,415.6553980354901,99.92906157686996
4448.0,415.5325839048422,415.6273346240306,99.6484170076826
4449.0,415.7341544909043,415.59935002692094,99.76620942586828
4450.0,415.2159458282154,415.5713323497738,97.92072045418044
4451.0,414.9947290914235,415.54383294744633,100.72018999892812
4452.0,415.553124748938,415.5155473607549,99.26587570892511
4453.0,415.21496284538875,415.4876701939933,101.94753005171371
4454.0,416.01903110899724,415.4590399293038,101.63291297323767
4455.0,416.02153888405553,415.43049801957716,101.29014406184002
4456.0,415.69993471003926,415.40205237078646,99.59581881031019
4457.0,415.57279943286784,415.37408254500394,97.79442563878222
4458.0,415.8708340638545,415.34661861047033,100.875607869491
4459.0,414.96006557642175,415.3182893772603,100.08966275124185
4460.0,415.5060366634157,415.29018086363766,100.6948706742857
4461.0,415.06973249227406,415.26190238745664,100.28308740671301
4462.0,414.9534056213365,415.23373955374325,99.13510537892692
4463.0,413.1532453015239,415.2058991116494,101.4393252811281
4464.0,415.07457895245886,415.1774115677996,100.53420510843094
4465.0,415.20738213124287,415.1491782118649,98.14518738534328
4466.0,415.7183636266555,415.1216157717409,100.55758393274886
4467.0,415.1214998604378,415.09337585025315,100.25484173581056
4468.0,414.70474938970716,415.06522094886566,99.55574926348552
4469.0,415.3256647292554,415.0372623759475,99.89590660188686
4470.0,415.60805611939475,415.0092082755101,99.49386367452091
4471.0,414.6860337651029,414.9812670821282,100.40326057117252
4472.0,415.5044250420894,414.9530704997844,99.50911970028004
4473.0,414.7356437995216,414.92512502200196,99.12190587371192
4474.0,414.9306744506446,414.8972882867691,99.65516639712116
4475.0,414.51166448125645,414.8693017942059,101.41739451209777
4476.0,414.29811634804037,414.84082040924704,100.201728801198
4477.0,414.4840723925472,414.8126804237421,99.16787047591949
4478.0,414.5863311410574,414.78483078011675,98.29321453516872
4479.0,414.7878101704416,414.7572267690348,97.62961935757961
4480.0,413.9647849700519,414.7298091175985,99.22979859544864
4481.0,414.7183154021496,414.70194208249296,99.53003930495875
4482.0,415.2567344192963,414.6739907297882,101.20968646113919
4483.0,414.09214502644693,414.64556767617364,100.41071923893746
4484.0,414.35895511203097,414.61736899918736,99.40696248489105
4485.0,414.77906186941266,414.5894522105562,100.1761202097474
4486.0,415.43212980185297,414.56131941679735,99.11731634302323
4487.0,414.18458363601485,414.5334839704576,99.26057616965522
4488.0,414.51526482370474,414.5056082919833,100.78333581587155
4489.0,414.47241744734254,414.4773049718417,99.36849831725753
4490.0,414.3647803198848,414.4493989852309,100.32089024561309
4491.0,414.6564939997136,414.4212255352203,99.33912068692086
4492.0,414.16878398912286,414.39332779882744,99.61170595075028
4493.0,413.9573155678976,414.3653535114062,99.2165328887537
4494.0,414.16535889499454,414.3374902017533,98.42649312515346
4495.0,413.6356998226671,414.3098487616006,99.60587757123753
4496.0,414.0207088681465,414.28187611098275,99.52830666404842
4497.0,414.23380342239443,414.2539252448613,98.57688838420916
4498.0,414.5647843422223,414.22624156870666,100.0858949087901
4499.0,413.8905678774608,414.19813411321985,99.91494087577036
4500.0,414.33325091731416,414.17007466732383,98.86683609102792
4501.0,413.7961282595284,414.14230956418834,98.70614919256339
4502.0,414.9356369682266,414.1145895872901,99.28272201626693
4503.0,413.9383680286016,414.08670768952385,99.9221313547992
4504.0,413.93539283183526,414.0586462243017,99.52591068366063
4505.0,413.71074666023964,414.0306960310513,101.51947671526429
4506.0,414.08618754916733,414.00218597800716,100.59486317514201
4507.0,414.407062098839,413.9739355872655,99.26314340276474
4508.0,413.98894027912166,413.94605918782656,100.71070076526246
4509.0,413.8391419882877,413.9177762660282,99.40137380643053
4510.0,413.7916341256674,413.88986104688433,100.87021432079031
4511.0,414.7791288085086,413.8615333283625,100.24583357365584
4512.0,413.3857623430451,413.83338095676726,98.67345755803973
4513.0,413.7489795203813,413.8056701607697,100.25998170309622
4514.0,413.20146883876237,413.7775138159081,100.34088042233908
4515.0,413.6356800053415,413.74933475198947,100.01389413863762
4516.0,413.36157252806044,413.7212475167189,99.5413743958601
4517.0,413.2751019496651,413.6932929807427,100.1703263257421
4518.0,413.2827941964767,413.6651618140996,100.88702299732007
4519.0,413.2747185181324,413.6368293751412,100.63185547340557
4520.0,414.20700214922033,413.6085685957291,99.36292758718926
4521.0,414.0330254638296,413.58066417356497,100.25624073769518
4522.0,413.112404838397,413.55250887929117,100.8322933004078
4523.0,412.79637621861286,413.5241918102559,99.25039289598276
4524.0,413.2685903408503,413.49631899158436,98.62567223042565
4525.0,413.7780600043526,413.4686216152996,101.14730086897907
4526.0,413.59724627852563,413.44021608163894,99.25747571056384
4527.0,413.2467499141318,413.41234127387685,99.9805967317338
4528.0,413.6370621291365,413.384263389628,98.62647209761325
4529.0,413.7187646871673,413.35656578871397,102.07101044765312
4530.0,412.87034977748345,413.32790084661326,100.83707245943525
4531.0,413.31890581949955,413.2995824354309,98.04737007020162
4532.0,414.0790392485748,413.2720474656695,99.77198190293001
4533.0,412.90771252221396,413.24402816741843,100.28254840463804
4534.0,413.29076808739154,413.2158654850748,99.16188473293155
4535.0,413.1404627304118,413.18801752244565,99.54933024173275
4536.0,412.52562359254904,413.16006075220275,100.58427107033299
4537.0,413.0767329271692,413.1318133360772,99.06120240328956
4538.0,412.77275239911216,413.1039936484023,100.01440123580545
4539.0,413.2514178152019,413.0759062707219,100.94491624812477
4540.0,413.15935010296454,413.0475575734088,100.83144904394715
4541.0,413.6285646726236,413.01924074146905,99.20863577200639
4542.0,412.71453047906044,412.9913796495897,100.88309874045419
4543.0,413.28764866644553,412.9630483126934,102.1897670620174
4544.0,412.75064984543553,412.9343500197768,100.19946779077097
4545.0,413.9220348187112,412.90621066923893,99.4021205449607
4546.0,413.00724684335984,412.87829524038585,99.23578559708922
4547.0,413.0861311503213,412.85042652393065,97.6024352078359
4548.0,413.24987432897046,412.8230165067098,98.81083703877961
4549.0,413.00343132837526,412.7952671299748,99.74076024178181
4550.0,412.8477465562422,412.76725659980684,99.9918744804126
4551.0,413.057409952241,412.73917554839034,99.67091524134605
4552.0,412.8496562285423,412.7111846330267,98.95445052143018
4553.0,411.3939486261319,412.6833949248386,99.75030799947523
4554.0,412.83918507050754,412.655381713342,99.20434727063905
4555.0,412.35493930709924,412.62752182581687,100.62371473292993
4556.0,412.20241986355256,412.599263332596,99.63185208333755
4557.0,412.97405770739704,412.5712833874693,100.2293194497922
4558.0,412.6871218956369,412.54313565359047,99.40528336940088
4559.0,412.29081184149317,412.5152193365109,100.8207871325749
4560.0,412.92434065161376,412.48690549879115,100.88785728920773
4561.0,412.945969605221,412.4585728255358,100.30467797348156
4562.0,412.82989115836114,412.43040392847155,101.01304136124274
4563.0,413.18322262143863,412.40203609935594,100.40266880560391
4564.0,409.40465481185686,412.3738396831997,100.28287635963112
4565.0,412.5298210509777,412.34567690875537,102.16116987799984
4566.0,411.7821085520044,412.3169866468813,99.12358488916439
4567.0,412.775544286698,412.28914944012496,100.4190805322471
4568.0,412.5297442009899,412.26094841500884,99.60055826170294
4569.0,412.478876744245,412.23297725823033,102.37403743037318
4570.0,412.48988570315015,412.20422721605195,99.27026190218201
4571.0,411.8253809081277,412.17634881750104,100.84124142578375
4572.0,412.75529674205416,412.148029235534,100.05908490518196
4573.0,412.3202786590593,412.11992930918984,102.19451962146108
4574.0,412.55180319339803,412.0912296815961,100.44259326021792
4575.0,411.4311486924768,412.0630220533222,99.41684211076635
4576.0,412.00481951376565,412.0351024901628,100.53294955389345
4577.0,412.0981383273884,412.0068694868297,99.22652753916304
4578.0,411.908229789715,411.97900337034577,98.66779894030597
4579.0,412.78740434922645,411.95129416347675,99.43934176337538
4580.0,412.02029512126137,411.9233682816648,98.21929291597641
4581.0,411.83789248318465,411.8957850302376,100.79375373866529
4582.0,411.72736442684044,411.867478784396,99.7411940513609
4583.0,411.7939463460233,411.8394681323999,100.97932572161031
4584.0,411.5818536190374,411.8111097717598,100.454604192382
4585.0,411.45729600570354,411.7828987704157,100.45069212275234
4586.0,411.52918882515416,411.75468886771125,98.94109634592638
4587.0,411.27291568317764,411.7269029098208,99.32145814756748
4588.0,412.0199376100114,411.6990101336577,100.25374678817381
4589.0,411.7515271033432,411.670855539768,99.38142386655015
4590.0,411.50747410046733,411.64294592323216,100.28220185257244
4591.0,411.50627838713075,411.6147833382119,99.13354485117428
4592.0,412.01788702005075,411.5869433343662,99.8267515119804
4593.0,411.7638618488083,411.55890865498327,100.3898685552877
4594.0,411.38149953258454,411.53071583356393,100.61472618050792
4595.0,411.61139810241167,411.50245986462824,99.6033501217566
4596.0,412.0226069990126,411.4744879238024,100.74796310579954
4597.0,412.0118952721195,411.44619453749686,100.7059241391301
4598.0,411.31601953571857,411.41791295713443,99.13084494737198
4599.0,411.84870723084657,411.3900737115117,100.3646563715038
4600.0,410.46001174039577,411.36188797051403,101.53756888560326
4601.0,411.915971750194,411.33337283658534,100.23559164677685
4602.0,411.9748436117457,411.3052233412646,101.95647806947298
4603.0,410.98867902733326,411.2765905636734,100.79873513118868
4604.0,411.00814678253823,411.2482829188907,97.50379443338348
4605.0,411.13380327988466,411.22090060328736,100.52511284367769
4606.0,411.5642960626403,411.1926698007637,101.03588426689446
4607.0,411.5872770065682,411.1642955565988,99.44790456498336
4608.0,410.96638096196585,411.1363672700668,99.27497402692462
4609.0,411.2472021654182,411.1084875481942,98.77951493293877
4610.0,411.26422185002144,411.0807469677506,100.68753504677984
4611.0,410.9106248540076,411.05247055165825,99.70578675915147
4612.0,411.72788690841105,411.02446984321,101.06121181721494
4613.0,411.6375238416325,410.9960884862247,99.41563976894902
4614.0,410.8360628337858,410.9681692607229,101.25956596304287
4615.0,411.1057230348869,410.93973219928165,99.81295921739625
4616.0,410.7389931076168,410.91170139323475,99.73972838273362
4617.0,410.9780749584788,410.88369115284723,101.57206719433432
4618.0,410.70217142218434,410.85516633064356,100.04586457410777
4619.0,410.2536419837505,410.82707011700893,100.16602781352289
4620.0,409.78823418252097,410.7989401575313,99.79972843624343
4621.0,411.24638478871134,410.77091306712873,101.45888826241095
4622.0,410.96228278570663,410.74242002934176,99.27525792550132
4623.0,411.1348212072651,410.714540227741,100.90733301444214
4624.0,410.7942632506952,410.68620208505274,100.90311699461003
4625.0,410.9503167605701,410.65786512636345,100.70070129001766
4626.0,410.19044323749193,410.6295850127512,98.86009154022493
4627.0,410.1111249870197,410.60182180371027,101.09715690467017
4628.0,410.9865952573767,410.5734303521462,99.15177509179993
4629.0,410.4455328391864,410.54558522864124,97.80649620901818
4630.0,410.39667289322915,410.51811790428917,101.00319684093282
4631.0,410.45640469331755,410.48975283984305,99.82804341717184
4632.0,410.52376504458886,410.4617177976501,99.50707867751635
4633.0,410.45790074113825,410.4337728930548,100.76317396099698
4634.0,410.45667975563566,410.40547523503403,99.81040969748149
4635.0,410.09006748004936,410.3774451449774,100.03908976712735
4636.0,410.1695584352113,410.34935083393447,100.77661728130953
4637.0,410.6411601437379,410.3210494005813,98.16668876145687
4638.0,410.40219724800113,410.2934809221541,99.33214804731138
4639.0,410.5443806141635,410.2655851439108,101.17416571194582
4640.0,410.4726274839562,410.2371720657067,99.28588201476614
4641.0,410.40026506381645,410.20928928050756,100.1581784170398
4642.0,410.01370440877645,410.1811615254021,102.23409638988741
4643.0,409.5576797383386,410.1524507833326,100.73915878487003
4644.0,410.3322808928804,410.1241598695739,98.50038500743017
4645.0,410.1804676402124,410.0964976781176,101.1779890829994
4646.0,404.5650977777704,410.0680835261835,100.5089634909777
4647.0,409.5997866064597,410.0398572589364,100.16625035642376
4648.0,410.60117968060473,410.0117272369613,100.40083809628689
4649.0,409.82440775416626,409.98353133492924,102.03492036280907
4650.0,410.02925641008295,409.9548765281274,99.52213381309613
4651.0,410.26181179840677,409.92692739554826,99.38438402466595
4652.0,410.15656298101646,409.8990169477013,101.69099900369736
4653.0,409.3323040724402,409.87045872548106,101.45867523813833
4654.0,411.10524007488164,409.8419657475184,99.55862074346899
4655.0,409.4025825147746,409.81400636819296,101.02383977326409
4656.0,410.00226377857825,409.7856355065233,101.73452555032323
4657.0,409.6414255536448,409.7570650605978,100.07475798699735
4658.0,410.11143235617,409.7289607327299,98.07263943324128
4659.0,409.8402071212118,409.701418666489,100.001048954075
4660.0,410.42070514981947,409.6733350385744,100.2600576817105
4661.0,409.2125703670944,409.64517867237544,99.81948798870803
4662.0,409.9388185751389,409.61714603283195,99.65845251196458
4663.0,410.058703891,409.5891586174182,100.19916425794862
4664.0,409.38716932919993,409.56101935212246,98.3577687025359
4665.0,410.15694746345645,409.53339721207846,100.05798539024093
4666.0,409.16674515225924,409.50529759451473,100.06016514320189
4667.0,409.61685225331325,409.4771973648037,99.45041558142218
4668.0,409.72030673457283,409.4492683730945,100.82038187211327
4669.0,408.98578048755024,409.42095464918543,99.33722517292831
4670.0,409.54064104810834,409.393057445116,100.03879630890715
4671.0,408.64181406172236,409.364963216486,99.57298701735927
4672.0,408.2807006834617,409.33699980263196,100.24625026847853
4673.0,409.5220798353017,409.3088473140149,98.58280805026469
4674.0,409.3770723651404,409.2811619754208,99.67398578192328
4675.0,409.2635401036473,409.253170197747,98.83066118982573
4676.0,409.26623031205304,409.2254152537296,101.06905051024614
4677.0,409.6938995658353,409.1970316953779,101.71983880599973
4678.0,409.54531108569336,409.1684653739799,99.78952886048374
4679.0,408.40044734127156,409.14044114795826,100.04422029529093
4680.0,409.1316367076827,409.112345396092,100.84352373639045
4681.0,408.67024773173006,409.08402517317603,99.3355959248546
4682.0,408.7404205557452,409.05612842665386,99.60210156536286
4683.0,409.69755970937393,409.0281568364642,100.09184446305777
4684.0,409.17514127439756,409.00004771014414,100.36034833698486
4685.0,408.4957573058236,408.97186317898615,100.08272530150202
4686.0,409.26095752954376,408.9437566136307,99.7297335129287
4687.0,409.62782516881595,408.9157491801358,99.56254410584366
4688.0,408.7379256737635,408.88778869899943,99.79516629931248
4689.0,408.60776587600384,408.859762889797,100.37409943793612
4690.0,408.92355767173194,408.8315744968716,99.45165077852616
4691.0,409.4615774705388,408.80364515827796,98.89372006348582
4692.0,408.5110747432935,408.77587250522674,100.64153105252856
4693.0,409.1231085380881,408.7476090085895,98.89771302975957
4694.0,408.63088478055744,408.71983523418027,101.02040722593601
4695.0,408.53870166792524,408.6914653364843,100.9452766894463
4696.0,408.40560411600717,408.6631165379475,100.3307550131167
4697.0,408.8000425135317,408.63494031758125,99.27350032473704
4698.0,408.551049759225,408.6070610095734,100.35840102640984
4699.0,408.8884659410797,408.5788770252851,98.91409628660794
4700.0,407.9259241273868,408.5510986499113,99.30496671097153
4701.0,408.2728058950252,408.5232105050933,102.25502550838553
4702.0,408.4972653104803,408.4944938854297,100.08291743375194
4703.0,408.21909683570334,408.466387266117,100.54627683367134
4704.0,407.9823457005233,408.4381505200396,100.075394202883
4705.0,407.2207181943868,408.41004601350096,99.7365089222403
4706.0,407.2619768575313,408.38203667724525,102.92185594416915
4707.0,407.8388202466844,408.35313278936763,100.14915643353021
4708.0,409.0791211943572,408.32500756793587,98.53712958089844
4709.0,407.81682777886846,408.29733505737863,100.31117277462874
4710.0,408.168302283273,408.26916433635773,100.5958749985727
4711.0,408.8091390307928,408.2409136614623,98.04581030764301
4712.0,409.21641733542293,408.2133791297342,98.42435008518251
4713.0,408.3429338669544,408.18573829141866,100.36722702100822
4714.0,408.24819766999,408.15755182849693,99.97441952698803
4715.0,408.52994944817766,408.12947567901307,99.4237502433962
4716.0,408.22668324279715,408.10155417581973,102.23376410820242
4717.0,407.8596020900869,408.07284352706597,101.13520436251763
4718.0,407.88569958823746,408.04444139050753,98.68643368352556
4719.0,407.652373315193,408.0167269503814,100.51784999503852
4720.0,407.62593560086134,407.9884981875078,99.9171245861074
4721.0,407.7557789551778,407.96043812835325,100.59587835737406
4722.0,407.5140971910964,407.93218745251454,100.11274364194675
4723.0,407.2005418921119,407.9040724570084,101.09081592895599
4724.0,407.48464514919453,407.8756827862017,98.3227816887588
4725.0,407.7059337752716,407.84807047167743,101.81534119137334
4726.0,407.88422626117455,407.8194773300262,99.2456075175015
4727.0,407.9850632765302,407.79160585524835,100.11531155263937
4728.0,407.9928698620824,407.7634901385873,100.03278816231567
4729.0,407.6222881158998,407.7353975972451,99.86070312179635
4730.0,407.91125589822013,407.70735338311835,99.50251110664341
4731.0,407.50606032337373,407.67940976124925,99.57356859874837
4732.0,407.60507100832183,407.6514461840677,100.85309430367636
4733.0,407.7305860133385,407.6231232734175,99.75348734664878
4734.0,406.31080661680204,407.5951091690543,99.99160703292898
4735.0,407.1549363940251,407.56702819274585,100.34279422694237
4736.0,407.92959102896947,407.5388485913671,99.38129207126543
4737.0,407.3195439914398,407.5109390118438,99.10749922940558
4738.0,407.19346409350925,407.4831063224769,99.69668278665293
4739.0,407.49481113782554,407.4551081707276,99.90362711803019
4740.0,407.3765943160423,407.427051902112,99.39122816564637
4741.0,406.7488930984046,407.3991395322021,100.54946797442851
4742.0,407.4292417234985,407.37090188994597,100.06275151956679
4743.0,407.057061944927,407.34280093389424,100.02909403471473
4744.0,407.17266507025727,407.3147094299861,100.55983402535406
4745.0,406.80474405524336,407.2864688765973,101.65648055252272
4746.0,407.77702727974855,407.2579203483088,98.64515683692434
4747.0,408.04475494431824,407.2302175000971,97.99961578025615
4748.0,407.3561273565788,407.2026959413322,100.66011283814085
4749.0,406.6567989934005,407.1744272263101,99.52543692072835
4750.0,406.82069215124886,407.14647716610824,99.93378549938164
4751.0,406.6978609786113,407.1184124280138,101.13621117494644
4752.0,406.51260647534394,407.0900100087088,98.98248955396575
4753.0,407.028982542087,407.06221242622576,100.17096771481131
4754.0,407.2775530802637,407.0340810794592,100.61809786406853
4755.0,406.8785098504197,407.00582416364233,98.33840833742995
4756.0,406.88413197262173,406.9782074606343,99.4559409718585
4757.0,407.50926594733727,406.9502769172114,99.8131396177854
4758.0,407.8232875383344,406.92224606050206,102.44623113265541
4759.0,406.96878340957693,406.8934757439256,100.69374559812215
4760.0,406.3354143140365,406.8651975837035,100.2552214429726
4761.0,407.23379196899367,406.8370425756816,102.23998703764475
4762.0,406.61612249811145,406.80833017932184,98.192732931887
4763.0,407.5885260906256,406.7807543868235,98.29005881276615
4764.0,406.55083281144374,406.7531512619735,99.51266326669592
4765.0,406.6108270609519,406.7252047890395,99.96447222759203
4766.0,406.25167117427844,406.6971314330889,101.44829510919577
4767.0,407.3316965498356,406.6686413702124,99.96768850281717
4768.0,406.6952552654617,406.6405671110245,101.56915528669339
4769.0,405.97472784718497,406.6120431065815,100.63218095914146
4770.0,407.0682918119261,406.58378223576216,100.78137918925596
4771.0,406.8787551645761,406.5554794651065,97.78048680037726
4772.0,406.46060606712825,406.52801944506336,98.29610521185462
4773.0,406.61753095790414,406.50041462218303,99.3595858461974
4774.0,406.5140292677057,406.47251113849126,100.40050914730769
4775.0,406.7815663082813,406.444315328839,98.23271248972323
4776.0,407.0682012748219,406.41672830874813,98.8184597630544
4777.0,406.7261584276764,406.3889767912981,100.94787477681096
4778.0,405.85746428266174,406.36062726313156,99.69206599512084
4779.0,406.60924481318835,406.3326304079313,98.41109951344848
4780.0,406.4135822174464,406.3049932908179,100.13351198575387
4781.0,406.24470077000643,406.2768724628686,100.65404057299789
4782.0,406.43682748420844,406.248605453141,99.47812352436203
4783.0,405.9125747155017,406.2206686801179,100.33550215222125
4784.0,405.96339164159366,406.1924911265968,100.01889783463824
4785.0,406.97056936877965,406.16440248612156,100.7679649285617
4786.0,406.55850940857164,406.13610348263745,99.23857917865139
4787.0,406.55845227061496,406.10823398165144,101.08711434000001
4788.0,406.74438347156075,406.0798453503743,100.08616380547392
4789.0,405.6704893373297,406.0517378193723,100.04363185069275
4790.0,405.4694303230241,406.02364223276084,99.27036153553132
4791.0,405.56672330640157,405.99576380622966,101.02802247259449
4792.0,406.11463201329013,405.9673917699186,100.32921637431363
4793.0,405.974543000027,405.9392159816535,101.21720087289162
4794.0,405.9211839060976,405.9107908177417,98.77140577131215
4795.0,406.223624605178,405.88305251462094,99.30266801138725
4796.0,405.48497419298144,405.8551650153544,99.43695330975568
4797.0,405.1834022090757,405.8272398042999,99.75796651300764
4798.0,406.42255975347257,405.7992244420375,99.95759771285239
4799.0,406.13976772000456,405.77115301667976,98.3833386204347
4800.0,405.67175174834136,405.7435236957505,100.68774414139594
4801.0,405.5535948253471,405.7152472209375,101.51684073537866
4802.0,405.40349731368224,405.68673790816433,99.22949273597719
4803.0,406.0162771527939,405.6588709589543,96.67326412594538
4804.0,405.886355842544,405.6317218839456,101.10130351119629
4805.0,405.0040344164136,405.6033292678762,101.84244971243028
4806.0,405.4356705691694,405.5747285132486,99.61882121451974
4807.0,405.56839490323836,405.5467522276242,100.23175683060536
4808.0,405.0660829446212,405.5186038092476,98.39961332357493
4809.0,405.222931476507,405.4909699178392,100.00514640423148
4810.0,405.3556614241116,405.46288513922406,99.49341842961876
4811.0,406.2220146013887,405.4349440708817,98.84729685063253
4812.0,405.38846470928974,405.4071844550162,100.6660505139937
4813.0,405.41882937349726,405.37891407249685,100.26306088296336
4814.0,405.2239500402314,405.3507568628989,98.74092284875292
4815.0,405.27320621720264,405.3230271203989,99.39153025014618
4816.0,404.6246721659383,405.2951146656536,99.50845601296857
4817.0,405.3029794924004,405.26716937425664,98.63542176756043
4818.0,404.21697956779127,405.23946925997694,99.98034949523262
4819.0,405.53928681373793,405.2113914451603,100.25258338898263
4820.0,405.2231725120517,405.1832371779919,100.20991014535626
4821.0,404.2622354227979,405.1550948948927,99.36978625659157
4822.0,404.9863720024852,405.1271885465857,99.94336216664071
4823.0,405.24890041738985,405.0991211190439,99.41116335190733
4824.0,405.21243172096695,405.0712031506692,101.2735187005796
4825.0,404.9604785425116,405.0427621708341,100.79702849447622
4826.0,404.89405302058077,405.0144550053319,99.41768615227444
4827.0,404.8785453633663,404.98653520513744,100.99254404294479
4828.0,404.44393611528255,404.9581731323521,99.94370669390838
4829.0,404.83937060125896,404.93010560805556,100.74752687549051
4830.0,404.8135858750846,404.901812344258,100.67855360406307
4831.0,404.9244045222898,404.8735384504542,99.29049572662885
4832.0,405.77818727995924,404.845654369571,101.38008652356669
4833.0,404.7870550142536,404.81718346193895,99.51336271135796
4834.0,404.47880836075876,404.7892367925775,99.95854266162678
4835.0,405.26129790579995,404.7611651018467,99.17292174798327
4836.0,405.61266399188196,404.7333140396558,101.14020887768874
4837.0,404.7973620713175,404.7049104976627,98.6551347452712
4838.0,405.61733387718675,404.6772048473217,101.17646070090028
4839.0,403.62807598121015,404.64879112460824,99.88624143122838
4840.0,404.9131404873206,404.620739738473,100.95689561734837
4841.0,405.2383153401596,404.59238767695376,99.78569826050563
4842.0,404.7070008685997,404.56436452669226,98.55597126455396
4843.0,403.978471397655,404.53668672476215,101.46109649740364
4844.0,404.99117599763974,404.5081930668291,98.98105758000025
4845.0,404.9835713487947,404.4803958864921,99.23117675002626
4846.0,404.2080214588863,404.45252846435477,100.92140834628582
4847.0,404.89229029111726,404.4241863688442,101.8216692491895
4848.0,404.5528036044847,404.39559145006336,99.9785804148921
4849.0,404.96074284827904,404.3675141320635,99.84588691310167
4850.0,404.43969083452083,404.33947407882204,100.51138446531507
4851.0,404.1484794333702,404.31124713168475,101.79715416659488
4852.0,404.41672644713094,404.2826590975563,98.66733134181156
4853.0,404.3233098355782,404.2549500220045,96.89174816002571
4854.0,403.8832625780533,404.2277395893962,98.99835356667886
4855.0,404.18922751304433,404.1999375517695,100.30582409681826
4856.0,403.6539271657625,404.1717683328357,100.07668010322531
4857.0,403.9536598835587,404.14366346517335,100.14271824239675
4858.0,404.11473828033246,404.1155400518003,102.08234023063363
4859.0,403.93620791819774,404.0868719279189,99.17902094327233
4860.0,403.602414397123,404.05901915287063,100.45059701006913
4861.0,403.44890453885944,404.03080927687694,98.82815960304636
4862.0,404.43887327331595,404.0030550353885,100.44062910611297
4863.0,404.29902029935215,403.9748479587145,99.50670255745975
4864.0,404.26706435687527,403.9469031597463,100.54312349311256
4865.0,403.8932110596337,403.91866729923197,101.01891136224414
4866.0,403.777841528926,403.89029782162436,99.19495753879188
4867.0,403.87331679270085,403.8624405710489,99.66152125758262
4868.0,403.88465289435885,403.83445229382903,99.53570451823582
4869.0,403.71369957422127,403.80649935014355,99.25093175208241
4870.0,404.26663254118785,403.7786263801431,99.41673387982375
4871.0,403.73633081987566,403.7507068473786,99.76076466025762
4872.0,403.9929669001178,403.7226906993032,100.25285302740133
4873.0,402.96394961171677,403.6945363564113,99.58303654654875
4874.0,403.2906636714134,403.6665701203145,98.80614966216643
4875.0,403.31157955610973,403.638822059951,100.37545657490487
4876.0,403.81768141062366,403.6106332858962,98.76516763963836
4877.0,403.3798994355137,403.5828967346508,100.33649646779463
4878.0,403.53307723282387,403.5547189018927,99.54186005021269
4879.0,403.68840176026936,403.5267642295287,101.78455751456814
4880.0,407.96987425873533,403.49817973295995,100.27427248522949
4881.0,402.99536741411094,403.47001937477035,99.15534056767694
4882.0,403.12047546907075,403.44217324996094,101.57425789562711
4883.0,403.13811680158176,403.4136478125352,98.68995647982999
4884.0,403.0183731972156,403.3859323830905,102.50897649957551
4885.0,402.92750830393527,403.3571444455235,100.84915577601791
4886.0,403.1525520173053,403.3288226409431,100.98923647415286
4887.0,402.6248030552853,403.30046149703327,97.99444629607294
4888.0,404.1467622442968,403.2729413900318,99.72068253596608
4889.0,402.6058820122369,403.2449364983529,101.2938615701561
4890.0,403.1458762266428,403.216489805562,100.77481921421192
4891.0,403.09130775957016,403.188188877166,98.85085280014296
4892.0,402.1416099667808,403.16042826267125,100.67000465434911
4893.0,403.16330907039287,403.13215676969753,101.91749819138303
4894.0,403.0729257089829,403.1035349389554,99.91502857940434
4895.0,402.99300401512556,403.07547546842943,101.02972526311066
4896.0,403.64078282587695,403.047102953918,100.51955825722062
4897.0,403.2644448849815,403.01887371130744,99.88424516445512
4898.0,402.24503638891423,402.9908228857904,99.91569909858336
4899.0,402.9271354196808,402.96276322696025,102.28640616286788
4900.0,402.865101438376,402.9340377945628,98.82882187025308
4901.0,403.11981700534847,402.9062833670876,100.28600232670136
4902.0,403.88972164882813,402.8781197147675,98.42786211500403
4903.0,402.61389724704173,402.8504778901569,100.1324410002093
4904.0,402.6015030138442,402.822357362976,100.20466327533666
4905.0,402.97737149636833,402.79421655337285,100.20355901079083
4906.0,402.41252573327233,402.766076053884,99.6177300614953
4907.0,402.1550924413242,402.73810007469166,98.510350918845
4908.0,403.1780855917866,402.7104350844753,98.9341206020272
4909.0,402.8159504324051,402.68265108560627,99.41638286954206
4910.0,402.7457926931538,402.654731651417,99.12258438456956
4911.0,402.8219161878097,402.6268947256357,99.65344012147325
4912.0,402.6239714686215,402.59890871786826,99.3433621617961
4913.0,402.77991909021347,402.5710097903278,99.58735331703224
4914.0,401.8362173220433,402.54304234193796,101.63368428209448
4915.0,402.91161631970033,402.514500215602,100.66377149372408
4916.0,402.3379420321441,402.4862304731076,99.34271038616653
4917.0,402.3730136147631,402.45833172860745,98.84442584423908
4918.0,402.6244950218799,402.4305729190162,101.8170947885179
4919.0,402.3656811564614,402.4019792848964,101.19742411291143
4920.0,402.05004720639516,402.3735596749581,100.92773286192161
4921.0,402.5460350936194,402.34521580331267,99.85543606261305
4922.0,402.11596147200476,402.3171730683518,100.10115982358812
4923.0,402.3596519681295,402.2890613259679,100.4332038095917
4924.0,402.4485509689454,402.2608563345648,101.3597114098937
4925.0,401.7295538741135,402.2323911489438,99.44325958041996
4926.0,402.11248819045755,402.2044641668783,98.74785450599042
4927.0,402.3477880527167,402.17673247773786,99.58167843940991
4928.0,402.18107590724657,402.14876662304283,99.01312191894112
4929.0,402.4056008277546,402.12096043797055,99.39795253974506
4930.0,402.55286785924517,402.0930461796323,98.02158750524563
4931.0,401.6301837562904,402.0655184504746,99.57991523566318
4932.0,402.5984559990822,402.03755309094595,98.6672105035016
4933.0,401.7057704054405,402.0098440493295,102.01834421332377
4934.0,401.6881313846374,401.98119389766293,101.12297445803662
4935.0,402.3029837001012,401.9527951956694,99.17352712025902
4936.0,402.1740103287218,401.92494396346973,99.46549526755625
4937.0,400.8301678956776,401.8970107368821,98.10095437676686
4938.0,401.96138622463644,401.8694607188613,101.70733493782139
4939.0,401.8013276589412,401.84089790896627,101.39815065976275
4940.0,401.82682447865335,401.81242192832264,100.62815039746
4941.0,402.4455318635544,401.78416218941936,101.57430892056118
4942.0,401.75074175031153,401.7556367376642,99.56416849308641
4943.0,401.68660017116576,401.7276758003457,100.23521997113066
4944.0,401.2023636946897,401.6995264094038,98.79868763469995
4945.0,401.0112336603783,401.6717804446264,99.11476919444827
4946.0,401.9327228524088,401.643945713611,100.26647474814516
4947.0,402.1354820401604,401.6157875452859,99.9066507201859
4948.0,401.6192356193782,401.58773042754194,99.39215944744264
4949.0,401.72498257078536,401.55981779609715,100.69447662953947
4950.0,401.9067571076826,401.531539430577,96.64780488355554
4951.0,401.692843149613,401.5043975053722,99.06416060102362
4952.0,401.19729078763277,401.4765769869367,100.24358091384691
4953.0,401.3323637692844,401.4484252479634,99.8867597732902
4954.0,401.02329274012254,401.4203737162604,99.75211652298323
4955.0,402.1848332347728,401.3923599968702,99.49602882660298
4956.0,401.6545742837541,401.3644181954414,101.3282573747083
4957.0,401.394069158458,401.335961843162,99.43055929350095
4958.0,401.21172464222315,401.3080384277604,99.43322216842635
4959.0,401.2504544867855,401.28011426453475,100.78547832146855
4960.0,400.9574645475032,401.25181034270616,100.18018002778074
4961.0,401.61697719612215,401.223676408815,98.72307741963304
4962.0,400.28449017742946,401.19595167790635,101.7458073544529
4963.0,401.1949452641492,401.16737806367433,101.5862516279644
4964.0,401.29425735669065,401.13884925800875,100.84278057724381
4965.0,400.66461540372774,401.1105292437967,101.89890144641787
4966.0,402.3200059988949,401.08191263564044,101.32714795865635
4967.0,401.2495977942354,401.05345659492207,99.43655788120914
4968.0,401.3749980923794,401.02553149491706,98.23240691410967
4969.0,401.0978042731469,400.997944560642,99.14237928579327
4970.0,400.9943565571197,400.9701020757926,99.31556571608184
4971.0,400.868383207827,400.9422109544207,98.5664895650998
4972.0,401.020907747886,400.9145301986012,97.66785379271488
4973.0,400.7962382860602,400.88710180966103,99.03778296815715
4974.0,401.2323784854168,400.85928869894417,100.10380274086948
4975.0,400.703702686443,400.8311762143411,97.8286552822737
4976.0,401.43738270991014,400.80370266698264,99.73302094382365
4977.0,401.2487717268807,400.7756943102676,99.06451642522433
4978.0,401.4628835526178,400.7478736919049,99.95634424303874
4979.0,400.5864502183419,400.7198026185633,99.57335719322961
4980.0,401.52406675237035,400.6918391007515,98.4106264817175
4981.0,400.7669461884945,400.6642021164813,98.89488564898046
4982.0,401.37801356592956,400.6364291360949,98.71681871190286
4983.0,400.57041688437783,400.60870616283995,101.97049334266133
4984.0,400.2204828014105,400.5800694492929,97.83369880120203
4985.0,400.51549085355333,400.55259448554625,98.3039439623192
4986.0,400.3322199339877,400.52498746128344,100.29351599377442
4987.0,400.45849824300734,400.49682169887524,99.0948496480202
4988.0,400.2166372007061,400.46899256193245,98.7637100504191
4989.0,399.9633995651112,400.4412564200266,98.76108338351897
4990.0,400.59708979217544,400.4135210157764,99.94509789501649
4991.0,400.3614408647897,400.3854531007842,99.82041440960337
4992.0,400.1063750788523,400.35742020107085,99.43413111056577
4993.0,401.0051545168341,400.329495782584,99.86736566431146
4994.0,399.83522640761345,400.3014496973932,101.32617528333921
4995.0,400.4484916644658,400.27299392983446,100.13402784514618
4996.0,400.73390221888104,400.2448729570146,100.65939044516384
4997.0,399.74978066736145,400.2166044448646,98.46887193158709
4998.0,399.7117917512818,400.18895110333045,98.39803146396979
4999.0,400.0834588686459,400.16131765616103,99.00819109712117
5000.0,399.4919487953248,400.1335128558279,100.46917575979549
5001.0,400.37372637261024,400.10529776230203,99.0504645497714
5002.0,399.86562215372356,400.07748109017433,100.43812623355446
5003.0,399.8914426182081,400.04927471639036,99.97412600438821
5004.0,400.43242155427305,400.02119864933746,99.20096275394053
5005.0,398.70849221404006,399.99333971229737,99.76679786866563
5006.0,399.49446043604263,399.965321869896,99.21166540033207
5007.0,400.2220816735636,399.937459927196,99.54343794472322
5008.0,399.29184269500547,399.9095048117066,99.20803989478256
5009.0,400.2889193092188,399.88164388716945,100.67840094749441
5010.0,399.102215256835,399.85337003623664,99.94682862285194
5011.0,400.7524221005696,399.82530163519846,99.37199830936557
5012.0,399.7805109934553,399.7973946656732,102.40870484699553
5013.0,400.13298458506506,399.7686348877287,99.8363681251702
5014.0,400.10781529747123,399.74059750768015,100.221564339465
5015.0,400.35470445161843,399.71245195169485,98.44276664021818
5016.0,399.09424784957224,399.68480594139675,100.62362797672863
5017.0,399.3460537346163,399.65654747253996,98.68263677497804
5018.0,398.89922457643036,399.6288340987123,99.53428258157182
5019.0,400.1498059525294,399.600881554354,99.67584109465385
5020.0,398.99248762566845,399.57288925564654,99.80317041477593
5021.0,398.9238459791978,399.54486119862173,99.91936861401174
5022.0,399.3261469169796,399.5168005092693,100.42267416512345
5023.0,399.33840210047686,399.4885984749412,101.2192900818232
5024.0,399.06552739100755,399.46017272431,100.05468927635242
5025.0,399.59028974435097,399.43207403240484,101.00249418008768
5026.0,399.44692131008503,399.4037091652893,98.84130074193445
5027.0,399.54291860361866,399.3759512333309,100.00699516039937
5028.0,399.2829867925398,399.3478659355233,99.90595014502227
5029.0,400.4388361340528,399.3198090145243,100.04714176563819
5030.0,398.9349001480765,399.2917124422118,99.06196941678671
5031.0,399.3438521973462,399.2638925391339,97.96924911300584
5032.0,399.0578316197835,399.2363795083414,99.45626982671621
5033.0,399.52228054503814,399.20844887256504,99.73083187264024
5034.0,398.5666232223771,399.1804411306141,99.16835470326555
5035.0,399.7104225962755,399.1525913510016,99.11863729959191
5036.0,399.17540396451506,399.1247555336933,100.46132007656622
5037.0,398.89359578237793,399.0965426463052,100.93740579119755
5038.0,398.85567982088986,399.0681960581787,101.39053803343324
5039.0,398.948077853318,399.0397222154144,100.1609072322819
5040.0,399.1693838616362,399.0115936939666,100.67667664306889
5041.0,399.3047553819547,398.98332032727603,99.02813697416994
5042.0,398.4651069808709,398.9555099254758,98.99845789546164
5043.0,398.45232771379943,398.92770785855015,99.66515408107402
5044.0,398.91826218494896,398.89971856111237,101.92433116127354
5045.0,399.0307590860029,398.87109481144455,100.38616424398069
5046.0,398.483493172327,398.84290303031935,99.14826423024577
5047.0,398.58352239922095,398.8150588927814,101.76539435605203
5048.0,398.4415017279303,398.7864797778664,100.6363143605769
5049.0,398.5847339682862,398.7582177462501,98.25170496375434
5050.0,399.0198937044077,398.73062539243944,99.3577457058914
5051.0,398.7188147161688,398.70272242552045,102.25664006787302
5052.0,398.8756870486194,398.6740053524347,99.30443684732458
5053.0,399.19925655495433,398.64611735642006,101.24562470263152
5054.0,397.87718459673573,398.6176842101494,101.5893146659493
5055.0,397.80509685001846,398.5891545442807,97.87240522250995
5056.0,398.5691490847978,398.56166871048066,99.86556001817549
5057.0,398.7224586485942,398.5336231323756,100.32729946533875
5058.0,399.1861322908291,398.5054478824424,99.76338092262444
5059.0,401.08401113847486,398.4774309996333,101.03701688546671
5060.0,398.8751327227218,398.44905643739133,100.34687683153388
5061.0,398.64815167320427,398.42087568948114,101.18127341587214
5062.0,397.82007591070277,398.39246061519685,100.724905816974
5063.0,398.67790855489363,398.36417370414654,99.1723916451124
5064.0,398.8848771949499,398.3363227908262,101.07501994896364
5065.0,397.9562943230578,398.3079375560572,101.3677665436692
5066.0,398.6709967545902,398.27947010828626,99.81826716364466
5067.0,398.05352871067254,398.2514378115911,99.7115982006945
5068.0,398.29431744191135,398.22343547109637,100.67217199431474
5069.0,398.20791768727975,398.1951633694614,100.08491242193955
5070.0,398.76475329691914,398.1670561898895,100.0342489171211
5071.0,398.77146477073654,398.13896323831864,100.31355260077413
5072.0,397.7137846173355,398.11079184896323,100.21572855145054
5073.0,397.51660458330855,398.0826479318618,98.72086393708679
5074.0,398.1378314606173,398.0549238225728,99.9663318313981
5075.0,398.54464326447487,398.02684994438346,101.57027643848797
5076.0,398.72653230654964,397.99832562508357,100.20521734069399
5077.0,397.75400845965305,397.97018465988043,100.0997355508238
5078.0,398.2649349628086,397.9420733174799,99.26030037922386
5079.0,397.07370604931094,397.9141977164568,99.66633923240202
5080.0,398.0998457027681,397.88620808618896,99.26263798273506
5081.0,397.8668906016695,397.85833182868885,98.20762428842703
5082.0,397.42635989503896,397.83075185420114,98.66143179986206
5083.0,397.8538111885803,397.80304443543736,99.17489143464498
5084.0,397.3741107795607,397.7751928200928,99.83035591578542
5085.0,397.28687951458244,397.7471571284731,100.17494913693197
5086.0,397.2136597612164,397.7190246635905,99.07450740952017
5087.0,397.18409877943924,397.69120123942633,101.75993690988969
5088.0,397.9747460095326,397.66262365714414,99.20133125803748
5089.0,398.22747165566744,397.6347646166158,101.79923241722926
5090.0,397.92153687847184,397.60617599884534,100.77564298049813
5091.0,398.02986975570633,397.5778748391083,98.54530988067299
5092.0,397.62908281634805,397.5502000312502,100.41656794331949
5093.0,397.43294629459695,397.52199971175276,99.53356595760175
5094.0,397.50284082826744,397.49404736864636,100.6246303674477
5095.0,396.72596059275133,397.4657886182848,100.27657575491233
5096.0,396.734254757225,397.4376276132603,99.69768554685521
5097.0,397.7815131548718,397.4096291799026,100.68433316274816
5098.0,396.8516027206905,397.38135366300605,100.7626880733532
5099.0,397.4687843840085,397.35305614143874,99.4664206277668
5100.0,397.66328498491254,397.3251226549791,99.6902569633027
5101.0,396.63161154670235,397.29712630781535,100.76730899436782
5102.0,397.72049299503897,397.2688274885394,99.02547691961963
5103.0,397.40112766941144,397.24101783377114,99.65474716687174
5104.0,397.49647530466507,397.21303145894177,101.2852072760761
5105.0,397.24497140236787,397.184587196565,99.06744174630388
5106.0,396.62116730378295,397.15676575667464,102.521206890363
5107.0,396.4141449137046,397.12797438440623,99.45999004703289
5108.0,396.54088682559785,397.1000427038681,100.06042524873362
5109.0,396.7977693331225,397.07194240111073,100.08865956158989
5110.0,397.12926691463895,397.0438341692172,99.56711582035898
5111.0,396.92492370260396,397.01587240419093,100.74148562675565
5112.0,397.30723697092947,396.98758083697743,98.29917874189528
5113.0,397.52164663648495,396.9599751509474,98.3414471097323
5114.0,396.67249312496335,396.9323575945507,98.1546150286915
5115.0,397.08759645648155,396.90479250683023,100.0983792750486
5116.0,396.97317069466965,396.8766815453171,100.20181396716339
5117.0,396.6870571691294,396.84854153589464,100.50749070134623
5118.0,396.1635746626585,396.8203156822561,102.16075347634008
5119.0,397.42775750953393,396.7916255373214,101.18357258797063
5120.0,396.59856735439774,396.76320981735296,100.4770686902134
5121.0,397.20487018661623,396.7349925072292,100.42519385086374
5122.0,396.7845313416182,396.7067897652894,101.14365220322013
5123.0,396.8758745620816,396.67838525629566,101.19525618708245
5124.0,397.4210452211383,396.6499662551831,100.73909537676165
5125.0,396.63403692965403,396.62167535923146,99.87461758464475
5126.0,396.4706199283903,396.59362723745977,99.89582160748647
5127.0,396.384421010026,396.56557316089163,99.67675444855476
5128.0,396.34997178677713,396.53758060568407,99.24172742507528
5129.0,396.19070532410996,396.5097102205655,100.71431847378523
5130.0,395.97496991790257,396.48142628279413,99.1796782965902
5131.0,395.7860356834076,396.45357332313915,99.5541757779391
5132.0,396.6285141364109,396.4256151921082,99.93993972330063
5133.0,396.4018601590876,396.3975487257026,99.66177110431383
5134.0,396.15013393673723,396.3695603783175,99.97223136234757
5135.0,396.7156229166498,396.3414848433432,99.8117715286836
5136.0,396.54003658247933,396.31345437083894,101.19348437743587
5137.0,395.7857917064834,396.2850358673096,100.17340565613745
5138.0,396.1067688693943,396.25690383588784,100.19372618119354
5139.0,395.8299506978221,396.22876609778524,100.29424567500008
5140.0,395.9850517871459,396.2006001304582,99.22656238873606
5141.0,395.79115198469543,396.17273400418736,99.32525336362062
5142.0,396.4653313925617,396.1448401622011,99.94948021208432
5143.0,396.07626549975004,396.1167710165082,98.55300653960543
5144.0,396.43518903882415,396.08909404717167,100.55015551811437
5145.0,395.94667510092825,396.0608562118303,101.73331223746123
5146.0,395.63793169682896,396.03228610664365,100.13199682153537
5147.0,396.12925196722864,396.00416570420293,101.77081003003491
5148.0,395.4492100918144,395.9755850683862,101.02296939972399
5149.0,396.5759735615411,395.9472144511464,100.0106577742934
5150.0,395.39533213990427,395.9191281247548,98.65239231356854
5151.0,395.73228086677506,395.89142324458004,101.02699174821323
5152.0,395.98428467499076,395.86305149773074,99.62223403097352
5153.0,395.6389724833635,395.83507425367367,100.72623064212391
5154.0,395.8640923343389,395.8067869705684,100.19701873131724
5155.0,395.53137269473143,395.77864830780806,99.85834704958128
5156.0,395.6745086137646,395.7506047553449,98.63290039689586
5157.0,395.4724512284332,395.72290534915015,100.35983191955731
5158.0,396.0770790618437,395.6947209630194,101.02436756630593
5159.0,395.1647051359416,395.66634995312785,101.20874762820604
5160.0,395.61315238039555,395.6379271631689,100.38548905331602
5161.0,395.7692795118741,395.60973557165977,99.29357518364975
5162.0,395.63358504154047,395.58185062596243,101.90713884162555
5163.0,395.3896329050936,395.55323170447105,100.09838245633254
5164.0,395.98222801292235,395.52512074206453,100.57609352380385
5165.0,395.1223293305331,395.49687562246663,99.42500384008125
5166.0,395.89305488012576,395.46895376722154,99.83698345236193
5167.0,395.54414271692593,395.44091621436866,100.09880834006509
5168.0,395.015790726134,395.41280513235984,101.18309133227577
5169.0,395.4459610347472,395.38438954754406,102.3460120779347
5170.0,395.6848878327794,395.3556473758189,101.44062769239618
5171.0,395.34951195521404,395.3271594662085,101.61733773195212
5172.0,394.8666567253173,395.29862193052884,101.57000794718637
5173.0,395.90665858534794,395.2700976866303,100.21367739205266
5174.0,394.2202818230662,395.2419543455627,100.13768341816952
5175.0,394.6782666407781,395.2138323461361,97.96976577478412
5176.0,395.5565704084336,395.1863191702477,100.17514937674271
5177.0,395.1689721464178,395.15818664913104,99.11244426913858
5178.0,395.0407226113408,395.1303525710321,99.74126531301363
5179.0,395.492029073233,395.1023418990234,99.85635500900291
5180.0,395.1267400686215,395.0742989059917,100.14363150268088
5181.0,394.3220552095291,395.04617523614473,100.46325880325197
5182.0,394.5879432467761,395.01796180429744,101.6872910038192
5183.0,395.5527494654409,394.9894046234072,102.41429525939664
5184.0,394.9334393356583,394.9606432754885,99.8388472627729
5185.0,394.98572031398976,394.9326051992156,98.41751291219154
5186.0,394.3890853983431,394.90496628100607,101.36924811421405
5187.0,395.11708107165686,394.87649841716063,100.55377817082453
5188.0,395.7350180396242,394.8482595644577,99.69874198056365
5189.0,394.43129409031184,394.8202608344181,100.63957736165197
5190.0,394.6896952620948,394.79199788644235,98.78849704971138
5191.0,393.94576794391804,394.7642547835209,99.91124615646955
5192.0,395.2043667355181,394.7361963752253,99.08467447655528
5193.0,395.21665646227075,394.7083700958098,99.59650979140098
5194.0,394.94929180431916,394.6804000759767,98.24272754741712
5195.0,395.3033636756219,394.6528102433238,99.8834322221545
5196.0,394.68455633347895,394.62475964610815,100.663982311209
5197.0,394.1642915819518,394.59648984440906,100.13156453966181
5198.0,394.27935049763937,394.56836956336747,100.49335250200066
5199.0,394.8198202877925,394.54014768020653,99.54066102486347
5200.0,393.9610847734258,394.5121933445687,101.24066620158075
5201.0,394.8372947731684,394.4837615908105,100.48722451713522
5202.0,394.1192983050348,394.45554142859186,100.9238597985419
5203.0,394.6840080458846,394.42719864463174,100.64574133028982
5204.0,394.1298519014035,394.3989339656082,99.02706524791418
5205.0,394.6895060037116,394.3711238647844,100.48512751223802
5206.0,394.43791558558814,394.3429042914747,99.14887786014678
5207.0,394.5710735929597,394.315059981609,101.09870128585831
5208.0,394.126575909894,394.2866680963312,100.75008012439835
5209.0,394.5692185168333,394.25837411549634,100.66489006060525
5210.0,394.2969472080091,394.230104058871,100.00193208453801
5211.0,394.19296210953627,394.2020201829439,99.69869569457715
5212.0,393.73639827634406,394.174021465903,101.60051997123121
5213.0,393.40623044966844,394.1454886532111,99.9731363395862
5214.0,394.0371611625227,394.1174128640891,100.51928488096067
5215.0,394.1377125523857,394.08918369825165,99.52412078532427
5216.0,394.34916175847485,394.06123400766444,100.53279025176886
5217.0,394.4023666838175,394.0330010490687,99.56685632298503
5218.0,393.8588328762686,394.005039356918,98.93091492789691
5219.0,393.7722470193,393.9772562583091,100.32300823461746
5220.0,394.3787581696037,393.9490822134965,101.53266807564668
5221.0,393.415705924848,393.92056845587865,99.11518894874841
5222.0,393.9826210174424,393.8927336069822,99.2511923608089
5223.0,393.35496707120103,393.8648605637942,99.3202801669863
5224.0,394.181906786901,393.8369681184473,99.1376884273096
5225.0,394.6234573913044,393.8091269509473,100.08847062040152
5226.0,393.9580489538218,393.78101877211475,101.04585410981996
5227.0,394.6726596487132,393.7526417280856,99.77863642226112
5228.0,393.0274743616265,393.72462056102364,100.46972614674205
5229.0,393.8498365268185,393.6964053129308,102.04600614359374
5230.0,394.13090720658823,393.6677473928721,99.49928424246146
5231.0,393.3810279663065,393.63980467721404,99.23075323561656
5232.0,393.8448352246084,393.6119373740137,100.45322624361826
5233.0,393.5301870432665,393.58372675964364,103.3829797100205
5234.0,392.299537555068,393.55469337284165,98.84342878204042
5235.0,393.3643877709642,393.52693484325874,100.3574076519838
5236.0,393.7601551615089,393.4987511379432,101.27758888212091
5237.0,393.23659747469895,393.4703090150654,100.68914577537893
5238.0,393.2544070983142,393.44203214662684,100.85565971920289
5239.0,393.7328698985237,393.4137085155224,99.34541385189343
5240.0,394.09859607957384,393.3858090117989,102.26483930372862
5241.0,393.1793869417674,393.3570896360945,100.48922790753385
5242.0,392.6441822700437,393.32886891125713,100.3706421983055
5243.0,393.3068693876903,393.3006814892397,100.30957490018619
5244.0,393.2388564479065,393.2725112169553,99.3356021132285
5245.0,393.57397086814524,393.24461446869515,100.57078894539585
5246.0,393.0771028401988,393.21637083879966,101.70664802261798
5247.0,393.0335850468399,393.1878082218133,100.9864396706988
5248.0,392.7486645488334,393.1594478633391,99.08524548613359
5249.0,393.47121824066636,393.1316214235651,99.75202642515818
5250.0,393.16150892287175,393.10360772947735,101.96672606571876
5251.0,393.7125960066421,393.07497207390725,100.48343307784803
5252.0,392.75385495353686,393.0467529764512,98.72145646570655
5253.0,392.78702093201116,393.01902870076043,97.55708575977192
5254.0,392.97715028128846,392.9916314191762,100.71457117978261
5255.0,392.6893433191884,392.96334741043654,100.5914824227827
5256.0,392.74583294041895,392.9350979691228,101.58910999941563
5257.0,393.147256313248,392.90656836073134,99.97157460802228
5258.0,392.56297204758994,392.87849301019565,100.77378220321017
5259.0,392.4150430966361,392.85019237302686,100.48337363953458
5260.0,392.59245579057153,392.8219732922631,99.90191984248128
5261.0,392.5202312875864,392.79391750310737,98.73770208666977
5262.0,392.84610615635023,392.76618866510466,100.43849696511752
5263.0,392.38997219304696,392.73798218720697,100.00871821558879
5264.0,392.8422099461895,392.7098964055081,100.57620861371092
5265.0,392.9051320002751,392.68165125358905,100.41649797492545
5266.0,393.42463826195694,392.6534509537411,99.61506301003202
5267.0,392.37551113727716,392.62547572354583,99.99876190670867
5268.0,392.1810205571715,392.59739273791035,100.68353853207672
5269.0,392.4157697995289,392.56911744417255,101.71554005368837
5270.0,392.5903155098239,392.54055233000753,99.78302126632819
5271.0,389.75598019360814,392.51252993153525,97.8009598723247
5272.0,392.411031173913,392.4850641619711,99.9573883311002
5273.0,392.0317321232398,392.45699279541475,99.25224962218492
5274.0,392.25414265295365,392.4291194553125,100.80366608407472
5275.0,393.00827466418116,392.4008104257539,98.6938527617666
5276.0,391.9406713168757,392.3730939021033,100.86583222562373
5277.0,392.3741439327291,392.34476741422,97.88333853927223
5278.0,392.17339572549963,392.31727850998016,98.03688277008528
5279.0,392.32840911697133,392.2897464854022,99.6265556269204
5280.0,391.30791528952176,392.261768027697,100.21717804753828
5281.0,392.5081942789523,392.23362370352856,97.70107331774622
5282.0,392.3423170313877,392.20618598543854,100.63572077567567
5283.0,392.2697211227143,392.1779241205207,101.16904770716452
5284.0,391.9216923025877,392.14951247962296,99.84992011052101
5285.0,391.99434314953106,392.1214712937252,99.9973863314331
5286.0,391.7513226929633,392.09338869439716,99.01646352012017
5287.0,392.20010613110804,392.06558157089194,100.21950751685631
5288.0,392.43036111543057,392.03743659253104,100.2024562596018
5289.0,392.12396727208335,392.00929640273137,98.82708983625407
5290.0,392.2316950717323,391.98154246166905,98.85210916838423
5291.0,392.55900292672413,391.9537814943443,99.81534886253093
5292.0,391.9687439363121,391.9257500172054,101.23743827425942
5293.0,391.474313209367,391.89731916995675,98.4721046318212
5294.0,391.95303274793406,391.8696649205726,99.36552816932281
5295.0,392.7227344355787,391.84175976807836,100.54185968371547
5296.0,392.89477692623217,391.8135242624839,100.93896344655946
5297.0,391.2633763491182,391.78517723691596,99.1134087362013
5298.0,392.2330487662436,391.7573428879625,98.73427341357515
5299.0,391.7563627059498,391.72961501284556,99.78601700653805
5300.0,392.0806013741734,391.70159177306954,98.01507128605958
5301.0,392.3214412193619,391.67406587388336,99.71975785255346
5302.0,392.25107165087377,391.64606124188646,97.79478302367417
5303.0,391.52754799037854,391.61859720698726,100.59398868103257
5304.0,391.04982752003474,391.5903470618327,100.01436452927688
5305.0,391.76541467052897,391.5622596944607,99.68822485259511
5306.0,391.90311157240916,391.5342639179813,99.56342078596168
5307.0,392.2765890815699,391.50630319064396,98.65131023171296
5308.0,391.95846792919355,391.47859861435387,100.28820898039928
5309.0,391.9729018289112,391.4504343423318,101.32278027838171
5310.0,391.7302064606331,391.4219795282037,101.09500070956794
5311.0,390.91855748991003,391.393588682171,100.49247047123032
5312.0,391.53041538331297,391.3653670467137,98.48992383034287
5313.0,391.0070121895225,391.3377077931047,98.61532263632967
5314.0,391.22176334117415,391.31001332333096,100.89940929154415
5315.0,391.27851960797415,391.2816774058883,99.41341730690681
5316.0,390.9720190696558,391.2537588045279,100.12201531103304
5317.0,391.3690235713403,391.22564120522804,99.94140541999438
5318.0,390.4198777392854,391.1975743272059,100.89336247245276
5319.0,391.31115345087454,391.1692401079116,99.36052022019582
5320.0,390.7676000647889,391.1413363618164,101.42314280492448
5321.0,390.9606014750133,391.1128533625454,100.85592266853448
5322.0,391.9529437549919,391.08452965759597,99.94479643740601
5323.0,391.54243663252066,391.05646182726315,99.47266749967459
5324.0,390.80947394514556,391.0285265864737,101.17321469795444
5325.0,391.14931389302535,391.00011377534594,99.02611684225836
5326.0,390.7108690458576,390.97230394086614,101.6720229493003
5327.0,391.66832689281347,390.9437510477545,99.89344478982885
5328.0,390.76645508986365,390.915697638676,101.5925518836769
5329.0,391.4375484022214,390.8871670636887,100.1398582913007
5330.0,390.85811078001086,390.85904445348524,100.49438806062221
5331.0,390.80031361843714,390.8308222795049,98.25383697758582
5332.0,390.3948196426847,390.80322932695367,99.85577545652593
5333.0,390.86403854070267,390.7751864966797,99.73457856772156
5334.0,390.15051590737164,390.74717770253187,99.56192422802911
5335.0,390.7597420699642,390.71921739547787,100.35269773973016
5336.0,391.4663076294517,390.6910350128626,100.3524487094224
5337.0,389.9394111393142,390.66285270018335,99.37510950159431
5338.0,390.3656423387395,390.63494485693167,99.97738116648394
5339.0,390.16870259427276,390.6068678757207,98.38343981441658
5340.0,390.47967353204155,390.5792385263728,99.23131000095505
5341.0,390.40228366129816,390.5513710668142,99.08469098969584
5342.0,391.206689009315,390.5235447827613,98.32846398901377
5343.0,390.45003653846857,390.4959308724577,101.55307403845907
5344.0,390.5294412960192,390.46741138416525,101.47232379607104
5345.0,389.9517254360058,390.4389145732325,101.0734003058683
5346.0,390.2033136175277,390.4105297933133,100.35502304699504
5347.0,390.34943181641484,390.38234675767427,99.02858096473005
5348.0,390.83051253907587,390.35453623118667,99.77863877997734
5349.0,389.7226308182756,390.32651506346264,100.67524779892645
5350.0,390.1318633154834,390.2982420980391,99.70787859916223
5351.0,390.32295934913293,390.27024080213255,101.39614852623721
5352.0,390.19192494023883,390.24176538375474,99.04642501646607
5353.0,389.58161771308147,390.2139498460626,98.52335275492804
5354.0,390.21226701351895,390.1862812044972,97.45857298782465
5355.0,389.6706680122156,390.1589115885832,98.19559260552029
5356.0,390.34859379720814,390.1313349929931,101.27302106526646
5357.0,389.96883403403325,390.10289415291066,98.25945661635441
5358.0,389.89146913860765,390.0752996221775,99.55806334931256
5359.0,390.79507419558547,390.04734039938694,100.04202667503469
5360.0,390.83631833074844,390.01924526356237,99.84493956909117
5361.0,390.93753555266295,389.9912054763667,98.86221403816785
5362.0,389.33798048746934,389.96344167125767,99.17412073420304
5363.0,390.5042926048096,389.9355902723515,100.33486858761705
5364.0,390.16865339176826,389.9074128967565,101.06988565114139
5365.0,390.22189484260826,389.8790291038694,100.2752781924562
5366.0,389.5737950055358,389.85086846324367,100.00523251849218
5367.0,390.00218016339204,389.8227836604448,99.18631298028544
5368.0,389.4937475553197,389.79492883754955,100.84751970886356
5369.0,389.89278740297544,389.76660749243126,98.92867756186803
5370.0,389.3158217621612,389.7388250221493,100.67649010327372
5371.0,390.0376686737845,389.7105517078453,101.1547542406331
5372.0,389.9526071545473,389.68214408102943,99.41866731690028
5373.0,389.1778918237162,389.65422400529127,100.8561309953544
5374.0,389.52214142666685,389.62590024183675,100.91619015589558
5375.0,390.1030078820801,389.59755961176796,98.73762647438662
5376.0,386.1779252964088,389.5698307949997,99.23901871174861
5377.0,389.94551968744804,389.5419611705782,99.05217954643628
5378.0,389.6865564937231,389.51414401682223,100.12569818085845
5379.0,389.07396491908327,389.48602538324974,100.62852126168303
5380.0,389.43590205436806,389.45776554019545,100.46385985895287
5381.0,389.5378655453558,389.42955193955174,100.41569873367905
5382.0,389.7891572865905,389.40135186415733,98.84548291108145
5383.0,388.79687349922244,389.3735927577065,98.98643562884877
5384.0,389.6319333628672,389.34579406703403,102.11011034472695
5385.0,389.5894123582059,389.3171181443789,100.35425906019859
5386.0,388.91736667776706,389.28893532329283,99.50591295260695
5387.0,388.92664568026447,389.26099074607197,99.93929390509433
5388.0,389.4401641344772,389.23292446103363,101.68412356556472
5389.0,389.6288234597336,389.2043681696656,99.32785096603361
5390.0,388.70835612063433,389.17647359818596,99.62777937680042
5391.0,388.5166874025667,389.148494796811,101.17757263408248
5392.0,389.2294237587302,389.12008076182957,102.46024342827035
5393.0,389.53184289993095,389.09130651013345,99.18501609012979
5394.0,388.81782376739886,389.06345205144817,98.96684582034548
5395.0,388.912564445745,389.0356588622469,99.97962908372548
5396.0,389.16537529869856,389.0075812497459,100.5414986489018
5397.0,392.1478402256942,388.979345845542,99.71295939304174
5398.0,389.0436339556749,388.9513431227791,100.78056693112174
5399.0,389.4791812761583,388.9230405802327,100.12765478636524
5400.0,388.94706107477117,388.89492139718016,100.35207130081994
5401.0,388.9058139180607,388.8667391904898,107.63647497084555
5402.0,388.6827472618757,388.83651128043545,113.07032714498014
5403.0,388.4860728785992,388.80475736356226,119.5686944162603
5404.0,388.7605319951612,388.77117848854704,128.9493678383345
5405.0,389.15396705895125,388.7349652077458,137.39454610149963
5406.0,389.42434192783213,388.6963802393822,140.49096888751748
5407.0,389.07445682295753,388.65692569228634,148.04410170518506
5408.0,387.76976476968406,388.61534997372416,155.47219557389192
5409.0,388.6280833408428,388.5716881988005,162.3552924197939
5410.0,388.3216826993078,388.5260934208459,169.4469353725057
5411.0,388.7901405289803,388.4785070731622,175.92364672069496
5412.0,388.7944415939818,388.4291018490414,182.14199227762637
5413.0,388.28732452526464,388.3779503062101,189.52851094654062
5414.0,387.94844842161314,388.3247243827193,195.15037263459502
5415.0,388.0102683322435,388.2699196530711,203.44519674426274
5416.0,388.7228698583633,388.2127854603188,209.20776294154757
5417.0,388.5527184959691,388.15403294689264,217.68659438421614
5418.0,388.43419363530614,388.09289929496975,224.5570267806101
5419.0,387.3660354129179,388.0298361966155,231.17638948595012
5420.0,388.3481032356304,387.96491416056824,236.80523525801584
5421.0,387.484421751609,387.89841135699993,244.9797068789639
5422.0,388.3760007959139,387.82961288931807,251.22376150512937
5423.0,386.95716796543803,387.75906088296205,260.3654561737147
5424.0,388.0026836837115,387.68594158402,264.5911228900385
5425.0,388.2084921229672,387.61163557700837,272.5017717795333
5426.0,386.5821626126216,387.53510799610024,279.7853109159393
5427.0,387.6433836653102,387.45653495461806,287.7804833971623
5428.0,386.95808189817217,387.3757166021973,292.5642611730527
5429.0,386.7963880210536,387.2935548055179,298.7135250179701
5430.0,387.7628216220119,387.2096660905754,299.4543655457375
5431.0,387.0329913978441,387.12556932291795,300.89085541724904
5432.0,387.1445041430355,387.0410691410216,298.4577394626352
5433.0,386.90860787685443,386.95725225918915,299.3183375108322
5434.0,386.8890170064,386.8731936927382,301.1937737580046
5435.0,386.920612659108,386.78860844127456,301.4165203722897
5436.0,387.2742369066543,386.70396063513664,299.91411862226164
5437.0,386.4784203051964,386.61973475349026,302.2748517839332
5438.0,386.63817809886456,386.534845899281,299.5531742850074
5439.0,385.83681931923377,386.45072138283587,298.03082120603773
5440.0,386.9199219293411,386.3670243938805,299.8190994088865
5441.0,386.37439814133756,386.2828251967965,300.0262203835747
5442.0,386.3405987284801,386.19856783323877,299.6282864644097
5443.0,385.5070576642258,386.1144222227901,298.98448006419926
5444.0,385.7334227405902,386.0304574146387,299.79083708633243
5445.0,385.36328030448607,385.94626615455695,298.87289690255614
5446.0,385.8600168185719,385.8623326826768,301.0529207107086
5447.0,386.46651931840165,385.77778698744385,299.73578447291817
5448.0,385.69878426459195,385.69361118797104,299.07858601547287
5449.0,385.3587628148148,385.60961995173176,298.4042876233995
5450.0,385.33665131843236,385.52581808095755,301.01914316292476
5451.0,385.6506495974609,385.44128187158594,300.431126154168
5452.0,384.98756253952325,385.356910796991,300.72572149791125
5453.0,385.2646604980001,385.27245699020364,301.73069290712715
5454.0,385.2608236286467,385.18772095394553,299.29357057450653
5455.0,385.30686841557076,385.10366934287583,298.6936536266063
5456.0,384.4731757270582,385.0197862084824,300.64832729413166
5457.0,384.36024219435353,384.9353541365673,300.4613458803036
5458.0,384.96837806016174,384.8509745752659,300.3750393788374
5459.0,384.5750807165508,384.766619251707,299.2882221029112
5460.0,384.79208739447915,384.6825691426664,299.5408135776718
5461.0,384.905348241538,384.5984480975201,302.21892291206535
5462.0,384.04116548426015,384.5135749500023,299.5217734209189
5463.0,384.26692278195446,384.42945925196653,301.73134764091543
5464.0,383.9183317509223,384.34472303183736,298.39798118663685
5465.0,384.2061869124762,384.26092293212076,300.7344953358432
5466.0,383.76293417195086,384.17646666134726,299.8692704465775
5467.0,383.805892706226,384.09225337456354,300.38030878118747
5468.0,384.10487121591956,384.00789657118077,301.14082360005636
5469.0,383.95967147338126,383.9233261898865,301.9947695110891
5470.0,383.28759255626846,383.83851599211545,297.67662780203227
5471.0,378.90517952487494,383.7549184724744,300.59249431187516
5472.0,383.5290705181556,383.67050208032174,300.87775885083397
5473.0,383.77207029075004,383.58600557637783,300.14638736714744
5474.0,383.4481159767227,383.5017144659256,301.359291836328
5475.0,383.2822392605537,383.41708273146816,299.54939252027185
5476.0,383.7610021261051,383.3329592770687,300.2648489528926
5477.0,383.51950623280055,383.2486348986544,300.1009315649862
5478.0,383.39886519473714,383.1643565537066,299.00512858663996
5479.0,382.443235880432,383.0803859467619,299.6112317249929
5480.0,380.475007853522,382.99624512585245,299.3213138690139
5481.0,382.4179973767533,382.9121857235409,300.40968874627
5482.0,383.41350011791974,382.8278206692847,300.45519505563243
5483.0,382.5977755991673,382.7434428353399,301.1932962243425
5484.0,383.33043159296807,382.65885771798355,299.7376533210792
5485.0,383.1398431518523,382.57468139367586,299.3107587893196
5486.0,382.6667338997273,382.4906249555826,301.1338706667403
5487.0,382.1827136563209,382.4060565269037,300.0253541269759
5488.0,381.9722051500052,382.3217994066197,300.85675309604926
5489.0,382.8847647605121,382.23730880179187,300.19909307577484
5490.0,381.97429455094226,382.15300288981973,300.5035742560915
5491.0,382.2576519911452,382.06861146938286,300.2865630205963
5492.0,381.7534771797631,381.98428099293454,301.02925118124915
5493.0,381.7543525198436,381.89974194489446,300.7462874967599
5494.0,381.5761009968421,381.81528236248914,300.166442799477
5495.0,381.3085371482229,381.73098561980294,301.37537011589285
5496.0,382.41224096524974,381.6463493700287,299.8545341286559
5497.0,381.05972449387014,381.5621402216943,301.6202959825752
5498.0,382.1896276102894,381.4774351885725,299.53411428633234
5499.0,381.6649721821198,381.39331602481036,299.54978760722804
5500.0,381.517207585667,381.30919245945734,300.179938524757
5501.0,381.80053247883956,381.2248919267216,299.84592646874364
5502.0,381.7044944930243,381.14068519570503,300.83356678973416
5503.0,381.5493751885688,381.05620110236487,299.1196635225311
5504.0,381.0081772009463,380.9721983301923,298.41305582499086
5505.0,381.76331611550063,380.8883939970148,302.0739035752974
5506.0,380.4875361302546,380.80356157576074,300.92422136663345
5507.0,380.4014559059449,380.7190520235936,301.7011940977825
5508.0,380.5473832039094,380.63432427158443,298.88025166282506
5509.0,380.6063912221627,380.5503887342425,299.3379157785326
5510.0,380.55017255922,380.46632466956135,299.1142246861164
5511.0,380.0792678336006,380.38232342479535,299.0906738413352
5512.0,379.68118274167574,380.2983287938915,299.1520199764545
5513.0,380.2583735521328,380.21431693494816,299.64131670975723
5514.0,380.3371286823638,380.13016766517217,300.33838243394297
5515.0,379.6054107513545,380.04582263610536,299.95366580036756
5516.0,380.2805392747903,379.96158564829307,300.5930711259531
5517.0,380.326290009196,379.87716909415184,299.1048646925007
5518.0,379.0387073709526,379.793170477984,299.9302795358936
5519.0,379.9066009858031,379.7089400578144,297.49384881857844
5520.0,379.48306528488104,379.6253938686045,299.73593152027337
5521.0,380.0874205088195,379.54121802783584,299.4411350039563
5522.0,379.23511009600094,379.45712497575556,298.12265654927137
5523.0,379.0924999890606,379.3734021963746,299.9269158473036
5524.0,378.9179509931821,379.2891727208409,300.0568501843932
5525.0,379.29385076204073,379.2049067554141,300.2931351540974
5526.0,379.2283827899589,379.12057443329167,299.225085253529
5527.0,378.3426588154198,379.0365420551829,300.1625052490313
5528.0,379.3134698217369,378.9522464182922,297.175617676027
5529.0,378.34281608688923,378.86878959899485,300.59967060053594
5530.0,378.6833472781256,378.7843711915012,301.03277075870693
5531.0,378.5513902995032,378.6998311550464,299.3625349827086
5532.0,378.0622073924504,378.6157601764721,301.4368153029965
5533.0,377.9882614853636,378.53110667084115,299.9613467593399
5534.0,377.993679182993,378.4468675259596,299.91248375815803
5535.0,378.4576732479458,378.3626421034375,299.72147244397644
5536.0,378.1154865703762,378.27847032325946,299.46544406220994
5537.0,378.38613800822486,378.19437044438536,299.04316513621484
5538.0,377.8397488921638,378.11038915550955,298.7464339870454
5539.0,378.08038050432435,378.02649119863156,300.70385956723544
5540.0,378.4933470772644,377.94204353140304,298.5253812317099
5541.0,377.6607141071547,377.8582076535072,300.6721657082911
5542.0,377.95011572417576,377.7737688869708,299.4168082101174
5543.0,378.1818600115922,377.6896826666651,300.20698803285313
5544.0,377.52026519899994,377.60537453752585,300.2809027489485
5545.0,377.98510868126544,377.52104565067054,299.90997227544915
5546.0,377.84913822105517,377.4368209334565,299.4276465963407
5547.0,376.47369642632844,377.35273166937066,300.3904242774146
5548.0,377.3170071998067,377.26837202521943,299.587557515852
5549.0,377.2101071094419,377.1842378528171,299.88168634786456
5550.0,377.28935586999535,377.1000210792344,300.6002880424371
5551.0,377.1180752332166,377.01560249834245,300.073213598663
5552.0,376.8639263898803,376.93133193752357,300.32428675330175
5553.0,376.62199110046,376.8469908669937,300.261010137338
5554.0,376.8357214001164,376.76266756664677,301.72438984088063
5555.0,376.6746106661649,376.6779333004998,299.11299848068126
5556.0,376.70894593616237,376.59393240009314,300.0672481448819
5557.0,377.2381842097086,376.5096635145724,299.4577159686638
5558.0,376.86643383413474,376.42556580600456,300.34945216542235
5559.0,375.9706583227271,376.3412176681881,299.7280165705572
5560.0,376.6844854412844,376.25704405020116,300.88392173927184
5561.0,376.36625246528456,376.1725458155127,298.1207972577773
5562.0,376.03988171477255,376.08882355828285,300.4234890633076
5563.0,376.1884583355415,376.0044546284376,300.9174269898974
5564.0,376.70293788560906,375.9199469843579,299.685002317867
5565.0,375.20623745894017,375.835785446207,299.2422074061272
5566.0,375.0995264129808,375.7517482596271,299.6796282360337
5567.0,375.4681360678675,375.6675882306975,300.52009247491424
5568.0,375.78254653276787,375.58319217139416,300.43961585727817
5569.0,375.5006056511102,375.49881871260754,300.4183003304693
5570.0,375.7737108608917,375.41445123993145,300.27576654379186
5571.0,375.19383581870835,375.3301237954937,299.62324553338897
5572.0,375.54980060370883,375.2459796007064,300.3981195443787
5573.0,375.78922082455017,375.16161779546775,298.9275664635538
5574.0,375.5847068807156,375.0776689705525,297.23695193548264
5575.0,374.83373385556524,374.9941949265506,298.41172413165543
5576.0,375.1025362240938,374.910390967357,299.9994059837846
5577.0,374.6627708735722,374.82614113417657,298.51924924263665
5578.0,374.17300918640757,374.7423069783476,301.06284098011696
5579.0,373.7337852741647,374.6577584971723,299.8520440938923
5580.0,375.11498776914726,374.5735500481226,299.13493031850703
5581.0,374.07203190039274,374.4895429885248,299.89352736359314
5582.0,374.9575279905601,374.40532288959025,298.8339915588135
5583.0,373.94174994553947,374.3214003436275,301.3530802635261
5584.0,375.1494694650352,374.23677035358673,300.16376773632066
5585.0,374.7656621043098,374.15247436214753,299.18853315636915
5586.0,373.6465133556414,374.0684522490861,300.05474629161296
5587.0,374.0504917690587,373.98418687450254,300.9390608409572
5588.0,373.46979116454673,373.89967315491634,299.8222111820597
5589.0,373.4063933182906,373.8154730839428,300.4307372360827
5590.0,373.52053670012725,373.7311021185689,302.51118280422486
5591.0,373.1243463583068,373.6461468947314,300.0368378889727
5592.0,374.32826895918873,373.5618865494243,300.58059217912734
5593.0,372.4151774878959,373.4774734997873,298.48680576648553
5594.0,372.9107894249247,373.39364845516786,300.91267508692346
5595.0,372.948715449227,373.30914214558095,300.7170784061297
5596.0,373.16147348194363,373.2246907660619,298.7730190972267
5597.0,372.64205562212146,373.1407853431988,299.89515866984885
5598.0,372.8692529175886,373.05656478613895,298.4509960123462
5599.0,373.1794575457036,372.9727497980922,300.18489895183797
5600.0,372.77168133579033,372.8884478723032,300.4758458171047
5601.0,373.0398468190307,372.8040642389362,300.26543729059097
5602.0,373.043723925543,372.7197396952971,300.8943012534852
5603.0,377.03168961180825,372.6352385456951,300.142196025502
5604.0,372.6557897010514,372.55094861231123,299.28813965155535
5605.0,371.88380978120864,372.4668985264258,299.6181819754599
5606.0,372.50749808097413,372.3827557536543,300.39654657591836
5607.0,372.87700301490975,372.29839439015757,299.20985939018647
5608.0,372.297248921867,372.2143662879788,298.91854292027494
5609.0,372.245551191184,372.13041999717535,299.06663657075393
5610.0,372.39047803527274,372.0464321167384,299.76126674969
5611.0,371.4160630270451,371.9622491609928,296.9791481730008
5612.0,372.35720140532555,371.87884751688097,300.0793349385642
5613.0,371.84933225435014,371.7945752369857,298.7077045823156
5614.0,370.56018649840973,371.7106881566155,297.9014737324934
5615.0,371.32474279504197,371.6270274927423,300.9993526881537
5616.0,371.7613420996554,371.5424968411957,299.3150876088218
5617.0,371.5517956756309,371.4584391874256,300.7630218696192
5618.0,370.56951845951204,371.37397490545055,300.48648172891745
5619.0,371.0612051192977,371.289588285165,299.22782849867247
5620.0,371.09532389755304,371.2055551366616,297.348877860851
5621.0,369.10109326116356,371.12204966012905,299.6922966125958
5622.0,370.96039601990515,371.03788607349696,299.5303754840307
5623.0,371.2952467503702,370.9537679597152,300.32991989437573
5624.0,371.16810574355134,370.86942530721154,300.1513808193116
5625.0,369.7062594916329,370.78513279443143,300.1176487165634
5626.0,370.82127538796254,370.7008497547502,300.4825496426976
5627.0,370.212514263605,370.61646423872554,300.1715589995053
5628.0,369.83882339660084,370.5321660592399,301.20235172984013
5629.0,370.44643858877583,370.4475783987957,299.96980058804377
5630.0,370.8804854179892,370.36333687979726,300.784234157241
5631.0,370.0739560136268,370.27886664070473,298.6358488276171
5632.0,370.0914256160702,370.1949997398257,301.6592967186065
5633.0,369.7132725734195,370.1102837539972,299.7626336760151
5634.0,371.2535572392387,370.02610041437316,301.92139605677033
5635.0,369.2992320273245,369.9413108223139,300.410981327384
5636.0,369.6542969480322,369.8569454050578,298.3390232299837
5637.0,370.12313841005283,369.7731618627007,300.09527479113353
5638.0,369.4437904261943,369.6888851063635,297.7949267771032
5639.0,370.25883643760574,369.60525436442697,301.17363753112517
5640.0,369.0182812025874,369.520674767887,299.38817220907004
5641.0,369.37154813911474,369.43659658952487,299.1389792118869
5642.0,369.82560392749167,369.35258839286286,298.5191618114077
5643.0,368.9933595875764,369.2687542615875,298.55559168253734
5644.0,369.14648502937445,369.18490989959,298.94114375104635
5645.0,369.44988834866484,369.10095726171994,300.0409805651625
5646.0,368.9047735288095,369.0166957530112,299.7210891442154
5647.0,368.8967704311216,368.9325240804765,299.6774697205286
5648.0,369.34636997698334,368.8483646577301,299.57096507307034
5649.0,368.47302153697643,368.7642351450387,299.37002279304494
5650.0,368.59485436494316,368.6801620636376,299.4385041749436
5651.0,368.18040293789085,368.59606975038184,301.40031833239766
5652.0,368.92937998361737,368.5114264943168,299.9326461414817
5653.0,368.7113997338886,368.42719540952544,301.01053259288443
5654.0,368.1819320429003,368.34266161828896,297.48118459572197
5655.0,368.18961383692,368.259118985615,300.87696171477063
5656.0,368.16481452329,368.17462270553335,300.7729013035607
5657.0,367.92137990881884,368.09015564908395,300.9003234546831
5658.0,368.47993492581605,368.0056528082471,301.18845022171485
5659.0,367.0749183361108,367.9210690518098,299.87193542011005
5660.0,368.12856450825404,367.8368550166126,300.8601039665621
5661.0,367.88398938904606,367.7523634707487,298.58322846189645
5662.0,367.35057721242026,367.66851134742234,300.49731900599636
5663.0,366.92799205175146,367.5841216836681,299.48788712670665
5664.0,366.9608683327351,367.5000155020334,298.8233775460019
5665.0,367.5488817762203,367.4160959368392,298.99989334665054
5666.0,367.1633455762398,367.3321268001244,300.76384926870213
5667.0,366.92726681655324,367.2476622857881,300.20953869009713
5668.0,367.03666802916445,367.1633534403393,299.8356824681044
5669.0,367.2390684601122,367.07914958617954,300.5369202179407
5670.0,367.27786784033276,366.99474880108494,299.852411499453
5671.0,367.2522038940319,366.9105402488555,298.41543009072586
5672.0,366.27273514880903,366.8267352489051,299.6433856426222
5673.0,366.21124869225605,366.7425853981037,300.7775707615555
5674.0,366.65772079331,366.6581170303149,300.3146762279722
5675.0,365.9836780230233,366.5737786587408,300.8873402173525
5676.0,366.6162608175129,366.48927946402983,300.41470916137064
5677.0,365.6630205566391,366.4049129998736,298.7579017065648
5678.0,365.3877590706799,366.3210118224777,301.98013398216887
5679.0,367.0543382974573,366.236205734851,298.68210848459825
5680.0,366.5114825550839,366.15232584271826,300.11584593876756
5681.0,366.352680744974,366.0680433093172,299.2904777932454
5682.0,365.2553333681893,365.9839925668035,300.2386313125869
5683.0,365.7912164382701,365.8996755511766,301.4337368130812
5684.0,365.99131762704195,365.81502291008826,300.7556140285765
5685.0,365.49751868406884,365.73056070848185,299.9365298027721
5686.0,365.55121655660537,365.6463285330289,300.72653161183183
5687.0,365.77624534723304,365.56187449873465,300.9145899281281
5688.0,365.64200217399457,365.4773676513965,300.9787003144865
5689.0,364.7535954292796,365.39284279972486,300.265293709741
5690.0,365.0899391760762,365.308518296408,299.53039272948257
5691.0,365.77449347220875,365.2244001777832,301.1357279143967
5692.0,365.3460335461079,365.1398312275272,298.82253527288594
5693.0,365.0976489459021,365.0559118988714,299.09500563612926
5694.0,365.2544440279914,364.97191605145525,300.1122176430931
5695.0,364.87246869022283,364.8876345370005,300.2444601433072
5696.0,364.75076223101183,364.80331588444363,299.1257946190563
5697.0,364.17847495081924,364.7193113904547,299.6726281793423
5698.0,364.742090540978,364.6351533273744,299.11777388790995
5699.0,364.54540414234594,364.55115108587415,298.94201177962157
5700.0,364.84743762570986,364.4671982042327,300.9355498106369
5701.0,364.1471301133764,364.3826854706609,298.99501611029063
5702.0,364.2727179924196,364.29871770363656,299.3744565825741
5703.0,364.5170585297328,364.2146433770796,300.6638399232413
5704.0,364.38785554157073,364.1302069487012,300.640084005844
5705.0,364.2219518780181,364.04577719177615,299.963776998721
5706.0,364.0416163127208,363.9615373644024,299.9531580107523
5707.0,363.89910951585586,363.87730051919436,302.0087215395845
5708.0,363.5891862392467,363.7924864032287,301.8857101884187
5709.0,363.6355210221023,363.7077068329508,300.3811016360742
5710.0,363.65718002946716,363.623349806908,298.9922007303467
5711.0,363.35111578739594,363.5393828305362,299.17441943707894
5712.0,362.97648448591127,363.45536468107764,299.674929822157
5713.0,363.10624454037475,363.37120597161925,299.63243705210607
5714.0,364.18874337821376,363.28705919554716,300.6519382157569
5715.0,363.0309309159332,363.20262610956485,299.40202389181076
5716.0,363.69672367932515,363.1185440411886,301.0096258645838
5717.0,362.6822218847183,363.0340105045916,300.54443804928565
5718.0,362.9408079322337,362.94960760823943,299.4178478955731
5719.0,363.17046245175936,362.86552109595544,298.85401230216087
5720.0,362.9990701554523,362.7815929275006,299.6147646463121
5721.0,362.595113146481,362.6974511144291,301.11780769765164
5722.0,362.9101785876926,362.6128871967673,298.9791249423816
5723.0,362.62830856467565,362.5289238925127,298.78242772307095
5724.0,362.4207060744299,362.44501582739383,299.4341772769388
5725.0,361.86697963192506,362.3609247292752,300.09589692402005
5726.0,362.3499329861219,362.2766477982223,300.36482078579303
5727.0,361.8818740951343,362.192295344385,299.8731063884333
5728.0,362.0968980238174,362.10808098034096,300.69025143770824
5729.0,361.8828646924905,362.02363713472886,300.34645795879334
5730.0,362.43989729157954,361.93928983778545,300.54419047110366
5731.0,361.69423581503014,361.85488701096153,300.3492829515768
5732.0,362.1599894869546,361.7705389206659,300.97669097421044
5733.0,360.8265676174977,361.686014633284,300.0527418338447
5734.0,361.5226483399068,361.601749821619,301.07213187631174
5735.0,361.7664934194649,361.5171987312504,298.8656237660777
5736.0,360.9758849314683,361.43326730190944,300.13708486138967
5737.0,361.78524813627337,361.3489788039108,299.63984157689856
5738.0,360.7008344446648,361.26482994840126,302.23512870497194
5739.0,361.1173681723405,361.1799522497567,298.0811818480988
5740.0,361.17843507632944,361.09624111785433,299.9595427430488
5741.0,360.91943786043703,361.01200247960065,297.8249935753287
5742.0,361.3859392518337,360.9283632939049,300.43030559456605
5743.0,360.239499542156,360.84399244975043,298.7674158044013
5744.0,360.4315811844098,360.7600886004787,299.97250249913645
5745.0,360.32784492494585,360.67584632269353,300.25942419291977
5746.0,360.6205537462541,360.5915234677327,299.4985528266047
5747.0,360.8094225200958,360.50741429081387,300.24311851310716
5748.0,360.89516660922874,360.42309601503143,299.1691380175789
5749.0,360.47121656830825,360.3390793487716,300.81340633196197
5750.0,361.0775391279039,360.25460091716,300.6005224883385
5751.0,360.50751120826664,360.17018227042786,299.7065265138526
5752.0,360.1102277269006,360.08601468756524,298.8797562104663
5753.0,360.01017734038714,360.0020792893628,299.3649239856203
5754.0,359.52838658745657,359.9180076398768,300.92661915316353
5755.0,359.69949575151253,359.8334974143313,301.34917317019483
5756.0,359.3219603569763,359.74886852153264,299.2796448807407
5757.0,359.4783245472486,359.664820821262,299.65887321157487
5758.0,360.3736971047659,359.5806666210351,299.9948863881401
5759.0,360.3869844465349,359.4964180571078,301.5901018387832
5760.0,359.878749984916,359.41172150350803,298.428687186236
5761.0,359.1147845101856,359.32791278052326,299.36060143711
5762.0,359.31043985377136,359.243842344953,300.41290317943526
5763.0,360.26572679000816,359.1594763879767,299.6464918467295
5764.0,359.23743459997144,359.07532566484974,299.97721117802985
5765.0,359.5384318704534,358.9910820647106,300.45209391699944
5766.0,359.302967295572,358.90670510166893,299.95238976937213
5767.0,358.38832804247596,358.82246847220864,300.10148152187014
5768.0,358.1066505428577,358.7381899728146,301.5555534917657
5769.0,359.5855205931679,358.65350312154237,300.0803521254848
5770.0,358.65525388553647,358.56923055598713,299.53720181511
5771.0,359.1919413233302,358.485110525144,299.5773788430615
5772.0,358.2962379383438,358.40097921125226,299.16116247263994
5773.0,357.6352584957385,358.3169647847912,299.0300679327728
5774.0,358.197159137243,358.2329871740467,299.21575091165624
5775.0,358.15181667050956,358.1489574173324,300.4546354179953
5776.0,358.5610529946696,358.0645797405525,300.5418288358747
5777.0,358.4657115305526,357.9801775769544,300.1291240128169
5778.0,358.13092906232276,357.8958913146275,300.7663479222003
5779.0,357.26185515361817,357.81142609858597,300.0262433464319
5780.0,357.0504449987015,357.7271687285795,299.916994639512
5781.0,357.64249263785615,357.6429420392516,301.02476768488793
5782.0,358.0030365295544,357.55840425032676,300.50344348595496
5783.0,357.6532229485162,357.4740128666145,299.7226160910033
5784.0,357.29564831426774,357.3898407652623,301.4261221803491
5785.0,357.78640194127763,357.3051902626166,301.01536613133953
5786.0,357.19680008255966,357.2206551139614,299.41604827240405
5787.0,356.9413049114273,357.1365691070715,298.3626390341797
5788.0,356.94553361629875,357.0527789326095,300.0406103155745
5789.0,356.9764357994088,356.96851752787916,299.74355413554616
5790.0,357.00840919429044,356.88433954642613,297.910652553411
5791.0,357.0793786519047,356.80067630483404,300.5210862921153
5792.0,356.227101329752,356.71627996643366,298.99125715541766
5793.0,357.0124262130739,356.63231325504916,298.44617332275146
5794.0,356.1988306722955,356.5484996213744,299.83457530576163
5795.0,356.110469967584,356.4642960781427,300.5102946741705
5796.0,356.8909790916864,356.37990277038836,302.1656406616392
5797.0,356.24149184158205,356.2950445863026,299.8803841400337
5798.0,356.02715924414764,356.21082817842324,300.4495660642227
5799.0,355.8691463582161,356.12645192528686,300.6784686375041
5800.0,356.263375001268,356.04201138867785,298.09456895299314
5801.0,356.1680432050557,355.9582964972302,299.8093524951432
5802.0,356.32745162549946,355.87410003740445,299.82460357341995
5803.0,355.7882576219022,355.7898992945676,300.7844143582197
5804.0,356.10575690280035,355.7054290048687,300.3139573076174
5805.0,355.60312241770873,355.62109083519147,300.5029110635711
5806.0,355.3995961456689,355.5366996010011,298.4227139600688
5807.0,355.07886763381555,355.4528925554973,299.014643310782
5808.0,354.698649379276,355.3689192765009,300.65245407254554
5809.0,354.86348335506847,355.2844860456488,300.3227290651466
5810.0,355.63606372233164,355.2001454125697,299.21976677974095
5811.0,355.06382921687714,355.11611452806574,299.96803390168805
5812.0,354.6914850735049,355.03187350521165,299.37357609808447
5813.0,354.775903449018,354.94779942592413,299.2316110137851
5814.0,355.4093580737608,354.86376521516445,299.85318122336395
5815.0,353.8736700556672,354.77955644677087,298.05121097254005
5816.0,354.576178045245,354.6958537316894,298.61396336337145
5817.0,354.4442022326426,354.6119929769782,299.2122753663779
5818.0,354.73340307065985,354.5279641963128,301.17211137081773
5819.0,354.5273399949321,354.4433850283695,300.57256904465726
5820.0,354.52588016920413,354.3589742318961,299.8797476616416
5821.0,353.7904266672165,354.2747580027611,300.05752454300523
5822.0,353.8037472723991,354.19049184795193,299.58510140999357
5823.0,354.3368999549807,354.10635836530594,300.24832262135004
5824.0,353.9729704638776,354.02203862803646,300.7041263479246
5825.0,354.45865041060296,353.9375908858871,301.43128272482335
5826.0,353.85440713636933,353.8529389339885,301.1424161199529
5827.0,352.9094751738629,353.76836810546155,300.7541624087156
5828.0,353.17508474674895,353.6839063115184,301.01554495381987
5829.0,353.5916294392059,353.5993711126439,300.30513446729975
5830.0,353.49332610456133,353.51503542071436,301.26833881155505
5831.0,352.7769128100416,353.43042922889805,299.95018773079227
5832.0,353.8223841188915,353.34619321784373,298.75760089242664
5833.0,352.89583807844195,353.26229212492643,300.524471387369
5834.0,352.8504241538087,353.1778948358784,300.5441377990022
5835.0,353.6687870138326,353.0934920238466,301.7260301002771
5836.0,352.24214261402716,353.0087572970601,300.2181089978652
5837.0,352.0508638788,352.92444604478317,299.0938955126395
5838.0,353.01119008647396,352.8404505091267,300.0559587019663
5839.0,352.32643347674787,352.75618479405784,301.13104662126534
5840.0,352.7710140072083,352.67161715846504,299.6356107676617
5841.0,351.81870110001967,352.58746949110775,300.749935876258
5842.0,351.95960665731667,352.50300888411584,300.41422589665956
5843.0,351.7674000278714,352.4186425556765,300.02788354627995
5844.0,352.6586050810979,352.3343847250473,299.90258207158206
5845.0,351.6808307949508,352.2501620832488,301.0932802947476
5846.0,352.19758727405383,352.16560505369944,300.18121542414053
5847.0,351.9219376874435,352.0813041623678,302.147633518209
5848.0,351.93199927481237,351.9964510352881,301.63370311677744
5849.0,352.32369968080303,351.9117422369962,297.5783431855347
5850.0,351.1442769331534,351.82817231895154,301.5486723337998
5851.0,351.6686201131591,351.74348740013784,298.3291459272391
5852.0,350.7832943426757,351.65970663165655,299.9031843107841
5853.0,351.41826648116137,351.57548382072935,300.2759571985287
5854.0,350.97713037611123,351.4911563227494,300.6510174978009
5855.0,351.9013376888451,351.4067234953354,301.26672245539703
5856.0,351.77278954124165,351.3221177574459,300.7247496868089
5857.0,351.1213349200152,351.2376642235755,299.6616475054607
5858.0,351.96372848717766,351.1535092442344,299.3305327512762
5859.0,350.81867509459823,351.0694472529534,299.99935588866856
5860.0,347.902719504893,350.9851974338414,299.9556435236754
5861.0,350.7673138338789,350.9009598906185,299.9048443380789
5862.0,351.08564621353463,350.81673661350015,300.11474390186856
5863.0,351.2669495321507,350.73245438958776,300.6776010214053
5864.0,351.0496649952765,350.6480140966343,299.15710395158106
5865.0,350.57851000762554,350.5640008099412,298.35740810417553
5866.0,350.4189238450413,350.4802121044986,299.7581026125813
5867.0,350.1110100170728,350.3960300373483,301.8035520076318
5868.0,350.4348388531834,350.31127353982606,300.12338737989097
5869.0,352.30574854204536,350.2269888885369,298.0524136970149
5870.0,350.60010004472866,350.14328583569034,300.46344376624137
5871.0,349.804157576402,350.0589056852326,299.6674509819937
5872.0,349.9477354711113,349.9747490760819,299.82474306156934
5873.0,350.1322825115368,349.890548294072,299.0842357185401
5874.0,349.8669604239516,349.8065554712078,298.69850767264427
5875.0,349.77200823283397,349.72267097363635,300.5063595108316
5876.0,348.85942406560076,349.63827877100704,300.6309075512661
5877.0,349.30326377562426,349.55385159113644,299.4467265387955
5878.0,349.61564424710616,349.4697569687668,300.5425405036979
5879.0,348.7349789160674,349.3853546053087,301.0345219052871
5880.0,349.6481197089046,349.30081407707354,299.76789344779803
5881.0,349.58958950432975,349.2166292603303,298.9210075900228
5882.0,348.82289248432966,349.13268227736546,300.4421423620763
5883.0,348.4858345385421,349.04830810905213,302.9299473373857
5884.0,348.6400783903013,348.9632352821748,301.10383238922094
5885.0,348.8296596728947,348.8786752892455,298.7253319234005
5886.0,348.78060614368405,348.7947832585304,299.3147287156493
5887.0,348.1535752539132,348.71072570554935,299.3431098745368
5888.0,348.90584035694735,348.62666018219295,298.76776009859356
5889.0,348.9866405496027,348.5427562362319,297.8871156723758
5890.0,348.19722982729877,348.45909960458056,299.3776311547576
5891.0,348.6711694086723,348.37502438649796,298.48495265880973
5892.0,348.42733100941234,348.2911998622929,299.5757119566344
5893.0,348.13847095325065,348.2070690165184,299.25657766008663
5894.0,348.07340179203254,348.1230277942922,300.2783784727128
5895.0,347.92204221715144,348.0386996163378,299.9418714595371
5896.0,347.51657936219374,347.9544659407696,300.68763565901116
5897.0,347.63916492894737,347.8700228297554,299.89635136109587
5898.0,347.7545939466425,347.78580193774815,300.75488494036875
5899.0,347.8699164829783,347.701339940894,299.19607316243486
5900.0,348.0532820145964,347.6173157103476,297.93306634057274
5901.0,347.1939201727251,347.5336461742169,300.6703162237388
5902.0,346.44802570820434,347.44920792707745,299.1304302019047
5903.0,348.2233816478034,347.36520213126244,301.67877403647793
5904.0,347.0897895849444,347.2804806755538,299.28261000900335
5905.0,347.11637726692305,347.19643214257627,300.41512052232343
5906.0,347.5130606514697,347.11206556289625,299.62015902259867
5907.0,347.3556793906551,347.02792223490405,300.21485234217243
5908.0,346.79446271625324,346.9436118972047,299.3398551454623
5909.0,346.6414681049198,346.85954728788465,300.4356464388213
5910.0,346.72696116531154,346.77517494384307,299.5596892782501
5911.0,346.42060018855886,346.6910485977708,299.15677854094616
5912.0,345.8608876857924,346.60703540246385,301.0429870682022
5913.0,346.1042210471597,346.52249249692886,298.8116091648023
5914.0,346.56096123309425,346.4385762366884,299.8739091920857
5915.0,346.28466156043106,346.35436164719033,299.66356217251973
5916.0,346.27996359038224,346.27020613014685,298.6269738369765
5917.0,345.699503056605,346.18634172166094,297.6411214306178
5918.0,345.80330044196666,346.10275417339255,298.98870237165823
5919.0,345.7799368080361,346.01878817947653,300.4071052204841
5920.0,344.8684475421254,345.93442385076037,300.29008208534094
5921.0,346.20914972840234,345.85009238604147,299.5173850589242
5922.0,345.7757371414806,345.76597792040405,300.47383740899113
5923.0,345.5122948943833,345.6815948510651,300.16194707975916
5924.0,345.8907654324111,345.5972993709268,299.6763058914977
5925.0,345.1558469578676,345.5131402750223,300.79754111102017
5926.0,345.5706218852602,345.42866629889363,298.3125269720543
5927.0,344.90770737730315,345.344890197569,299.08190734030785
5928.0,344.96138035038325,345.26089802859093,301.0460800128362
5929.0,345.6373325064542,345.17635425445394,299.79222061183765
5930.0,345.2810602464807,345.09216260583213,301.0480427542528
5931.0,345.23730729842447,345.007618280492,300.551036741502
5932.0,344.7945978498853,344.92321353100704,300.29108322705207
5933.0,344.57156239472636,344.83888178513416,299.28766341099674
5934.0,344.6230136499604,344.7548318329929,299.43664959641603
5935.0,344.07860366644934,344.67074004056457,299.1714316705224
5936.0,343.622133977119,344.58672273017044,301.92435337697106
5937.0,343.95671645192766,344.5019323075971,298.69720110035456
5938.0,344.03675583576586,344.4180481769547,298.26835980684876
5939.0,344.1497171246938,344.3342844792423,297.6579434229384
5940.0,344.01004046151087,344.25069220679774,298.61183929103805
5941.0,344.3010429369396,344.16683204859686,302.02536987366085
5942.0,343.6500839077272,344.082013257224,299.0109707273057
5943.0,343.9739318414317,343.99804100961137,301.2984000594968
5944.0,344.0289416930908,343.91342637559467,301.1366059089695
5945.0,343.8657900082141,343.8288571787686,299.74135817787607
5946.0,343.5436496377718,343.7446798140137,300.7455871923308
5947.0,343.3318269385051,343.6602204282771,298.60506829534893
5948.0,343.0785575868389,343.5763621715975,298.5023571625132
5949.0,343.1419152867836,343.49253275962775,302.0142382509781
5950.0,343.32731796499456,343.40771709438553,300.9111062670307
5951.0,343.7525743457039,343.32321122537553,298.1914734738564
5952.0,342.94763835545484,343.23946911990834,299.76440058814325
5953.0,343.4795288652987,343.15528528407646,302.02624129773926
5954.0,343.2670933270037,343.07046624797863,299.3119959541157
5955.0,342.8362210369372,342.98640946244825,299.5496529002157
5956.0,342.8435558213587,342.90228593492543,299.7686233572716
5957.0,342.617803449718,342.8181009131992,302.1068511015483
5958.0,342.9211993707614,342.73325923918156,300.0079122066171
5959.0,342.41637212283763,342.6490070171702,300.13799404479386
5960.0,342.5301705678271,342.5647182638427,299.9780066769306
5961.0,342.6160638110937,342.4804744403009,299.7193560893613
5962.0,342.6162408511997,342.39630325446575,301.40242466659936
5963.0,343.22059216413794,342.3116594068719,301.4544496752936
5964.0,342.233764064024,342.2270009489214,299.16340243930085
5965.0,341.8163349377962,342.142985893403,300.6208961659624
5966.0,341.8318563210515,342.05856152506306,301.8616910633981
5967.0,342.3675984345943,341.97378870015615,299.1514898007746
5968.0,342.1044526109522,341.8897769901037,301.57487529612666
5969.0,342.8729825371668,341.8050847126247,298.4064223670439
5970.0,341.5860806585704,341.7212822423433,300.15021857045133
5971.0,341.354304070754,341.63699005596146,300.87635557884266
5972.0,342.24671954625387,341.5524939461031,297.6909938627799
5973.0,341.72814505550275,341.4688923919932,300.70959978887134
5974.0,341.96002786862095,341.3844431127192,300.2104283258563
5975.0,341.6155293490075,341.30013401743105,301.556742458609
5976.0,340.4077580042718,341.2154468322572,300.0826255111314
5977.0,341.78422647933365,341.13117362825955,298.31132050940425
5978.0,341.07255155369506,341.0473978657498,300.192780320335
5979.0,340.4584364068951,340.9630937266098,300.19672760988277
5980.0,341.383882638966,340.8787884789394,299.73738091522966
5981.0,340.91770656461864,340.79461223113236,297.6968731340921
5982.0,340.6941657903453,340.7110090259272,300.26497562657244
5983.0,340.8611941391331,340.62668461193874,300.87657088789706
5984.0,340.46132640108806,340.5421884416144,299.9092579409417
5985.0,340.1012713475685,340.4579639250093,298.8892851952412
5986.0,340.0227024846733,340.37402585075034,299.7698028314128
5987.0,340.4784529265233,340.2898404977885,300.0119118658759
5988.0,340.2742290527032,340.2055871525395,299.0231295403014
5989.0,339.13062547516864,340.1216114903269,302.98345302250226
5990.0,340.18386383141313,340.03652363726974,298.83211457865946
5991.0,339.69281849497105,339.9526016184256,299.36741620621194
5992.0,339.26954862633585,339.868529269041,300.54605444878035
5993.0,340.10037881281835,339.78412591874996,300.684185145426
5994.0,340.11182721382346,339.699683776755,300.4558086121411
5995.0,339.6375379907082,339.615305770503,299.73950654158125
5996.0,340.3200923229036,339.53112892574933,299.758734282165
5997.0,339.7254001041278,339.4469466812051,300.3350604960533
5998.0,339.7134191747315,339.3626025850491,298.836469165833
5999.0,339.66563845628485,339.2786793432916,300.14046932371855
6000.0,339.0564731890418,339.1943898948232,300.01587126570575
6001.0,339.2270802180457,339.1101354376428,299.37232000856176
6002.0,339.2864914001725,339.02606171110705,299.9271701610471
6003.0,339.20735875955256,338.9418321641535,300.1414590579785
6004.0,338.28083872673625,338.8575424377347,299.2005186964964
6005.0,338.8318919263073,338.77351695873415,300.0046741998755
6006.0,338.41490005281264,338.689265646063,299.08506843991154
6007.0,338.32784941022794,338.60527258934275,299.2021604242224
6008.0,338.0798534596321,338.52124664929033,299.30876379105655
6009.0,337.9156784864218,338.43719077145903,300.85737819627053
6010.0,338.7781465100157,338.3526999910822,299.20872427957045
6011.0,338.2101294936186,338.26867220768037,299.8700423068463
6012.0,338.6955305886941,338.1844587041325,298.9553363119065
6013.0,338.37281235441804,338.1005020805183,300.09423143933986
6014.0,338.26842870258866,338.0162256171891,300.495418092478
6015.0,338.0271651630887,337.9318364872748,299.26192734781034
6016.0,338.4028410080889,337.84779376267795,301.76435063223715
6017.0,336.7420891235808,337.7630482742087,301.71632653048084
6018.0,338.56627418388854,337.6783162725081,300.03655140918113
6019.0,338.5316492494041,337.594056007654,298.59534344092157
6020.0,336.6566931795519,337.51020048203765,299.2964403660604
6021.0,337.6491268501846,337.4261480650349,298.3861181706294
6022.0,337.26203121566857,337.3423512968487,299.6025821995827
6023.0,337.5094915488475,337.2582129050142,299.9445234250088
6024.0,336.8441748601959,337.17397848468573,299.12688585262583
6025.0,336.6033788733455,337.0899736842421,300.0455375690812
6026.0,337.9784302176972,337.0057108957748,299.2898827843142
6027.0,336.60417677162246,336.92166032035954,299.0405819115898
6028.0,337.15531281469913,336.8376797569394,301.221475678028
6029.0,337.0668305344179,336.75308672585317,298.7721634893179
6030.0,337.26537963479035,336.66918154327317,301.15217243498176
6031.0,336.723546215758,336.58460797484776,299.234713009628
6032.0,336.4667961037507,336.5005728929442,301.4057129169502
6033.0,336.6687455107893,336.4159281219,300.8425128446194
6034.0,336.26545530773024,336.33144151620945,299.49784694037123
6035.0,336.2785263298906,336.24733253752703,299.84055300604547
6036.0,336.0935012584717,336.16312731555786,299.41683978952227
6037.0,336.31813608358704,336.0790410863836,298.1944998162769
6038.0,336.0956140322451,335.9952981310185,299.8317148474169
6039.0,335.94044905867963,335.9110953910989,300.6808780449577
6040.0,335.2627565973224,335.8266541778479,299.80997115657556
6041.0,335.43647970730007,335.7424575442814,301.92981326098413
6042.0,335.47004772433934,335.65766558839067,300.1833999805517
6043.0,337.3020369283219,335.57336408356275,299.8527861994171
6044.0,335.31355990572786,335.48915542610507,300.85920835610136
6045.0,334.8272474234567,335.40466413175835,301.92941423751193
6046.0,335.1890685655114,335.31987228792667,299.342717413364
6047.0,335.5713245071591,335.2358068747865,300.5461434866173
6048.0,334.94484458604586,335.1514034994906,300.57971162150795
6049.0,335.6661716399132,335.0669906971436,299.4050744438602
6050.0,335.34761745781606,334.9829077720706,301.20279914922696
6051.0,334.5801407997012,334.8983199859762,300.48293046694204
6052.0,335.1869215441793,334.81393436300334,301.1777609890947
6053.0,335.7680548630122,334.72935360845895,300.74778904954667
6054.0,334.4688662130036,334.6448936043675,298.98668301615214
6055.0,334.9375134391153,334.56092817755376,299.17387446717777
6056.0,334.45783895078335,334.4769101811409,300.3125277873268
6057.0,333.9602930957366,334.3925724129207,300.62726597033503
6058.0,334.5601724167737,334.3081462557273,302.34893324557817
6059.0,334.86575223411126,334.22323659697423,298.96242297554693
6060.0,334.75915886592423,334.1392779831885,300.59603362876845
6061.0,334.3180696975698,334.05486059707783,301.3299115005961
6062.0,333.64130630063636,333.9702371135981,300.3470426256031
6063.0,333.82748596404645,333.8858896524607,300.68344499850514
6064.0,333.59595118775,333.80144771832363,299.1538926310046
6065.0,333.2602720795855,333.7174353334764,301.54501694331316
6066.0,333.56279314738475,333.6327514412182,300.31810209312476
6067.0,333.33617789350103,333.548412107547,300.01761220682744
6068.0,333.8489008636214,333.46415716145225,299.77464693911656
6069.0,333.1985777621267,333.3799704481035,300.9090155204041
6070.0,333.66431375459564,333.29546516624487,300.92402552417946
6071.0,334.01315431180154,333.21095566907684,298.95717106768944
6072.0,332.90331312614705,333.126998530202,297.84123615739696
6073.0,332.59773461621046,333.0433547830478,300.01277051093786
6074.0,332.7480416838856,332.95910119666263,298.423570611183
6075.0,333.10549949782245,332.8752939105826,301.6255277180065
6076.0,332.8596710248551,332.7905874082152,300.00388212614223
6077.0,332.4296220216256,332.7063363179848,300.75082616603197
6078.0,332.79627496075295,332.62187546096976,299.1732102882189
6079.0,332.2396933992584,332.53785765108046,299.4475014568504
6080.0,331.75635470431484,332.453762811088,300.43526504111014
6081.0,332.30429121107085,332.36939057415566,299.657994523297
6082.0,331.88223926418016,332.2852366206937,300.5297813611453
6083.0,331.82726314567975,332.2008378404281,300.62563567050483
6084.0,331.58242805619926,332.1164121410773,301.27682299691867
6085.0,331.861393965764,332.031803566619,296.87009669351994
6086.0,331.45128245649806,331.9484325477976,299.7024024384023
6087.0,331.4556252496074,331.86426612311277,300.21920657115635
6088.0,331.89718196572215,331.7799545626007,299.9651700831549
6089.0,332.15178552360436,331.69571434400234,300.0010966593385
6090.0,331.9965689915627,331.6114640360239,299.6510242359083
6091.0,330.8839047132418,331.52731204005096,300.45402649113095
6092.0,330.70146980866446,331.44293453427804,299.9783134073719
6093.0,331.59924796102945,331.3586906245961,300.03056073443213
6094.0,331.34383895886896,331.27443204212324,299.3186913277317
6095.0,331.4686420261046,331.1903733763086,300.19522574249976
6096.0,331.57617434983075,331.1060685504126,299.79566280160634
6097.0,330.4593763798139,331.02187593510916,301.6005847968486
6098.0,331.2295205164517,330.9371764375454,299.29706164166106
6099.0,331.2097789235946,330.85312384606766,300.7112851763221
6100.0,330.7467990165305,330.7686740934806,300.4188468298671
6101.0,330.4643348258961,330.6843064673293,299.27617658305917
6102.0,331.14300072092004,330.6002597410722,298.5690118393864
6103.0,330.79281919682154,330.5164116102473,299.81754889196645
6104.0,330.9985637560534,330.43221284860016,301.9609974450697
6105.0,330.2529938274945,330.347412135151,298.2229791588509
6106.0,329.7583094425259,330.2636611818372,299.78903543829983
6107.0,329.2838439172778,330.1794704277183,300.2113942282196
6108.0,329.7209704363272,330.0951610611725,299.62383725196474
6109.0,329.51220903465,330.0110167002109,300.60119821690245
6110.0,329.6514496121604,329.92659786371166,299.1778790368832
6111.0,330.06536588862076,329.8425787426821,300.521102872797
6112.0,329.2566572161079,329.75818239962535,299.75580813222274
6113.0,330.05460890946915,329.6740009768416,299.6098543860272
6114.0,329.28249377823397,329.58986054273487,299.1140310835786
6115.0,329.8783041605075,329.5058593523389,300.31920435161356
6116.0,330.3363588490342,329.42151970911675,300.09924356768875
6117.0,329.984044047824,329.3372418382149,301.5252335600261
6118.0,329.1419538921087,329.25256350179006,300.24549800160213
6119.0,329.463690769826,329.168244557768,299.89661494601376
6120.0,329.07554610414326,329.0840235917373,298.059549448329
6121.0,329.360575456913,329.0003185349339,301.00934942216844
6122.0,328.5543064918829,328.91578507597114,301.58950468276197
6123.0,328.725195814706,328.83108869007276,300.0329155413679
6124.0,329.0589169564945,328.7468294462916,298.9153866645915
6125.0,328.20880164353,328.66288404187,300.8738267514422
6126.0,329.3344509045393,328.5783886421906,300.6028891605309
6127.0,328.26905340064377,328.493969330818,299.1903604837713
6128.0,328.434297047984,328.4099467045821,299.33451058028646
6129.0,328.04808309675894,328.3258835961942,300.84946478103797
6130.0,328.11449977113114,328.24139503816815,300.3279677568749
6131.0,328.23107324284905,328.15705293388976,300.4581765421224
6132.0,327.78367406915316,328.0726742626442,300.5719747281952
6133.0,327.7885478848137,327.98826363307467,300.1844308747084
6134.0,327.545700551972,327.9039618387374,299.10636504458574
6135.0,327.80722305469345,327.8199628012207,299.90801599609614
6136.0,327.27116647109705,327.7357386333951,298.59759791582434
6137.0,327.62953105349607,327.65188247464704,301.2578203564168
6138.0,327.7030299199263,327.5672792367637,299.8413716225634
6139.0,327.2176384266061,327.48307378489966,300.029751491579
6140.0,327.62384469557946,327.39881542968914,304.27823857621775
6141.0,327.4394027982352,327.313363957689,299.8885077237613
6142.0,327.2052794943424,327.2291452684366,301.541020626354
6143.0,327.1455816000096,327.1444624984773,300.8784039280249
6144.0,327.06052662459206,327.05996581337416,300.34013924831555
6145.0,326.7784109047781,326.9756202909353,299.9586424596941
6146.0,326.61884230381094,326.89138190551114,300.1437709527368
6147.0,327.41913846269006,326.8070915298353,300.41029937825425
6148.0,326.41321178403894,326.7227263040932,299.37074408900367
6149.0,326.4643157085812,326.63865302012823,300.33382539856535
6150.0,326.53202361047715,326.55430927082875,300.1892998345048
6151.0,325.9847707108988,326.4700061091253,302.61874646066707
6152.0,326.3054956995203,326.3850206778276,300.61778601931735
6153.0,326.4610168307095,326.30059718292046,301.2049375823047
6154.0,326.5554558665066,326.2160087962828,299.431946402787
6155.0,325.6280417079697,326.131918324668,300.7371950891077
6156.0,325.5556430720188,326.0474612957138,300.2381204191794
6157.0,326.5254590625882,325.96314442356277,301.365759526218
6158.0,326.64420317700683,325.8785108727625,300.02771864077846
6159.0,325.8396781863905,325.7942530884442,298.89634741981587
6160.0,325.98786879934516,325.71031303087716,299.8611601405078
6161.0,325.46246989707043,325.62610202173767,300.2400589579461
6162.0,326.22164080366696,325.54178460518034,299.57145828487285
6163.0,325.4278815646547,325.45765495397865,298.8867424210694
6164.0,325.45245318146874,325.3737175938154,299.4028559654966
6165.0,325.11709546452147,325.2896352917651,300.0698438545921
6166.0,325.8012674302221,325.2053656772826,298.2696989281446
6167.0,325.41888066047295,325.12160160350027,300.778750648618
6168.0,324.7103635981931,325.03713290435974,300.77409280446057
6169.0,325.36650114536343,324.9526655132972,299.69856961198417
6170.0,325.1531143794868,324.86850016499784,298.8293592597118
6171.0,325.08248341550427,324.78457891993907,300.15292379325456
6172.0,324.40107546073006,324.70028597384044,299.94961853485864
6173.0,323.93549152745237,324.6160501226353,299.8308651268441
6174.0,324.285976334378,324.5318476213455,299.51736677617527
6175.0,324.85947666076004,324.4477331608425,299.81111572957474
6176.0,324.15969332330064,324.3635362058418,296.93998620425845
6177.0,324.62403847149864,324.28014555971606,299.09761792158565
6178.0,324.1908765894739,324.1961489786831,300.922203677441
6179.0,323.9938134327277,324.11163999315033,299.4160181885289
6180.0,323.5944345392286,324.0275539947091,298.88275672205464
6181.0,323.78139501929115,323.94361775386295,300.15542115928025
6182.0,324.1385996169766,323.85932410642073,300.75633607372737
6183.0,323.37688922340135,323.77486170204,298.07351910913616
6184.0,323.6420126402711,323.6911527220902,301.3335258000025
6185.0,323.9759080040201,323.6065282235947,299.9480514346436
6186.0,323.0783505041653,323.5222928124835,299.45101382364504
6187.0,324.1014827516166,323.43819698610133,300.2206260753197
6188.0,323.66430174287984,323.35388502694514,302.0782516700576
6189.0,323.4974967159213,323.26905138460114,300.7830768219301
6190.0,323.0568290510308,323.184581470527,299.17243669646535
6191.0,323.729284253181,323.10056387788813,298.8281819641841
6192.0,322.31456188376916,323.01664296345314,300.75480362260754
6193.0,322.7952998818581,322.9321809894358,298.4665052966737
6194.0,323.0481046759605,322.84836164586494,298.286458457316
6195.0,322.757020778641,322.7645928654482,299.65869977650385
6196.0,322.8203318188092,322.68043871392763,299.7457758879378
6197.0,322.481611884992,322.5962601085324,300.4119228049356
6198.0,322.72273303844696,322.5118944268781,299.68566903037026
6199.0,322.1720450367728,322.427732701492,298.8849885054326
6200.0,322.9558646234933,322.3437958338868,300.0881015569549
6201.0,321.5837045795681,322.25952109203286,300.50582408549326
6202.0,322.44997285534777,322.1751290397688,301.0012125704623
6203.0,322.1304541599786,322.0905978659053,299.82647030561213
6204.0,321.93739530930975,322.0063965988278,300.3439971288222
6205.0,321.0278974861585,321.92204999296746,298.9654659779985
6206.0,321.9637636605402,321.8380905246053,301.0355472166096
6207.0,322.20253880888345,321.7535497084287,299.26379273445383
6208.0,321.4925943876109,321.66950645996906,299.2666906918865
6209.0,321.27770086966876,321.5854623976664,300.16005547917337
6210.0,321.32533242013835,321.5011674487527,298.6094157323257
6211.0,321.11295600525665,321.4173079711679,299.4243854073568
6212.0,321.2321430945057,321.33321962293263,299.79047064751927
6213.0,320.9614563725745,321.2490284657591,300.59215074806355
6214.0,321.2618419918326,321.16461217009066,300.2840269281309
6215.0,321.29019984793933,321.0802824058617,300.3495003780173
6216.0,320.2892641552264,320.9959342545055,298.74850953776667
6217.0,320.60700452567596,320.9120357147437,299.78419932033023
6218.0,320.3020082765194,320.8278463187679,298.6186180258813
6219.0,320.9689016682473,320.7439842568723,302.1194423001251
6220.0,320.8081047204147,320.65913904682634,300.85410094097415
6221.0,320.04040113225284,320.57464918681205,299.1757861374135
6222.0,320.0727514349494,320.4906306535385,298.1191823003198
6223.0,320.23907494915807,320.40690884984247,299.2220349497424
6224.0,320.19688185762914,320.32287732836073,298.8231025109773
6225.0,320.7663343365614,320.2389578404056,301.31533741575294
6226.0,320.5970235763178,320.15433844981465,299.94281271005053
6227.0,320.1552549578091,320.07010450991197,301.9933058499017
6228.0,320.120233241007,319.98529472318575,299.1606616125637
6229.0,319.8390987867604,319.9012804373829,300.0053399844336
6230.0,318.71332163782375,319.8170289377373,299.3097719599327
6231.0,319.56955338470874,319.7329727767785,299.0763864338403
6232.0,320.0079680964422,319.648982158255,302.39863742138044
6233.0,320.1537413824242,319.5640585409126,300.7721607844503
6234.0,319.2072925495357,319.4795916924256,301.32847005867694
6235.0,319.185808603871,319.39496861375073,299.07104507548127
6236.0,319.1796913928237,319.3109794952587,299.7320037888101
6237.0,319.40334691768146,319.22680475752804,299.09346920555885
6238.0,319.6504390435531,319.1428093415928,300.47791609993254
6239.0,319.8410136256064,319.0584251268214,300.44009304077036
6240.0,319.5382040367783,318.97405153402576,298.9010356964249
6241.0,319.52739787653684,318.89011015983436,300.7414330181494
6242.0,318.961031726202,318.8056519407285,300.19273617279663
6243.0,318.38969867393774,318.7213478139866,299.6044602426575
6244.0,318.44893280408434,318.6372088947351,300.3201562244112
6245.0,318.0642974398312,318.55286898419547,299.32758169080194
6246.0,318.88094970547303,318.4688078216706,301.26100062746514
6247.0,319.3815862804292,318.3842036906611,298.6654979208403
6248.0,318.3543184876412,318.3003284633283,300.6088822859677
6249.0,318.15495361860377,318.21590746888626,300.0199114302153
6250.0,318.2868110953515,318.131651877093,300.354925873587
6251.0,318.43142286647395,318.0473022020768,298.7459748299587
6252.0,318.12753137106,317.9634043741454,301.0003169189207
6253.0,317.9590866309206,317.8788734518107,300.1382866620571
6254.0,317.15521651321836,317.79458461630645,300.3688756118854
6255.0,317.76142845888194,317.71023102373874,299.37357129227456
6256.0,317.8431562632337,317.62615694580086,300.11034658411796
6257.0,317.1822054315792,317.5418759568018,301.76907937040784
6258.0,317.6501472250589,317.45712914034533,299.3165927840186
6259.0,316.95478256599256,317.37307106387175,298.8343436391881
6260.0,316.9411625687525,317.2891484190331,299.64931923123294
6261.0,316.99764113490113,317.20499690188234,299.4945796018759
6262.0,317.43721309660657,317.1208888407775,300.5355848224191
6263.0,316.91297635049204,317.0364884307065,300.62733606103154
6264.0,316.8221799017252,316.9520622538294,300.033800170571
6265.0,316.5402455416913,316.8678027616148,299.9358982402871
6266.0,317.0603409187586,316.7835707635257,297.5256260050659
6267.0,316.78702852971327,316.7000156502226,299.61253395277396
6268.0,316.87037409920487,316.6158744636042,299.9336676382825
6269.0,316.8251137605328,316.53164309194244,299.27982486249124
6270.0,316.6309334300719,316.4475953411269,299.7458501287521
6271.0,316.07815838616966,316.3634167148824,299.90201077478696
6272.0,317.0787527386069,316.2791942335231,299.9516958439136
6273.0,316.68675774889493,316.1949577989403,298.8723908290202
6274.0,316.5567654281484,316.11102446918244,300.66618126598803
6275.0,315.9124928728624,316.02658738327693,299.6266436060696
6276.0,316.16646246911336,315.9424422341976,300.3792950027611
6277.0,316.08437970149913,315.85808571551763,299.78603065879156
6278.0,315.32543043488465,315.773895805241,300.1521564971857
6279.0,315.6801495656195,315.68960307462464,300.6048111149198
6280.0,314.979895395559,315.6051832235033,301.971198177805
6281.0,315.1143530345731,315.5203796453483,301.1781401070242
6282.0,315.54619364126563,315.4357987843349,298.58313059557634
6283.0,314.9213111665676,315.3519466884926,299.1895907226767
6284.0,315.65537654385076,315.26792427843134,299.9657215655665
6285.0,315.13136060567774,315.18368390495834,300.1914885870895
6286.0,315.8259530838391,315.09938012858015,298.4306104471047
6287.0,315.5065821780364,315.01557086547956,299.83764285105576
6288.0,314.220544546256,314.9313664607789,300.68661728275345
6289.0,314.72889355467123,314.8469236357587,299.5330246116289
6290.0,314.6597496532123,314.76280477801356,301.11991043696077
6291.0,314.91293130088434,314.67824026983254,299.635877659528
6292.0,314.1191241317366,314.5940925275232,301.9445660260454
6293.0,314.38185306991403,314.5092964285642,298.3394008608384
6294.0,314.0442909934785,314.42551278015577,300.0494859553508
6295.0,314.09339965024674,314.34124888285,299.08775735228454
6296.0,314.2490174103089,314.25725507099355,300.19072964543216
6297.0,314.48472663020846,314.17295150775146,299.87520866903776
6298.0,314.21226822017167,314.08873655331695,300.11302139790945
6299.0,314.23015947164026,314.004454813141,299.44345436235983
6300.0,313.7103217137273,313.9203611097076,301.9097855505486
6301.0,313.5698173159242,313.8355747782654,298.23916172926806
6302.0,313.8945914680443,313.75181928034647,299.2162698134998
6303.0,313.94340809899137,313.66778937790724,299.38840918871443
6304.0,312.97330965220317,313.5837111329934,299.03179432035745
6305.0,313.8954469221577,313.4997330374218,300.7294262730059
6306.0,312.89449969845043,313.4152781902101,299.9124676842309
6307.0,313.1526784874977,313.3310527722021,299.24507613282526
6308.0,313.5527828741039,313.24701477998815,298.4674791580694
6309.0,312.7094395781723,313.1631951629246,301.2950714683933
6310.0,313.1484061622129,313.07858146368716,300.7502693457151
6311.0,313.1539612101543,312.99412076304594,299.9864279605942
6312.0,312.9523857031018,312.90987457452695,299.551062578895
6313.0,313.038592277831,312.82575065111945,298.97158623771134
6314.0,312.8114774188635,312.74178946398433,298.4181081571632
6315.0,313.0323854099507,312.65798371194353,299.08476135823963
6316.0,313.430864394858,312.5739907414621,300.32864615218347
6317.0,312.2633264803439,312.4896484466677,299.8443483213712
6318.0,311.9591865494241,312.4054421588474,299.5606257773837
6319.0,312.01370761664145,312.32131554977497,299.77012734927456
6320.0,312.2083799881922,312.23713010567775,298.5627422487328
6321.0,312.3620612502617,312.1532837355628,302.39467979698424
6322.0,311.82015661437043,312.0683612296532,300.5295533255534
6323.0,311.62894166326885,311.9839625134275,300.1372397570333
6324.0,311.97357144979935,311.8996739719291,299.2682906702273
6325.0,311.1707646443169,311.8156294602992,299.89468772615396
6326.0,311.66064431607333,311.73140903549614,301.25861316836114
6327.0,311.79849886471254,311.6468055749647,299.17830617582695
6328.0,311.88183181254993,311.5627863339803,299.5311559796809
6329.0,311.8080505126029,311.47866800100934,300.8746388965656
6330.0,311.70564624250517,311.3941723732526,301.1108449309581
6331.0,311.6754011741294,311.3096104109678,300.62279654905103
6332.0,311.7016438432218,311.22518550893693,300.22670934783906
6333.0,311.45687859284334,311.14087184139515,300.80012571310573
6334.0,311.2021368902644,311.056397139424,300.0465587675947
6335.0,310.3482368964861,310.9721340641701,300.77629797079584
6336.0,311.25126599662366,310.8876660538233,299.3801400001517
6337.0,310.73892511436145,310.8035901311732,301.57745375377857
6338.0,311.2907672649496,310.7188971295774,298.8127697450247
6339.0,311.328694688471,310.6349805434073,299.18874438400456
6340.0,310.93328530650626,310.5509583710262,299.7670976688567
6341.0,310.0306647725234,310.4667737777641,299.2114669402988
6342.0,310.369919382731,310.3827452241317,299.3367981859421
6343.0,310.4090640429887,310.29868147330785,300.090820927396
6344.0,309.9142100683585,310.2144059677641,301.6718701258697
6345.0,310.39392291062353,310.1296864509037,298.26445991641344
6346.0,310.20080357686874,310.04592384841055,297.65601631218874
6347.0,309.56558585409687,309.9623321171629,300.8960499545945
6348.0,309.6114530414878,309.8778304764673,299.2650193393953
6349.0,309.3583702880906,309.79378688353614,299.7077636805593
6350.0,309.45357159648137,309.7096189532358,299.36748748118436
6351.0,309.59743754626635,309.6255465838349,302.25013255944833
6352.0,309.6028970215282,309.5406646716077,300.1839405764471
6353.0,310.03562595550244,309.45636301496256,301.0352080390851
6354.0,308.90077193614485,309.3718222940382,298.9055372689061
6355.0,309.59319254948406,309.2878796556552,300.3585212750164
6356.0,309.17929732585554,309.20352897093045,299.31295806707664
6357.0,309.2702536462504,309.1194719152066,300.3495458919412
6358.0,308.70589755219805,309.0351237510686,300.22741167680886
6359.0,308.9633667913802,308.9508098862894,297.69330762957543
6360.0,309.2103656202367,308.8672076823968,299.96368279025967
6361.0,309.2485870415039,308.78296788147986,301.39455790070394
6362.0,308.2355645117752,308.698326243136,297.2347653285014
6363.0,309.21731559443094,308.6148528132063,299.28173664870974
6364.0,308.28530641390927,308.53080452549744,300.60553833588574
6365.0,308.34702061656634,308.44638447014813,298.59881452065736
6366.0,307.60884080182643,308.3625279697369,299.983395191052
6367.0,308.6362967070765,308.27828263292076,298.20323184253573
6368.0,304.65736689236576,308.19453722531165,301.12152313010154
6369.0,307.58426256914584,308.1099722642326,301.3048668013073
6370.0,308.1478139199977,308.02535581413923,299.20333874640204
6371.0,307.50224048626234,307.9413295431746,300.259982375094
6372.0,308.76901847283943,307.85700653145756,301.19697722425747
6373.0,308.12554443743386,307.77242038035376,299.8820819385363
6374.0,307.8787968056022,307.688203495676,299.616537419927
6375.0,307.347764414676,307.6040611847506,299.9282420329161
6376.0,307.0984379630392,307.5198313367797,299.8092382242944
6377.0,307.82980064921327,307.435634909045,300.08140251845333
6378.0,307.2027097627492,307.3513620485044,301.0800868288836
6379.0,307.54601355665693,307.26680872412,298.4199223428579
6380.0,307.4001653286171,307.1830024625954,300.3525480506646
6381.0,306.3799934962946,307.0986534553512,300.2923842955683
6382.0,307.3431613684625,307.0143213440948,298.65404424556544
6383.0,307.046353976253,306.9304493333359,301.09703827015926
6384.0,306.5736160560251,306.8458912484217,300.3048156417322
6385.0,306.73724382091945,306.76155564602897,300.87443388035757
6386.0,306.88381107017716,306.6770600758475,298.6092735155699
6387.0,307.12709057756854,306.5932006382019,300.3343400785237
6388.0,306.8299178119761,306.5088567443632,299.0584254521104
6389.0,306.65790051240214,306.42487116988207,300.3482197233041
6390.0,305.80582076249533,306.34052337817644,300.14129668164924
6391.0,305.7516894828478,306.25623369735837,299.18261077389076
6392.0,306.1806997958656,306.1722132474993,299.0440722059122
6393.0,306.0643537434878,306.0882317038882,298.7565879182759
6394.0,305.4517798367834,306.0043308954478,298.54754791220796
6395.0,305.80503214794476,305.9204887924092,299.7016266388671
6396.0,305.9443020515395,305.8363225855947,298.0759448731095
6397.0,306.0917273854071,305.75261292440956,299.9073801740604
6398.0,305.6422063589133,305.668388935144,301.1534024556463
6399.0,305.313179059872,305.5838150212877,300.03719728802884
6400.0,305.1670053554767,305.4995545750493,299.8408597622576
6401.0,305.56438772701335,305.4153492669327,299.37652466201314
6402.0,304.72019477740434,305.3312743595902,298.30581189168333
6403.0,305.5553912259216,305.2475001440839,299.5588134956859
6404.0,304.84003757811934,305.1633740439605,300.4516441880778
6405.0,305.3078681530759,305.0789972072177,300.16460381144134
6406.0,305.2024479048792,304.9947009809807,300.1018342118906
6407.0,305.06485440688516,304.9104223825395,300.7532832442841
6408.0,304.5978161734442,304.82596083549504,298.5227044534998
6409.0,305.49962779822727,304.7421257093277,299.2105289591772
6410.0,304.9735982016635,304.6580974191116,300.9298341164839
6411.0,304.2737734030909,304.5735862906973,300.77277818648787
6412.0,304.35654610995385,304.48911926882323,300.00604379993405
6413.0,304.4710312047253,304.40486757152274,300.3424373322999
6414.0,304.0249831880097,304.32052140370524,299.6668846582221
6415.0,305.0560490013761,304.236364953597,299.2258033350058
6416.0,304.16158216268394,304.1523323738271,298.7189647292515
6417.0,303.76524464743477,304.06844213123225,301.5855920652514
6418.0,304.57849226624796,303.9837468441273,301.1404751457196
6419.0,304.1834652451843,303.89917656069053,298.97923023433736
6420.0,304.05508646319566,303.81521322686643,299.4066299480977
6421.0,303.75209075273335,303.73112986495596,299.4092853421136
6422.0,303.83887088081866,303.6470457573224,300.04075603089905
6423.0,303.2085065534685,303.5627843116704,300.1433091681601
6424.0,303.3263183823209,303.47849406567906,297.860981125771
6425.0,304.2052526236488,303.39484477347946,300.2305439139963
6426.0,303.5047288766499,303.31053002906367,301.77238773863365
6427.0,302.7488944555467,303.2257822835071,299.80657675810227
6428.0,302.94894909023685,303.14158660320084,299.8755298956334
6429.0,303.57810538565695,303.05737155855513,299.146739569627
6430.0,302.52161738815397,302.97336118252605,298.57336217311513
6431.0,302.6905940849498,302.8895118299824,300.6359674652544
6432.0,302.66654319946485,302.8050832291192,301.3699123269137
6433.0,302.9257340819664,302.72044851207414,300.47453811587184
6434.0,302.4503993513333,302.63606524595326,299.2145845007722
6435.0,303.0236517187537,302.5520358168059,299.9240062041867
6436.0,303.14625427439984,302.4678071583969,301.18309278089896
6437.0,302.4430087477358,302.3832249065076,301.17400139495106
6438.0,301.5501229913619,302.29864520778256,299.4017331822115
6439.0,302.41145556993376,302.2145632210472,300.10090803302677
6440.0,302.3158227478493,302.1302848827079,299.6259649313004
6441.0,300.4835663858685,302.04613992422304,299.64166139477203
6442.0,302.24375406184896,301.96199055764805,299.7759454086432
6443.0,301.9352901070178,301.87780347964576,298.54225885250537
6444.0,302.04351841427786,301.79396286195134,299.25213549048163
6445.0,301.582341877296,301.7099228872344,300.14469107332457
6446.0,301.5444529916532,301.62563225315796,300.7371493069621
6447.0,301.75421426394854,301.541175237061,299.8861087363374
6448.0,301.2994344047217,301.4569572215242,301.7919196845082
6449.0,301.4353634962997,301.37220399074613,298.7572960346578
6450.0,294.5856326470638,301.28830298344303,299.82672900521317
6451.0,301.17607305622107,301.20410164371407,299.407063553325
6452.0,300.8549890888166,301.1200181600328,302.5019066725371
6453.0,301.50187099194017,301.0350655412424,300.4104675698897
6454.0,301.090136106803,300.9507002682665,300.4978724019536
6455.0,300.9396180385443,300.86631044910024,299.0921415466309
6456.0,300.2996763692415,300.78231540601587,299.3446561958046
6457.0,300.74641207618134,300.69824944840093,299.62523874581836
6458.0,300.8870989989678,300.6141046938531,300.50340418017504
6459.0,300.4648525165998,300.52971332117914,299.04428164983887
6460.0,301.01227715281607,300.4457317187492,299.0899210656471
6461.0,300.5532265461985,300.36173729924985,297.56062596457144
6462.0,300.07449172036246,300.2781723567915,300.11626243023284
6463.0,300.5196258654086,300.1938897064257,300.0686295707031
6464.0,299.6021847022146,300.10962043295456,299.42148865095754
6465.0,300.9172351812645,300.0255328982251,300.80119903861475
6466.0,299.9518056213627,299.9410578948284,300.22636553112187
6467.0,300.50112180558517,299.8567443238417,297.8809982316381
6468.0,300.1054672748463,299.7730894101717,299.2292922523638
6469.0,300.1093538885682,299.68905585059747,300.3938338423892
6470.0,299.95809051007745,299.60469524892676,299.7599663975321
6471.0,299.3927330659171,299.52051265836343,300.4662976090192
6472.0,299.5018500530238,299.43613170645153,301.30425726602516
6473.0,299.611943290141,299.351515427536,301.45223686136774
6474.0,299.1934964038179,299.26685759101747,299.6342807069209
6475.0,298.9118597107414,299.1827102971856,301.26026036731145
6476.0,299.1117220093165,299.09810637406576,301.2389377218972
6477.0,299.5025287074579,299.01350843905556,296.2688578483235
6478.0,299.36670796423766,298.9303062681431,301.9326863012288
6479.0,298.64305985451745,298.84551350540687,301.04692221733626
6480.0,298.7031817988805,298.76096949475084,300.23140083130403
6481.0,298.75177527838497,298.67665450968406,301.1672184374669
6482.0,297.92573725715744,298.59207671583954,299.5334403200101
6483.0,299.19065714909647,298.5079577413496,300.53927756796327
6484.0,298.49448092462563,298.42355629423264,299.79561405014715
6485.0,298.59156615837946,298.3393636926202,300.3006305164426
6486.0,298.55263300593566,298.2550292655502,299.8403013159419
6487.0,297.5165355668701,298.17082411426395,301.4360823249517
6488.0,298.371964271843,298.08617081447767,301.05542447003245
6489.0,298.04629757001715,298.0016244161057,300.7996228799684
6490.0,298.0695772648247,297.9171498553469,299.813935337279
6491.0,297.2374076674835,297.8329521085064,299.57942799681985
6492.0,297.4948910415314,297.7488202191439,299.58617638565727
6493.0,297.79403809045476,297.66468643460894,300.28607072779084
6494.0,297.7863992761249,297.5803560964129,299.5487424606635
6495.0,297.23400977698253,297.4962328245719,299.5623170439673
6496.0,294.5689383282339,297.41210574053537,300.8493150996785
6497.0,296.98401979467417,297.32761722454484,302.517414730462
6498.0,297.8772094149808,297.2426602505747,299.50502648536246
6499.0,291.75392750380684,297.1585492556368,297.8613130236623
6500.0,297.67449492919735,297.0748998702293,298.17924375780825
6501.0,297.05373505153557,296.991161199274,300.9262325476202
6502.0,297.0465333778161,296.90665108230024,301.2288515253612
6503.0,296.04117783817173,296.82205597983017,299.6181580922634
6504.0,296.66513055966954,296.737913213766,300.250948725456
6505.0,296.58635497212924,296.6535927389989,299.4823911136474
6506.0,297.4731399052311,296.56948810082775,300.9877565166701
6507.0,297.14170123854444,296.48496070587265,299.5642132601566
6508.0,296.4016847050349,296.4008330893155,301.18887109185005
6509.0,296.1765484705084,296.3162492146838,299.5407715253342
6510.0,296.07813867181363,296.23212818134715,299.9781675359684
6511.0,296.63682323197486,296.1478843126307,299.32356546261303
6512.0,295.8535462589213,296.0638242779966,299.15036929606555
6513.0,295.7223581545722,295.97981288261934,300.5978153990029
6514.0,295.98715056311653,295.8953949961281,301.52264643733326
6515.0,295.26766627252766,295.81071738625366,300.00714505633204
6516.0,295.89422789394405,295.72646537968365,299.51749963358293
6517.0,295.62306261841104,295.6423508818699,299.18164176844647
6518.0,296.0941735463438,295.5583307041399,301.17902886291006
6519.0,295.7736861199746,295.47374959353425,301.40397639556363
6520.0,294.77952142162206,295.38910531016313,299.3464803633743
6521.0,295.53962084995305,295.3050388402611,300.4377300090802
6522.0,295.08748055993357,295.22066591108353,301.3475670017942
6523.0,294.27708038625184,295.1360374693505,296.1804286070069
6524.0,295.23764842941335,295.0528601323167,298.9731600599296
6525.0,294.88871111555466,294.9688985031999,300.1777939123723
6526.0,294.7285213682162,294.88459857274285,300.78308125082793
6527.0,294.9237231796593,294.8001286574249,299.2870298409135
6528.0,294.95611759015816,294.71607888321125,299.2050376044036
6529.0,294.50814312395113,294.6320521351507,299.2018718504238
6530.0,293.98512144980555,294.54802627613935,300.51094449729516
6531.0,294.2307547076526,294.463632785893,298.37506101620966
6532.0,294.66639460274746,294.37983912292435,299.1390709404102
6533.0,294.44185033897895,294.2958309005019,300.3186998105555
6534.0,293.75929401002674,294.2114913989718,301.13572559103534
6535.0,294.59669431731044,294.1269224493683,303.10600117729996
6536.0,294.90794320142203,294.04180018070434,300.71054743864295
6537.0,294.2806545449624,293.95735063529867,299.4470761394035
6538.0,293.83649669938916,293.8732559147495,301.0019701084377
6539.0,293.66327287459,293.7887245281441,300.53978294149823
6540.0,293.51128258081656,293.70432293910136,301.11904834172236
6541.0,293.8031440731384,293.6197586730254,300.8334173758279
6542.0,293.34315719367464,293.53527462164567,300.4785173336928
6543.0,293.368961140192,293.4508902380278,301.2130528055953
6544.0,293.26949105415866,293.3662995723649,300.3605536766448
6545.0,293.202623638597,293.28194831687404,301.50769705002057
6546.0,292.7029160849961,293.19727490528584,301.7443648461425
6547.0,293.217105562167,293.11253502949154,299.5995214377175
6548.0,292.8019629250346,293.0283974972211,299.90536927834853
6549.0,293.06918494779273,292.9441740726821,302.97472793321555
6550.0,292.3001416547961,292.8590886699208,300.95487007351255
6551.0,292.4326076860132,292.7745705105752,300.3277731374652
6552.0,292.0327522611994,292.6902284609524,300.80696400096883
6553.0,291.74276541844074,292.6057518385621,298.6631342808806
6554.0,293.28677688186025,292.52187727501826,297.4540055289547
6555.0,292.81558656530217,292.43834227513224,302.386143283942
6556.0,292.82331875407414,292.35342216656,299.89357786229374
6557.0,292.27499919544834,292.2692020534437,299.6954702550436
6558.0,292.0333442203732,292.185037575547,300.16525731878284
6559.0,292.0648694460645,292.10074116578335,300.1836625505562
6560.0,292.0170922597603,292.01643958721706,301.4909126552194
6561.0,292.01171961261446,291.93177088924637,300.5841245559658
6562.0,291.21373102320956,291.8473568476002,299.9452951656037
6563.0,291.3543446978444,291.7631222105412,299.26631035437947
6564.0,292.0641675756573,291.67907825505006,300.8618859852034
6565.0,290.7984767846251,291.59458620873585,299.67386601468155
6566.0,290.8412213403397,291.5104277980301,300.12240901473893
6567.0,291.12228582324974,291.42614342149847,299.9336788197273
6568.0,291.18640246957665,291.34191204669656,299.75507015639397
6569.0,290.81406228034655,291.257730831161,302.07396993143567
6570.0,291.26806959909413,291.17289839127193,300.5267607930211
6571.0,291.0982110289674,291.08850045928256,298.7923612715239
6572.0,291.32724052574974,291.00458960449214,299.9774822272573
6573.0,290.71815303847285,290.9203459282333,299.0466224257929
6574.0,291.11665277069346,290.8363636684354,298.9959220667383
6575.0,290.6544646811589,290.75239564698836,300.2022784433328
6576.0,290.4922723142554,290.66808884045884,300.3683878780245
6577.0,290.754604205521,290.5837353848631,298.0743043189383
6578.0,290.3280347956954,290.5000261844002,300.77837638417475
6579.0,290.2578210435309,290.41555759036567,299.6693802411487
6580.0,290.154674955578,290.33140043941455,300.4159648182036
6581.0,290.20465141149714,290.2470336226281,300.86332826397546
6582.0,289.9381312625011,290.16254117127403,300.9536302665631
6583.0,289.76862327247073,290.07802336010747,300.59575774942596
6584.0,289.56083748550026,289.99360605147285,299.7138307185967
6585.0,289.5099700986983,289.909436417346,301.5268406101569
6586.0,290.297059143741,289.82475762960803,298.7910461250422
6587.0,289.07650621306976,289.7408471441546,302.3488931741481
6588.0,289.5196201759124,289.6559374966548,299.53345455904724
6589.0,289.63590653504616,289.57181851816614,301.18109597214425
6590.0,289.223094048665,289.4872368270473,301.1233153048048
6591.0,290.18426270491676,289.40267136266584,300.74694498742355
6592.0,289.7631840219184,289.31821159561525,299.3743366488323
6593.0,289.22517775661106,289.23413730273967,301.22444575846833
6594.0,288.69350990379337,289.14954343755585,300.12865851115555
6595.0,288.8536218292893,289.0652573059573,300.8297892820899
6596.0,288.2458149991919,288.98077427346726,297.9940293533927
6597.0,288.5534619346265,288.89708761689053,299.1843046158882
6598.0,288.89621532982085,288.8130666913442,299.44334628784725
6599.0,288.6136482780651,288.72897301826174,300.01642524593854
6600.0,289.7019803690235,288.64471840550516,298.315416604371
6601.0,289.06918255224997,288.5609414926754,298.2150887826259
6602.0,288.4700983707374,288.4771927552423,299.80427975962857
6603.0,288.120492806645,288.3929977200098,300.4544698445037
6604.0,288.74282707454694,288.3086200897285,298.3940289866758
6605.0,288.8730937855409,288.22482109992137,301.11689288448605
6606.0,287.8495002191933,288.14025743916966,300.77656476179095
6607.0,288.3485495849008,288.05578935389906,299.4869176892829
6608.0,288.24627545726867,287.97168344451467,300.9063080284284
6609.0,287.93519200494467,287.88717892301,298.94425998980006
6610.0,287.2928274912645,287.80322540999623,298.67751118604264
6611.0,286.7041784234513,287.71934680893816,300.6545433345803
6612.0,287.07602832263996,287.6349129913517,298.7689315203142
6613.0,287.55426266303544,287.5510087164164,298.888628414739
6614.0,287.81657547033853,287.4670708266033,301.01528023847203
6615.0,286.97019619417466,287.3825357020696,299.1898294269974
6616.0,287.20301281172704,287.2985132249722,299.586913426258
6617.0,287.16307089809663,287.21437923345167,299.42677742065734
6618.0,287.4649617202775,287.1302902134594,296.5036571961976
6619.0,286.78336334396363,287.04702210306345,300.3374947755893
6620.0,287.4384235142945,286.9626773232807,300.03435153900824
6621.0,286.4939346767207,286.8784176762234,300.1586795950663
6622.0,286.7947175044237,286.79412311370385,301.1781894588702
6623.0,286.9658136138518,286.70954223883086,301.4728191439314
6624.0,286.3900756559104,286.62487862212123,299.5953385241509
6625.0,286.6715327652577,286.54074226455236,300.27135869328924
6626.0,285.7782836523545,286.45641605798596,298.71253461296453
6627.0,286.5002712855446,286.3725276211822,300.912412307182
6628.0,286.5062077752851,286.2880213853926,298.53485976244906
6629.0,286.59985257847916,286.20418284560935,299.86973741815285
6630.0,285.83562432536525,286.1199694276844,299.10540541475535
6631.0,285.38002042123395,286.03597065966375,298.5784289331937
6632.0,286.25708014414397,285.952119884205,299.2273692222615
6633.0,286.0260970443805,285.86808686468174,298.943579364042
6634.0,285.4718575483918,285.7841335428103,302.4587721305454
6635.0,285.39837449177855,285.699193037637,300.205474644697
6636.0,286.3640954085029,285.61488533350763,298.45572403220797
6637.0,286.39079712612556,285.53106901767524,299.2034871000526
6638.0,285.5651137051769,285.44704270504803,300.2610432827427
6639.0,285.3904741536372,285.3627193953928,299.2064169214382
6640.0,285.4113332047719,285.27869225997404,300.1472345097376
6641.0,285.0487564661655,285.19440091161584,299.47020092628736
6642.0,284.9822170781336,285.1102996968557,299.7229419773738
6643.0,285.1399420529274,285.02612750398373,298.98641181697263
6644.0,285.0007502859853,284.94216215333176,299.16513773433536
6645.0,284.4674566049369,284.8581466104847,300.9231378254042
6646.0,285.05653344584755,284.77363736261213,298.9458520147732
6647.0,284.4911108816071,284.6896834025046,300.7562625736987
6648.0,284.82815393169716,284.6052210187652,298.9158059104738
6649.0,284.8359767694505,284.5212754966053,299.1850036385703
6650.0,284.5358639592992,284.43725437475007,299.9291103411073
6651.0,283.43839112126716,284.3530242829293,300.582604699531
6652.0,284.75963701468265,284.26861066810955,302.40706025712416
6653.0,284.0568854146019,284.183684685354,301.18328284864896
6654.0,283.5957849869142,284.0991023800873,299.9289714569349
6655.0,284.10457761457303,284.0148723272698,297.5127383672255
6656.0,283.2390810107822,283.931320833245,301.1722877982672
6657.0,283.8646794058982,283.84674161575504,300.50682376524026
6658.0,283.7376810945885,283.7623492827476,300.0558847866768
6659.0,283.5309122539365,283.6780835884367,300.4628899428878
6660.0,283.32053840570245,283.593703593511,299.4332912200964
6661.0,283.25231269218824,283.50961274422673,297.34492841439913
6662.0,284.44060119021094,283.42610837683037,301.083999492898
6663.0,283.2098762176056,283.3415539536394,299.91962114458653
6664.0,283.0795174737426,283.2573265267013,300.4502955737236
6665.0,283.4293240983193,283.1729500686944,300.37578381888204
6666.0,282.93172247946995,283.0885945360719,299.1551771458366
6667.0,282.84149024136667,283.0045817904901,301.04239896110994
6668.0,282.76556526376737,282.9200390501152,298.5211683069924
6669.0,282.64024712749193,282.83620435534897,298.4820524065771
6670.0,282.4317451597827,282.75238064563143,299.613784745461
6671.0,282.69507965732794,282.6682391077488,300.8043863616604
6672.0,283.4817424429325,282.58376320924555,301.20086269026154
6673.0,282.2226221432429,282.4991759669733,299.42616659157994
6674.0,282.3330411404375,282.41508711852225,299.9915888830045
6675.0,282.5191441462572,282.3308394806443,299.8865366860777
6676.0,281.9083933249144,282.24662134492496,299.9835754342017
6677.0,282.2978361472953,282.16237595749044,300.22737232210324
6678.0,282.1276084306106,282.0780621037634,298.6214362158889
6679.0,281.8685259801862,281.99419925042605,299.76949822619974
6680.0,281.47885076633185,281.9100139830075,300.5108795246508
6681.0,281.4043969855074,281.8256205110077,300.4334730636674
6682.0,281.13435535694975,281.7412487773223,300.2563777763547
6683.0,282.09389399154713,281.6569267778968,301.38878937633996
6684.0,280.91153746191003,281.57228675954696,300.401214084608
6685.0,281.61933514785966,281.4879240852582,300.9271634283223
6686.0,281.81044970068865,281.40341370686207,300.2693386702191
6687.0,281.33183751610005,281.31908806758554,300.3717061209837
6688.0,281.4577420518122,281.2347336801165,299.84645365310706
6689.0,281.3084677922201,281.15052680104895,299.2244568747684
6690.0,281.29155534391685,281.06649459941,299.5446700596826
6691.0,281.2601928055593,280.98237247123484,299.963203932127
6692.0,281.4817090806525,280.89813280479734,299.8649085342136
6693.0,280.76351050070315,280.81392074298395,299.3468347127863
6694.0,280.4456317470599,280.72985417356875,300.784365947097
6695.0,280.81489475286304,280.64538389746525,300.0525679846115
6696.0,280.6717959052666,280.5611191346229,300.4893005041072
6697.0,280.5190222601213,280.47673172273136,300.01338577675483
6698.0,281.0343692293492,280.39247796355903,299.28365072152866
6699.0,280.4785103913069,280.3084291383148,300.0607954752891
6700.0,280.0076200706044,280.2241620649188,300.4611312305007
6701.0,279.90838373512327,280.1397825638983,300.7252942025197
6702.0,279.7352848120166,280.0553288771097,301.8042972384045
6703.0,280.22751928942256,279.9705721703019,299.9274639249111
6704.0,279.3692756464421,279.8863425408497,299.84599503783136
6705.0,279.46376088241107,279.8021357905766,301.4748259924039
6706.0,279.67663764078526,279.7174716102771,300.3059389347652
6707.0,280.0077299320776,279.6331356924262,299.21421462760236
6708.0,279.7108485222626,279.54910636715164,302.2430614628433
6709.0,279.71822291803204,279.46422644072413,302.0486578314505
6710.0,279.44069209584626,279.3794011093165,299.39379738973423
6711.0,279.1001392271731,279.2953213512162,301.95181187952704
6712.0,279.50606093781795,279.21052321738006,301.35493567883725
6713.0,278.47832201817897,279.12589270627694,300.7842006121337
6714.0,279.4295766429767,279.041422476605,299.7067237210722
6715.0,278.7462409729046,278.95725483836003,300.3728275581925
6716.0,279.0118621667878,278.87290013595407,301.82109070677814
6717.0,278.9817495276465,278.78813871298064,298.16958663243247
6718.0,278.4503714921553,278.70440275406804,300.608439033323
6719.0,278.40565283304727,278.6199818841061,298.7540193719815
6720.0,278.55800555501685,278.53608179699916,301.46617562163937
6721.0,278.53331367472146,278.45142004601206,300.79064831729005
6722.0,277.9982919427332,278.36694800560963,300.3084656035678
6723.0,277.7656379507192,278.282611378186,298.4420222747466
6724.0,277.76705845032575,278.19879891026386,297.9495975944569
6725.0,278.11193958722123,278.1151247316061,299.01713874706184
6726.0,278.10855784475655,278.031150751808,303.6620117390045
6727.0,278.64202125144845,277.9458723368446,298.60407255430937
6728.0,278.1354455918806,277.8620143598023,297.94349752928423
6729.0,277.27447046680385,277.7783418942462,298.71611314786185
6730.0,278.15083120880917,277.6944524524705,300.7872542842562
6731.0,277.50141784567745,277.6099813652256,299.55895610532247
6732.0,277.22782295103707,277.52585522505274,301.7363063994659
6733.0,277.65679119059746,277.44111761233887,299.51420962529335
6734.0,277.3104279314353,277.3570040384691,299.96040083661796
6735.0,277.1462638942606,277.27276515923415,299.8500401107092
6736.0,277.3201900705936,277.1885572729698,300.2491356663365
6737.0,276.32862104377097,277.1042373073701,301.7860538371145
6738.0,277.0531657348951,277.0194857239175,299.58110995257107
6739.0,276.61633716067377,276.9353533622058,299.97707349701454
6740.0,277.3854727921582,276.85110980073205,301.35650349609284
6741.0,276.8701962204402,276.76647884933357,300.78438290966534
6742.0,277.10414244138957,276.6820085684664,299.38669148549315
6743.0,276.47834690816626,276.5979308059409,299.6305127053234
6744.0,276.6009644061098,276.5137845702895,299.3262909664752
6745.0,276.84794476229996,276.4297237702431,299.89771282832584
6746.0,276.45390390844443,276.3455024958904,299.40150871238035
6747.0,276.80277150838236,276.26142057219374,299.85798894957196
6748.0,275.9858627610193,276.1772104536303,300.8097895946718
6749.0,275.7544398556056,276.0927330377192,299.61412635790094
6750.0,276.12879793715,276.00859140390037,298.8037329316272
6751.0,275.8169416779726,275.92467735556875,299.1819042671832
6752.0,275.29102702138454,275.8406571041204,298.56389272942647
6753.0,275.8268642531775,275.7568104109122,299.791813711881
6754.0,275.5541975288069,275.6726188765614,299.729400554127
6755.0,276.0123242823827,275.5884448699058,300.2211353478462
6756.0,275.97573384533274,275.50413276772895,299.1057731030563
6757.0,275.2222997733014,275.4201338964491,299.6592321232614
6758.0,275.30527850824006,275.3359795954279,302.13651876741375
6759.0,275.2053908874005,275.2511295897407,299.97725951687653
6760.0,275.52319981431725,275.1668859760264,301.21727812046083
6761.0,275.3497276541521,275.08229412375425,299.7813508523464
6762.0,274.81332198065365,274.9981055277232,299.5522076939786
6763.0,275.3741760837873,274.9139812827292,299.5198253820642
6764.0,274.90134631141393,274.82986613176774,300.1534379519562
6765.0,274.6862493414535,274.7455730412762,300.51032285594533
6766.0,274.49596456372444,274.66117972560744,301.0078702557535
6767.0,274.1112806300865,274.576646682044,299.92350532813487
6768.0,274.15660567783357,274.49241816429765,300.17049097798065
6769.0,273.9044392352835,274.40812028474807,300.10751206683466
6770.0,273.7170461181642,274.32384009177593,301.8503550073518
6771.0,274.05143824353473,274.2390704504113,299.1825536772266
6772.0,273.8836903972167,274.155050016587,297.7298386456031
6773.0,274.34387628815557,274.07143755356736,300.9564929035148
6774.0,273.95008547303627,273.986918938477,299.33308807529124
6775.0,274.64657873915485,273.90285622957583,299.59100133800814
6776.0,274.0304519080176,273.8187210900335,300.05804289155344
6777.0,274.51244206439026,273.73445478965476,300.24238088032683
6778.0,273.867116932019,273.6501367210242,300.0864178466379
6779.0,273.9144899414833,273.56586245201225,301.0164355034393
6780.0,272.7056973033743,273.4813270030417,301.29012491607426
6781.0,273.6770259461556,273.3967146929611,300.10556558353625
6782.0,273.24005127273585,273.31243504662643,300.36254612114226
6783.0,273.1847565661724,273.2280832315907,301.44959728964386
6784.0,272.86598250343366,273.1434261363519,299.2708317818023
6785.0,272.67420595637816,273.05938091109317,299.50698253851135
6786.0,272.51960499350525,272.9752693668303,299.3935050998229
6787.0,273.54962873181256,272.8911896908147,298.03178434192625
6788.0,272.55246382204353,272.8074924313787,299.86870818024187
6789.0,273.50240386883144,272.7232793024981,300.5375357269543
6790.0,272.5145559558216,272.63887834454806,301.2133269893622
6791.0,272.9638630408489,272.5542876018852,299.52775277456374
6792.0,272.9325036028298,272.4701702246477,299.7986274228486
6793.0,272.9430362536644,272.3859767767798,299.3883672883274
6794.0,272.78551684993323,272.301898543633,299.1384260036087
6795.0,272.12712986443535,272.2178905023303,299.38028586225835
6796.0,272.35550320935926,272.1338145387174,299.66404884616185
6797.0,271.9960989441125,272.0496588849997,299.9289969665284
6798.0,272.8761711074828,271.9654288250183,301.5980966528298
6799.0,271.78868263857174,271.88073002620825,299.86859802785125
6800.0,271.8813722103364,271.7965169282621,301.1918769209588
6801.0,271.6325601792228,271.7119322094935,299.84903851641326
6802.0,271.35347599824513,271.62772460451015,298.7598358548296
6803.0,271.6996493085672,271.54382288394095,298.7084565930409
6804.0,271.3432394723614,271.45993559238104,299.75970738950326
6805.0,271.539682169739,271.37575307455586,298.72371731467973
6806.0,271.0998926109573,271.2918614972766,299.03809765837264
6807.0,271.4925655284171,271.2078816315176,299.6465696613398
6808.0,270.6673179378812,271.1237308865377,300.68749132444555
6809.0,270.8597494397321,271.0392878160574,300.98810115288825
6810.0,271.01929188544494,270.95476032431696,300.5018477505194
6811.0,271.06286103555556,270.8703693887403,300.84238738394725
6812.0,270.38465373280263,270.7858828182833,300.433237199895
6813.0,270.53913369369656,270.7015111508364,299.90710052572695
6814.0,270.55147474644417,270.6172872401054,301.23658163453706
6815.0,270.2025381203295,270.532689966763,300.2709871873318
6816.0,271.0097633353818,270.4483638645279,299.1743157700984
6817.0,270.15923559345555,270.3643457441825,300.6417342482991
6818.0,270.4969248906622,270.2799155238144,299.5927287744241
6819.0,270.2814182966673,270.19577989915024,299.54780012570654
6820.0,269.8613153047183,270.1116568919482,298.4626827643093
6821.0,270.64204599132904,270.02783862187187,299.44980979451645
6822.0,269.50233384996176,269.94374313362124,298.7765906634424
6823.0,270.1498489773003,269.8598367077433,301.40153613490986
6824.0,269.84567722493324,269.7751931096787,299.44332413636937
6825.0,269.7935844108184,269.69109944281706,299.8856639578333
6826.0,269.58812357511414,269.6068815521889,298.84786153054495
6827.0,269.57450928247476,269.5229551110757,299.68077026850176
6828.0,269.193330912982,269.4387947614253,299.62518218572046
6829.0,269.2932589912777,269.35465002276146,298.7253809736556
6830.0,269.2901647449601,269.2707579782714,300.33748673068226
6831.0,268.69598508982307,269.1864132007478,299.210378542509
6832.0,269.5024307300447,269.1023849527738,298.94530509164787
6833.0,268.71441493484946,269.0184311462605,300.0574056938492
6834.0,268.98610954319145,268.93416502482813,300.15454838525886
6835.0,268.35271717784144,268.8498716224899,301.08725581129437
6836.0,268.3790850565405,268.76531628481627,299.0971979382099
6837.0,268.47485018677986,268.6813198217286,301.0537117990929
6838.0,269.13813881796005,268.5967739043317,300.56975589288726
6839.0,268.8051520424126,268.5123638978851,299.2963625473228
6840.0,268.18415608474936,268.4283115027364,298.97687479519305
6841.0,268.6238734667153,268.3443488303981,300.06683791849804
6842.0,268.27843885953257,268.2600800600826,299.7673616480221
6843.0,268.7608311945878,268.17589539268647,299.38146595910035
6844.0,268.0369615185078,268.09181909766295,300.26089749285984
6845.0,268.1183140677572,268.00749582895037,301.207283683293
6846.0,267.91083569750924,267.9229067834493,300.94732208899455
6847.0,268.23611052479004,267.83839074382934,298.92520994676437
6848.0,268.02905009849064,267.75444258070263,299.5525925176071
6849.0,266.7615087409025,267.67031822763727,300.74729446577066
6850.0,267.40354570818215,267.58585836244146,300.7790194583248
6851.0,267.552864940429,267.50138958781025,299.74146734034355
6852.0,267.93883303002866,267.4172121923989,299.6395743365481
6853.0,266.8434025406949,267.3330634119394,299.92310902981853
6854.0,266.8522000017946,267.24883500548685,300.31936406050437
6855.0,267.33499249922227,267.1644953174132,299.3757287925741
6856.0,266.9766647971465,267.08042063357726,300.69282783374047
6857.0,266.8874306716568,266.9959760644273,299.2474293528472
6858.0,267.8850637719461,266.91193741135066,299.9132869827723
6859.0,267.3457184568933,266.8277117632564,298.96072409751986
6860.0,266.5764512494993,266.74375362657236,299.96493916185483
6861.0,267.1516622210447,266.6595134728244,300.1258948295095
6862.0,266.35923349896416,266.5752281173598,301.2134478668816
6863.0,267.2678072938919,266.49063734075054,299.2374786818135
6864.0,266.9800083740368,266.4066014821541,299.21815426640677
6865.0,266.34730720464574,266.3225710504976,300.8503121060024
6866.0,265.84436211396826,266.23808225451455,298.79409876440553
6867.0,266.3213421417272,266.1541709117782,300.72481088460455
6868.0,265.9300494722355,266.0697173607215,301.10974713113984
6869.0,266.19983290621974,265.98515570673544,298.83463432322867
6870.0,265.99630267472065,265.901232980263,301.03673132085027
6871.0,265.98476173936405,265.81669183155043,301.5023454234318
6872.0,265.9663239954629,265.7320199228774,298.8490121358201
6873.0,265.68080261281483,265.64809315863585,300.5731366986903
6874.0,265.40121858187973,265.56368220274635,299.07386170223526
6875.0,264.8943002962231,265.4796922932516,299.335987798038
6876.0,266.39090707163564,265.3956287700117,299.4932791913933
6877.0,265.47466941442724,265.3115210741054,301.51450946100005
6878.0,264.6407069103124,265.2268457493651,300.31104835626525
6879.0,265.622708226517,265.14250839661844,300.1363280616202
6880.0,265.08086324763025,265.05822011115447,300.01006254292633
6881.0,265.39296160602504,264.973967285257,299.09602779476876
6882.0,265.4113323624368,264.8899711507846,300.42505326120323
6883.0,264.91656999273323,264.80560178166047,300.4879297670347
6884.0,264.5281625133706,264.7212147547176,299.1067930108665
6885.0,264.44755437567966,264.63721559701366,299.7806107796998
6886.0,264.921092925135,264.5530272088197,300.9034269307772
6887.0,264.86438241529686,264.4685234964233,300.8202775910879
6888.0,264.61129285509554,264.38404313513314,299.308341579813
6889.0,263.8747822169209,264.2999873758729,301.4695334072574
6890.0,263.81362103928694,264.21532468190765,298.9410701180037
6891.0,264.0070768737468,264.1313720647162,299.70826143412654
6892.0,264.6798952938766,264.04720399463014,300.7636194889904
6893.0,263.59945816524765,263.96273954482365,299.23632107911885
6894.0,263.813063080787,263.8787040113206,299.711426716594
6895.0,264.1322768091654,263.79453505231777,298.4100270704644
6896.0,263.1187051952206,263.71073156971545,300.4145345928994
6897.0,263.91841023743206,263.626365154584,301.26751083395794
6898.0,264.0442659856163,263.54175919529143,299.53328351617483
6899.0,262.648916226678,263.4576402648373,299.1336812710573
6900.0,263.5130620958515,263.3736335560137,298.22816179566087
6901.0,262.93989200036754,263.28988114724274,301.16624223901925
6902.0,263.6187942403605,263.2053036275473,299.6493840936514
6903.0,263.13679752905716,263.121152092181,299.177845352608
6904.0,263.3745526419209,263.03713298061115,300.29225950112016
6905.0,267.2735081911087,262.9528009044013,299.12846666206946
6906.0,262.75711487015684,262.8687956600137,301.66511355140756
6907.0,261.8677875243473,262.78407804062465,299.2514163699649
6908.0,262.53825474210134,262.7000382678607,299.284152099559
6909.0,262.18116263110903,262.61598930181276,299.35227116784404
6910.0,262.7074262360453,262.5319212056598,297.7061816619475
6911.0,262.4712180944842,262.44831538630973,299.81395000537304
6912.0,263.08247777283833,262.3641176353499,299.9716391408876
6913.0,262.13546937930994,262.2798756000245,299.9986922229443
6914.0,261.75062452582955,262.1956259672919,300.20214479034786
6915.0,261.6240086861239,262.1113191982966,300.27346443595644
6916.0,262.3228691132386,262.02699240036753,299.88355214523295
6917.0,261.448076450315,261.94277510280676,300.65411249175907
6918.0,261.6228991821116,261.85834140621535,300.095399946558
6919.0,262.08382991918046,261.7740646147304,298.6966124496547
6920.0,261.2978117931311,261.6901806494007,301.35778690271013
6921.0,261.59395125364045,261.60554933757885,300.2711542468339
6922.0,261.5434248502696,261.5212231884279,300.3830804938386
6923.0,261.85680028937117,261.4368656066559,299.4221785217523
6924.0,261.0703802722922,261.3527778781877,298.8107220105965
6925.0,261.2049251413027,261.26886186708975,300.5995236451384
6926.0,261.0904710702835,261.18444350086605,299.1887056986785
6927.0,261.7139857539562,261.10042133934905,301.0570902173888
6928.0,260.92092498365,261.0158744731796,297.6747158269598
6929.0,261.089427316517,260.9322774904849,300.76592960613596
6930.0,260.5311615316178,260.8478123919205,300.7571449576941
6931.0,260.9455845979737,260.7633497603782,300.3314293509011
6932.0,260.6177957217158,260.67900668396885,299.7974425561068
6933.0,260.73115441887626,260.594813568851,298.91126811635985
6934.0,260.36460154273243,260.510869321055,298.4984447220346
6935.0,261.01979629994537,260.42704100782896,300.9696395648812
6936.0,260.3199285120346,260.3425187007178,299.3007033424495
6937.0,260.203079612598,260.2584650865291,298.4619232430613
6938.0,260.0140528939159,260.17464702975167,300.5994601879222
6939.0,260.12284496950883,260.0902286813489,299.34528601153295
6940.0,260.34520836841995,260.00616254686065,297.38676131511943
6941.0,259.9299492093944,259.92264643139134,301.1972628252188
6942.0,260.21234923997986,259.83806020008126,301.27392403675384
6943.0,259.3011939206657,259.7534524397476,300.36401282600724
6944.0,259.3535027455127,259.6691002128123,299.23826862908317
6945.0,260.3485391864786,259.5850641323723,298.4559855262104
6946.0,259.3316940303722,259.5012477431037,299.36767594627224
6947.0,259.9922324163406,259.4171753207754,300.83698489146246
6948.0,258.99195566066714,259.3326902675184,301.9467192396152
6949.0,259.637640589909,259.2478935638653,301.2838928770754
6950.0,258.93679603213127,259.163283003949,299.8662066784383
6951.0,259.499518182935,259.0790705775735,300.2577818008648
6952.0,258.9913925561912,258.9947481838511,300.7737851779046
6953.0,259.32833107055336,258.9102808791803,298.31409358302557
6954.0,258.7081988978427,258.82650433789905,299.5878895493155
6955.0,258.81608209702404,258.7423700722506,301.29720611882664
6956.0,258.1358034959102,258.65775577353224,299.0464035385652
6957.0,259.1857109579101,258.5737735752051,302.5653888635455
6958.0,258.76090001107156,258.4888031284993,300.67430298453144
6959.0,258.541386422938,258.40436376174443,301.22245813484733
6960.0,257.95866766821536,258.3197704547516,299.9894016683213
6961.0,258.0417479060315,258.23552343111646,299.9928210259412
6962.0,258.44420564434336,258.1512754472117,299.9232128333823
6963.0,258.23807452987427,258.06704701160754,299.42748091598935
6964.0,258.2432633691291,257.9829577940503,300.7323546513184
6965.0,257.79781361871795,257.8985021244525,300.0742755615257
6966.0,257.96821713940284,257.814231265399,300.9521570595842
6967.0,257.72517299497866,257.7297138679581,298.47454051177436
6968.0,257.7864267487411,257.645892267831,298.7855954955615
6969.0,258.00308809150044,257.561983313096,298.47827669500015
6970.0,258.04117068757114,257.47816066372417,300.4525798835637
6971.0,257.6656723833331,257.3937835642069,298.7714122442348
6972.0,256.8143549375122,257.30987859260165,299.2114882289032
6973.0,257.16094863197617,257.22585003299065,299.657771197939
6974.0,256.6755704974187,257.1416961422459,299.2880486173913
6975.0,256.5432844909249,257.05764608192584,301.2623072319069
6976.0,256.76446719652864,256.9730415839782,298.85897252571016
6977.0,256.90736612481834,256.88911202252723,299.7253724495508
6978.0,256.4804648358017,256.8049391470977,301.21158770996595
6979.0,256.5388816171642,256.7203488928825,300.0066474020638
6980.0,256.6006569852945,256.6360970260704,301.3741124390509
6981.0,256.8573619900799,256.55146112949376,299.87145799974513
6982.0,255.67393576620054,256.46724722837223,300.72734436527725
6983.0,256.12081094383774,256.3827929658296,300.49950871023776
6984.0,255.25321433440007,256.2984026871335,299.24022545114974
6985.0,256.7574223075476,256.21436605715263,299.5222177374604
6986.0,255.96506571210898,256.130250234338,297.9861215345331
6987.0,255.61319546419747,256.0465657985404,300.13115956133373
6988.0,256.84683756693386,255.9622789645636,300.316603932924
6989.0,256.08489637150944,255.87794005162576,301.2335232570428
6990.0,256.9045973703722,255.79334363717774,298.9080067228125
6991.0,255.0424866563937,255.7094003052898,300.6404487508918
6992.0,256.16277083929543,255.62497044593223,300.3287268980749
6993.0,255.68478239160976,255.5406281284617,300.0038617301561
6994.0,255.68904785219212,255.45637704395912,299.89794428474585
6995.0,255.44863082371384,255.37215570460583,300.7243794830709
6996.0,254.64101848921945,255.28770227470105,300.2935791846272
6997.0,255.52762721115786,255.20336982788,299.60754369547544
6998.0,254.92547096311577,255.1192300426922,300.51563352849183
6999.0,254.99830340525182,255.0348352356096,298.8850221727118
7000.0,254.41442867371657,254.9508983585494,300.6167837892556
7001.0,254.9997872808974,254.8664751451019,298.2523923118633
7002.0,254.39793721188516,254.7827159315943,299.3872743060131
7003.0,252.63047501744694,254.69863800539335,299.71399428536165
7004.0,254.83893703321115,254.61446832533153,300.8190503618151
7005.0,254.2735415116637,254.52998830868827,298.7196143698774
7006.0,254.49700131006193,254.44609788365273,300.04585976466234
7007.0,254.59330761990807,254.36183500470213,300.2035328600399
7008.0,254.85201266226744,254.27752784589063,300.56851453284486
7009.0,253.8852279134274,254.19311818805932,299.7120499126656
7010.0,253.88533084947366,254.10894905404217,300.22627012931895
7011.0,254.4574748290813,254.02463550984754,300.9416955189611
7012.0,253.6384765390404,253.94012105035597,299.9961058483764
7013.0,253.93813544231935,253.85587214396355,300.5084860897378
7014.0,253.1507755460398,253.77147934412,300.0164900315315
7015.0,253.53228279066425,253.68722471316946,299.4033656670041
7016.0,252.79367187687643,253.60314226797797,301.1231535400767
7017.0,253.57914970954462,253.51857684902544,301.279574938269
7018.0,253.46356736152757,253.43396750173025,301.336336145734
7019.0,252.97575414709226,253.34934221399598,300.0382561592148
7020.0,251.9982971946871,253.2650814703913,298.5239264168005
7021.0,253.56438968636928,253.18124600105588,300.1080805537703
7022.0,252.8271989457217,253.09696564843372,299.15337032568425
7023.0,252.5376775272647,253.01295341026724,298.74903700555416
7024.0,252.96799437771378,252.92905472237484,301.6735772364832
7025.0,252.98616659664773,252.84433472610093,300.8090418597231
7026.0,252.98551930906604,252.75985752017863,300.3312984397951
7027.0,252.17776526742387,252.67551448053345,301.26020035110855
7028.0,253.3202899559947,252.59091057426818,300.0563516487956
7029.0,253.07470679955063,252.50664474884684,298.4821674483799
7030.0,252.64766602673615,252.42282100682172,299.9619370639752
7031.0,252.39890212513268,252.33858169616292,300.1814740550144
7032.0,251.70489085577196,252.25428073219913,300.30101967215006
7033.0,252.4136389358019,252.1699461958412,299.33650310995824
7034.0,251.914385604153,252.0858825278845,301.2901301911451
7035.0,251.8431625908427,252.00127021632247,299.2908105412948
7036.0,252.3557477808444,251.91721938036213,300.4117795556036
7037.0,251.54834303262894,251.83285373893693,300.50194996928167
7038.0,252.38407415711103,251.7484627746539,298.8261764219233
7039.0,251.63836002131788,251.66454242344204,301.84289058127956
7040.0,250.60261273387633,251.57977487833713,300.20693630504036
7041.0,251.20277336302928,251.49546676372478,301.02999347908144
7042.0,251.02466843501236,251.41092750722277,300.41954147966834
7043.0,250.8588552638407,251.32655968599053,298.16479887046074
7044.0,251.14324348534845,251.24282507164105,298.6320756306369
7045.0,250.98018763003114,251.15895923040145,300.50451648777613
7046.0,251.24967569989437,251.07456754535445,298.02706520858226
7047.0,251.23048368308827,250.9908716112084,302.8629798115518
7048.0,251.03535657785895,250.90581759104464,300.0757357460507
7049.0,250.8241363552498,250.82154632192263,300.5084244029162
7050.0,250.4769944482273,250.73715353940284,300.6583047468274
7051.0,250.47715746999108,250.65271866548642,300.5428315173763
7052.0,250.64688587873297,250.56831622030197,299.84943013211216
7053.0,251.0026351920681,250.48410850533983,299.64437463172
7054.0,250.5132314316721,250.39995837679743,299.6663359854778
7055.0,249.77411864314817,250.31580208077486,300.75507889292237
7056.0,250.13946691512427,250.2313400294524,299.5104229164884
7057.0,249.62093264254207,250.14722751901667,299.12192990827003
7058.0,250.03467202066426,250.06322411036746,300.5193314313913
7059.0,250.3710422754994,249.97882826479045,299.51816228626274
7060.0,249.65149317218524,249.89471358088173,300.1360316371878
7061.0,249.90471006437338,249.81042537866364,301.8438448114351
7062.0,249.51363027810612,249.7256575655791,301.55864379942767
7063.0,249.56606747313103,249.64096984644544,300.49708454315424
7064.0,249.20459697841326,249.55658024853622,301.41364899791995
7065.0,249.47868341903737,249.47193324877597,298.9910615860081
7066.0,249.4383438806383,249.3879665923139,299.6940084691469
7067.0,249.37178030886906,249.30380252493546,301.0357264171901
7068.0,248.68961382462547,249.2192616584333,299.714423465084
7069.0,248.94730880125834,249.13509185784355,300.3159881992486
7070.0,250.1358633816114,249.05075311782423,301.0276693084338
7071.0,248.96784005648382,248.9662145140268,299.8281117939836
7072.0,248.55389700649454,248.88201278596463,298.4839304198277
7073.0,248.6506704389548,248.79818854883837,300.90886977708396
7074.0,248.4215450828817,248.7136833079093,299.6331819847356
7075.0,248.64719543877618,248.62953632263523,299.8204630758728
7076.0,248.46964288767023,248.54533674258812,299.61916456931556
7077.0,248.5211628826265,248.46119369387154,299.0983999681625
7078.0,248.31804310241662,248.37719689321383,298.4767009442283
7079.0,248.07191690952763,248.2933746863653,298.402033217819
7080.0,248.59204742095014,248.20957344870328,299.66016682827444
7081.0,248.59574140465628,248.12541888518567,300.846501580656
7082.0,247.7082308958256,248.0409311593251,301.52523443718275
7083.0,248.4677833518439,247.956252822654,298.5630443412606
7084.0,247.07257862844364,247.87240636770147,302.048584698973
7085.0,248.00854385673813,247.78758105683187,301.4297254289977
7086.0,247.5469967900482,247.70292954227392,298.9688794560567
7087.0,247.68392717899678,247.61896911529334,299.8309628178574
7088.0,247.38123837496806,247.53476658656868,299.21882471938505
7089.0,247.22061647489403,247.45073596662667,299.03338632706203
7090.0,247.99146307488337,247.36675742396645,301.15792044023823
7091.0,245.4031211553201,247.28218224130953,298.83516514523444
7092.0,248.22716086155546,247.19825936576456,301.1366955748958
7093.0,247.01592456786295,247.11369014375725,300.54782888880226
7094.0,247.8465155784542,247.0292862951443,299.6829620439616
7095.0,246.27821150219282,246.9451253299703,299.5894935422092
7096.0,247.0672769113159,246.8609906138672,299.24009926645226
7097.0,245.8375027042513,246.77695401932317,300.6896550715393
7098.0,247.04734776311727,246.69251034119057,299.25092734297414
7099.0,246.6328080126709,246.60847070576176,299.50797450692266
7100.0,246.41013127336137,246.52435888292104,300.03615443650045
7101.0,246.91011914100537,246.44009872955016,298.7095050315898
7102.0,246.24009629909648,246.3562111435538,300.9116806153181
7103.0,246.18938274978453,246.27170511324763,300.07789142881046
7104.0,245.4274865958357,246.18743323873807,299.3620966450101
7105.0,246.0782112816707,246.10336238326357,300.3666003933727
7106.0,245.82554588702288,246.01900942965312,302.20300204734815
7107.0,245.64431893062405,245.9341407532448,299.6238433084969
7108.0,245.65827849440743,245.84999639058233,298.1864894284722
7109.0,245.15402677663613,245.7662556848012,299.4135123231494
7110.0,246.25771957314143,245.68217039009048,301.0433542864725
7111.0,245.8052153113881,245.59762738142837,299.24034294185844
7112.0,245.07095705313975,245.51359071845218,300.42874293051864
7113.0,245.36132296083778,245.4292203131459,302.02958864478694
7114.0,245.9216206600636,245.34440033700147,300.05075590496085
7115.0,245.68211330861652,245.26013608305152,299.89677177065465
7116.0,244.81640039216498,245.17591507297925,300.45518829388936
7117.0,245.26829834161035,245.09153724093338,299.24441660637484
7118.0,244.7136697429479,245.00749943393643,299.9478447359578
7119.0,244.7879964631653,244.92326408087305,299.3454027906753
7120.0,245.01005109433683,244.83919791358932,300.46350479132917
7121.0,245.08279265779836,244.7548177459938,297.92979826652737
7122.0,245.05810414535128,244.67114912764728,299.580994283928
7123.0,244.69376644290728,244.58701679841917,299.7457724415763
7124.0,244.88499601944213,244.5028381939918,300.3415764202536
7125.0,244.89014919775622,244.4184922679471,299.7106572591969
7126.0,244.50937595574703,244.33432352503345,301.10803909835454
7127.0,243.9440042546156,244.24976235072,302.03225827243125
7128.0,244.66785195874962,244.1649416248552,299.235423186141
7129.0,244.07679232502835,244.08090634351043,300.4233224566477
7130.0,244.19879955697633,243.99653746045388,301.2941062457284
7131.0,243.86518265810747,243.9119240322832,301.7169275395445
7132.0,244.2969924974345,243.82719186179915,299.79974376632066
7133.0,243.4493852560627,243.7429981004248,299.7491917060416
7134.0,243.3167343304377,243.65881853575402,298.79085434496255
7135.0,243.7039254296405,243.57490810415882,300.119452178902
7136.0,243.14196351555606,243.4906245580053,299.59616463843395
7137.0,243.271554422688,243.406487968436,299.4766146381937
7138.0,242.87320162472906,243.32238495249177,299.0373672221842
7139.0,243.70193573997906,243.23840529186353,300.11366045547527
7140.0,242.5539340311152,243.15412337221898,301.6419826401538
7141.0,243.37896311161418,243.06941224876087,301.579824448421
7142.0,242.9084502461694,242.98471858139496,299.6280120763109
7143.0,242.60110411232125,242.90057304800357,299.6921062819424
7144.0,243.4249635519208,242.8164095148227,300.6575444935258
7145.0,242.4109788762408,242.73197485441077,299.10861444910194
7146.0,243.14741578406807,242.64797518518628,299.7771154262817
7147.0,243.0343525881737,242.56378777860408,302.43766961844386
7148.0,242.52584127716918,242.4788531997196,298.6288367676707
7149.0,242.34758857212205,242.39498826806067,299.3410800843133
7150.0,242.77491130825518,242.31092331473698,300.4757902493044
7151.0,241.89045954070977,242.22653969697532,299.8976434990403
7152.0,241.5897481940451,242.1423184420927,298.876669226546
7153.0,241.87777033023713,242.05838391081826,300.24712248319395
7154.0,241.91176319296576,241.97406451058754,299.92000786624953
7155.0,241.80454134427342,241.88983697504509,300.29860106188124
7156.0,241.3408423661368,241.8055031179136,300.3783635465635
7157.0,242.1240366598194,241.72114686081756,299.5291506096489
7158.0,241.63284048923083,241.6370290910214,300.2739564315337
7159.0,241.57908355891055,241.55270215492354,298.42942016579605
7160.0,241.5366741629429,241.46889322609366,298.42295067633927
7161.0,241.53496929512448,241.38508611411208,300.95949236304324
7162.0,240.67393831464503,241.30056665667348,299.5054187065899
7163.0,240.9028145126844,241.21645555158673,301.7810692063104
7164.0,241.66408338471598,241.1317053679846,302.1689832241785
7165.0,240.81534506604245,241.04684624519584,299.69197211561016
7166.0,241.59977457731907,240.96268274969336,298.90102233102687
7167.0,240.9924134010548,240.8787413792554,300.47151435479395
7168.0,240.77533321807198,240.79435896230743,300.7834834880542
7169.0,240.90284001537623,240.70988893402784,300.25566600865113
7170.0,240.92311937896642,240.62556713449044,299.09164680759244
7171.0,240.64549045551976,240.54157223034528,299.5288079363129
7172.0,239.73599317059848,240.45745455678318,300.0834440158546
7173.0,240.23504599818514,240.3731811229221,299.74306936928934
7174.0,239.98222711312496,240.28900327760755,300.4149899599403
7175.0,239.63356900822768,240.20463673459378,297.5932296613322
7176.0,240.32411219026307,240.1210626359305,299.23211453339286
7177.0,240.21913394651324,240.03702828376575,298.9003945221927
7178.0,240.00713945181732,239.95308708963742,297.9625596025614
7179.0,239.266754089836,239.8694092708157,299.85336045078606
7180.0,239.82977702296338,239.7852004520891,299.0860089470316
7181.0,239.45064419418406,239.70120713124317,300.854283688394
7182.0,240.06386787847882,239.61671721990731,300.05714454675694
7183.0,238.65117965677518,239.5324511718138,301.02218045761913
7184.0,239.56236351774058,239.44791410946863,298.7686750086445
7185.0,238.41377684805926,239.36400990657035,301.02417210858914
7186.0,239.3293954991029,239.27947228490314,299.69692020923264
7187.0,238.47248405306158,239.195307399811,299.5169618775362
7188.0,238.89107066205227,239.11119305301708,299.75741537872346
7189.0,238.42148833604216,239.02701117886488,298.8696350003443
7190.0,238.71938938245444,238.94307862303563,299.91927901723346
7191.0,238.4261272524209,238.8588512921783,300.55089934546396
7192.0,238.55991730397344,238.7744465812788,300.1889595974656
7193.0,238.7652342095319,238.69014351512516,299.63447000169987
7194.0,238.88595097210825,238.605996168133,300.3536538810102
7195.0,237.82892908153008,238.52164685033475,299.3547926944035
7196.0,237.9291030974303,238.4375780460531,301.88289949109674
7197.0,238.20300821215102,238.35279926511262,301.43711636815675
7198.0,237.75623514907556,238.2681456749326,301.0877829092071
7199.0,238.5716165384166,238.18359018923226,299.0397125569186
7200.0,238.7755377863509,238.09960986995586,299.68571158870907
7201.0,238.31613654342823,238.01544813261805,300.68178985562275
7202.0,237.81540492873725,237.93100666330022,299.116599358334
7203.0,238.05797085742807,237.84700475164712,299.91500452377403
7204.0,237.30085328133487,237.76277862121003,299.2782757695722
7205.0,237.7129395840359,237.67873130543143,299.27739563362303
7206.0,237.41534556545864,237.59468423682432,299.6743393352772
7207.0,237.39080618688692,237.51052569319432,301.0301834236001
7208.0,237.91279232279845,237.4259863833495,298.8656752445434
7209.0,236.9039841786967,237.34205493955167,301.36540522880944
7210.0,237.09481274663383,237.25742148824992,299.4988721947415
7211.0,236.8285851746269,237.17331222164188,301.55340385605723
7212.0,236.33741597140727,237.08862597405897,301.22277537253257
7213.0,237.1871953518186,237.00403257797518,299.73587080813417
7214.0,237.28058538593245,236.91985675425656,300.9399940821675
7215.0,236.32742934839308,236.8353427725852,299.0657116872523
7216.0,236.41539067613877,236.75135515188637,300.08839558021396
7217.0,236.33622594543542,236.6670803274609,301.93301851043077
7218.0,236.72509612619368,236.58228747142923,301.0961078207227
7219.0,236.24700438820653,236.49772964781621,301.5633464268784
7220.0,236.45544509920344,236.413040608028,300.0687042569074
7221.0,236.5634459484949,236.32877131358254,297.39656357497466
7222.0,236.16667188531758,236.2452524453119,299.3599812405938
7223.0,236.23816453166697,236.16118218391352,300.347573941492
7224.0,236.00301213147475,236.07683457356492,300.9015660027126
7225.0,236.0403088581662,235.99233138377915,300.9490223802075
7226.0,236.50414653008735,235.90781486666071,298.826847137713
7227.0,236.00290541602595,235.82389432708953,300.30579596107424
7228.0,235.67947577743487,235.7395584493905,300.2040695650484
7229.0,236.00436997798673,235.65525113985427,298.9867073354247
7230.0,235.44372430610028,235.57128570621092,298.9688107108797
7231.0,235.37850767433898,235.4873252985363,299.7280265252126
7232.0,235.201146561297,235.40315167775375,300.1488213844332
7233.0,235.96976451019958,235.3188598837483,299.12812720607116
7234.0,234.15170735374107,235.23485473469125,299.5692396912393
7235.0,235.08579336225705,235.15072570654465,301.0846661350292
7236.0,235.54407082634276,235.0661710961384,297.6711632306785
7237.0,235.31867975654635,234.9825751111311,300.35873966454005
7238.0,234.41645311735763,234.89822436507532,298.22720927115296
7239.0,235.44614369609997,234.81447222380498,300.2497218331378
7240.0,235.24576838272895,234.73015209359016,301.0318671582157
7241.0,234.71601636053353,234.64561231089655,299.2913020424853
7242.0,234.7290721675544,234.56156133690627,299.61784033969064
7243.0,234.4655755187158,234.47741866007757,298.5040626111232
7244.0,234.35581561022377,234.39358876916094,300.4685371853745
7245.0,234.20053148065134,234.30920718830137,300.69544161444736
7246.0,234.08278480220315,234.22476188511465,298.3395010836334
7247.0,233.819103742696,234.1409782085603,298.7401280041849
7248.0,234.17181145417342,234.0570820226125,302.8189759379168
7249.0,233.94906362038444,233.97204036020327,300.24489133759477
7250.0,234.8042444767953,233.88772158655263,300.1148537611736
7251.0,233.95352779342383,233.80343933178804,297.0534891162379
7252.0,234.0297817241101,233.72001681026123,298.45180424875554
7253.0,234.25323698161907,233.63620159523472,300.295084558729
7254.0,233.30772208308423,233.5518687256545,300.742199641064
7255.0,233.53113407631025,233.4674102912553,300.32924345373715
7256.0,233.3224645662017,233.3830678287187,299.5668829642004
7257.0,232.93739568095862,233.29893946241958,299.2977823573729
7258.0,232.79717511933615,233.2148866685409,299.0731718088505
7259.0,233.10702073699548,233.13089695279126,300.7735553366681
7260.0,233.37582712231745,233.0464297126676,299.24639442556486
7261.0,233.56783064661113,232.96239135023308,301.8547453069978
7262.0,232.91007126327685,232.87762047592602,298.4101549270996
7263.0,232.56263827291588,232.7938169574173,297.94915042772504
7264.0,232.58983217340884,232.71014290433888,301.85076750707816
7265.0,232.66723049396796,232.62537314713063,298.8576845794796
7266.0,232.571954572935,232.5414439473779,299.18675527630546
7267.0,232.95378846228965,232.45742233360446,299.76751142988167
7268.0,232.2744910656606,232.37323762414454,300.6264383735276
7269.0,232.58079556311935,232.28881169936795,299.8204789714849
7270.0,232.7440415403775,232.2046121148568,300.59729775605456
7271.0,231.99095858747623,232.12019437373695,299.2971819527634
7272.0,231.76119651970777,232.0361417484719,299.2634737234913
7273.0,231.7810689053826,231.9520985896012,300.3231745865251
7274.0,231.72193570469713,231.86775783140482,301.78048692313564
7275.0,232.3251749502675,231.78300781132722,299.5141207507395
7276.0,231.33187801478948,231.69889426241642,300.1441418350877
7277.0,231.07830033173155,231.6146037825844,299.1630146372348
7278.0,231.53552824792914,231.5305888359738,300.26769906237126
7279.0,230.71557399867243,231.44626365715374,301.2744304134056
7280.0,231.70441956477117,231.36165575461263,301.64872214469216
7281.0,231.45086285886532,231.27694273847698,300.84510476601235
7282.0,231.16434210503877,231.19245540488856,299.7123223157969
7283.0,231.24878421151826,231.10828619437154,299.8762692981784
7284.0,230.74115077135696,231.02407094207697,299.76012612669587
7285.0,231.42085423936308,230.9398883066564,299.6982044089208
7286.0,229.85235984952138,230.8557230609182,300.47747303187987
7287.0,230.74042413372226,230.77133897057507,299.74069427307865
7288.0,229.94389595197842,230.68716179226675,301.9264809932285
7289.0,231.188518081376,230.60237077218778,297.6732376866151
7290.0,230.5149288077642,230.51877420460414,299.89918397709
7291.0,231.13708883178248,230.4345525171039,300.5812163674267
7292.0,230.23168135960768,230.35013929217405,300.65532655189577
7293.0,230.1611625259672,230.26570525463404,300.5955100022285
7294.0,229.69098651434288,230.1812880155751,299.2379093084446
7295.0,230.83678554550877,230.0972520360443,301.03556773617106
7296.0,230.04201341898406,230.01271121410505,301.82721082017656
7297.0,230.22953138914875,229.9279480723997,300.3408034766928
7298.0,229.99774320597805,229.84360236342334,299.1696885073595
7299.0,229.11971605067075,229.7595855425675,299.17502071650887
7300.0,230.17051200907673,229.6755672242496,301.12113209372944
7301.0,230.04254129857426,229.5910023729866,299.3768739996641
7302.0,229.02914712143885,229.50692736753834,299.08310995198195
7303.0,228.47736317099896,229.4229348608268,300.7963947463294
7304.0,228.7664092340352,229.33846120663554,300.18613696668547
7305.0,229.36938604442577,229.25415893317074,300.2124135701402
7306.0,228.4498083269689,229.1698492803598,299.6725356710591
7307.0,228.71746794547687,229.08569124325882,300.0471927238615
7308.0,229.26852072469597,229.00142798996887,299.1433926916571
7309.0,228.813790988296,228.91741855385462,298.3171291406122
7310.0,228.07707868979006,228.83364116008764,300.301382123106
7311.0,228.7736212958583,228.74930652194143,301.2779990817403
7312.0,228.9071143069509,228.6646976171993,300.76937160080377
7313.0,228.34270665271114,228.58023155200803,299.674106122224
7314.0,228.84908075469838,228.49607307387205,298.7780211442412
7315.0,228.23851676932094,228.41216624626736,299.7958124549377
7316.0,229.1122417380034,228.32797358893626,299.16269161471877
7317.0,228.29395027132318,228.24395873304113,300.2854503864583
7318.0,228.10737275377272,228.1596285690576,300.8353241296888
7319.0,227.61844427721863,228.07514398219786,300.14828248709
7320.0,228.16840368052564,227.99085233953275,299.1517785059913
7321.0,227.92156633828674,227.90684054840236,298.83999660998455
7322.0,227.60678454674508,227.82291631602106,301.1395210687393
7323.0,227.53969890139223,227.73834630052093,300.2291974835379
7324.0,227.502905638488,227.65403193422765,299.7214245702401
7325.0,227.28022827366524,227.56986016749417,297.8793895292491
7326.0,227.34543889902866,227.48620570560135,300.17408219391046
7327.0,227.14437896486314,227.40190681751858,301.8596055200541
7328.0,227.6699363823801,227.31713457830168,299.34527015377574
7329.0,228.18993260232986,227.23306844826683,298.7984694965488
7330.0,226.91167670899208,227.14915587808323,301.1511661933643
7331.0,227.02675214741103,227.06458259224397,300.18463760035513
7332.0,227.4717529091152,226.98028073985122,299.36596386239484
7333.0,226.8204460016234,226.8962087983332,300.53088267801974
7334.0,226.7541087469764,226.81180970878114,298.11188092800467
7335.0,226.4132730700894,226.72808995555388,299.86733783869954
7336.0,227.12364416204463,226.64387721151084,299.98412640954314
7337.0,226.3576540692428,226.55963166934413,299.7904396857695
7338.0,226.8494808266908,226.47544052086573,300.064465569958
7339.0,226.00620151459287,226.39117241678483,300.93922411500745
7340.0,225.9228483948113,226.30665865134583,300.21646751719754
7341.0,226.6438323793273,226.22234786005143,299.86452934466007
7342.0,226.15180787853205,226.1381359047271,298.6847768170763
7343.0,226.61847109072423,226.05425526323762,298.0004710277941
7344.0,226.02670572937603,225.970566797624,300.2217595361376
7345.0,225.7574377917423,225.88625452015427,300.39842613809816
7346.0,225.52564081950652,225.8018926288138,299.89019172510535
7347.0,225.6198153401829,225.71767346663765,300.38292169575703
7348.0,225.652661459098,225.63331592946142,300.57882385852787
7349.0,225.39573754247243,225.5489033764278,298.3846832959562
7350.0,225.8079045112768,225.46510701120218,299.5915983167859
7351.0,224.8557805755902,225.38097170400818,298.70304688935863
7352.0,225.0901498714455,225.29708593167342,298.21721462213344
7353.0,225.2673060438549,225.2133365972337,302.36330413900055
7354.0,224.3807463498079,225.12842290265465,300.76498701130083
7355.0,224.94901213608486,225.04395806880228,300.92916313049585
7356.0,225.63463919713445,224.95944712882317,300.09670692958446
7357.0,224.49224357773832,224.8751699702938,298.39437448731064
7358.0,224.88720632873606,224.7913708834586,301.6764301929998
7359.0,225.41307689583124,224.7066500859794,299.68559862578974
7360.0,224.98667628366832,224.62248838036533,299.93763468974396
7361.0,225.09256991751687,224.53825589462326,299.5628403227647
7362.0,225.03138359948753,224.4541286636326,299.1876423495711
7363.0,224.21560773290756,224.37010680073942,301.34609177043154
7364.0,225.01220611172496,224.28547877330053,299.40518044294305
7365.0,224.24335683070996,224.2013958184595,301.1066817028861
7366.0,223.60332886476638,224.11683502534794,298.68944961626477
7367.0,223.95725169241612,224.0329530715807,299.36848330596547
7368.0,224.0897806916607,223.94888042251895,300.50056023949077
7369.0,223.11326437868516,223.86448984851833,300.67714738463417
7370.0,223.66832575421301,223.78004968296113,300.0133292976306
7371.0,223.45256787264944,223.69579593965003,299.6965508007119
7372.0,224.146600564433,223.61163115830016,300.1004705542449
7373.0,223.62083472782348,223.5273529428195,300.18822197689184
7374.0,225.3927977113828,223.44305008381434,299.27038965069687
7375.0,223.4118720508969,223.35900498272076,300.64368526183534
7376.0,222.82761379182546,223.27457421444308,300.85243926109973
7377.0,223.004834511473,223.19008482108393,299.33763055222636
7378.0,223.51511630707958,223.10602083650386,300.10128664005686
7379.0,223.42413812870961,223.02174239183915,300.0295671256377
7380.0,223.12820540645058,222.93748408840466,296.4259134757184
7381.0,222.55993096932374,222.8542378110369,299.2107004241549
7382.0,222.9793766255707,222.77020947266777,302.06260492347695
7383.0,222.39088682999054,222.68538022445176,300.3959460488389
7384.0,222.88777247684618,222.60101902960304,301.9208949476174
7385.0,222.70506952040427,222.51622957827192,299.9851533569448
7386.0,222.7399676227458,222.4319837477042,299.68356917660253
7387.0,221.98233294002756,222.34782261202707,300.06410744450295
7388.0,222.50424405098914,222.26355460851977,300.1085033202552
7389.0,222.13046103594237,222.17927413717067,299.58140996516346
7390.0,222.23431430264463,222.09514169120544,300.55779185122225
7391.0,222.36590914898034,222.01073504466055,299.1601551536018
7392.0,221.8219243284292,221.92672090108823,300.1697771037518
7393.0,221.4392432506977,221.84242322201825,301.8409388018566
7394.0,221.8893075092155,221.75765622503806,301.64692137641157
7395.0,222.0177996731722,221.67294371461819,299.80040340063823
7396.0,221.21237503126355,221.58874976799655,299.9810360407384
7397.0,221.7998445696911,221.50450509370842,300.8907285825782
7398.0,221.34660858286722,221.42000494743147,300.39437337677094
7399.0,221.44673948866304,221.33564419424147,301.3434554638255
7400.0,221.67693632149644,221.25101690716536,302.07180175835305
7401.0,222.3767938425834,221.16618507617162,299.37016863931444
7402.0,221.3034906635748,221.08211195381207,300.0058961586873
7403.0,221.8783959766868,220.9978602979742,300.08318413680223
7404.0,221.17474782381683,220.91358693709577,298.7303557136946
7405.0,220.41397603366877,220.82969349553284,300.66501401986443
7406.0,220.7340182488869,220.74525673742895,299.6111147140867
7407.0,221.18601877013765,220.66111594938008,299.6791791567981
7408.0,220.34176838730386,220.5769560465669,303.242301930848
7409.0,220.20556829183704,220.49179550010797,298.10267924316986
7410.0,220.45881235534839,220.40807833102053,300.7029806303556
7411.0,220.12380680017338,220.32363091062686,299.62985486518494
7412.0,219.8110881227465,220.2394848597189,299.8294642155332
7413.0,220.1179435446756,220.1552827518517,299.7930746582045
7414.0,219.26560358563927,220.07109086338522,301.12153275329
7415.0,220.45901223223098,219.9865258996037,298.94292207631565
7416.0,219.94062321981983,219.90257276232057,299.4262485302223
7417.0,220.79298338135828,219.81848389085835,299.1201121504695
7418.0,219.61115885482178,219.7344809926961,299.62388538697627
7419.0,219.69793544677373,219.65033661821656,299.158415079658
7420.0,219.4444450961255,219.566322963315,298.9804649462583
7421.0,218.8206687897589,219.4823592827426,301.11362123050947
7422.0,218.7880226130634,219.39779654078035,301.3862147519617
7423.0,219.03469391767214,219.31315724547082,301.34301454024694
7424.0,218.88748202818124,219.22853008222074,298.8729709994236
7425.0,218.97123857562707,219.14459658953174,299.1758321584526
7426.0,219.53609048686377,219.06057804333392,299.14579677195877
7427.0,218.73559908136633,218.9765679320738,300.1495744204263
7428.0,219.04766775977447,218.8922759265907,301.1049112723655
7429.0,219.01203116103275,218.80771563067506,300.62722607394664
7430.0,218.9522639676556,218.72328948468595,299.7820356143277
7431.0,218.10001136026042,218.63910069635094,301.17733164990364
7432.0,218.1315554278827,218.55452006237925,300.3067916105233
7433.0,218.83641125870398,218.47018390506864,300.9806830581397
7434.0,218.03089220617557,218.38565849657644,299.4383998252806
7435.0,218.83599032199888,218.3015662126255,299.4844432618792
7436.0,218.44599906219577,218.21746099814277,300.2294028232717
7437.0,217.5564354590827,218.13314657418326,298.2763976127709
7438.0,217.54026567450765,218.04938061918702,301.5977741520991
7439.0,217.97982264791688,217.96468191094596,300.082840564772
7440.0,217.65597356718584,217.880408646554,299.461782362832
7441.0,217.9063369644715,217.7963097960071,300.65016174577505
7442.0,217.90414646411418,217.71187720891683,299.9711609994255
7443.0,217.65241809959616,217.6276353078695,300.45307311778606
7444.0,217.30522948767637,217.5432580698356,298.5088287879743
7445.0,217.8004175940936,217.45942684041762,299.2553731319161
7446.0,217.36569461445424,217.3753859564631,299.32612538988974
7447.0,217.43323659669537,217.29132520291614,299.37271296019225
7448.0,217.62586701502437,217.20725136602647,300.68314168228756
7449.0,217.15991588887147,217.1228095170707,298.1692815549687
7450.0,217.21293167459038,217.03907364383403,301.15279150158386
7451.0,217.33776617634194,216.954499901554,299.86199019542147
7452.0,217.00250156341258,216.87028865930745,301.187460014911
7453.0,216.38286138389898,216.78570518095327,299.3484488419685
7454.0,216.79180469273356,216.70163815823682,299.6784393148138
7455.0,217.02907077177068,216.6174784631959,301.5633018043721
7456.0,216.8262001532009,216.53278943593915,298.34917010438994
7457.0,216.43615672287956,216.4490030440015,301.0515780174671
7458.0,216.224594719232,216.36445772584162,298.02865303362626
7459.0,216.56067371479952,216.28076134578134,300.6203584207142
7460.0,215.81147697210787,216.19633712845817,300.9409960262945
7461.0,215.77647491430966,216.11182286540748,301.2430976347668
7462.0,215.6373284559298,216.02722376215502,300.54771138366533
7463.0,215.70610657503244,215.94281994654142,299.1752420167802
7464.0,215.47655724048528,215.85880156607504,299.7211327972351
7465.0,215.13348052839817,215.77462988128113,300.7586120179353
7466.0,215.1147076548021,215.6901668377394,299.8417032325382
7467.0,215.32909691913153,215.60596129274825,302.25177995342193
7468.0,214.87048272504606,215.52107891787801,297.58463643055757
7469.0,215.61207014693056,215.43750723248044,300.2821347399181
7470.0,215.75403191102296,215.35317799964096,299.9573083415038
7471.0,215.37511898900433,215.2689399888817,297.9520080468908
7472.0,214.66202909719678,215.18526513328854,300.3767437935069
7473.0,215.21884305565584,215.10090933107318,299.8439048016823
7474.0,214.70624805578714,215.01670316780806,301.23220833952803
7475.0,214.78597683127944,214.9321071226327,298.63305701429016
7476.0,215.7449829319647,214.84824100578783,299.58086042498894
7477.0,214.92401466554534,214.76410871415177,297.70637639628137
7478.0,214.39912895285912,214.68050284011383,300.38167125265716
7479.0,214.16835348023386,214.59614565410368,300.5468109335115
7480.0,214.38607342506842,214.51174209136653,300.0788101272357
7481.0,214.11937205412036,214.42746995885577,301.4733892253492
7482.0,214.44789851971947,214.34280618204832,299.5932665483414
7483.0,214.29201566435748,214.25867040635936,300.9005579855001
7484.0,214.22603042868397,214.17416749965847,299.9256459523079
7485.0,214.5053277668593,214.08993838075355,298.9955061473371
7486.0,213.71186516605266,214.00597047611052,301.32305433587004
7487.0,214.77515500394824,213.92134891835119,300.0343953798449
7488.0,214.4346359201102,213.83708925898202,299.10738306550076
7489.0,213.41531538304548,213.7530899355711,298.6205364067738
7490.0,213.93073758446985,213.6692273349302,301.0466446039517
7491.0,213.56826552277317,213.58468340223726,300.55778151909414
7492.0,212.81313270246557,213.50027675859397,298.92418759667765
7493.0,213.6556494728389,213.4163288825772,300.40172704190564
7494.0,213.20671439398706,213.33196606423292,299.1056978748905
7495.0,212.77518053028518,213.24796721407972,300.48215491660477
7496.0,213.18267293208163,213.1635818089073,298.55025770768987
7497.0,212.78688885071452,213.07973894486773,300.21964863196354
7498.0,213.1731459649673,212.99542726021022,300.0410412651943
7499.0,212.52010152175066,212.91116573445493,299.88643306386695
7500.0,213.19328143660243,212.82694762783615,300.37207144265545
7501.0,213.63427585938675,212.74259313777267,302.29456568489906
7502.0,213.12133273424982,212.65769874724285,299.21492363329213
7503.0,212.6938240186633,212.57366922285584,299.5736496346922
7504.0,212.6099669804071,212.48953895625007,300.0175251416964
7505.0,212.21455130060446,212.4052840346061,299.99136993125853
7506.0,211.9104583596264,212.32103645821707,298.7252918489968
7507.0,212.53965611141504,212.2371444387562,300.7995394411818
7508.0,212.04785833473002,212.15266990142976,301.5293898061715
7509.0,211.62652574333808,212.06799039779253,300.5483547802945
7510.0,211.20856318729096,211.98358640149172,302.55388795549106
7511.0,212.07815857634404,211.89861918462424,298.76816260255896
7512.0,211.60380940369527,211.81471512562672,299.40348438788266
7513.0,211.4648952983884,211.73063264709444,300.32477303126944
7514.0,211.38398024745524,211.64629144000153,299.9199280463208
7515.0,211.0514859938798,211.5620639268752,299.6373440507973
7516.0,211.86686459598235,211.47791577275427,300.3664015460782
7517.0,211.34886143391998,211.39356287498677,300.01974508445045
7518.0,210.29039985608247,211.30930732990888,300.16891583673475
7519.0,211.6455012299001,211.22500989271137,298.58114592629664
7520.0,211.2731484294415,211.14115835423038,299.3040349959232
7521.0,210.92187796862672,211.05710380440235,299.01433264451515
7522.0,211.26853706557608,210.97313061265132,299.48985391670766
7523.0,210.9933171327585,210.8890238786764,300.30165583893256
7524.0,211.1348524662433,210.8046891636616,298.9319885668632
7525.0,211.22434955542977,210.7207390968724,301.2162086737945
7526.0,209.75171837800997,210.63614754493648,298.76545738867964
7527.0,211.54791235571807,210.55224424565316,299.8467276764535
7528.0,211.01705851925948,210.4680372896307,299.6675757570654
7529.0,210.50285900764743,210.38388064543892,301.09458383861397
7530.0,210.83006781580275,210.29932324981093,299.05285131499977
7531.0,209.62837181218947,210.2153392407333,300.1917424116657
7532.0,210.55494300966802,210.1310353930727,300.7959216538251
7533.0,209.7233031836182,210.04656187174157,299.1360301462103
7534.0,210.20540803888483,209.9625545032755,301.2368644255313
7535.0,210.25704961050454,209.87795715051598,299.4843960231077
7536.0,209.26261670387487,209.7938519492995,300.18415658023304
7537.0,209.18920961249108,209.70955023199323,297.59595392610936
7538.0,209.3929313247849,209.62597536826567,300.3812581364023
7539.0,209.00244491009607,209.54161829827237,300.19127919387455
7540.0,208.97233324398243,209.45731458069875,299.47331845449605
7541.0,209.29797430175293,209.37321249043276,300.0407197334341
7542.0,208.97659330529683,209.2889510549743,300.71373110152393
7543.0,209.73877126978752,209.20450061548993,301.7405261631749
7544.0,209.94459700098645,209.1197618177258,299.9583169656431
7545.0,209.28048651344574,209.03552352371125,301.1269195318028
7546.0,208.51265791716986,208.95095704714277,299.2670615487054
7547.0,209.16808950706718,208.86691288069116,301.09088833449323
7548.0,209.21281167772378,208.78235652288387,301.6398732542745
7549.0,208.77594480586964,208.6976459918116,300.5827460358389
7550.0,209.14594426090142,208.61323233729985,299.2187115417607
7551.0,208.80135247874685,208.5292017491419,298.85080271996713
7552.0,208.78915842697614,208.4452744820447,299.1469831415277
7553.0,208.50047204411243,208.36126403761244,298.62380278661243
7554.0,208.32300743351743,208.27740051966325,299.80767596835705
7555.0,206.64472305249802,208.1932045306621,299.42036285958017
7556.0,207.66350421556072,208.1091173120924,298.0926321446475
7557.0,208.77659294031298,208.02540296456507,300.63520829503517
7558.0,207.4041711725378,207.94097457690222,301.13344064044094
7559.0,207.56297980783455,207.85640626898902,298.07619552511886
7560.0,208.1462104957319,207.7726965374124,300.2048277840969
7561.0,207.501456744649,207.68838901494303,300.85722852924147
7562.0,207.79983178684125,207.6038982765977,299.1473839820575
7563.0,207.0130566484383,207.51988771959606,299.12831998149534
7564.0,207.0263917745347,207.43588251640128,300.5412720453365
7565.0,206.9605993904117,207.35148050916854,298.98110113875464
7566.0,207.97481305681515,207.26751664993208,298.43228539885456
7567.0,207.40052117173437,207.18370691644924,300.32768041952147
7568.0,207.35145610004147,207.09936489286474,299.56080778372586
7569.0,207.36981308994433,207.0152382326788,300.9815306468114
7570.0,207.51908977256377,206.9307125861555,301.7703036006107
7571.0,206.7698939506344,206.8459654258943,299.578532288116
7572.0,206.39055320011994,206.7618337880767,300.6752153304481
7573.0,207.11047146341733,206.67739416510472,300.40072778352453
7574.0,206.18037828303832,206.5930316273855,299.32586529625166
7575.0,207.0079997008627,206.50897094688148,301.06455716934386
7576.0,206.13827427543558,206.4244219837431,299.1797611955768
7577.0,206.58460370437624,206.34040233414063,301.08648744534463
7578.0,206.65615848098906,206.25584721224973,299.5177260372291
7579.0,206.2305853729189,206.17173265085427,301.3128903942535
7580.0,206.25629216427708,206.08711394746854,299.9804673827449
7581.0,205.92726998055485,206.00286943287855,299.31094470882795
7582.0,206.34243774983958,205.91881294257283,300.51317363027647
7583.0,206.01500450931695,205.83441882631166,298.2126424607396
7584.0,205.6889724180133,205.75067077588724,298.35320260441324
7585.0,206.77178586747803,205.66688325148917,300.82802014678396
7586.0,205.6155715115794,205.58240071583128,300.7447307951635
7587.0,206.08881098971,205.49794157059964,298.45885090202023
7588.0,205.91036425962147,205.41412437663797,300.974900716541
7589.0,205.48326810400516,205.32960059202009,298.8369744821153
7590.0,205.03490260067886,205.245677208353,298.87740349624585
7591.0,204.97632197927504,205.1617424708711,300.3980376390205
7592.0,204.3643513604864,205.07738068863415,298.92304611533206
7593.0,204.4237828014025,204.99343313318343,299.9927282735835
7594.0,205.2432659773711,204.90918517532663,301.47435364337895
7595.0,205.217081922259,204.82452112767845,300.81960686724767
7596.0,204.8430855210284,204.7400409547499,301.9597290024025
7597.0,205.01408405758863,204.65524059752173,298.6060384277123
7598.0,203.56905464291876,204.5713820683966,300.9622787261337
7599.0,204.2519678530365,204.48686182845432,299.79332353360087
7600.0,204.53263522324343,204.40266987009534,300.0715497969477
7601.0,204.16765104852377,204.31839977652734,299.92591552629546
7602.0,204.20064107004737,204.23417058191703,299.9515019069948
7603.0,204.6193760143219,204.14993420179812,299.8609700412463
7604.0,204.32385803015808,204.06572324604488,300.27508710187897
7605.0,204.1181907442959,203.98139599241708,299.0067024907521
7606.0,204.1339446280541,203.8974249434676,300.81677033840026
7607.0,203.42535078753863,203.81294556713092,300.4697633599597
7608.0,204.03671972141467,203.72856364192063,300.18439622326184
7609.0,204.07401890670695,203.64426185731463,302.0552670220209
7610.0,203.76253642840624,203.55943466982595,299.71526443274894
7611.0,203.44505876207668,203.47526463306443,300.9345724097033
7612.0,203.9164208705984,203.3907521739794,301.67265874682477
7613.0,202.4939015774727,203.306032435648,299.3998799885652
7614.0,203.10199096436307,203.2219509693512,298.90651290311973
7615.0,202.93925199243094,203.1380080569776,299.48521552632604
7616.0,203.23548485717674,203.05390262561727,300.4018938888801
7617.0,203.5164690982318,202.96953976041684,299.98505409116154
7618.0,203.3765596287217,202.88529395772625,300.32738032367945
7619.0,203.28163572577282,202.80095201841868,299.70764709486235
7620.0,202.9035978559524,202.71678412085956,300.16840858762856
7621.0,202.33200296887216,202.63248682611453,299.91684074089164
7622.0,201.73003879339393,202.54826018000648,297.75845326939407
7623.0,202.82206699296637,202.4646396810467,299.1417211981108
7624.0,202.18535019599423,202.38063071434357,299.9150359234135
7625.0,202.35423405310155,202.2964045750884,299.802835790839
7626.0,201.72656695141214,202.2122099453705,300.4131429622089
7627.0,202.05899192686826,202.12784392105527,300.37163264226075
7628.0,202.01655129697008,202.04348955422157,300.2188699235776
7629.0,202.09789870227218,201.95917808825138,299.7578647386729
7630.0,201.49522104185405,201.87499608790392,301.5960494223363
7631.0,202.1104485063913,201.79029786402447,301.3929466898769
7632.0,201.79851566792632,201.70565667816243,299.6333060253682
7633.0,201.99479696869335,201.62150965805364,299.65506216259973
7634.0,201.59212771014884,201.53735652809632,300.4458296595477
7635.0,201.6084268554246,201.45298132426691,299.08545334798634
7636.0,202.22612234677183,201.3689881594517,299.03896297190465
7637.0,201.55231761104773,201.28500805068376,299.73212388465265
7638.0,202.07455688897184,201.20083327922617,301.4537948071748
7639.0,201.28570241522547,201.11617500518452,300.3080784657262
7640.0,201.1472611280414,201.03183848648203,301.9913897138511
7641.0,200.76102988640648,200.94702923787074,300.09761315502476
7642.0,200.86531766768562,200.86275182484303,300.47497294091716
7643.0,200.87171661344294,200.77836843660882,299.6487333251343
7644.0,200.90772573818407,200.694217084,299.325386272578
7645.0,200.7395960099356,200.6101565380218,300.80851051355563
7646.0,200.16580243896271,200.52567948131923,301.1589722770877
7647.0,200.6664008672627,200.4411040032714,300.9317541168682
7648.0,200.6682068568317,200.3565923356569,299.6230029772558
7649.0,200.07966861882642,200.27244820898747,298.58635431294414
7650.0,200.38452061267049,200.1885952078179,299.41688474733536
7651.0,200.39522278344108,200.10450896601807,298.58410728384587
7652.0,199.89275959868854,200.0206565958892,299.9852696704617
7653.0,199.98889991609087,199.93641073265673,300.05121680786255
7654.0,199.6106913996224,199.85214634926984,300.22532814185325
7655.0,199.38104244546983,199.76783306961667,299.8333243822976
7656.0,199.34172857697914,199.68362987768595,299.1197100847033
7657.0,199.7357398201826,199.59962709243715,299.45613692256006
7658.0,199.88441773223266,199.51552982731806,298.6508802795486
7659.0,199.4946545188315,199.43165870510623,300.19168148288753
7660.0,199.00952380393562,199.34735487455646,300.49246270881565
7661.0,199.2990253905086,199.2629665746124,300.28886816529706
7662.0,199.11069828352652,199.17863545080266,298.6494255926377
7663.0,199.6378928439097,199.09476473711538,300.08702698352766
7664.0,198.00980590371708,199.0104902970375,300.50171281474144
7665.0,198.59771264636342,198.9260993993554,299.2019567883617
7666.0,198.93144784812085,198.8420735164907,298.8072644783846
7667.0,199.0245141838075,198.75815847638302,300.1036473758109
7668.0,198.16113120988018,198.673879368745,300.4454363171175
7669.0,199.36771303435046,198.58950427537928,301.877828750518
7670.0,198.28722487834068,198.50472691847182,298.9091218813311
7671.0,198.84648556984988,198.42078327341014,300.5934112194235
7672.0,197.69833768389796,198.33636662375935,299.4473810078246
7673.0,197.83571061942374,198.25227181759297,301.6948082132634
7674.0,197.68239784775372,198.1675458589531,299.63837705837597
7675.0,198.38806533452347,198.08339741472923,298.84860998491143
7676.0,198.44099814030372,197.9994707634251,301.3881307272064
7677.0,198.90749191338747,197.9148309300459,300.10812536910174
7678.0,197.96030317589293,197.8305505648381,300.8737714051945
7679.0,196.76963436025068,197.7460551807018,299.9179052074466
7680.0,197.936084560614,197.66182823565606,299.2802534467962
7681.0,197.4293907781597,197.57778036447974,300.83683959209225
7682.0,197.70092308248738,197.49329535202764,300.10346297223145
7683.0,197.54235906378375,197.40901629617628,298.9605248605959
7684.0,197.25668183540515,197.32505821544456,301.06820163935316
7685.0,196.6243493014127,197.24050822881753,300.33151102936114
7686.0,197.2937743674215,197.15616512947014,300.0821534453501
7687.0,197.52138304682322,197.07189205804423,299.3411516126087
7688.0,197.37451340904767,196.98782708463298,300.162472828785
7689.0,196.0854479467807,196.90353145684693,300.39139807892326
7690.0,196.903411373209,196.81917153921978,300.95074425325055
7691.0,196.7784200231528,196.73465453854197,298.28174356043434
7692.0,196.55523010566063,196.65088708222538,299.81710761449045
7693.0,196.4940916988045,196.56668844450365,301.2071973167821
7694.0,196.33458767185982,196.48209942325718,301.54199721747204
7695.0,196.09813691385764,196.39741637903862,299.4939613347698
7696.0,195.89628886891398,196.3133084915638,299.69409537858644
7697.0,196.55321320992908,196.22914439977828,300.71103843166355
7698.0,196.10078984565132,196.1446947164854,300.91755954058954
7699.0,196.24216239854962,196.06018703518103,298.46228362934437
7700.0,196.0625415608873,195.97636887719517,299.79042193078584
7701.0,195.86063608917527,195.8921777337029,300.22948228141684
7702.0,195.4804735584365,195.8078632874289,300.4413671949646
7703.0,196.12060988153874,195.72348933680829,298.47972139891573
7704.0,195.3973740837613,195.63966628171542,300.9669082064603
7705.0,195.77867546858388,195.5551447416608,300.16568130692553
7706.0,194.70204690919465,195.47084821282712,300.3194569050957
7707.0,195.17491832115098,195.38650849867963,299.252455367944
7708.0,195.49744421071097,195.30246843413045,301.42120872787797
7709.0,195.281212938728,195.21781931134603,300.9846314507262
7710.0,195.15829893425374,195.13329279401364,299.5352035427591
7711.0,195.44459513814246,195.049173324352,301.98237708657325
7712.0,195.05883613485284,194.96436660678688,301.109819580463
7713.0,195.24902889716816,194.8798049324547,300.2771711505881
7714.0,195.05809292020328,194.79547709355654,300.83793938803433
7715.0,193.88672302126878,194.7109917722451,299.00678099267344
7716.0,194.9699369009819,194.62702070124965,298.9060000572896
7717.0,195.21266168951715,194.54307793290025,298.7134176080089
7718.0,194.75908979690874,194.45918924812202,300.04999643773647
7719.0,194.8390724439022,194.37492520745573,301.8825858295523
7720.0,194.1069111449019,194.29014651460193,301.12062520286315
7721.0,194.090148460203,194.20558180569077,299.9216407980156
7722.0,193.74899395806193,194.1213538115667,301.0019695644053
7723.0,194.27942284474182,194.036822425114,298.92140664403024
7724.0,193.94952368432425,193.95287533008147,298.70596287436683
7725.0,194.0332971705837,193.8689887388409,299.4556679176525
7726.0,193.58766269617797,193.78489160543404,299.0824492405741
7727.0,193.16950321257247,193.70089928427234,300.45920638624517
7728.0,193.80406933843804,193.6165203238122,301.22136803614075
7729.0,193.41534874682782,193.53192732295543,300.3856891702623
7730.0,193.11446058770625,193.44756900858013,299.8543693624694
7731.0,193.09588576027107,193.3633599065175,298.5323993699092
7732.0,193.0455947234699,193.27952205769446,298.86333766038234
7733.0,192.99693959271727,193.1955912703682,300.90743910885834
7734.0,193.40830134473595,193.1110864312185,300.27526953714346
7735.0,192.0186426403519,193.02675912635684,301.9225138764913
7736.0,192.155192370585,192.94196922037654,300.0330821150226
7737.0,193.28906252664495,192.85770992981588,300.8229254913748
7738.0,192.81186503905684,192.77322882490708,301.12333648219965
7739.0,192.66773897568618,192.68866335457832,301.02950614336515
7740.0,192.07122557284765,192.60412423493642,302.0736683612547
7741.0,192.08793380517145,192.5192918797383,298.697893637647
7742.0,192.30614432368094,192.43540755460842,303.10303492008256
7743.0,191.92024905493966,192.35028611896834,301.39120405394675
7744.0,192.45959639695363,192.26564542249653,299.83792971425584
7745.0,192.06772297523432,192.1814409372351,301.5839864883105
7746.0,192.1722005695947,192.09674610102962,301.8401809699287
7747.0,191.84534305596912,192.01197931687395,301.95399089766084
7748.0,191.88398763968473,191.92718057109684,301.3225532633845
7749.0,191.71436876363924,191.84255915405538,297.87106185228555
7750.0,192.37894111521277,191.75890703085184,299.8100911273398
7751.0,191.38821917136679,191.67471036359362,299.36596713119167
7752.0,192.13042760919825,191.59063842115756,299.87768625380403
7753.0,191.93967014379126,191.50642277093462,301.2410707634717
7754.0,191.05860378790211,191.42182423689525,300.77125283553966
7755.0,191.6442318264253,191.3373576433906,301.2466553019455
7756.0,190.7934978968099,191.25275754102663,297.1631897250695
7757.0,190.70583985509307,191.16930421191216,300.9947793743011
7758.0,190.6193527791176,191.08477484470453,298.26827091618105
7759.0,191.0928360716623,191.00101117195555,299.0292780742625
7760.0,190.89918044679698,190.9170337830297,298.57860864240894
7761.0,191.49822812144123,190.83318295710262,298.07405221634804
7762.0,190.57821904781082,190.74947382743852,300.94094656267583
7763.0,189.81193998389804,190.66495957827888,300.9175458871782
7764.0,191.2846461907387,190.5804519008089,301.32851194797536
7765.0,190.0490226553292,190.49582881037017,301.12045780424535
7766.0,190.0610130297537,190.41126414847014,300.46909230416964
7767.0,190.35583527732712,190.3268824117147,300.59558241830473
7768.0,190.30203385299365,190.2424651523189,299.9809583605942
7769.0,189.85480964006575,190.15822049984598,299.46763843397605
7770.0,190.20242690050495,190.0741200047191,299.4851358510472
7771.0,190.22585351926867,189.99001459573427,299.8103434435498
7772.0,190.47565026188644,189.9058178576172,299.0860407148787
7773.0,190.58679785531461,189.82182452784974,302.1483197014922
7774.0,190.1308927573264,189.7369712080669,300.3572680025812
7775.0,189.19619848322756,189.65262087530283,299.0548952679853
7776.0,189.79221750910665,189.56863629221507,299.3399844396852
7777.0,189.25974269941932,189.48457164658493,299.73051463611205
7778.0,189.16666737175277,189.40039732705793,300.26184231029254
7779.0,188.98823250160953,189.3160737930091,300.46577036224414
7780.0,189.11573686957843,189.23169298916574,300.21623371384175
7781.0,188.63734476951805,189.14738226353109,299.57425388083755
7782.0,188.9065090345026,189.0632518272329,300.507171445745
7783.0,189.2257117568481,188.9788593965852,299.0143116507349
7784.0,189.27953083063255,188.89488621072994,299.68327938448726
7785.0,188.81290910901507,188.81072515643615,301.0072933742926
7786.0,188.80377886207842,188.7261922748802,301.118990991291
7787.0,189.01804706126936,188.64162802491015,300.9203902449303
7788.0,188.3506367162768,188.55711954864972,299.3055700992716
7789.0,188.3627853425087,188.4730645677135,300.2621969109445
7790.0,187.991649164571,188.388740934081,300.6624185731165
7791.0,188.74403720964992,188.30430490486506,299.87892711365896
7792.0,187.20230234669745,188.22008890616735,301.18287974405797
7793.0,188.70615541545618,188.1355067141059,300.3764064062571
7794.0,187.93603441360247,188.05115100664017,301.2018352771
7795.0,188.3441486375569,187.9665634912332,300.29844864289834
7796.0,187.79440786645551,187.88222967690598,301.1158119966396
7797.0,188.0039637855152,187.79766631970355,299.4612242095761
7798.0,188.06583492748064,187.71356762590472,300.6611181774477
7799.0,187.79099951342474,187.6291319618832,300.18492889206857
7800.0,187.18319549668675,187.544830027686,299.0584593508103
7801.0,187.88650651917783,187.46084444368495,300.36900731701706
7802.0,187.71584538786573,187.3764908141301,302.1229748005908
7803.0,187.2355048806996,187.29164461204024,302.0970653401013
7804.0,186.51409154167567,187.20680568619056,299.85867663096974
7805.0,186.40458139798108,187.1225953745034,299.6189936704207
7806.0,187.20914869652935,187.03845237378093,300.4738182340421
7807.0,186.71818646193015,186.95406930982688,299.7588958310252
7808.0,187.1987296728446,186.8698870199143,299.4828330811436
7809.0,187.23965764442858,186.78578225762402,300.53028645244433
7810.0,186.36681320681816,186.70138333551196,300.3641619019675
7811.0,187.15826060524827,186.6170310667112,299.23783694568783
7812.0,186.47348190141176,186.5329951075023,298.0717805127449
7813.0,186.41255091275843,186.44928661580835,300.50048110994913
7814.0,186.60166472480154,186.36489606402995,300.62833777495035
7815.0,186.07817498818486,186.2804696058382,299.7825421433089
7816.0,186.45739908469267,186.19628067525292,299.18609511000034
7817.0,186.0532696577788,186.11225924687616,300.48513802333434
7818.0,186.09127716568858,186.02787300394797,298.7995691887491
7819.0,185.67715603053188,185.94396012493414,300.3422259431609
7820.0,185.21241396475907,185.85961401648177,300.8037002602635
7821.0,185.50060776952088,185.77513831065866,300.32987949977246
7822.0,186.36930310119195,185.69079566949912,300.45720686882345
7823.0,186.2533868609413,185.60641727057015,299.97447901101555
7824.0,185.4178904036646,185.52217443771457,300.78755293190636
7825.0,185.01167907831257,185.4377032665995,300.69165782893026
7826.0,185.7163011934462,185.35325902602588,298.894176518575
7827.0,185.66937595271412,185.26931957812022,299.35774370292376
7828.0,185.38764351093303,185.18524994509696,299.69572933654365
7829.0,185.20773926659075,185.10108539444164,301.3535672672892
7830.0,184.36233844259988,185.0164552676341,300.02204127324495
7831.0,184.44640772535453,184.93219907770984,300.43228668370614
7832.0,184.5602046234735,184.84782767719952,299.13742262009316
7833.0,184.32485635573315,184.7638199176804,300.24435128576613
7834.0,184.10420978603503,184.6795012956943,302.0239468083793
7835.0,184.61308917816868,184.5946829039656,300.2832499028736
7836.0,184.51133999780933,184.51035335795123,299.93031119684485
7837.0,184.02735046376728,184.42612292889012,299.7922079335523
7838.0,184.68042071209112,184.3419312838288,300.10585580784704
7839.0,183.7669528721799,184.2576515559894,299.2134669600516
7840.0,183.9603305555578,184.17362244068477,300.08584289785284
7841.0,184.00254262532798,184.08934833313762,300.7595616637097
7842.0,183.56576803066653,184.00488502290372,300.3119802258159
7843.0,184.35730611137012,183.920547408457,299.7052316779737
7844.0,183.81044924823615,183.83638018922747,299.33071069940416
7845.0,183.45614530589538,183.7523181479727,300.16247872975833
7846.0,183.2597361391738,183.6680225185294,303.0404884827273
7847.0,183.80376418160924,183.58291864801382,297.34806840608405
7848.0,182.90028708342416,183.4994133988031,299.0609186108308
7849.0,183.22713982229115,183.4154271241599,300.2971053694916
7850.0,183.30147946432496,183.33109368706863,299.20730872085386
7851.0,183.45397073771406,183.24706630120284,300.0231803271688
7852.0,183.55829108210318,183.16280979139432,300.3890910272977
7853.0,183.73933952824885,183.07845052166414,300.80992070243775
7854.0,183.70356233531805,182.99397306893357,300.0305012452531
7855.0,183.8003776196263,182.90971450316718,299.155066323199
7856.0,183.1521202981378,182.8257017887081,299.3069741039625
7857.0,182.4419874042216,182.74164641348057,299.0289371328088
7858.0,183.34449541890962,182.65766912030247,299.0167382051728
7859.0,182.26081883008527,182.57369525298984,301.83774066810275
7860.0,182.1715896978924,182.4889291541522,300.2373694000626
7861.0,182.29263144929757,182.40461249291238,299.5880922907607
7862.0,182.3263512740452,182.32047817032736,301.2577846474514
7863.0,182.6342858417673,182.2358749424722,299.55984826264125
7864.0,182.37589160072457,182.15174855175175,299.68040317656664
7865.0,182.80968798460685,182.067588305193,301.73369576841554
7866.0,182.16591706971602,181.98285142563137,301.1214761206321
7867.0,181.93420547278953,181.89828647775417,300.3170241997058
7868.0,181.06704382707943,181.81394744679142,301.5612695530211
7869.0,182.2235370716285,181.7292589902586,301.40812334185216
7870.0,182.65961722928907,181.64461354228675,299.37866507709253
7871.0,181.57915132011058,181.56053803384424,299.8203077309239
7872.0,180.96588456192356,181.47633849742317,298.98097938484494
7873.0,181.65990567470737,181.39237467237925,301.24776674301165
7874.0,180.74271916593685,181.30777425788554,298.1659381469602
7875.0,181.35600754190736,181.22403932358927,300.5385243407077
7876.0,180.69539107997252,181.13963808800358,301.1600577703684
7877.0,181.20316239822347,181.05506230511307,299.3136325682465
7878.0,180.621592207467,180.97100505996679,300.6972848826302
7879.0,181.0077366972032,180.88655923912893,298.64386942426245
7880.0,180.50841067548544,180.80269008579896,298.9534799135157
7881.0,180.7843755330642,180.7187339835232,299.7217472984122
7882.0,180.93951356934562,180.6345621261569,299.0210941924711
7883.0,179.85716829258774,180.55058703553783,300.3819426948338
7884.0,179.95909930544258,180.46622977329773,300.8886514710893
7885.0,180.71995128919716,180.3817302103429,298.2932413885409
7886.0,180.45068631412778,180.297959525053,300.1876123090277
7887.0,179.98109644451284,180.21365683726285,300.7459470614772
7888.0,180.35442511817575,180.12919735046304,300.00335311046956
7889.0,180.91923842870878,180.04494640879784,299.66468810335095
7890.0,180.08432374572354,179.9607905755555,297.3161766003197
7891.0,179.96976483678324,179.8772942826269,299.97442283207806
7892.0,180.10869415652255,179.79305146554822,301.12105518717027
7893.0,180.02175356121836,179.70848663588313,299.08393662471616
7894.0,179.52794475091127,179.62449389701433,301.20765976406625
7895.0,179.78688586608217,179.53990474589725,301.30368228267315
7896.0,179.0394122549741,179.4552886284562,301.5441500764205
7897.0,179.21148740874565,179.37060497964308,300.7710816827839
7898.0,179.75106727086475,179.28613843420382,300.0195683004748
7899.0,179.04608528549358,179.20188293877277,299.82503200603963
7900.0,179.3253205991248,179.11768207561778,299.3558852005632
7901.0,178.3225867875231,179.03361296452397,300.51536730966353
7902.0,177.55653313984155,178.94921823220452,300.7081958366929
7903.0,178.98995286306965,178.86476934720702,299.16943672911026
7904.0,178.19137951844112,178.78075259705895,299.838145539425
7905.0,178.4784819406789,178.6965480511866,299.38858786025486
7906.0,178.45558912034764,178.61246975609586,300.596911173889
7907.0,178.39112928130163,178.52805212354116,299.61270056566116
7908.0,178.5439107021891,178.44391089013232,298.72556878638426
7909.0,178.39236134572675,178.36001879289816,299.9536629037138
7910.0,178.20262477921577,178.27578180589938,300.3334956089511
7911.0,178.03654185582488,178.19143814921586,299.64443884922343
7912.0,177.9561501081785,178.10728800263902,298.36623641192614
7913.0,178.13211682795676,178.02349681791333,299.68862677783864
7914.0,177.51240898140952,177.93933426189324,298.5527449753669
7915.0,178.2016034540638,177.85549069934595,300.2897036443618
7916.0,177.65067382326083,177.77115934090583,300.2505291865839
7917.0,177.44090332131452,177.68683898395923,300.35597550500637
7918.0,177.8346812495524,177.6024890141716,300.45210147212487
7919.0,177.1071097310202,177.5181120490082,300.7590139072423
7920.0,177.4960399044386,177.4336488926026,297.1407584721624
7921.0,177.5235430098062,177.35020186293164,300.8969700284645
7922.0,177.8674743465274,177.26569996384865,299.3151834361682
7923.0,177.94923704219497,177.18164228316704,300.5484087075303
7924.0,177.65103209759593,177.09723827172166,299.5301750255896
7925.0,176.4021412527831,177.0131202142353,299.34298525240206
7926.0,176.61180739309097,176.9290547258769,300.14199347345175
7927.0,176.51011329654034,176.84476484937645,301.3643328085469
7928.0,176.5547737167097,176.76013169924607,299.0269574118691
7929.0,176.17165737023635,176.67615496203956,299.47134433095766
7930.0,177.3968184380278,176.5920534261733,300.0498571577145
7931.0,176.38195740424115,176.50778942462148,298.5692809654352
7932.0,176.04208626486886,176.42394121821698,299.5942320102495
7933.0,175.86520616784998,176.3398051713941,301.4977533013598
7934.0,176.74606559592286,176.25513455234199,299.00837433419827
7935.0,176.68268672833722,176.17116303388315,300.81074291151947
7936.0,176.35677609525894,176.0866853502488,299.8492209433774
7937.0,175.70087179795811,176.00247769403387,299.87273907151496
7938.0,175.238600834287,175.91826343314466,299.3820424238092
7939.0,176.10531069420736,175.83418697623063,300.6340712137258
7940.0,175.7569078689475,175.7497589078981,299.9558624922965
7941.0,175.46639754930743,175.6655213031815,300.06490081279566
7942.0,176.195421876463,175.5812530768699,299.7350758399965
7943.0,174.9327852606003,175.49707747640485,299.8740157479632
7944.0,175.8396067494169,175.4128628569823,301.667873494737
7945.0,175.42288270442154,175.32814446250921,298.6836436620246
7946.0,175.56430424535029,175.24426413924746,299.87278570204097
7947.0,174.85255643955404,175.16004986526278,300.17786185298576
7948.0,175.18068572777864,175.07574991572574,300.5326078680327
7949.0,174.38582859210536,174.99135034168282,299.28122222735834
7950.0,174.97221072239515,174.90730219844065,297.1620224743433
7951.0,174.75968002339636,174.8238491971291,301.23008841635755
7952.0,175.0591104936223,174.73925374729887,300.0519289685252
7953.0,174.52059935584634,174.65498916391357,299.1411414718789
7954.0,174.56997429329238,174.57098036001688,299.657397852619
7955.0,174.222640787913,174.48682657411996,299.79479786093515
7956.0,175.14677515798618,174.40263420172064,298.6280572471496
7957.0,174.67066638477496,174.31876948897707,300.4682101966125
7958.0,173.92493659964845,174.23438799994685,300.33365494442694
7959.0,174.07845064853845,174.15004429851663,299.9338828563831
7960.0,174.4235907721601,174.06581286641446,300.92938497277964
7961.0,174.16000070523765,173.9813018641346,299.8930583357503
7962.0,173.75940952839397,173.89708189691862,301.4919448907724
7963.0,174.24955304059105,173.81241290906178,300.15286568802526
7964.0,173.86923867297259,173.72811997928108,297.9338813450865
7965.0,172.84841814656014,173.64445021427002,300.0297676146957
7966.0,173.1453678957797,173.56019185453155,301.8697219351847
7967.0,173.65182419319186,173.4754167742881,299.99400508098654
7968.0,173.60937131474128,173.39116845786117,300.68630007335446
7969.0,172.75355174523932,173.30672572192395,299.6729890989075
7970.0,172.9995148389079,173.22256755748532,298.3105527174735
7971.0,173.5496424960556,173.13879201059714,299.1383169665309
7972.0,172.8498688287651,173.05478399991568,301.3337249203951
7973.0,173.0656879586492,172.97015944550054,298.93789484578406
7974.0,172.80294336984176,172.88620772003136,301.13969833592165
7975.0,173.50812539349505,172.80163765474867,298.6737780889747
7976.0,172.18588963280467,172.71776010206872,299.0294311591441
7977.0,172.92727757250358,172.63378267015153,297.7474213612616
7978.0,172.72259436026152,172.55016526931925,298.982465502757
7979.0,172.60303617832943,172.4662010269239,300.66362444784323
7980.0,172.35557151625633,172.38176465905815,299.14257396728544
7981.0,171.83517476311638,172.297755452869,301.02044265051677
7982.0,172.53835562431257,172.21321887855802,299.83556111002997
7983.0,172.63846926017052,172.1290150584796,300.5896072700999
7984.0,172.36732832496162,172.04459947710458,301.4431941510165
7985.0,171.93621824442303,171.95994418008056,299.95517700058593
7986.0,171.9461054322351,171.87570676787286,299.95864280019697
7987.0,171.8605390063837,171.79146838235317,301.1095396528036
7988.0,172.1387263182788,171.706906786634,299.6653874642153
7989.0,170.9583069618961,171.62275075698778,300.73342467911004
7990.0,172.16125887052021,171.53829478689042,300.51959510180546
7991.0,171.59861697265205,171.45389886726596,300.49504510680947
7992.0,171.50793093042347,171.36950984209844,301.48950320715795
7993.0,170.79095907654715,171.28484153994776,299.10551176731576
7994.0,170.74513712637804,171.20084274205976,300.2549582932883
7995.0,171.60853272059248,171.11652114127236,300.674741695865
7996.0,171.39868568904777,171.03208165131278,299.8005744704517
7997.0,170.97551196858427,170.94788765664902,300.37607839350886
7998.0,170.57267261417897,170.8635320413002,298.7169129206397
7999.0,171.0280390410038,170.77964237492162,300.40911777856473
8000.0,170.30035242396357,170.69527748101217,299.4154290812137
8001.0,169.9843581463352,170.61119164801187,299.36253527128656
8002.0,170.66505557948577,170.5271206693565,301.50885334472326
8003.0,169.6654976913037,170.4424469330422,300.17767751124205
8004.0,170.8902127477979,170.35814703527444,299.0159327690503
8005.0,170.52526418270736,170.27417339415518,299.0408943371662
8006.0,169.607221187129,170.1901927429955,301.1147209736774
8007.0,169.68327361892167,170.1056296921887,302.11363045730616
8008.0,170.4966409702332,170.02078611430196,300.0597666441031
8009.0,170.40155288109028,169.93651932983605,300.4454858024304
8010.0,169.91600101566263,169.85214422257317,298.47433871136104
8011.0,169.8007113146308,169.7683226791184,300.41769070380315
8012.0,169.87264899169995,169.68395537764576,299.5253639031581
8013.0,169.35697453298053,169.59983867128298,299.3050891688155
8014.0,169.53051845541458,169.51578382540808,300.84221498931754
8015.0,169.09726960777587,169.43129730336523,298.73480297343747
8016.0,169.9328303237342,169.3474026128635,300.729816921931
8017.0,169.07042468244848,169.26294765594457,299.8317566979356
8018.0,169.34305113029168,169.1787449042719,299.28076218198174
8019.0,168.78047406713026,169.09469689022578,300.5954268440454
8020.0,168.7583274791984,169.0102796745204,301.4473856077733
8021.0,168.58229090840575,168.92562320039556,301.1941137414527
8022.0,169.16687385052748,168.84103785345314,299.55213053765857
8023.0,168.2692402606091,168.75691363012714,299.6280138325077
8024.0,168.15292924503905,168.67276809624255,300.96199810487735
8025.0,168.47678485876062,168.5882479351081,299.9307494393329
8026.0,167.7249029453819,168.50401738297387,299.73107452110514
8027.0,168.3273369816934,168.41984290621252,300.05979769943036
8028.0,168.44320399672392,168.3355761130253,300.99758389494684
8029.0,167.86246060065056,168.2510459582148,301.06679893983386
8030.0,167.9031369443242,168.1664963655125,301.60242689869875
8031.0,167.69179993373993,168.08179635062513,301.7613029471125
8032.0,168.20209423358804,167.9970517180475,300.7841070207313
8033.0,167.74251028566553,167.91258151465914,298.4242167238271
8034.0,167.59865062267286,167.82877404712917,301.2937130378631
8035.0,167.76329868306604,167.74416072938442,300.63011499239735
8036.0,167.97796004097464,167.65973377209068,300.8006446198812
8037.0,167.3803836534758,167.57525892439324,298.6390658186693
8038.0,167.89524544107348,167.49139112007586,300.58884176610434
8039.0,166.66931733550075,167.4069757536799,299.6413388106093
8040.0,168.24267980689126,167.32282647769728,299.50112733083773
8041.0,167.0607927911977,167.23871657777184,298.9637747507087
8042.0,167.5602678857091,167.1547575843627,301.5749859263294
8043.0,167.61749514110218,167.07006527581504,298.8606795744448
8044.0,167.7909459319124,166.9861352349679,300.3624317349654
8045.0,167.1992831613052,166.90178345205564,300.8515433843903
8046.0,167.10891287331674,166.81729431028853,300.4968492834794
8047.0,166.81628074122455,166.73290477844807,299.2946178199789
8048.0,167.29290083090967,166.64885287327695,300.3299432670075
8049.0,166.70439002276655,166.56451021420946,299.88007409793715
8050.0,166.64078796194588,166.48029389340027,299.1763598369153
8051.0,166.2608913132404,166.39627519901276,299.61700050898344
8052.0,166.93979355307698,166.31213275803648,300.4346341422882
8053.0,167.05868101387824,166.22776069828154,300.76079798795416
8054.0,165.52725536194006,166.14329704084662,300.071851749253
8055.0,165.61259020021538,166.05902686248035,299.570215197733
8056.0,165.79618493206064,165.974897560379,300.46012895336656
8057.0,165.8144367565789,165.89051834083128,297.87188831202906
8058.0,164.96919799724049,165.80686598553032,299.70617598314277
8059.0,165.9878593618709,165.72269850110837,300.92084314608604
8060.0,165.36690404113907,165.63818989765815,300.7671513154609
8061.0,165.23369841495787,165.55372445599704,299.6172137220126
8062.0,165.4756322487587,165.46958195514347,301.86559682194456
8063.0,165.1806195495009,165.38480803336927,299.9434532445376
8064.0,165.27458216810106,165.3005739135831,301.2055550559669
8065.0,164.57365754922444,165.21598535353823,298.98235850829303
8066.0,165.20107194568357,165.1320211411905,300.62895445618676
8067.0,164.66635689141384,165.04759450981405,299.61599358198913
8068.0,165.09975056625726,164.96345235161644,301.6561150953424
8069.0,165.61342628860206,164.87873725929384,300.452854245475
8070.0,164.71517004876628,164.79436008272654,298.5460593219528
8071.0,164.68732225822123,164.71051839773364,300.81989430756687
8072.0,164.70314107570425,164.62603814408226,300.14130506125457
8073.0,164.95786685685636,164.54174846091087,299.74230263872585
8074.0,164.44025183765015,164.45757083091982,300.4901079234733
8075.0,163.9822709715155,164.37318319227802,299.56483824650104
8076.0,164.3158297540882,164.2890554002038,301.545610221584
8077.0,164.00892378469965,164.20437134133326,300.8322674000983
8078.0,164.6486146289148,164.11988761290505,298.95945278082496
8079.0,163.7270588010208,164.0359298332491,300.3982438152187
8080.0,164.71680541804642,163.951567993111,297.8087978491594
8081.0,164.89452590357183,163.86793335571502,300.5991518136339
8082.0,163.25300664115898,163.78351509391402,299.28631379892045
8083.0,163.472705195917,163.69946552078883,301.9975858814559
8084.0,163.14042926067935,163.61465453208714,300.1891009913214
8085.0,162.8568913363968,163.53035142622542,299.47437241717967
8086.0,163.2496208419444,163.4462490399716,300.9776210712951
8087.0,162.89903268746667,163.3617244913874,301.89512377771786
8088.0,163.38847909151917,163.27694227745982,300.19545126763137
8089.0,163.05822785686195,163.1926373882288,301.11691642915883
8090.0,162.63577017179492,163.10807372086498,301.37766994189377
8091.0,163.15857712657441,163.02343682522294,299.26427088551213
8092.0,163.304325009595,162.93939344248258,299.4160733638891
8093.0,163.28107128837647,162.85530742854624,301.0537409992511
8094.0,162.78022839790512,162.77076150294897,299.64320558330974
8095.0,162.93508837817893,162.6866117027143,299.6470647802542
8096.0,162.37583759304084,162.6024608186885,300.70888125647366
8097.0,162.1392727344051,162.51801174120232,299.37430543558617
8098.0,162.03889031136052,162.4339374570925,300.85120400225514
8099.0,161.95034554571225,162.3494484106352,301.01921486673683
8100.0,162.12016990807294,162.26491218112676,300.65903624786546
8101.0,161.96637327703493,162.18047710178053,299.3691130461145
8102.0,162.19887328129153,162.0964042758667,298.07602012253176
8103.0,161.73778589606607,162.01269459354899,300.3195500586273
8104.0,161.9632523708365,161.92835485324088,298.92089349253445
8105.0,161.8258220035049,161.84440790231838,300.42194236167904
8106.0,161.63150842784864,161.76003940683847,300.1128168083274
8107.0,161.64054103155945,161.67575772411817,299.4196742800539
8108.0,162.02816385574476,161.59167069892453,299.35996632351885
8109.0,161.4740437572423,161.50760044171534,300.35516176381805
8110.0,160.42818833027113,161.42325070045334,299.4436809722728
8111.0,161.38816099971166,161.3391569333803,299.53925187268953
8112.0,161.18725913176732,161.25503632681273,301.5318339421578
8113.0,161.5563582672826,161.17035613678064,300.0093729655151
8114.0,160.93692065812192,161.0861035045395,299.63091507811157
8115.0,161.06512499571122,161.00195715588842,298.5039804161358
8116.0,160.9848197878618,160.9181272880549,297.7485351512211
8117.0,160.41147350331448,160.83450957443327,300.04926662541357
8118.0,160.77808793608375,160.7502457387226,300.8659075369827
8119.0,160.88092605916296,160.66575256302264,300.1906739922204
8120.0,160.87723015581525,160.58144901540982,299.5775094552439
8121.0,160.2158627740272,160.49731766483785,298.66707869514096
8122.0,160.6150377225705,160.41344199357093,299.9766795854741
8123.0,160.28925753297185,160.32919854272066,299.91433610376373
8124.0,160.30332455280936,160.2449725999982,298.8517875906358
8125.0,160.23718785148395,160.16104505631648,300.5211664531065
8126.0,160.62198232611718,160.07664869540423,300.69560943772433
8127.0,159.71189640200257,159.99220334508715,300.6129391874263
8128.0,160.34377320904943,159.907781211332,301.2346192177501
8129.0,159.76086437945776,159.82318448910166,301.1453514320399
8130.0,159.531543167768,159.73861283624115,301.4016584152533
8131.0,158.66071324798722,159.65396920383617,299.19899951845923
8132.0,158.84898110588514,159.56994415147142,299.3538838018754
8133.0,159.87326225233858,159.48587560243703,299.3765331806244
8134.0,159.60068458323792,159.40180069270215,301.39839863457615
8135.0,158.71214402626492,159.3171579757523,299.2265607319137
8136.0,158.8278848408365,159.23312518328007,299.62906038713635
8137.0,159.0760774508282,159.14897935548802,299.78303231608777
8138.0,159.0074969997093,159.0647902872459,301.36320987814224
8139.0,158.78892665959526,158.98015745247181,298.39288237925257
8140.0,158.9426089834525,158.89635878467033,299.8005945351814
8141.0,158.43946005707835,158.8121647843717,300.34587651375705
8142.0,158.85471211588487,158.72781765071744,300.6151343905533
8143.0,159.26932078859647,158.64339490047607,299.3567545929379
8144.0,158.3372513880081,158.55932554522786,300.1752749431598
8145.0,158.1996022157299,158.47502632218132,298.42541622061714
8146.0,158.81608635928743,158.39121851779268,300.22940294728545
8147.0,158.39466770001158,158.30690409379835,300.8490023593774
8148.0,158.1581560637419,158.22241566563576,299.48739055029085
8149.0,157.73852883286963,158.13830962345625,300.2205257852542
8150.0,158.05287336202372,158.0539976924649,299.81089132727544
8151.0,158.4045901684436,157.96980080048382,300.1155553685527
8152.0,158.0610850726449,157.88551834868446,299.6194672307849
8153.0,157.78613996855503,157.80137521497048,300.29125962576643
8154.0,158.3767817229514,157.7170434195589,301.7872666779623
8155.0,157.49790153168814,157.63229149550017,300.4028575474334
8156.0,157.86692587707503,157.54792835967228,300.50401399508377
8157.0,157.9369257909151,157.46353681574197,299.4262119672356
8158.0,157.35245879619566,157.37944795454786,300.8349477546624
8159.0,158.1996166625734,157.29496347338673,299.54376515235305
8160.0,157.23052568485915,157.2108415993398,299.7203357755178
8161.0,157.55112181992322,157.12667013837617,301.77699845473694
8162.0,156.61769873234434,157.0419210979768,298.37245510921787
8163.0,157.15155554950528,156.95812816683366,299.6771257217282
8164.0,157.1655542417274,156.8739688406935,298.4984502648341
8165.0,156.58362416402997,156.79014052591077,299.3364933497111
8166.0,156.09529407911094,156.70607686069502,299.6271649548445
8167.0,156.69131116978883,156.62193156520357,299.50814369383636
8168.0,156.405415663524,156.53781969484953,300.1116309042159
8169.0,156.39185725348815,156.45353834517059,298.90973544028526
8170.0,155.74827482598283,156.3695945278011,300.3059835700237
8171.0,156.72810645695057,156.2852585974152,300.99816239974166
8172.0,156.40202762104127,156.20072828014128,300.1185799941785
8173.0,155.99794826965106,156.11644497892627,300.3571467183562
8174.0,156.00965712357876,156.03209468022288,298.5115858335418
8175.0,155.90899309041015,155.94826267653463,299.1900669307327
8176.0,156.0251577210023,155.86424013273825,301.29256230685996
8177.0,155.65289338403218,155.77962713815708,299.1865600492262
8178.0,155.2322621188472,155.69560557920988,299.8537431970043
8179.0,155.27378814260598,155.6113966529954,299.867271888354
8180.0,155.7125609012153,155.52718392747343,300.48807187769785
8181.0,155.2576262503731,155.44279686062112,301.24855255588875
8182.0,155.59886676404898,155.358196225445,300.41281906137885
8183.0,154.9753623108664,155.27383029209193,300.76177875639144
8184.0,155.35343575827454,155.1893663592245,301.3551716593623
8185.0,155.3097646938702,155.10473578185014,300.2118426794146
8186.0,155.35141257740463,155.02042628936434,300.0412500719451
8187.0,154.87960575984968,154.9361647049691,299.3546256862202
8188.0,155.6031410608087,154.8520959475889,299.4910990105495
8189.0,155.2481728466811,154.7679888639501,299.08321227921556
8190.0,154.60852795492679,154.68399632850173,299.7643239099038
8191.0,154.65984640761093,154.59981251420368,298.24926243811564
8192.0,154.5786853432594,154.516054179669,301.9695957805924
8193.0,154.14291857523313,154.43125105152063,299.5648180737514
8194.0,154.06571175175856,154.34712326511155,299.67766024916904
8195.0,154.70700689551296,154.26296378885826,300.2798934541927
8196.0,154.90523849768502,154.17863518544652,301.2289496983965
8197.0,154.12579970708572,154.09404005540625,300.01155008014155
8198.0,154.69622572672958,154.00978681175874,301.97553528138536
8199.0,153.85965549233688,153.92498201560056,297.7007954314779
8200.0,153.7170401643907,153.84137770888356,302.6401456813901
8201.0,153.83455566504284,153.75638626797138,299.4900560037558
8202.0,153.78914859721417,153.67227947724362,299.5284897156883
8203.0,153.6326397275181,153.58816189304844,298.6112723819128
8204.0,152.79989396111228,153.50430189405452,299.5783250293575
8205.0,153.0167231017129,153.42017031444215,300.20503379181815
8206.0,153.39737907230733,153.33586273411896,299.7189991227918
8207.0,154.0041050836411,153.25169164853196,302.0859206438109
8208.0,154.06610420529836,153.16685585248447,300.8548309802066
8209.0,152.43929470785122,153.08236578745084,300.2711022053352
8210.0,152.814876704121,152.99803965291483,299.7067763805537
8211.0,153.00783082721725,152.91387199988128,301.4052936078874
8212.0,153.51561736908866,152.8292273465931,300.62004174047394
8213.0,152.7269262333978,152.74480321820425,300.6840373560298
8214.0,152.6542687417948,152.66036111771345,298.075343207026
8215.0,152.95402304035042,152.57665162549614,301.0441773027748
8216.0,152.0426270411164,152.4921083857036,300.3488753019933
8217.0,152.30270071417664,152.40776040988965,299.0690140663329
8218.0,152.0846621559391,152.32377186177266,300.9583862688438
8219.0,152.40173389069332,152.23925271496213,301.43550041872726
8220.0,152.30480679264653,152.1545995785945,299.69656555048147
8221.0,152.53409804687945,152.07043479310244,299.3459632822538
8222.0,151.09458846547935,151.986368468414,299.8965035803004
8223.0,151.76736187630783,151.90214753365856,300.29817888337897
8224.0,151.77038719705172,151.81781379508882,299.3853570901804
8225.0,152.12651007221842,151.73373640730597,298.78562795955236
8226.0,152.49150005445782,151.649827443454,301.87149656170425
8227.0,151.03189672086063,151.56505186483628,299.9747029355571
8228.0,151.68571905449653,151.48080896909522,299.70680555279534
8229.0,151.646344163868,151.39664130786917,299.3080574096348
8230.0,151.68378715488328,151.31258562841327,299.48175453112185
8231.0,151.1267103178308,151.2284811690158,300.93813970815273
8232.0,151.25111428824462,151.14396770811442,299.0637676170427
8233.0,150.55030957033125,151.0599806333753,300.93106927078236
8234.0,150.5643945547924,150.9754691580884,299.0299277379005
8235.0,151.0824290509809,150.89149158671532,299.65152698848146
8236.0,150.75708286863812,150.80733944955273,298.3357232662656
8237.0,150.53720673697808,150.72355683393545,298.9903392707717
8238.0,149.98244157772953,150.63959038032357,298.5765024682814
8239.0,150.37102118989674,150.5557401458804,300.49354626393824
8240.0,151.0137101795929,150.47135154163794,300.61711373761455
8241.0,150.1078530379182,150.38692823552998,300.328257475958
8242.0,150.9536034278024,150.30258604988882,299.76206884206954
8243.0,149.92927425870323,150.218402868889,300.26604183498574
8244.0,150.0961913912045,150.13407815547367,301.3428446140335
8245.0,150.39562178181058,150.04945103994459,300.03486457463066
8246.0,150.35571615611795,149.96519124880984,299.70879763824905
8247.0,152.94336267030056,149.8810230281398,299.7888925742512
8248.0,148.98855705419933,149.79683231414185,300.24129518268455
8249.0,150.62358051788854,149.71251455041138,300.1895800614151
8250.0,149.71380976957244,149.62821131001084,301.4857077123981
8251.0,149.05814536790007,149.54354407376158,301.05098958402664
8252.0,148.89117408874338,149.4589989208534,298.76512281160245
8253.0,149.27015086230097,149.37509571553048,299.13321528386496
8254.0,149.02773237625763,149.2910891375716,300.03543034803727
8255.0,149.82881523393812,149.20682918754886,299.4938307238787
8256.0,148.94418162354762,149.1227213367539,300.15148076250904
8257.0,149.00125637951464,149.03842879590638,301.02059032442094
8258.0,148.70206529389822,148.9538921801236,300.1871088993094
8259.0,149.54964300187703,148.86958963370773,298.7472208488774
8260.0,148.55957203460002,148.7856914558527,299.798626533382
8261.0,152.09885488337403,148.70149800823458,300.6258692691697
8262.0,148.99205883873032,148.61707224328148,300.69330387723966
8263.0,149.13345481431938,148.53262754044266,300.25275788514983
8264.0,148.1588658949475,148.44830655760322,301.52800779802465
8265.0,148.39456808863568,148.36362744207995,299.1286616679357
8266.0,148.43771305763966,148.2796221429282,299.0870356752933
8267.0,148.07162741214026,148.1956285337427,301.35119136220885
8268.0,147.97260727327705,148.11099907416846,299.23883852165153
8269.0,147.90406254543754,148.02696283368363,299.06150429389993
8270.0,148.18581642895867,147.94297639456107,300.281183918565
8271.0,148.2958567162464,147.85864742874395,299.5670940524676
8272.0,148.56708685908055,147.7745190031642,300.2260139151757
8273.0,147.24676558565955,147.690205530923,300.4674280049556
8274.0,147.32972347400204,147.60582426155833,301.00514323354895
8275.0,146.6365496014756,147.52129198383352,300.18437317395757
8276.0,146.7622591955563,147.4369902057005,301.08853143006485
8277.0,146.9679609934852,147.3524345097906,299.64452715273694
8278.0,147.12437232166232,147.2682843384152,299.2395472773719
8279.0,146.05290159542352,147.18424789888815,301.5720209586056
8280.0,146.47899446035137,147.09955642300224,298.74296456102144
8281.0,147.26314536521357,147.01565944045467,300.5587703045799
8282.0,147.30023310864289,146.93125251912744,298.7874394715143
8283.0,146.1758415548302,146.8473430465425,298.4823808217522
8284.0,146.788233100959,146.76351924459505,300.0467529785882
8285.0,146.90697703204054,146.6792561148002,299.86972684662766
8286.0,147.20510353561264,146.5950426998441,298.7995196822646
8287.0,146.37533828583952,146.51112983473334,299.45895714203874
8288.0,146.75595036937148,146.4270317776026,300.42355891716375
8289.0,145.80486453773094,146.34266282814002,301.3483952745555
8290.0,146.76982337891377,146.25803415380042,298.56499651602337
8291.0,145.47340376880882,146.17418715061217,301.13297504764597
8292.0,145.95673407732315,146.08961897345296,299.8484455055371
8293.0,146.00265401047525,146.0054115350068,301.76405804254193
8294.0,145.47372016411512,145.9206661287065,301.3442281618622
8295.0,145.85956467833532,145.83603862463104,299.79162590472424
8296.0,145.6539517744594,145.75184714302281,300.6481382427349
8297.0,146.26557734694057,145.6674151241996,299.88688180345804
8298.0,145.5427411088324,145.5831968915598,298.2512079003346
8299.0,146.22621577415944,145.49943801067445,300.440587354227
8300.0,145.66242890725493,145.41506427905915,300.5818265612469
8301.0,144.9167819602615,145.33065088276658,299.6728240612887
8302.0,145.80580693438353,145.24649276467602,297.5840062514455
8303.0,145.26780809791688,145.16292125625375,299.63254322826344
8304.0,144.71134660385908,145.07877445036382,301.82563596898507
8305.0,144.78973594602385,144.99401175092922,300.15192053142584
8306.0,144.26753227992748,144.90971908658,299.7559918135712
8307.0,145.0670907183868,144.82553761221237,300.20419821102365
8308.0,145.10867263987203,144.74123026654811,299.8751140521147
8309.0,144.17355328308952,144.65701533868514,300.4089034549094
8310.0,143.82525815454184,144.57265050496488,301.6818272941556
8311.0,143.96802431084063,144.48792819179977,299.45769950099015
8312.0,144.59145037739714,144.40383048785657,300.4238270434026
8313.0,144.82944904385508,144.3194614630952,300.0344079879838
8314.0,144.49567899952123,144.23520180018528,300.33829315720226
8315.0,143.7456012542382,144.15085679619028,299.42193689658814
8316.0,144.05387521811195,144.06676913557848,300.1338146161142
8317.0,144.14505731676343,143.98248155597378,300.53889141834867
8318.0,144.00346232444073,143.89808021730045,300.4035615552503
8319.0,143.6605579321623,143.81371688376368,300.4776451228327
8320.0,143.91914188755058,143.72933274509165,299.6683471471082
8321.0,142.76933576810163,143.64517588426784,298.73307858898806
8322.0,143.93586537244352,143.56128167803075,300.0862578411063
8323.0,142.7152956871233,143.4770074539537,301.92210708311165
8324.0,143.7102999947339,143.3922176622145,300.9950299556974
8325.0,141.9896263182417,143.30768822463529,298.6511214880323
8326.0,143.4936949387156,143.22381703468406,299.72577470072355
8327.0,143.30221522329418,143.13964404628894,298.75103997139905
8328.0,142.44084296788773,143.05574479589694,299.1362837164895
8329.0,142.96940338235,142.97173735621988,299.0422850252222
8330.0,142.72802189567048,142.88775631450864,301.2946592529568
8331.0,142.08174069546982,142.8031427310351,299.93994856269484
8332.0,142.64372300721323,142.71890959548043,300.5921089835733
8333.0,142.7235263361689,142.6344933115409,299.3846322424565
8334.0,143.0226120271688,142.55041612731947,299.6962670218339
8335.0,142.5281216279792,142.46625142566415,300.0733739705646
8336.0,142.9250375941448,142.38198081980744,300.3071343846079
8337.0,142.73968883103373,142.29764456623445,301.3007804926573
8338.0,141.98400928910073,142.21302926371277,299.75472989378085
8339.0,141.74881821112106,142.12884814373425,299.64514093267763
8340.0,142.06563129852944,142.04469779998897,298.92840661594636
8341.0,142.78257881596073,141.96074873913102,298.67010839245927
8342.0,141.75158972168902,141.87687221702413,300.45476462711395
8343.0,141.70385037240237,141.792494503958,299.5637121345979
8344.0,141.78482317590095,141.70836702813358,299.6594258598006
8345.0,141.63817871373547,141.62421267270463,300.3090758472143
8346.0,141.30232699515744,141.5398758739042,300.3093786255984
8347.0,141.148457196601,141.45553899007353,299.09117148374247
8348.0,141.35132361655866,141.37154421941517,300.28808691090484
8349.0,141.04267447517466,141.28721331500768,300.4788968750092
8350.0,141.3161567487634,141.20282882480194,300.84220407191225
8351.0,141.7185000677247,141.1183423058251,300.10424925710254
8352.0,140.49450059933307,141.03406302915872,299.5618029402603
8353.0,140.2381861264511,140.9499360894997,298.1321944946628
8354.0,141.06059753109392,140.86621063154578,300.2853815192148
8355.0,140.71311328474934,140.78188048690245,298.63258335787754
8356.0,141.11809191291636,140.69801450307614,300.096814578833
8357.0,140.39653505532937,140.61373731431524,299.1897864631545
8358.0,140.73456344945703,140.5297148492835,300.18785358492516
8359.0,140.2839866131207,140.44541209373506,298.1843432799775
8360.0,139.74870512138182,140.36167199066392,299.34874288364784
8361.0,140.03330600545692,140.2776048853708,298.67234917576536
8362.0,137.6383721754735,140.19372773397725,299.5573462001858
8363.0,140.8943521978965,140.10960204591936,301.06921010467187
8364.0,139.5197691401196,140.02505177608165,300.50052598658965
8365.0,139.92737825158198,139.94066121170044,301.1505129830666
8366.0,140.04331462145694,139.85608810930435,301.250879035816
8367.0,139.87683942227383,139.77148682077512,298.97270049581044
8368.0,139.700185580584,139.6875253207192,300.10896057853404
8369.0,139.72863307628037,139.60324472095675,300.29310904696604
8370.0,139.49831829280092,139.51891240616607,300.0605701520491
8371.0,139.24888386797042,139.43464539604835,300.31380967807087
8372.0,139.67238107863704,139.35030726783043,300.962858658616
8373.0,139.8713319297923,139.2657868650238,301.1053279710395
8374.0,138.92916856695317,139.1812264520853,300.5242792155653
8375.0,139.47184972644618,139.0968292170056,299.98728164661253
8376.0,138.8598991274341,139.01258278874315,298.4496615867569
8377.0,139.0005118296038,138.92876817544754,300.462851530161
8378.0,139.38317259618265,138.84438819130952,298.35206072362706
8379.0,138.7667845381072,138.7606009875896,301.18763978410766
8380.0,138.33623434491884,138.67601745875027,299.8896144633375
8381.0,138.33896214818284,138.5917984586885,299.8989982244569
8382.0,138.72769806406498,138.50757682335376,298.840327307156
8383.0,138.64535000291568,138.42365249810172,301.37679370863725
8384.0,137.93724640218394,138.33901584853515,300.2750795105426
8385.0,138.48293078898826,138.2546885970393,299.0473597962612
8386.0,137.48717433235214,138.17070613016318,300.40222775329784
8387.0,137.7751617433567,138.08634317120243,299.43561061123694
8388.0,138.15207177664183,138.00225167055578,299.47555854664427
8389.0,137.66728790557056,137.91814895119725,299.7853599282312
8390.0,137.98398970853833,137.83395922928406,299.23811751490547
8391.0,138.0723191475021,137.749923191282,301.3534060750286
8392.0,137.8477700190973,137.6652931097426,297.97590124778066
8393.0,138.1461665992567,137.58161154414222,299.5475879529682
8394.0,137.50162050295327,137.49748859652544,299.3581850081174
8395.0,137.99399735977408,137.41341883956898,298.8480893494073
8396.0,136.62519717315664,137.32949233447664,299.5068667866033
8397.0,136.7385749956489,137.24538082272073,298.86439230849896
8398.0,138.1318697137742,137.16144973921408,298.8282681842595
8399.0,137.41583832092712,137.0775288005657,300.23414125623486
8400.0,136.5125042359409,136.9932130458962,301.90724042477046
8401.0,136.96586345473463,136.90842742921024,299.6695007053308
8402.0,136.7169225674411,136.82427024442882,300.1618318190135
8403.0,136.9445938950315,136.73997479665962,298.8456759170673
8404.0,136.22963542290887,136.65604896933962,300.05231192759885
8405.0,136.3738467683388,136.5717842784066,301.1216868750739
8406.0,136.36685019848122,136.4872192713425,297.28635016942087
8407.0,137.17984748791693,136.4037313546699,300.8873360752866
8408.0,136.70448283635557,136.3192321611221,301.10890890788136
8409.0,136.26098112688172,136.23467074253716,300.9511525249462
8410.0,136.42283799682352,136.15015362720303,301.19500871068817
8411.0,135.73009559000832,136.06556802892345,302.5158279772861
8412.0,136.37151992916753,135.9806115005665,298.2370599245198
8413.0,136.50297931216886,135.89685659290438,299.69662322730085
8414.0,135.28984758785074,135.81269179121472,302.6240621194796
8415.0,135.65999788399765,135.7277048671028,299.3885068751669
8416.0,135.87471214926146,135.64362659475535,300.5806454487169
8417.0,135.19330862102566,135.5592135301585,300.0577368628249
8418.0,135.63319607839136,135.4749473157229,300.77414157715344
8419.0,135.70119726649264,135.39047991096328,301.040201275343
8420.0,124.65974160323688,135.30593778777177,300.4507559659914
8421.0,135.3801112268155,135.22156120047129,301.0103939522145
8422.0,136.15499633357055,135.1370274481697,298.295631427073
8423.0,134.907740858691,135.05325609167727,298.5220143807217
8424.0,135.19318955404006,134.96942115930537,298.83512347893543
8425.0,135.4899217094265,134.88549829546173,298.5473823550523
8426.0,134.90525018334037,134.80165623891696,299.8859862892794
8427.0,134.4345427808709,134.71743825776744,300.4113222577418
8428.0,134.53760897358546,134.63307274476674,298.03737131041396
8429.0,134.61448678040023,134.54937391632373,301.2311925720382
8430.0,134.9463927028552,134.46477815640975,298.81848148874263
8431.0,134.32578726105572,134.38085996619165,300.3887391303518
8432.0,133.87746579190807,134.2965007952859,298.19653722228986
8433.0,134.5455519052209,134.21275726774928,299.0861837010168
8434.0,134.51467990666183,134.12876389782656,298.8492457033743
8435.0,134.33344642547792,134.04483706799152,300.5785168981516
8436.0,133.70089630783366,133.9604246011626,299.20950883434347
8437.0,134.18124681562625,133.8763965974316,298.75419912280216
8438.0,133.55905212785964,133.7924964598446,300.22159504748095
8439.0,133.3253911008621,133.7081842285688,299.3834577084164
8440.0,133.4474562204123,133.6241073741957,299.7156110949956
8441.0,134.07739866401073,133.53993724007984,299.0527804594258
8442.0,133.11853870097997,133.45595325090082,298.5339037464183
8443.0,133.76722981932346,133.37211497959873,300.3457437919814
8444.0,133.8451540267724,133.2877678832171,300.8801433714716
8445.0,134.0756551220967,133.20327070962026,302.17826317406605
8446.0,133.60951855683751,133.11840898071222,301.31632441959425
8447.0,132.79101782250748,133.03378931293773,299.95783945470214
8448.0,132.15373197279956,132.9495511530242,299.16165644065353
8449.0,133.33939543748045,132.86553658784044,300.7153235226536
8450.0,132.73664401335796,132.78108570115114,300.6257417374894
8451.0,132.44611500525448,132.69665997201318,299.94836520791597
8452.0,132.06850063701353,132.6124244727839,301.02106642493777
8453.0,132.17759688896942,132.52788772329626,299.07541295147155
8454.0,132.26881773831047,132.44389737815908,300.8095113199006
8455.0,132.86047608302377,132.35942004039674,299.30623681433445
8456.0,131.87666163033356,132.27536487222477,301.64175056822086
8457.0,132.40722222838414,132.19065381394017,300.91738424996527
8458.0,132.46222502839223,132.1061461818633,300.56565637501797
8459.0,131.56513277847654,132.02173732669803,300.4732051038363
8460.0,131.18310571759113,131.9373544349313,298.8335756352333
8461.0,131.39274312546797,131.85343200577375,301.2875196552601
8462.0,131.3361080723106,131.76882042733726,299.2673262431655
8463.0,131.60325691026293,131.68477618655066,300.08603735515544
8464.0,131.47929498095482,131.60050202439345,298.77039342780836
8465.0,131.70931407692538,131.5165973389058,300.4413997075626
8466.0,131.83971014153616,131.4322233791546,301.63754581279306
8467.0,131.36383638114512,131.34751350170546,298.49778204342607
8468.0,130.92944727378114,131.2636853745816,300.90356086627463
8469.0,131.1900898298203,131.17918162457164,297.8435753073663
8470.0,131.72660570650993,131.09553722050615,298.10263661487414
8471.0,131.0369377212507,131.01182006339013,299.44326596455323
8472.0,130.54204458469962,130.92772641286507,299.3903736285027
8473.0,131.00148664115056,130.84364761627103,299.8442281091346
8474.0,129.9362820456464,130.75944136221037,299.11850945599843
8475.0,130.71424907929077,130.67543891413817,302.06293907327813
8476.0,130.66950101297417,130.59060957208175,300.48235675323275
8477.0,131.8237140035918,130.50622411022684,300.315341254532
8478.0,129.8751769001982,130.4218855518912,299.2137424535025
8479.0,130.64452912614402,130.33785635921885,300.8920222349931
8480.0,129.3635656609884,130.2533558496412,300.69478773100866
8481.0,129.98038603537924,130.16891073008674,298.3661709843806
8482.0,129.74608469244413,130.08511956373528,301.1206896970321
8483.0,129.90948542869202,130.000554836712,300.6289537301901
8484.0,128.04604927069323,129.91612820553945,300.0928570265176
8485.0,130.99604765676085,129.8318521281912,300.86457741440177
8486.0,130.03795561808306,129.74735932603397,299.8800893180055
8487.0,129.5385545671591,129.66314300095047,300.2369120671428
8488.0,129.91641729510812,129.57882646814494,298.76601579695216
8489.0,129.38263546211883,129.49492301204197,301.4888096717455
8490.0,128.87850582669327,129.4102549046592,299.04214314419886
8491.0,129.90813132111253,129.32627390279282,301.23500421696355
8492.0,129.67084414981616,129.24167707244192,301.2453520409188
8493.0,129.37657182557157,129.15707733607707,301.49105266886687
8494.0,128.91065962897702,129.0724085987859,300.45883442276187
8495.0,128.58023141785756,128.98802974278547,299.47157970519714
8496.0,128.74099161009931,128.9039281408183,301.3791759376071
8497.0,128.50691976942227,128.81929082224246,300.0326330752636
8498.0,128.45630936000686,128.73503165778715,300.69908504829766
8499.0,128.36370580139007,128.65058533140274,300.99483736334463
8500.0,129.24695633081203,128.56605594790986,300.5343236573833
8501.0,128.93156356892442,128.4816558920161,299.9302925004112
8502.0,128.58674493078658,128.3974254682056,299.6678843588577
8503.0,128.52310869355605,128.31326873734815,299.5980726757724
8504.0,127.61730201132038,128.22913161193839,299.1582268621501
8505.0,129.09397955810996,128.1451180098946,298.7272986054476
8506.0,129.18196416750936,128.06122542686956,299.60782707249325
8507.0,128.2805921604767,127.9770855621,298.1950324904751
8508.0,128.70877361968084,127.89334245714228,298.5931576388524
8509.0,127.60518660739362,127.80948754537201,301.0063056722135
8510.0,127.68008823555186,127.72495494119573,301.680686830338
8511.0,127.62407272937267,127.64023294831091,300.7912725372604
8512.0,127.74914610857235,127.55576073260667,299.6871294201602
8513.0,127.29959363099003,127.47159859709451,300.2817348602938
8514.0,126.84940564892304,127.38726947655456,300.9046910490896
8515.0,126.53209624694927,127.30276540915162,300.179343738457
8516.0,128.1814105842754,127.21846504345174,298.6248868989361
8517.0,126.41330253331374,127.13460122104763,299.7308474158354
8518.0,127.70730969813324,127.05042680806498,301.6657536306473
8519.0,126.77412893423927,126.96570900892036,300.74038247020206
8520.0,131.49000984352182,126.88125108484333,301.3036018506511
8521.0,127.19126039586568,126.79663498999028,300.33322404268
8522.0,127.28711488692204,126.71229140957163,298.7163409940921
8523.0,126.75700075230394,126.62840190380909,300.7109508028849
8524.0,126.55574931907728,126.54395224512527,301.3517052052052
8525.0,126.40569934845132,126.45932264124679,300.379395634453
8526.0,126.66305018034825,126.37496609430613,301.5026779497511
8527.0,126.74525930902804,126.29029409224857,301.3245269109672
8528.0,125.75650540847121,126.20567212094112,298.9887590732493
8529.0,126.58592971662728,126.12170611110136,300.8344962704977
8530.0,126.07847936662962,126.03722175673204,299.9640328203012
8531.0,125.93070343982836,125.95298185751504,299.7174461119468
8532.0,124.85863782516354,125.86881120806527,302.1434710271571
8533.0,125.6487093691931,125.7839592499518,301.56877738460435
8534.0,125.59144850562713,125.69926868496962,298.9426968636039
8535.0,125.77800874224147,125.61531561093375,301.3587200101968
8536.0,125.89805074979715,125.53068403706422,299.29824488120846
8537.0,125.39204185010132,125.44663111329342,299.4704655854259
8538.0,125.46485929585545,125.36252982420818,299.59296577391876
8539.0,125.48313243483248,125.27839413298669,298.9390507863359
8540.0,124.70404066552094,125.19444208289087,300.0584315489873
8541.0,124.95238309085133,125.11017567336418,301.1167000347301
8542.0,125.94449704840262,125.02561206677107,299.814057750717
8543.0,124.56290746814527,124.94141428555272,302.85361636620775
8544.0,124.97769686674108,124.85636289495652,300.56221531085407
8545.0,124.7011530465983,124.77195500615673,300.8676256439051
8546.0,125.05578051561542,124.68746134795504,298.72035294475
8547.0,124.85317149006963,124.60357071550308,298.42315169835666
8548.0,124.86629379920339,124.51976354706781,299.12356628736916
8549.0,123.99781537960129,124.43575967886878,298.7845275442347
8550.0,124.20200510135469,124.3518510240501,299.29579741941893
8551.0,124.48441108629378,124.26779878760814,301.28306473512
8552.0,123.79588671803668,124.1831884602617,300.8798815843134
8553.0,124.4478039967336,124.09869136018347,299.1175504279457
8554.0,124.01977423393944,124.01468918143831,299.24964827738785
8555.0,123.52493529489118,123.93064990521373,298.77687204694075
8556.0,123.96235741503318,123.84674340031388,298.9953566423727
8557.0,123.977810290796,123.76277553765681,299.16093269171915
8558.0,123.7601158456369,123.67876117572585,298.5872891162484
8559.0,122.98193365611407,123.59490791203235,301.3789111371573
8560.0,123.39263957526641,123.51027066782136,298.70328676232685
8561.0,123.48983569376196,123.42638482812225,299.9023691312081
8562.0,123.48750588379804,123.34216224612456,300.8781140053627
8563.0,123.40721095289764,123.25766564244138,301.8686236072928
8564.0,123.09656480361126,123.172890870645,298.78462569910084
8565.0,123.31071088804161,123.0889821882612,300.1068170985107
8566.0,123.63842058710735,123.00470219045938,300.509857466317
8567.0,123.50528007188218,122.92030900548757,300.2207261470447
8568.0,123.10499071602575,122.83599701822797,301.1833018073819
8569.0,122.62009740523445,122.75141470763705,301.07241713510797
8570.0,122.24235546594024,122.66686353715826,299.83405888654653
8571.0,122.63798457642609,122.58266013895428,299.594290105317
8572.0,123.49470259456217,122.49852407581638,299.7610092721702
8573.0,122.1116228601387,122.41434119237911,298.46928341674817
8574.0,121.95139608786111,122.33052106861957,299.88680158279624
8575.0,121.53555198117566,122.24630285850843,300.1951379239983
8576.0,122.37775624052911,122.1619980572748,299.6860746224105
8577.0,122.14257730352607,122.07783621798504,299.4574107220893
8578.0,122.03052037028517,121.99373859514057,299.8277966101624
8579.0,121.91207103717336,121.90953695559254,299.38862492194585
8580.0,121.35815579501839,121.82545865009365,300.1949222357052
8581.0,121.47502539855773,121.74115390943243,299.62359388970094
8582.0,121.18006789538721,121.65700961681506,300.7220691225285
8583.0,121.47086243039139,121.57255683573649,297.8417518216708
8584.0,121.68400917410706,121.48891294376656,299.5760257987645
8585.0,122.07348003992956,121.40478200985474,299.1537145054058
8586.0,120.97913789254207,121.32076967503116,300.1639689351513
8587.0,120.83921294286588,121.23647362708853,297.7489797312518
8588.0,121.20719523282261,121.15285578861398,301.04157639056945
8589.0,121.17623885933578,121.06831327924426,299.1328319028351
8590.0,120.76566944353947,120.98430680895156,298.279265794188
8591.0,121.23943204459339,120.90054004847434,299.06468506114857
8592.0,121.05332645967005,120.81655271608632,299.0552786034938
8593.0,121.16920218850144,120.7325680253452,302.26368838371036
8594.0,120.40196624036467,120.64768230619077,298.20267588051826
8595.0,120.50909636821397,120.5639370547143,298.699173015752
8596.0,120.38270792521415,120.48005237029237,299.2630063273589
8597.0,120.38816878510434,120.39600934268208,299.29991603175296
8598.0,120.29498999978141,120.31195594959651,296.824774955183
8599.0,119.72484434824501,120.22859765862994,301.7517069147632
8600.0,120.12093265315609,120.14385572093803,299.53687251092566
8601.0,119.86056522582211,120.05973578257455,298.3731669911862
8602.0,120.60642103042439,119.97594265151119,298.4396897174976
8603.0,119.73670210220746,119.89213083864885,302.1971103515435
8604.0,120.40223582209536,119.8072638168251,301.9037044544591
8605.0,120.25906049769162,119.72247919315745,300.776772134258
8606.0,119.58045279818859,119.63801104964976,301.41439352841826
8607.0,119.55702874726862,119.55336384080051,300.2535740268801
8608.0,120.36909918822356,119.46904262876133,299.1019359879564
8609.0,119.68233064755131,119.38504483507138,300.83667204538125
8610.0,119.56643285196448,119.30055986967196,300.21236758388403
8611.0,119.43676861516266,119.21625022977545,300.28431345051393
8612.0,118.73272049178941,119.13192038508143,299.39055476840144
8613.0,119.35507725798513,119.04784153761733,301.0445464939316
8614.0,118.79318546287922,118.96329819414363,299.0231583087047
8615.0,118.61687467884097,118.87932252385191,300.97905669737025
8616.0,119.05607091245494,118.79479757209606,301.02087951546656
8617.0,122.25031995116993,118.71026087509881,300.4412443767491
8618.0,118.51858907903457,118.62588695896969,299.58850334756863
8619.0,118.36795967227249,118.54175252094622,297.7908956846291
8620.0,118.71642824871502,118.45812291107478,300.2957213630659
8621.0,118.2028809724178,118.37378986265868,299.5856983845337
8622.0,118.43172396518622,118.28965621236239,300.84064537475734
8623.0,118.54733098612378,118.20517013111966,298.9965749117802
8624.0,117.70979255243978,118.12120192633195,299.5810698600532
8625.0,118.03576542728835,118.03706957587957,301.5176832598324
8626.0,118.45628345126202,117.95239335983078,299.16266404282675
8627.0,117.72093455412175,117.86837851167874,302.3917677556469
8628.0,117.5584550028557,117.78345682356739,298.09982412442247
8629.0,117.92620172482869,117.69974045629246,299.3405867557201
8630.0,118.16111705664045,117.6156756415119,300.83436451469225
8631.0,117.11012711353459,117.53119132414405,300.40861798661336
8632.0,117.55607160663112,117.44682657059279,300.89105613895254
8633.0,117.67527854753705,117.36232633232709,299.469529060107
8634.0,117.30414662977708,117.27822530624934,300.59733562896423
8635.0,117.20184093479233,117.19380755449353,301.0924507859389
8636.0,116.88434966930458,117.1092507578978,300.8388889752881
8637.0,117.235965359107,117.02476516991057,300.8093161124852
8638.0,117.29505838163509,116.94028788696896,299.7163438377743
8639.0,116.42734324558256,116.85611754707449,298.69575182675766
8640.0,117.15212950478154,116.77223382343647,298.48974828778773
8641.0,117.66343266112642,116.68840795245896,297.49943471041377
8642.0,116.4195661451179,116.60486019454446,299.8052084539108
8643.0,116.45728507092642,116.52066489850368,300.318101256201
8644.0,116.08759588975562,116.43632556506755,298.5316777721294
8645.0,116.37187186066863,116.35248791889322,299.7317461858187
8646.0,115.83169208348983,116.26831325350605,298.94002401552467
8647.0,115.95839086638966,116.18436093009502,299.9545457764848
8648.0,115.84658778639036,116.10012369515614,299.76852326324456
8649.0,115.72728242172506,116.01593870153974,298.6776756757802
8650.0,115.5391154932497,115.93206005428746,298.5868113018203
8651.0,116.16302321055369,115.84820692478021,300.12067880528986
8652.0,115.8046158856378,115.76392303414906,297.67925813034003
8653.0,115.95811165951048,115.68032477582415,299.0145365798281
8654.0,115.37572801958939,115.5963515268013,300.1741724489602
8655.0,115.48118675492043,115.51205261337189,298.97758038990503
8656.0,115.22222845393085,115.42808974287904,300.73937634833896
8657.0,115.83260523616816,115.34363210135456,299.16140335976365
8658.0,115.92663948545608,115.25961760724435,300.3369339636196
8659.0,114.58721367950987,115.17527298495621,300.33528824027434
8660.0,115.32285536310793,115.09092882484208,299.77561254644576
8661.0,115.03233036012435,115.00674184031858,298.7041314402362
8662.0,114.74895047435824,114.92285576340578,299.9669658940806
8663.0,114.58218088319741,114.83861504048384,300.478982199651
8664.0,114.21303586401555,114.75423052631609,300.4890986882347
8665.0,114.20504002391272,114.66984317110114,299.9096574939531
8666.0,114.29023987013136,114.58561854228823,300.37238949217874
8667.0,114.77663450817296,114.50126396290588,299.90614838427103
8668.0,114.74225915109774,114.41704031956796,298.98214443077626
8669.0,114.61877310693289,114.33307616734031,299.6521684719463
8670.0,114.68096561527402,114.24892385002778,300.48543284458816
8671.0,117.89811802084739,114.1645375243039,298.45298996278
8672.0,113.72135554748317,114.08072197628933,298.06004195102065
8673.0,114.05816292400978,113.99701678117472,300.2060751284136
8674.0,114.54322939772125,113.91270890840948,300.0540525763566
8675.0,113.92735799345978,113.82844372864429,301.40053248117204
8676.0,113.78556170951023,113.74380041243914,299.10303602669126
8677.0,113.65869675164959,113.65980230982161,298.4176173977737
8678.0,113.39710704890946,113.57599669560243,301.2564700761402
8679.0,112.99879746159257,113.49139383692271,300.1589650786146
8680.0,113.23206967052236,113.40709919422983,299.45997663618954
8681.0,113.074154463087,113.32300085079117,301.71588247741
8682.0,113.57402637402451,113.23826897379543,298.8720100785979
8683.0,113.58732909631362,113.154335750965,299.53335809336744
8684.0,113.20320210656868,113.07021679956713,300.9362636830475
8685.0,112.42656338012783,112.98570386551611,301.55175122238836
8686.0,112.8598659430847,112.90101808204781,300.1771344449044
8687.0,113.0325387245398,112.8167183367912,301.1790631566184
8688.0,113.28514791634022,112.73213721655475,299.79438957248317
8689.0,113.07485918219345,112.64794495881648,299.45271445017926
8690.0,112.4684778886383,112.5638486548417,300.5969094958793
8691.0,113.15410457357034,112.47943102275825,302.32006972544104
8692.0,111.8189050679092,112.39452946984369,300.2197739280995
8693.0,111.61292939302254,112.31021774999886,299.2330832082982
8694.0,112.56788578412221,112.22618312579785,299.281841617673
8695.0,111.88292630731529,112.14213480861024,298.5658818508206
8696.0,110.14918881986303,112.05828755679045,301.25203880974533
8697.0,111.86688996305571,111.97368594255808,299.9521707395093
8698.0,111.47257610878673,111.8894493746087,300.09078904809127
8699.0,111.05684732983347,111.80517387801771,301.57896534795054
8700.0,112.21617125444176,111.72048045191585,299.12955517792665
8701.0,111.13155770160466,111.63647490183673,299.0473418142956
8702.0,112.50346036981641,111.55249244001057,300.6450898379887
8703.0,110.94504478970782,111.46806127728108,300.07775844221476
8704.0,111.00854870691761,111.38378944011858,300.2172801709938
8705.0,111.10097749648999,111.29947842060389,299.6970666973459
8706.0,111.50233986644766,111.21531349437305,298.8242654060195
8707.0,110.91827422730242,111.1313936798382,301.0733624474177
8708.0,111.60930000066843,111.0468422438842,300.5825921831309
8709.0,110.75542547604283,110.96242863257942,300.9969594136204
8710.0,110.57928924166202,110.87789865314409,300.0370374595936
8711.0,110.67687109264938,110.79363825179082,301.94201906144804
8712.0,110.5833653058172,110.70884286810437,300.1719024692939
8713.0,110.57182932064319,110.6245445921609,300.7681607295034
8714.0,109.93926738714441,110.54007886702267,299.6530848888305
8715.0,109.90200524519712,110.45592629234974,300.3208474058263
8716.0,109.51040144361954,110.37158618770324,298.53645240362044
8717.0,111.0955828524431,110.28774720065324,299.7377844681367
8718.0,110.52247040931502,110.20357083951512,299.04976521734557
8719.0,109.89261845136667,110.1195876971166,299.15284259921765
8720.0,109.80792898464107,110.03557560715333,301.2101959395708
8721.0,108.80243152355676,109.95098574379364,300.23988875751485
8722.0,110.23634686356776,109.86666837503422,300.0456311145289
8723.0,109.22393880011943,109.78240556029621,300.34064228219376
8724.0,109.71928878927916,109.69805989658863,300.25854538005774
8725.0,109.47563048425548,109.61373728842774,299.1807774007558
8726.0,109.65244115865144,109.52971735344106,300.8403326320257
8727.0,109.35427692684105,109.44523136002688,301.3569721137543
8728.0,109.40370456740187,109.36060027702494,298.0730770773901
8729.0,108.60340468765,109.27689142121237,300.0718550683242
8730.0,109.19915634925147,109.19262124191401,300.18295946867335
8731.0,105.23620452285714,109.10831986079658,298.9839285145397
8732.0,108.69712722989811,109.02435520753873,299.8458509163759
8733.0,108.40746323529386,108.94014849773974,300.7498891688395
8734.0,108.77946859673504,108.85568790386482,299.9974745661027
8735.0,108.75210439090206,108.77143861309085,301.19136350842405
8736.0,108.98526226805998,108.68685403850559,300.21839536400836
8737.0,108.01908751667963,108.60254270580754,300.0637456789418
8738.0,108.0597472211689,108.51827480389605,299.8825642852006
8739.0,108.52824636156056,108.4340577837593,299.3559482525614
8740.0,107.73138874081455,108.34998865495835,299.9076018495327
8741.0,108.02903642976298,108.26576460343897,300.38900170440223
8742.0,107.74397933385754,108.18140535879363,302.8086133053658
8743.0,107.75913328297513,108.09636660655701,301.842995686199
8744.0,108.13012614014895,108.01159903193515,300.3477046144723
8745.0,107.813907636106,107.92725138488923,301.27502266815304
8746.0,108.65841595398666,107.84264331602326,297.73663302504616
8747.0,107.20266687188328,107.75902894491537,300.91878453247574
8748.0,107.64384622280582,107.6745209195925,298.46187991197536
8749.0,107.4824799618447,107.5907028749839,299.3511752842427
8750.0,107.0005554189311,107.50663508659157,300.0031396321146
8751.0,107.11195621118534,107.42238420487823,299.17300591782566
8752.0,107.29595129663622,107.33836645238299,299.0650558197639
8753.0,107.62548490304472,107.25437901587357,302.54885142668036
8754.0,106.87447281998693,107.16941321343127,298.9888788580054
8755.0,106.92951764060629,107.08544716995199,301.20888431521377
8756.0,107.16740407770467,107.00085767494015,301.2459633974812
8757.0,107.32194425463167,106.91625776688602,300.0207605630223
8758.0,106.44745308800101,106.83200193662788,298.0364994802332
8759.0,107.12900828439105,106.74830335302381,299.52258335585594
8760.0,107.38400182547896,106.66418742753137,299.38720407649515
8761.0,106.82613336666842,106.58010952105322,298.2474379064413
8762.0,106.6011202895388,106.49635169890782,299.48880766570755
8763.0,106.6758353604322,106.41224525875504,298.8806124760118
8764.0,105.86074271624821,106.32830962008468,299.97170515526966
8765.0,106.79119477992612,106.24406756622022,299.96521530369506
8766.0,106.34531043000042,106.15982733492241,300.28521306203066
8767.0,106.11695136557006,106.0754972375875,300.4016679458277
8768.0,105.87582428547395,105.99113443583938,300.84515146034556
8769.0,106.33520071728138,105.90664708913762,299.52248856031946
8770.0,106.15199943257733,105.82253119026693,299.47080970076803
8771.0,105.58413964778516,105.7384298045426,301.18677604027386
8772.0,105.51155857694852,105.65384651827128,300.1406435801622
8773.0,105.87536398991661,105.56955702086583,300.28190256645905
8774.0,105.50509607667104,105.48522785322838,299.0470704654342
8775.0,104.98385602246822,105.40124546760599,299.8170438850645
8776.0,105.15677230103896,105.3170468477816,300.74117167575565
8777.0,104.91098960904444,105.23258870206931,299.46687368982555
8778.0,105.93750416510387,105.14848842170807,299.32560772812985
8779.0,104.29529907077134,105.06442781353776,300.57999404271925
8780.0,104.61974808095364,104.98001493187745,299.722378744472
8781.0,104.96712019840524,104.89584289718003,301.50255496973233
8782.0,104.27552068170903,104.81117092965938,300.92346597088425
8783.0,104.35789796596099,104.72666158963256,298.525268234873
8784.0,104.0219369520304,104.64282574346991,298.4439422506329
8785.0,104.37950895081912,104.5590127363545,300.0661591448659
8786.0,104.07471788764593,104.47474415666133,299.11679493298533
8787.0,104.45163795202082,104.39074219008434,301.1298957134711
8788.0,104.94324057226109,104.3061748777048,300.9426031145495
8789.0,103.69468439991245,104.22166016333013,298.98271609935244
8790.0,103.9795926991382,104.13769585055891,302.40738108151703
8791.0,104.53881962506279,104.05276977770521,300.2592291993042
8792.0,103.52964434776072,103.9684469775051,300.0317204177945
8793.0,103.63142149199894,103.88418806935442,299.66647967628944
8794.0,103.81171772320278,103.80003173297865,298.59097851735106
8795.0,103.9844998045037,103.71617743317834,300.8890162926124
8796.0,103.76485706374424,103.6316777677695,300.3948837042888
8797.0,103.23683213198089,103.54731687126258,298.694693086116
8798.0,103.54050313975112,103.46343344495419,299.1460553653997
8799.0,103.43741517518609,103.37942326107243,302.17676551780846
8800.0,103.27600423522178,103.2945619527562,299.929383173666
8801.0,103.27534276599688,103.2103317843149,300.1378933700248
8802.0,102.51295496977022,103.12604305926018,300.2705490020788
8803.0,102.75861941757807,103.04171708008211,300.43805443721993
8804.0,102.99732064064898,102.95734405979432,301.2238954155964
8805.0,102.48921343508594,102.8727503491651,299.2003327336272
8806.0,102.52820067615987,102.7887249223891,299.6162601623525
8807.0,103.07957661906438,102.70458268932683,300.89044706898005
8808.0,101.96689622554466,102.6200826221083,298.8402082721058
8809.0,102.67877693235374,102.53615833028523,300.3463944985209
8810.0,102.45963429627257,102.45181105116357,301.2345842675999
8811.0,103.3278694082462,102.36721433874843,299.65377591619625
8812.0,102.42741583506803,102.28306157001198,299.50959499269055
8813.0,102.36522774496954,102.19894929208489,300.1400645706609
8814.0,102.05788220612416,102.11465995728464,299.1498231660969
8815.0,101.59131721408156,102.03064871527883,300.34925448329795
8816.0,101.8207199617928,101.94630063297812,300.3744145064252
8817.0,101.80876656620403,101.86194548490421,298.95690008670647
8818.0,102.18779573688583,101.77798842212985,300.9257372158982
8819.0,102.21562582244451,101.69347844426169,300.62536661711806
8820.0,101.22906713777697,101.60905282047005,301.3598013903302
8821.0,95.38176920464491,101.52442094291293,299.2332980021005
8822.0,100.75698124788252,101.44038625839065,299.27343730412196
8823.0,101.42415718715988,101.3563403014144,299.95420721902
8824.0,101.48775017315288,101.27210316155376,298.9400948546847
8825.0,101.87521602689098,101.18815081824874,297.847852175517
8826.0,101.5375720832109,101.1045052130961,298.585727140385
8827.0,100.27550678378523,101.02065238805754,298.82989136527164
8828.0,101.60841207144934,100.93673099356577,300.5203676786475
8829.0,100.706915309336,100.85233485697601,300.3603414220578
8830.0,101.3247130401204,100.76798366109334,300.3404067810965
8831.0,100.6231438410845,100.68363806352228,301.497878330897
8832.0,100.31185137773588,100.59896740935766,300.4297397196782
8833.0,101.10428100307645,100.51459672411974,299.4579245352848
8834.0,100.29932018985593,100.43049895697942,299.66465833066695
8835.0,100.80208293036603,100.34634313209821,299.71076090379404
8836.0,100.3982916692143,100.26217436007771,300.9154992361511
8837.0,100.3848462726394,100.17766725737556,299.5891702300844
8838.0,100.27441307401766,100.09353263206927,298.40838517446304
8839.0,99.67808977212127,100.00972961056611,299.8891146617051
8840.0,100.94571647042781,99.9255107508653,299.75506667962026
8841.0,100.03628507986289,99.84132953630612,299.019074782145
8842.0,99.26864763912157,99.75735501280478,298.6693792923332
8843.0,99.66140678240257,99.67347869545351,298.9592563444623
8844.0,99.05040172617699,99.58952097096342,299.78048818322134
8845.0,98.92929346790616,99.50533261719865,298.9916285118735
8846.0,99.30637297245232,99.4213658015249,301.2904056767639
8847.0,99.10973579411277,99.33675341259736,299.42882725567983
8848.0,98.5541877464074,99.25266381694307,299.1724977020065
8849.0,98.84783363530808,99.16864620717173,299.9734916221079
8850.0,99.0778164915666,99.08440365160784,300.1697638867302
8851.0,99.34596458328707,99.00010597624966,301.16226854101274
8852.0,98.73980732520891,98.91552957250107,300.3199451097425
8853.0,98.8350557116939,98.8311897212494,301.7086071357498
8854.0,98.50450578486672,98.74645988741213,300.1353349559921
8855.0,98.24278357140513,98.66217188084529,300.33826367465736
8856.0,98.31558224272786,98.57782688512998,301.61013134845064
8857.0,98.30845975061939,98.49312470657628,300.9420193024951
8858.0,98.51919048994606,98.40861015615549,299.4382069832655
8859.0,98.7953047286979,98.32451792636101,299.6501355739485
8860.0,98.42562173409308,98.24036617995401,297.86519635360327
8861.0,97.69782097605956,98.15671570397804,301.317102346613
8862.0,97.28536682111252,98.07209581773569,299.6397460633516
8863.0,97.9428100143721,97.98794698904956,297.2856069651925
8864.0,98.16194415144956,97.9044592810935,297.5637208149723
8865.0,97.50822007287883,97.82089346949792,300.2650463414853
8866.0,97.61687254730039,97.73656903565035,299.30384069044345
8867.0,97.78468557784706,97.65251454038977,297.32975751990705
8868.0,97.21454205298042,97.56901443348629,298.3712231941345
8869.0,97.61297011599935,97.48522184830594,299.10318442480934
8870.0,97.13966384529637,97.40122370401332,299.20997206906117
8871.0,96.89196365386992,97.31719557019058,300.0087512116945
8872.0,96.63216231092744,97.23294311255863,297.78001502356943
8873.0,96.99870389397732,97.1493165583395,300.8614768953501
8874.0,96.76196464472662,97.06482462691142,298.9411320461853
8875.0,96.71316605273776,96.98087199232842,299.24073121502613
8876.0,96.44031309261699,96.89683522031217,298.6273830410825
8877.0,96.79740375782899,96.81297069690811,300.2010556404474
8878.0,100.04727534978375,96.72866423378242,301.2070122595504
8879.0,96.38215391976418,96.64407526450617,299.79465138420096
8880.0,97.13267648486669,96.55988293324246,300.935700926813
8881.0,96.4590401735147,96.4753701572322,299.44758629916583
8882.0,96.13242758023091,96.3912752934132,297.720949036287
8883.0,96.94103103933408,96.30766532689219,301.1030795776387
8884.0,96.02599067607576,96.22310554537748,300.1802595527665
8885.0,95.75335004970893,96.1388049224864,300.0411594329539
8886.0,95.71622347957366,96.05454336354566,298.72468781137985
8887.0,95.70172649983047,95.97065151371862,297.9608425651094
8888.0,95.5325808838129,95.88697417709822,301.7704319429238
8889.0,95.8788878454204,95.80222698079423,298.88561590695997
8890.0,94.87946068278187,95.71828993699367,298.89129326406663
8891.0,95.93738795127439,95.63435129880202,299.84438405064896
8892.0,95.57119161115567,95.55014500094777,300.763962853504
8893.0,95.62567082953142,95.46568045471308,300.0914954039867
8894.0,95.61840568729494,95.38140475975376,300.0065329357161
8895.0,95.30927141338495,95.29715292508766,298.2281095752941
8896.0,95.1939358191295,95.21340053098196,300.8157453918092
8897.0,94.95642099247395,95.12892144248443,300.5017541517287
8898.0,95.3320661671474,95.04453053319345,298.77266149964737
8899.0,95.04645474551042,94.96062521075565,299.7781206460162
8900.0,95.08357705420046,94.87643752187421,299.87534547093975
8901.0,95.06681053539,94.79222252902113,300.51113663607725
8902.0,94.4384284313893,94.70782898481585,298.80936157262613
8903.0,95.37901472102382,94.6239133557742,300.38426795763377
8904.0,94.48188785260322,94.53955544052275,300.9929783346948
8905.0,94.50263026404129,94.45502657910711,300.2825666672742
8906.0,94.21773216111787,94.37069722496805,299.6812631708618
8907.0,94.76733448002705,94.28653673689423,300.406857713718
8908.0,94.84080047633434,94.2021724776863,299.27849326391674
8909.0,94.21100301597548,94.118125100828,301.9650256803871
8910.0,93.82712138582663,94.0333232561161,300.4368655453236
8911.0,94.41322026118011,93.94895056970881,299.71765381856324
8912.0,94.04399673568395,93.86477986192807,300.7764730909285
8913.0,93.46172202477001,93.78031180240168,299.3479826832056
8914.0,94.89669326091307,93.69624491059814,300.2825005928397
8915.0,93.67098583685642,93.61191557501499,300.3488195530526
8916.0,93.11018772911463,93.52756761485715,298.5753388285358
8917.0,93.89438168842621,93.44371770720282,300.53326157712536
8918.0,93.24660464567553,93.35931794957659,299.689913638183
8919.0,93.54957502130905,93.27515503216321,301.6506190399369
8920.0,93.37833525713762,93.19044148331614,301.83913350094923
8921.0,92.42133724210618,93.10567499332461,299.8611473588509
8922.0,92.52390468748456,93.0214639877747,300.84993787466385
8923.0,93.3133401374785,92.93697529688822,300.09419514715324
8924.0,92.84816293022755,92.85269884375107,300.97565845148677
8925.0,92.91819367720322,92.76817484633597,297.9734889745569
8926.0,92.78863042360253,92.68449395818226,300.47694524870326
8927.0,92.71086213286219,92.60011001605824,300.02191846246205
8928.0,92.22121969576199,92.51585386062337,299.95459455144794
8929.0,92.05200425998133,92.43161661198683,300.4066503250006
8930.0,87.11925959009517,92.34725241102055,299.84855154353704
8931.0,92.40822109496169,92.26304494279537,299.2739258211752
8932.0,92.46604912561939,92.17899884862729,300.058583866164
8933.0,92.68708705988747,92.09473239632487,300.89328085327384
8934.0,91.71659972155271,92.01023153328524,301.6673520403736
8935.0,91.57292801662096,91.92551328525388,298.98226995894976
8936.0,91.6924863785055,91.84154909777374,301.0954018256163
8937.0,91.59779333387664,91.75699147242773,299.01885138364304
8938.0,91.5201425816006,91.67301701166414,299.97381791670625
8939.0,91.66845282091387,91.58877436446585,301.1315530917698
8940.0,90.95723123740376,91.50420658663924,299.131492342723
8941.0,91.65171414647939,91.42020049253966,298.33771804844605
8942.0,91.2077351609828,91.33641731672107,299.9812331226886
8943.0,91.79712791382777,91.25217258708577,299.9501913201102
8944.0,91.13235559310984,91.16793657502333,300.9127602777797
8945.0,90.6269412738594,91.08343024151199,300.57520169963476
8946.0,91.00365048346033,90.99901870570136,299.91601917194623
8947.0,90.2920363703479,90.91479229031725,299.8293442204512
8948.0,90.4084386878471,90.83059021614866,298.20436611478937
8949.0,91.12875214128356,90.74684448999811,300.24812051913966
8950.0,90.34811267123088,90.66252480948566,301.322951992379
8951.0,90.20534651449847,90.5779032804678,300.6651145083023
8952.0,90.3759235223148,90.49346649414338,301.3756991983899
8953.0,90.82809853544836,90.40883015195185,299.49856270145443
8954.0,89.70425282311274,90.32472097225988,297.87371663641454
8955.0,89.83695431086593,90.2410681035045,299.81138592838465
8956.0,89.86705605596248,90.15687107262298,299.8017213368966
8957.0,90.58411063434784,90.07267675588085,302.44468831587005
8958.0,90.03201816794392,89.98774020591213,300.617736532687
8959.0,89.91200499590799,89.90331672490257,300.81662309541673
8960.0,89.07245133903197,89.81883738991661,299.4705254039797
8961.0,89.80851890925855,89.73473608403235,299.0146592611713
8962.0,90.05883619141947,89.65076280055652,299.3334756214441
8963.0,89.63568693905498,89.56669998281947,298.57561938947
8964.0,88.89561069565632,89.48284999637426,300.33347489313604
8965.0,89.0295845927517,89.39850634550845,299.9607274094853
8966.0,89.24669240149522,89.31426737456094,299.73968165195686
8967.0,89.03950481389467,89.23009048063037,299.231053033861
8968.0,89.56846186347408,89.14605642657003,299.8837335255929
8969.0,88.92686110209432,89.06183907807159,298.2163379909076
8970.0,89.48038897875941,88.97808998981914,300.3879507917822
8971.0,89.27998103497711,88.8937310403051,298.76571627026834
8972.0,88.46876664939036,88.80982766831923,300.34579294129503
8973.0,88.66350145190599,88.7254805581349,302.17554696157555
8974.0,88.83130871865767,88.64061959202988,299.7974220986157
8975.0,88.7565239397104,88.5564264826572,300.21888158902277
8976.0,88.69054334946927,88.47211501341094,299.6841928995611
8977.0,88.66668377480046,88.38795370257165,299.83409364735405
8978.0,88.68836185141156,88.30375029460569,300.18011382482985
8979.0,88.02650621263075,88.21944971263991,300.680881581109
8980.0,88.4908547664757,88.13500849839588,298.5736535856938
8981.0,87.79826102845358,88.05115906401392,299.19707020701054
8982.0,87.78176497392447,87.96713455346409,299.41046571931923
8983.0,88.6529368103547,87.88305011434122,299.21274615337194
8984.0,87.87429334153964,87.79902120146316,298.88746757530924
8985.0,88.35382194283488,87.71508363765246,299.3303590126664
8986.0,87.96779929424784,87.63102169516304,300.0706891856636
8987.0,87.70022981518709,87.54675184328337,299.60491013936803
8988.0,86.81892280491059,87.46261279768592,299.7812762658234
8989.0,88.19924283022713,87.37842422260127,299.076125830294
8990.0,87.17681566616692,87.29443367726392,299.0356801224435
8991.0,86.94993557329362,87.21045449042953,299.81294202382844
8992.0,87.94959850318341,87.12625702254452,301.11756257464447
8993.0,86.88366221196502,87.04169317372148,299.77121279546395
8994.0,87.15424309577314,86.95750742479476,299.20334567398186
8995.0,87.07746631077434,86.87348115188465,298.92623722109937
8996.0,87.16478086095255,86.78953270026506,300.23418218381363
8997.0,87.10970712274191,86.70521693410177,301.1079508284777
8998.0,86.61886421310933,86.62065578457744,301.0435913287308
8999.0,86.95004261151819,86.53611270934594,299.6195830418627
9000.0,86.56175782432493,86.45196954310836,301.5775590741013
9001.0,86.56649949983304,86.36727651193505,299.0661683710638
9002.0,86.0912392805734,86.2832887629842,298.82313629463755
9003.0,85.31184554998316,86.19936926554146,300.0708914201395
9004.0,85.25862576967106,86.11509935686762,301.6916501287088
9005.0,85.98779244253662,86.03037428512312,299.7347647727357
9006.0,86.20436891215972,85.94619877201613,300.34063285220384
9007.0,85.14592832954703,85.86185311095682,300.1744679897044
9008.0,85.55559571931138,85.77755411452974,300.0296206189473
9009.0,86.3833764261522,85.6932957960726,300.04795577009514
9010.0,86.52633098194998,85.60903232849383,299.57734210659396
9011.0,85.89200523160297,85.52490102491888,300.3545750399906
9012.0,86.69747258455105,85.4405514484285,301.0151154962598
9013.0,85.3900906451849,85.35601637015995,299.91708106114845
9014.0,85.4251855467279,85.27178965656191,300.8823413432843
9015.0,85.60933211710048,85.18729186570133,299.50155776893916
9016.0,85.10636954004536,85.10318184489452,299.6782456089638
9017.0,85.16378573828142,85.01902220425266,300.0405125049883
9018.0,84.57111014709318,84.93476082699084,299.2081960551041
9019.0,84.62050586360108,84.850733191932,298.4440627987524
9020.0,85.8979978399956,84.7669201509627,299.2369802852625
9021.0,84.45596195224157,84.6828844323326,298.077088559085
9022.0,84.23283147855423,84.59917444996225,300.41936938137053
9023.0,84.45606210104594,84.51480667706099,299.1510912615518
9024.0,84.29471378783654,84.43079507893171,300.346247201022
9025.0,84.56960738972838,84.34644784117609,301.6412221203429
9026.0,84.31667848781295,84.26173693129729,301.1063219521403
9027.0,83.44084707841971,84.17717623921573,301.60487704443136
9028.0,84.34346304456719,84.09247553624576,300.4513522452303
9029.0,83.68178054261342,84.00809878149025,299.18654056171584
9030.0,84.1311310977056,83.92407722801582,300.200706637394
9031.0,83.98987166434706,83.83977086290184,299.8961418920532
9032.0,83.43951822905929,83.75555002972047,300.15286175413036
9033.0,83.88354787815506,83.6712571010445,301.1516333807285
9034.0,83.18687826123217,83.58668368400345,300.53047894720015
9035.0,83.9372628355172,83.50228470783242,299.7123988024906
9036.0,82.78951420360056,83.41811547583539,299.1283753240529
9037.0,82.90071013126676,83.33411025709854,298.4710524601926
9038.0,82.70170190443285,83.25028963653264,299.58683434445794
9039.0,83.71812706815531,83.16615566722088,300.32840764052503
9040.0,82.2387748455492,83.0818134394085,300.3869935758036
9041.0,82.31945791915487,82.99745475871262,300.40203203118443
9042.0,82.38886412708644,82.91309185471718,301.09521835474754
9043.0,83.02404525630912,82.8285342808959,300.44351353914726
9044.0,83.06024664033306,82.7441597275103,299.86516084964126
9045.0,82.40358079367505,82.65994759483833,299.9361136307342
9046.0,82.78046683061741,82.57571553626033,299.06293802021685
9047.0,83.20820660938061,82.49172869449964,302.27621337199395
9048.0,89.76395215258681,82.406839457911,300.14164005736586
9049.0,81.90697214809377,82.32254968066158,301.1308665771728
9050.0,81.96730498510964,82.23798209563112,300.5010543060351
9051.0,83.18752273566129,82.15359138288017,299.6374927003157
9052.0,81.72199594331077,82.06944318701346,300.0101063047995
9053.0,82.17938353532541,81.98519034882622,300.9243202274958
9054.0,82.412479594373,81.90068076889568,297.5741792373407
9055.0,81.14236381843907,81.81711202022655,299.38183073147377
9056.0,82.22109989767338,81.7330356227628,297.9036477450311
9057.0,81.1000002799495,81.6493743483544,301.88407622187214
9058.0,80.7398941726084,81.56459523694878,300.64419360172894
9059.0,82.19393070132702,81.4801643259123,300.91545299718643
9060.0,81.52846560574321,81.3956572361956,299.4969694273749
9061.0,81.77610789529359,81.31154850394806,300.06533997076633
9062.0,81.33944768848946,81.22728015430627,296.6859962656476
9063.0,81.71819435448056,81.14396083702168,299.53311564824054
9064.0,80.3638367323468,81.05984195371047,302.8350997652058
9065.0,81.09955239291686,80.97479576319307,299.7351534953302
9066.0,80.76192481069648,80.89062014091982,301.1186581982744
9067.0,80.62667412372491,80.80605598440916,300.2816590889439
9068.0,80.92049568589184,80.72172688514831,301.3517606906172
9069.0,79.76472087788993,80.63709726568771,299.6822003476365
9070.0,80.05095011727454,80.55293651442341,299.11658666709167
9071.0,81.14480517150314,80.46893460633437,299.4676132056505
9072.0,80.6177521603647,80.38483411829247,299.44861385159555
9073.0,80.28723798918111,80.3007389659025,300.51922741122706
9074.0,80.57091291308976,80.21634314953786,298.83330292364377
9075.0,79.67623986167233,80.13242079696684,301.0034763936459
9076.0,80.35990396915193,80.04788898734627,299.676873992125
9077.0,80.74233487714797,79.96372973190013,300.3599239155688
9078.0,79.38741117265472,79.87937865326715,299.26733790265627
9079.0,79.55768918497792,79.79533440920616,300.0155408773331
9080.0,79.53742161945364,79.71108004480976,299.39021660487896
9081.0,79.34436283206475,79.6270012923132,300.5628069186283
9082.0,77.04614754891958,79.5425932373702,299.1282242496126
9083.0,79.16363239175251,79.45858806106007,299.79884553554865
9084.0,78.98724881746396,79.37439455193882,299.69620989129834
9085.0,79.54215745092444,79.29022986632768,300.3179597452802
9086.0,79.26825139130291,79.20589057263253,299.78688789836093
9087.0,79.37881772346184,79.12170042161438,299.8743820943002
9088.0,79.6560931495683,79.03748569930957,300.301242157918
9089.0,78.68878744370015,78.95315110047021,299.4467981286667
9090.0,79.36230896746247,78.86905645799573,298.62472854930866
9091.0,79.3100965044736,78.78519268006147,301.1565110596947
9092.0,78.75632138623791,78.70061789320552,298.2465114087623
9093.0,78.49308379641002,78.61686033125153,299.9675911467795
9094.0,77.61231249677628,78.53261943273779,299.04405337230787
9095.0,78.7132656251697,78.44863789441575,299.5655876686462
9096.0,78.19089144380435,78.36450989187882,299.5013148473993
9097.0,78.4895900658201,78.28039993929254,299.26607932861765
9098.0,78.7649614931304,78.1963560486811,298.54591773764344
9099.0,77.64329178331552,78.11251440344975,299.9220010340189
9100.0,78.66236293647347,78.02828630815938,299.60469909727067
9101.0,77.59781690906168,77.94414732182958,300.0548021096545
9102.0,77.73456941986291,77.85988193157044,299.2396493892479
9103.0,78.12967322948619,77.77584546336693,300.1852927330036
9104.0,78.09116627407165,77.69154342699107,301.37092209474264
9105.0,77.66865757027362,77.60690842636949,299.80947964688875
9106.0,77.69370606626765,77.5227119308353,300.5094512334753
9107.0,77.5525102688214,77.43831885994723,302.18148041946523
9108.0,77.07808106110576,77.35345622752942,300.4396754209455
9109.0,76.49352272184387,77.26908275201538,300.3196665686851
9110.0,76.20979428974442,77.18474297898734,300.6098175498859
9111.0,77.33931498634134,77.10032172189207,299.86007753673147
9112.0,76.95624421454686,77.01611101678385,300.33348055320687
9113.0,77.2172961239615,76.93176736432846,301.04529001938647
9114.0,77.25138681749112,76.84722381204801,299.03749359876167
9115.0,77.67431098931213,76.763244115929,299.8324480592611
9116.0,76.33071051914476,76.679041170099,302.1227028676357
9117.0,76.5824553294041,76.59419504437702,299.95516597064636
9118.0,76.3156916660298,76.50995763526689,299.6462772611766
9119.0,76.12304350468558,76.42580697240273,299.28395555921577
9120.0,76.54620447522275,76.34175806154985,300.229249137973
9121.0,76.41901648419791,76.25744368075026,299.9489952566378
9122.0,76.22566482903932,76.17320800458236,299.34999664846475
9123.0,75.68132417941928,76.08914054719023,300.46078285028176
9124.0,75.72174910152285,76.00476114400647,300.50277528168874
9125.0,76.07620841127735,75.92036994794819,299.3629925050011
9126.0,76.19699454449888,75.83629884088637,300.9510604361247
9127.0,75.96530645819541,75.75178175141392,299.026104070892
9128.0,76.11494739733459,75.667805253854,299.8182757071452
9129.0,75.66475012095405,75.58360628809288,300.39873130198333
9130.0,74.91904496108403,75.49924431105222,300.38516575609754
9131.0,75.63163608486819,75.41488614366904,298.87540769419905
9132.0,75.65651914644948,75.33095196667495,299.9343139779266
9133.0,75.31572554537028,75.24672041349947,300.7213224203379
9134.0,74.56906324724187,75.16226784211977,301.2932764534089
9135.0,75.08733243783138,75.07765464698244,300.21034410247046
9136.0,74.72593539042252,74.99334557534699,300.0932920161125
9137.0,74.43855675364424,74.90906937583912,299.4269278029612
9138.0,74.83200019691505,74.82498031361445,299.7291596715302
9139.0,74.82963185467783,74.74080637460672,299.99850639706915
9140.0,74.99531700274794,74.65655679406024,299.70963218574934
9141.0,74.97198434269224,74.57238833902143,299.87895408558626
9142.0,74.70081473123328,74.48817233274904,298.9292635621745
9143.0,74.09233696020037,74.40422303123202,298.9717133660737
9144.0,73.75888869965246,74.32026180839503,299.26222574621903
9145.0,75.00628188107767,74.23621899999799,299.56524118513306
9146.0,74.40274755112637,74.15209109476515,300.0025285949268
9147.0,73.8902431035435,74.06784038465139,300.9779128413862
9148.0,74.68033472857054,73.98331575412841,300.23231806694366
9149.0,73.43131909647482,73.89900051147129,300.78482201889005
9150.0,73.83006097778278,73.81453010728765,298.2364662866602
9151.0,73.89480228904333,73.73077536633883,301.13901924699866
9152.0,74.07196147536936,73.64620549176695,299.5639380619985
9153.0,73.43436168320213,73.56207795249453,301.84942766909415
9154.0,73.11369325036617,73.47730857155746,299.8811890933488
9155.0,73.38711367895723,73.39309193762043,299.8432006447462
9156.0,72.80925166973819,73.30888597210604,299.34185682475675
9157.0,72.85965576237332,73.22482080064775,299.97820071215125
9158.0,73.73506909421411,73.14057692261444,299.0733633464307
9159.0,73.55348076019503,73.05658715307463,302.244119875104
9160.0,72.74510247970262,72.97170692940969,300.3016656448773
9161.0,73.27138842450749,72.88737221164112,299.21793935602153
9162.0,73.08387237673321,72.80334184033863,299.22629115058777
9163.0,71.57975778139105,72.71930912357382,299.2730932033007
9164.0,73.39178655075503,72.63526326323259,300.607610655043
9165.0,72.17556632562588,72.55084262590698,301.39095264149915
9166.0,72.68568918707113,72.46620200004014,300.61965774886835
9167.0,72.88843468901815,72.38177797948899,297.8299897872907
9168.0,72.95596439392041,72.29813739069036,299.84140317373357
9169.0,72.37528364979882,72.21393192996572,300.9970774927801
9170.0,72.42388495205961,72.12940191736985,300.5006626640836
9171.0,72.82066848421006,72.04501131460502,298.9155506384508
9172.0,71.9194595159775,71.96106586413407,300.9460850549871
9173.0,71.51858456644483,71.87655017191446,300.2887143912383
9174.0,71.7333423464894,71.79221909128958,297.90411830975074
9175.0,72.14204832537179,71.70855768473093,299.79818252549455
9176.0,71.6967043155913,71.62436436180504,299.8545943643729
9177.0,71.02451856750503,71.5401551965544,298.9179980233748
9178.0,71.12757834958401,71.45620905877615,299.47109648436077
9179.0,71.16227207702347,71.37210759251349,298.1523459652143
9180.0,71.55429914627064,71.28837647535494,299.4080995568858
9181.0,71.32126046114624,71.20429270072938,299.54619605753464
9182.0,70.99557136962686,71.12017014400324,299.44561843981785
9183.0,70.7470520863837,71.03607583282471,301.537548718599
9184.0,71.17054380954691,70.9513940378929,299.53478326605926
9185.0,70.1892484674407,70.86727468625901,299.06020874093605
9186.0,70.83745080970634,70.7832886109709,298.8281368748484
9187.0,70.852720514308,70.69936770919855,300.39133595067585
9188.0,70.64288051614076,70.61500780901906,299.4477678260688
9189.0,71.78789650278108,70.53091289422123,297.24920607493067
9190.0,69.9069643646871,70.44743540884849,299.01129494232015
9191.0,70.90552958984085,70.3634630701855,300.0345087805479
9192.0,70.16785916104989,70.27920337896964,299.96198835070334
9193.0,69.58137879284264,70.19496405390785,300.7535767639217
9194.0,70.13185075521773,70.11050242443334,301.44862292880293
9195.0,69.9213496266785,70.02584560282753,301.6237338897149
9196.0,70.30159417569502,69.9411396042268,300.3367440336698
9197.0,69.57841473651534,69.85679503527739,298.7941123457592
9198.0,69.68199308224203,69.77288368872692,298.34631947472747
9199.0,69.18319911015031,69.68909809734109,299.71169154239635
9200.0,69.4352875364801,69.60492906396627,299.4219532485034
9201.0,70.01176874101978,69.52084139876233,298.7095903299119
9202.0,69.11876469451964,69.43695378881135,300.08086279922065
9203.0,69.46419158441901,69.35268107984189,301.09317175808394
9204.0,69.48488565745023,69.26812408077313,298.41054574212995
9205.0,68.9374132550342,69.18432045251055,299.7468079546569
9206.0,68.8001433353523,69.10014155727663,299.337540872681
9207.0,68.82727960842539,69.01607759788152,301.7000993197094
9208.0,68.8984493845253,68.9313501533226,300.7171102746206
9209.0,68.36096990741834,68.84689876485382,300.39844625804835
9210.0,68.35884801231951,68.76253686786305,299.2190511884807
9211.0,68.56373790082971,68.67850618432095,301.0078204664307
9212.0,68.21563499129707,68.59397315473994,301.00403465891065
9213.0,68.11669869511343,68.50944118833988,301.0574717054332
9214.0,68.08066748631464,68.42489421503595,299.5227915550822
9215.0,68.2895872011606,68.34077823107424,300.0122185675944
9216.0,67.8268893809081,68.25652479969315,300.2591736001496
9217.0,68.74801776792944,68.1722020151071,300.32140864412656
9218.0,67.5329403396316,68.08786175284621,299.0831719700642
9219.0,67.96529879805229,68.00386922871793,300.7449473307444
9220.0,67.48928288771161,67.91941002267589,300.6249446704088
9221.0,68.46731029010775,67.83498451738096,298.03391025527804
9222.0,67.78491012061491,67.75128666091757,300.7326593804251
9223.0,68.0260481047856,67.66683090574156,299.4907165215247
9224.0,67.9463895831156,67.58272392951844,301.59952002608765
9225.0,67.63280055408352,67.49802473097778,300.9600948961911
9226.0,67.33249537416366,67.41350510432777,298.9162389753108
9227.0,67.48036099206696,67.32955946054884,299.58719420739214
9228.0,66.87354439054705,67.24542539017563,298.25852998928883
9229.0,66.8227232040656,67.16166445300361,300.61386759774683
9230.0,66.39097481536517,67.07724205851991,300.23787758483724
9231.0,66.96082839312382,66.99292525456485,299.90303129809513
9232.0,67.18475346701983,66.90870248660862,300.35634300857964
9233.0,67.1842094116716,66.8243524136137,298.2929118598922
9234.0,65.87688163272293,66.7405818208664,299.57343605267505
9235.0,66.9453234409137,66.65645161424162,301.96157172892197
9236.0,66.10411830767092,66.57165073951444,301.6179225367432
9237.0,67.11178473739449,66.48694637293534,299.48010896685605
9238.0,65.87639005292696,66.40284237566715,299.6933725696013
9239.0,67.22587779308496,66.31867848687051,300.23669868013525
9240.0,66.0796716658941,66.23436201399117,299.1306161609726
9241.0,65.87096271999279,66.15035616595262,299.315424350779
9242.0,66.4509384877934,66.06629841761412,299.68228916695256
9243.0,65.59905830695618,65.9821376414064,299.9563673778071
9244.0,65.64531744943994,65.89789989490113,300.4619746193103
9245.0,65.9973743740277,65.81352015702886,299.4068728754234
9246.0,65.38995783718696,65.72943672689637,300.48347142859615
9247.0,65.85665181179665,65.6450509520035,300.43537343260925
9248.0,66.0355606790101,65.56067868463116,301.05472439229726
9249.0,65.39366351730057,65.47613248286432,299.5857261080107
9250.0,65.93091513662824,65.39199882478232,301.6665842052601
9251.0,65.59365275902454,65.30728079238466,300.26790384408145
9252.0,65.06707869919458,65.22295555605513,299.10535273125026
9253.0,66.25012360561259,65.13895680282978,298.9283064421079
9254.0,64.1910919935036,65.05500777010396,300.4351397937632
9255.0,65.51129143561369,64.97063556834523,299.7009177274141
9256.0,64.95185295418955,64.88646956061679,300.6579841214302
9257.0,64.93747993911538,64.80203477674266,300.59887034269025
9258.0,63.37528662656958,64.71761659398807,299.5113110744191
9259.0,65.00216994289336,64.63350383412802,299.63098959686766
9260.0,64.55833637573959,64.54935746454956,297.9129528938172
9261.0,64.84239873368278,64.46569357694523,300.1871262595161
9262.0,64.14271019963638,64.38139102565398,299.52989090757677
9263.0,64.74583669426414,64.29727304795745,298.6454502916543
9264.0,64.57817046368746,64.21340345066723,299.7885739814202
9265.0,64.48243487269158,64.12921282614076,299.3134092951039
9266.0,64.29496343269008,64.04515564369703,300.5215667718705
9267.0,63.851521619451226,63.960759170361925,299.62337167225996
9268.0,63.29762233374212,63.87661494015062,300.24651743708426
9269.0,63.91756339102011,63.792295709837006,300.7471352531301
9270.0,63.830256887178514,63.70783588935339,302.1122450465657
9271.0,63.896730624244825,63.622992700536145,298.6585181003311
9272.0,63.53116076062278,63.53911943336963,299.1898245468142
9273.0,63.43800618838514,63.45509695764274,301.34013495719677
9274.0,63.718919185697374,63.3704706030756,299.27994038256884
9275.0,62.98069827911923,63.286422819818156,300.52481530862156
9276.0,63.003847329606906,63.20202543418566,300.0423247442941
9277.0,63.53511209380315,63.11776354798663,300.61898552889
9278.0,63.32503835773092,63.03333971621726,299.7850608366985
9279.0,62.29301962346579,62.94915007829895,298.3351458534922
9280.0,63.27310536353876,62.86536762483841,300.9832270166047
9281.0,62.77686124382022,62.780841501917934,300.8864809200733
9282.0,62.80358718259427,62.69634254852619,299.93379219052406
9283.0,62.08485702850763,62.61211114188602,300.25159313521567
9284.0,62.93281085323251,62.52779048614721,299.6308352498596
9285.0,62.677736537113226,62.443644159914555,299.4589208675266
9286.0,62.10078363910909,62.35954611297093,297.69499346850057
9287.0,61.789557386110765,62.275943435638524,301.576841431324
9288.0,62.056303462762536,62.19125060600323,298.0980612585886
9289.0,61.97716399843666,62.107534733799795,300.5833070776576
9290.0,61.8904306852465,62.02312092172882,299.43273478967984
9291.0,61.72227389516757,61.939030228708724,300.5680898882342
9292.0,62.31024200503716,61.85462069013178,298.8693899867789
9293.0,61.65948571564324,61.770688203110495,298.8423871753487
9294.0,61.82292952858209,61.68676329937875,299.15084843946397
9295.0,62.277792851619395,61.60275176944201,298.98620242760796
9296.0,61.67365505101464,61.518786477593565,300.0820607581759
9297.0,61.513035239247586,61.43451343219729,299.9243005130105
9298.0,61.62058390945375,61.35028469113653,300.12866026536904
9299.0,60.529961114451474,61.265998559045364,299.94438784907277
9300.0,61.286323069145894,61.18176417679109,299.32562957295335
9301.0,61.311879012921686,61.097703562486004,299.6424118598281
9302.0,60.89864954288315,61.01355398515534,299.57185227668367
9303.0,61.43147353706231,60.92942422330765,299.7290177577365
9304.0,60.352091167955145,60.84525032415401,300.16255265881944
9305.0,60.75268013790952,60.760954673949,301.46919023753065
9306.0,60.35995617065211,60.67629207635731,298.7455677846411
9307.0,58.06064011908423,60.59239436273781,301.66092740726134
9308.0,60.56472175651005,60.50767791895761,299.3223405833599
9309.0,60.76677050749352,60.423618228310445,301.2224687943543
9310.0,60.42722108508139,60.339024918324014,300.6111524458436
9311.0,60.24479272224528,60.2546032863455,299.6310269465898
9312.0,59.543183546998485,60.17045690627801,300.0152640139056
9313.0,59.75040557198147,60.08620261963411,299.9836547883767
9314.0,59.61236524550889,60.001957209914366,298.3596931044915
9315.0,59.548785409359326,59.91816786276749,299.81624648935906
9316.0,59.452213194803264,59.833969466878386,301.77695182208356
9317.0,59.50481441896347,59.749220439575,301.7366463351202
9318.0,59.338544331161856,59.66448273139589,299.50441352689467
9319.0,59.737192386181114,59.580371908597115,300.62281894860354
9320.0,59.68374087823096,59.495947000275685,299.84449831983534
9321.0,59.14279292953914,59.41174067033087,301.38136651714484
9322.0,59.35858683215079,59.32710273656729,300.8100817684767
9323.0,59.193009473738336,59.242625238603964,300.18115465639124
9324.0,59.410032800928164,59.15832436433797,300.27107872795295
9325.0,58.311047819066104,59.07399823639523,299.99070798146715
9326.0,58.60863062742389,58.98975084590376,300.16316688966504
9327.0,59.317580766076034,58.905455023202265,299.639670905704
9328.0,59.42690458540833,58.821306215622904,300.83703132546395
9329.0,58.297231886462356,58.73682114932569,300.1381343508669
9330.0,59.027808863063,58.652532356595486,300.9269993067965
9331.0,57.65622375569865,58.56802202429017,299.09638967957864
9332.0,58.698149514082594,58.484025788188504,299.8790302362723
9333.0,58.96284073227321,58.39980976053046,301.5606055488392
9334.0,58.68767354902698,58.31512149047218,301.0753745551227
9335.0,58.18362217148063,58.2305694894513,301.28201831692706
9336.0,58.15207353680236,58.145959455973966,300.2285256607675
9337.0,57.561212453239115,58.061645278350916,298.4483683641353
9338.0,57.73007979543922,57.9778310282353,300.5838441799275
9339.0,58.09652738994665,57.89341706532812,298.92992465201723
9340.0,58.12211202599228,57.80946757815502,300.2980556279435
9341.0,58.058193426398574,57.725133874199535,299.56694557540004
9342.0,57.36932861548745,57.64100549031711,298.1397322806182
9343.0,58.37196084296914,57.55727791550164,300.5287492285355
9344.0,57.28832130623289,57.47287942509328,300.13650745036966
9345.0,57.6883700416489,57.388591089250994,299.22503146906456
9346.0,57.58265930090479,57.30455872624675,299.14243480516865
9347.0,56.80025293649554,57.22054955913897,300.30298190321946
9348.0,57.472633149854296,57.13621447172117,300.8600647192799
9349.0,56.99093175322827,57.051722936879145,300.2715997058007
9350.0,57.62528276381095,56.967396662628445,299.88555095593597
9351.0,57.64720748047921,56.88317880373499,299.8627738394482
9352.0,57.249055271277,56.798967341415086,300.04644248613323
9353.0,56.66043595657569,56.71470429881691,298.8896014335092
9354.0,56.64678638397831,56.6307661357477,299.11510100236364
9355.0,56.32932376629073,56.54676464488284,298.80937642128924
9356.0,56.685810578706366,56.462849011671224,299.265801419892
9357.0,56.24155360103377,56.37880519910578,299.03075671978706
9358.0,56.41652917452236,56.294827394927,301.16418394502756
9359.0,56.62947140913248,56.21025045326912,300.07463542808017
9360.0,56.94765859716573,56.12597949315307,300.5098231316937
9361.0,56.80202832127865,56.04158631782358,299.122111593833
9362.0,55.98796157375251,55.95758285815101,300.0504521841446
9363.0,56.42558711007404,55.87331868949597,299.4533765303144
9364.0,56.24247122150457,55.78922219958703,299.1686952228745
9365.0,55.3794821216648,55.70520565767861,301.428911706374
9366.0,55.08653036917536,55.620554371641084,300.5647091739817
9367.0,56.09053600270301,55.536145782481384,300.8077025843598
9368.0,55.365645483124176,55.45166895267228,300.3447477718887
9369.0,54.814215216544355,55.36732213600634,300.4518352012248
9370.0,55.522176047766536,55.28294524562068,300.12440062506386
9371.0,54.90450182924649,55.198660309778475,301.01415826682876
9372.0,54.76265655558354,55.114125500331895,299.8544374576105
9373.0,55.8480584666577,55.029916379145874,298.8164706330962
9374.0,54.4699590605739,54.94599875364311,301.1014750984363
9375.0,54.555343812666536,54.86143942271964,300.22539838404543
9376.0,55.2051169879388,54.7771261233401,299.90002418966895
9377.0,55.06926295862504,54.69290419988016,298.8228329430938
9378.0,55.08353703183092,54.60898478762867,301.56236364090057
9379.0,54.66810912502294,54.52429602383951,299.9734409663656
9380.0,54.501808037592106,54.44005348250148,300.3312039841197
9381.0,54.33807612109708,54.35571046938259,299.2779976398609
9382.0,54.908221590168175,54.27166323171209,299.56171972768846
9383.0,54.041169399007785,54.1875363154219,299.2799383003526
9384.0,54.508908526090636,54.103488532749196,299.5918564949248
9385.0,54.19152463330647,54.01935315305023,301.64507335379807
9386.0,54.23273237846771,53.934641161616725,302.1204070582134
9387.0,53.37735490623798,53.84979568063454,299.5590290354077
9388.0,53.385917678568056,53.76566951998042,299.17277748546485
9389.0,52.69816756809189,53.68165183163656,299.9444233972533
9390.0,53.502613413237036,53.59741743939917,299.00464674626636
9391.0,54.11891365814766,53.51344696777126,301.17173123616897
9392.0,54.160953483182205,53.428867906582454,301.00566343351807
9393.0,52.80092829818441,53.34433548276823,301.18722455337917
9394.0,52.711775288109614,53.25975207053948,298.6088622689561
9395.0,53.61185472419388,53.17589274838559,301.935500720513
9396.0,53.222564045452195,53.0910991952666,300.4862604490932
9397.0,53.519429060960974,53.0067126371238,299.34112466903633
9398.0,52.68740815992978,52.92264767127924,301.1229969099839
9399.0,52.3324393705514,52.838082296313715,299.23049781104805
9400.0,53.12824116283647,52.754048398178426,300.2572918217626
9401.0,52.67528991536694,52.66972614205847,299.42539144760974
9402.0,52.86198418881105,52.58563751129359,299.88334800144344
9403.0,52.75221499298265,52.50142027106318,298.59903859696897
9404.0,52.81554158932424,52.41756370772384,300.5124678760635
9405.0,52.74931606233773,52.333169789661966,298.5836202694531
9406.0,51.38493063834784,52.24931755630294,301.3481391151481
9407.0,52.65143167767699,52.16468895390143,300.0384678233045
9408.0,51.474420374459,52.0804281508544,297.6465119245117
9409.0,52.399172981287826,51.99683908875557,300.85780465386534
9410.0,52.032862655433384,51.9123481886153,299.9013920325088
9411.0,52.331177133321,51.828125881019474,301.44872207272005
9412.0,52.12837447881089,51.74346903157071,300.05051255684185
9413.0,51.90621280038322,51.65920484596097,300.55849165867556
9414.0,51.908731555512425,51.57479800288681,301.35664871214095
9415.0,51.36835970409616,51.4901670107068,299.90227004363226
9416.0,51.84430889938814,51.40594445653619,302.12580075043866
9417.0,51.548637880170894,51.32109746082543,301.42540927517643
9418.0,50.51393373905067,51.236447158387335,299.66945170894206
9419.0,51.63897546050558,51.15228998736576,299.8469239446289
9420.0,50.297539093920086,51.06808297622466,301.21075618456695
9421.0,51.49676062173434,50.98349295552947,299.35021575423576
9422.0,50.68816763317881,50.89942543660514,298.49866454674486
9423.0,51.764704167370255,50.81559706164493,298.09772024065757
9424.0,50.788977320355,50.73188128521066,300.45891961652217
9425.0,50.279872594325965,50.647502405284996,299.1531698434047
9426.0,50.93642612919732,50.563490223420665,299.9133329319284
9427.0,50.12560271712794,50.47926456242227,300.0637161230592
9428.0,49.89577909309702,50.39499666881103,300.96560111565157
9429.0,49.84962319949969,50.31047549583104,300.51825733127004
9430.0,50.06815837824574,50.22607995189717,298.66109939632156
9431.0,50.921113552687345,50.14220595981672,299.70228620118536
9432.0,49.96025063434062,50.05803956777522,301.47340760649837
9433.0,49.207374104124796,49.97337578580571,300.4210859870152
9434.0,49.81869347380168,49.889007530824365,298.51306310182736
9435.0,49.80802261293987,49.80517511226994,299.4864692169655
9436.0,49.77393568318523,49.721069328831504,299.50163394466296
9437.0,49.746346932613406,49.636959286632035,299.3312731630654
9438.0,49.19269623259607,49.55289708741874,299.15226811001077
9439.0,50.0112607793099,49.468885158791196,299.7316369088649
9440.0,49.56514481903684,49.3847105240926,300.58282155391674
9441.0,49.09732047798279,49.30029684837288,299.735466485745
9442.0,49.0205328529832,49.21612113820148,299.8405685567355
9443.0,49.25271607053082,49.13191591186511,299.7289246334325
9444.0,49.21115734163731,49.047742038863916,299.72324518094433
9445.0,48.948045240231075,48.963569760842255,302.17036836395175
9446.0,48.6470911651172,48.87871024906006,300.33372122659136
9447.0,49.60701339886909,48.794366529015576,298.95769256116233
9448.0,48.24751017752587,48.71040924368799,300.38193261301416
9449.0,48.63094966537084,48.62605198427918,300.52595792050903
9450.0,49.11605671773926,48.54165427776314,299.7576108827581
9451.0,47.6025148518811,48.457472348706915,299.3385962565803
9452.0,48.062201378182785,48.37340809292489,299.6267895918801
9453.0,48.962943667157454,48.289262902847845,298.28975213337856
9454.0,48.36914036577488,48.205493197457045,300.0500391746787
9455.0,47.40668938617996,48.12122914478884,301.54937402256115
9456.0,48.82780636326364,48.03654402891749,300.3286238741983
9457.0,47.984263301381965,47.95220174037949,300.1173004875268
9458.0,48.24633686771391,47.86791879849256,299.25982792472684
9459.0,47.987857419770016,47.78387666348371,299.2019452074706
9460.0,47.69104555077462,47.69985078387127,299.8955276314136
9461.0,48.17515712247616,47.61563012319479,300.12776969644915
9462.0,47.40054878314034,47.53134424120503,299.1848990322957
9463.0,47.5306003334367,47.447323148726795,300.3263558655826
9464.0,46.834787337561025,47.3629814971212,300.46078351730387
9465.0,47.160677493410795,47.278602093750074,299.7117660321797
9466.0,46.8401860768953,47.19443303945604,298.7380942643133
9467.0,47.62283088628939,47.110537424650154,300.11301891815674
9468.0,47.06533217124878,47.026255685170646,299.25048983225327
9469.0,46.63065513192239,46.94221617260944,300.6308375504057
9470.0,46.71357037027008,46.85778901239737,299.3137990563529
9471.0,47.38645145835177,46.77373172049572,299.54729407950265
9472.0,46.82097657169628,46.68960885540842,299.6846175034443
9473.0,46.8383427979321,46.605447425326176,299.71730282814644
9474.0,46.830377704815795,46.52127681611529,300.783716332921
9475.0,46.63049408364115,46.43680672244514,300.157020203932
9476.0,45.546931863455846,46.35251262593785,300.9994808031096
9477.0,46.02057465609302,46.267981938412305,297.6695275118171
9478.0,46.09149385237976,46.18438641276942,298.11282085003376
9479.0,46.66830864578349,46.10066639558068,299.2153284290107
9480.0,46.06947024735347,46.01663675751354,300.0050545266413
9481.0,45.942509130389865,45.932385338033995,299.9145844933046
9482.0,45.51222620030667,45.84815932555544,299.3296602365344
9483.0,45.79224438150805,45.764097579305705,298.4186646778382
9484.0,45.71227971766925,45.680291670975336,300.0128694457147
9485.0,45.58175539658592,45.59603805680599,301.1086400599639
9486.0,45.50653377293816,45.51147671372249,300.4554092928435
9487.0,45.8414143303439,45.42709881961277,299.26925521248415
9488.0,44.788589183251844,45.34305403710728,300.4875982046647
9489.0,45.97126670271808,45.25866710327816,299.7159571288767
9490.0,45.08032687047351,45.174496871984466,299.96781905333256
9491.0,44.39547501607477,45.09025590946698,299.93445694866193
9492.0,45.69249994691369,45.00602431614056,301.47063093209334
9493.0,45.006307225164214,44.921361313953796,298.85029918958253
9494.0,45.69139508412485,44.83743418826472,297.69785273651917
9495.0,44.45376224985208,44.75383070795458,298.7461282131694
9496.0,44.293879063265805,44.669932836948014,300.61822607998823
9497.0,45.380534401587,44.58550921845723,299.57107135083237
9498.0,45.20936894929148,44.501379675919566,299.66047724571007
9499.0,44.48689313721464,44.4172250252264,300.363548936591
9500.0,44.24931331016482,44.33287292856673,301.2140320893794
9501.0,43.92816998950839,44.24828198788828,298.92623321314835
9502.0,44.44019783247105,44.164333537394256,301.6785330627485
9503.0,44.49783371359444,44.07961214935913,299.6873746387226
9504.0,44.33885771023746,43.995449944981424,300.78152411010205
9505.0,44.62117244368255,43.91098046696049,300.79765089763305
9506.0,43.092283706195744,43.82650646000008,301.90641743095165
9507.0,44.09847980409349,43.7417210744382,299.40292349589936
9508.0,44.2925061134574,43.65763875342311,300.23307902290463
9509.0,43.5848097153817,43.57332329706415,300.6968501894858
9510.0,43.40990823876978,43.48887759830263,299.2895281628644
9511.0,43.95400254674217,43.404827122476874,299.7144574797734
9512.0,43.011661928372405,43.32065731233465,298.75293022283154
9513.0,43.5914797691728,43.23675753109707,298.6614251598986
9514.0,42.68443851682951,43.15288344753134,300.09844402621064
9515.0,43.08312758974232,43.06860580116733,299.6137076145938
9516.0,42.747402451114866,42.98446428494555,300.21830243920016
9517.0,43.623605361894654,42.90015297834387,299.61794409443695
9518.0,43.21554238623636,42.81601027237732,299.89229261275807
9519.0,42.94516703345764,42.73179052020191,301.44317909534493
9520.0,42.14473088437021,42.64713522740595,299.5816812522897
9521.0,42.25086410659529,42.563002705254235,300.09687276290015
9522.0,43.2193489780843,42.478725500153324,300.22031865880894
9523.0,42.770631078769924,42.39441362732999,300.7691067984606
9524.0,43.0892017293366,42.3099476365041,300.99432314430146
9525.0,43.06690531023665,42.22541839742108,299.53315258793225
9526.0,41.99538439036598,42.14129950373598,299.96823781183235
9527.0,42.08334465691448,42.057058423617136,300.6583126890266
9528.0,42.254147116147,41.9726235474703,300.3930718613915
9529.0,41.606604853079574,41.888263159789204,300.6653302583555
9530.0,42.073832364614375,41.80382631287497,301.4818796561875
9531.0,41.7214155256854,41.71916015167154,298.93431760344043
9532.0,42.001833923725734,41.63520943081126,299.3099661845709
9533.0,41.42316033062672,41.55115321530778,300.24333137321855
9534.0,41.468556540779176,41.46683487974713,300.51867267499534
9535.0,41.51555643628037,41.382439219170884,300.2833699571266
9536.0,40.571540274166054,41.29810963944128,300.03478671988535
9537.0,41.82474599153114,41.213849870170755,300.8803762690356
9538.0,40.59081817804495,41.12935263116855,300.5157169266782
9539.0,39.89133846572016,41.04495780066498,299.5837822009522
9540.0,40.596647323097585,40.96082468849688,300.0519566455059
9541.0,40.705287519476826,40.87656009733894,299.72656585141493
9542.0,40.643220226706276,40.79238688676234,301.3219548374171
9543.0,39.934098494221736,40.70776563777886,299.4959783736019
9544.0,40.17998242543817,40.62365718385227,300.6432234558055
9545.0,40.26136354886115,40.53922654526511,299.0769884250132
9546.0,41.21295812415317,40.455235757682395,299.60004079306447
9547.0,40.50622948524125,40.371098079559694,299.7812695527553
9548.0,40.588418913664846,40.286909506360296,299.11539262035745
9549.0,39.89862824804366,40.202907933599384,300.6282773417796
9550.0,41.0181751266329,40.11848149237921,300.72496776965386
9551.0,39.89475038613333,40.03402789726392,299.84600911995364
9552.0,40.18265305633752,39.94982114303605,301.50303852699426
9553.0,39.693593218545054,39.865149039716414,300.48062717869595
9554.0,39.408396098580575,39.780764063583725,299.7533607755633
9555.0,40.093378549648925,39.69658332809922,299.2494863929268
9556.0,39.52503611297111,39.61254409733721,299.0862299998143
9557.0,39.058430314929865,39.52855071441224,301.1142721656279
9558.0,39.41621500393728,39.44398778964574,299.6357188038654
9559.0,38.96933749262939,39.35984009194833,299.48642960250845
9560.0,38.64667809681529,39.275734319634964,299.5803853164597
9561.0,39.018169282488884,39.19160216142527,297.25264996206806
9562.0,39.12746046456497,39.108123708894254,299.5695093313571
9563.0,39.30156955948855,39.02399460502372,300.65472168447036
9564.0,39.20777785768829,38.93956073735067,302.25546944599034
9565.0,38.92740326823335,38.854677326347925,301.01313025844684
9566.0,39.446353417337896,38.77014280560034,300.0304052984877
9567.0,38.504889237022695,38.68588426677903,300.2815214765466
9568.0,39.12256214883052,38.60155520616439,299.3621167109988
9569.0,38.409410565911486,38.5174843450547,300.1816523511283
9570.0,38.35717137953992,38.43318333101943,300.11176320374756
9571.0,38.72759149533891,38.3489019441864,302.2049294522429
9572.0,38.69135607470232,38.264032726498534,300.1155305943386
9573.0,38.79040746940285,38.17975028165663,301.7731006213113
9574.0,38.39006219662163,38.095002335898826,301.4982868020312
9575.0,35.48574894031208,38.01033156702192,300.3128294968717
9576.0,37.88544949384512,37.92599371407153,299.87514803905646
9577.0,37.74376434286262,37.841778776663915,300.2286217487976
9578.0,38.69980545713708,37.75746457205615,299.93685263086553
9579.0,37.50152774704255,37.67323230594232,300.997878760324
9580.0,38.372904875458865,37.588702068323805,301.24295503702797
9581.0,37.42377707423775,37.50410300511756,300.25972078118537
9582.0,37.98662700539012,37.41978006686481,297.6260340687144
9583.0,37.69106397336456,37.33619675563051,299.7151409975931
9584.0,37.7502335261218,37.252026753533706,301.46822312651733
9585.0,37.394841084489286,37.16736442753902,300.1833570493615
9586.0,37.17894786845666,37.08306293476767,299.78047953567517
9587.0,37.09522083351668,36.99887458343141,301.56838622139253
9588.0,36.565600197368134,36.91418412830087,298.77095052517245
9589.0,37.354485735057864,36.830279286361716,300.38481857418003
9590.0,35.99576416686505,36.74592121647877,299.2257332132181
9591.0,36.208869564835005,36.66188865640139,298.7480565806867
9592.0,36.5269373806744,36.57799024384501,300.3667786277718
9593.0,36.69097234990174,36.4936372401804,298.9989122553352
9594.0,36.34611558644627,36.409668378988684,298.6648367998338
9595.0,36.02639978742007,36.32579333732071,300.38288208628455
9596.0,35.90411844054823,36.24143581126812,299.5452409731997
9597.0,35.82209529107546,36.15731352276149,302.125572785124
9598.0,35.62212753012443,36.07246659107103,301.96133636903176
9599.0,36.34711951011397,35.98766578244072,299.21924787342766
9600.0,35.789455896869676,35.90363504366294,301.1400611063489
9601.0,35.11606591398614,35.81906487650223,301.1330676714837
9602.0,35.8035920877177,35.73449667333118,299.5724123452361
9603.0,35.92652774745361,35.650366754197584,301.33115826475074
9604.0,35.59741650858204,35.56574292058488,298.4014908439606
9605.0,34.73558623651434,35.481941835239525,300.9203301995535
9606.0,35.08854259378338,35.39743337584179,299.7495987134738
9607.0,35.30258821578147,35.31325369686974,299.59114268375845
9608.0,35.82588881786591,35.229118517632735,298.8120925968137
9609.0,34.55061294208686,35.14520212162848,300.694950128077
9610.0,34.78400637727399,35.06075695646748,300.5468201364093
9611.0,34.97383073008839,35.0,300.46524184893576
9612.0,34.8800253567159,35.0,299.08370615052434
9613.0,34.86920057962532,35.0,299.8314948940055
9614.0,35.36485016343557,35.0,300.1629381428305
9615.0,34.68680549061163,35.0,301.2322425471235
9616.0,35.537296137881214,35.0,299.8215173663802
9617.0,35.26743173619334,35.0,298.88104406413953
9618.0,35.66996759800665,35.0,299.871117960056
9619.0,34.40808416892629,35.0,300.2133959499723
9620.0,34.06139289331406,35.0,298.2003976379319
9621.0,34.83414040831389,35.0,299.5028476265219
9622.0,35.391618428692695,35.0,299.9270374928493
9623.0,35.4507534001191,35.0,299.02585827592407
9624.0,35.812353764325536,35.0,299.7293358181835
9625.0,35.45807383588413,35.0,299.6139833720597
9626.0,34.67483669434328,35.0,301.25775192289166
9627.0,34.83361950971332,35.0,300.7694573754181
9628.0,35.03237048771422,35.0,300.7518543144172
9629.0,34.66766264149274,35.0,301.3327512288887
9630.0,34.451089301115104,35.0,299.59655281033673
9631.0,35.31465608585528,35.0,299.8130595304817
9632.0,35.22037080492233,35.0,300.3206294582056
9633.0,34.4948376202158,35.0,300.3739909335136
9634.0,35.88238590812958,35.0,301.47094668986006
9635.0,34.83722147509601,35.0,301.7258929718038
9636.0,34.92612284734266,35.0,300.274325634155
9637.0,34.97519432636214,35.0,299.476821898384
9638.0,34.86205088534701,35.0,298.44134737284776
9639.0,35.51064782593671,35.0,299.61801569785496
9640.0,34.22025441710086,35.0,298.8322825711591
9641.0,35.149064024036065,35.0,300.91148031046674
9642.0,34.791622843813364,35.0,300.00590801818856
9643.0,35.57921572530296,35.0,299.08240337188914
9644.0,34.60934733031495,35.0,300.488045020026
9645.0,34.51755711662003,35.0,298.8402509354804
9646.0,35.331934461171066,35.0,298.9293687569077
9647.0,34.8701910412803,35.0,298.7012675781192
9648.0,34.774082117599335,35.0,299.19056169652185
9649.0,35.083190990124955,35.0,300.66117994761174
9650.0,34.60973371875466,35.0,300.5255312537635
9651.0,35.98049641173743,35.0,301.36529673147675
9652.0,35.191756354982175,35.0,301.5911479585421
9653.0,35.434367315029284,35.0,300.43460939639544
9654.0,35.29207900777666,35.0,301.2889124827762
9655.0,34.826468718419626,35.0,298.53454966874773
9656.0,34.55943608010082,35.0,299.327786094985
9657.0,34.604644937135674,35.0,298.0692279659884
9658.0,34.934292063541335,35.0,299.0504723703518
9659.0,34.9845039245618,35.0,300.5273324561692
9660.0,34.28201343790787,35.0,299.3376968696029
9661.0,35.24305996539878,35.0,299.98243091992464
9662.0,35.02580983480171,35.0,297.5898739177566
9663.0,34.96333579879295,35.0,298.5053115042798
9664.0,35.50835362397619,35.0,300.8178199930076
9665.0,35.32039998268291,35.0,300.5607842271405
9666.0,35.18318456389238,35.0,300.38088432270655
9667.0,35.17992694925934,35.0,298.7240646618773
9668.0,34.81913571267316,35.0,300.2298266219694
9669.0,35.06346601391023,35.0,299.6536980212231
9670.0,34.83929585055801,35.0,299.06098188633234
9671.0,35.34150197653646,35.0,298.0388389605412
9672.0,35.390661228757466,35.0,298.647143071669
9673.0,34.96959791428888,35.0,300.6972732017373
9674.0,35.606573049705815,35.0,299.04229894092055
9675.0,35.062845289833504,35.0,298.6396970839053
9676.0,34.63136967122713,35.0,301.15342893653826
9677.0,34.29305518564279,35.0,300.58566897298425
9678.0,34.63768591423494,35.0,301.5479247285812
9679.0,35.12737007499152,35.0,301.2928978044535
9680.0,34.90555704548281,35.0,300.2109782272864
9681.0,33.434965080859286,35.0,300.1619024949277
9682.0,34.75723914613413,35.0,299.5239222765478
9683.0,35.26180173759365,35.0,300.2807969330792
9684.0,34.71201999264784,35.0,299.94335622929674
9685.0,35.02911185819082,35.0,300.1972102060784
9686.0,35.34132133358511,35.0,301.06322389997985
9687.0,34.07110736627484,35.0,299.62977762514316
9688.0,34.370402062644004,35.0,299.0479823901503
9689.0,35.17706072791871,35.0,301.9943979033964
9690.0,35.32239037277837,35.0,300.53783037160036
9691.0,34.908169661554865,35.0,299.887670807265
9692.0,35.64978766426347,35.0,301.3351882820809
9693.0,34.41630987128725,35.0,299.24629254147953
9694.0,34.872114245605935,35.0,298.16080522153266
9695.0,34.61094628726637,35.0,295.73895726875907
9696.0,35.16807009181319,35.0,299.0270387994042
9697.0,35.38479578343317,35.0,299.51002562643686
9698.0,35.702371720834705,35.0,301.41007363406464
9699.0,35.00158389125278,35.0,299.6746843936403
9700.0,35.729611316413525,35.0,299.223351375402
9701.0,35.40116707462831,35.0,300.382865538627
9702.0,35.09874439975221,35.0,300.1256080386807
9703.0,35.13070555937573,35.0,300.61904033764984
9704.0,34.90208815851926,35.0,299.0885099918341
9705.0,34.97446920565541,35.0,300.118491183536
9706.0,29.73595301791535,35.0,300.80872402480645
9707.0,35.005450084583465,35.0,300.53353750451896
9708.0,35.942330493368175,35.0,300.32367364779424
9709.0,34.97041958048025,35.0,299.0851841710506
9710.0,35.44164209113033,35.0,299.99406623185814
9711.0,34.52160894661302,35.0,298.70718059141853
9712.0,35.30293192038789,35.0,300.1192326593516
9713.0,35.32185906440108,35.0,298.36766020432776
9714.0,35.19448742813275,35.0,300.97683245752313
9715.0,34.65750339994949,35.0,300.6706956974107
9716.0,35.30548601624003,35.0,300.70331006125934
9717.0,34.94972682486722,35.0,299.6541559809984
9718.0,34.544749446553794,35.0,299.5613661016727
9719.0,35.578079576179434,35.0,299.8269923717833
9720.0,34.82913813013765,35.0,300.9171237418307
9721.0,34.417998433151624,35.0,300.6907470491477
9722.0,34.14164743719121,35.0,299.5271760570771
9723.0,35.17552702241918,35.0,300.66487168979864
9724.0,34.99597103479353,35.0,302.3760029930622
9725.0,35.04363916599497,35.0,300.69094267880064
9726.0,34.445261095575916,35.0,298.3275059616095
9727.0,34.707418405028534,35.0,300.47058295564045
9728.0,35.05040784750484,35.0,299.052369682729
9729.0,35.55753883003416,35.0,300.4667571180332
9730.0,34.670367579163496,35.0,300.26608831706744
9731.0,34.874432329586945,35.0,298.42184731863665
9732.0,34.89934616021129,35.0,301.4568302786163
9733.0,34.904483609804174,35.0,299.76691857627094
9734.0,35.84907505142315,35.0,300.50842560014536
9735.0,34.060573240791335,35.0,298.65972114118915
9736.0,34.82245719640207,35.0,301.57891206229885
9737.0,35.382541815919986,35.0,300.1840111051211
9738.0,35.233833558888975,35.0,299.8270286121506
9739.0,34.81687457795223,35.0,298.6075404032517
9740.0,35.17966803869829,35.0,300.89088400747676
9741.0,34.74913090475534,35.0,298.4537514481539
9742.0,35.895400597087786,35.0,300.7505895406392
9743.0,35.11209658428163,35.0,300.3223373498117
9744.0,35.37258044218662,35.0,301.0518031821239
9745.0,34.64419323799552,35.0,300.9146018681122
9746.0,35.08639765163974,35.0,300.0470114399021
9747.0,35.205683675659465,35.0,300.04598321259715
9748.0,34.78857505830336,35.0,299.4092262836082
9749.0,34.535282042096945,35.0,299.5537408072243
9750.0,34.737327664437636,35.0,301.1348050773952
9751.0,34.62149677871924,35.0,300.2931647607826
9752.0,35.27226307296633,35.0,301.5229279441616
9753.0,31.42712941478237,35.0,299.4790434830225
9754.0,34.55124463342964,35.0,301.5996201602085
9755.0,34.30059253959437,35.0,299.9492536464207
9756.0,34.4634042392217,35.0,299.7354897077174
9757.0,34.91774723310774,35.0,299.801535213107
9758.0,34.61480346700453,35.0,299.6840146031484
9759.0,35.280891394088826,35.0,300.8580956098816
9760.0,34.57881435983904,35.0,300.20770262491953
9761.0,35.22726605749999,35.0,302.8420344729299
9762.0,35.1484310002824,35.0,299.8139416929496
9763.0,34.57295584337622,35.0,300.6003991088516
9764.0,34.98920131942167,35.0,300.217861044973
9765.0,34.47187257006411,35.0,302.20271429075797
9766.0,34.25912613106369,35.0,301.15127930621566
9767.0,34.48311794463866,35.0,300.9053387738579
9768.0,34.68439867213905,35.0,299.913577536671
9769.0,35.275570762754,35.0,299.82382449893635
9770.0,35.51605019568107,35.0,299.6706893051488
9771.0,34.471415328020136,35.0,298.6970416268654
9772.0,34.9232876352338,35.0,299.4985634521629
9773.0,34.90529682470254,35.0,299.9379757831776
9774.0,35.04317033571844,35.0,300.35490111035256
9775.0,34.77422794739228,35.0,299.93741333569585
9776.0,35.85377765805879,35.0,300.5886055736323
9777.0,35.21901639415292,35.0,300.162293444425
9778.0,35.467256994456285,35.0,301.3618251905334
9779.0,35.537992769370334,35.0,300.69773519818364
9780.0,35.474642507883416,35.0,299.9735339132844
9781.0,34.92882897913084,35.0,300.5316620814341
9782.0,35.21712373901636,35.0,301.8182069111628
9783.0,35.25161238714963,35.0,299.5047243404919
9784.0,35.471604252844315,35.0,299.8655957212611
9785.0,34.762524952966004,35.0,299.6354452420681
9786.0,34.80920488192543,35.0,300.4456914367421
9787.0,34.62840828480013,35.0,298.3865099426004
9788.0,35.03096975503682,35.0,299.7873922034123
9789.0,34.63144907231826,35.0,301.2878962466172
9790.0,34.823963699809724,35.0,299.6965738010198
9791.0,35.053994955339434,35.0,298.0068926278292
9792.0,34.7425222427928,35.0,298.5388187410709
9793.0,35.03828384862471,35.0,301.0559604150889
9794.0,34.74359906791505,35.0,299.5169146990463
9795.0,35.44915832607078,35.0,301.2425108268936
9796.0,35.84800479084118,35.0,298.8749372953888
9797.0,34.08251108120936,35.0,300.5147640579506
9798.0,35.71407283971498,35.0,301.0991261069004
9799.0,33.81161762860814,35.0,298.8898355236005
9800.0,35.18945018769872,35.0,299.0131053543412
9801.0,35.615376770606886,35.0,299.49063153065293
9802.0,35.120783850003306,35.0,300.83450520652565
9803.0,34.99836539092935,35.0,300.33649045107643
9804.0,34.78180291521698,35.0,302.2772836757004
9805.0,35.421942652401974,35.0,299.5856691437237
9806.0,34.39282831627392,35.0,299.41509950118655
9807.0,35.27364584609928,35.0,300.7074943541453
9808.0,34.655495535686335,35.0,301.4238021104789
9809.0,34.47298035998117,35.0,299.6139450103615
9810.0,35.470963323644135,35.0,299.30948414556
9811.0,35.308352239121994,35.0,298.6388220159877
9812.0,35.05666338721822,35.0,298.37972398900007
9813.0,35.33529024983278,35.0,300.42263254446516
9814.0,34.70889107306366,35.0,300.16030732072244
9815.0,34.922854408239296,35.0,300.04243890792753
9816.0,35.332293873749286,35.0,298.7391174115318
9817.0,35.35895050579139,35.0,299.6623942870527
9818.0,34.382206184624636,35.0,299.2889728263773
9819.0,35.49503365405956,35.0,298.83779939735626
9820.0,34.92932729488647,35.0,299.729537082395
9821.0,34.70456415328683,35.0,298.82632126452444
9822.0,34.429431704564614,35.0,300.3666841442035
9823.0,35.57863114577818,35.0,300.4201552758074
9824.0,35.681429460937274,35.0,298.42556864690425
9825.0,34.64539680400085,35.0,301.78072004328743
9826.0,34.944219365417986,35.0,299.1618083767384
9827.0,34.55300961477149,35.0,302.0048148620788
9828.0,34.27555385477696,35.0,300.6270190362801
9829.0,34.69765376820847,35.0,298.3154071890755
9830.0,34.75266232737672,35.0,300.7769847931298
9831.0,34.3184649665026,35.0,301.12709687900986
9832.0,34.91135808216726,35.0,299.1962288311933
9833.0,35.746340718574466,35.0,301.36004492013177
9834.0,34.343869974701725,35.0,299.1270482609626
9835.0,35.615027352191944,35.0,301.1435163228139
9836.0,35.239837320981195,35.0,298.8352818284653
9837.0,34.42470825916996,35.0,300.36483604363497
9838.0,35.13482283721907,35.0,299.24033259568654
9839.0,34.93863596351596,35.0,300.74091855678626
9840.0,34.88294013087447,35.0,300.03868177035207
9841.0,35.25824182407083,35.0,302.14650862961804
9842.0,35.28925192150888,35.0,300.56274929713
9843.0,34.961194023025755,35.0,300.8461020113828
9844.0,34.87478920563259,35.0,301.71866028604154
9845.0,34.799356090702126,35.0,297.4023492404314
9846.0,34.848095294948166,35.0,301.13349425587546
9847.0,34.68721151461301,35.0,299.9368912068817
9848.0,34.79827701754516,35.0,299.89845515575166
9849.0,35.25172352222594,35.0,301.4524575440532
9850.0,35.42528066189931,35.0,300.93001764939766
9851.0,35.10172073441879,35.0,299.16100198829946
9852.0,35.202735990793876,35.0,297.38687096976963
9853.0,34.85926929069151,35.0,300.6926093591204
9854.0,35.27482767796609,35.0,299.3845213965417
9855.0,34.777048340435044,35.0,299.6425063764478
9856.0,35.97684758057358,35.0,300.3553517886017
9857.0,35.26724546781739,35.0,297.40157490129576
9858.0,35.0988630620911,35.0,300.01958440719125
9859.0,34.61890873353322,35.0,300.12251340862053
9860.0,34.87364258378272,35.0,299.75637563927563
9861.0,34.791524006743806,35.0,300.3658597036225
9862.0,35.49504383739192,35.0,302.3752451142978
9863.0,34.97453948887491,35.0,298.1400007436415
9864.0,35.39735082533612,35.0,301.2401833727564
9865.0,34.62586682477222,35.0,300.3337031046369
9866.0,34.99559971303547,35.0,300.196794909982
9867.0,35.22212522354943,35.0,300.71818257590934
9868.0,35.40564449177301,35.0,300.01250902300615
9869.0,35.18982562080694,35.0,298.2160125478052
9870.0,35.456549064714046,35.0,298.76625125647394
9871.0,34.97544078781336,35.0,299.29955647087326
9872.0,35.126823696071625,35.0,300.49468482056653
9873.0,34.65969213740839,35.0,298.28613022363726
9874.0,35.50676820394041,35.0,299.1446774383693
9875.0,34.288942203964574,35.0,298.85416399885645
9876.0,35.181285292925295,35.0,301.7553357430283
9877.0,34.97118598767245,35.0,300.49758471558414
9878.0,35.36030017463004,35.0,298.29109956871804
9879.0,35.669787030427095,35.0,299.9104061719137
9880.0,35.10047604127631,35.0,298.8314773438238
9881.0,35.235913956274544,35.0,300.4120905405467
9882.0,35.27318791755906,35.0,299.180073113176
9883.0,35.33129131092328,35.0,299.26782455268454
9884.0,34.80852667424562,35.0,301.08634472839867
9885.0,35.216047160796656,35.0,302.82229187954783
9886.0,34.16867293338574,35.0,300.23609664356195
9887.0,35.825472734822796,35.0,298.86493423225363
9888.0,35.08026130991052,35.0,299.59682731327814
9889.0,35.2405914790301,35.0,300.88625090872506
9890.0,35.09458360412996,35.0,300.51627101114474
9891.0,34.87930806273619,35.0,299.3544211747052
9892.0,35.25691544229794,35.0,299.2477679389798
9893.0,35.961001224876206,35.0,299.55945952719264
9894.0,34.19443872963418,35.0,299.9717020396744
9895.0,35.13440342899461,35.0,298.1758457861404
9896.0,35.34508944511752,35.0,299.34757441908613
9897.0,35.0114988844401,35.0,298.37806460083976
9898.0,34.493022389036135,35.0,299.8660482240288
9899.0,34.87620257354939,35.0,299.4829743081677
9900.0,35.103187406705246,35.0,298.81837157232326
9901.0,34.8202836362685,35.0,300.7919311938507
9902.0,34.78905726653461,35.0,300.09135750930704
9903.0,34.88954976465791,35.0,300.3236819401361
9904.0,34.681848664519784,35.0,299.84000688035127
9905.0,34.747301296890605,35.0,300.1297573828713
9906.0,34.46072723850584,35.0,298.2747319596583
9907.0,34.643072055395955,35.0,300.8667658902981
9908.0,34.962081768088346,35.0,300.88487696413256
9909.0,34.596286927369945,35.0,297.93299412754686
9910.0,34.22402283428928,35.0,298.8011041400547
9911.0,34.68216847303574,35.0,300.6284459057215
9912.0,35.368862512183476,35.0,299.4504275322848
9913.0,34.906620015614656,35.0,300.5852032389568
9914.0,34.4772179548276,35.0,299.9785255813464
9915.0,35.237314600736816,35.0,300.8804450089222
9916.0,35.31801372896305,35.0,299.53445871405637
9917.0,35.3291766400232,35.0,301.98546930410987
9918.0,35.42707674733263,35.0,301.63393062943686
9919.0,34.49183067198998,35.0,299.5838863771089
9920.0,35.15382933680849,35.0,299.239089878635
9921.0,35.15812034034952,35.0,299.5355550367253
9922.0,34.568520316913634,35.0,300.6664869324974
9923.0,34.77009369295443,35.0,299.763779914906
9924.0,35.39596293382006,35.0,300.0880997184686
9925.0,35.28339806198507,35.0,301.03007792883443
9926.0,34.59541673863082,35.0,298.79843596432426
9927.0,35.305370273476754,35.0,299.6939634381466
9928.0,34.93224870904266,35.0,298.8530920150753
9929.0,34.52945144514702,35.0,300.0229486154648
9930.0,34.58414299379512,35.0,300.0011437461626
9931.0,34.41337415577316,35.0,300.10015854183007
9932.0,34.76530079430288,35.0,298.8358076206886
9933.0,34.58015034319811,35.0,301.59071465052125
9934.0,35.08347421960363,35.0,300.98068255658364
9935.0,34.70486742536101,35.0,300.26186606345567
9936.0,35.14329002551395,35.0,300.1872333346554
9937.0,34.882612723213946,35.0,299.6607331828835
9938.0,35.15878652530371,35.0,297.85313402883304
9939.0,35.04246276122945,35.0,299.51430417961416
9940.0,34.598776849200306,35.0,298.0516034336032
9941.0,35.37150759781955,35.0,300.48796106621614
9942.0,35.44631320119044,35.0,299.4395185578568
9943.0,36.14023290425842,35.0,299.57579841769865
9944.0,35.55201880909889,35.0,299.6191870125528
9945.0,35.52305230502139,35.0,300.2746748914978
9946.0,35.387543275596734,35.0,299.74139499199293
9947.0,35.4918804960339,35.0,300.5180616356809
9948.0,35.870775287046634,35.0,300.48039816841424
9949.0,35.05871297406846,35.0,301.06249849389746
9950.0,35.68845048069782,35.0,301.63638846993217
9951.0,34.956346223348696,35.0,299.06915835362344
9952.0,34.49552648431259,35.0,300.9213602276451
9953.0,34.332294602679106,35.0,298.7943143457
9954.0,34.81819837079343,35.0,299.72304771611886
9955.0,35.4437723379363,35.0,300.93609483802385
9956.0,34.64482395175596,35.0,301.59141158276236
9957.0,35.23199675981793,35.0,299.9501404406118
9958.0,35.34510610068005,35.0,300.64019839150956
9959.0,35.10742800930305,35.0,299.7014833025712
9960.0,35.239044870660024,35.0,300.51827032228925
9961.0,35.398009154451074,35.0,298.15005781021955
9962.0,35.02495511762385,35.0,299.5300104296126
9963.0,34.625643086627505,35.0,298.1813676618394
9964.0,34.80387591563869,35.0,300.1416171477337
9965.0,35.09574569972504,35.0,300.93727271247786
9966.0,34.513458160226264,35.0,301.2760688738588
9967.0,34.921902887413204,35.0,300.67422264181937
9968.0,34.80575197076548,35.0,300.2196896772738
9969.0,34.857398054043884,35.0,297.79790351276415
9970.0,35.368964411585885,35.0,299.324055612425
9971.0,34.87153094081589,35.0,299.0736484512536
9972.0,34.71979534035414,35.0,298.6810361561491
9973.0,35.33175324170462,35.0,299.6021498968968
9974.0,34.50856110488217,35.0,300.2795581082378
9975.0,34.0786415523238,35.0,300.06385559489513
9976.0,35.20686277114344,35.0,299.05829485723257
9977.0,35.04249969968085,35.0,300.45849907651103
9978.0,35.77684256456006,35.0,301.3041514277892
9979.0,34.970497162478395,35.0,302.2529922685674
9980.0,35.119006279947094,35.0,300.4570635300365
9981.0,34.55745782622332,35.0,297.5882841690926
9982.0,34.39108083990087,35.0,300.66442533062235
9983.0,35.43647726849478,35.0,300.0214457037575
9984.0,34.934104668007585,35.0,300.62708479917535
9985.0,34.700016515961835,35.0,297.57177620578926
9986.0,34.77302149112637,35.0,299.2865572360072
9987.0,35.39318964494229,35.0,299.4973348214575
9988.0,34.999465799144566,35.0,299.39313503755824
9989.0,34.79228954628335,35.0,298.23731283734884
9990.0,34.73934939782864,35.0,299.6749841549977
9991.0,34.97733254436807,35.0,299.99843635565776
9992.0,34.741710779547695,35.0,301.8549850709877
9993.0,35.1744928008095,35.0,300.9424649344943
9994.0,35.02693801832003,35.0,299.07306729641954
9995.0,35.4226256164846,35.0,302.66493742212367
9996.0,35.49560123706481,35.0,301.7895928259517
9997.0,34.74983093296651,35.0,299.21379183934835
9998.0,35.120241897125865,35.0,298.5809741731312
9999.0,35.258154445587984,35.0,299.82109333805914
10000.0,35.68282632478828,35.0,300.9107269671977
10001.0,35.06343592183879,35.0,301.07257277702973
10002.0,35.242557414057046,35.0,299.278674634197
10003.0,35.01991585555309,35.0,300.67489657035253
10004.0,35.590206490370605,35.0,299.34788303477484
10005.0,35.711669919789735,35.0,298.96021431713456
10006.0,34.81625433470513,35.0,298.7035719765087
10007.0,34.65449547588965,35.0,299.22913014954344
10008.0,34.86459781905531,35.0,299.357319105259
10009.0,34.90923157613374,35.0,300.54475738937435
10010.0,35.62998117659268,35.0,299.94469667284443
10011.0,36.00915479509112,35.0,298.8400833880998
10012.0,34.916110469215845,35.0,301.0473350457535
10013.0,35.34389474751844,35.0,299.6498847876943
10014.0,35.10131291945632,35.0,299.90522479918894
10015.0,35.222912787360514,35.0,298.927511366355
10016.0,35.279761750201125,35.0,298.98347533277746
10017.0,34.22130942028393,35.0,300.3738966899995
10018.0,34.789586173828184,35.0,301.40000456285145
10019.0,37.20590269442148,35.0,300.3682142853251
10020.0,34.852158353449624,35.0,299.46508856186324
10021.0,35.492853515105175,35.0,301.93280326040366
10022.0,35.24661152305579,35.0,300.3962662188
10023.0,34.10024097870172,35.0,299.5031751237175
10024.0,34.403062587378635,35.0,299.9780335619377
10025.0,34.9766878298226,35.0,299.5671989974588
10026.0,34.869564309460124,35.0,300.46968572800137
10027.0,34.31677768481771,35.0,299.95542530240147
10028.0,34.70587002387321,35.0,300.42779596562866
10029.0,35.26294129327227,35.0,301.2756107846279
10030.0,35.081901559639526,35.0,302.485282439442
10031.0,34.68960322820606,35.0,301.6382765886307
10032.0,34.343098280019255,35.0,300.14537846468374
10033.0,36.06988772328008,35.0,300.56782448692223
10034.0,34.79561053877432,35.0,299.6282882760122
10035.0,34.9992558961553,35.0,298.8487234403802
10036.0,35.57616671385757,35.0,298.9277362045756
10037.0,34.90199441591836,35.0,300.29859814119084
10038.0,34.510185693822955,35.0,299.12546599944915
10039.0,36.36170409760881,35.0,300.89279858361215
10040.0,34.47713385169004,35.0,300.550220914011
10041.0,35.51618564977906,35.0,299.9700919048006
10042.0,35.16508598596108,35.0,299.3162595247901
10043.0,34.575779074299795,35.0,300.97010736085815
10044.0,34.37227635292271,35.0,298.63407434019416
10045.0,35.44490716990564,35.0,299.480292871987
10046.0,34.52365816513587,35.0,299.99946236860603
10047.0,35.598842365853116,35.0,298.79559940213824
10048.0,34.283863231410706,35.0,299.8713554525404
10049.0,34.72498949029499,35.0,301.9653395867944
10050.0,35.19342650656136,35.0,299.53936050951813
10051.0,34.76912076071426,35.0,300.9659280720891
10052.0,35.44207613644791,35.0,301.26671781988335
10053.0,34.556077344719135,35.0,298.7052953315139
10054.0,34.82279570978923,35.0,299.6834767641232
10055.0,35.34547810524992,35.0,299.0464720071388
10056.0,34.49370110142785,35.0,299.6354768562081
10057.0,34.44041933533325,35.0,300.8797549863265
10058.0,35.14794092055025,35.0,299.2520629125434
10059.0,34.25847510986875,35.0,301.47689061542684
10060.0,34.86314210872212,35.0,299.3885455329837
10061.0,34.44195931029327,35.0,300.61508007726803
10062.0,35.014020394677175,35.0,300.0296215695078
10063.0,35.16487071978876,35.0,299.95382249657325
10064.0,34.911492119415094,35.0,299.30857839262035
10065.0,34.94314256996251,35.0,299.62929219622816
10066.0,34.770169821328196,35.0,299.5133268992413
10067.0,35.44077687922641,35.0,298.78933899764144
10068.0,35.235985242199,35.0,297.7560712794969
10069.0,34.430103999898456,35.0,299.70352377509755
10070.0,35.584111670403374,35.0,300.1233254874441
10071.0,35.23660712339797,35.0,299.2091378998514
10072.0,35.16541394675677,35.0,298.37940983460646
10073.0,33.38744282712639,35.0,301.66265328476345
10074.0,35.290324391188676,35.0,298.1792854440652
10075.0,34.63727021453542,35.0,300.65421957369324
10076.0,35.4067331952602,35.0,299.14502914424264
10077.0,35.011942443801715,35.0,300.70326208474216
10078.0,35.396482538051636,35.0,299.4290162698558
10079.0,35.20018916749112,35.0,300.5984643918378
10080.0,35.23043115278341,35.0,301.12260650078844
10081.0,35.779371451019536,35.0,300.20842876222684
10082.0,34.490332987144654,35.0,300.2274730272926
10083.0,34.992202084850824,35.0,301.3644872550828
10084.0,35.77098628871842,35.0,300.9967165532875
10085.0,35.41244164199694,35.0,301.2030651633934
10086.0,35.376609829002085,35.0,299.0625621608542
10087.0,34.23178121495137,35.0,298.4971343248301
10088.0,34.71871245584836,35.0,299.6494806216771
10089.0,36.2749782882934,35.0,300.59299563948235
10090.0,35.01431556536629,35.0,300.41267210585886
10091.0,34.883362826144634,35.0,298.17975616517896
10092.0,34.66473996849471,35.0,299.82787619633564
10093.0,35.48546935323454,35.0,300.5573800348947
10094.0,34.607876180769175,35.0,301.1872256702562
10095.0,35.181857197968,35.0,300.04699631607866
10096.0,35.02881420146705,35.0,299.51691232814716
10097.0,35.73115085179534,35.0,301.0837835480806
10098.0,35.46014816387129,35.0,299.2383910274683
10099.0,34.884048801674545,35.0,301.28719907735393
10100.0,35.15696702652715,35.0,299.19346733742924
10101.0,34.828599846814356,35.0,302.192585108061
10102.0,35.250998240228924,35.0,298.22227325314105
10103.0,35.1454046221437,35.0,300.2198308045085
10104.0,34.62008699796055,35.0,300.7647675725248
10105.0,34.698913231282994,35.0,300.6360302021409
10106.0,35.44553743677147,35.0,299.309505129062
10107.0,35.427781399233076,35.0,297.79408088628645
10108.0,35.67281070449991,35.0,300.76548543132526
10109.0,35.101896044426795,35.0,299.91017333308196
10110.0,35.52420562068242,35.0,300.3124928809986
10111.0,34.91126082254409,35.0,299.43933173437506
10112.0,34.49369337844684,35.0,301.3192100059389
10113.0,35.338855551318694,35.0,299.6344188559775
10114.0,34.56504564581919,35.0,299.6894935418677
10115.0,35.04756585786991,35.0,298.7099275804916
10116.0,34.191532733383596,35.0,299.82193698668016
10117.0,34.89137456561451,35.0,300.91909022373875
10118.0,35.23626618091713,35.0,298.23913235664895
10119.0,34.6940883423196,35.0,300.7208631241928
10120.0,34.876210632944314,35.0,299.48323094655757
10121.0,35.223650176362,35.0,299.886881109466
10122.0,35.20168956997625,35.0,299.1940279248185
10123.0,35.24070255971742,35.0,301.04257619255407
10124.0,35.035813894720505,35.0,299.4556456450574
10125.0,35.22594661839337,35.0,299.95099259614636
10126.0,34.52934832131048,35.0,298.06962633891254
10127.0,34.923718248831534,35.0,299.5156680552522
10128.0,35.30504370528202,35.0,299.95624732183404
10129.0,35.09134814634997,35.0,300.3246382364928
10130.0,34.628003864466365,35.0,300.5389473980888
10131.0,35.238752069146656,35.0,299.53127213075186
10132.0,35.172387140334486,35.0,299.43227046762763
10133.0,34.68269872076854,35.0,299.76199084552377
10134.0,34.93548910508492,35.0,298.116516252999
10135.0,35.18169758528583,35.0,301.38570033662785
10136.0,34.15595534161158,35.0,300.3830698645546
10137.0,35.054336930440805,35.0,302.0557892769552
10138.0,34.93737910273515,35.0,297.56742518368753
10139.0,34.68281746736747,35.0,299.87489531220666
10140.0,35.07684848609023,35.0,298.4849728488579
10141.0,35.03160761404508,35.0,300.9477465601268
10142.0,35.018153036661865,35.0,300.8786923359999
10143.0,34.22704206863749,35.0,299.872225121192
10144.0,35.001763828062614,35.0,301.7243887508646
10145.0,34.05513245906398,35.0,299.25865293560315
10146.0,34.192342337146954,35.0,298.7101492432074
10147.0,34.99553402518609,35.0,299.477501827976
10148.0,35.180899421708766,35.0,299.71069347673904
10149.0,34.64073642033557,35.0,298.9138192088312
10150.0,34.95023370382149,35.0,303.0265337112354
10151.0,35.16107091342546,35.0,299.3545276816453
10152.0,35.800969582822425,35.0,301.0323495628592
10153.0,35.33854660992198,35.0,302.01104447495493
10154.0,35.22677745648625,35.0,299.9217054061117
10155.0,35.05241474968264,35.0,298.5150454895313
10156.0,34.82647944620533,35.0,300.9742343066179
10157.0,35.144160213498886,35.0,302.3898714661313
10158.0,35.574297253915226,35.0,298.9067250660004
10159.0,35.07406917487922,35.0,301.5914771461015
10160.0,35.58013530010555,35.0,299.29645569229996
10161.0,35.16580468467054,35.0,299.5293980684436
10162.0,34.313240953086925,35.0,302.0378498177033
10163.0,34.91347470122609,35.0,298.16794045453594
10164.0,36.15777015534073,35.0,299.9071343055484
10165.0,34.6619500169159,35.0,299.0394113051277
10166.0,34.47644699129562,35.0,300.2171908020687
10167.0,35.22478974669691,35.0,299.47443460416974
10168.0,35.158943970338406,35.0,297.69848545508444
10169.0,35.10507841244431,35.0,300.104624488336
10170.0,34.19059960015708,35.0,300.61512458958777
10171.0,34.493684204253896,35.0,301.1306820759981
10172.0,34.93598459681287,35.0,299.51404446317486
10173.0,34.348891474582985,35.0,300.6877990902618
10174.0,35.18848585289504,35.0,299.9163715167224
10175.0,35.1099494454156,35.0,300.08761205952055
10176.0,35.37711656857136,35.0,299.14025796068603
10177.0,34.96627065591082,35.0,300.2695749042401
10178.0,35.808274009472505,35.0,299.6656950090438
10179.0,35.41098204566999,35.0,300.138903606522
10180.0,34.85053664627982,35.0,300.5620790470377
10181.0,34.72572045977677,35.0,300.0502353569085
10182.0,35.58164284837118,35.0,301.7735471745873
10183.0,35.12320737294558,35.0,300.78779761263115
10184.0,35.31606774401584,35.0,300.5209256059554
10185.0,34.346733263098336,35.0,302.06008176690807
10186.0,34.23402920017418,35.0,297.8695029910304
10187.0,35.532490348909214,35.0,299.1807096072371
10188.0,34.885864076497455,35.0,299.3802259324448
10189.0,34.947556536243475,35.0,299.24612524172244
10190.0,35.39302946721929,35.0,301.0681763449424
10191.0,34.94574132528375,35.0,299.0713733015599
10192.0,34.2883305365471,35.0,298.9199847026405
10193.0,34.54926017457016,35.0,299.15891681766203
10194.0,35.239356592274774,35.0,301.6726466155515
10195.0,34.63733843309958,35.0,298.7810237783749
10196.0,35.22856052372123,35.0,300.1747135052546
10197.0,35.1045460349596,35.0,298.8969289503165
10198.0,34.74656943732043,35.0,300.73546688780334
10199.0,35.04395043097427,35.0,301.5960570014941
10200.0,34.95047804533878,35.0,300.0026421370451
10201.0,34.51603934393406,35.0,299.95150265871973
10202.0,34.93528609944445,35.0,300.2067190204313
10203.0,35.76652557844287,35.0,302.88089291608037
10204.0,34.78128706212566,35.0,299.1837980397088
10205.0,35.353423970319405,35.0,300.3423671934767
10206.0,34.598882695407745,35.0,300.9669671364407
10207.0,35.362473736528855,35.0,300.2878830854292
10208.0,35.19356123817712,35.0,299.4810067761031
10209.0,35.23040736529111,35.0,298.7972376438344
10210.0,34.644550087613666,35.0,300.05429272083404
10211.0,35.03817865368421,35.0,296.98974618686896
10212.0,35.475442067328665,35.0,300.34150515315883
10213.0,34.88846168151835,35.0,300.2550117195917
10214.0,35.30576636854833,35.0,299.6194004172222
10215.0,34.805414001370934,35.0,299.75694700074297
10216.0,34.86577744444395,35.0,300.62081127873665
10217.0,34.547166943718096,35.0,299.71525506063153
10218.0,34.75719047426071,35.0,300.5357745871447
10219.0,35.340383955633015,35.0,300.51818014496695
10220.0,35.13903494356729,35.0,301.64574538314423
10221.0,34.79616827870895,35.0,300.777801498207
10222.0,34.59199617957154,35.0,300.5222902083337
10223.0,35.56946528256931,35.0,300.96568763779453
10224.0,35.294708685604505,35.0,299.3937934957422
10225.0,35.922912403286894,35.0,300.0660520892191
10226.0,35.240637877319664,35.0,300.36148140367766
10227.0,36.95967213084526,35.0,300.4682949854847
10228.0,34.996885669981424,35.0,300.27182502764083
10229.0,34.7922892801765,35.0,302.33506511297435
10230.0,34.93144987420308,35.0,299.67156780618444
10231.0,34.794279069016504,35.0,298.5439928931351
10232.0,35.130485356545336,35.0,299.4884948105849
10233.0,35.18827112462349,35.0,300.412919613995
10234.0,35.281072580214826,35.0,301.03502446799797
10235.0,35.51404957964776,35.0,301.6785554463836
10236.0,34.675165450132795,35.0,301.57901649478896
10237.0,35.18854721279186,35.0,299.1670225407122
10238.0,35.24064219096901,35.0,299.31245887493077
10239.0,34.10125754286264,35.0,301.02523889956666
10240.0,34.86505595233961,35.0,298.36958712462086
10241.0,34.60154423127324,35.0,299.9672944707342
10242.0,34.73451278976139,35.0,299.3913468226234
10243.0,35.49997033863685,35.0,299.13316790450165
10244.0,34.4869859087261,35.0,298.4259584448809
10245.0,34.93084645346257,35.0,301.23443525272614
10246.0,35.32875817174636,35.0,301.05413460047953
10247.0,35.177402356090276,35.0,299.33336124813053
10248.0,34.24945770188362,35.0,300.17644488920627
10249.0,35.01762761887016,35.0,300.745505482072
10250.0,35.163063118257384,35.0,300.4620927074732
10251.0,35.275992083289545,35.0,298.439141122835
10252.0,35.08731848340625,35.0,301.6536353237124
10253.0,35.15368659905211,35.0,301.5040327333065
10254.0,34.999859677133536,35.0,300.21504088721275
10255.0,34.606962887148065,35.0,301.28471773724607
10256.0,35.491843382177414,35.0,299.7988040997668
10257.0,34.23708317983046,35.0,298.6208983355298
10258.0,34.83923937150151,35.0,299.74614499262947
10259.0,34.45085415355139,35.0,301.68108247677213
10260.0,34.57019301375076,35.0,301.7422258563653
10261.0,34.29227191393826,35.0,299.9872598552825
10262.0,35.34325229369716,35.0,299.8675408530185
10263.0,35.056799473837124,35.0,300.28474820536985
10264.0,34.888691017041864,35.0,300.45632352099847
10265.0,34.99401350839783,35.0,299.5524773490783
10266.0,35.557884475595365,35.0,300.8539710310872
10267.0,35.341307920235,35.0,300.8282833559765
10268.0,34.84102448108204,35.0,299.77810940666757
10269.0,34.72991838353032,35.0,299.8465772622785
10270.0,35.29672550725274,35.0,299.8071278864844
10271.0,35.18321872611816,35.0,298.3651111751455
10272.0,34.4355408175493,35.0,299.82514676460596
10273.0,34.73528835429973,35.0,300.7718329527501
10274.0,35.02063050932574,35.0,300.6404247855195
10275.0,34.851306696108466,35.0,298.991189345248
10276.0,35.0148480740285,35.0,298.9417265988967
10277.0,35.225940203553826,35.0,300.3681234364713
10278.0,34.937488123543744,35.0,300.4296436470307
10279.0,35.182938640457074,35.0,302.55933766239133
10280.0,35.19202868169704,35.0,300.7860873527494
10281.0,35.52306056731172,35.0,301.02474114001706
10282.0,35.3895390109671,35.0,301.8412847246511
10283.0,35.712751207109804,35.0,299.00429706687095
10284.0,35.561458550311166,35.0,299.92337456920944
10285.0,34.84934309718291,35.0,299.3741570182994
10286.0,34.57679442416998,35.0,300.93709948861743
10287.0,35.278229313428184,35.0,301.2571338517641
10288.0,34.885355757601815,35.0,301.96050033246456
10289.0,34.40426392490157,35.0,299.69445857116125
10290.0,35.08780265161358,35.0,300.0300578559593
10291.0,34.95710582943504,35.0,300.2929914094927
10292.0,35.511035186591975,35.0,298.5197642112607
10293.0,35.46463718410776,35.0,301.06766826738095
10294.0,34.95444150569712,35.0,298.95272140070415
10295.0,35.02175270838497,35.0,300.4763782086806
10296.0,35.35359244287683,35.0,301.0956613791823
10297.0,35.64933762033287,35.0,299.87749727994157
10298.0,35.16019187888851,35.0,298.71685522402817
10299.0,35.17170221925264,35.0,300.7211790821156
10300.0,35.536558839938685,35.0,298.8532488708536
10301.0,35.03461645816863,35.0,300.26967703810806
10302.0,34.76210606129733,35.0,299.8984383082128
10303.0,34.286988742567054,35.0,302.619686870409
10304.0,34.412156906225356,35.0,298.0346697281308
10305.0,35.08894383491977,35.0,299.9332548908966
10306.0,35.60935497851223,35.0,300.1577191184656
10307.0,34.654334617357016,35.0,301.23734908353606
10308.0,35.166697635933765,35.0,298.1257979228452
10309.0,34.071040371689705,35.0,299.5193823583363
10310.0,35.43430538083274,35.0,300.61268514352054
10311.0,35.207478997824886,35.0,301.0599270210105
10312.0,34.72996769853866,35.0,299.9504624665383
10313.0,34.59073371963986,35.0,300.91007810493437
10314.0,35.05497851543885,35.0,299.87069843114426
10315.0,34.67102180416975,35.0,299.5015679384713
10316.0,35.595324165631965,35.0,300.7594638762128
10317.0,34.77474310623038,35.0,296.7313907358483
10318.0,34.79238029610332,35.0,299.75470626615214
10319.0,35.01126045936687,35.0,300.7146890019919
10320.0,35.42595871823929,35.0,299.92802220889723
10321.0,34.26635384581792,35.0,300.4207914461756
10322.0,34.841564024799844,35.0,300.75492694854404
10323.0,35.03940722755542,35.0,299.72317135481137
10324.0,34.6422029393574,35.0,301.70348094054657
10325.0,35.71762047296703,35.0,298.908868499582
10326.0,34.80855427492446,35.0,299.8338648297407
10327.0,36.03343629908252,35.0,299.9348557970085
10328.0,35.87585573919973,35.0,299.6622734460337
10329.0,35.033094300903315,35.0,300.5565339088124
10330.0,35.44530557868692,35.0,301.02112290583557
10331.0,34.77139123639679,35.0,298.9746051438777
10332.0,35.9905519250919,35.0,300.2964999098313
10333.0,35.373904349981956,35.0,300.12558654961583
10334.0,35.188843407537284,35.0,299.6849095385687
10335.0,34.968573705914125,35.0,299.7578775232493
10336.0,35.01915360950326,35.0,299.77602514996704
10337.0,34.651505523953205,35.0,299.46429282902386
10338.0,34.93205086603276,35.0,299.5281660453157
10339.0,35.26632392668791,35.0,297.7181526857787
10340.0,35.37857805774701,35.0,299.6942909492476
10341.0,35.12469376053189,35.0,299.9438152353392
10342.0,35.23467050989444,35.0,298.34313559535025
10343.0,35.260574871652935,35.0,300.30203219003596
10344.0,34.97674168094684,35.0,300.5302698428231
10345.0,34.4806553320589,35.0,298.7925334568989
10346.0,34.60484470009241,35.0,299.9753897209751
10347.0,34.45441898165455,35.0,299.14896827063325
10348.0,35.51354319310876,35.0,300.59847733929763
10349.0,34.73992250915215,35.0,299.6196089325643
10350.0,35.462080472174065,35.0,299.8070920324127
10351.0,34.34841942525642,35.0,298.7566878222088
10352.0,34.82840779448244,35.0,299.53834420133137
10353.0,35.055574206450046,35.0,300.9699101741775
10354.0,34.89126642357207,35.0,301.83215407621594
10355.0,35.56078677010331,35.0,299.23871162594156
10356.0,35.076830571940974,35.0,298.9497472246373
10357.0,35.25125891064788,35.0,299.5452091733667
10358.0,34.67236432155099,35.0,300.4535076351535
10359.0,35.61848800791305,35.0,298.8673163918859
10360.0,35.0188166597453,35.0,301.28023961507864
10361.0,35.65065258884176,35.0,299.5384848540649
10362.0,34.613018528530276,35.0,300.13168187715405
10363.0,34.923582775296374,35.0,299.9618171374527
10364.0,34.83918645729661,35.0,300.8033626696057
10365.0,34.50091623745082,35.0,300.18626421178
10366.0,34.81593304384097,35.0,299.4222026857681
10367.0,34.513482934145216,35.0,298.8105029651096
10368.0,35.11379809101581,35.0,299.8446599396659
10369.0,34.715403449094666,35.0,300.1155956210539
10370.0,34.81050912501746,35.0,300.5838258571694
10371.0,35.44725405658157,35.0,299.8699103188364
10372.0,35.759415073296196,35.0,299.2943062995613
10373.0,34.940389655383434,35.0,298.989106335699
10374.0,35.113048270258446,35.0,300.9603121907253
10375.0,34.150877951578636,35.0,300.21949061853235
10376.0,35.29946984242411,35.0,299.745678220572
10377.0,34.905443116366236,35.0,300.074056302772
10378.0,34.65279693926591,35.0,300.1900175673532
10379.0,35.569512882433735,35.0,300.4499061245115
10380.0,35.11219706258476,35.0,300.845330458662
10381.0,35.787800279036,35.0,298.5663150450804
10382.0,34.99043504121555,35.0,299.074063465767
10383.0,34.99354329077697,35.0,301.5274757034718
10384.0,35.02445547361538,35.0,298.521846652404
10385.0,35.06156061637445,35.0,302.45899930348327
10386.0,34.528178689392206,35.0,299.8589754475261
10387.0,34.92540221924275,35.0,300.3939195487913
10388.0,34.49192612501235,35.0,301.50756280196765
10389.0,34.79863821811808,35.0,300.7625095050926
10390.0,34.405010676556316,35.0,298.21571652735327
10391.0,33.99174037233267,35.0,297.8010351542546
10392.0,35.231426618964704,35.0,300.14508800294584
10393.0,35.31522459155558,35.0,301.3841237250659
10394.0,35.237756120243986,35.0,300.8229108569374
10395.0,34.69576013770258,35.0,299.83073707333966
10396.0,34.73614077807287,35.0,299.41445789895414
10397.0,33.79749038894496,35.0,300.8745686865657
10398.0,35.489397660454145,35.0,300.1174642880501
10399.0,35.33844203324909,35.0,298.97513900723993
10400.0,34.74909682840798,35.0,301.07313133432405
10401.0,34.809114713156305,35.0,299.3899027093065
10402.0,34.759815176272134,35.0,300.5748812217293
10403.0,34.9285148238447,35.0,299.96885941711184
10404.0,34.899817134631164,35.0,298.59014893040376
10405.0,35.34196979156201,35.0,298.91146131852884
10406.0,34.867130447650084,35.0,300.4485204562191
10407.0,35.369814126291004,35.0,300.5511455254665
10408.0,34.79947112349578,35.0,300.22292138426786
10409.0,35.28260357350236,35.0,300.4029316598802
10410.0,34.86758005259266,35.0,300.1184558103455
10411.0,34.79845427790977,35.0,298.93509636923886
10412.0,35.01250562971983,35.0,300.8939189521443
10413.0,34.831368488644884,35.0,300.404844663843
10414.0,34.55955071050672,35.0,300.3318713091613
10415.0,34.59946624961179,35.0,299.34733262540107
10416.0,35.77306345878533,35.0,301.03272476236015
10417.0,35.51721127049447,35.0,300.08746648015295
10418.0,35.39850130588794,35.0,300.04268355748667
10419.0,33.98921735821118,35.0,298.40824749342516
10420.0,35.06342776699828,35.0,299.7250658894042
10421.0,34.89764486446073,35.0,301.01332993411745
10422.0,35.27323239779008,35.0,301.4230467175596
10423.0,34.3486679360202,35.0,299.0895319437376
10424.0,34.643787981957644,35.0,300.77035807321465
10425.0,34.182873035426454,35.0,299.4158304259897
10426.0,35.13889499412271,35.0,300.2461026883701
10427.0,34.65574521336277,35.0,299.3273379360671
10428.0,33.89977973035135,35.0,301.08549721589975
10429.0,34.45589261895121,35.0,299.18795411785186
10430.0,35.472686340926046,35.0,299.1057348429651
10431.0,34.418370884140934,35.0,297.98182420807694
10432.0,35.60071565892951,35.0,299.6857500141042
10433.0,34.713244126757026,35.0,300.40238468693576
10434.0,35.049045761781585,35.0,298.3752968513479
10435.0,35.15720559439863,35.0,300.27207804353213
10436.0,35.04577148137214,35.0,298.66861568296326
10437.0,34.814982690092414,35.0,301.91895352673197
10438.0,35.38895385614827,35.0,300.3114896860897
10439.0,34.999021014981466,35.0,297.66125069784664
10440.0,35.479878544452774,35.0,299.84692960131116
10441.0,35.02516625066236,35.0,301.05468877526306
10442.0,34.39330504367897,35.0,300.13726081991354
10443.0,35.66777968502373,35.0,298.4069793391561
10444.0,34.750686211197745,35.0,300.90019887488455
10445.0,34.354165360077104,35.0,299.8308704916977
10446.0,35.00236456664711,35.0,300.81442623769203
10447.0,34.31454634004536,35.0,298.6631789534897
10448.0,34.80764207805475,35.0,298.4720458531527
10449.0,35.027653905110526,35.0,299.1963682794221
10450.0,35.169819880653144,35.0,300.54057158400326
10451.0,35.62874716772556,35.0,299.621284533461
10452.0,35.41294459075065,35.0,299.58800821414826
10453.0,35.742126594999135,35.0,298.6716565217609
10454.0,35.44005041207259,35.0,299.4149733626718
10455.0,35.431477757588546,35.0,298.77986718128756
10456.0,34.55928249684063,35.0,301.25301474436435
10457.0,35.22681641399921,35.0,299.2999859741587
10458.0,35.74256715297594,35.0,299.19619827590105
10459.0,34.642262317484246,35.0,299.999850402047
10460.0,35.288148269872295,35.0,299.09248915232746
10461.0,34.68286387247357,35.0,299.492715251103
10462.0,34.9719066702052,35.0,300.3016003118531
10463.0,34.833403423854236,35.0,298.5111098298648
10464.0,35.23711152093994,35.0,300.67950551600256
10465.0,34.86118576841144,35.0,299.54291904256985
10466.0,35.4211134009637,35.0,298.85292656977185
10467.0,35.13032299704862,35.0,299.74453812654286
10468.0,35.10037785953358,35.0,299.80030732824883
10469.0,35.36642041343415,35.0,301.0180107448534
10470.0,34.80644022037547,35.0,300.7887560050916
10471.0,34.832055410591835,35.0,299.89223259595684
10472.0,34.386313043697676,35.0,301.93051255491514
10473.0,37.55332634189226,35.0,300.5719593937083
10474.0,34.94905208254162,35.0,299.42077175369366
10475.0,34.932086283199844,35.0,300.83971860677116
10476.0,35.2883466837902,35.0,300.4158977923496
10477.0,34.64163673657076,35.0,299.55376676533956
10478.0,34.99998685409622,35.0,300.34864140213136
10479.0,35.35307657058181,35.0,301.12230357949824
10480.0,35.309395524357825,35.0,300.19259871505733
10481.0,35.03123602655903,35.0,299.22016114089905
10482.0,35.353043776174935,35.0,298.71062739261663
10483.0,34.69780783324738,35.0,299.36141347164767
10484.0,34.824189030470805,35.0,300.72396945981023
10485.0,35.6229748282701,35.0,302.10623229734983
10486.0,35.310384394014086,35.0,299.68290636927065
10487.0,35.869540381587655,35.0,297.99692779357133
10488.0,35.35815172984906,35.0,298.93295886246636
10489.0,35.25357418333451,35.0,298.8065340150089
10490.0,36.1546927561256,35.0,299.5530047161283
10491.0,35.73541365567193,35.0,299.91212504018006
10492.0,35.61553652465473,35.0,299.2867990530986
10493.0,34.59029037346478,35.0,299.3318421689737
10494.0,35.683469886739154,35.0,300.9282683588125
10495.0,34.82592759701416,35.0,300.27302993091473
10496.0,35.278833685339464,35.0,300.28149478601324
10497.0,34.96157581546838,35.0,299.4839549570504
10498.0,34.79833114089284,35.0,300.6531317843547
10499.0,35.06588138680335,35.0,299.65241245089845
10500.0,34.53904159699339,35.0,298.8583522943426
10501.0,35.03678965356761,35.0,301.5950850460877
10502.0,34.861950850122035,35.0,300.0469485199429
10503.0,34.52359740212157,35.0,299.25867548349083
10504.0,35.42260211071366,35.0,299.95987266519364
10505.0,35.657994353303245,35.0,299.1660753993736
10506.0,34.615810997669485,35.0,299.83120343998587
10507.0,34.818667732385975,35.0,301.229047548886
10508.0,34.799260803613166,35.0,299.84201798111906
10509.0,34.59944814461761,35.0,300.925981477937
10510.0,34.660274149374885,35.0,300.6029901226997
10511.0,34.85977652553393,35.0,300.2397756511177
10512.0,35.17646768604424,35.0,301.14066235818075
10513.0,34.79149599528809,35.0,297.5474260664229
10514.0,34.640867757947454,35.0,300.30387553464334
10515.0,35.07697507938661,35.0,300.1529973710301
10516.0,35.71443937975977,35.0,299.7214759335312
10517.0,35.27128797723097,35.0,299.16806460727395
10518.0,35.79211799323376,35.0,299.81381407299506
10519.0,34.24060929129886,35.0,301.0313539653559
10520.0,34.89393774455225,35.0,301.00793564650627
10521.0,34.30310562541123,35.0,298.5478569131942
10522.0,35.04806696331235,35.0,300.8781578724853
10523.0,35.44192185417246,35.0,300.1558509820548
10524.0,37.09168835859348,35.0,300.1923480002329
10525.0,35.54541868061619,35.0,300.08885813902583
10526.0,35.211226475086406,35.0,298.50394964041635
10527.0,34.653928785145055,35.0,298.79411994941535
10528.0,34.96062368093161,35.0,300.01130013034594
10529.0,34.723923179696456,35.0,299.9108665271623
10530.0,34.68108963566825,35.0,301.37493975538627
10531.0,34.78088147788209,35.0,300.6145523704604
10532.0,34.74767068528715,35.0,298.39846561504413
10533.0,34.72761208612988,35.0,300.1627026602607
10534.0,35.335000059408785,35.0,299.90814454751387
10535.0,34.75059000783321,35.0,300.09271309654537
10536.0,34.65662506163691,35.0,300.1289873381089
10537.0,34.697779322943504,35.0,302.2879370835426
10538.0,34.138189116955026,35.0,300.5261555895482
10539.0,35.266968456579605,35.0,301.40016190416884
10540.0,34.949461008858066,35.0,299.3502545113324
10541.0,35.04750337294107,35.0,298.729206410204
10542.0,34.29065717273575,35.0,300.0160905242813
10543.0,35.05140310915414,35.0,302.1567830193343
10544.0,34.864066783454284,35.0,300.25786653230665
10545.0,34.44528571205066,35.0,299.6781521243706
10546.0,35.575069187824454,35.0,300.4767611174838
10547.0,35.08868434447992,35.0,299.29461284077667
10548.0,34.89825247089111,35.0,298.9337276651589
10549.0,33.907137900404685,35.0,300.07573031851365
10550.0,35.68531594732529,35.0,300.68902162424195
10551.0,35.46145612023035,35.0,299.677703390677
10552.0,34.75220132096552,35.0,300.0511724290987
10553.0,35.236416743075054,35.0,302.1001956801414
10554.0,35.282994754168996,35.0,298.90156120921876
10555.0,34.674056602176485,35.0,298.3001910377218
10556.0,35.3087090963916,35.0,301.1607462333602
10557.0,35.4383265564992,35.0,300.3270455827237
10558.0,35.02142526541456,35.0,298.7386520012955
10559.0,34.93125196922743,35.0,298.8451789720192
10560.0,35.60642509236316,35.0,299.93866669897153
10561.0,34.17203764067345,35.0,300.6100260586051
10562.0,35.45862034173634,35.0,299.913034721763
10563.0,34.89843183159334,35.0,300.146384627888
10564.0,34.585601419700836,35.0,299.1260207300135
10565.0,35.32969045898587,35.0,299.73461273153345
10566.0,34.755204435830116,35.0,299.40590419714187
10567.0,35.35831121019162,35.0,300.8760264307767
10568.0,35.45437454562639,35.0,299.7612682595028
10569.0,34.96924819749511,35.0,299.1952324578992
10570.0,34.37691294200649,35.0,299.26176754040665
10571.0,35.22539142163873,35.0,298.4166589741549
10572.0,35.15938445413792,35.0,300.9102377394412
10573.0,34.538206717484236,35.0,302.9051483188725
10574.0,34.802091891469864,35.0,301.100509559768
10575.0,35.36551211812021,35.0,299.1885747859511
10576.0,35.48078290165906,35.0,298.43121650032236
10577.0,35.46624635969351,35.0,299.29018442871114
10578.0,34.79890867224343,35.0,301.53479013373146
10579.0,34.96729467974195,35.0,298.23896484486187
10580.0,34.8263900989244,35.0,299.9979503830606
10581.0,35.249286889710326,35.0,300.1590323752446
10582.0,34.09180903550057,35.0,301.2459392954855
10583.0,34.87522522164143,35.0,298.65438143383113
10584.0,33.87431363175646,35.0,299.36896134577773
10585.0,35.23642172604978,35.0,298.8346052906701
10586.0,34.780525359658704,35.0,300.00055151350267
10587.0,35.74955954104912,35.0,300.9620446614436
10588.0,34.974382640822554,35.0,299.0876956604522
10589.0,34.77672495721632,35.0,299.78400218997973
10590.0,34.908061591100974,35.0,299.6842993993218
10591.0,34.695568186651464,35.0,301.151589199177
10592.0,35.23486729068789,35.0,299.35824659246674
10593.0,34.99102421187938,35.0,300.96060603893915
10594.0,34.715647381346464,35.0,300.8886298897349
10595.0,34.56229157043605,35.0,300.26645209369167
10596.0,35.06436160013249,35.0,299.1961733084137
10597.0,35.02470397054854,35.0,299.62083363344743
10598.0,34.86565909745619,35.0,299.51210772449906
10599.0,35.42527042898223,35.0,299.77003182069103
10600.0,34.790453643570984,35.0,300.99599030739273
10601.0,34.687097492627764,35.0,299.693481540754
10602.0,34.94556663082886,35.0,300.38097349645517
10603.0,35.11115878845171,35.0,298.63849123203585
10604.0,34.892073148899804,35.0,297.8325095072627
10605.0,34.70773602081512,35.0,299.7258417594123
10606.0,35.505475947158786,35.0,303.07585893408157
10607.0,35.03221988586345,35.0,301.1621312969197
10608.0,34.874225429225085,35.0,299.39751777879286
10609.0,35.417857289933735,35.0,298.465362730552
10610.0,34.625756741957666,35.0,300.43576139371885
10611.0,34.617545248977116,35.0,300.5579066194042
10612.0,34.836016971328604,35.0,300.23056453655647
10613.0,34.63389032689155,35.0,301.8699505482078
10614.0,34.369055781431236,35.0,299.55774488964664
10615.0,35.2815316257388,35.0,299.4373956848422
10616.0,35.56810421090065,35.0,298.0693531329801
10617.0,34.7157903749271,35.0,300.76673277091015
10618.0,35.355455187633076,35.0,301.28253269188696
10619.0,34.56889127369507,35.0,298.2757251928709
10620.0,35.14400706747464,35.0,299.86932158125484
10621.0,34.70629384363459,35.0,301.80661546949347
10622.0,35.75302075970626,35.0,301.98810922303494
10623.0,34.54894590875695,35.0,298.8860726905229
10624.0,34.75989946511844,35.0,299.89948775188253
10625.0,35.9491058521947,35.0,300.6355527844677
10626.0,34.48069499608985,35.0,300.5966249729379
10627.0,34.90788177773331,35.0,299.0403829338552
10628.0,34.76463469607264,35.0,297.98452661198917
10629.0,34.871682819502404,35.0,300.56819358104434
10630.0,34.77051384665373,35.0,299.54996074159067
10631.0,35.377798156721106,35.0,302.5398518465566
10632.0,34.829153443445534,35.0,300.7244106279985
10633.0,35.58088084441976,35.0,298.29179964658516
10634.0,36.13030114827631,35.0,300.0352279386896
10635.0,34.85514947920359,35.0,300.54253581939173
10636.0,35.20916918299243,35.0,300.83280475359174
10637.0,35.215245996300425,35.0,300.02749873350456
10638.0,35.68080406562055,35.0,300.6168973906999
10639.0,34.86927412485714,35.0,299.9458546363669
10640.0,35.28875081567098,35.0,299.5904100371894
10641.0,35.190875893779676,35.0,300.94740183627135
10642.0,35.03987237949964,35.0,299.37145983791737
10643.0,35.03472794410007,35.0,297.4039703359478
10644.0,34.64451618797205,35.0,301.1749123281762
10645.0,34.92789578488524,35.0,300.8250376972797
10646.0,35.23370147893529,35.0,299.3743700937209
10647.0,34.423433449907954,35.0,300.86225654289393
10648.0,35.431783688048284,35.0,298.6874377732369
10649.0,34.585816484215385,35.0,300.1647888846406
10650.0,35.10761954466578,35.0,298.76745379187656
10651.0,34.275647959197556,35.0,298.51338296288276
10652.0,34.53503579666977,35.0,301.68143514351647
10653.0,34.4048814620579,35.0,299.84741453147467
10654.0,35.58175002987432,35.0,298.844912950648
10655.0,35.236670110434424,35.0,299.7207718873611
10656.0,34.9463125371068,35.0,299.75744457422337
10657.0,35.32195129419492,35.0,299.4491963211748
10658.0,35.652443826741276,35.0,299.2645870857133
10659.0,34.55151372262523,35.0,298.59128369205706
10660.0,35.20498731092354,35.0,299.06563442971066
10661.0,34.27331374812223,35.0,302.97316048365775
10662.0,35.255837973110246,35.0,299.30971850925425
10663.0,35.560338524740324,35.0,300.44512138569087
10664.0,35.139634501521776,35.0,301.2980297156526
10665.0,34.48290765588681,35.0,301.2855319470623
10666.0,35.00908780529287,35.0,300.1946005216137
10667.0,35.36138333854914,35.0,300.8976618091761
10668.0,34.665112711215464,35.0,300.3287211232387
10669.0,34.464548220453445,35.0,299.86856372975024
10670.0,34.60908611996334,35.0,300.74765620487136
10671.0,34.56049504286219,35.0,300.22644489574213
10672.0,35.202223799634275,35.0,299.8042452701786
10673.0,34.99629538489899,35.0,300.14765224399554
10674.0,34.77121100287735,35.0,300.39104459856514
10675.0,35.11968892144311,35.0,301.20315916021406
10676.0,35.46384220548213,35.0,301.4380530336151
10677.0,34.94216988400488,35.0,300.67539822549725
10678.0,34.98483063527534,35.0,298.87366245349676
10679.0,34.86195663782241,35.0,299.6980414462538
10680.0,34.34568297173309,35.0,301.29074274525027
10681.0,34.42479421809934,35.0,300.6120033385727
10682.0,34.975236255476275,35.0,299.9778433592469
10683.0,35.34225727501433,35.0,299.2111315768922
10684.0,34.37830632656262,35.0,300.2769077712703
10685.0,35.474472422379165,35.0,299.56428515899614
10686.0,34.45376958668713,35.0,301.1620645868703
10687.0,34.44467301342344,35.0,301.65810222469497
10688.0,35.40113086393194,35.0,300.60706345278555
10689.0,35.02583863727985,35.0,299.78570070908904
10690.0,34.85853635455889,35.0,300.6519881490235
10691.0,35.03827259794777,35.0,299.714350845589
10692.0,35.17338054744455,35.0,300.99762004083874
10693.0,35.27779372383548,35.0,301.8211404925636
10694.0,35.188068244025686,35.0,298.9929503703614
10695.0,34.58075346687084,35.0,300.2069200117578
10696.0,35.44435237139967,35.0,301.0485504404375
10697.0,35.08377273381354,35.0,298.62810301644765
10698.0,35.13063067996591,35.0,300.90087955345615
10699.0,35.00121581696368,35.0,300.77195679298126
10700.0,35.242411774741655,35.0,301.2949611601912
10701.0,34.49920544812348,35.0,301.43629170291445
10702.0,34.68816484089442,35.0,300.17206913507795
10703.0,35.07620056021716,35.0,301.62135599883703
10704.0,34.952517277982906,35.0,299.3164373009279
10705.0,35.69692304826736,35.0,299.4260468162507
10706.0,35.87954635411702,35.0,300.28334795838236
10707.0,35.48899111782354,35.0,299.16815988818774
10708.0,34.95398588587988,35.0,299.77254433942636
10709.0,35.080621851706965,35.0,301.4600963910966
10710.0,35.49808586039902,35.0,300.2125949792834
10711.0,35.03117215056462,35.0,299.55047501802693
10712.0,35.20919620937122,35.0,299.6550904545433
10713.0,34.95088743536735,35.0,300.8716960552419
10714.0,34.19844127703167,35.0,300.37430247477664
10715.0,35.11327837514823,35.0,300.0370802967096
10716.0,34.18641409298974,35.0,300.18964356686797
10717.0,34.651005451155285,35.0,300.3485082993168
10718.0,35.64757868066675,35.0,300.58434547783713
10719.0,34.57450978300175,35.0,300.1682953516455
10720.0,35.48037269633003,35.0,300.6362977810554
10721.0,35.16791444674779,35.0,299.6046470982481
10722.0,35.45130527537119,35.0,299.82886182359755
10723.0,34.26347852590277,35.0,300.99938963811195
10724.0,35.641387624448285,35.0,299.96291327657184
10725.0,34.75220400545564,35.0,298.8118960521727
10726.0,34.99262623379565,35.0,298.9410430821921
10727.0,34.954295111133725,35.0,298.722347302571
10728.0,34.89508896487452,35.0,298.5146994810277
10729.0,35.188607582651606,35.0,298.63657156632894
10730.0,35.251645923252894,35.0,298.3928506711104
10731.0,34.75085165791645,35.0,300.29612296396493
10732.0,34.6313969927135,35.0,300.07006460673176
10733.0,34.84822656954178,35.0,299.17460660602075
10734.0,34.48638659604365,35.0,300.39641394068445
10735.0,35.10716858421684,35.0,300.4311869675414
10736.0,35.00738169633077,35.0,300.4869836392685
10737.0,34.945426669495326,35.0,301.16592648428826
10738.0,35.18455689785634,35.0,302.0418112535301
10739.0,29.706848549407155,35.0,300.4934405163088
10740.0,33.72613505898225,35.0,301.49960563547256
10741.0,34.79389447884453,35.0,299.0518133528821
10742.0,34.78509048518789,35.0,299.42113100468714
10743.0,35.14750926760504,35.0,299.68591793991203
10744.0,35.265661872313984,35.0,298.17391340441736
10745.0,35.30768019258442,35.0,300.3689669971911
10746.0,35.38528077763416,35.0,300.6052625163857
10747.0,35.55507583672279,35.0,300.2275832429456
10748.0,35.40899081437865,35.0,300.5438496821406
10749.0,35.32844576447624,35.0,298.8233520047238
10750.0,34.33859753598103,35.0,300.25288559440224
10751.0,34.865008047427516,35.0,298.7895558004298
10752.0,35.2792340744778,35.0,300.364614440473
10753.0,34.688500983964985,35.0,300.25042329190035
10754.0,35.833661287604336,35.0,300.1507081184192
10755.0,35.31472888688648,35.0,299.8229041970049
10756.0,34.828017096077346,35.0,299.61058339462187
10757.0,35.01877041159508,35.0,299.08401688215383
10758.0,35.92704530791125,35.0,300.4077759324011
10759.0,35.200880724510995,35.0,300.13350409438686
10760.0,34.45372001735584,35.0,301.4745694040606
10761.0,35.57865810389759,35.0,300.29446086334605
10762.0,34.95197803448342,35.0,299.150427892029
10763.0,34.433189527928846,35.0,300.63286644502597
10764.0,35.72141767445128,35.0,301.6805399757359
10765.0,34.38754328018451,35.0,299.58692711654766
10766.0,34.75594022968226,35.0,300.4901068779152
10767.0,35.043880705275384,35.0,300.86371600742063
10768.0,34.71467036603585,35.0,301.8322279773881
10769.0,34.51272101495316,35.0,300.6804630441986
10770.0,35.048859110052774,35.0,301.46672621011896
10771.0,35.4257378571853,35.0,299.13519080781293
10772.0,35.04650786932081,35.0,299.83209070014584
10773.0,34.82884377543964,35.0,299.4449044340649
10774.0,35.33394886179206,35.0,299.3567000219285
10775.0,34.53715815412825,35.0,300.83474536389656
10776.0,34.231187674860756,35.0,299.58307449013756
10777.0,34.23505642682312,35.0,299.7852242201411
10778.0,34.971541796643876,35.0,301.9764991407286
10779.0,34.72029631153195,35.0,302.13569397474896
10780.0,35.10995904820117,35.0,299.40177451700094
10781.0,34.979554728952,35.0,299.2653647814588
10782.0,35.60150577378728,35.0,300.0572018507829
10783.0,35.582674634337074,35.0,298.64313646825104
10784.0,35.1229175171189,35.0,299.5890601032068
10785.0,34.79206038529651,35.0,298.0474175500472
10786.0,34.59465183055556,35.0,297.8177724380116
10787.0,36.83708265356937,35.0,298.49690597089676
10788.0,34.48101432643347,35.0,299.91807694812167
10789.0,35.77559005342802,35.0,298.7876195725435
10790.0,35.80163562727214,35.0,298.09272993042487
10791.0,34.816807934337234,35.0,299.708845211659
10792.0,34.993514698036456,35.0,299.7704869952662
10793.0,34.47761258428344,35.0,300.78777631754025
10794.0,35.616708168158866,35.0,299.72693681127157
10795.0,34.31302051242574,35.0,299.89822317329424
10796.0,35.17009818267832,35.0,299.84700820366004
10797.0,34.4053580823374,35.0,298.7692024447568
10798.0,35.018472120091076,35.0,300.82351740933143
10799.0,34.61833361633515,35.0,298.9062311122983
10800.0,34.74334711060306,35.0,299.1087223325219
