t_s,load_cell_weight_g,true_weight_g,true_flow_ml_per_hr
0.0,540.5816828694021,540.5,99.05589757541073
1.0,540.4855719494221,540.4721818020976,99.6525931097599
2.0,539.8849718003039,540.4441960321992,98.87946055262671
3.0,540.9879855770597,540.4164273836941,100.91650710260535
4.0,540.6366108241018,540.388086664616,101.86804625183095
5.0,539.9787553055667,540.359478721627,101.768813905598
6.0,539.9650757739614,540.3308986463885,100.85476083485709
7.0,540.6460064602744,540.3025752677206,98.65434554294404
8.0,540.3608497400309,540.2748698390141,99.6009744696928
9.0,540.2594111649615,540.2468985653504,97.79532818934503
10.0,539.9036109407311,540.2194343773506,98.16424797623216
11.0,539.8212736817896,540.1918665843773,101.3745397662885
12.0,539.8350196506786,540.1633972344596,99.36094619709468
13.0,540.5313925790217,540.135493368736,102.14944669346882
14.0,540.3066160080133,540.1068063991229,99.28657550025174
15.0,540.249778569113,540.0789234191699,100.01754172880153
16.0,540.0937286965315,540.0508351595344,101.15142094837333
17.0,540.1482275558756,540.0224284688179,100.61329555040975
18.0,540.3104190039641,539.9941729016509,99.55966948522185
19.0,539.4237085802257,539.9662132278038,100.38043183893718
20.0,540.4783647426882,539.9380230565291,101.46182972470802
21.0,540.5983886823124,539.9095291926815,100.02341334648878
22.0,540.6845628728149,539.8814392841,102.08411608235879
23.0,540.1063821737647,539.8527706615,98.57647173963271
24.0,539.6694659898924,539.8250871023532,100.30069601357097
25.0,540.3858085542126,539.796919323556,101.34290905380388
26.0,539.05784660616,539.7684588565968,99.18791587409363
27.0,539.8220135955518,539.7406035835555,101.17086758811138
28.0,540.0855978885672,539.7121914315745,100.57448625409141
29.0,539.5810046608188,539.6839467633515,98.5798215078074
30.0,539.5622041108156,539.6562622634781,100.38272427739558
31.0,539.7920743139767,539.6280714484101,100.0164863194895
32.0,539.5213717165701,539.5999834851687,99.25529593688069
33.0,539.4502020339368,539.5721092895599,100.78116742958716
34.0,539.5014710031796,539.5438065783733,99.56662812503427
35.0,539.5537821429796,539.5158449503083,101.26389756929821
36.0,539.2064818890672,539.4874066724076,99.50836884311454
37.0,538.4716827245804,539.4594614054907,99.57393829392961
38.0,539.4323824201072,539.4314977244865,101.69886615481283
39.0,539.3464273738804,539.4029372929081,101.16959863170064
40.0,539.1446182514684,539.3745254972923,99.55394083379268
41.0,538.8303285161322,539.3465674322415,99.27734444051113
42.0,539.4193572166715,539.3186870446777,100.95482557542303
43.0,539.6264265576784,539.2903355644953,99.44370973345002
44.0,539.0514341830603,539.2624084560118,98.56110652711119
45.0,539.3709822187033,539.2347292119289,99.21160948773057
46.0,539.8972529756351,539.206867284931,99.43865342332376
47.0,539.2131654645191,539.178941596428,97.82668871259102
48.0,539.2590749488797,539.1514686013479,99.30892308441823
49.0,538.8027803507512,539.1235793454483,99.64412916141238
50.0,538.9432002083179,539.0955959525088,100.66042088387846
51.0,538.9919035127573,539.0673271509772,100.21047284665518
52.0,539.4066675625556,539.0391847098529,100.15861954902853
53.0,538.8617169478288,539.0110568308628,99.9522225029002
54.0,539.3490247938755,538.9829869150433,102.88722202151192
55.0,539.2675930362237,538.9540927535255,98.93795006482472
56.0,538.5963107645716,538.9263076792156,100.3201529046247
57.0,538.903897506429,538.898134436275,98.79573242847198
58.0,538.2964024772513,538.870389301418,100.98607347486347
59.0,538.5270745863754,538.8420290457838,99.7220592124346
60.0,538.4805559813245,538.8140237674883,100.59736676220042
61.0,538.9344780882125,538.7857726736559,99.8472781759694
62.0,538.1978728365838,538.7577322297014,98.8594654216745
63.0,538.84527234016,538.7299691964956,99.65226823529659
64.0,538.5359208748828,538.7019835178328,99.67563391640708
65.0,538.6837642436325,538.673991277308,99.27055985199176
66.0,538.7182327037094,538.6461127950829,98.97903417239849
67.0,538.2991221825365,538.6183161829861,101.86190473867019
68.0,538.1177840475661,538.5897099647386,100.10713997807878
69.0,538.8891230680429,538.5615965429281,100.4194729016637
70.0,538.3490769293737,538.5333954076216,100.28996088738317
71.0,538.8912609868518,538.5052306436057,101.3426167961336
72.0,538.8601084854149,538.4767702587221,101.14477320289262
73.0,538.4471586475838,538.4483654349144,100.82640423962519
74.0,538.406049753648,538.4200500197237,99.40528174817821
75.0,537.9631027885011,538.3921337030995,98.34520741101576
76.0,537.5044030232045,538.3645150906848,100.9472093882619
77.0,537.9420777684866,538.3361657493816,98.7868399254429
78.0,538.0392819812753,538.308423111836,101.3323764091991
79.0,538.0200549315753,538.2799656027944,99.28511806459761
80.0,538.3008715167994,538.2520830321378,99.33459437367051
81.0,538.0198170600544,538.2241865668846,101.03804842433658
82.0,538.2660332075808,538.195811714952,101.46235682881492
83.0,537.6538991125122,538.1673177030759,100.03807718821314
84.0,537.7802001017201,538.139223676399,99.26364192706448
85.0,538.1399019884894,538.1113471369578,102.20773665442485
86.0,538.0681248441382,538.0826437975807,99.1923339701774
87.0,538.0375730146361,538.0547872837907,100.91790266459562
88.0,538.3279917024827,538.0264461727924,98.65913355210161
89.0,538.3058280835753,537.9987393994531,98.37835160278858
90.0,537.9864327901923,537.9711114790448,100.06716383805748
91.0,537.9443518748844,537.9430092838668,98.85719078482349
92.0,538.2719576618842,537.9152468894548,99.43854251913187
93.0,538.149405265451,537.8873212320973,101.94805190043186
94.0,537.9081905961245,537.8586908208553,100.49313394191408
95.0,537.8714615170976,537.8304689990732,100.4376253142179
96.0,537.415028240868,537.8022627659642,99.35841025827143
97.0,537.7054176861484,537.7743596124167,99.49909127940818
98.0,537.7649521406641,537.746416950949,100.33277945474768
99.0,537.9684435434425,537.7182401620522,100.97907990781316
100.0,538.3858529479421,537.6898818704447,99.3140897632399
101.0,537.2855137884529,537.6619911635695,100.21055237076209
102.0,537.8340267945043,537.6338487001121,101.57342074603619
103.0,537.555520370456,537.6053234977859,102.25282052470018
104.0,537.4101118656508,537.5766074973552,99.04352418009059
105.0,537.846463324699,537.5487927743147,99.90050336051881
106.0,537.8937269124125,537.5207373829542,98.25720348800685
107.0,537.3789672128167,537.4931434849747,100.54114657821493
108.0,536.9552045250283,537.464908179644,99.92667392022697
109.0,537.3501389349559,537.436845438718,99.45048988390535
110.0,537.2121172454049,537.4089164261422,100.14482428935032
111.0,537.4868156346218,537.3807924213211,101.39645580558671
112.0,537.9970403779952,537.352316916649,98.75348131166433
113.0,538.336790115611,537.324583647314,98.93166054477344
114.0,537.2101267259804,537.296800339311,102.00288807942967
115.0,536.8169187050737,537.268154528242,99.50600493008497
116.0,537.2477606590456,537.2402099251908,101.62596828813325
117.0,537.7452161362347,537.2116699657632,101.55113338041515
118.0,537.1088749902044,537.1831510224722,100.86126568458309
119.0,535.9586550319018,537.1548258170258,98.60484633714944
120.0,537.0881691029385,537.1271342893461,101.3532637575426
121.0,537.3484813822473,537.0986709144408,98.75218495547102
122.0,536.8497954341826,537.0709380091658,100.19157573229788
123.0,537.4167704469553,537.042800874981,100.43049138576659
124.0,536.9944729244495,537.0145966453169,101.23936992974801
125.0,537.3759991404588,536.9861652555949,99.8276419533263
126.0,537.0368564722829,536.9581303261464,101.54204646879323
127.0,535.9188319689869,536.929613934763,100.63940800137979
128.0,537.2090801845025,536.9013510343493,99.23896751173005
129.0,537.1367133856855,536.8734814243064,100.3249013965509
130.0,537.7923350003051,536.8453068478309,99.27415320977904
131.0,536.9719267387264,536.8174273564712,100.64921679181391
132.0,537.2173186000323,536.7891617014221,98.39535543868472
133.0,536.4413282013608,536.7615290057697,98.92176334456879
134.0,537.1761268427282,536.7337484772305,100.18957403140232
135.0,536.7399903693696,536.70561190519,101.09672251537053
136.0,536.7244239216832,536.677220575617,98.16319619337143
137.0,536.8858694485876,536.6496530780194,101.00121940433247
138.0,535.7380298227977,536.6212885689033,99.11537297006852
139.0,536.3912582668279,536.5934536683276,99.07709147052176
140.0,536.8397205036915,536.5656295184729,101.10771804468914
141.0,536.5025463637992,536.5372351009887,101.14126116850983
142.0,536.6876138878928,536.5088312634772,99.09715709440837
143.0,536.670228260094,536.4810014785265,100.33477085079214
144.0,536.3168292537082,536.4528241303792,100.23613920256066
145.0,536.1291120747376,536.4246744812865,100.46725287322556
146.0,536.0757259577,536.3964599277713,99.41410060321633
147.0,536.1330381921887,536.3685411345185,100.29344807989999
148.0,535.965658248372,536.3403753911828,99.24333470951804
149.0,535.5936040794768,536.3125045546851,99.31480367338398
150.0,536.2678545349235,536.2846136473202,100.38189987603027
151.0,536.4407370423129,536.2564230637718,99.43985949717633
152.0,536.0281171023267,536.2284970365629,100.26596627357326
153.0,536.1119764498335,536.2003390110344,100.81491897557584
154.0,535.5755202715137,536.1720268212888,99.78627651652283
155.0,536.2451665540559,536.1440035086338,99.46439180070294
156.0,536.1562851826232,536.1160705919364,100.5648318644041
157.0,535.9622526584722,536.0878286349878,98.50836605958973
158.0,536.6778968035687,536.0601642021861,99.73504127236993
159.0,536.3464434733611,536.0321552780954,98.52966946152591
160.0,536.3725802600089,536.0044848625882,100.08223725303532
161.0,535.762138967769,535.9763784342931,101.62093828951163
162.0,535.3582991173128,535.9478398874567,102.49435802058242
163.0,535.950616453131,535.919056055246,99.98578398115498
164.0,535.7565896966724,535.8909767142445,97.74814178860582
165.0,535.4141472104923,535.8635257777589,100.50489768488195
166.0,534.1840473997132,535.8353006523257,100.39284210306711
167.0,536.3566857472683,535.8071069958352,100.58476745520352
168.0,535.8321924274338,535.7788594403082,99.47195787659311
169.0,535.3155303894456,535.7509243988045,99.61890412219257
170.0,535.3541182925774,535.7229480898968,100.10104034632819
171.0,535.5269242903212,535.6948363810662,99.742752422572
172.0,535.0866069249328,535.6668252914276,99.52779280080333
173.0,535.6273566755222,535.6388745696161,102.09061904087291
174.0,535.7192513907474,535.6102041207687,98.63633210144043
175.0,535.218037296774,535.5825037508368,98.89921818628642
176.0,535.6429585533808,535.5547295537295,98.95637083848392
177.0,535.51783737062,535.5269393062524,100.15674041870228
178.0,535.7383446228056,535.4988119549848,100.25918982269631
179.0,535.5772021421377,535.4706558325097,98.79050569828112
180.0,535.3411233496793,535.4429121654928,100.45021815373266
181.0,535.2600069587559,535.4147023958946,99.45906847825813
182.0,535.467918457589,535.3867709741636,100.94120727864619
183.0,535.4414407476535,535.3584233184529,100.60855315843436
184.0,535.9546593868542,535.3301690831074,100.9302015605005
185.0,535.5249908340865,535.3018245181693,101.03712872735994
186.0,534.9905179666162,535.2734499245182,100.38039189452789
187.0,534.8971497402946,535.2452597644613,102.5731000096258
188.0,534.492179929338,535.2164538188752,99.78271679521428
189.0,535.0862936273201,535.1884315059085,99.47681477823348
190.0,534.088439175014,535.160495100425,98.6489895523913
191.0,535.1561348729598,535.132791175859,100.57516208441002
192.0,535.4688430539728,535.1045463178403,99.1927437216034
193.0,534.8464964541114,535.0766896889785,100.94854635990797
194.0,535.3791426425701,535.0483399722091,100.88319368464248
195.0,535.6485497773706,535.0200086086493,101.11796144073216
196.0,535.2018531845008,534.9916113144782,99.45745226477125
197.0,534.2972603474287,534.9636803466337,98.60843697974792
198.0,535.0972029689456,534.935987810582,101.33407661760296
199.0,534.5354108932588,534.9075298240651,100.04371940013756
200.0,534.8460088050483,534.879434212867,100.18224075562257
201.0,534.2812487426554,534.8512997002547,99.02448281834226
202.0,534.2876926601615,534.8234903246632,100.86717947624626
203.0,534.1804915721938,534.7951634584269,100.93181812756535
204.0,534.9690444487157,534.7668184395029,100.20056705038422
205.0,534.6869074291774,534.7386787802561,100.78100461826031
206.0,534.9299122440399,534.7103761147926,101.42060640120141
207.0,534.2052385656273,534.6818938278282,99.71175085987794
208.0,534.5826510527521,534.6538914444618,99.81681866498272
209.0,535.0850370191052,534.6258595545532,100.38158001655657
210.0,534.664935117231,534.597669060832,100.81617131254258
211.0,534.5056478791286,534.5693565193884,101.23670597990461
212.0,534.5223643261237,534.5409258777923,101.75869016169423
213.0,534.3776117508227,534.5123486456387,99.68547142473236
214.0,533.7611497095289,534.4843536424135,97.82544012121465
215.0,534.3265845133706,534.4568809979795,99.44440774210622
216.0,534.3648865851893,534.4289536934718,100.37949245799268
217.0,534.6139723343476,534.4007637860066,100.47818452025022
218.0,534.8131782590949,534.3725461625206,98.545220497087
219.0,534.4039979707101,534.3448713797643,101.17626686805143
220.0,534.3363766652628,534.3164577114856,101.91292407933562
221.0,534.6852655835515,534.2878371653065,98.39030741772893
222.0,533.3969610774373,534.2602058873067,100.81540000274255
223.0,534.0452753392977,534.2318935624726,99.25346371317036
224.0,534.3942456702773,534.2040198814132,98.13370144889099
225.0,534.0241331481233,534.1764606669229,100.01622039758952
226.0,534.3817194995262,534.1483727783612,99.57960671814435
227.0,534.5289246396375,534.1204075054745,100.05164453457677
228.0,534.3991471351866,534.0923096686345,99.45978716473599
229.0,533.7470496935373,534.0643780450723,99.18510490592557
230.0,533.6207173639425,534.0365235614447,100.87333537146587
231.0,528.5415756872819,534.0081949664278,100.34875577939223
232.0,533.8326317812621,533.9800136908464,99.34959584368434
233.0,534.1431090495432,533.9521130126803,99.67850362550126
234.0,533.9152122972764,533.9241199662455,99.45269563966602
235.0,533.6404066526462,533.8961903342201,98.96750382585996
236.0,534.1852963894438,533.8683969602289,101.11952451289545
237.0,533.8513567599911,533.839999227095,99.4439961587774
238.0,533.6239177064497,533.8120720381737,97.58849908115285
239.0,533.348454977959,533.7846659346817,99.30635188402391
240.0,533.638590952553,533.756777400861,100.08249493085482
241.0,533.1692225236872,533.7286709002012,99.45332390983219
242.0,533.3688569207666,533.7007410917365,98.42422333784295
243.0,533.7377568665785,533.6731002890158,98.76268089135861
244.0,533.6227850386268,533.6453644361321,100.7143209854381
245.0,534.1480699960324,533.6170804976555,99.56322630981356
246.0,533.2845659574314,533.5891198249334,99.55594233597587
247.0,533.4249616083576,533.561161197794,100.38825823792071
248.0,534.261740828273,533.5329688286056,100.46838097966108
249.0,533.63475265919,533.5047539582804,99.93556373846762
250.0,534.483281665692,533.4766887207973,98.78808227881409
251.0,532.7933012409883,533.4489457343573,98.72890307283721
252.0,533.369880854803,533.4212193674109,100.55030680752036
253.0,533.1980273677661,533.3929814895826,100.6519936270288
254.0,533.9467302729054,533.3647150547056,100.30404852932219
255.0,532.4152146460781,533.3365463344103,101.05781977914937
256.0,533.5598812678948,533.3081659300223,101.00739722815392
257.0,533.3411419530418,533.2797996859674,100.85036514030695
258.0,533.0267523529518,533.2514775417571,99.64553641739413
259.0,533.0627015357757,533.2234937536132,98.31672460938603
260.0,533.7827907382924,533.1958831401188,99.80170857204763
261.0,532.4907605848036,533.1678554936282,100.43139685499894
262.0,532.9501451330287,533.139651009678,99.66102759114304
263.0,532.9627536744443,533.1116628710961,99.96732612218644
264.0,533.2041020255816,533.0835887136768,99.5018856790224
265.0,533.1783050839712,533.0556452674487,100.83305033557306
266.0,533.154928998193,533.0273279858128,100.3130371908502
267.0,534.2715306296892,532.9991567412017,98.74400415576866
268.0,532.9858451893595,532.9714261333679,99.60564863063564
269.0,532.4514761456369,532.9434535470441,99.118154288118
270.0,532.6549508708051,532.9156178653816,100.92767059448192
271.0,532.8514276292084,532.887274011223,99.58110062121494
272.0,533.2138573861312,532.8593083187985,99.54326880117523
273.0,533.1827895751521,532.8313532508101,101.4060878840618
274.0,532.7777952604524,532.8028750411294,100.34210304279846
275.0,532.4870334894545,532.7746956338582,101.21537303874396
276.0,532.247667073761,532.7462709832631,100.0250258049522
277.0,531.7300870849772,532.7181806218496,99.18198205804755
278.0,532.4902391910263,532.6903270152216,99.81127136251727
279.0,532.3688608954889,532.6622966831807,99.64667096448844
280.0,532.5460952404101,532.6343125764181,100.42414133931027
281.0,532.2708477934756,532.6061101300587,99.78988916722268
282.0,533.2548395982598,532.5780858028509,101.61771225772841
283.0,531.8946329397091,532.5495481619919,99.29045877785306
284.0,532.62679447007,532.521664091485,100.9284381148362
285.0,532.4070286151697,532.4933200217811,100.4897569919168
286.0,532.1188164628043,532.4650991483593,100.51405760386132
287.0,532.609058771421,532.4368714505155,101.32577691642862
288.0,532.1799038273895,532.4084157948314,99.39787413414547
289.0,532.6849856864634,532.3805015585122,100.27353444361361
290.0,532.0975883247887,532.3523414075892,101.00951363650712
291.0,532.4253801350072,532.3239745691762,100.16029812825683
292.0,532.6208330854475,532.2958462187853,101.73575890982357
293.0,532.2314670826311,532.2672754264914,100.75661872530797
294.0,532.3580734784805,532.2389796093994,99.32720728737945
295.0,532.0389080117077,532.2110852186862,98.04310410950447
296.0,532.2588147544495,532.1835514469487,100.54095400519685
297.0,531.9183358970167,532.155316195699,98.74975186744076
298.0,531.6991900153957,532.1275839737162,100.11175825957326
299.0,531.9455171456224,532.0994692549383,98.1423157233353
300.0,532.3693897543336,532.0719076212727,101.66708914184717
301.0,531.9967281692973,532.0433561137387,99.81859830309516
302.0,531.9487412168465,532.0153237240486,99.04699364010504
303.0,532.3822874272817,531.9875080266679,98.63582520714753
304.0,532.2559841551642,531.9598077990889,99.35071063565354
305.0,531.1946102139015,531.9319068078521,99.46311111631334
306.0,532.0379624678685,531.9039742508137,100.15313867708981
307.0,531.6461395854742,531.8758479110352,101.51447164584745
308.0,531.996610702062,531.8473392635813,99.98236907493269
309.0,531.1053257084352,531.8192608815993,102.31395744203154
310.0,531.8911343190476,531.7905277118844,101.97253935058959
311.0,531.4245935142418,531.7618904237502,99.8320079115386
312.0,531.7701706960183,531.7338542681949,100.09996689497495
313.0,532.286471723943,531.7057428608252,101.2843326284032
314.0,531.1631546291245,531.6772988440788,101.17882859546226
315.0,531.7629128499635,531.6488844563816,98.90886197869783
316.0,531.5309951239482,531.6211075509759,100.16130636042577
317.0,531.5381724622788,531.5929789174397,102.83743808882137
318.0,531.7579742688297,531.5640987369097,100.80926138120601
319.0,531.1845112844909,531.5357881360052,100.48225299214828
320.0,531.4910126683053,531.5075693699566,99.28560453460409
321.0,531.5066791530978,531.479686662683,99.50672501833218
322.0,530.8818499883213,531.4517418574071,100.38196525963527
323.0,531.6862337609878,531.4235512554967,98.9730604807937
324.0,531.4296897221172,531.3957563210116,99.36771259555908
325.0,531.5334378168326,531.3678505550577,99.81560389899958
326.0,531.3134489249761,531.3398190062961,101.52313641876822
327.0,530.7848383238568,531.3113079254852,99.36994727605565
328.0,531.0724801387482,531.2834015319585,99.4998442679951
329.0,530.6548406853249,531.2554586590265,100.90643921109624
330.0,531.2257888468049,531.2271207673482,99.05730804489836
331.0,531.3854848444334,531.1993021733388,101.06808255998644
332.0,531.1075458750286,531.1709188868199,99.56312330951835
333.0,531.4764516657958,531.1429582430237,100.17822871578697
334.0,531.2299575638933,531.1148248571261,100.02813373552142
335.0,530.8161104045629,531.0867336229021,99.9271447664834
336.0,530.9860031946833,531.0586707497469,100.79877794992815
337.0,531.4827236112196,531.0303630929392,100.69727738371972
338.0,530.6598966808497,531.002083940874,100.00896011274715
339.0,531.6966600801445,530.9739980912423,98.97158778234878
340.0,530.5243992979975,530.94620357034,99.1188439454127
341.0,530.5597177170637,530.9183676949988,99.43493385500244
342.0,530.6518774180556,530.8904430510745,100.84079485900371
343.0,530.553315112257,530.8621235945182,101.02464507275539
344.0,531.2148089141638,530.8337525066936,99.96111367689497
345.0,530.9585776251738,530.805680093936,97.86781534085902
346.0,530.267013755149,530.7781955491278,100.07225329887359
347.0,530.8900042221075,530.7500919246597,98.58154440718673
348.0,530.6425609834267,530.7224069409386,100.38495835778545
349.0,530.9470680731096,530.6942154984665,101.67196714912545
350.0,530.912214528366,530.6656626210255,101.49799622177815
351.0,530.5885590295097,530.6371586004199,98.79832209286961
352.0,530.1189358896382,530.6094127382987,98.77680569681209
353.0,530.144373668376,530.5816729186989,99.29969290817942
354.0,530.9834640188004,530.5537862549406,100.79816890052905
355.0,530.5432591474492,530.5254787691744,99.1206580561745
356.0,530.5431194305652,530.4976423843702,99.1428537905605
357.0,530.3049638735542,530.469799766264,101.66506278161849
358.0,531.266438859779,530.4412488277994,101.38392781204749
359.0,530.3943626903869,530.4127768414056,98.62959807909441
360.0,530.7047007000443,530.3850783626117,99.30217261588129
361.0,530.5166420903013,530.3571910024689,98.71675527170532
362.0,530.0467030012157,530.32946804703,99.22800354135852
363.0,530.5251429137976,530.3016015160354,100.88173290080336
364.0,530.9127404002226,530.2732705627125,100.51978972822833
365.0,530.3400594316314,530.2450412550971,99.9991828697902
366.0,530.3644277619313,530.2169581512412,98.8808404093641
367.0,529.9899687847148,530.1891891152262,100.50456111552762
368.0,529.9607684083225,530.1609640843129,100.25234925817044
369.0,529.1093416543977,530.1328098828963,99.34851555607274
370.0,529.5418896008981,530.104909508111,100.37596258642483
371.0,530.0140904105616,530.0767205919512,98.47682128335452
372.0,529.7359389159878,530.0490650179743,100.04222966720383
373.0,530.2975655340018,530.0209698251426,99.50974878453809
374.0,529.4045763212208,529.9930241706924,100.78179134374885
375.0,530.0211698266622,529.9647212842899,99.63860480172089
376.0,529.7416159421019,529.9367394427748,100.2430024385262
377.0,530.4695907357166,529.9085878662567,100.41972084878853
378.0,530.2828546801334,529.8803866613182,99.10965403654163
379.0,529.832830365924,529.8525533668097,100.45917424581168
380.0,530.1775852766973,529.8243410820423,99.04095116445664
381.0,529.6798457517859,529.7965270815903,101.78407519727533
382.0,529.0857966980708,529.7679427204724,98.92721410130517
383.0,529.4282708353501,529.740160661179,99.43750669356612
384.0,529.8729369742323,529.7122352947158,100.2235624376366
385.0,529.5849771839593,529.6840891775979,99.98408570240902
386.0,529.2411122879156,529.6560103135298,99.0886661746958
387.0,529.2990481801454,529.6281829131124,101.71045722272045
388.0,530.224419899305,529.5996192263758,100.67812256570991
389.0,529.4554440850563,529.5713454536219,101.38440438062261
390.0,529.6419261503363,529.5428733333916,99.84490636485567
391.0,529.54784400126,529.5148335555209,99.43012092648537
392.0,529.5979880924165,529.4869102632274,100.61220896795297
393.0,529.6228846522005,529.4586550012089,98.32449764676967
394.0,529.5993753096222,529.4310422047863,99.82812836526239
395.0,530.1148161959611,529.4030071387372,98.86841383232439
396.0,529.7950684819943,529.3752415925193,99.28656717376685
397.0,529.7673938312134,529.3473586149046,101.11196381542634
398.0,529.5764548784174,529.3189630050664,97.93122906799897
399.0,529.7850294591449,529.2914606515699,99.45090399074275
400.0,529.6355323926009,529.263531522699,100.7772338344021
401.0,529.8842227928671,529.2352299161973,99.44537072598342
402.0,529.246171422983,529.2073023412518,98.99155631004585
403.0,528.8814322018178,529.1795022125214,100.0144570445332
404.0,529.2964810778584,529.1514148191679,100.280462516705
405.0,529.9108010230152,529.1232527226111,101.09120219099678
406.0,527.9940417649943,529.0948629433292,98.33034138311861
407.0,528.4905808898861,529.0672485057908,100.93913519639311
408.0,529.3296396916229,529.0389014319899,99.03393404834509
409.0,528.7450368409877,529.011089402178,100.90581593527511
410.0,528.7466182212137,528.9827516855362,100.18879298883098
411.0,535.8106568911776,528.9546153328383,100.58351835909593
412.0,528.826272797401,528.9263681280993,99.33692591131286
413.0,528.8258802791484,528.8984710080724,101.44883173706714
414.0,529.1005658839732,528.8699807944929,98.73165584197555
415.0,528.9082106854796,528.8422536544774,101.00067139865473
416.0,529.7105137246587,528.8138892992596,101.23139379877568
417.0,528.3462799778785,528.785460149501,101.75666768563512
418.0,528.8617713615891,528.756883485326,99.95153205309497
419.0,528.721125861651,528.7288137634077,100.87515720369167
420.0,528.3511427718348,528.7004846567597,99.76361178610769
421.0,529.3544898666846,528.6724677091164,99.49347681396537
422.0,528.7762775320303,528.6445266243779,99.82746295730206
423.0,528.5230962666885,528.6164917451974,99.29650022252835
424.0,528.1985300867661,528.5886059780515,100.54285836553443
425.0,528.7403448196487,528.5603701919938,101.31935476330898
426.0,528.2925004357983,528.5319163398644,99.6120580727609
427.0,528.244235093874,528.5039419535558,98.59157362096785
428.0,528.8678045647741,528.4762541532972,99.81678155338912
429.0,528.3331980657634,528.448222273811,99.59302021559317
430.0,529.1271419049061,528.4202532339671,98.49887966895544
431.0,527.6058829193051,528.39259146526,99.06965500155056
432.0,528.7418142251362,528.3647694038139,100.62536255139658
433.0,528.8474075906535,528.3365104478305,100.41209646543597
434.0,528.2641087898103,528.3083113840732,98.96844455053854
435.0,528.5879209209102,528.2805177458952,101.96408014702038
436.0,528.0657226278574,528.2518828333873,100.97137241486003
437.0,528.1935973303325,528.2235267063008,100.23520160999365
438.0,528.3266057735357,528.1953773205154,99.70572346594815
439.0,527.698538933884,528.167376629842,101.28429533927522
440.0,528.8030646562164,528.1389326235675,99.11985716543587
441.0,527.846974093794,528.1110964636803,100.13238678883178
442.0,527.5940746170346,528.0829759517237,99.62906980148061
443.0,528.4378299943842,528.0549967879545,100.41714985470448
444.0,527.4715730546056,528.0267963050369,101.28976539819439
445.0,527.8711977392783,527.9983507625876,100.59329168688244
446.0,527.6385079004455,527.9701008131722,100.23825481078846
447.0,527.3113481380186,527.9419505699461,98.94133907011175
448.0,527.470660320333,527.9141645438906,101.82554498745465
449.0,528.242273716111,527.8855685366734,100.18661266353924
450.0,528.2507224581268,527.8574327962837,100.92368314213829
451.0,527.3285181013489,527.8290900619346,100.02652934112697
452.0,527.2026051321573,527.8009992782779,98.99951993073238
453.0,527.8341377132724,527.7731969130974,100.75284313018757
454.0,527.7990812592607,527.7449021563184,100.0993690098019
455.0,526.9995486558944,527.7167909168547,100.27239259176208
456.0,528.2070108317163,527.6886310866018,100.17043042599514
457.0,527.476844074218,527.6604998907239,97.7567975003624
458.0,527.60472219346,527.633046523426,100.30816184330558
459.0,527.3249438172887,527.6048766479748,100.61806266191162
460.0,527.5248355023823,527.5766197420439,99.69331701816225
461.0,527.5703323185348,527.5486225355148,99.67379553176495
462.0,526.154044792234,527.5206308112696,102.2718741416881
463.0,526.7722443770928,527.4919094599481,100.04069616807155
464.0,527.7015978496995,527.4638146977743,100.12426300208728
465.0,527.4210037059556,527.4356964672479,102.1138446390115
466.0,527.2651217823264,527.4070194958783,99.33071501608113
467.0,527.5200924400084,527.379124120078,100.10243305663425
468.0,527.4940846495283,527.3510120201279,99.24517917972837
469.0,528.1212100058774,527.3231406656416,100.31935251925458
470.0,527.4970087996505,527.2949676474758,99.1023886731917
471.0,527.0045020080097,527.2671363933234,101.77403832997679
472.0,527.2367791614699,527.2385548508925,99.47874470665734
473.0,526.7357842284329,527.2106179034206,99.66624416489654
474.0,527.1309217261933,527.1826282998511,99.29705958851038
475.0,527.3333424580187,527.1547423756166,98.07276837347243
476.0,527.1805538532244,527.127200273165,101.97810338656876
477.0,527.1595208589869,527.098561422464,100.18308560733198
478.0,526.5388323033599,527.0704266725893,98.19003013783095
479.0,526.7363223477118,527.0428516391255,100.38153998535834
480.0,526.9256377951418,527.0146611566463,100.16754916022222
481.0,526.5859693257386,526.9865307699238,100.74845451889313
482.0,527.877319178263,526.9582372456132,98.49686067547316
483.0,527.158191558326,526.9305760439067,100.22807480765415
484.0,527.0568650918018,526.902428659565,99.35389030668851
485.0,526.6158019146675,526.8745267753704,99.04373691405705
486.0,526.3072569357679,526.8467119925872,100.222174333272
487.0,527.0812360109212,526.8185662652952,98.3193963865907
488.0,525.6673687611365,526.7909549014767,100.95484754822269
489.0,526.4932313682517,526.7626034151235,101.0667157886986
490.0,526.407907860897,526.7342205124395,97.8828283464314
491.0,526.8921440414728,526.7067317514789,98.79337123325836
492.0,526.1170769512531,526.6789872797242,102.3257527143649
493.0,526.6795511323539,526.6502507975035,98.77909695302539
494.0,526.6457024205938,526.6225103344426,97.43069865715903
495.0,526.3725299711193,526.5951485465697,99.21175712980059
496.0,525.8470252617086,526.5672865781091,100.83318958048606
497.0,526.4568406540059,526.5389692573685,98.2239025775994
498.0,526.953119491508,526.5113847113946,100.01812455583448
499.0,526.4280371361766,526.4832962880819,101.66690324147578
500.0,527.0318645201037,526.454744832755,98.57551775550934
501.0,526.0745371071014,526.4270615415186,99.64082648547837
502.0,526.6213771058193,526.3990790760806,98.67366822875171
503.0,526.2338516698269,526.3713682209197,100.5326880464253
504.0,526.2436107856039,526.3431352910266,98.89731865144662
505.0,526.3152389063107,526.3153616273721,101.35740669618674
506.0,526.6368481339117,526.2868970889915,100.59458323406896
507.0,525.3964227757723,526.2586467768667,100.83308634910412
508.0,525.7267060206425,526.230329485117,99.72940771362443
509.0,525.8267359167364,526.2023221431174,100.96306413838197
510.0,526.631032433824,526.1739683492718,100.06452666342713
511.0,525.7832983989601,526.1458668947005,100.80991028492033
512.0,526.0827706754653,526.1175561115622,101.43367310107926
513.0,525.790382761673,526.0890701550329,99.77699590173297
514.0,526.345963684947,526.0610494486839,98.24256532563821
515.0,525.386050695025,526.0334596615883,100.67889808508662
516.0,526.509713592034,526.0051856710427,100.04853704883297
517.0,525.8425143120851,525.9770887068881,100.19112707850901
518.0,526.5107175886177,525.9489516987003,100.89142772491634
519.0,525.4439124579712,525.9206180227475,100.742090360758
520.0,525.5736633377475,525.8923262857045,99.48829619449538
521.0,525.9976149347822,525.8643866558566,99.73078208983597
522.0,525.7963678116389,525.8363789278864,100.14209989896052
523.0,525.6919231522564,525.8082556881648,98.30509473068521
524.0,526.5003371829066,525.7806483407278,101.84682054919178
525.0,525.873569879289,525.7520463586236,100.890324171665
526.0,526.1150039589925,525.7237129925854,99.87909469580175
527.0,526.0407011532424,525.6956636134917,99.81412838999474
528.0,526.6309495222375,525.6676324791022,100.25485765196609
529.0,525.3423260168239,525.6394775732449,99.58067428456157
530.0,525.8164966993539,525.61151200055,96.43469284058891
531.0,525.6807043037539,525.5844299243106,100.61344304077386
532.0,525.747484543226,525.5561743157233,100.60574268033314
533.0,525.4672956583975,525.5279208696538,101.46553514796007
534.0,525.3021525774432,525.4994259651999,100.4249350164889
535.0,525.2323415809653,525.4712232959494,99.40485243577618
536.0,525.4749756194132,525.4433070998903,99.89614223940784
537.0,525.5652549627463,525.4152529332781,100.41670572185328
538.0,524.9661594515737,525.3870525750879,101.3871692212355
539.0,525.4090423833576,525.3585796783982,99.89122364170069
540.0,525.0642700205267,525.3305268930923,100.13766517707698
541.0,525.3683655790312,525.3024048987884,101.2422033416312
542.0,525.0336929202256,525.2739727133498,100.51446369523588
543.0,525.6306792498158,525.2457449014621,101.72739196306567
544.0,525.106243643287,525.2171764588859,100.92575992687865
545.0,525.3234045461754,525.1888331413063,101.06122496687354
546.0,525.3927981364989,525.1604517806281,98.70760214636778
547.0,524.6324817656414,525.1327313956921,101.00437513904903
548.0,525.3409564150887,525.1043660003405,101.91806315022522
549.0,525.3783308708825,525.0757440109392,99.76572941948523
550.0,524.5572270753262,525.0477264685939,100.86593853844101
551.0,525.2787035307111,525.0193999508542,100.566302325849
552.0,524.2945325612985,524.9911575809512,100.4084056605959
553.0,525.3130985654176,524.9629595536948,100.38721287071245
554.0,525.2199424384805,524.9347674780803,98.56757544400021
555.0,525.6044443214946,524.9070864173098,101.74859371089397
556.0,523.8318642886682,524.878512020576,101.32096669716235
557.0,524.9174216903018,524.8500577157617,99.53793381447353
558.0,524.2659057529288,524.8221041460156,99.25011027889597
559.0,523.9882437655589,524.7942314067122,99.2670552434045
560.0,525.0376593946897,524.7663539086981,100.83196436483072
561.0,524.6587306210672,524.738036932039,99.6288544309282
562.0,524.4034063243693,524.710057828753,98.30803086813752
563.0,525.410285928198,524.6824496567508,100.8309638264454
564.0,525.1634126204143,524.6541329610761,102.39251960170475
565.0,524.8816071227255,524.625377728488,100.32852858718971
566.0,524.5945247881151,524.5972021333764,100.88557655592173
567.0,522.9116254822965,524.568870100627,101.10196532910018
568.0,524.4023180765555,524.5404772986972,101.19712899488573
569.0,524.4789923270885,524.5120577716377,100.99769884193816
570.0,524.1317887352388,524.4836942512129,101.06599782233728
571.0,524.1792294466402,524.4553115501578,98.33406704511262
572.0,524.3327602341385,524.4276960663293,100.30750254390857
573.0,524.0387930578951,524.3995263760316,98.77540054853742
574.0,524.3137700390919,524.3717869510442,99.33413899309663
575.0,524.4246860566843,524.3438906136769,100.0943839336997
576.0,524.2334994135118,524.3157807741889,100.9242689550007
577.0,523.9615300100721,524.287437875324,98.34060000617144
578.0,524.5756227093143,524.2598205568223,100.76412315260896
579.0,524.3961416524228,524.231522632237,100.53461168986479
580.0,524.7109771126,524.2032891621207,100.57114819444337
581.0,523.8277690528492,524.1750454313361,100.35736659462728
582.0,524.022401233137,524.1468617375508,100.54101548951783
583.0,524.1327050052516,524.1186264690341,99.52703002849752
584.0,523.6444251190604,524.0906759614345,99.21131446984465
585.0,524.0895153346038,524.0628141172875,100.91119623125309
586.0,523.948806650695,524.0344748896794,100.96471864276695
587.0,524.7891750622221,524.0061206311938,100.13843305461461
588.0,523.7615347716518,523.9779984212443,102.81152653858541
589.0,524.3788193983848,523.9491255175412,99.0544130593288
590.0,524.4305345539686,523.9213077365405,99.8516542970284
591.0,524.0180203210801,523.8932660636254,100.56004516155109
592.0,523.8184270428754,523.8650254509425,101.59137190889813
593.0,523.7954522450068,523.8364952073314,101.88302195497418
594.0,523.1289586867322,523.8078830586658,100.96921773637527
595.0,523.8879775468582,523.7795275366848,100.73604373804835
596.0,523.7286128843151,523.751237497735,98.6865378563357
597.0,523.6863480307188,523.7235230283537,100.2402121885091
598.0,524.2038533400872,523.6953722354308,98.40012243318333
599.0,524.0006400603514,523.6677382010475,99.55968285784242
600.0,524.3152507922721,523.6397785234449,99.4361376204759
601.0,523.0715813257506,523.6118535414631,99.11724070029113
602.0,523.4100002462604,523.5840181163665,100.91280213267832
603.0,523.6838458007891,523.5556784377675,99.4415259447961
604.0,523.3552797739309,523.5277519425647,98.97764559841005
605.0,523.1458799921244,523.4999557204258,100.46664139371684
606.0,523.36839462519,523.4717413386344,100.9111905736081
607.0,523.8796396507206,523.443402112615,99.856450652099
608.0,523.4781945567173,523.4153590927235,100.03715207715487
609.0,523.9281139546931,523.3872653258485,99.40085378430072
610.0,523.6677475316096,523.3593502527441,100.68208417388804
611.0,522.791813852068,523.3310753674386,96.88191075523412
612.0,523.4858220405773,523.3038676975016,100.25334711705757
613.0,523.0080728905185,523.2757132158529,102.63671919698396
614.0,523.489175069148,523.2468894038784,100.64125232823898
615.0,522.6899865396266,523.2186259855162,101.14609159550237
616.0,532.0258296122537,523.1902207914598,101.001394045851
617.0,523.034882455958,523.1618562332985,100.26508455220737
618.0,522.6392647452094,523.1336984553868,100.12815715034614
619.0,522.9918025167908,523.1055791312538,99.65675791538769
620.0,523.1361734135578,523.0775921917392,99.97273837459647
621.0,523.0050282007371,523.049516514379,99.10902459579503
622.0,522.9982984017483,523.0216833966383,101.2779879112679
623.0,523.1042703646586,522.9932411616999,99.48497741258612
624.0,523.2263294737058,522.9653024638765,99.84952657784831
625.0,521.7456262718604,522.9372613884959,101.21142303430796
626.0,523.2078098140213,522.9088378471938,100.69685559130892
627.0,522.8681933662986,522.880558813582,99.48131012833595
628.0,522.6651628157609,522.8526211456542,99.70562850688113
629.0,522.684795944347,522.8246204816485,99.04017526547923
630.0,522.9267767768177,522.7968066990948,99.09640544997717
631.0,522.3733707949145,522.768977125231,101.34232430505033
632.0,522.5769921780509,522.7405168224886,100.60997094800935
633.0,522.6889524355705,522.7122621889807,99.70411208595551
634.0,522.6798950266685,522.6842619508366,100.95150210082934
635.0,522.6134302746501,522.6559114039966,99.99631723969463
636.0,522.3374582484898,522.627829104905,100.41064778375068
637.0,522.8347105494611,522.5996304479858,101.55829714983011
638.0,522.4404823599,522.5711094928695,99.4743009170182
639.0,522.3948846867743,522.543173793362,100.52462079304475
640.0,522.7287522727506,522.5149431290226,101.68828546911284
641.0,522.8719057055631,522.4863856688535,100.66420113124803
642.0,522.1436377920015,522.4581158057024,99.63215308866401
643.0,522.4803641453141,522.4301357760432,99.62641634544045
644.0,522.3396722780413,522.402157357453,99.46552481312234
645.0,523.308422950377,522.374224122568,99.89327440694437
646.0,522.0519930173987,522.3461707613387,100.67516283097521
647.0,521.8542068311677,522.317897819777,101.09003992678483
648.0,523.1834245337094,522.2895083668975,99.90019234927806
649.0,522.9396329459566,522.2614530628795,98.09369020533418
650.0,522.5716539415151,522.2339050848801,99.52100309486391
651.0,522.2590804503703,522.2059562698444,101.05405026475246
652.0,521.7300260169811,522.1775769240617,100.528516534697
653.0,522.1600463210226,522.1493451656681,100.81457837463476
654.0,522.2421628549082,522.1210330715746,99.64261325360813
655.0,522.2728535701912,522.0930501043525,98.40659566854428
656.0,521.7264780090125,522.0654142520689,98.85992206831985
657.0,522.9430454639296,522.0376510906215,99.55311080732129
658.0,522.59360240464,522.0096932586697,100.46511861604817
659.0,522.4558266141221,521.981479304525,101.1273122464344
660.0,521.8433433627031,521.9530793843359,99.89526694234844
661.0,521.1704099575722,521.9250254635363,100.31088034118858
662.0,521.143901122707,521.8968548246403,99.0700491882439
663.0,521.6494145987215,521.8690326524934,99.36867788537286
664.0,521.4553646472515,521.841126615454,101.13312974599586
665.0,522.2334195086928,521.8127250615169,100.29488088389823
666.0,522.0874672520467,521.784558915802,99.37352617215078
667.0,521.688755821787,521.7566515172019,99.5756373658431
668.0,521.9416967975603,521.7286873590417,101.90907765036997
669.0,521.6934043361591,521.7000678930683,100.07484530633661
670.0,521.9393331226564,521.671963540678,99.65204659521646
671.0,521.4842350048082,521.6439779242592,100.52926719115192
672.0,521.7749399116865,521.6157459550564,100.62782305916741
673.0,521.5339151217005,521.5874863080805,99.10346632573933
674.0,521.9063476297808,521.5596547512874,99.77208639150739
675.0,521.2027540529972,521.5316354236925,101.11161048571297
676.0,522.0466482644342,521.5032399130811,99.4604997215102
677.0,521.7734046580972,521.4753080894093,99.74681120029297
678.0,521.464234215892,521.4472958599306,101.30413852733965
679.0,520.9895875983655,521.4188462810275,99.71070514854722
680.0,522.1344735103721,521.3908441913316,99.6674754979129
681.0,521.8725866656723,521.3628542419626,98.47815565725766
682.0,521.7521514644258,521.3351982932488,100.32945850733906
683.0,520.5817935217867,521.3070224369847,100.82277447291739
684.0,521.6486146549723,521.2787080411535,98.52295879167966
685.0,521.4457716520254,521.2510395102262,100.40687597559851
686.0,520.1672509675592,521.2228419125563,100.2281851086328
687.0,521.6002835798129,521.1946944972383,101.22033720358763
688.0,520.8847020826505,521.1662684525404,98.63124391956404
689.0,521.2753664029062,521.1385695115396,99.24276365880762
690.0,521.0877735628334,521.1106988354121,98.9562598567877
691.0,521.1531414273252,521.0829086191022,99.91430855173218
692.0,520.4644144869814,521.054849350784,100.75340489507764
693.0,521.0727492999179,521.0265544362427,98.93974342728308
694.0,521.3774580080867,520.9987688582969,100.39844778940783
695.0,520.8430203817002,520.9705736275428,98.00610261804053
696.0,520.6201160094128,520.9430502470574,99.34522826123839
697.0,521.0844932098125,520.9151507954541,100.48837319882627
698.0,520.7387203753074,520.8869303106474,100.34218639053826
699.0,521.2200417752335,520.8587508799694,101.00088926148187
700.0,520.8107436059897,520.8303864635684,99.71950461022881
701.0,521.58774379436,520.8023819026904,98.23093437586392
702.0,520.2845480448925,520.7747953819531,98.22721479422925
703.0,520.9626999454746,520.7472099057984,100.98785761727399
704.0,521.1289134496204,520.7188491491177,99.86007775956091
705.0,520.7454565160855,520.6908051106135,101.00158349962136
706.0,519.9862150285094,520.6624404992473,99.07261467543609
707.0,520.9368423677246,520.634617606626,98.58754707235724
708.0,520.4264707085,520.6069309371564,100.696416749324
709.0,520.8004460101175,520.5786520267861,98.73037533862947
710.0,521.2363663315781,520.5509252463785,101.30297057084427
711.0,520.4208467419369,520.5224759954765,100.8453763152613
712.0,520.2004078521472,520.4941552522946,99.79051032992295
713.0,520.2574133031148,520.4661307506436,99.15816172399822
714.0,520.145619319704,520.4382838335595,99.74399220736633
715.0,520.6255277077163,520.4102723957478,100.66513531300623
716.0,520.2699182950208,520.3820022702475,99.33573408363846
717.0,519.9495386237714,520.3541054849256,100.24635891813757
718.0,520.4871347732071,520.3259529657962,100.86990015280018
719.0,519.5903162669231,520.2976253355032,98.57460361616918
720.0,520.1429478342312,520.2699423009876,100.69123858752191
721.0,519.8616926884431,520.2416648448177,100.89551340968363
722.0,519.6558470318533,520.2133300214686,100.12570044183057
723.0,519.7644936813817,520.185211387261,97.26452031384113
724.0,520.2785977795982,520.1578962678063,99.2117490578565
725.0,519.7460196510776,520.1300343016126,99.2096909614132
726.0,520.2126219127488,520.1021729134009,99.97333726249755
727.0,520.5922404328068,520.074097067853,99.57077282913976
728.0,520.43545284344,520.0461342758168,101.25913639724637
729.0,519.7780498647729,520.0176973350119,98.98715092739722
730.0,520.4485123358968,519.9898984434599,100.11280062171205
731.0,519.9085895498135,519.9617834319519,100.29284132959395
732.0,519.7919946263523,519.9336178590117,99.25440654432073
733.0,520.9006707810443,519.9057439131739,98.13818722682318
734.0,520.4841191577754,519.8781834389277,99.9097317478329
735.0,519.5605227691667,519.8501254559285,98.05771257294602
736.0,519.7652862254012,519.8225875816477,99.40525242404306
737.0,519.644406571253,519.7946712732586,100.16463401012882
738.0,519.5780713075508,519.7665417052074,99.71729859619052
739.0,519.8167043938307,519.7385377638516,100.26012983418205
740.0,519.6326718085548,519.7103813773899,101.45603822183261
741.0,519.3954241294781,519.6818891399892,100.3799932110773
742.0,519.9017092284639,519.6536990918958,100.82571699290528
743.0,519.2236067886606,519.625383869707,100.58529964175696
744.0,519.5349184180534,519.5971361647242,101.62305016308198
745.0,519.7076071411165,519.5685970248035,99.92115998593759
746.0,520.2502246182609,519.5405358323741,100.87038350776335
747.0,519.8861878055716,519.5122080663389,99.7843012546467
748.0,519.2589277006388,519.4841853084033,99.81490234695771
749.0,519.2692074927947,519.4561539566608,100.1089870914697
750.0,519.3231462460257,519.4280400161193,100.10295606029467
751.0,519.2486129709429,519.3999277692924,100.6631329875462
752.0,519.4629963795702,519.3716582061118,100.66849230722525
753.0,519.1854395224661,519.3433871378554,97.85078873583849
754.0,519.3979537762721,519.3159073746854,99.95009204725082
755.0,519.5776390327864,519.2878380571688,99.49871241162701
756.0,518.7110009599159,519.2598955020999,99.75776320504649
757.0,519.031609949208,519.2318801969332,101.43504841573316
758.0,519.2535644755134,519.2033938541697,101.28428264621559
759.0,519.7636028144871,519.1749498514599,99.08361631611845
760.0,519.1628684436856,519.1471238692111,99.1435944107115
761.0,518.0854753232195,519.1192810431141,98.45736319112616
762.0,519.265917311863,519.091630933618,100.4624584963988
763.0,519.2019973166556,519.0634177265235,98.02173103380176
764.0,519.7370718634353,519.0358899570583,99.691439413693
765.0,518.6364397788147,519.0078932778229,99.51678150538562
766.0,518.4828379096441,518.9799456483502,101.9307187559191
767.0,519.136752720424,518.9513201048328,99.44821285127459
768.0,518.7733069839986,518.9233917317238,99.71912134799952
769.0,519.0147212503318,518.8953872784786,100.68628313979255
770.0,519.0752547041343,518.8671112139634,100.78499266944108
771.0,518.7909660731513,518.8388074285222,98.80533350546537
772.0,518.1314844671007,518.8110595973626,100.12660992535211
773.0,519.1879567809427,518.782940707742,99.61226898335464
774.0,518.7726147811327,518.7549662622025,100.29851490540076
775.0,518.8181994348236,518.7267990959332,98.50590423016205
776.0,519.1118589216717,518.6991353544952,100.5035761879546
777.0,518.9713045971122,518.6709106001824,101.05066551737914
778.0,518.2496432550646,518.6425322049497,99.33543559303163
779.0,518.3688903386519,518.6146355034539,99.96552967042958
780.0,517.9681868668218,518.5865618505381,99.48517052604748
781.0,518.0833438738969,518.5586230984821,100.47926578595687
782.0,518.8247009646354,518.5304051713406,100.8563030987373
783.0,517.9252166620726,518.5020813595536,100.9174032849674
784.0,518.2458268058082,518.4737403887978,99.67141473117704
785.0,517.912070251437,518.4457493331608,101.45256942244423
786.0,518.8678203006289,518.4172580699146,100.90305245577534
787.0,518.1156522268122,518.38892112935,100.67576873917156
788.0,518.112620665728,518.360648017629,100.26847390100968
789.0,517.8566336628055,518.3324892878752,101.01855057871089
790.0,518.0776263163623,518.3041199115877,101.16337514961877
791.0,520.0124860344938,518.2757098637331,99.23264467205458
792.0,517.7008426297091,518.2478420293544,100.15081779444881
793.0,518.5081842188072,518.2197163413572,100.11322205514433
794.0,517.6390805846377,518.1916012114966,100.26193700874688
795.0,518.2013797309738,518.1634443175201,100.21942359362033
796.0,519.1238104408218,518.1352993627274,100.80230895241608
797.0,517.5965371161523,518.1069907142967,101.1974355918309
798.0,518.615752447581,518.0785711011347,99.63361723862994
799.0,518.1197160912878,518.0505906602934,100.72700045126881
800.0,518.3539691882563,518.0223031610001,99.63488627343945
801.0,517.8402431517188,517.9943223637716,99.44329142005651
802.0,517.6995271723823,517.9663953727645,98.51774175109777
803.0,518.4561802032609,517.9387283069561,100.45393272031444
804.0,516.6795993363645,517.9105174941838,100.45987559571118
805.0,517.6191389313923,517.882305012454,99.61087962219912
806.0,518.2780686110926,517.8543309570935,100.65611915869894
807.0,517.9746060125592,517.8260633636296,100.33892660538066
808.0,517.1100755858982,517.797884848408,99.78521583473764
809.0,517.4447704192011,517.7698618336277,99.7651209895454
810.0,517.8445907422463,517.7418444621499,99.59549814281189
811.0,518.4287204244259,517.7138747264214,100.91378941630869
812.0,516.9035380010707,517.6855347705603,99.2689163253403
813.0,518.5533633936112,517.6576567498923,99.1406846920414
814.0,517.7588178005477,517.6298147409412,99.24666986487041
815.0,517.474540893945,517.6019429678208,99.87414680418482
816.0,516.510340185857,517.57389497826,100.88737202245402
817.0,517.6281063010364,517.5455624412838,101.71054840898914
818.0,518.3365124657436,517.5169987289389,99.27136258491733
819.0,517.753091775133,517.4891200212796,100.01871769098528
820.0,517.3975845663481,517.4610314313948,97.55352349581763
821.0,517.2936172035617,517.4336351502129,98.57856153198426
822.0,516.9797698695991,517.4059510041827,100.61598841712939
823.0,517.4457193142182,517.377694680769,99.58668415066983
824.0,517.2554472346542,517.3497274203032,101.04702757947487
825.0,517.0853512456912,517.3213500467248,100.7304153267941
826.0,517.2955611050593,517.2930615884204,99.87124538143763
827.0,517.4918936836727,517.2650144136758,100.2137188527191
828.0,517.3353947936191,517.2368710609646,100.20868675701003
829.0,517.5413606326001,517.2087291214337,101.3680722740127
830.0,516.7664245868579,517.1802615878034,100.46470057834915
831.0,516.910666235872,517.1520477510578,99.51572185434458
832.0,517.6390268287175,517.1241004191703,101.60221859393205
833.0,516.7302247672525,517.0955671294485,97.83816681546863
834.0,516.8711541826272,517.0680909109345,100.4338776779824
835.0,517.2268855317478,517.0398857302866,101.04025327085174
836.0,516.5411890096084,517.0115102591596,101.02842802407405
837.0,516.8974227207204,516.9831381089564,98.87991999678393
838.0,517.0713250303795,516.9553693314239,99.61715946072714
839.0,517.6835112083377,516.9273935124752,100.00712083062818
840.0,517.6179558416477,516.8993081793753,101.39627429655383
841.0,517.2794262596485,516.870832725677,100.13261831156132
842.0,516.8789139376544,516.8427121487013,100.71909602680286
843.0,516.6594745976306,516.8144268692338,98.95995095056782
844.0,517.2790364340622,516.7866356163418,101.27966560524065
845.0,516.5809430292047,516.758192910251,98.42457591335608
846.0,516.6597685169857,516.7305520085154,99.17705941499666
847.0,516.9987760963303,516.7026997843295,99.833639756047
848.0,516.4354730891498,516.6746631704981,99.98294047859706
849.0,516.7021704582206,516.646584628047,99.5705054308117
850.0,516.5530170096816,516.6186219111053,98.8543037872645
851.0,516.7801076302819,516.5908603274584,98.63264593664567
852.0,516.4853243523868,516.5631609927243,100.59464149954027
853.0,517.2538091515642,516.5349106642366,100.73179922962579
854.0,516.0702150832436,516.5066218172863,100.15509610944243
855.0,515.9754942570355,516.4784949277955,100.5909777253189
856.0,516.169411925062,516.4502456282178,99.16089417501966
857.0,516.0004501723455,516.4223979437702,100.68001080491582
858.0,516.6165905984923,516.3941236407359,100.63431177234764
859.0,516.4665979646544,516.3658621715131,98.19305912968387
860.0,515.8659324676789,516.3382862874075,99.96429959609544
861.0,516.5781966959996,516.3102129799377,99.86334848399066
862.0,516.2416897496473,516.282168022905,98.67770104776214
863.0,516.6513998236863,516.2544560351942,99.77636838419797
864.0,516.0457207332499,516.2264355050729,99.44576943475603
865.0,516.1966811349275,516.1985078181566,99.77025430871154
866.0,515.8001188501131,516.1704890050717,98.6990254096952
867.0,515.6141722142431,516.142771028769,99.13613599160077
868.0,516.6075113339222,516.1149302972447,101.77542490775238
869.0,515.8940672971519,516.0863483654165,101.49318557497118
870.0,515.6077262619737,516.0578456958008,99.86290445402275
871.0,515.807216063161,516.0298008634667,99.26618589418415
872.0,515.7776144297297,516.0019236095948,99.91353796027346
873.0,515.5202999735762,515.9738645576842,100.99030364806013
874.0,515.3988718458213,515.9455031140764,99.95384767326078
875.0,516.2424439989684,515.9174327418548,99.92737370003975
876.0,516.5694669810038,515.8893698044074,98.40593006469548
877.0,515.6584513192406,515.8617341390475,98.16018276435844
878.0,515.4227262123393,515.8341674877212,101.5132774722643
879.0,515.6553391359531,515.805659175631,101.51994076258939
880.0,515.9016509637407,515.7771489922669,99.2867509743578
881.0,515.7214764817344,515.749265963035,100.70288063275562
882.0,515.7916694806482,515.7209852373906,99.38527626876302
883.0,515.2935697963937,515.6930745389718,99.38560735948208
884.0,515.3243474398788,515.6651637475717,98.84716540440087
885.0,515.6515033098058,515.6374041686206,99.7354232797057
886.0,515.0858046478666,515.6093951372495,101.16098618277468
887.0,514.9593314357174,515.5809857602965,99.17287381215542
888.0,515.6583432923431,515.5531347115676,101.37773238468272
889.0,515.0532475491864,515.5246644650563,100.97101181732363
890.0,515.2800653434455,515.4963084392375,99.6130847687305
891.0,515.6316620173445,515.4683337645984,100.85575492343865
892.0,515.9363225607985,515.4400101067573,98.00285084380266
893.0,516.196641432206,515.4124876394787,98.55292322793746
894.0,514.767106640988,515.3848106935388,98.44039845930166
895.0,515.6214662203722,515.3571653483049,100.73202161192492
896.0,515.261426048759,515.3288764389022,100.8169478385262
897.0,515.4465933130741,515.3005636793841,100.56857070370025
898.0,515.2860352019003,515.272320672445,100.83458369561471
899.0,515.3268523527278,515.2440029601903,98.31223362923647
900.0,515.1817223783528,515.2163936079128,100.57511790348696
901.0,515.1449313466995,515.1881487623016,100.51140515568913
902.0,514.3945476777906,515.1599218093538,99.34170420288505
903.0,515.5035779101589,515.1320233474235,99.96692190293423
904.0,514.1147943360698,515.1039493035223,98.18490734948794
905.0,514.4746417523938,515.0763757087084,100.74689271805724
906.0,515.4346364735974,515.0480826230034,101.04264997636571
907.0,515.3147082867953,515.0197064788017,98.78523654449143
908.0,515.5334694604139,514.9919642915388,99.038799154311
909.0,514.5350584559213,514.964150895443,100.17320748372916
910.0,514.8186714764471,514.9360189196746,99.13049552405984
911.0,514.7488649511131,514.9081797721815,99.12171986984443
912.0,515.3534908727983,514.8803430891849,98.97713518621224
913.0,514.7009763063774,514.8525470103866,99.40673828917897
914.0,515.4115644011172,514.8246302847172,100.33071275945994
915.0,514.1312647328698,514.7964540762172,100.41309767377916
916.0,514.3944844032976,514.768254731287,100.0039415650833
917.0,514.9171749007169,514.740170291031,98.91824986689265
918.0,514.385603164172,514.7123907491933,98.60737205614349
919.0,513.7624341962301,514.6846985122075,102.02793167711093
920.0,515.520229874553,514.6560456680616,99.59066610175414
921.0,514.2198304096996,514.6280772893313,101.31717360645723
922.0,515.0820900648978,514.5996240497435,99.90592382596928
923.0,514.9741666906262,514.5715671361356,98.57742073346132
924.0,514.7231899856963,514.5438833104797,101.12872698121559
925.0,514.8841469577615,514.5154829929859,100.71105373851928
926.0,514.4063880647966,514.4871999720609,99.67020969519787
927.0,514.3981212763713,514.4592092548382,98.86462204114612
928.0,514.4382753724233,514.4314447734816,101.37059162511522
929.0,514.4980984711973,514.4029765323336,100.85836794844276
930.0,513.9381756134626,514.3746521406681,98.91146836092315
931.0,514.5784980008674,514.3468745033033,99.8279502432436
932.0,513.8669854373508,514.3188394872767,99.41009973102997
933.0,514.3918069517766,514.2909218176022,99.65624942766622
934.0,514.1601542237127,514.262935020888,99.57312486921528
935.0,514.1265808859087,514.2349715683206,101.64477764863332
936.0,513.6015877878766,514.2064263265976,100.11339900946025
937.0,514.4235614705088,514.1783111470425,101.43543595304669
938.0,514.4882764380558,514.1498246954457,100.32121117552066
939.0,514.1172635519785,514.1216511553072,100.26195029703683
940.0,514.6521675450624,514.0934942575986,101.53061374229053
941.0,514.0933978808508,514.0649810769062,100.41830471520991
942.0,513.4774895997982,514.0367802696653,99.28120363434049
943.0,514.2593944092591,514.0088987983113,100.16311993541827
944.0,513.5892685672452,513.9807696554627,100.53366142323944
945.0,513.4150515745413,513.952536452213,98.2337856365412
946.0,514.4582301985348,513.9249491307468,100.28047745490089
947.0,513.9008221089795,513.8967870299948,101.57768792818192
948.0,514.0708100467623,513.8682606293016,98.54966988513296
949.0,514.1590316305131,513.840584597009,101.47132582421266
950.0,513.6104482058398,513.81208806634,99.84505128023747
951.0,513.2777670155374,513.784048247772,100.8890930424675
952.0,514.7653149257075,513.755715227476,100.39944911796552
953.0,513.5734181616183,513.7275197155154,100.31430781975642
954.0,513.9664999660034,513.6993481140694,98.46618107056771
955.0,513.7518527644793,513.6716955282187,100.1240909146215
956.0,513.6223221609605,513.6435773460203,101.02508328861146
957.0,513.68764668787,513.6152061351299,99.38925870203555
958.0,513.5398217227059,513.5872943183111,101.81750359381645
959.0,514.0811032517365,513.5587005693852,100.31530384286823
960.0,513.8855024748802,513.5305286882226,98.80101828350415
961.0,513.3093875852085,513.5027820689213,99.80213227347178
962.0,513.0138487085068,513.4747543034412,100.57425909874412
963.0,513.1818381747324,513.446509699011,100.27341756668122
964.0,513.0103815332684,513.418349580911,99.58621383654076
965.0,513.1602872521555,513.3903824525253,99.87073241498193
966.0,514.3001329385131,513.3623354218387,99.56943803335902
967.0,514.5225676407904,513.3343730046577,100.65129591126008
968.0,513.7791728565412,513.3061067657226,100.00242393934779
969.0,513.6172991947611,513.2780227516663,100.79389193923271
970.0,513.4893751926835,513.2497164670133,100.35925580469335
971.0,513.3399562423186,513.2215322426749,99.05113977934356
972.0,513.2985692608786,513.1937153809201,100.93323091805291
973.0,513.4881035944054,513.1653699652373,102.07304099797275
974.0,513.1472569161217,513.1367044528904,100.968672247334
975.0,512.907783378496,513.1083490841011,99.73832494875278
976.0,513.3795383486008,513.0803392378446,100.29610176776046
977.0,513.0456869195534,513.0521727492647,97.90829425645137
978.0,512.611972205054,513.0246768366278,100.49756276329927
979.0,512.5696403240207,512.996453771085,99.37342118986028
980.0,513.4848249420075,512.9685464019676,100.31532497963515
981.0,513.0019264603407,512.9403745148691,99.79906356659012
982.0,512.0791113570526,512.9123476111841,100.76432169865555
983.0,512.3507423304526,512.8840496308404,98.5673539835902
984.0,513.5953556820575,512.8563686322634,101.01387909012212
985.0,512.7659092185903,512.8280005678855,100.75321344735642
986.0,513.3621372420255,512.7997057071091,99.4427051392791
987.0,512.8082612396553,512.7717788807493,99.08673774442367
988.0,513.0061661492963,512.7439520218993,100.22511496230626
989.0,512.4092445646141,512.7158054687807,99.8722099592578
990.0,512.9311933232799,512.6877580231505,101.09572272547489
991.0,512.3737662390879,512.6593669743518,98.77779413287207
992.0,512.4041703264351,512.6316268771661,99.87107636400741
993.0,512.974538472733,512.6035797498872,98.86812984753448
994.0,513.1555706354949,512.5758142834218,100.10080846709778
995.0,512.037195707202,512.5477026397105,100.69901377018272
996.0,511.8556301118872,512.51942300001,99.04725711609166
997.0,512.3020530794869,512.4916072286367,99.23791656831676
998.0,512.3678813703619,512.4637379137337,100.00542108974777
999.0,512.6546287657155,512.4356530579776,100.59803266514807
1000.0,511.89435592107327,512.4074017771375,100.05221815023327
1001.0,511.8662585232608,512.379303779207,99.77362701502146
1002.0,512.1596268386538,512.3512840189536,99.98784657626348
1003.0,512.5442768335221,512.3232040987068,100.87475773129376
1004.0,511.96928148819745,512.2948751042439,100.3755144436973
1005.0,511.9860728971316,512.2666863139377,99.82573732095301
1006.0,512.0643486557393,512.2386519193733,100.84373062702964
1007.0,512.2058218216764,512.2103316383556,100.77757042124638
1008.0,511.9352422426932,512.1820299373289,98.68040467611172
1009.0,511.7123882495894,512.154317190349,102.17148128963002
1010.0,512.0224244962526,512.1256240326869,101.41586819771446
1011.0,512.7824040136599,512.097143076368,100.37604523448852
1012.0,512.2152241539416,512.0689541369981,101.96296898324412
1013.0,512.5048186920653,512.0403195365418,99.19168105552086
1014.0,512.3939748985509,512.0124632061121,99.66674075948285
1015.0,512.1298008885718,511.9844734630822,100.72355340157253
1016.0,512.288812481337,511.95618693183525,99.00008327568887
1017.0,512.4786835993632,511.92838440844866,100.530373503985
1018.0,511.67261900589745,511.9001521285563,98.41297922940043
1019.0,511.9047310753769,511.872514483556,100.58230568045565
1020.0,511.741282187118,511.84426761937743,99.12588044391426
1021.0,511.73001566822046,511.8164297679528,98.77431292772802
1022.0,512.2686638846895,511.7886906484056,99.21016067406676
1023.0,511.8270651430723,511.7608291282829,101.80890529770798
1024.0,511.22704771899174,511.73223779404515,98.88780676834538
1025.0,511.2961934480109,511.7044668016444,100.67709517097714
1026.0,511.4312940288941,511.6761933174172,99.04185371972899
1027.0,511.32862054333134,511.64837906349754,100.49399955371781
1028.0,511.0626831596451,511.62015699862286,99.44989487178769
1029.0,511.63453151396146,511.5922281531464,99.94442239508037
1030.0,510.99922384622477,511.56416042785713,101.2774885272748
1031.0,511.55242589503865,511.5357183331624,100.8796315722706
1032.0,512.0315313443585,511.5073879699625,99.78631658795896
1033.0,511.8368978918975,511.4793646460541,99.23798002947896
1034.0,510.8080617158583,511.45149531332913,100.57174430058888
1035.0,511.82187724372403,511.42325141513805,102.13992424629103
1036.0,510.7313962864438,511.39456711974555,100.74279552979625
1037.0,510.7571739983068,511.3662751846676,99.50326090848094
1038.0,511.43652995480875,511.33833135222915,99.45728043874941
1039.0,511.5500738602863,511.3104004326392,98.82729862115664
1040.0,511.4660372845796,511.2826464329431,101.32957068897913
1041.0,511.10722680677867,511.25418971184126,99.18474312619033
1042.0,511.19271429855615,511.22633532981337,98.682527067203
1043.0,510.97338349157974,511.19862198679533,97.70498945799147
1044.0,511.5610481718135,511.17118316892254,99.80809386064651
1045.0,510.982748343883,511.14315372923,99.65390747821118
1046.0,511.0091752038605,511.1151675902132,99.76878983813036
1047.0,510.2111913590165,511.0871491884003,98.40390411694419
1048.0,511.1626776678497,511.0595140919942,99.60012052486849
1049.0,511.0010918472657,511.0315430581467,101.6653584073324
1050.0,511.5821749335794,511.0029920366607,98.43095053335537
1051.0,511.2490645370258,510.9753493447193,99.46798797782789
1052.0,510.78294114016995,510.9474154180955,99.9152636660719
1053.0,511.4355857541973,510.9193558815493,98.9603157391017
1054.0,510.96674805053703,510.8915645262125,100.0765299912445
1055.0,510.63942917248727,510.86345970070664,99.83975823766697
1056.0,510.96994417787045,510.8354213686016,100.90720311100637
1057.0,510.95619136562465,510.8070832623946,98.7893458945706
1058.0,510.7678254815331,510.77933992108916,99.37134107718659
1059.0,511.1215417937269,510.75143313613665,99.11329527918856
1060.0,510.98275100063324,510.7235988190457,99.4322929875297
1061.0,511.525554263823,510.6956749167651,96.76270728939741
1062.0,511.1101351323072,510.6685007231346,101.32815442875608
1063.0,510.9369887255403,510.6400443997659,98.23778966140476
1064.0,510.26257636397395,510.61245595383605,101.53867972441334
1065.0,510.81628038430824,510.58394050794675,100.91380341213701
1066.0,509.0346331397197,510.55560054815516,101.68014154874929
1067.0,510.55470455955384,510.5270453750702,99.81055621579253
1068.0,510.4449491742779,510.49901524386627,100.87509924097435
1069.0,511.0655402864817,510.4706861534961,99.26301320051397
1070.0,509.6977073682483,510.44280979062233,100.23305780041194
1071.0,510.35557403201375,510.41466100689,99.96401504236457
1072.0,510.47556281586947,510.3865877793323,100.30571778610401
1073.0,510.94427242008425,510.358418590254,99.1587494429025
1074.0,509.8388336736887,510.33057150811885,99.7331587397325
1075.0,509.8944736940978,510.302563112706,99.74197273650033
1076.0,509.88404881973474,510.27455224202924,99.89024857620043
1077.0,510.038480837034,510.2464997305541,99.25680225728244
1078.0,510.9648836887062,510.2186251119201,99.81878556950132
1079.0,510.40369365473657,510.1905926696394,99.27624812995145
1080.0,510.34342766701326,510.16271258995624,97.25384072226238
1081.0,510.25115930054017,510.1354004696867,99.61650719507975
1082.0,510.0412317033172,510.1074248339161,100.4978316253979
1083.0,509.52384163935545,510.07920169286797,99.64956453341152
1084.0,510.5348070695019,510.05121677349484,99.61320644634432
1085.0,510.8293755179681,510.0232420646845,100.8254891723405
1086.0,509.9044141274957,509.99492690647526,99.37023130659934
1087.0,510.65951217888284,509.96702043318334,100.70720114863019
1088.0,509.68153767076376,509.93873849419407,98.76153355959156
1089.0,510.5208800229924,509.9110029635194,100.15991834649154
1090.0,511.26658661583815,509.8828747197838,100.18752487974773
1091.0,509.86720821953026,509.8547387232134,101.58403730474973
1092.0,509.3490463397779,509.8262105394037,100.11736242383778
1093.0,509.9618403964907,509.7980942467896,99.85795299844065
1094.0,509.59417653570546,509.77005080498924,99.08004819444761
1095.0,508.9182719948495,509.7422258247879,100.7385961691288
1096.0,509.8182877396148,509.71393506903047,101.62938359523822
1097.0,510.485803717477,509.6853941504708,99.81459719300734
1098.0,509.36638824719205,509.65736288442577,100.23449454961877
1099.0,509.17161324941316,509.6292136972064,99.4461005948863
1100.0,509.65741510276786,509.6012859172894,100.1409682688248
1101.0,509.6164227901823,509.57316299536717,100.06142649524898
1102.0,509.3392881369757,509.54506241142644,99.25622037316332
1103.0,509.9797578455136,509.51718795620496,98.61489467002052
1104.0,509.5528100946967,509.4894936066185,99.69294746320188
1105.0,509.1657218731985,509.4614965038725,99.2920351472237
1106.0,508.64445389756133,509.4336119906687,100.63189706901994
1107.0,509.38109389417355,509.40535119957514,99.98997715737696
1108.0,508.94282123875,509.37727068099014,101.54933557801539
1109.0,509.0004350364215,509.34875224258195,101.3486096149887
1110.0,509.2501476416948,509.3202901747151,98.2653013389964
1111.0,508.8426053247304,509.29269400258903,100.22885882302495
1112.0,508.7305441567852,509.26454639806957,100.89020480661924
1113.0,509.0519676332851,509.23621306555304,99.34068430242799
1114.0,508.915948846587,509.2083148900448,96.89320613876177
1115.0,508.97930254991593,509.1811040479875,101.3595688246672
1116.0,508.5604046253249,509.15263890240925,101.51600656771451
1117.0,509.35142479171145,509.1241298238981,99.55066038123695
1118.0,509.0359269382967,509.09617268010777,98.24602063972587
1119.0,509.5078294542754,509.06858192264474,99.51051845133804
1120.0,508.7170211763463,509.04063605204635,99.43218559268516
1121.0,508.2360931905977,509.0127121799257,98.31153946294594
1122.0,508.1470086055328,508.9851030225932,100.15275068587201
1123.0,508.8937627278569,508.95697679177556,99.26107029518367
1124.0,508.9326099435843,508.9291009745344,100.38569094443197
1125.0,509.13819196171255,508.9009093263275,100.61618399800686
1126.0,508.96924973826856,508.872652947988,99.21771706571602
1127.0,508.5930109719721,508.84478930577876,99.38132108448187
1128.0,508.7280274619674,508.8168797181075,99.78590884996754
1129.0,508.98800146891085,508.7888565087055,100.24525303560932
1130.0,508.74106946801226,508.76070430014465,99.28643058139771
1131.0,509.4609040071666,508.7328213608897,99.73133037481463
1132.0,508.67041665076204,508.7048134789428,98.67160204537768
1133.0,509.55775555517124,508.67710320403506,98.80033917077073
1134.0,508.6003198939014,508.6493567754513,99.05012267773486
1135.0,508.1376672462379,508.62154019933257,101.55677102652662
1136.0,508.8384659172193,508.59301967280265,100.127588499169
1137.0,508.1357276257754,508.5649005083658,99.33903995263837
1138.0,508.6468840482736,508.53700279464573,99.36374632863227
1139.0,509.28265940846234,508.50909814255175,99.6390224775108
1140.0,508.9849481502482,508.48111618373935,97.84049288454919
1141.0,508.61791594034406,508.45363931198756,99.96329066847942
1142.0,508.16583969627914,508.4255662878582,100.40021228615545
1143.0,508.72988387460214,508.3973705615745,97.54285019444629
1144.0,507.9108101729157,508.3699772778116,100.48778824098069
1145.0,508.66863940796145,508.3417569572806,100.29998187531098
1146.0,507.91904384828143,508.31358937903724,99.92637826506541
1147.0,507.7208783004474,508.28552672114114,99.89164131490634
1148.0,508.8263008273583,508.25747381853853,100.71653016315993
1149.0,508.42872817249275,508.2291892596511,102.2654805288395
1150.0,507.7430070204132,508.2004697038692,99.43062907116345
1151.0,508.4952922752133,508.17254626887177,99.58149691613156
1152.0,507.8198472307049,508.14458046515443,100.90065178860505
1153.0,507.5280517649964,508.11624419877717,100.11704032623608
1154.0,508.6963971875014,508.0881279966189,100.94251290709704
1155.0,507.5622692667313,508.0597799742441,101.28811671256497
1156.0,507.9839499428898,508.0313348948007,99.35506148040999
1157.0,507.72020315966915,508.0034326817016,100.85254962290719
1158.0,507.9544510874818,507.97510992401584,98.76052464080267
1159.0,508.5965820052897,507.9473746766792,99.52899462067896
1160.0,507.80848122683585,507.91942361735653,98.97104343056895
1161.0,507.4325935689822,507.8916292493265,100.41376121619167
1162.0,508.0505070803017,507.86342971805163,99.59038086984538
1163.0,507.83920565659974,507.835461419424,100.15139275324158
1164.0,507.90268327001587,507.8073355699591,100.13682443238183
1165.0,508.55393355197316,507.77921381176435,99.54067450401432
1166.0,507.89827347227975,507.75125947234113,100.32993963807745
1167.0,507.3699003901718,507.7230834809594,100.64263398674586
1168.0,507.4644828339163,507.69481967458154,98.09992469925614
1169.0,507.92073750288125,507.6672699457285,98.39585548290678
1170.0,508.0657572013188,507.63963710964697,99.02480291340791
1171.0,508.81883064248814,507.61182764416213,98.86656571121317
1172.0,507.3770821149976,507.58406261695825,100.03312478500388
1173.0,507.5843825452031,507.55596998108115,99.83658489709703
1174.0,507.28293167978245,507.52793254015586,99.78522756597613
1175.0,507.3195808967843,507.4999095220811,97.59216611072233
1176.0,506.7896659401155,507.47250238876495,101.30546681111016
1177.0,507.21095680997684,507.44405243683553,100.10139638710679
1178.0,507.94733555374734,507.41594062801687,100.31510224443744
1179.0,507.5728543545689,507.38776880346984,100.10570640794111
1180.0,507.2634666792844,507.3596557842536,99.78013970021526
1181.0,507.51315897077734,507.33163419502114,100.47091447796853
1182.0,507.6973249406532,507.3034186132053,102.4308124265835
1183.0,507.22523969131345,507.2746526267154,100.24431951776792
1184.0,506.80617689822367,507.2465006803176,98.6603133801437
1185.0,507.59058881614453,507.2187935756433,99.0694575393953
1186.0,506.636259786137,507.19097156965097,101.5647653100016
1187.0,507.67130738233686,507.16244879805976,99.67044418418224
1188.0,506.95467216923294,507.1344580149847,99.94240727305666
1189.0,506.90446134774965,507.1063908556089,100.1921670852051
1190.0,508.04537582072385,507.07825355535243,99.57582618814808
1191.0,506.96134685452483,507.0502893441646,98.91405953744881
1192.0,506.56928248348277,507.0225109791112,100.63055465903177
1193.0,507.50602503587413,506.99425056501104,99.39227990046031
1194.0,506.6919143092845,506.9663378997391,99.812487013678
1195.0,507.0752850434689,506.9383072263027,101.96667758884388
1196.0,506.946224903096,506.9096715843465,99.70481460571716
1197.0,506.61633593120683,506.8816711489114,98.00368945130906
1198.0,507.2436251675709,506.8541484461238,98.6374081780355
1199.0,506.6556880514152,506.82644777399383,99.55130267620322
1200.0,506.72816477156124,506.79849044982564,100.788417594831
1201.0,506.9365706445317,506.77018570255103,99.03136988072772
1202.0,507.1224746941863,506.7423743928428,100.02317416237949
1203.0,506.5239508015789,506.7142845514323,99.30109472255567
1204.0,506.3029966529506,506.6863974939977,98.40359074579585
1205.0,507.2053248782111,506.6587624855966,98.81004496884229
1206.0,506.40335952746415,506.6310133313012,100.12661682553943
1207.0,506.4243442942344,506.6028944397426,99.74574018460402
1208.0,506.43744833281625,506.5748825110408,99.35022190478008
1209.0,507.9419793584129,506.5469816570559,98.92858168489234
1210.0,506.5979468777703,506.5191992136993,99.86523740264742
1211.0,505.84588596306236,506.4911537261955,101.08373102910481
1212.0,506.60897746460785,506.46276604506477,100.37247435281375
1213.0,506.26396048877467,506.43457810851737,100.29805562450781
1214.0,506.1984424283985,506.4064110712295,100.87765321682326
1215.0,506.04461827466145,506.3780812636178,99.92796305779567
1216.0,506.70398380658844,506.35001816065903,99.80527669448013
1217.0,506.10314781750225,506.3219895121207,101.91860913970515
1218.0,506.26399199500787,506.2933673693873,99.44251126871447
1219.0,507.3917368599738,506.2654405974726,101.20515635264557
1220.0,506.0592073164868,506.2370188160636,98.40463842969933
1221.0,506.6207816611965,506.20938351343796,99.56110645080872
1222.0,506.17602809804964,506.18142343604296,100.13248270049196
1223.0,506.4378925452706,506.15330289715126,99.33694771946041
1224.0,506.58888661780105,506.1254057710001,98.37251464415323
1225.0,506.4405245906981,506.09777948980417,100.03591719860106
1226.0,506.4140283241783,506.06968606972424,100.47644665426976
1227.0,506.18473239193816,506.0414689342888,99.01176933044044
1228.0,507.22113057484154,506.0136631290685,99.5168216186511
1229.0,506.16506086800297,505.9857154883306,99.18829133250823
1230.0,506.3477099652665,505.95786010984807,100.76191913457741
1231.0,506.5457739091966,505.9295628042244,100.60765556089562
1232.0,506.5885327992979,505.9013088209544,98.54224608760568
1233.0,505.77959727205183,505.87363487351143,98.93613502559386
1234.0,506.03535573831533,505.8458503089251,101.40198931498155
1235.0,506.27886730414065,505.81737325025915,98.82905574723381
1236.0,506.4960518792207,505.7896187571035,101.16514467526959
1237.0,505.08991189073333,505.7612082123072,100.8563033116383
1238.0,506.2679393133632,505.7328844004605,100.53626195844399
1239.0,504.9847972055286,505.7046504668938,99.74474149108116
1240.0,506.033956819838,505.67663881865843,99.38213720373959
1241.0,506.1663267804857,505.6487290017937,100.60549814705202
1242.0,505.68557505402293,505.62047562439744,100.4488215622281
1243.0,505.4232093763227,505.59226624700864,101.67538959513165
1244.0,505.15015088651967,505.5637124084307,100.91546094140514
1245.0,505.55394299797746,505.5353719831496,100.51915512176343
1246.0,505.46356424980775,505.507142853753,99.87176772575515
1247.0,505.5769583676942,505.47909553231665,100.68779566708966
1248.0,505.59835014954484,505.45081904303345,99.37801909999104
1249.0,506.2732593563157,505.42291038266956,100.55111987916129
1250.0,505.04367732296635,505.39467227650346,99.16446942869632
1251.0,505.02765318746106,505.36682358800556,100.70116620356131
1252.0,505.3732420913024,505.3385433438301,99.68534270357154
1253.0,505.4229944665072,505.3105483767542,100.09882690937432
1254.0,505.0839836242533,505.2824372895305,100.39509034845724
1255.0,505.3160988051087,505.25424300165764,99.5626242939675
1256.0,505.35412483181835,505.2262824980017,101.96488106171952
1257.0,505.25147612782354,505.1976473605702,98.96206510832096
1258.0,503.95075365397304,505.16985551395226,98.33197679379292
1259.0,506.070863067879,505.14224061713605,96.3847673227666
1260.0,505.3902531804916,505.11517256164626,100.45345898809363
1261.0,504.71642930279745,505.08696188191374,99.53648179117116
1262.0,505.3051261478979,505.0590087199441,101.06666068861962
1263.0,505.08741833443224,505.030625832734,98.69478771657349
1264.0,504.8197007743582,505.0029090465169,99.39193141632735
1265.0,505.044681630635,504.97499647911087,101.0654928681965
1266.0,505.0140155139492,504.9466139198637,102.01805547398898
1267.0,505.56210926333955,504.9179638492848,100.57779952573945
1268.0,504.77529301917065,504.8897182505846,100.2708382873667
1269.0,505.31413491799754,504.8615588568323,100.04236491221045
1270.0,504.69345125886656,504.8334636260194,99.99990474117126
1271.0,504.63580758889645,504.8053803194379,100.15198413447627
1272.0,504.5834661866809,504.77725430389347,98.94894865202578
1273.0,504.9427278485775,504.74946614081375,100.34625750280152
1274.0,505.3101144378261,504.7212855668317,99.76961410185899
1275.0,504.5230105223252,504.69326693353804,99.13732110243869
1276.0,504.64954528227497,504.66542586919513,100.3348363579575
1277.0,505.11065168027864,504.6372485026513,98.88771921957333
1278.0,504.6146753472518,504.6094775348371,100.1546634036013
1279.0,504.31107213682765,504.5813507668646,101.83503628914292
1280.0,504.24137009523616,504.5527520941734,100.02679586957389
1281.0,504.90176903178735,504.52466123566666,99.63237724639146
1282.0,503.5956823325172,504.49668114305666,101.2154048794588
1283.0,504.0985942704708,504.46825648351967,100.16796624312052
1284.0,504.5429910492702,504.4401259796664,99.18409183306187
1285.0,503.94209631825146,504.4122717805433,99.7777635623243
1286.0,504.1784119128316,504.3842508586095,99.58588647921233
1287.0,503.91839698458637,504.35628382215657,102.5603767936987
1288.0,504.4477825959889,504.3274814496737,99.41115737209533
1289.0,504.1234328452003,504.2995634829784,99.64398937906451
1290.0,504.4016387768709,504.2715801292944,100.89856488292843
1291.0,503.87819233654034,504.2432444489898,100.2530569184861
1292.0,504.709868083277,504.21509004883853,101.9679981953112
1293.0,504.4908948587067,504.18645403601204,100.2266271361744
1294.0,504.67523964441824,504.15830705822464,100.0819581001385
1295.0,504.42650096982925,504.1302007083248,100.2582187734057
1296.0,505.1294984972707,504.10204485855263,100.74066053801016
1297.0,504.63482099391604,504.07375352305155,99.29874324791707
1298.0,504.1227729327363,504.04586712598945,97.99678288871652
1299.0,504.0291257905026,504.01834636279483,100.85261950803365
1300.0,504.16061348354737,503.990023585483,101.22606321389101
1301.0,504.05842283604795,503.96159593273046,100.21648404086287
1302.0,503.7762748099923,503.93345180346233,100.4587792522812
1303.0,503.6803479480208,503.9052396296223,97.81701446814279
1304.0,503.3386600630961,503.8777693513925,98.25001991386537
1305.0,504.26274846820564,503.8501774708,100.90538878315131
1306.0,503.32457789552643,503.82183987411673,101.79117942460475
1307.0,503.34380144067035,503.793253517895,100.5437865200535
1308.0,503.6087723850368,503.7650174711806,99.39141724241705
1309.0,503.73021575917835,503.7371050481717,98.17720722221105
1310.0,503.65439407200097,503.7095336158101,98.46187860805023
1311.0,503.5329430084363,503.6818822382343,100.0438952698816
1312.0,503.6826749578347,503.65378657764603,99.41463520192019
1313.0,503.54292021051987,503.6258676342602,99.67506973979594
1314.0,503.23760322281,503.59787555217497,100.7020054805573
1315.0,503.6315230831729,503.5695950723025,99.2394652767579
1316.0,503.7095021755551,503.5417253224706,98.44925512682198
1317.0,503.55847074982853,503.5140774899891,100.86302395685999
1318.0,503.604406147041,503.4857517907613,100.38142373843498
1319.0,502.9352651623139,503.457561340928,98.10363054554169
1320.0,503.21359641388386,503.4300105713498,100.19333650717073
1321.0,503.183255650176,503.40187294268077,99.99035904115726
1322.0,503.1154450891848,503.37379231685003,100.67327519540912
1323.0,503.7718566559081,503.3455199053993,99.18028010369002
1324.0,503.99068245170577,503.3176667767368,99.34364430190952
1325.0,503.8201295989416,503.28976776996205,100.09653838536116
1326.0,502.6065012137176,503.26165732543217,100.16429448306025
1327.0,503.9901538761856,503.2335278527315,99.74323351667503
1328.0,503.168497033348,503.20551662798556,100.58281137046227
1329.0,502.78011116096286,503.17726962179233,100.96059048122284
1330.0,503.49052993227383,503.14891652263225,99.62939204336436
1331.0,502.93310518318293,503.1209372683667,100.05344173057235
1332.0,503.30214057205524,503.09283892681407,100.16226396587554
1333.0,505.396262244054,503.0647100243503,99.91562370872681
1334.0,502.7365750808263,503.0366503866921,99.63207611555336
1335.0,502.6678468641483,503.00867037864964,97.91520632990887
1336.0,503.6817511148664,502.981172524872,101.45828028860997
1337.0,503.28844108609013,502.95267965782426,100.42744166351454
1338.0,503.273785732733,502.9244762846238,99.92742365126969
1339.0,503.1744010320179,502.89641333314836,101.22484972530758
1340.0,502.9236687249392,502.8679860211838,98.78729331785682
1341.0,502.75170639071126,502.84024325631043,99.79625038737294
1342.0,502.9561182996852,502.81221714265996,99.83572776815645
1343.0,502.977297537237,502.78417994244506,100.79866728850327
1344.0,503.5309496377839,502.7558723167149,100.68322163738203
1345.0,503.0088485760767,502.7275971119717,100.82546706290846
1346.0,502.8953340423984,502.6992819599716,99.59553817282293
1347.0,502.5948348775438,502.6713122130014,100.32930737320952
1348.0,503.33316154096906,502.6431363991807,101.94760011596621
1349.0,502.6312205134706,502.61450611481484,100.45570689009958
1350.0,502.3130793932477,502.58629480379653,101.31293262521811
1351.0,502.1367937010581,502.55784275521756,98.50176863594018
1352.0,502.6058957149812,502.53018017519236,99.54897656902412
1353.0,502.236782958916,502.50222350427254,99.85264784732502
1354.0,502.8766907695611,502.47418155233544,101.3337278946408
1355.0,502.77258975418425,502.44572366375166,98.65008170564136
1356.0,502.4812377739311,502.41801943247265,100.96009721136316
1357.0,502.0203771326527,502.3896664718392,101.28409882384871
1358.0,502.71402027988233,502.36122252075273,98.36511480550071
1359.0,502.4526186146109,502.3335983176782,101.2344479552227
1360.0,501.88992691716913,502.30516831021083,99.39212781711392
1361.0,502.7557439543152,502.2772556876488,99.10866044177948
1362.0,501.9351945501014,502.2494226721748,99.2058999646992
1363.0,502.62884366507006,502.2215623486013,100.34451146577844
1364.0,502.13633408539727,502.1933822649647,100.53157885561727
1365.0,502.31773975902206,502.16514964656943,99.29442247094657
1366.0,502.2880168162218,502.13726446292554,98.6460708471514
1367.0,501.86581507670485,502.1095613580293,100.41480890195113
1368.0,501.49562910680004,502.0813615325293,98.93213779348471
1369.0,501.0031039866928,502.05357809049895,100.12742623032561
1370.0,501.0691758764266,502.02545897163264,101.00295587542132
1371.0,502.47062728326665,501.9970939748576,99.38400542318504
1372.0,501.62037806502997,501.9691836333346,101.0580572114503
1373.0,501.7592513049771,501.9408031622677,100.45166999559503
1374.0,502.0935346679541,501.91259298494396,99.42236334198896
1375.0,500.85584097638304,501.8846718712387,100.41314502248443
1376.0,500.9823776615869,501.8564725130116,98.70968043481147
1377.0,501.5159166088254,501.8287515444228,99.8869558426032
1378.0,501.6399335740808,501.800699957657,99.74197553570504
1379.0,502.2907813877676,501.7726890861941,101.1726536972528
1380.0,500.88509052987746,501.74427643261413,99.13069043475465
1381.0,501.4130764585432,501.71643723038363,100.22416953619096
1382.0,501.510791934683,501.68829094277226,100.85462706852374
1383.0,502.1239491789015,501.65996760167053,99.20611756564647
1384.0,501.0661927886547,501.6321072169875,100.60448271539003
1385.0,502.22572706730006,501.60385412475824,100.5387488012729
1386.0,501.56918358715,501.57561949280324,99.0141808934487
1387.0,501.0199018075386,501.54781301033563,100.28980961005651
1388.0,501.97967287215437,501.5196482888035,100.53501735829569
1389.0,500.74613410948734,501.49141470476206,99.81256874064508
1390.0,500.81148032085554,501.463384008374,101.34765592670904
1391.0,500.8623664095993,501.4349222083346,100.372022633552
1392.0,501.9652458259677,501.406734398645,99.84890971564884
1393.0,501.79300062937216,501.37869349649986,100.08067275953947
1394.0,501.3505928074127,501.3505875075666,102.09471400480183
1395.0,501.16301294667903,501.3219159087169,101.41236992810859
1396.0,501.76355906862136,501.2934359348288,99.64689556868198
1397.0,502.0671795567566,501.26545176498985,101.15648141678447
1398.0,501.36530059647333,501.23704365312534,99.10764271560635
1399.0,501.41800740266774,501.2092109234627,101.39877771242526
1400.0,500.1868599088231,501.1807347667218,99.17765502212666
1401.0,501.38420804430035,501.15288237526977,101.29677946237545
1402.0,501.0929862032037,501.1244348630374,100.19363091523184
1403.0,501.34249343273274,501.09629715168876,97.99275206389811
1404.0,501.41048972748996,501.0687775204841,99.71881718584842
1405.0,500.8625010553889,501.0407731526577,99.92662476114275
1406.0,500.6097856052718,501.0127104255373,100.60474566141878
1407.0,500.5997736160028,500.9844572594641,100.26185769175594
1408.0,500.7138609854639,500.95630038776227,99.90525517927794
1409.0,500.42968889414794,500.9282436619328,100.0768430343535
1410.0,500.8159368342052,500.90013874851394,100.41493327790045
1411.0,500.7797831263769,500.8719388880851,97.9358454723235
1412.0,500.2973443427349,500.84443523814826,98.27899363164977
1413.0,501.0305805599794,500.81683522077003,99.665669408843
1414.0,500.2530889295357,500.78884577861106,100.68823004809025
1415.0,500.8494494222035,500.7605691673392,100.78317497375349
1416.0,500.2979648886289,500.7322658923674,98.21897713086493
1417.0,501.0836903312755,500.7046827296232,100.64153210173887
1418.0,501.4915658076002,500.67641923269133,100.91051119321278
1419.0,500.600342534258,500.64808019746454,99.23033379400029
1420.0,500.81027841950765,500.6202130120573,98.77833096509444
1421.0,500.3280703330409,500.5924727641114,100.01275034823665
1422.0,500.8492535393571,500.5643858500552,100.2078774236436
1423.0,500.91085475100795,500.53624413781205,98.79504471723709
1424.0,499.75181277290153,500.5084991960873,100.0077333619964
1425.0,500.2856806908508,500.4804136909682,100.15861059084935
1426.0,500.66543360853615,500.4522858144939,100.04229950919026
1427.0,500.742082236461,500.4241906020484,98.56311957975049
1428.0,500.8846079552487,500.3965107926331,99.9702084227909
1429.0,500.3413206783412,500.3684358257677,99.27363319429358
1430.0,499.83053290976966,500.3405564804456,101.23461939740609
1431.0,500.3865988786965,500.3121264248315,99.04445559119948
1432.0,500.2111609535431,500.28431144021965,100.28747854801136
1433.0,500.2588908146245,500.2561473733274,99.15366852858818
1434.0,499.51977455272845,500.2283017180823,100.02388393167202
1435.0,500.3906601749846,500.20021167734484,99.66048859883354
1436.0,500.40335491238545,500.17222369012995,98.31254848758245
1437.0,499.7956046758538,500.1446142494297,100.6767239862533
1438.0,500.7455542785079,500.1163408694436,101.043210625034
1439.0,500.7564476121873,500.08796456779305,99.62293900251817
1440.0,500.4230616307016,500.0599871257565,100.4582092151464
1441.0,500.30933521907417,500.0317751120019,99.76695792701783
1442.0,500.22110276465986,500.00375722465077,100.4002047450104
1443.0,499.7600197428353,499.97556150048484,100.16482778369674
1444.0,499.58452700520274,499.9474318780156,99.49887350297817
1445.0,499.88138147050825,499.9194892777069,97.97232616813291
1446.0,499.68952385432783,499.8919753827746,101.78781510955402
1447.0,499.56999415630065,499.8633899713647,101.52105979929041
1448.0,500.01951212888207,499.8348794737377,101.80019715073148
1449.0,500.17493117953103,499.8062905850379,101.86472296347095
1450.0,499.9097134814539,499.77768357533904,98.22201863560076
1451.0,499.5107875851459,499.7500995584388,98.27988117172363
1452.0,499.4969082358306,499.72249929180975,100.58780551764453
1453.0,499.8699932673479,499.69425088309356,101.65874562803872
1454.0,499.0707615783446,499.66570171869637,100.78826997508942
1455.0,499.6220285627433,499.63739701287835,100.43267242131309
1456.0,499.73470415237233,499.6091921707067,98.60731712515684
1457.0,498.6016874174859,499.58149994914737,98.30922432614739
1458.0,499.9922024339195,499.5538914419825,98.63674235920362
1459.0,500.3699453614087,499.5261909568366,101.34286281094627
1460.0,503.1430695227965,499.4977305028639,100.15385714705485
1461.0,499.45668467289283,499.46960396131504,100.07480944048066
1462.0,499.96957175456805,499.44149961899717,98.73062693358874
1463.0,499.5185055535027,499.4137727679333,100.61636418897734
1464.0,499.14498902645266,499.38551633899027,99.90100095528253
1465.0,499.3993306219649,499.35746080788863,99.60613193623688
1466.0,498.6426148843374,499.32948808583654,100.12540958779466
1467.0,499.0663216037764,499.3013695333106,100.75469996006554
1468.0,499.6949664220267,499.2730742550719,98.36217342415895
1469.0,499.46679120751804,499.24545087803523,99.60266196358236
1470.0,498.97718283934927,499.21747913046715,98.989156405925
1471.0,498.97417596989305,499.1896796757098,99.88295384708496
1472.0,499.6424236091773,499.16162921283774,99.11788688597784
1473.0,499.3501782903338,499.1337936062706,99.1819667705755
1474.0,499.6002273822606,499.10594000393587,99.91356495043794
1475.0,498.54341011769384,499.0778809444456,101.17862596398793
1476.0,498.6120537972998,499.0494666136541,100.33755918780344
1477.0,499.49881954205466,499.0212884824488,101.54282762659616
1478.0,498.393588050838,498.99277187169037,99.69809795867445
1479.0,498.81599877680117,498.9647733225136,101.88898243410752
1480.0,499.4934542878407,498.9361594999467,100.00428204841893
1481.0,498.7157363622123,498.9080749640715,101.17312880628074
1482.0,499.1207989186144,498.87966217706503,101.30932281476711
1483.0,498.4188655419323,498.8512111422412,101.06165839225274
1484.0,498.6937204011807,498.82282965984274,101.54036793426236
1485.0,497.99687819439316,498.79431373984784,99.52533151309355
1486.0,499.0089416665499,498.7663637092479,99.5787457550822
1487.0,499.1805488146059,498.73839867814837,100.94311222531448
1488.0,498.19951320262777,498.71005048746514,99.23055139841695
1489.0,498.1917122453296,498.6821832409474,99.96957315289211
1490.0,499.22472817486323,498.6541084524869,102.00654674221795
1491.0,498.5876591821568,498.6254616139435,99.2665837498274
1492.0,498.87136303950166,498.5975842483404,101.24183478510278
1493.0,498.38728747467013,498.56915216640493,100.64714153407807
1494.0,498.47488842738784,498.5408870941574,100.22649732300255
1495.0,498.6281613600352,498.51274015282587,99.41984656296827
1496.0,498.73360127754376,498.4848197459161,99.15672632439109
1497.0,499.23619505529314,498.45697323194,100.24427581285646
1498.0,498.37103842885983,498.42882129781594,101.40940170684358
1499.0,498.8093895003162,498.4003421575033,102.0387234600471
1500.0,498.1921731193545,498.3716862826649,102.03487424823268
1501.0,498.2653362581235,498.3430314888135,100.33184487554958
1502.0,498.28461934120975,498.31485496237764,101.0502480273453
1503.0,498.59405636485735,498.2864766843899,100.04378079402365
1504.0,498.25298550007585,498.2583810559502,99.6001651615702
1505.0,498.2572366453477,498.23041000956744,100.62916073720106
1506.0,498.34505264349843,498.20214998692705,100.46056059350761
1507.0,498.17243554029733,498.17393731282704,100.04059954068727
1508.0,498.04060536166827,498.1458425777894,98.35531907105306
1509.0,498.433338692055,498.1182211256836,99.28072752098295
1510.0,498.4329522628983,498.0903397880381,100.10117774147352
1511.0,497.7741738841496,498.06222804062236,100.12777435361713
1512.0,497.6563338976126,498.0341088239914,99.237984060453
1513.0,498.09305464340355,498.0062394901344,100.94064543431273
1514.0,497.66064158166876,497.97789199220824,100.9736057438982
1515.0,498.66282165641934,497.9495352379285,99.14481362560471
1516.0,498.70782565015844,497.9216920694354,99.91059822663318
1517.0,497.498893539419,497.8936338431,99.1154826519232
1518.0,497.6510692662725,497.8657989117219,99.05987053857834
1519.0,498.0913651959474,497.837979598079,99.52887078118192
1520.0,497.8895959567761,497.8100285735346,99.25053908645468
1521.0,497.9134705937331,497.78215571380787,100.27877325484455
1522.0,497.8509037183197,497.75399409165215,102.39454787500442
1523.0,497.3283249306064,497.72523828945725,101.44704395465293
1524.0,497.84861270979803,497.6967485779466,100.30461912617635
1525.0,497.6358001630241,497.6685796974087,101.1188940876737
1526.0,497.8171793921876,497.64018214131903,99.23090967486075
1527.0,496.9195661924763,497.6123147941854,100.56541428027414
1528.0,497.0640639615712,497.584072673675,99.95017308798958
1529.0,498.3425129736105,497.5560033333995,100.17109218811477
1530.0,497.5241186513502,497.5278719516767,100.66245315189838
1531.0,497.9166799433104,497.4996025794165,99.40164162767175
1532.0,497.24201591891847,497.4716872850594,99.75426986993473
1533.0,497.47063784872034,497.4436729609376,98.995649858653
1534.0,497.9684129157146,497.41587168260224,101.14610380178081
1535.0,497.24712214047366,497.38746648511795,100.20818750305425
1536.0,497.0698376578887,497.35932468579415,101.28885442434546
1537.0,497.5788882311546,497.3308793991767,99.64805203529262
1538.0,497.2456731050685,497.3028949045634,100.90740576866261
1539.0,497.4968652998892,497.27455674144335,101.26520713415805
1540.0,497.4904674956714,497.2461180957732,100.08139546021711
1541.0,497.49401690686983,497.21801190388146,100.28829602590208
1542.0,497.09520450441784,497.18984760741415,100.51411208518554
1543.0,496.9798890575952,497.1616198942703,101.49309068997195
1544.0,496.73196927257084,497.1331172513015,100.02847965120156
1545.0,497.7608546003928,497.10502591993276,98.62211111036595
1546.0,497.46506281915265,497.07732954372926,100.71836510505211
1547.0,497.4246387600213,497.04904446952895,101.60760454092109
1548.0,497.12090894917867,497.02050966725375,101.89367529677625
1549.0,496.8780500734985,496.99189452677456,100.10160954359827
1550.0,497.1183938385082,496.9637826580944,100.10998388763757
1551.0,496.3973259238087,496.93566843761926,99.00766879781045
1552.0,496.08436911896166,496.9078637839652,100.23585807951304
1553.0,496.6728273545434,496.8797142138212,97.97479500169534
1554.0,497.4180340782007,496.8521996255582,99.09143687248645
1555.0,496.93377700126155,496.8243714470365,100.85608963532985
1556.0,496.74496454194656,496.7960476951973,101.22464853832857
1557.0,497.4915614613127,496.76762043973275,98.62962807324269
1558.0,496.62657011732847,496.73992195251554,99.17479314314663
1559.0,496.47934625490586,496.7120703647745,99.34560440584849
1560.0,496.27670425964953,496.6841708075372,100.06824886872921
1561.0,496.5073504503518,496.65606830764654,99.85402811414251
1562.0,496.6027473873308,496.6280259680845,98.30010908139653
1563.0,496.17808956814866,496.60042002078416,100.26143158431887
1564.0,495.42130792304164,496.5722632687476,100.33411956515025
1565.0,496.0869196534404,496.544086103503,98.3355743276078
1566.0,496.227991632362,496.5164701963793,99.96574483520406
1567.0,497.1744332793245,496.4883964830381,100.48391282772035
1568.0,496.2341229358539,496.4601772508523,99.56175579024878
1569.0,496.34583950273094,496.43221699110126,100.59568563438982
1570.0,496.0617958860435,496.4039663693856,99.73584533097699
1571.0,496.09850964340626,496.37595721948844,99.99713262457617
1572.0,496.46652504231463,496.34787469140974,100.97995705770774
1573.0,495.6887138726092,496.31951615346935,100.34818616976918
1574.0,496.1789314874326,496.2913350378534,101.23034465096305
1575.0,495.7643407270267,496.26290618273055,97.79998232044754
1576.0,496.2348475661053,496.23544068769553,100.9082691111039
1577.0,495.74146474533364,496.20710228212016,101.01176118368588
1578.0,495.62642428375597,496.1787348125211,97.95105299702212
1579.0,496.32514877972454,496.1512268918044,99.9451191158806
1580.0,496.4185093384334,496.1231589708527,99.63392911201295
1581.0,496.7308756290403,496.0951784424271,101.84074861685028
1582.0,495.81048153319074,496.0665781655238,98.3710814458755
1583.0,495.8675392062446,496.0389522868178,98.75226437480241
1584.0,496.17380943546465,496.0112193592392,97.96928153426347
1585.0,501.02256094533163,495.9837063193417,99.22507672342317
1586.0,495.87157835255033,495.9558406102951,99.77073353329361
1587.0,495.43550492477794,495.9278216626279,98.5121532272767
1588.0,496.1479209541963,495.90015616626323,99.33612576207989
1589.0,495.19895936091876,495.8722592709451,100.24206609941156
1590.0,495.525662573329,495.84410795738216,99.38505405712884
1591.0,495.93483115656977,495.8161973213678,100.90777574861983
1592.0,494.1739883303427,495.787859054345,98.99723452307123
1593.0,495.9355569535902,495.76005733098316,99.47589014402456
1594.0,495.3412753695398,495.73212118516767,100.82454654515828
1595.0,495.5173229793241,495.7038062916796,99.21618830605776
1596.0,496.0061055761219,495.675943078797,100.77033840856343
1597.0,495.4445821533299,495.64764340876053,99.36046635720096
1598.0,496.02872018525727,495.6197396777919,100.8525969414405
1599.0,495.08257277151534,495.5914169068175,99.58599469706498
1600.0,495.1957393899056,495.56344983997343,102.07496579798823
1601.0,495.26647146437733,495.5347837870785,98.74280486533168
1602.0,495.48248620084865,495.5070535160455,99.77802371463015
1603.0,494.71352348873785,495.4790325210523,99.66837459619978
1604.0,495.86979873930284,495.4510423191865,99.87233376486361
1605.0,496.49244547348763,495.42299483878753,99.55185219187342
1606.0,494.96976967072493,495.395037360297,100.20592120543262
1607.0,495.2157762980328,495.36689619742515,100.62050216862082
1608.0,495.71193809897693,495.33863860639946,99.24891373053364
1609.0,495.19662692985685,495.3107662031268,100.59033414686441
1610.0,495.81746639505957,495.28251708428724,101.08054713840434
1611.0,495.64719264611773,495.2541302972992,99.1981541243861
1612.0,495.2363927970727,495.226272149016,101.91851137748772
1613.0,496.2126825332952,495.19765003373743,99.4262076828086
1614.0,494.7075302989787,495.1697278404132,99.47458511196025
1615.0,494.8282788397129,495.14179206109424,100.33511181939986
1616.0,494.8724243968462,495.1136146171916,101.05057253839742
1617.0,495.04749730258396,495.0852362480704,98.3014595112382
1618.0,494.1747531613178,495.0576299215243,99.49167914140283
1619.0,494.63140888337574,495.0296893416321,100.48682549928553
1620.0,494.89688257277555,495.0014692914711,100.04044442459859
1621.0,495.3173241561442,494.97337459999517,99.40090560308235
1622.0,495.1608195654971,494.9454595123383,99.13418441498334
1623.0,495.2910641456229,494.91761932888176,100.11559748811757
1624.0,494.5755756195761,494.88950353192047,99.12340939720255
1625.0,494.41431423916777,494.8616663744481,99.33207995388148
1626.0,493.8078865053593,494.83377061532775,101.22190007302817
1627.0,495.4360877062107,494.8053441317239,98.19607278504681
1628.0,495.0527763894508,494.7777674012834,101.6054107012543
1629.0,495.2857197772085,494.74923321511153,101.26221290887288
1630.0,494.71552464474144,494.7207954103196,100.36887927111775
1631.0,495.0437718772557,494.6926084833909,101.32985924637168
1632.0,494.2281733246925,494.66415168125263,100.29131579287427
1633.0,495.30661105869166,494.6359865367341,99.42936944284382
1634.0,494.0630936575483,494.60806345548224,100.49685469838873
1635.0,493.9811265770047,494.5798405887878,100.3757257780736
1636.0,494.35031000615896,494.5516517391318,98.35136074184702
1637.0,494.07793435226955,494.5240313986568,101.39189760877423
1638.0,495.1164944792105,494.49555717407833,100.53554365729613
1639.0,494.5621373901588,494.4673234422346,99.49667852702761
1640.0,494.52177690575274,494.4393814583482,99.6904291905091
1641.0,493.5856829501177,494.4113850628172,100.06668271941354
1642.0,494.2918729297439,494.3832830027535,101.06072591616822
1643.0,494.51252260594254,494.35490178222534,99.89167564670761
1644.0,494.38437836987066,494.3268488699813,102.04823363389332
1645.0,494.5138210629635,494.2981903243691,99.60629307755836
1646.0,494.49822695940424,494.2702175570631,99.79987980033724
1647.0,493.6908663856116,494.2421904241525,100.14099570516446
1648.0,494.6136214794207,494.21406749452535,100.66975466944929
1649.0,493.793782361092,494.1857960717557,99.29976040613654
1650.0,494.34791421237895,494.1579093890416,99.82732847816881
1651.0,494.7793884640142,494.1298745476273,100.14867246360134
1652.0,494.9704794361928,494.10174946211043,102.30965050008632
1653.0,494.6462617673154,494.07301750192835,100.26628544105455
1654.0,493.59319015510255,494.044859386767,99.7521130508761
1655.0,493.9352833778213,494.0168456683519,100.83774572802162
1656.0,491.03324641511597,493.9885270680932,101.7905879950826
1657.0,493.1164229817582,493.9599408779646,97.90681639639689
1658.0,494.4087153967247,493.93244538036,100.35419560482505
1659.0,493.7151928948859,493.9042625770943,101.27908437133571
1660.0,493.8560125529081,493.8758200342333,100.16674155647692
1661.0,494.00073687242127,493.8476898743129,100.48886315386753
1662.0,494.3681794085235,493.81946925191056,100.49395990323312
1663.0,494.05375962562255,493.791247198171,99.04688715489898
1664.0,494.3613821500767,493.763431530695,99.9484316187731
1665.0,494.26832060754134,493.7353626794821,98.91629013458585
1666.0,493.2681404957687,493.7075836880026,99.86527479552889
1667.0,493.6224489685412,493.6795381899975,97.96614239929515
1668.0,494.1487020710083,493.65202603167376,100.58879326072878
1669.0,493.55449282726175,493.62377734556634,99.37964089409574
1670.0,493.1491834934594,493.59586822974865,101.27058687072275
1671.0,494.68729416881314,493.5674280732691,100.41906018829944
1672.0,493.5525842193535,493.53922705386617,100.43201342866564
1673.0,493.58586948793925,493.51102239676163,100.13288527238782
1674.0,492.8834886630783,493.4829017448143,99.19097954926404
1675.0,493.066657616161,493.4550456113909,100.08467326246945
1676.0,493.11302580676,493.426938498983,99.30858003336255
1677.0,494.2942752650487,493.39904933942364,101.5686258204338
1678.0,493.4035939127336,493.37052548367245,99.88229172938262
1679.0,493.69960881455233,493.34247520674506,99.69764589687911
1680.0,493.1639530272459,493.3144767845224,99.82535591205257
1681.0,493.6121636620102,493.2864424970704,100.5044133698019
1682.0,493.3855420643747,493.2582175076491,99.96031737597531
1683.0,492.78631042673663,493.2301453185193,100.28748591011609
1684.0,493.0705992004979,493.20198124955954,99.44252100556159
1685.0,492.8006582513467,493.1740544749105,99.0988731334789
1686.0,493.33671331239185,493.1462242080388,101.44294955081158
1687.0,493.24946452865134,493.1177356463733,100.58398821052256
1688.0,492.71275100204645,493.0894883096842,100.6623934720803
1689.0,492.7791656418331,493.06121895418414,99.91818960946867
1690.0,494.0706402501757,493.03315859593545,99.75857040595363
1691.0,493.3559375270013,493.0051430640798,102.90994225213187
1692.0,492.70637501012806,492.9762425219639,101.18185484110181
1693.0,493.1443342450444,492.9478272843961,101.30812637546477
1694.0,493.107139044674,492.9193765855723,99.09810119050587
1695.0,493.10818398054664,492.891546535488,100.48085912956475
1696.0,492.5959141441127,492.8633281608824,99.4166726017477
1697.0,492.6260546666407,492.83540864532677,100.79313957149049
1698.0,492.7533279717783,492.8071025719638,98.81643664813866
1699.0,493.2016162666655,492.77935162267175,100.68500294792332
1700.0,492.47999821963055,492.7510759176772,98.12756493044125
1701.0,493.0837995756738,492.7235184265259,100.0676181523354
1702.0,492.586276125417,492.69541610376143,100.6124796405533
1703.0,492.6235458962639,492.6671607657291,99.24119430735593
1704.0,492.3180599293644,492.63929053032774,99.58990383143552
1705.0,492.89235869696415,492.61132236566846,98.698380168813
1706.0,492.35313724681504,492.583604570571,101.6770380351929
1707.0,492.3836582318341,492.55505026905615,100.82793713297683
1708.0,492.1993855995965,492.52673442337795,99.18215131639272
1709.0,492.84547873909105,492.4988807692166,100.9118034617438
1710.0,492.30712571797346,492.47054137107773,99.37361076668711
1711.0,492.45037416211585,492.44263394872075,100.5653057608858
1712.0,492.66480865833574,492.41439185868626,100.82077980507664
1713.0,492.3830212388587,492.3860780230243,99.95155287592057
1714.0,492.3607043172528,492.35800829525834,100.56878095969952
1715.0,492.78268777700504,492.3297652292722,101.47439040571832
1716.0,492.0872308265116,492.3012678379666,102.24210024052573
1717.0,492.5686924881223,492.272554848149,99.58027806888458
1718.0,491.94145067574254,492.2445893867246,99.86056928987088
1719.0,492.76331100274257,492.2165452101824,100.63842282193666
1720.0,492.1649533725894,492.1882825864399,99.42442541628246
1721.0,492.1366244340753,492.1603608936355,99.8391619067511
1722.0,491.1551670978265,492.13232272900007,99.89352857523419
1723.0,492.46301333222664,492.1042692963918,100.82676413318207
1724.0,492.1878845800462,492.0759537801311,100.29214842282491
1725.0,492.0800592858588,492.0477884017823,100.5581502799594
1726.0,492.21880737691725,492.0195483212454,99.65708111242888
1727.0,492.01350009202116,491.99156129096633,101.12074886211971
1728.0,492.56300604104746,491.9631632139942,100.78853347054434
1729.0,491.9632238572812,491.9348584341779,99.13747104997057
1730.0,491.77195064584123,491.9070173277247,100.63773318730193
1731.0,491.67494301586277,491.87875489765463,99.95760487356516
1732.0,492.1508591316497,491.8506834702859,98.80257421672663
1733.0,491.75435768063613,491.82293641402674,100.35451471090056
1734.0,491.78512067343263,491.7947535211455,100.59854863661356
1735.0,492.5321256245604,491.7665020954033,100.66467485534727
1736.0,491.7945248680997,491.73823209921477,99.68669063381961
1737.0,492.09616451548425,491.71023675359515,99.04939777590236
1738.0,491.69528505727953,491.6824203810531,101.15739487035745
1739.0,491.1320143109674,491.6540120126603,100.27547040510434
1740.0,491.6965082218978,491.62585131805486,98.42991102320747
1741.0,491.50167539668547,491.59820891804253,101.02111975587545
1742.0,491.34655775006934,491.5698388202444,98.47688149327993
1743.0,491.36941944651227,491.5421832293584,99.34662047130351
1744.0,491.91735007863707,491.514283386776,100.11662992779016
1745.0,491.6248669267945,491.4861672998713,100.91365665240694
1746.0,491.27111657648646,491.45782738129475,101.39265151151659
1747.0,491.0438668121999,491.42935294499523,99.35792269252748
1748.0,491.1647713805352,491.4014499283725,99.59531399950163
1749.0,491.2815467734168,491.3734802443576,99.36429139055426
1750.0,490.62298732600726,491.3455754391921,98.1379640429308
1751.0,491.30818013173445,491.31801502762335,99.68742865507848
1752.0,491.869103029642,491.29001947474273,100.47777831915579
1753.0,490.8331538280401,491.2618019653314,100.95614906323716
1754.0,491.6053119637937,491.23345011346953,100.49038090746986
1755.0,490.46038691396933,491.2052290648313,97.93782856500302
1756.0,492.00220519525527,491.177724857976,100.6692329806705
1757.0,491.4295621987504,491.14945358171394,100.33534475063328
1758.0,491.1293850882352,491.1212760723965,99.57297200802961
1759.0,491.14063239403055,491.0933126627575,100.63137017679388
1760.0,491.1569871021434,491.06505201963284,100.22340031539945
1761.0,491.74646712054505,491.0369059480443,99.20617475004622
1762.0,490.35052296293014,491.009045547302,100.360627512516
1763.0,490.2408018979089,490.98086093774225,100.17345744624781
1764.0,490.8270913694803,490.9527288917761,99.05721689552723
1765.0,491.16231198644095,490.9249103233646,100.3256088268764
1766.0,490.3770822969015,490.89673554821906,100.53184678983317
1767.0,490.53418303841227,490.8685028545789,99.54096274518845
1768.0,490.7067892976247,490.84054843420796,100.41655519393437
1769.0,490.4206798103587,490.812348118291,102.0572990103243
1770.0,490.0095214378654,490.78368702681894,99.91199607243287
1771.0,490.9338572161574,490.75562840792196,100.6522743227856
1772.0,490.2402285474597,490.7273618942163,98.90666950189684
1773.0,490.9766051845451,490.6995856045312,98.54900683851872
1774.0,490.4518372941472,490.671909758444,99.75026890234433
1775.0,490.43794386387117,490.64389655792723,102.53450228572201
1776.0,490.7655124394669,490.6151014518687,99.66049202220412
1777.0,490.59200913936667,490.58711346369245,98.25018982670979
1778.0,490.15491412325235,490.55952153538277,99.55382429386516
1779.0,490.504399462634,490.5315635030603,99.05867701309532
1780.0,491.11230135249207,490.5037445245991,98.81012679532692
1781.0,490.82092112338717,490.47599534732404,100.01313163756156
1782.0,491.4161051161685,490.4479083261892,99.9355865503274
1783.0,490.48761360689656,490.4198430822996,99.64074328034592
1784.0,490.39971578109686,490.3918606402284,98.91683836012817
1785.0,489.33331953726355,490.36408149478893,99.41914533123389
1786.0,490.2837944820456,490.3361612848084,98.9856297618275
1787.0,489.2970146990546,490.30836282045027,100.40842727879019
1788.0,490.06519870711134,490.2801647871228,101.13188101211455
1789.0,489.94577558068886,490.25176358387193,98.15976151813204
1790.0,490.52585695710417,490.2241970508456,99.3536049561223
1791.0,490.4086094237598,490.1962952467871,99.6438159888424
1792.0,490.5691716818142,490.1683119417969,97.93025922463505
1793.0,489.89232386127753,490.1408098606646,99.99769187313538
1794.0,490.14590690157894,490.11272717553027,98.66620923896869
1795.0,490.1117994549692,490.0850184151023,99.09474272608368
1796.0,490.4577624674523,490.0571893081867,98.79508601596662
1797.0,490.4276853949428,490.0294443548639,99.7517963201315
1798.0,489.67429848586085,490.0014307253973,101.7531679603585
1799.0,491.11420702291485,489.9728550440618,99.48669701373741
1800.0,490.282529860006,489.94491586331714,99.9626746385883
1801.0,489.8209852527228,489.9168430121894,100.16483492504673
1802.0,490.0381786936323,489.8887133877147,100.06762271395586
1803.0,489.4778709997438,489.8606110636692,100.48334818875546
1804.0,489.6079052202141,489.83239199005277,102.24483850131311
1805.0,489.7788728818606,489.8036782312404,99.48912413482687
1806.0,489.54261949000244,489.7757383688792,100.59286624190247
1807.0,490.16886213278354,489.74748853894295,99.75114232837527
1808.0,489.6108049117513,489.719475093139,99.67292525444888
1809.0,489.46189040731707,489.6914836132967,99.25126321282397
1810.0,489.5169346663021,489.6636105502111,98.83561866674101
1811.0,488.83000754947676,489.6358542139689,99.85369571280579
1812.0,489.05691260984935,489.6078119677562,100.85525760978716
1813.0,489.5462086505977,489.57948844957747,101.33539941619837
1814.0,489.69977141684484,489.5510300915748,99.72957993737451
1815.0,489.29094485629093,489.523022701209,97.82434745086073
1816.0,489.5173057582045,489.4955503636332,99.08147400830501
1817.0,489.4376118044318,489.4677249830159,99.99168719542453
1818.0,489.15595275658745,489.43964398419513,99.34449377833415
1819.0,488.42203100810144,489.41174473885906,100.83322658510932
1820.0,489.53437517507535,489.38342740772646,100.96041049732834
1821.0,489.41930077995397,489.35507435911177,97.97816008214492
1822.0,489.2215668711363,489.327558825822,99.63843482631229
1823.0,489.2011894080472,489.29957703204167,99.63942290080664
1824.0,489.82229670582456,489.271594960777,100.62564922209883
1825.0,488.9121841789594,489.2433359242871,100.55008741292595
1826.0,489.4675781570639,489.215098108072,101.10101443753113
1827.0,489.05427921244876,489.1867055731841,98.72583048555029
1828.0,490.0053313407151,489.1589800691228,100.59852473584445
1829.0,488.3428638543528,489.13072865009275,98.64199948008171
1830.0,488.6776483143975,489.1030266885721,101.25618171876407
1831.0,488.7455222251231,489.0745905775394,101.11134650323335
1832.0,488.9725541834302,489.0461951410631,99.49247347018118
1833.0,489.0131691717302,489.0182543380969,99.55867907509815
1834.0,488.53636774093997,488.99029494239,101.66948215092312
1835.0,489.430128590229,488.96174276281926,100.49580270538284
1836.0,488.90431050869387,488.9335201915595,98.87414034519678
1837.0,489.31817809149385,488.90575303714587,100.84488900740205
1838.0,488.72415123370587,488.8774324308163,99.21531282758617
1839.0,488.17406509248246,488.84956946379725,101.0673354183774
1840.0,489.1234123435181,488.8211863871005,100.30601831312288
1841.0,488.90721887762555,488.7930171136243,98.7459251510525
1842.0,488.8619735608477,488.765285966311,100.7663718649294
1843.0,488.7190945673826,488.7369874102123,98.77289053035291
1844.0,488.6543485284898,488.7092486901217,101.49770140910955
1845.0,488.47534928046264,488.6807447523093,98.97750434279286
1846.0,488.5512648219794,488.6529485698397,100.66514580238596
1847.0,488.85179048621893,488.62467844139354,100.60427995731871
1848.0,489.0161333491314,488.5964254061055,98.6233885217526
1849.0,488.65825711986844,488.5687286711623,100.934479716556
1850.0,488.4716631565226,488.54038290477524,97.33339021037455
1851.0,488.0587343147118,488.5130484443579,98.0987884927787
1852.0,488.49008739883925,488.48549903458945,100.24184629036702
1853.0,489.01433197095645,488.45734778275624,98.4368864687171
1854.0,487.8094545658403,488.42970342380625,99.69571567733475
1855.0,488.24825237948687,488.4017055436536,98.35229251260837
1856.0,488.43339784094127,488.3740849415063,100.82983477185896
1857.0,488.51369981104807,488.34576856290784,100.63264104259775
1858.0,487.8142958052093,488.3175075628817,100.75945848881118
1859.0,488.1656397778357,488.28921094828945,99.39747389199616
1860.0,488.4361533437941,488.26129682437147,100.08568059059559
1861.0,488.1519602254132,488.23318942907224,99.50613668591716
1862.0,488.2863005596968,488.2052447890196,99.72857226360719
1863.0,488.4171130309504,488.1772376816423,100.55468440610132
1864.0,488.2630182069347,488.1489985744382,99.47663288342649
1865.0,488.1209799023188,488.1210622200368,98.93663134043213
1866.0,488.0369359030448,488.09327751606867,100.42498832394742
1867.0,487.41750639203207,488.06507483184765,99.40472710794752
1868.0,487.8746331255013,488.0371586709849,100.10729059319199
1869.0,488.20344890403857,488.0090452068766,98.62694993609088
1870.0,488.67740438516466,487.9813474717696,98.73917707283826
1871.0,487.85491166015316,487.9536182195416,99.96836255373684
1872.0,488.0564423288677,487.9255437710578,98.02841802969539
1873.0,487.969731914187,487.8980141236611,100.64132271152306
1874.0,487.662684271591,487.86975068553295,100.66077146502397
1875.0,488.7075813163152,487.8414817855465,100.39680442036892
1876.0,488.6007840791873,487.81328701630514,97.87546883692974
1877.0,487.75034823093114,487.7858003221401,99.16410248439263
1878.0,487.80540805360135,487.7579517366924,99.44435424013331
1879.0,487.54185315191415,487.73002444721,98.36424550772374
1880.0,487.280076727174,487.7024004882632,100.11182335799056
1881.0,486.8438816822636,487.6742857512035,100.43522147545964
1882.0,487.7539853594144,487.64608019317245,99.37728642839193
1883.0,488.63033055276884,487.6181717385672,102.0941385960195
1884.0,487.40802048941595,487.58950030131143,99.96229666264402
1885.0,487.3837203192607,487.56142755633203,98.66669969337221
1886.0,487.919397572936,487.53371865816814,98.82497177966007
1887.0,487.3921049136514,487.5059653119267,101.14794628530812
1888.0,487.63448207018365,487.4775595970116,99.87856017242508
1889.0,488.0670936928097,487.44951036802985,100.94493008438498
1890.0,487.8472864939297,487.4211616668311,98.5682346089829
1891.0,486.90143402203745,487.3934804209451,100.6950944683517
1892.0,487.6725422246544,487.3652018819152,99.85281776594653
1893.0,487.12075384274874,487.33715988225936,99.05314445337511
1894.0,486.95523208621205,487.3093424575253,100.9844835244382
1895.0,487.48726216168245,487.2809826484022,99.8593070308053
1896.0,487.60679186557314,487.25293882634435,99.75489487190427
1897.0,486.9285938007389,487.22492432670117,99.47748725755068
1898.0,487.2467693609406,487.19698773236297,100.47787943015014
1899.0,487.1555055412366,487.1687701945564,98.9896027095113
1900.0,487.1547343523053,487.14097061446216,101.29467174239402
1901.0,486.40777150848146,487.11252369414785,99.72211394376708
1902.0,487.3101693783552,487.0845184004819,101.14121560966201
1903.0,487.338250469132,487.05611457576487,98.9323226144605
1904.0,488.17175307336885,487.02833108183063,99.3683379610142
1905.0,487.2619326143822,487.00042514025324,99.49132637255178
1906.0,487.13726751487735,486.97248465943034,100.72440989219031
1907.0,487.1966376738277,486.94419788765225,100.36903948767507
1908.0,486.1959086758183,486.9160109157295,99.91509488406646
1909.0,486.81712155182544,486.88795142658284,100.78279123031888
1910.0,487.2595984185254,486.859648259379,100.24070277088434
1911.0,486.5168124798329,486.83149732868424,100.57046336135078
1912.0,486.9750443779749,486.80325379022355,99.80253146606917
1913.0,487.2058167770325,486.7752259126368,98.71383715111611
1914.0,486.71459064039215,486.7475037767035,99.84743989186958
1915.0,486.00454858413417,486.71946328733395,99.11987717284015
1916.0,486.56554116231473,486.69162712182793,100.98482215265145
1917.0,487.3348844795893,486.6632672176067,101.17569179260056
1918.0,486.9429261737492,486.6348537108283,99.16858012200133
1919.0,485.54471450726487,486.60700386791063,100.60309602816062
1920.0,486.51607512941956,486.5787511651094,101.67948677398392
1921.0,485.9757285005822,486.5501961759071,100.28660219935657
1922.0,486.8397262801033,486.52203235512275,100.51344457204341
1923.0,486.6290430241841,486.4938048294388,100.57652817380881
1924.0,487.10932475404405,486.4655595877766,100.56403720784076
1925.0,486.369099540599,486.4373178539941,99.42246801706972
1926.0,486.3477615337272,486.4093967108926,99.66233702972703
1927.0,487.15966880097596,486.38140820457676,100.07525712408915
1928.0,485.87299228540405,486.35330373653443,99.42785119905736
1929.0,485.46585761816067,486.325381081656,101.25177477359898
1930.0,486.2924014100513,486.29694620824046,100.75191899703754
1931.0,486.3892074376603,486.26865171098876,100.54430332994161
1932.0,486.41162411554495,486.24041551913695,99.50967827035612
1933.0,485.5991640985041,486.21246988448934,99.06265218631412
1934.0,486.35701556320555,486.18464978966705,101.39483174290298
1935.0,486.0940734760856,486.15617474108586,100.12614519804335
1936.0,485.9637650919438,486.12805598197616,100.1333107095459
1937.0,485.90269164469686,486.0999352105519,99.72978725195574
1938.0,486.09081464686244,486.0719277619653,99.41934856172796
1939.0,485.80120493534895,486.04400749491083,101.6796594320506
1940.0,486.53885566347196,486.01545245722036,100.36905915790318
1941.0,486.1786741452163,485.9872654797735,101.1228980017867
1942.0,486.3542121041651,485.9588667992513,99.47162142779682
1943.0,485.53009669683934,485.9309318522337,101.63737374404602
1944.0,486.0741784895169,485.9023886897739,100.04904914390949
1945.0,485.5525402910897,485.874291581806,100.3675025205352
1946.0,485.7819432449003,485.8461050415148,98.50668081776864
1947.0,485.86171776835533,485.81844108198516,98.95851673844474
1948.0,486.33842667171393,485.7906502318678,99.79530913722317
1949.0,486.286091755958,485.76262438255173,99.31918818896582
1950.0,486.67693190146286,485.7347322438687,100.20101455454696
1951.0,486.3056796337505,485.7065924589479,100.31660109537664
1952.0,485.09250584667706,485.67842021347366,99.98340320136495
1953.0,485.9806412258431,485.65034154107457,102.21998461921775
1954.0,485.07698481071793,485.6216347620607,100.2231735390293
1955.0,485.348957302209,485.5934887541585,100.03288958575672
1956.0,485.78766322839726,485.56539618433317,98.1821148671496
1957.0,485.62186007594,485.5378233737413,100.626677731091
1958.0,485.19521841616626,485.50956404841185,98.18084015314975
1959.0,486.1920511843375,485.4819915958021,99.8797137816934
1960.0,485.97952917383617,485.45394204284844,100.85454094421829
1961.0,484.7474777027277,485.42561872593325,99.91622633152551
1962.0,485.4288625833616,485.3975589190385,98.34901150291078
1963.0,485.4647935178767,485.3699392383081,98.18951723035899
1964.0,485.13875918183834,485.34236434888595,99.80786581992815
1965.0,484.96478600774844,485.31433497323485,100.68975007353794
1966.0,485.714133950807,485.28605793508916,98.91631541715165
1967.0,485.95477227292537,485.25827893650956,99.02856948162221
1968.0,485.271553916807,485.2304684132468,100.26250343144767
1969.0,484.75523437116544,485.20231136019976,100.37876421939787
1970.0,485.7685742620304,485.1741216572482,101.48244087697334
1971.0,485.02002916612764,485.14562200510187,99.77051447592379
1972.0,484.5977861837313,485.11760311895324,101.00052354703345
1973.0,484.72511276926195,485.0892388052571,99.82112090643233
1974.0,484.7366830279215,485.0612057071359,99.9502552379344
1975.0,484.883527954896,485.0331363437899,99.85936881640953
1976.0,484.65738972349993,485.0050925043806,99.82260439041495
1977.0,484.77006723097435,484.9770589896476,100.92967874934519
1978.0,485.3179792316123,484.9487145715322,100.3218087305111
1979.0,485.19380665394647,484.9205408635804,100.73334799096929
1980.0,484.981835787039,484.89225158168625,99.84564862061073
1981.0,483.88935342985195,484.8642115953653,100.25032606092671
1982.0,484.59686762611875,484.83605796212987,99.68425910287243
1983.0,485.49804958214423,484.8080632993652,99.96475397928755
1984.0,484.68813882713874,484.7799898642893,101.07818648719766
1985.0,484.67639193988765,484.7516037402508,100.5957532622183
1986.0,484.696079552714,484.723353099543,99.23487365890108
1987.0,484.69705610067643,484.69548463919045,99.84545401939533
1988.0,485.1771469445076,484.66744470751996,99.92938551295971
1989.0,484.709417960976,484.63938120508845,97.58567656830621
1990.0,483.6739780560224,484.6119758942522,100.20763835301084
1991.0,484.3018706021437,484.5838342491481,100.19283732748586
1992.0,484.41387077204513,484.5556967606652,100.29285296085742
1993.0,484.77640399505617,484.5275311844587,97.76281618171498
1994.0,483.78669462416076,484.50007612691434,101.00063123457691
1995.0,484.52718618411376,484.471711782976,100.66620674093286
1996.0,484.639048815056,484.4434413565829,101.36467619951787
1997.0,484.3295501742899,484.41497477668355,100.50000486959811
1998.0,484.3094027839856,484.38675102531596,99.30068675941916
1999.0,484.4957273281972,484.358864082451,100.94933010646932
2000.0,484.163858332861,484.3305141455795,101.03287739579609
2001.0,485.0197124813725,484.30214074584416,101.26731998694972
2002.0,483.7511512078138,484.2737015068145,100.27580434307107
2003.0,484.2139272786496,484.2455407184281,99.618389660985
2004.0,484.2544957005405,484.2175645539984,97.8188154760635
2005.0,484.67756057607335,484.1900937699855,100.17083491635135
2006.0,484.3948911841968,484.16196246051317,99.25000785032012
2007.0,477.88868983861835,484.1340897499752,98.79385834559146
2008.0,483.29240300976886,484.10634514142316,100.34800791814534
2009.0,484.08046843037243,484.07816407586614,98.24963560098578
2010.0,484.55116117628245,484.05057230320153,98.69940908585119
2011.0,483.50129312822327,484.0228542191499,99.95386927891094
2012.0,484.34049983530673,483.99478384086075,100.2242540094543
2013.0,484.24590460902573,483.96663752952645,100.54164159169764
2014.0,483.5283227897298,483.9384020851794,99.64011484840653
2015.0,484.3481737963386,483.91041981959285,98.97118394968527
2016.0,484.0640352572852,483.8826254121003,98.33054607275636
2017.0,483.2260946261549,483.8550109170782,100.47095373167679
2018.0,483.4677396618531,483.82679532423856,100.59543949845038
2019.0,483.5169549282107,483.7985447716461,99.47649165986223
2020.0,483.3262933029515,483.7706084569049,101.45947083149117
2021.0,483.4099974526605,483.74211525551306,102.27069982219432
2022.0,483.1699873859667,483.71339423397967,101.51079107970936
2023.0,483.62201420764546,483.6848866201515,99.18576014807512
2024.0,483.28266635178915,483.6570319525099,101.27130079855017
2025.0,484.0028180085374,483.6285915955356,99.10045959093763
2026.0,483.3412338252448,483.60076088313383,100.43384998234195
2027.0,484.17798665493467,483.5725557102638,99.7742883401862
2028.0,483.4782212791185,483.5445357642883,100.13652006588384
2029.0,483.5799470698199,483.51641409156974,98.71326109254345
2030.0,482.7465282475477,483.48869211741294,101.17629914948627
2031.0,483.45258126694483,483.46027844006846,99.73755301799541
2032.0,483.68284347831457,483.43226881059593,97.94861188466943
2033.0,483.5247064385112,483.40476157542497,100.29078099823617
2034.0,483.6778646816857,483.3765965810946,100.46973546106896
2035.0,483.2036130677013,483.34838133038596,100.72160700565254
2036.0,482.768691151026,483.3200953457519,99.41227266416452
2037.0,483.5737065261334,483.29217706584535,99.79487607017064
2038.0,482.5895225189905,483.264151338149,99.51214347480031
2039.0,484.04228590899976,483.2362050111898,98.67446625050724
2040.0,483.3625593913381,483.2084939319178,99.10208708835702
2041.0,483.7563034221467,483.1806627624605,98.84979479038309
2042.0,483.46140402708454,483.1529024450902,99.96391308095693
2043.0,483.1205700918472,483.1248292461666,98.74731917694525
2044.0,482.2519921477885,483.0970977073644,100.50260224592826
2045.0,483.5809727260225,483.068873226567,96.95765602345413
2046.0,482.3435419552379,483.04164428483375,100.75832837189229
2047.0,483.2046845722839,483.013347987616,101.9165670521444
2048.0,483.06348212087124,482.9847264183689,99.92920949983996
2049.0,482.9497661726078,482.9566629653676,99.61777195771077
2050.0,483.20346207425433,482.9286869744095,100.8134365126791
2051.0,483.11274957625193,482.9003752009889,100.64185529501592
2052.0,483.40920067992903,482.8721116132935,100.35418902047569
2053.0,482.88274901617285,482.84392881187694,99.57434763092716
2054.0,482.58194806745655,482.81596501591724,100.46522723605362
2055.0,482.55613939185463,482.78775103126844,99.16812925502563
2056.0,483.43505643735784,482.75990131496934,101.83975495664339
2057.0,482.8205258671622,482.731301317119,98.61875677353964
2058.0,482.866286395389,482.7036058829251,99.65062401242638
2059.0,483.02885486338045,482.67562066601494,100.79858202170061
2060.0,482.9158796505478,482.6473130642305,99.04429315729661
2061.0,482.0867231776646,482.6194981252355,99.83286312199013
2062.0,481.85717725293205,482.59146172950875,100.32771011531375
2063.0,482.5003234463627,482.5632863642514,101.73894631835819
2064.0,482.2488477861257,482.534714676827,99.19577193346811
2065.0,482.8050307340856,482.50685719754233,98.78419723681172
2066.0,482.1638329750721,482.4791153021517,101.0492521173031
2067.0,482.30830375593087,482.4507373038487,100.05515658548862
2068.0,482.0076362075197,482.4226384807077,99.15655295619885
2069.0,481.94625675261494,482.3947920154191,100.58307750774966
2070.0,481.9478743993063,482.3665449344857,100.56160879546094
2071.0,482.63378607011776,482.3383038826823,100.06211492331245
2072.0,482.51840390302704,482.310203105408,99.56139393397861
2073.0,482.64495945510254,482.28224294727823,100.22135438547582
2074.0,481.9483963575798,482.25409745025496,101.08622780053962
2075.0,482.426276090751,482.22570906794766,100.37150519108118
2076.0,482.1481835797373,482.19752140357315,100.41423985393521
2077.0,481.92186066122815,482.1693217378808,101.1799803919643
2078.0,482.92779103901654,482.14090702672075,99.04765891649878
2079.0,482.2986302068422,482.1130911425084,99.18146967238071
2080.0,482.29467976573113,482.08523767977533,100.69696014361175
2081.0,481.7572014363912,482.0569586168017,100.36294576639294
2082.0,481.7204961018789,482.028773356199,99.919830786928
2083.0,481.9576131462785,482.000712537053,101.28029542666461
2084.0,481.90967247558484,481.9722696540873,100.58432363235691
2085.0,482.3219044679571,481.94402222320053,98.8769490927764
2086.0,481.8388122819494,481.916254279997,99.2845621107821
2087.0,481.58461546201175,481.8883718654709,100.7681318091895
2088.0,482.52937607561546,481.86007281512116,99.19664368857455
2089.0,480.9119847300309,481.8322150910186,100.22101034698784
2090.0,481.7574022446402,481.80406969061283,99.18351481278425
2091.0,482.0725921533152,481.77621565353627,99.40117541870855
2092.0,480.6474445316923,481.74830049010615,99.12690005451036
2093.0,482.15243838532865,481.72046235234086,99.01577857013379
2094.0,481.48326730119396,481.69265542119234,100.11877211618192
2095.0,481.73436086962545,481.6645387326898,99.21986259278123
2096.0,481.54402470543806,481.63667448794496,99.25400711830022
2097.0,481.9283682018892,481.60880065427926,99.65537831505446
2098.0,481.4451467074498,481.58081410220245,99.76706192697758
2099.0,482.20292332975646,481.55279618564464,101.24388420262424
2100.0,481.4446835331605,481.5243635281644,99.5869149360982
2101.0,481.02028521261406,481.49639620288644,99.0866839785854
2102.0,481.31326827865803,481.4685693591358,97.89559242954563
2103.0,481.5125241399733,481.4410770135952,101.2243151683505
2104.0,481.5308982450417,481.4126498517521,101.18620873975082
2105.0,481.6462626220146,481.3842333914643,100.24045909435787
2106.0,481.20436980527654,481.35608252920196,100.7363230563492
2107.0,481.3436569733782,481.3277924118103,101.6280597003421
2108.0,481.18027987738117,481.2992518650445,101.17093389772855
2109.0,480.7016642267602,481.2708396944415,100.95313217259799
2110.0,481.42524204588705,481.24248868982306,101.20229514213108
2111.0,480.64073198392555,481.21406771193733,100.17508224433428
2112.0,480.5174670273696,481.18593520967374,99.53274596852353
2113.0,481.691687712048,481.15798309684754,100.04956508573257
2114.0,480.74204236036877,481.12988584398596,100.64725329763058
2115.0,480.7433889168237,481.10162074035156,100.39634021347264
2116.0,480.8253091589768,481.0734261014749,99.77839608222473
2117.0,480.6624716987774,481.04540500190853,98.396416379401
2118.0,481.1862820281705,481.0177720083086,100.4499546088167
2119.0,481.0079391747196,480.9895623127226,101.66909890459347
2120.0,481.0966147330157,480.96101024078024,100.66938167847111
2121.0,481.07598357949627,480.9327389227589,100.27972500076956
2122.0,480.8345334358315,480.90457703332123,98.70524605767238
2123.0,480.93511368513106,480.87685731005337,100.07993732459369
2124.0,480.4371273862201,480.84875152765466,101.05271228235675
2125.0,480.9153765417004,480.8203725576221,99.9032909450261
2126.0,481.41969507137463,480.79231638341497,99.82826343387153
2127.0,480.87321735958915,480.764281279434,99.3416964735145
2128.0,480.8163904405647,480.73638281967436,99.66056683432991
2129.0,479.8451555650234,480.70839481048836,100.00870954722913
2130.0,479.90702617551216,480.6803090312238,100.4424005445672
2131.0,480.56767927970697,480.6521014570709,98.96452216582199
2132.0,480.3913281118286,480.62430892042937,100.25798935702493
2133.0,480.6736203278895,480.59615313508493,100.07446363628236
2134.0,480.48445579407087,480.5680488898804,100.53003002432087
2135.0,480.8314545401912,480.53981670644856,100.19781356584525
2136.0,480.93025364509765,480.5116778204722,99.8812206678755
2137.0,480.55251536222283,480.4836278443346,99.5891694890059
2138.0,480.7809623194689,480.4556598859031,99.71210289091755
2139.0,480.62042078582886,480.4276574036745,99.78731259635852
2140.0,480.562418282074,480.3996338000538,99.83070156545377
2141.0,480.798373197117,480.37159801136414,101.6493620328824
2142.0,479.85225795118663,480.34305148219323,98.17743988381744
2143.0,480.08489750595754,480.31547998449247,100.42005688420528
2144.0,479.88655201297047,480.2872786851842,98.68560205982348
2145.0,480.53556321963845,480.25956447860574,101.64510360298922
2146.0,480.0822183885373,480.23101914534385,101.03885920249581
2147.0,480.047242848216,480.2026440657179,99.08407117646918
2148.0,480.0293048967119,480.1748179557291,100.69426070976722
2149.0,479.6509124029675,480.1465396508465,100.92956060635086
2150.0,479.9146362626006,480.1181952659095,98.97613152233869
2151.0,480.39960550848207,480.09039946897366,100.33237992947436
2152.0,480.2841459267046,480.06222279227677,100.14852085506838
2153.0,480.4643584351614,480.0340977493367,99.46978077656472
2154.0,479.70569394206,480.0061633192352,99.42625637227569
2155.0,479.5684737527344,479.97824111223736,100.4789988367009
2156.0,479.93929598357755,479.95002326006403,98.58517203538133
2157.0,479.3995491020328,479.9223372575841,98.99255097665149
2158.0,479.7888859787031,479.89453684951815,100.92083453182
2159.0,480.1311669398944,479.8661949151538,100.704287321507
2160.0,479.5331569089014,479.8379137944643,101.371967165628
2161.0,479.96701351433995,479.80944516701874,100.53705825138145
2162.0,478.8422704877678,479.78121100982645,99.16570710480215
2163.0,480.0119810679922,479.7533619737478,101.32076689664049
2164.0,479.9299989930299,479.7249077250444,101.31864391552828
2165.0,479.44910995408196,479.6964540725447,98.22574842055961
2166.0,479.69869941280444,479.6688690081966,99.75719468526002
2167.0,479.7849968760295,479.6408538626892,101.94239890984288
2168.0,479.65436068240075,479.61222503899535,100.66453391274135
2169.0,479.9014929060591,479.5839550823882,100.79798520956608
2170.0,479.4185389820236,479.5556476482085,101.77599075664378
2171.0,475.4036408728856,479.52706555747096,97.88524965964436
2172.0,480.288575847599,479.4995761165249,99.6034570943312
2173.0,480.1367145467284,479.4716041456576,100.02890221832567
2174.0,479.2704801787053,479.4435126956179,100.9049749055535
2175.0,480.0675534269631,479.41517521516533,100.62066102288013
2176.0,479.6068547705834,479.3869175795281,97.33318590963826
2177.0,479.6271440578989,479.35958317648505,100.38984131362112
2178.0,479.2251971917798,479.33139036271615,99.86038508767501
2179.0,478.650386596953,479.303346237904,101.6191780561128
2180.0,479.0277195899509,479.2748081854,100.77852370814212
2181.0,479.3200188485465,479.2465062166586,99.24472755476575
2182.0,478.01428854264867,479.2186349890036,99.93658709550272
2183.0,478.03963730246676,479.19056946412763,99.48115803457418
2184.0,479.23972583423824,479.16263183891294,98.88149235018336
2185.0,478.6337876043744,479.13486261981126,99.83045727048516
2186.0,478.938019621494,479.10682689972776,99.52795888373304
2187.0,479.1471279655936,479.0788761312746,97.99970434951082
2188.0,479.38751114753234,479.05135454763644,100.75508431521386
2189.0,479.45596746382137,479.0230591614579,100.11345974427267
2190.0,478.1980924474953,478.9949439648464,100.39941420484571
2191.0,478.9122931007884,478.9667484626906,99.13832564306328
2192.0,479.09043252663946,478.93890711623914,99.33929931535174
2193.0,478.69946022427166,478.9110093296814,99.03215485401773
2194.0,479.14668341213354,478.8831977995265,99.57987492031371
2195.0,478.8131832280798,478.85523245131975,101.3764551287583
2196.0,478.8108193491099,478.8267625635044,101.3036162302986
2197.0,478.0202404676921,478.79831313127977,101.19011787992775
2198.0,478.2376819296476,478.7698955731751,97.8648394311893
2199.0,477.6869525621882,478.7424118641016,98.72077504149571
2200.0,478.6748278026883,478.71468777977736,100.01745033044317
2201.0,477.85916820134594,478.68659954580966,100.71494157579197
2202.0,478.6786498246999,478.6583154330504,100.12660982902848
2203.0,478.5576466050288,478.63019654345675,99.25685645640127
2204.0,478.0375009578723,478.60232190960187,101.1877050129018
2205.0,479.5491447333434,478.5739050291108,101.0282899322075
2206.0,478.2969055704094,478.54553291768815,98.70969428690124
2207.0,478.18593813403425,478.5178119452093,98.89114720592349
2208.0,478.5546670637023,478.4900400147023,98.9645817506299
2209.0,478.75443984760864,478.4622474613273,99.91781711041686
2210.0,478.8963543968475,478.4341872076888,101.12328342909728
2211.0,478.4344104140198,478.4057884189258,98.30282696776666
2212.0,478.0937628722749,478.3781817083523,100.63680050600851
2213.0,478.3468936310202,478.34991954021024,99.98172802258452
2214.0,478.6784673668096,478.32184133825723,97.98475178425213
2215.0,478.6922573072275,478.2943239537978,101.64746341790571
2216.0,478.39804292434894,478.2657779578213,100.74197185501528
2217.0,477.93098215377216,478.2374862540587,99.78829285424847
2218.0,477.9686232030536,478.2094623751488,101.98558567718041
2219.0,478.22426435076096,478.1808214231711,101.14288007253755
2220.0,478.3973852121426,478.15241713101733,99.53855914273241
2221.0,478.1164185154396,478.12446338565815,102.10810612727884
2222.0,477.72325227330737,478.09578802585406,101.1910819899819
2223.0,477.3236939585286,478.06737019699517,98.9175101575835
2224.0,477.6643702661017,478.0395908628926,98.36763935329171
2225.0,478.3011082141447,478.0119659508409,99.02951781351126
2226.0,478.52074080309603,477.98415516125493,98.16579165260441
2227.0,477.5753216943711,477.9565869347658,99.0797884252772
2228.0,478.39949870280935,477.9287620275164,98.85961530064993
2229.0,477.9980798153426,477.9009989522195,101.64383542216932
2230.0,477.39946106745197,477.87245397510503,98.57181045934712
2231.0,478.25826511666804,477.8447717250011,100.80698502260437
2232.0,477.234401810787,477.8164617633739,101.01246896062254
2233.0,477.5734951166198,477.7880940950074,99.86019012163881
2234.0,477.65841416374343,477.7600500249483,100.14961570012765
2235.0,478.19208046150374,477.7319246745392,100.54653996980716
2236.0,477.6758285128178,477.70368785456435,98.42777287003888
2237.0,482.40912600217405,477.6760460550166,99.63788709579514
2238.0,477.28864685269707,477.6480644150572,101.19956238070033
2239.0,476.87870633737003,477.61964420462203,98.6003798416405
2240.0,477.7913055110261,477.5919539312831,100.12673706319421
2241.0,477.56937230187583,477.5638350059579,100.33807420565068
2242.0,477.1251430150333,477.5356567301185,99.57865844915075
2243.0,477.81369218050565,477.50769172353733,98.62430591591267
2244.0,478.360047737024,477.4799947309593,98.26475762820948
2245.0,477.90913213698315,477.4523987115254,101.6285780315681
2246.0,476.98715258604216,477.4238580191948,98.88251266696868
2247.0,477.4753552515707,477.39608851355416,99.1948115175325
2248.0,477.5496157210047,477.3682313039863,99.95874689763944
2249.0,476.94237531286745,477.3401595558992,100.65427153335042
2250.0,477.38647623485866,477.3118924813103,98.61263395967812
2251.0,477.9660408525055,477.28419876660666,99.53819574989637
2252.0,477.1975315818994,477.25624512330023,98.56836765827808
2253.0,476.8474605932663,477.2285638400495,99.82531689348968
2254.0,477.54851187410713,477.2005295635552,99.95902392852913
2255.0,477.5100030569819,477.17245773766865,100.75686531841556
2256.0,477.1058917940023,477.14416185132507,101.1875294704353
2257.0,477.0789155582823,477.1157450201321,99.50797402581894
2258.0,476.4731898414248,477.08779986409326,100.20003514138337
2259.0,476.76331299386067,477.0596603542243,99.21038191145232
2260.0,476.60478111790326,477.0317987719709,97.48006122883015
2261.0,476.55167926574836,477.00442312144247,98.69948066352158
2262.0,476.83152868343785,476.9767050172894,99.35236246732497
2263.0,476.60566239630896,476.94880356216316,99.66930384550687
2264.0,477.17529849682984,476.92081309933326,100.52679219818519
2265.0,477.1991144986241,476.892581825191,99.93065913165518
2266.0,476.8384947217922,476.8645179650848,100.80318196543013
2267.0,476.7100728056847,476.8362090714828,100.82255817536176
2268.0,476.78882758356025,476.8078947363952,99.42667062016847
2269.0,477.02476678651044,476.77997241306275,101.09544791589396
2270.0,476.5260884987904,476.75158144143967,100.42442963344915
2271.0,476.1179154535164,476.72337891411763,99.78109514768575
2272.0,476.32330646998975,476.6953570565637,102.03017695580226
2273.0,476.9099054076364,476.6667035818686,100.15668012325088
2274.0,476.7802728994376,476.638576247534,98.81571098694629
2275.0,476.9307894342652,476.6108255020318,101.66808880281616
2276.0,475.54148720661135,476.58227371375966,100.07459275752174
2277.0,475.9667637944058,476.55416943229363,100.02738552280614
2278.0,476.0696320718627,476.52607840819263,99.78127145403818
2279.0,476.6370461307772,476.4980565011259,101.81266802541968
2280.0,476.7799698005289,476.46946411018877,100.13615210505783
2281.0,476.7234812915878,476.441342540806,101.38744588768641
2282.0,476.19242959989185,476.4128695664192,99.88054095271211
2283.0,475.91689556633185,476.38481978116823,98.93669520314853
2284.0,476.51940534985374,476.3570350592654,100.73513941454013
2285.0,476.512204271825,476.3287452742798,98.864592569103
2286.0,476.34365107422536,476.3009808012,100.83743313186845
2287.0,475.86958584210123,476.2726622887288,100.71429772697542
2288.0,476.1855109324961,476.2443783567838,100.98322258703399
2289.0,475.9894724986324,476.21601890177396,99.9482879647343
2290.0,475.82808316063625,476.1879500909038,98.99319346474591
2291.0,475.5653426746567,476.16014950240583,99.76497861904859
2292.0,476.179703834978,476.13213217091027,100.48848363101432
2293.0,475.22485557470196,476.1039116550906,99.73958211698972
2294.0,475.92096214703764,476.0759014557794,99.14617112611938
2295.0,476.1039714881122,476.0480579060548,99.03011116328605
2296.0,475.63486792417353,476.02024694983646,100.66101432515967
2297.0,475.990688128576,475.9919779816468,101.42544171020903
2298.0,475.3715462232792,475.96349433676653,100.49466890744826
2299.0,475.52813767766037,475.93527208391504,100.40246069847785
2300.0,476.3057659115252,475.9070757262022,98.54298719044449
2301.0,476.37596798692334,475.8794015706329,100.76912305230469
2302.0,475.7368777650923,475.8511022419091,99.66245223490172
2303.0,476.03044100550295,475.82311370323976,99.74073841456794
2304.0,475.5050033494416,475.79510317920165,101.16796986339398
2305.0,475.72710923856016,475.76669184099836,101.48526841554241
2306.0,475.6191961119383,475.73819139478496,101.27275341310596
2307.0,475.0737028666262,475.70975062986815,99.88725297835794
2308.0,476.03550761464373,475.6816989596567,99.77165053096493
2309.0,474.88676262949446,475.65367975446594,98.94925251025295
2310.0,475.63518284578913,475.62589150605265,98.64890215030529
2311.0,475.42348784345796,475.5981876060321,100.07375572209519
2312.0,475.52830786153083,475.57008355963353,99.72280184861155
2313.0,475.60589488258097,475.542078072781,99.32565870519045
2314.0,475.82704769367103,475.5141841169613,100.3734878284583
2315.0,475.7887263122008,475.4859958957962,101.44454941340662
2316.0,475.94220839322224,475.4575068848359,99.59363418134666
2317.0,475.1780598061597,475.42953767256995,100.06317270653666
2318.0,475.9740473883284,475.4014365982349,99.35852414955886
2319.0,475.7720451369735,475.37353341270284,101.18385179153032
2320.0,474.9724475069684,475.34511761432475,101.0609988420921
2321.0,475.5245712175221,475.3167363171499,100.1375994131107
2322.0,475.08082615540815,475.28861434131477,97.3613563377445
2323.0,474.8106568481978,475.2612720270766,99.62443575293288
2324.0,475.3980774780238,475.2332941647026,100.61067598693171
2325.0,474.3411053517759,475.2050393331963,99.06682186086735
2326.0,474.8989867276127,475.17721806739036,101.91928831888666
2327.0,474.98282844017234,475.14859573392084,102.77783548879161
2328.0,475.10400465112025,475.11973229178767,99.05823906034189
2329.0,474.95837380517503,475.09191343631824,100.80057149677384
2330.0,474.47662437314926,475.0636052758229,99.41257533309214
2331.0,475.36529553314796,475.03568691091687,99.69563071058906
2332.0,475.17977826895344,475.00768905462564,99.57572259764497
2333.0,474.9078204005196,474.97972487252946,101.08196845074333
2334.0,474.24403534949477,474.95133768638954,99.50702698101276
2335.0,474.79464794963025,474.9233927963124,98.72474006775874
2336.0,475.07753233615347,474.8956675984767,101.66594938713607
2337.0,474.9349202771484,474.8671164110238,98.52635976124381
2338.0,474.5077965719742,474.83944692499085,100.403990866625
2339.0,475.0639729655504,474.8112501375558,99.63649289794776
2340.0,474.4064934513707,474.78326888913364,100.2261444517555
2341.0,475.33932092402904,474.7551220469001,98.59574900259675
2342.0,474.8660185565051,474.7274330740552,99.12708888249529
2343.0,475.18108827832765,474.6995948832607,99.81797648932609
2344.0,474.6889139606467,474.67156266819666,100.78745811520734
2345.0,474.79862792502666,474.6432581903759,99.32932437374323
2346.0,474.9013324893858,474.6153632051143,99.7390225287749
2347.0,474.54227739973305,474.5873531629541,100.948038318236
2348.0,474.45201569497704,474.55900358885975,101.56367138578209
2349.0,474.94026966063785,474.53048112447897,100.3939300848755
2350.0,474.5986531052024,474.50228716244675,99.3910852512506
2351.0,475.3087104243421,474.474374832672,98.21438580168345
2352.0,474.28016315632766,474.44679295932605,100.43392834516625
2353.0,474.8228370508214,474.4185877644491,98.20073096670053
2354.0,474.56881851949055,474.391009725836,101.99120008360008
2355.0,475.06134582933475,474.36236719714583,101.55933869992803
2356.0,475.073403314988,474.3338459495276,99.92032029055389
2357.0,474.8157631127118,474.30578499291266,99.71697263027662
2358.0,473.758623350171,474.277781143099,100.25790379881454
2359.0,473.7965831231493,474.24962538178215,100.50416533811467
2360.0,474.9276302633707,474.22140046201633,99.84746368109265
2361.0,473.7545278968456,474.1933599659659,99.39717573881222
2362.0,473.537954260359,474.16544592577924,99.5778148034052
2363.0,474.236316715371,474.13748115612196,101.19538788886248
2364.0,474.1054330431366,474.1090621180232,98.68462056073103
2365.0,473.7294468352587,474.08134818708237,98.68041855860847
2366.0,473.7590724118364,474.0536354362038,100.06155018317456
2367.0,474.70265935783044,474.02553481752733,100.00360483549301
2368.0,474.18895448834735,473.9974504718361,99.4373807090722
2369.0,474.27054150217623,473.9695251407536,100.64508402470958
2370.0,474.595355928578,473.9412606463233,99.73662059117332
2371.0,474.06967282364354,473.9132512787073,100.11291928672439
2372.0,473.7410344513908,473.8851362338743,100.11548629893076
2373.0,473.83727469888527,473.85702046813867,100.11480265193666
2374.0,473.72446559845736,473.8289048943939,99.28663111081063
2375.0,473.8423610349466,473.8010218988236,100.30628620168595
2376.0,473.65374428305637,473.7728525501153,100.17593158479747
2377.0,473.9893173997945,473.74471980932856,99.1079575861067
2378.0,473.70011453120503,473.71688699123985,99.86859881404683
2379.0,473.46832879167135,473.68884055973956,100.7872504857648
2380.0,473.2769144959124,473.66053614022815,100.73024947098398
2381.0,473.6680149734338,473.63224772850174,98.86933907183383
2382.0,473.07940389914455,473.6044819224457,100.25946144652193
2383.0,474.3357736862169,473.5763257236895,100.6832823304926
2384.0,476.9674654072478,473.5480505019017,100.21536015127508
2385.0,473.73531973679485,473.51990668825914,99.42894815906293
2386.0,472.9153793336117,473.4919837253178,99.40651179050268
2387.0,473.5712802207795,473.46406706325666,99.08033217864997
2388.0,473.7297987802283,473.43624200330316,100.25510295861602
2389.0,473.48876894263714,473.4080870285556,99.37233769807494
2390.0,473.34734643666843,473.3801799637188,99.86928623132307
2391.0,473.6899225017873,473.3521333391688,98.28412192097615
2392.0,472.8073966505638,473.32453188159593,98.46837581178758
2393.0,473.4756373139849,473.2968786793888,100.25826080038361
2394.0,473.66888400953127,473.268722817814,100.77032452225119
2395.0,473.5857491216422,473.24042315167736,99.97127479068592
2396.0,473.08660679308423,473.2123478853403,101.53239257131477
2397.0,473.51247636796074,473.1838342050932,100.24402139196063
2398.0,472.4543041648342,473.15568234241897,100.11104458849556
2399.0,473.1593312195366,473.1275678240637,101.02167920694873
2400.0,472.5924327287152,473.0991975691531,98.92552721481296
2401.0,472.99371327444146,473.07141598359357,99.14053018465378
2402.0,472.4384267232316,473.04357401803344,102.74391685769316
2403.0,473.3450805369674,473.0147201013825,99.36028539206801
2404.0,472.2579856157097,472.9868164212349,100.40883702499318
2405.0,473.20632512703787,472.9586182728371,100.69340629550064
2406.0,473.467977005027,472.9303402079025,100.35895099490001
2407.0,473.58678199412805,472.90215606916473,99.06984658273686
2408.0,472.8196013082744,472.87433395391605,99.44268605417244
2409.0,473.0124808774127,472.84640713291583,100.60687139618918
2410.0,472.8675099252533,472.8181533698654,99.01263179773268
2411.0,471.86734637928106,472.79034732243554,100.03721894297009
2412.0,473.02765076940636,472.7622535367824,100.88807159014026
2413.0,472.3560357066801,472.7339208033441,99.48778381642501
2414.0,472.0758057922229,472.70598131738905,98.41806722906927
2415.0,469.7427386640673,472.67834224350884,100.84025225900864
2416.0,472.9179956705058,472.6500229393328,101.06485403635317
2417.0,471.8850467257636,472.6216405594909,100.53429525675425
2418.0,472.25852199967625,472.59340717823966,101.25533541622572
2419.0,471.87081298312165,472.5649713048769,101.58443744308951
2420.0,472.79202910691714,472.536443008695,101.28385787151474
2421.0,473.61573731169466,472.5079991252761,99.80487331951635
2422.0,472.2898347640357,472.47997059001887,100.31097114057668
2423.0,472.8282499983659,472.45179992562356,98.63760796155239
2424.0,472.5704824429349,472.42409919738765,101.31503483998831
2425.0,472.59716678040866,472.3956465584368,99.83646659356003
2426.0,472.6767417998985,472.3676091507351,100.1265690751901
2427.0,472.33086705096827,472.3394902725865,99.40410135442833
2428.0,472.3417901054019,472.3115742874561,100.24177547535778
2429.0,472.15872171858194,472.2834230555101,100.6787139375036
2430.0,472.1581237316586,472.2551491166793,99.75361877235916
2431.0,471.9419739014084,472.2271349754074,98.5617006474297
2432.0,471.80462716782523,472.1994555644756,100.02775130885414
2433.0,472.6213797882528,472.17136443764974,99.3757824112756
2434.0,471.504020683842,472.1434564054225,100.98234376934407
2435.0,472.8101651439746,472.115097197214,97.45625262450665
2436.0,471.8931901816726,472.08772823293526,101.71000296301253
2437.0,472.19924914107884,472.0591646737698,98.63132512382539
2438.0,471.78249305371315,472.0314657099642,99.96528180269509
2439.0,471.6536646799991,472.00339212665796,99.22891113330995
2440.0,472.0597983496212,471.97552534078136,100.08478674927946
2441.0,471.33295663116127,471.94741819650267,99.80489480648025
2442.0,471.92700276012334,471.91938965521115,98.43560614919836
2443.0,471.08185430840393,471.89174565581754,99.99876990907421
2444.0,472.1732434938613,471.86366266793476,101.68742085510496
2445.0,472.1919055272089,471.835105450578,99.7472504009654
2446.0,471.4106207147178,471.80709309775705,100.44910639121812
2447.0,472.60754508921445,471.77888364037887,100.23837599743008
2448.0,472.1817426959273,471.75073336311954,100.78743381706022
2449.0,472.189115795528,471.7224288921226,100.093774012012
2450.0,471.88319380006163,471.6943192239209,99.50330665903876
2451.0,472.0172723979415,471.66637537863414,99.07024670090482
2452.0,471.400238749454,471.6385531510189,98.08643828846684
2453.0,471.68065761956166,471.6110072095996,98.71686115929559
2454.0,472.3964100870183,471.583284224424,98.08137385484778
2455.0,471.35350851030523,471.5557397052665,97.87150139333892
2456.0,472.2573075844898,471.5282541252918,101.40711279489706
2457.0,471.4940485342506,471.49977562778196,100.49420677189454
2458.0,471.62319844694173,471.4715535047135,100.64641419847712
2459.0,471.4385173943359,471.4432886367261,100.41131159845997
2460.0,471.0258290510418,471.4150897933855,99.70684053255492
2461.0,470.6995274471486,471.38708878900263,99.56486024862585
2462.0,471.69040060508627,471.35912765741614,98.7444980346165
2463.0,472.2555434804578,471.33139691088473,99.25322130095876
2464.0,470.55913763340357,471.30352329790276,99.97088890055414
2465.0,470.4734126885388,471.2754481399365,99.57221768952466
2466.0,471.12651251778544,471.2474849421354,100.62007787080692
2467.0,471.0424690844782,471.2192274702666,98.96487860924742
2468.0,471.2406958440506,471.1914348335239,98.31458828034017
2469.0,471.42373711659485,471.1638248199818,101.50044157106119
2470.0,471.159008741427,471.1353201126406,101.38078233587912
2471.0,471.275001559044,471.10684900960126,100.213657518586
2472.0,470.38231067279906,471.0787056741148,101.19432207981076
2473.0,471.08733002239995,471.0502869353307,100.95169709946539
2474.0,471.27790463866734,471.0219363337286,100.28131673774314
2475.0,471.533142516791,470.9937739972781,99.65424834300184
2476.0,470.7334335820585,470.9657877625351,99.51219440679155
2477.0,470.3223296484375,470.93784142127254,100.21438449021002
2478.0,471.68871842867173,470.9096978816282,101.1375152093303
2479.0,471.42275442345095,470.8812950961069,97.69949270279152
2480.0,471.2586016973352,470.8538578219062,99.03231240422534
2481.0,470.77622745929625,470.82604624750604,97.60582207683201
2482.0,470.62431056486434,470.79863527913943,100.7654320728974
2483.0,470.75544809548217,470.7703369869657,100.97648182969888
2484.0,470.3147887992785,470.7419794249851,99.67364687655336
2485.0,470.7395966897418,470.71398774248735,99.67594313259315
2486.0,470.5789370307891,470.68599541512424,99.56213185770491
2487.0,470.3917895186984,470.6580350497608,102.15138416630062
2488.0,470.4862557836034,470.6293475360408,100.5644669577707
2489.0,470.477912300495,470.6011056815702,99.91729768557767
2490.0,470.52512640619193,470.5730455738035,98.54500011532555
2491.0,470.6691974729254,470.54537085293776,99.91168280502797
2492.0,470.02172134689965,470.51731232201666,98.41129561688146
2493.0,470.82141687677995,470.48967514983093,100.62499300742934
2494.0,470.6722167147077,470.461416297628,99.3618663667883
2495.0,470.37688159835824,470.43351217349,101.18351562096484
2496.0,470.784883827349,470.4050964695198,100.72084055472861
2497.0,470.317736042609,470.3768107001307,99.25477421927444
2498.0,470.73603744316154,470.34893665103743,99.84786583807367
2499.0,471.1601784039398,470.3208960420479,101.2130580452404
2500.0,469.68881169208413,470.29247204158014,99.67272076441326
2501.0,470.5356678517682,470.2644806191655,99.26285911978957
2502.0,470.42751147978055,470.2366042995627,100.68091886736208
2503.0,470.6625528954119,470.2083297415141,98.34499012013927
2504.0,469.8710863789304,470.180711190122,99.82134382740908
2505.0,469.84742631426275,470.1526780293971,99.48185586601663
2506.0,470.1178931317101,470.12474020820815,102.55007301067128
2507.0,469.8884606931512,470.0959407293709,98.96622904769339
2508.0,470.2104217617189,470.06814771338003,102.37579542748493
2509.0,469.8632291811249,470.0393971774975,99.9428492101591
2510.0,470.2660171373162,470.011329894011,101.08229145099776
2511.0,470.6515411651732,469.9829426171618,101.80770684058946
2512.0,470.32781260835566,469.95435161949075,99.78669422239761
2513.0,469.5699181984084,469.92632818953,100.80308169223143
2514.0,469.896735666425,469.89801932408807,98.32901898288385
2515.0,470.0400549028252,469.8704052579237,99.02252781262408
2516.0,470.1729380001348,469.842596431363,99.29291395596128
2517.0,469.36570379846466,469.8147116713603,99.222767674905
2518.0,469.6579372794087,469.78684661077165,99.55009308218618
2519.0,470.1979217086344,469.75888962629773,98.97128525358902
2520.0,469.50739661284933,469.73109519035575,100.67227638207451
2521.0,468.99663924022803,469.7028230594051,99.37614782969726
2522.0,469.8100780367992,469.6749149245563,99.24777041815095
2523.0,469.66037138059016,469.6470428423638,99.84850886682062
2524.0,470.10225646787677,469.6190020527904,99.37049469998476
2525.0,469.80927979580724,469.5910955055288,99.22590384945056
2526.0,469.9556668605016,469.56322956419774,100.2905075814715
2527.0,469.23331126828253,469.53506464665196,100.18482839065766
2528.0,472.4974075725296,469.5069294073456,101.19071875790262
2529.0,469.3220974562011,469.4785116804944,100.25056225515819
2530.0,469.73477052911187,469.4503579809277,100.55937533635863
2531.0,469.2151996237134,469.4221175563541,99.70276800144582
2532.0,469.0839520407571,469.3941176956737,101.09078460515508
2533.0,469.5426186539316,469.36572803366374,99.60559974635731
2534.0,469.48497515818894,469.3377554610683,100.39096193105702
2535.0,469.3555393066031,469.3095623325927,101.08236568326456
2536.0,469.38257255173636,469.2811750348966,99.5643766741628
2537.0,469.01759121680533,469.25321403911397,100.66334063578569
2538.0,471.3418344528982,469.22494441761876,98.03242380483051
2539.0,468.8189116148183,469.19741364526686,99.49731664106847
2540.0,468.6209755757564,469.16947148217685,100.6175945194522
2541.0,469.3413053925684,469.14121470771596,98.78404263226074
2542.0,469.45742795529895,469.1134728557434,101.62361490592727
2543.0,469.96217562320527,469.084933557224,100.43303895075655
2544.0,468.51489516698,469.0567286121186,99.42852981292194
2545.0,469.2465756752807,469.0288057666628,98.98370916256387
2546.0,468.11290976730896,469.001007841673,99.59548850218405
2547.0,469.1544054165781,468.973038108652,101.38209320764092
2548.0,468.8233093941014,468.94456663747616,99.769227124132
2549.0,469.7107605928863,468.9165481128588,99.66083614368038
2550.0,468.94054375433564,468.8885600280418,100.55596099872444
2551.0,468.701728458405,468.860320562328,99.37628771168687
2552.0,469.7850347619743,468.8324123881956,100.83818556989537
2553.0,469.0371568228832,468.8040936644147,100.30493403991767
2554.0,468.5316518035419,468.77592469543856,98.51915983564189
2555.0,469.1335857952191,468.7482572313847,102.31108991495032
2556.0,468.32496554237696,468.71952486696694,100.40337220582573
2557.0,468.9756783641783,468.69132825327245,100.78325106680363
2558.0,468.8093160402522,468.66302495693117,98.89504971905791
2559.0,468.90050995845746,468.63525193046837,99.67917283768054
2560.0,468.1448049858409,468.6072586960965,100.29668876386087
2561.0,468.76805914531553,468.57909204266866,99.81278517906753
2562.0,468.9452985888868,468.5510612854975,99.7257018806534
2563.0,468.60547627954486,468.52305498421936,99.80344033700447
2564.0,468.09362738578045,468.4950268513914,100.97100518135835
2565.0,468.0382177252178,468.4666708274363,100.60583458924849
2566.0,468.3590927166464,468.4384173555558,99.3788409795493
2567.0,467.9183304832759,468.4105084643807,100.17337221610745
2568.0,468.6819700812797,468.38237644235005,99.24410223677434
2569.0,467.84854614755176,468.35450539030523,97.7325569001319
2570.0,468.025499863278,468.32705883057577,101.22881755319612
2571.0,467.6459288069102,468.2986304043129,100.6342713205951
2572.0,468.19454035827755,468.27036894645033,99.5046293146608
2573.0,469.006046282711,468.2424247297178,99.66572781454074
2574.0,467.9116387785768,468.21443527115656,101.94983573855181
2575.0,468.1661841490517,468.18580435895336,100.12130832048767
2576.0,468.20576199736047,468.1576869582,99.34411326703781
2577.0,468.2990311691425,468.1297878197242,99.1237814842007
2578.0,468.30517132293755,468.1019505577574,97.65146378508253
2579.0,468.32135190748545,468.0745267716777,98.42452966481828
2580.0,467.6930758172374,468.04688588293016,100.55577362395967
2581.0,468.479746544534,468.01864646983745,102.37472148862285
2582.0,468.64761673044455,467.98989623555275,100.12653746515973
2583.0,467.7783769449502,467.9617773662813,100.59068629890709
2584.0,467.62161531665873,467.9335281485457,99.26851199324408
2585.0,467.86018678990666,467.90565024142757,98.32933042739955
2586.0,467.65643755264944,467.8780360877992,100.15925986286385
2587.0,468.2358638239863,467.8499080289877,99.86990024168381
2588.0,467.9246289944122,467.82186123200313,100.20675296427174
2589.0,467.98929971100665,467.7937198355457,100.50127496089645
2590.0,467.4736891495204,467.76549572749417,102.68943518265009
2591.0,467.6422915965068,467.7366571111137,100.25519329944618
2592.0,467.71418431016315,467.7085021109955,99.67373894678674
2593.0,467.3196187538559,467.68051040264123,98.93812738168664
2594.0,467.1717681098083,467.65272527853483,99.21623191881227
2595.0,469.1807604550117,467.6248620534043,100.62384582501711
2596.0,466.28346575635925,467.59660352336846,99.11539644406113
2597.0,466.52741917027794,467.5687686162004,100.63080760611311
2598.0,467.80793100858705,467.54050813106437,99.3407905369546
2599.0,468.3600000392063,467.51260992572196,100.93283353525062
2600.0,468.04666577600466,467.4842646216374,98.79697957285481
2601.0,466.9542072927236,467.45651913654075,101.495677000111
2602.0,467.46896295761115,467.42801576724986,99.47868339248974
2603.0,468.27282651276346,467.4000788369971,101.24140432272081
2604.0,467.7254216033943,467.37164687594986,99.72474423483033
2605.0,467.4231343875151,467.34364084361056,100.70159881706144
2606.0,466.84893001647396,467.31536047794276,100.64777389766897
2607.0,467.65000446914905,467.28709522810647,98.17578631933608
2608.0,467.667715161576,467.2595241947818,102.36879456310577
2609.0,467.15552289143295,467.23077562497537,98.91937103175121
2610.0,467.3554325946238,467.2029957682773,100.59085884990783
2611.0,466.9534875284653,467.17474650208356,99.69340664887079
2612.0,466.82037191154876,467.14674927038305,100.05716708648497
2613.0,466.7749647844398,467.1186498826262,99.2122789548541
2614.0,466.76448586874966,467.09078776761976,99.65755763392188
2615.0,467.5509017176348,467.06280060351753,99.82828725664402
2616.0,466.19131167358995,467.0347654928463,99.7127066691332
2617.0,467.3800734213995,467.00676284105674,99.80838539002642
2618.0,468.0707035433774,466.978733319493,102.65684483435716
2619.0,466.96739767370025,466.9499038555687,100.65434867499047
2620.0,467.4179116046129,466.9216367593158,98.05407198449574
2621.0,466.8147551610633,466.89409990743354,99.96917509309208
2622.0,466.4207662957972,466.86602523076147,99.58670945796587
2623.0,467.3111872747282,466.8380579631887,99.67433143003677
2624.0,465.9124075792344,466.81006608844547,100.10569354279497
2625.0,466.2621758453876,466.7819530728422,102.51542144174232
2626.0,466.6863878542805,466.7531633253206,100.92589580201343
2627.0,467.3063005269561,466.7248199695829,101.06168576923338
2628.0,466.79309129553127,466.696438479496,99.17310567715916
2629.0,466.242156933819,466.66858736565166,99.98333798123079
2630.0,467.208372851872,466.64050871156866,97.474299164621
2631.0,466.18401365722764,466.6131346792199,99.7324814797491
2632.0,466.81869102378096,466.5851264740043,99.60298428014484
2633.0,466.54247003694945,466.557154635919,101.05204391896345
2634.0,466.71012475782055,466.5287758535851,98.70557478377961
2635.0,466.2648103775993,466.501056038,98.64544776818012
2636.0,466.4797290150246,466.47335310808506,98.77634896820322
2637.0,466.3795683988848,466.44561341674984,99.45964825012756
2638.0,470.7771377940264,466.4176818321996,100.57064480426658
2639.0,466.3651454391048,466.38943824278374,100.83192145680087
2640.0,466.1498044363833,466.3611212781746,98.27031301673222
2641.0,466.15652296503896,466.33352369860245,101.0140170871992
2642.0,466.4592031062851,466.3051555954704,99.36817380977287
2643.0,466.2409279458708,466.2772496999922,100.2436410778136
2644.0,466.19853244544305,466.2490979441228,101.47161329006113
2645.0,465.976541071209,466.2206013327239,99.4993043790594
2646.0,465.7835982290939,466.19265861141076,98.68326422389651
2647.0,465.80185076630454,466.1649450613745,100.08150433108754
2648.0,465.431315015713,466.1368388389082,100.36057553590574
2649.0,466.1387225252399,466.10865424394524,101.46550149315028
2650.0,465.31231028030646,466.0801593489426,98.80391666747491
2651.0,466.1501875986908,466.0524119156784,102.14118227703473
2652.0,466.0821300693501,466.023727266989,100.98309536014247
2653.0,466.20720196603963,465.9953678477087,100.64657119866268
2654.0,465.2793992652224,465.96710293563035,99.55247677410024
2655.0,466.0402698277999,465.93914528173633,97.6818824179335
2656.0,466.04013774359044,465.9117129530906,100.19830271853003
2657.0,465.4961614336318,465.8835739297438,101.43831924213988
2658.0,465.5285218305037,465.8550866684234,100.5042202220118
2659.0,466.037133264241,465.8268617332443,100.02618584628345
2660.0,465.42891047963343,465.79877104605254,100.30190017793743
2661.0,461.17309546467857,465.7706029290859,101.10431509811109
2662.0,465.9361804272555,465.74220946726246,100.40210347870769
2663.0,466.45024657558105,465.7140132098689,100.38753670528726
2664.0,466.01840995262324,465.6858210433108,100.96866587698366
2665.0,464.97516995857956,465.6574656763103,100.44587070260809
2666.0,466.18590582360355,465.6292571276214,99.75339770262187
2667.0,465.3121911013712,465.60124304843316,100.77995172033802
2668.0,465.7648049777252,465.5729406786584,100.31628247285957
2669.0,465.6070442359234,465.54476852266396,100.32284313130086
2670.0,465.39782379702575,465.51659452421796,98.85744091757381
2671.0,464.8781764099217,465.48883205956025,102.08088506093928
2672.0,465.77463510319603,465.460164344339,98.05788287788485
2673.0,465.24517713180063,465.4326264222307,99.66712707165458
2674.0,466.20557409365114,465.4046365707115,101.11600663440514
2675.0,465.34738714363635,465.376239825515,101.18012987945812
2676.0,465.36496652527256,465.34782507237384,100.3860432550341
2677.0,464.6800349969994,465.31963332522633,100.05999352974283
2678.0,465.388046262879,465.2915331437101,100.76573193553475
2679.0,465.67250983149455,465.2632347673249,100.72761259794434
2680.0,465.2383522420224,465.2349470961203,98.25540175909622
2681.0,464.85718684915696,465.20735370412626,99.27914456355032
2682.0,465.5543629361766,465.179472811028,98.36051728420935
2683.0,465.4936593598943,465.1518498990907,100.03962591345751
2684.0,464.9140355439385,465.12375543748,98.99970282977178
2685.0,464.67819031627846,465.0959530209353,100.33415422240144
2686.0,465.24757857408406,465.06777584595784,100.11784992309678
2687.0,465.05493313019605,465.03965941643776,100.31741207191004
2688.0,465.15285119803434,465.0114869432142,100.2373316825769
2689.0,464.87577993388373,464.9833369592334,98.64043601703159
2690.0,465.11155890535326,464.9556354367853,100.45485484011203
2691.0,465.1169556279241,464.927424365051,98.80123194641327
2692.0,465.37344308427157,464.89967768574604,100.5450515954534
2693.0,465.8205844156768,464.8714412837563,98.90787630240837
2694.0,464.34396713313095,464.84366465516143,99.651242094824
2695.0,464.96973209929865,464.8156792646731,100.47938823699461
2696.0,464.3841663680966,464.78746130314323,100.46709086456029
2697.0,464.96769648581886,464.7592467951254,100.48214176550375
2698.0,464.2930750943979,464.73102806031295,101.46768276912597
2699.0,465.1791396807825,464.70253255273525,100.72499647631956
2700.0,464.7453008864287,464.6742456162249,101.63465124957703
2701.0,464.54714618240337,464.6457032183323,99.49118944328971
2702.0,464.85574855518337,464.6177627759636,100.43706806383938
2703.0,463.95857530946364,464.589556699349,100.91539474836249
2704.0,464.8367118117713,464.56121629265715,101.27734329833105
2705.0,464.2286056417245,464.53277423874755,97.95097610635898
2706.0,464.0407675958937,464.50526633962437,100.71423500329757
2707.0,464.67462713859436,464.47698242529424,100.34886252831036
2708.0,463.8515128513074,464.44880111973424,101.07837795256032
2709.0,464.41426422925593,464.42041494192586,100.45754331739452
2710.0,464.21340071579493,464.3922031151776,101.64752166733223
2711.0,464.4886635560563,464.36365710284264,99.51250154066668
2712.0,463.76217170965896,464.33571067532665,99.67041145215273
2713.0,464.96657169956796,464.3077199014439,99.38284610259232
2714.0,464.1409601558624,464.2798098854967,100.18385483299524
2715.0,463.984098846113,464.2516749195978,102.85507948025496
2716.0,463.9439181593878,464.2227897847771,98.54273088845068
2717.0,464.2987014883817,464.19511570118596,99.43610057303793
2718.0,464.2716500129289,464.1671907296083,100.0049466940447
2719.0,463.1281935553824,464.13910600707845,99.89541475642478
2720.0,463.8890149147237,464.11105204476763,99.2212109160621
2721.0,464.13505130695563,464.08318742136873,100.52173679165313
2722.0,465.32962554966514,464.054957566953,97.80654492694704
2723.0,464.45451679728734,464.0274902289194,100.2434593866187
2724.0,464.1084803975527,463.99933852407503,102.34330111737017
2725.0,463.0327454639215,463.97059711367785,101.3813587082117
2726.0,463.82780917935656,463.942125848774,100.47255116670331
2727.0,463.9978970162279,463.9139098073213,97.95025707868609
2728.0,463.3824215789461,463.88640211012506,99.39500598063461
2729.0,463.40148341881417,463.8584886792789,99.46981144892824
2730.0,463.9899096697316,463.83055424056363,99.54938836749827
2731.0,463.94028628898445,463.80259745399707,99.91683669952806
2732.0,465.5621416109852,463.77453747569064,99.27173774072754
2733.0,463.3195706745032,463.74665866267503,100.13881496328979
2734.0,463.68358774255734,463.7185363454729,97.97027748996858
2735.0,464.17428698877706,463.6910230258778,99.29359410205238
2736.0,463.47886813386276,463.6631380748675,99.78442936550226
2737.0,464.06982183704093,463.635115280954,100.85015734460178
2738.0,463.27648386389876,463.60679319509967,99.2322317454535
2739.0,463.8022867121978,463.57892547668456,100.1280944166525
2740.0,463.7073868485566,463.5508061701692,98.59351019211597
2741.0,463.77058388558095,463.5231178260569,97.58323380302059
2742.0,463.2895989082957,463.49571320123056,100.79946430400256
2743.0,462.97141487092114,463.46740535167186,99.87514023235359
2744.0,463.3210248265263,463.43935708312324,99.3784471398792
2745.0,463.57861385620225,463.4114483025515,98.92504996305462
2746.0,463.6142747789488,463.38366685102017,101.04078147805242
2747.0,463.1374234036379,463.3552912315551,98.48454522038244
2748.0,462.6245575984079,463.327633488439,100.60169428952477
2749.0,462.28907521599996,463.2993811792927,101.8605722837413
2750.0,462.9664819535533,463.27077533524306,99.39898857996052
2751.0,463.8819592539491,463.24286078595014,98.41354666497075
2752.0,463.53193757706697,463.2152229815951,100.16307988132644
2753.0,463.03122191152977,463.1870938499951,99.37543447956949
2754.0,463.2269511243749,463.1591859154787,100.44769811542874
2755.0,463.46815057264007,463.13097685359133,101.47725432878639
2756.0,463.6519633061566,463.1024786580007,99.63140499374737
2757.0,463.5895874102056,463.07449883843157,99.83049720938284
2758.0,463.6865513567759,463.04646310713196,100.29447955845153
2759.0,463.4136744253218,463.0182970741226,101.51301652822852
2760.0,462.0026633992255,462.9897888353143,101.34422811413337
2761.0,462.6374293950725,462.9613279979189,101.53183135020325
2762.0,463.08383638074844,462.93281447528136,100.53629489528547
2763.0,463.3333930977483,462.90458053246493,100.84668369009711
2764.0,462.11798157945276,462.87625942212867,102.60018858119976
2765.0,462.6480086884179,462.8474458691688,100.21724697978223
2766.0,462.554445012731,462.81930152564195,100.32941235415232
2767.0,463.06986474277267,462.79112568233916,100.71236298467026
2768.0,462.64028135321877,462.76284229373425,100.63865214786232
2769.0,462.3951255360815,462.73457960558943,100.49678742873213
2770.0,463.06716362343946,462.7063567577865,100.325209929369
2771.0,462.7523278104287,462.6781820946647,98.1449126729149
2772.0,462.8344578358463,462.65061973168906,98.91042044384876
2773.0,462.1325169975631,462.6228423886144,99.22245306845251
2774.0,463.0225578044516,462.59497741637773,100.1492665959778
2775.0,462.7566742082836,462.56685216400865,99.38044640476282
2776.0,462.2199793563638,462.5389428219766,100.33617824540221
2777.0,461.96942486178654,462.5107650785861,101.42733796248719
2778.0,462.12373191952804,462.48228090117493,99.84003037549105
2779.0,461.93144389537093,462.4542424926445,98.51922962483192
2780.0,461.674497298711,462.4265750089915,99.7202450287043
2781.0,461.98769926584635,462.3985702401793,101.14392969002375
2782.0,461.766538151705,462.370165653258,100.40211615575365
2783.0,462.78911816640914,462.3419693923043,99.0419924355219
2784.0,462.24381782579025,462.3141550994286,100.82186332137556
2785.0,462.37282009556515,462.28584095947923,101.2594200727466
2786.0,462.9244350456606,462.25740393900884,100.16379210892143
2787.0,461.92330119208725,462.2292746073915,99.91511689288676
2788.0,461.6907191528543,462.20121511206406,99.44776372408604
2789.0,462.42272562886075,462.17328686508495,96.97254618130027
2790.0,462.99504643346086,462.14605374169906,98.59769502255472
2791.0,461.6676463809157,462.1183642223469,100.49248252376864
2792.0,461.329327706701,462.09014258350476,100.56499720815403
2793.0,462.0340611308905,462.06190058012214,99.00986265251589
2794.0,461.9649103036656,462.03409531036056,100.08534251867523
2795.0,461.760015368718,462.0059880100032,100.72876523084645
2796.0,461.93114112996756,461.9777000151009,100.36466362391744
2797.0,461.37041181911644,461.94951427206655,100.56696202347106
2798.0,462.05906113442273,461.9212717168982,100.54956912254441
2799.0,462.88708819091875,461.8930340462364,100.3999025126061
2800.0,461.7555477143075,461.8648384069474,98.95193211833326
2801.0,462.2086232853079,461.8370494060108,99.60258360082163
2802.0,461.4240378650739,461.8090776804496,102.50840553867933
2803.0,461.6364622991771,461.78028990322747,100.24439571854177
2804.0,461.97305520236625,461.75213793542986,99.58034799596496
2805.0,461.7575762946598,461.72417245436765,99.58161012912898
2806.0,462.75094526702054,461.69620661885637,98.94659312858766
2807.0,462.1441445870232,461.66841911728613,99.48481753571006
2808.0,461.3325878633894,461.6404804643615,100.08078366151351
2809.0,461.5908894417278,461.6123744442832,99.58344651369738
2810.0,461.65383343136324,461.5844080930539,101.42382358354408
2811.0,462.1711859323919,461.5559249025976,100.30012750256593
2812.0,461.01538724468605,461.5277572834573,100.3559336228115
2813.0,461.8045517158605,461.4995739920982,100.98917903209176
2814.0,461.30631212484053,461.47121286432,98.67425042160647
2815.0,461.3471739845159,461.44350184565997,99.42595270267196
2816.0,460.770980198635,461.4155797239426,101.15762792006785
2817.0,461.58648981179346,461.3871712901018,99.34780620353307
2818.0,460.82313569244883,461.3592711145263,99.75749457163158
2819.0,461.43997551841386,461.33125588480067,99.06471390177705
2820.0,461.4270547139484,461.30343521097996,101.32087837330641
2821.0,460.7800090866924,461.2749809309702,100.5825297601811
2822.0,461.1937541854454,461.24673400386246,97.69822718374787
2823.0,461.46689397306125,461.2192970850617,100.918884820151
2824.0,460.992777721577,461.1909556982414,101.72822241739975
2825.0,460.3443220733836,461.1623870224459,99.85753116272042
2826.0,461.22555271466285,461.13434369911096,100.2428257921912
2827.0,460.3723141405409,461.106192172201,101.05701747135406
2828.0,461.28672666538586,461.07781199312785,99.55159684944107
2829.0,461.389183011405,461.04985458634593,100.9768746010393
2830.0,460.91493633335443,461.02149691406214,99.16374668909943
2831.0,461.40809424190553,460.9936484285336,101.06302829655108
2832.0,460.8505619645723,460.9652665614204,97.4529224585521
2833.0,460.04334667921853,460.93789853236325,100.50669897395149
2834.0,460.5582412256103,460.90967290106806,99.81345814685417
2835.0,461.23913483226085,460.88164195490515,99.03320576244123
2836.0,460.78124418832766,460.8538301296202,98.09068203104557
2837.0,460.77133243150877,460.8262829964165,100.43398602337966
2838.0,459.5810676904778,460.79807778534155,99.42189078570281
2839.0,461.29051867747796,460.77015680434596,100.1772755473364
2840.0,460.7338746328084,460.7420236861297,99.70868552283297
2841.0,461.33935839859305,460.71402216361207,100.6161238985595
2842.0,461.0123219621759,460.68576580215057,100.89574392531698
2843.0,461.0325276883882,460.6574309140649,100.06246306113403
2844.0,460.46117883027426,460.62933003902185,100.82719927730967
2845.0,460.27428615399987,460.6010144005581,98.97490468002202
2846.0,459.87324139548207,460.5732189481605,99.54924941037916
2847.0,460.0539543440052,460.54526220061774,100.44777339190902
2848.0,460.73028621231776,460.5170531175902,101.3526060514173
2849.0,460.8161434679338,460.48858992739076,100.31397117025453
2850.0,460.5203685284,460.4604184204871,100.69147417264053
2851.0,460.5111898796423,460.43214089815694,99.38083730361134
2852.0,460.2281744978073,460.4042314463475,100.40992824069173
2853.0,460.1744703498985,460.3760329914999,99.71744288214822
2854.0,460.1049969277829,460.3480290096239,100.83498353376828
2855.0,460.6628922752782,460.3197111850815,100.24709694237912
2856.0,460.56730757611376,460.29155845869013,99.85661025436536
2857.0,459.9458703173962,460.26351539397706,99.89689030926561
2858.0,460.28166874019826,460.23546101728186,99.20368907413282
2859.0,460.63327340381534,460.2076013146002,100.36593097560535
2860.0,460.90895207078626,460.17941521565126,99.30465404616476
2861.0,459.6471169138657,460.15152715863996,101.15782732586253
2862.0,460.1247419840186,460.1231186687993,100.38515319361865
2863.0,460.559148901029,460.0949271716107,101.34221911050284
2864.0,459.60207461544235,460.06646689841057,100.02116182988568
2865.0,460.449924517948,460.03837762213,101.02401971978342
2866.0,460.6452343491848,460.01000670992534,100.02513130579439
2867.0,459.9675502750851,459.98191631888363,100.35953133869147
2868.0,460.3678197181725,459.953732017166,100.31772756619009
2869.0,459.6962458406876,459.92555945534116,101.70608624643339
2870.0,459.8982772820473,459.8969969961203,100.74459538770574
2871.0,460.1961661638018,459.8687045555822,98.90274292802303
2872.0,459.48694119539806,459.84092936861,100.50298759458808
2873.0,459.9149874674069,459.8127047795938,99.61645782795581
2874.0,460.5453241329565,459.78472915768714,100.28572579400262
2875.0,459.88092304592595,459.75656558302666,100.37713917770114
2876.0,459.8625469948304,459.72837633644093,100.26732039226557
2877.0,459.75321680656384,459.70021793063074,100.26111740886836
2878.0,459.638813136718,459.6720612668251,99.79749428715277
2879.0,459.7321063611236,459.6440348038461,101.23571849021693
2880.0,458.76170778901803,459.6156044395701,99.15081428367816
2881.0,459.279110416928,459.5877595858921,100.39099904778367
2882.0,459.99889845997063,459.55956644699285,97.62862148729273
2883.0,460.2665136558971,459.53214907579184,100.88736122364455
2884.0,460.0601662013265,459.5038165418482,100.28027510366255
2885.0,459.96336584188117,459.47565449792324,100.6995748155488
2886.0,459.12394368069505,459.4473747006625,99.47649651201624
2887.0,458.98367290408623,459.41943838455876,100.42287575852554
2888.0,460.2908561800793,459.3912362936166,99.46855031913468
2889.0,459.2907112774972,459.36330220906865,100.3967099139961
2890.0,458.94948729718817,459.3351074663678,101.18084110178764
2891.0,458.8103081866315,459.3066925134917,100.82590695070364
2892.0,459.3633176090413,459.27837723795636,99.46439056063977
2893.0,459.04239046618363,459.25044432160723,100.50602234877294
2894.0,459.5688686015606,459.22221888033096,100.63152573851967
2895.0,460.21092773758403,459.1939581935194,98.16451163001463
2896.0,459.58989953667043,459.1663903265033,100.88774582127759
2897.0,459.2186454271066,459.1380576845518,98.62367916261732
2898.0,458.9190353418153,459.11036086798697,99.80880462114648
2899.0,459.4156081709751,459.0823312286892,99.98351435896595
2900.0,458.7753242470247,459.0542525250734,99.38275953965957
2901.0,459.61599055555774,459.02634253343604,100.62855156259643
2902.0,459.1545232559609,458.9980826818722,101.34896703001309
2903.0,459.25076689012286,458.96962051363124,98.48486784135555
2904.0,458.6622494553826,458.9419626799125,99.84356618469455
2905.0,458.9749274556039,458.91392327840896,99.52581278534663
2906.0,458.6624221594908,458.8859731126517,99.85351438415147
2907.0,459.38774045507984,458.8579309173621,100.10296276547125
2908.0,458.8711191894977,458.8298186686522,99.90721433586462
2909.0,459.1370315256058,458.8017613926262,98.81687955832426
2910.0,459.05370357311176,458.7740103189502,99.42837871047014
2911.0,458.5885895194325,458.74608751592905,99.9117669586714
2912.0,458.51019908124806,458.7180289613748,100.03962624622847
2913.0,458.52771731743553,458.6899344996707,100.4080614073574
2914.0,458.6797267212487,458.6617365690921,101.63345711341356
2915.0,458.74997278741466,458.63319450655274,101.60527164926634
2916.0,458.9070869219853,458.60466035943125,99.65151842958532
2917.0,457.734503934128,458.576674891339,99.53929974099809
2918.0,459.3944059770391,458.54872093799503,100.08598927669729
2919.0,458.39705468989246,458.5206134560065,99.27966164245561
2920.0,458.7188616183084,458.49273241769527,99.23903036597193
2921.0,458.8568728248885,458.46486279000084,99.59752914651204
2922.0,458.3010940376841,458.4368924838988,99.411346080732
2923.0,458.3057770519011,458.4089744642078,99.87675919287878
2924.0,458.6083312709059,458.38092574100114,99.42673849299634
2925.0,458.8011499064227,458.3530033986077,98.55544571235282
2926.0,458.54801359769067,458.3253257442702,100.43752265939638
2927.0,458.2357359437806,458.29711953999,100.02908659711953
2928.0,458.1778792316682,458.26902803817063,100.33851484447999
2929.0,458.2229019555817,458.24084963858513,97.80146817627538
2930.0,458.5247024718092,458.21338372627235,98.24684061089074
2931.0,457.60604138164456,458.1857927385341,100.291263710677
2932.0,457.8131278193128,458.157627608642,98.63085259739167
2933.0,458.7799515770041,458.1299287775376,101.78621627879922
2934.0,457.95170152060956,458.1013438151326,98.15848873903984
2935.0,458.2817619250252,458.073777639545,100.32114111528816
2936.0,457.4416710758591,458.0456041190818,98.14070812420123
2937.0,458.1604975266476,458.01804293688366,99.88287341896581
2938.0,458.190379589731,457.98999249659846,100.8123582164277
2939.0,458.3252987646447,457.9616810259994,100.78107900500869
2940.0,458.28878671672965,457.93337833964546,99.04730907673813
2941.0,458.01385133261783,457.9055625536797,100.75230812133498
2942.0,457.7555456975764,457.877267947149,99.49688404004465
2943.0,458.16164355377526,457.8493259055478,100.50441102606635
2944.0,457.6070107572695,457.82110091678464,99.77890415529824
2945.0,457.9295288943731,457.79307967453434,99.19521024870461
2946.0,457.74105813029007,457.7652223529895,100.4602187812405
2947.0,457.8727547765207,457.73700977488176,99.4954340284847
2948.0,457.59139752807255,457.7090681404921,99.19822001450099
2949.0,457.92112255929464,457.68120997370465,98.83363857395676
2950.0,456.97876689496843,457.65345419353844,98.69912445845276
2951.0,457.8820697655198,457.62573618941974,99.31515502409792
2952.0,457.688906195532,457.5978451833838,100.50352321555016
2953.0,457.5669992810664,457.56962044394743,102.35994999132473
2954.0,457.2999087705434,457.5408743579916,100.13908844797913
2955.0,457.28341165681366,457.51275196398575,97.9129318800883
2956.0,457.6945339562325,457.48525474894944,99.42835063580881
2957.0,457.32773090170946,457.45733195381257,100.15796369969824
2958.0,457.2661972740503,457.42920425900684,99.34042359012334
2959.0,457.67815828431947,457.40130615671535,99.61200391915814
2960.0,457.145107090375,457.3733317856147,100.08280401554977
2961.0,456.96611147994724,457.3452251981536,101.08697641639112
2962.0,457.96536020823385,457.31683660561004,99.69116802767532
2963.0,458.07394035895175,457.2888400025889,99.8298468101497
2964.0,457.4021608162751,457.2608044539431,100.13043842072796
2965.0,457.29941286644987,457.23268448915326,97.84786591932726
2966.0,456.65021393382716,457.2052055468076,98.59261812412034
2967.0,457.2530561922293,457.1775174532177,100.58795037126163
2968.0,457.3288787053235,457.14926900382176,99.66428689370538
2969.0,456.920223496723,457.1212799499191,100.45159614533178
2970.0,457.35831717592134,457.09306979333496,99.48847665377482
2971.0,456.9103266307271,457.06513011280805,100.232138290655
2972.0,457.1901438901131,457.0369815873048,99.34160029022613
2973.0,456.6112451589013,457.0090831545566,98.78765434092729
2974.0,456.46787641588713,456.9813402882959,101.80990226001856
2975.0,456.16935434710354,456.9527486740778,100.33665844670172
2976.0,457.20048352906167,456.92457079583073,100.14672817145201
2977.0,457.3702763572618,456.89644625633593,99.16595368704914
2978.0,456.3224656262849,456.86859715100877,100.1960904366757
2979.0,456.8632072247874,456.8404587489445,99.92393674330246
2980.0,456.5849520126592,456.8123967767091,100.52805706962269
2981.0,456.21108569899394,456.78416514734874,101.13815209517965
2982.0,457.11145184012787,456.7557621829686,101.2162378733534
2983.0,456.2457197058531,456.7273372894992,100.70442903032772
2984.0,457.57661708636607,456.6990561290132,99.43599575502144
2985.0,457.2331792452714,456.67113118687195,98.58254031258758
2986.0,456.45512225242794,456.64344592346754,98.26236505516171
2987.0,456.42942600328496,456.6158505759479,100.20518428207045
2988.0,457.25212627132754,456.58770962002865,100.18954234256653
2989.0,456.50671923217413,456.5595730568875,99.26278939220371
2990.0,456.82200534653305,456.5316967568665,98.97899355724432
2991.0,457.62597949676865,456.5039001561758,98.68493807358341
2992.0,456.0561671186568,456.4761861360668,97.22362055914876
2993.0,456.12235384879835,456.4488825026265,99.96839575363141
2994.0,457.0707676828672,456.420808044819,101.64664036609248
2995.0,455.84680346243954,456.39226227998284,99.28377656238273
2996.0,456.60593266146276,456.3643800860649,100.85525783254533
2997.0,456.8517387884007,456.3360565678236,99.78997341639023
2998.0,456.08635938736705,456.30803221695584,100.36986676816144
2999.0,456.5650414590126,456.2798450127051,100.12423802373746
3000.0,456.50114921634207,456.2517267891934,101.99536249286355
3001.0,456.13692335395734,456.22308309156006,99.43889517662492
3002.0,457.1869982440317,456.1951573351646,100.90824089179466
3003.0,456.13931287497,456.1668189375141,100.98924323268052
3004.0,455.8485643112678,456.1384577917063,100.37784880646917
3005.0,456.3278171726944,456.1102683458331,100.33319730428632
3006.0,455.7395700541651,456.0820914395902,100.1833639491667
3007.0,456.4409995281572,456.0539566115478,101.21755651750725
3008.0,456.3907228520034,456.0255313477591,99.73406105831899
3009.0,456.1344950971338,455.99752269894526,100.2616896920616
3010.0,455.87701959401625,455.96936587442343,99.7359479542395
3011.0,456.0041096047125,455.94135669570625,100.27220145016061
3012.0,455.7004453116861,455.91319691913236,100.67474942327205
3013.0,455.92367163283524,455.88492409366927,101.20270131080859
3014.0,455.9267109230923,455.85650300171784,100.47663786022088
3015.0,456.00656128180367,455.8282858125854,97.90201070079762
3016.0,456.17502779597766,455.8007916645803,100.47325711891625
3017.0,456.4774091265372,455.77257542487274,101.63657510959062
3018.0,456.4359424143845,455.74403248669614,99.3154329476888
3019.0,455.762139527703,455.71614140260994,100.25850490462948
3020.0,455.9256326483978,455.6879854724826,98.39761676644052
3021.0,456.0880084948945,455.660352141774,99.16026104331243
3022.0,455.78262278670206,455.632504635131,99.42017901378385
3023.0,455.7722552998784,455.604584134858,100.7741218400915
3024.0,455.3368905058029,455.57628340230787,99.96466640135527
3025.0,455.74722765046414,455.5482099918268,100.05392285800598
3026.0,455.3009398303201,455.52011151515757,99.20689128592825
3027.0,455.60268174009445,455.49225091318806,99.78487238430212
3028.0,455.6909220812821,455.46422799486015,100.54232205492359
3029.0,455.2079558444876,455.4359923594164,100.35356073384756
3030.0,455.1112971269921,455.4078097344437,98.67687936301917
3031.0,454.7169846163781,455.38009797748924,99.88509311076241
3032.0,455.2965317074422,455.3520469138406,99.6926865596524
3033.0,455.5031425813096,455.3240498843651,100.42141988991557
3034.0,454.8415376206813,455.29584820227933,100.14735629451958
3035.0,455.05249593803757,455.26772348638667,102.3979862303092
3036.0,455.07376908016056,455.23896671858694,101.55936926414091
3037.0,455.11341557420275,455.2104454623852,101.07640539770111
3038.0,454.2403973515889,455.1820598385361,100.44346474086443
3039.0,455.54541153619346,455.15385196552137,100.95618684619387
3040.0,454.9304817969051,455.1255001030487,100.29471388889489
3041.0,454.866828723772,455.0973340042316,100.36948530549384
3042.0,456.2672701501977,455.0691469071083,101.85920092816299
3043.0,455.4165668647409,455.040541448181,100.02067178832682
3044.0,454.2412851520892,455.01245230952037,100.85704952246604
3045.0,454.97099735938605,454.98412828811286,101.4427201835952
3046.0,454.98095090373204,454.9556397908613,98.97878936009104
3047.0,454.89521083854896,454.92784324751597,99.42103469745874
3048.0,454.99560610491824,454.8999225069385,97.72616211322004
3049.0,454.89694592311434,454.8724777430783,100.96209982197036
3050.0,455.5399505836759,454.84412422004493,99.20289466297632
3051.0,455.02075148824974,454.81626474046044,101.11708676523064
3052.0,455.26251440584133,454.78786769192726,99.91232743168202
3053.0,455.3583051132949,454.7598089799735,98.42558062981135
3054.0,454.39494436618196,454.73216779608,99.10314652206092
3055.0,454.43695612260495,454.70433632909834,98.35459887915017
3056.0,455.2832468162502,454.67671507924643,101.17628710058538
3057.0,454.3832381740893,454.64830140528574,100.9414771999588
3058.0,454.58801108987524,454.61995367377205,99.36435949897796
3059.0,454.93255297058346,454.59204884947945,100.28226954974187
3060.0,454.11254541458544,454.5638862454476,98.78509185824608
3061.0,454.740791762406,454.5361440988173,100.14339902612556
3062.0,454.2198631148864,454.50802049425755,101.43054939029297
3063.0,454.2471457265524,454.47953541497037,99.93267998003363
3064.0,454.4166563911398,454.4514709873427,100.01893247108707
3065.0,454.54925139550335,454.42338233714037,100.60393739692434
3066.0,453.79934505190926,454.3951293980548,101.2849512542869
3067.0,450.442970643862,454.3666852075775,102.5399218844128
3068.0,453.87899109522067,454.337888579515,100.22443424416662
3069.0,453.6972683215574,454.3097422175647,101.4845203728908
3070.0,454.15106968326666,454.28124198142666,100.87095524023373
3071.0,454.8841026081311,454.25291405483006,100.7679251482673
3072.0,454.4325751747653,454.2246150625176,99.64511860960313
3073.0,454.40922140001027,454.1966313917081,101.24788885565458
3074.0,454.4003391926476,454.16819760958776,99.10430504520058
3075.0,454.3371664336169,454.14036581725424,101.41055160591486
3076.0,454.00832865723663,454.11188635401163,98.65571252096653
3077.0,454.34573368920917,454.0841805414119,98.96888716689784
3078.0,454.0187053705785,454.05638677893256,100.35391857677064
3079.0,454.1043030419756,454.02820405346563,100.45928105000415
3080.0,453.66237453956995,453.99999173870407,98.26710149890498
3081.0,454.6139332127851,453.97239506103307,99.81383468103866
3082.0,454.22792191530795,453.94436400912684,101.40340211990988
3083.0,454.16570692091597,453.91588655369816,99.27218481014131
3084.0,453.8582344637011,453.8880076151306,101.4447063406846
3085.0,454.11442108500825,453.85951856009996,100.64401444129564
3086.0,454.2228137208784,453.8312543660444,98.30384360286065
3087.0,453.8647111080081,453.8036473699659,99.34705149815731
3088.0,453.85067334051286,453.7757474063369,99.97409330401106
3089.0,453.5685725384228,453.74767134846735,100.33148983282685
3090.0,453.18404411268074,453.7194949217392,99.4260718992091
3091.0,453.32843758346263,453.69157276654755,98.37827053754827
3092.0,453.89331990939695,453.66394486890493,100.93509872306056
3093.0,452.91945820190153,453.6355989286802,100.11640669800008
3094.0,453.72244018947544,453.6074829044659,99.85412463087599
3095.0,453.34911164200946,453.5794405377987,99.68589738529828
3096.0,453.59391879818565,453.5514454149496,99.08752347644084
3097.0,453.9764507493223,453.52361833544,100.09472546862202
3098.0,452.88269755033747,453.4955084000376,100.87258674449527
3099.0,453.47903831329637,453.46718001526017,99.67381435366111
3100.0,454.163998267741,453.43918828572913,99.79826025014103
3101.0,452.7641615427586,453.41116160764227,99.54997959991152
3102.0,453.8265933506123,453.38320465503796,100.74713497592144
3103.0,453.81865548696084,453.35491150129883,99.84119113946947
3104.0,453.56542073228246,453.3268727667872,101.52484122545411
3105.0,453.43057603064943,453.29836120720967,103.13623870845832
3106.0,453.0907446806984,453.26939711350576,99.04411634102067
3107.0,453.01410648866243,453.2415822241667,99.86439531680496
3108.0,453.379321432083,453.2135369731485,100.88760278379699
3109.0,453.058927768434,453.18520437136675,99.14770789300444
3110.0,452.9321770725619,453.1573603900668,99.73594855979009
3111.0,452.9452137199948,453.1293512111796,100.92271759107011
3112.0,454.1135176113717,453.1010087479894,99.41203741626073
3113.0,453.7316926616061,453.0730905341484,99.57278501555062
3114.0,452.90956463156925,453.0451271770232,99.68202392775868
3115.0,452.8270735956838,453.0171331419701,101.37266639510051
3116.0,452.8739456233848,452.9886643181575,98.843846324584
3117.0,452.78083463694816,452.96090567131466,100.0935932858413
3118.0,452.68545360041065,452.9327960538669,100.82742252184089
3119.0,452.6003524604241,452.90448035270873,99.98806209137747
3120.0,453.26550302634257,452.876400371938,100.07750867253364
3121.0,452.9097270744978,452.8482952715858,100.68080356093999
3122.0,453.5967154242305,452.8200207459191,99.27838798599592
3123.0,452.4262181771909,452.79214006529304,99.94345342051581
3124.0,452.7114593119697,452.7640726121241,99.67886267694102
3125.0,452.6445834700746,452.7360794648557,101.15174677722395
3126.0,452.7901829008034,452.7076726826357,100.47560941399283
3127.0,452.5818160982397,452.6794557823253,99.65539686632434
3128.0,453.28197308911393,452.6514692250387,100.92569541948912
3129.0,452.85371214976584,452.62312592557504,100.91258945189888
3130.0,452.5028217074719,452.59478630670395,99.73738926621375
3131.0,452.4309332223726,452.56677672321837,98.98777339747049
3132.0,452.2724828213778,452.53897765685593,102.31407780060351
3133.0,452.1934351777676,452.5102444533403,99.24469050829816
3134.0,452.48207989302233,452.4823732360892,101.29939500900846
3135.0,452.47754310282625,452.45392498932415,100.30352692767464
3136.0,452.5693809174902,452.42575641551196,99.38713512292252
3137.0,452.0226905696842,452.3978451950649,98.49552302882402
3138.0,452.4003052166821,452.37018436901434,100.56987117569406
3139.0,452.5264079885497,452.3419409968592,100.7280045702757
3140.0,452.3862920807787,452.31365321557564,99.14689185726343
3141.0,451.893708820462,452.28580946344573,99.83538368053388
3142.0,452.0912088714004,452.2577723598621,100.5728674531574
3143.0,451.8096066765144,452.22952814625233,101.25338669035172
3144.0,452.0647661083112,452.2010928201568,97.93987335718663
3145.0,452.023093476874,452.1735880390557,99.77132627717907
3146.0,452.20377324411635,452.1455689249262,99.56972101243738
3147.0,452.00190242886265,452.11760642827517,99.27935160261036
3148.0,451.90076064279106,452.0897254770335,100.46399053239682
3149.0,452.1254240533552,452.0615118396923,99.6934544451474
3150.0,452.331376261392,452.03351459456894,97.95027114199497
3151.0,452.20047418881,452.0060068934232,99.04122469799461
3152.0,451.8973867338236,451.97819281615386,99.62503058484653
3153.0,452.10500134111606,451.9502147867313,99.0214187795849
3154.0,452.319403973115,451.922406271624,99.84410474487953
3155.0,452.1746107413048,451.89436671887483,99.08695147138884
3156.0,451.9498227008882,451.8665398000033,99.6544029844975
3157.0,451.9203925978553,451.8385535218318,100.31781007301278
3158.0,451.8091550972771,451.81038093683634,100.60404396907163
3159.0,451.42094722572074,451.7821279678217,101.03759300004066
3160.0,451.1699819853144,451.7537532437875,99.09330457593546
3161.0,452.15243644821453,451.7259245407524,100.90553910982248
3162.0,451.7570055535279,451.69758690185245,99.69659256561695
3163.0,450.6830265156057,451.6695887754403,99.49035635395607
3164.0,451.74775400615135,451.6416485670308,100.30774968025464
3165.0,451.39145543554145,451.613478807329,99.74487620305635
3166.0,451.4912614884642,451.58546712126196,100.47497200097972
3167.0,451.2729856929601,451.5572503999583,99.98895961854244
3168.0,451.5209463376015,451.5291701671321,98.28327188339814
3169.0,451.5619443443265,451.5015689482782,98.61974516910273
3170.0,451.7869399123386,451.47387323650986,99.51968736742153
3171.0,451.63909915127016,451.4459247909742,100.89701699639538
3172.0,451.0582701472028,451.4175895453677,99.14813986672598
3173.0,450.3940512890833,451.3897454427551,98.14225213287514
3174.0,451.6036627195254,451.36218382694784,100.83455008369124
3175.0,451.56672896645784,451.3338661241326,102.4651971529383
3176.0,451.1728785581692,451.3050904812655,99.94894285366514
3177.0,450.9773304810158,451.2770214864808,102.30871715573268
3178.0,450.962268872383,451.2482897884129,100.99395350858661
3179.0,451.65760637904896,451.2199273198026,99.12593667680812
3180.0,451.0939030129018,451.1920894525858,100.31724251833782
3181.0,451.8844585595731,451.1639170269786,98.82609367465514
3182.0,451.1596357035243,451.13616336567156,99.18776059548136
3183.0,450.75842956482717,451.10830813623767,99.27547207666983
3184.0,451.5899397242624,451.08042827449617,100.61259736343442
3185.0,451.9054782854995,451.0521729034033,100.0367547475777
3186.0,451.37754876802205,451.02407924811166,99.94930210774046
3187.0,451.17189103104647,450.9960101524364,101.18740280080678
3188.0,450.7730804010185,450.9675933568165,98.78833117002287
3189.0,451.25815203584995,450.9398503004796,100.72796796552929
3190.0,450.60426638048654,450.91156252947593,100.54495383947751
3191.0,450.84607790521045,450.88332615493937,100.66259891386123
3192.0,450.2727999229447,450.85505674174436,100.69274959920953
3193.0,451.72419192242575,450.82677886123196,98.94872420269215
3194.0,451.3851067681036,450.798990761185,100.69841456435901
3195.0,450.5816001778914,450.7707112897615,98.46198027852365
3196.0,450.6628762426842,450.7430598836333,98.68436390997661
3197.0,450.602388527221,450.71534602476856,98.29856612080447
3198.0,450.3673234006744,450.68774051078293,100.5736904713938
3199.0,450.803065131471,450.65949606604227,99.6526973659135
3200.0,450.90134504382183,450.6315102668653,98.22992338087268
3201.0,450.78486140528753,450.6039240300492,100.3154681374886
3202.0,450.6929359819663,450.57575210274723,100.13184428986503
3203.0,451.1692950531838,450.5476317431425,99.57214840055929
3204.0,450.98734304519087,450.51966856480004,99.21461707099529
3205.0,450.06703730580335,450.4918057931726,98.8179939142474
3206.0,449.64954707839036,450.4640544065483,99.20763008822969
3207.0,450.7573914227022,450.43619359709857,98.13960173998927
3208.0,450.5023033292916,450.40863272560995,100.38291607912437
3209.0,449.8054387507819,450.3804418566777,99.04729977617136
3210.0,450.49579978895,450.35262607332385,98.84133299118348
3211.0,450.3774842663363,450.32486813230884,99.79154867466045
3212.0,450.10398031580314,450.296843339056,100.5138620325413
3213.0,451.3939787684625,450.26861569613527,101.01293810869258
3214.0,450.463652241923,450.2402478960164,99.50214774949939
3215.0,450.29104349977354,450.21230437619005,100.36563181956215
3216.0,450.06891401719685,450.18411836125404,100.5728514956297
3217.0,450.1091092944761,450.1558741521257,97.55188807598105
3218.0,450.54866277382075,450.12847833022437,99.02715893530733
3219.0,448.6395767529564,450.10066820309004,100.34059855604004
3220.0,450.22964861548775,450.0724892183289,98.62890548183135
3221.0,450.57651388313155,450.0447909340394,100.08473808781773
3222.0,449.66321528352995,450.0166838034264,100.15922824024874
3223.0,449.9581788417677,449.9885557534956,98.98506707981483
3224.0,449.7732671406482,449.96075744715733,99.97049919356787
3225.0,449.6233320065295,449.9326823986338,101.2515754330432
3226.0,450.6882377863903,449.90424758119974,101.24192039545717
3227.0,449.37084368162914,449.875815475222,99.7789246043381
3228.0,449.85388194373473,449.8477942272289,100.91997207023697
3229.0,449.87240732324653,449.8194525350725,99.72483811629334
3230.0,449.7432859925033,449.7914464763682,100.05526717967244
3231.0,449.46050140842385,449.76334762216857,101.48623098641959
3232.0,450.35487886313274,449.7348469056332,101.7939362757438
3233.0,450.3023513735745,449.7062597751958,100.69194884798813
3234.0,449.50209274144953,449.677982119561,100.22736677078667
3235.0,449.4985458661502,449.6498349340595,99.76211209039536
3236.0,449.1705315468742,449.62181840758086,100.1032835331104
3237.0,449.3070674690483,449.5937060687886,98.64559466769603
3238.0,449.51500729924953,449.5660030976194,100.1643470162702
3239.0,449.3674734838067,449.5378736101657,99.23830022437356
3240.0,449.35454213101156,449.5100041875193,100.00005588079958
3241.0,448.583719374336,449.4819208384928,99.1181551687192
3242.0,449.5442566333581,449.45408515658295,99.9950500967301
3243.0,448.83167097119656,449.4260032133474,101.1049654525609
3244.0,449.50519284281626,449.39760956888284,97.72370105714693
3245.0,449.4470119447653,449.3701654961693,97.6681098866934
3246.0,449.6259835489048,449.3427370353095,100.30977713636857
3247.0,448.80521361965816,449.3145667062303,100.52989658173118
3248.0,449.7060418039014,449.28633456027364,100.87267694684733
3249.0,449.1891661489408,449.2580061501644,99.73537571588096
3250.0,449.26319708179506,449.22999713215086,99.5314768784305
3251.0,449.048675599219,449.2020453757275,98.90315907500252
3252.0,448.9806471846363,449.17427007188724,100.7728379649629
3253.0,449.34006665605625,449.14596969989213,100.47575378179494
3254.0,449.26592600674394,449.11775275903835,100.30725788085081
3255.0,448.1635939472799,449.0895831374502,100.34504809941056
3256.0,449.1739392774505,449.0614029031089,102.079107927465
3257.0,448.73811349329367,449.03273568696596,99.16660448241784
3258.0,449.10075302304904,449.0048863988738,101.84637767559249
3259.0,448.4781425266206,448.97628454114323,101.4888683598362
3260.0,448.54786446977033,448.9477830839455,101.71081828947857
3261.0,448.5676478761169,448.91921929580917,101.00883825316195
3262.0,449.0035549473744,448.8908526470664,100.7878280394454
3263.0,448.5440317207397,448.8625480653587,97.93794348588624
3264.0,448.82464311792774,448.83504382622976,100.08380497964257
3265.0,448.55309205537947,448.8069369576647,98.80195417805437
3266.0,448.91785521950965,448.779190075533,101.03740348225566
3267.0,449.29297246088726,448.7508154047217,101.01877788315251
3268.0,448.497141168895,448.7224459645995,100.47312574917493
3269.0,448.48553503223826,448.6942297617849,98.89765249257674
3270.0,448.77691203301526,448.6664560043766,99.36978827824393
3271.0,448.79996999822293,448.6385496555018,100.23183511676379
3272.0,448.1395112640058,448.61040121513986,100.70140714923289
3273.0,448.9393754711216,448.58212090329874,99.94201754412457
3274.0,448.65997677390453,448.5540538533718,98.4480790038024
3275.0,448.4457493947432,448.5264063511849,99.7955465206664
3276.0,448.87922688737046,448.49838043520367,98.70547991601228
3277.0,448.4678399032404,448.47066064626057,100.1028207853991
3278.0,448.2605542570231,448.4425484374234,99.83533040067006
3279.0,448.2142162591356,448.41451134880253,98.46514667260105
3280.0,448.0818942842706,448.38685905344533,100.91904161688866
3281.0,448.5081806049153,448.35851762259125,101.4824662908861
3282.0,448.51585526610774,448.33001796330785,99.30869266875264
3283.0,448.2111410976749,448.3021287721167,100.35162726221543
3284.0,448.2960489566844,448.2739466901273,100.23154325033893
3285.0,448.55861833953395,448.2457983317311,99.58667152749791
3286.0,447.99761723700664,448.2178310748105,99.59185405769621
3287.0,447.7616594574554,448.18986236246263,100.16009455277407
3288.0,448.27182272002364,448.1617340692424,99.6783562971829
3289.0,448.51629151481586,448.13374106418223,100.59738080025356
3290.0,448.73517586439135,448.1054899664075,98.76538715268792
3291.0,447.8812891644277,448.07775335351545,99.73246483638657
3292.0,447.24620909168476,448.04974515297397,100.24526169167747
3293.0,448.43900266794986,448.02159294198214,98.97416707432359
3294.0,448.76364851382505,447.9937976967288,101.77399487578835
3295.0,447.50553837815323,447.9652161665012,100.8549274133908
3296.0,447.70404349779227,447.9368927410526,99.61307770954004
3297.0,448.2152466162275,447.90891806839585,100.85809787268512
3298.0,448.5730648756766,447.8805937525766,101.1714435463238
3299.0,452.29329458467726,447.8521814388473,102.16809816144475
3300.0,448.09532091444265,447.8234892312803,99.68885717837233
3301.0,448.2384128366452,447.79549327722276,101.54781113179402
3302.0,446.824987377281,447.7669752669299,100.66182032443179
3303.0,447.9494717492354,447.73870607238877,100.57324011305174
3304.0,447.83234718260434,447.7104617541237,100.93191505403354
3305.0,447.6612129497844,447.6821167079794,100.09541984183058
3306.0,447.8949711467722,447.6540065775738,100.92331794687416
3307.0,452.02419102800485,447.6256639457837,100.45728771738017
3308.0,447.7689875349071,447.5974521908164,99.67823730265593
3309.0,447.52231005394464,447.5694592191739,98.35075931417317
3310.0,446.8401465405723,447.54183904759986,99.01992279536005
3311.0,447.78605836859316,447.5140309526148,98.36832288068422
3312.0,447.6689355338772,447.48640584860584,98.6998276369215
3313.0,446.2999527629185,447.4586876470111,99.3027650076865
3314.0,447.45536273923415,447.4308001205048,98.65426240251261
3315.0,447.71064923063466,447.4030947151467,99.73088102919917
3316.0,447.36811581432283,447.37508695939107,100.93955335744529
3317.0,446.9821607547048,447.3467397681565,98.13812658729796
3318.0,446.7951708771323,447.3191793109399,99.1926829017458
3319.0,447.1070605501966,447.29132269915834,100.4184175302175
3320.0,448.69074543775196,447.26312186023523,99.29717435388719
3321.0,447.2510114151543,447.23523590377084,102.24003189477179
3322.0,447.4048887359489,447.2065234948138,99.20938180789862
3323.0,447.3962328896625,447.17866219342267,99.78058234058952
3324.0,446.6256836933408,447.15064047988204,100.93593810483787
3325.0,446.8797606021713,447.1222943039309,101.13078766537247
3326.0,446.98346435602343,447.0938934077283,101.03635757028363
3327.0,447.56804919024444,447.06551903064394,101.07818814576498
3328.0,447.1925434487057,447.0371329061396,101.83545275607581
3329.0,447.01396000441076,447.0085341164907,100.92973185781189
3330.0,447.2126613175308,446.9801896834606,100.55200515655346
3331.0,447.6830123775704,446.9519513286791,99.56978241303966
3332.0,446.6846032815307,446.9239888147848,100.05360336644722
3333.0,447.27310909904173,446.8958904278394,99.89300421694035
3334.0,447.1156738830285,446.8678371424885,101.17503988461044
3335.0,447.16859480279084,446.8394238187875,99.94692163071755
3336.0,447.3917162668167,446.8113553916296,98.60474002064296
3337.0,447.09403877067774,446.7836638938071,99.2631232187364
3338.0,447.5178544543212,446.7557875000365,100.84289105659346
3339.0,446.4880404979062,446.72746745479816,98.64069751836746
3340.0,446.6420860302766,446.69976585891175,99.75478602667158
3341.0,446.9589065368166,446.6717513898359,101.51289412554465
3342.0,446.08945549743095,446.6432431854023,101.44995088916866
3343.0,446.97518013198874,446.6147526575276,100.16922968133245
3344.0,446.82343558872486,446.5866217988588,99.66073428043339
3345.0,446.18355003505866,446.55863374264834,100.16252185211343
3346.0,446.2849868196261,446.53050476776156,100.74091126856554
3347.0,446.1939147760305,446.50221336184694,100.08255698920857
3348.0,446.1959814073627,446.47410684375916,99.43331623644417
3349.0,446.5629460998046,446.4461826541161,101.18720571083892
3350.0,446.6122923932073,446.4177659138456,98.93207001751276
3351.0,445.88587937422415,446.3899824908491,100.84663611670219
3352.0,445.6503007171076,446.36166139387296,101.00672081977554
3353.0,447.3009099341797,446.33329533977604,98.44550607732697
3354.0,446.2020352476611,446.3056485601527,100.45254060023704
3355.0,446.56156844336505,446.2774381383341,100.78501553360275
3356.0,445.31973374340134,446.24913434647175,98.70441325682621
3357.0,445.60897958701696,446.22141485708215,99.87540025989941
3358.0,446.2053840035676,446.1933665155092,100.72009452987737
3359.0,446.24145662404453,446.1650809556287,100.24194692835503
3360.0,446.0765044180165,446.13692967553294,100.43715875785905
3361.0,446.2525394309392,446.10872357344846,99.50468110277346
3362.0,446.12559040528697,446.0807793421721,99.24643267869374
3363.0,446.4309368128947,446.05290763566154,99.16721952917564
3364.0,446.32130066647113,446.0250581748437,99.85400384865268
3365.0,445.29254660048656,445.99701584209623,99.96956469408275
3366.0,447.3665197145991,445.9689410560113,99.8695638236838
3367.0,445.7598470661529,445.9408943535042,99.77807383797315
3368.0,445.7348043760984,445.9128733444347,101.68207530336345
3369.0,446.0095898085184,445.88431762828696,99.23954729428023
3370.0,446.224385121839,445.85644785542183,100.14858073732997
3371.0,446.24129989273484,445.82832279566475,101.06913954965671
3372.0,446.60117355670826,445.79993921230795,99.35023159931112
3373.0,445.67493304745864,445.77203835560044,100.4816171922873
3374.0,445.935602536212,445.7438197681056,98.74831000487686
3375.0,445.8084350807009,445.71608795104595,99.18654257338775
3376.0,445.7455868491154,445.68823306367324,100.3056963503714
3377.0,446.76612468337737,445.6600638806148,100.34360939186848
3378.0,445.41711996506916,445.6318840503106,99.25417467787278
3379.0,445.5207554556256,445.60401016958855,100.28247006460302
3380.0,446.0805297934761,445.5758475092454,99.66940053486142
3381.0,445.550516867235,445.5478570192619,98.60476529622383
3382.0,445.54838336744757,445.5201655143412,98.87881824572597
3383.0,446.32412060872247,445.4923970462172,98.02131913199777
3384.0,445.5195729556146,445.4648693924276,100.12573879512574
3385.0,445.2424081573345,445.4367507474493,100.37444495701929
3386.0,445.25323143292576,445.4085622574906,100.76730857609866
3387.0,444.6291592638452,445.3802634383321,101.37498527066407
3388.0,445.6088327179964,445.35179396330193,99.49780996259109
3389.0,446.08243966064936,445.3238516616708,100.16174181333623
3390.0,444.98132755437314,445.29572290584485,100.74861038702593
3391.0,444.8429604368371,445.2674293377612,100.58848862213311
3392.0,445.58669676733996,445.2391807372065,98.83476974540497
3393.0,445.3060994755618,445.2114246393696,98.11863841623527
3394.0,445.13755352348005,445.1838696550811,100.2348143323119
3395.0,445.51756687478695,445.15572037805606,99.36855307284881
3396.0,445.3050726382437,445.1278143760681,101.45413322326523
3397.0,445.62315350836053,445.09932267365457,99.38402048883547
3398.0,445.22328829523093,445.07141232790065,101.12630438554523
3399.0,444.58270846654966,445.04301269075233,100.35877346461207
3400.0,444.47997223514653,445.01482860187105,100.10061247343342
3401.0,444.97354641251917,444.9867170132014,100.25820727655089
3402.0,444.82884474159476,444.9585611666579,100.36311393401992
3403.0,445.443872470394,444.9303758588281,100.76931771561475
3404.0,444.92374364031616,444.9020764754363,100.91569046353733
3405.0,444.92579954867944,444.8737359856978,101.55812350441806
3406.0,444.362627706102,444.845215079347,98.80494072538639
3407.0,444.2366052646539,444.8174673584932,100.69401143673693
3408.0,444.7825506643023,444.7891891236148,101.40999193226895
3409.0,445.00059174271695,444.76070981754714,99.34492754197736
3410.0,444.29360923092474,444.7328104503958,98.94325275083902
3411.0,444.265572614166,444.7050238869149,99.52776088518829
3412.0,444.7159452269875,444.6770731740663,98.76103614008062
3413.0,444.3909318274625,444.64933778308364,99.58184014290376
3414.0,444.4339675729696,444.6213718829768,98.96303940380508
3415.0,444.7221154174525,444.59357976274424,101.84260339609594
3416.0,444.77198663933603,444.5649789649572,100.78531736238843
3417.0,444.43659560932707,444.53667508833126,100.14665887295592
3418.0,448.2700281196838,444.5085505682977,99.69226248863335
3419.0,444.2201632654856,444.48055365791555,99.53222214383003
3420.0,444.36519040468204,444.4526016921968,99.30552064375958
3421.0,444.6562542877587,444.42471339181606,100.02262643748344
3422.0,444.55035841341896,444.39662370422485,100.0433685012188
3423.0,444.5052695075263,444.36852819157076,99.56713789358402
3424.0,443.5566449819243,444.3405664203456,99.50036138306244
3425.0,444.3453389276195,444.3126234021906,101.36787107026193
3426.0,443.8731927684843,444.28415592506497,99.85045898879406
3427.0,443.8643577845095,444.2561145878323,99.90145009298558
3428.0,443.6635560102194,444.2280589305978,100.42796744744805
3429.0,443.9422077986045,444.19985540973965,101.04271197020613
3430.0,443.8632751407725,444.17147924812804,101.09770136043979
3431.0,444.1566647621104,444.1430876436627,98.69493001674029
3432.0,443.7883878855679,444.1153708174829,100.4836809103934
3433.0,443.8862855490112,444.0871516504273,102.18247645182504
3434.0,444.3838212918046,444.0584554049571,98.51714230047027
3435.0,444.16056013879825,444.0307885074944,98.78429797316235
3436.0,444.46708761917563,444.00304658381356,100.96729422833258
3437.0,444.0970346960417,443.97469160201774,100.48652213156831
3438.0,443.9497768749806,443.94647163705247,100.40997286944878
3439.0,443.62819109670824,443.91827316967164,99.85957753899227
3440.0,443.7414320147335,443.89022927164615,100.9907427102188
3441.0,443.13120721168036,443.86186770473495,99.274220053765
3442.0,444.28618844053085,443.83398819460325,98.76224522219931
3443.0,443.5457215838691,443.8062524640699,102.12954910967599
3444.0,443.1426325563491,443.77757108236165,100.68707600655577
3445.0,444.2077268953948,443.7492947951832,100.68293828614652
3446.0,443.4918984632314,443.72101967001447,101.37088979975562
3447.0,443.6232162721368,443.69255134512906,99.4500944069958
3448.0,442.526673539808,443.6646224436164,99.94621491994555
3449.0,443.73725398646997,443.6365542149264,102.60400747980974
3450.0,443.68758305344613,443.60773958949244,99.4277990953442
3451.0,443.9426598239899,443.5798169492465,100.60496452039511
3452.0,443.56868023993525,443.5515637217104,101.55539029370581
3453.0,443.18992843870967,443.5230435829362,101.84400632260032
3454.0,443.2288562456527,443.49444239116065,99.46978820767686
3455.0,444.2233958080126,443.46650795897233,99.32831929393545
3456.0,442.7733318224133,443.4386132559706,101.52696824412712
3457.0,442.639953265265,443.4101010990554,99.2423792111113
3458.0,443.0812293313712,443.3822305308936,99.76991500479681
3459.0,442.8112841144834,443.3542118130964,99.46882822071427
3460.0,443.1333749010683,443.3262776505044,100.14140785065294
3461.0,442.9136303809954,443.29815460513305,100.91017541898033
3462.0,442.9171077124536,443.26981566420284,98.26433244034138
3463.0,443.75132096862734,443.2422197641759,99.11235524421507
3464.0,444.19411565702796,443.21438571107814,100.31833609376315
3465.0,443.23916005754035,443.18621297835847,99.41674044778138
3466.0,442.86233318215943,443.15829344374936,99.72787715231031
3467.0,443.1567856996718,443.13028653158244,99.92592359511472
3468.0,442.81062170905227,443.10222400137286,100.77628686999131
3469.0,443.1674918514118,443.0739226608102,99.34048021878857
3470.0,443.25461304072957,443.0460245426153,101.03981800819956
3471.0,442.62705529065545,443.0176491937247,100.09132917957606
3472.0,443.1218234986712,442.98954021211347,99.69287301478086
3473.0,442.7342136138911,442.9615431302752,100.70616721442805
3474.0,443.2641821950026,442.9332614816491,99.55347198290819
3475.0,443.0572315480488,442.9053035482672,99.71109096109264
3476.0,443.23719790376987,442.8773013502223,99.1072147935342
3477.0,443.09871872852966,442.84946874073444,99.49590557972633
3478.0,442.87071142995563,442.8215269739175,101.72923670502009
3479.0,442.94796187782407,442.7929580132762,101.90763918522426
3480.0,442.76394395598294,442.76433895127167,101.09861696703679
3481.0,442.9406908448125,442.7359470896734,98.70607770092292
3482.0,442.8046570204165,442.7082271328524,100.79150793738286
3483.0,442.4428870464949,442.67992151770665,99.41262503308917
3484.0,443.14479265095747,442.6520031388432,99.9238589769903
3485.0,442.6502358929976,442.6239411884472,99.71506737055209
3486.0,443.314821531598,442.5959378736939,99.63523374780276
3487.0,443.09326252332926,442.5679569788831,100.99062393212395
3488.0,441.87631359170695,442.53959544532887,98.10144624299694
3489.0,442.5335213498214,442.5120452891756,100.52687704134172
3490.0,442.47526391488447,442.4838139912065,98.1174585567142
3491.0,442.40036949807507,442.4562593382618,100.49757916399236
3492.0,442.410297183452,442.4280362681132,99.07901354692903
3493.0,442.67663804668405,442.4002115784755,101.28555533677219
3494.0,442.74157117144534,442.37176721835175,99.94809758898754
3495.0,441.68296182083344,442.3436984609455,99.60283079548618
3496.0,442.45537756384243,442.3157266659638,100.72140149288738
3497.0,442.31956309462925,442.28744073904454,98.30099262524955
3498.0,442.67207085556794,442.25983454361557,99.53544156021037
3499.0,442.77082019707353,442.2318816737775,100.8789183268526
3500.0,442.7126905988443,442.20355151088063,98.90616853484039
3501.0,442.83909160461496,442.1757753618838,98.0346920762859
3502.0,442.40324860243965,442.1482439525257,100.6832225540697
3503.0,442.02952394884664,442.11996874752504,100.04516727448296
3504.0,441.86817986227663,442.0918727297155,101.08745710182163
3505.0,441.9936688393621,442.06348400217934,99.6035804126016
3506.0,442.24564446833267,442.0355119966802,99.0439113024378
3507.0,442.16119722399384,442.0076971649228,99.23468631359636
3508.0,441.9132797885304,441.97982875718304,100.83483316122162
3509.0,441.58256706734363,441.95151097487025,100.04754471913779
3510.0,441.8909912863968,441.923414289395,97.39056600817543
3511.0,442.1223727988116,441.89606377210765,99.0019925776851
3512.0,441.64834150518755,441.86826071252545,101.13345598480966
3513.0,441.94747504894957,441.8398590669697,100.13068444455278
3514.0,441.41315270167007,441.8117390330882,100.04732514483662
3515.0,442.1556894050406,441.78364240927664,98.52483843334834
3516.0,441.77980342327504,441.7559733504833,99.20262949077872
3517.0,441.61978965691964,441.72811394536797,99.02423786355124
3518.0,441.20932164821534,441.70030463856796,100.44799486665036
3519.0,441.7232748253826,441.6720954933429,100.48221464382368
3520.0,442.1920204717905,441.6438767380638,101.89797617025633
3521.0,440.98794023515023,441.615260389756,100.68787019412635
3522.0,441.5013890958058,441.58698387954314,99.40329931668754
3523.0,441.4515664960337,441.55906811965167,99.26505185196919
3524.0,441.46727026449173,441.5311911842566,99.80860270446318
3525.0,441.0316390264893,441.50316160166375,98.39523813387754
3526.0,441.22346275291545,441.4755289389544,100.27379357676654
3527.0,441.9135145800845,441.44736871525834,98.3424711311365
3528.0,441.89693065585715,441.41975087128236,99.9759735649774
3529.0,441.5504433092989,441.39167428537286,101.39840395521801
3530.0,441.4963129859442,441.3631982335954,99.70641337290267
3531.0,441.049199456137,441.3351973491732,98.91752402247678
3532.0,441.2570577674087,441.3074180111769,99.31272491515631
3533.0,441.75767536811907,441.27952768759656,100.54509485050609
3534.0,441.2250765171006,441.2512912734594,98.45314534525438
3535.0,440.74075704356784,441.2236423484749,100.17617465072898
3536.0,441.17976904113436,441.1955095394271,99.43871187633142
3537.0,441.6970930304448,441.16758383450855,101.40933037469854
3538.0,440.63574049179647,441.1391047142283,99.369621152043
3539.0,440.9728103965865,441.11119841228816,97.42600268295698
3540.0,441.00897411424774,441.0838379432013,99.0556181826784
3541.0,441.33869176952027,441.05601982376174,99.65104098609886
3542.0,441.3506222488205,441.02803448975146,99.9814379205615
3543.0,440.67412140491433,440.9999563692687,99.51998550707462
3544.0,440.88310334934005,440.9720078400055,100.48682919562157
3545.0,440.60964935006183,440.94378778880645,99.97862217895252
3546.0,441.2586608993547,440.91571045907784,98.77279287439949
3547.0,440.8748654638768,440.88797176641225,101.34051373054668
3548.0,440.469214541995,440.8595119721396,100.73694691228401
3549.0,440.3932396687723,440.8312216795484,99.81965267338444
3550.0,440.7484451802918,440.80318899375595,99.99759055954753
3551.0,441.1361247531824,440.77510633707385,99.00825589986609
3552.0,440.59413905641884,440.7473015185419,101.28128517997125
3553.0,440.9596799832183,440.71885835762055,99.41765409434508
3554.0,441.12743586922403,440.6909385664291,101.35998871019369
3555.0,440.65126575710553,440.66247330293294,99.19514710777591
3556.0,440.05886787630214,440.63461599912023,101.20484365395968
3557.0,440.92765380737615,440.60619430552737,99.78128939169856
3558.0,441.1642047298997,440.57817239342324,99.20425209928891
3559.0,439.6853067677225,440.55031253262536,101.36942188441063
3560.0,440.5190300549507,440.52184461997945,99.47785504720972
3561.0,440.6142926440952,440.4939079223537,100.58571796762071
3562.0,440.24687449879343,440.4656600998911,98.21371763774297
3563.0,439.9179876956586,440.4380784141879,99.29223213999126
3564.0,440.2570084013219,440.41019384566187,99.94656382796556
3565.0,440.29871863207256,440.38212551898687,98.48132423177809
3566.0,440.7641323501595,440.35446868043175,98.38318278994092
3567.0,440.00735027915465,440.3268394032649,100.66919445129125
3568.0,440.05442766470514,440.29856813782317,100.14778606427174
3569.0,439.88849568432335,440.2704433012368,98.93678644262678
3570.0,439.5206713247314,440.24265855371084,100.48697760105374
3571.0,440.09532615108037,440.2144384608346,99.4423079689644
3572.0,439.5656214234407,440.18651174601325,99.0650454605427
3573.0,440.1770127971775,440.1586909790797,99.37600213029673
3574.0,440.5910287312211,440.13078288514816,100.78904703711815
3575.0,439.9218374312874,440.10247796110525,100.13762992412387
3576.0,439.54210243062954,440.0743559767016,100.06851813880319
3577.0,439.7347892965669,440.0462534011909,99.73566562850634
3578.0,440.33264037885715,440.01824430176026,99.41539316645758
3579.0,440.3892794604787,439.99032514551266,101.43247554992136
3580.0,440.25527900188115,439.96183952529566,99.0454996491173
3581.0,440.4782262956916,439.93402424747757,99.07962108049833
3582.0,439.41697240123835,439.90619938722415,97.88203352848709
3583.0,440.3739533963049,439.87871084947494,99.8233881355724
3584.0,440.4807680217189,439.8506771146401,100.91191991766107
3585.0,439.4913841718764,439.8223376837966,99.52128176806146
3586.0,441.848475248809,439.7943887905001,98.68050866255795
3587.0,439.2979796666271,439.76667601431734,100.21181141616063
3588.0,440.53899432890404,439.73853319727795,101.34568912171281
3589.0,439.37419798077974,439.710071949583,99.23743045425053
3590.0,439.2794810443063,439.68220277119707,99.23114547877321
3591.0,439.7601043871412,439.6543353578417,100.01375589383419
3592.0,439.1214317364569,439.6262481613949,99.29132068039836
3593.0,439.6606289628014,439.5983638488372,100.8763519418969
3594.0,438.90077731963373,439.5700344066668,100.18047271245727
3595.0,439.6977249058997,439.54190039058005,100.50035961044185
3596.0,439.7199453097155,439.5136765395895,100.2918124477667
3597.0,439.5755763399602,439.48551125559374,98.44832844671912
3598.0,439.60374404673564,439.45786368335496,100.02922310419017
3599.0,438.77132606048735,439.4297721431999,99.89100017963963
3600.0,439.5929693004977,439.4017194206494,100.461494639144
3601.0,439.92165494353054,439.37350648423825,98.5401600366628
3602.0,439.55323036487226,439.34583312262794,100.10784284251167
3603.0,439.58939672247976,439.31771950342966,101.98598469029966
3604.0,438.67383412575975,439.28907843939584,99.83761584149237
3605.0,439.35940816584485,439.261040708947,101.07957888303491
3606.0,439.2756267397414,439.23265419387735,99.20700486234358
3607.0,438.99694986142833,439.2047935600118,99.46588189216472
3608.0,438.75327016578933,439.17686022484713,100.0681764314065
3609.0,442.1505458539451,439.1487577452993,99.36457607250674
3610.0,439.1850829765339,439.1208528601856,101.71872486851639
3611.0,438.86186827702204,439.0922868516184,98.26224349552851
3612.0,439.309775861004,439.0646915382367,99.36717185095831
3613.0,439.73982115470795,439.0367859241419,99.69620295676435
3614.0,438.48736751442135,439.00878790714484,98.26431739172514
3615.0,438.60541215797844,438.981192011344,99.69443417925368
3616.0,438.249802846501,438.95319449107865,100.08644797724054
3617.0,439.31374524064455,438.92508688027175,99.76941503005065
3618.0,439.0412066358504,438.8970683028842,99.78735877947763
3619.0,438.8893006047244,438.8690446862936,99.59011806040223
3620.0,439.3866637654935,438.8410764614716,97.81511635084289
3621.0,438.5551016610473,438.8136067162964,100.26134119914526
3622.0,438.828383600775,438.785449989643,100.0597751920327
3623.0,439.31572800887267,438.7573498694432,99.36062854274545
3624.0,439.2615045413033,438.7294460929275,100.3785562755958
3625.0,438.63269876321596,438.70125644837344,98.52797342230465
3626.0,438.6706593042632,438.6735865091706,101.13294817810652
3627.0,438.11497912368014,438.6451850062239,99.04458676119152
3628.0,438.9935436725619,438.61736998477517,99.33900543235903
3629.0,439.02584498815344,438.5894722807496,99.68054888252216
3630.0,438.7559890810426,438.5614786599384,101.42407486004163
3631.0,437.89826693714633,438.5329953989152,100.4916748714458
3632.0,438.77738431504525,438.50477398688884,101.42655465683868
3633.0,438.88565197251984,438.47629002945604,99.78713241800894
3634.0,438.6426565346491,438.4482664764353,100.99335919028118
3635.0,439.2972896982219,438.4199041747294,98.85569034235289
3636.0,438.8055314811685,438.39214220169157,99.86810194526855
3637.0,437.9019177166221,438.36409590972863,99.06546705129992
3638.0,438.3342135092412,438.3362750243984,101.5700031164086
3639.0,438.36702338159165,438.30775078185656,100.26134026134743
3640.0,437.90853279555637,438.2795940554665,99.94513974357332
3641.0,438.2500022804855,438.25152612872176,99.95371517865318
3642.0,438.40015587822006,438.22345579370915,100.59581780744054
3643.0,438.355224765835,438.1952051348749,100.07099723098577
3644.0,438.54896959770883,438.1671018631525,100.37129463602793
3645.0,438.01253052403223,438.1389142579089,101.80475128636456
3646.0,438.21701921926103,438.110324090256,101.38532536673462
3647.0,437.8043848462843,438.08185171138217,99.31351214841106
3648.0,438.12242206267126,438.05396116672046,100.51653772267439
3649.0,437.6220406070019,438.02573277237667,100.91360373443334
3650.0,438.2021614625072,437.9973928686612,100.04783154980771
3651.0,438.08272720830115,437.96929610263436,100.80288707223305
3652.0,437.60282360133573,437.9409872918483,98.48010108795108
3653.0,437.7962022285225,437.9133307967927,100.4644928741286
3654.0,438.08778375048445,437.88511701837723,100.26949265494352
3655.0,438.0423891500113,437.8569580025233,98.59141373173019
3656.0,437.26488156921255,437.82927024716696,98.37980039849425
3657.0,437.7089968546631,437.80164191988837,99.5621715814311
3658.0,437.6928892231792,437.77368154336926,99.85006673624866
3659.0,438.16064476249136,437.7456403162942,98.8388156904627
3660.0,437.23377815907736,437.71788308222114,100.31190935473147
3661.0,437.4908698722788,437.689712154344,98.46247825261975
3662.0,437.99193348905135,437.66206060836805,98.8506674529591
3663.0,437.17155109585826,437.634300045925,101.05857043372379
3664.0,438.05016550743636,437.6059194307282,99.09285415752193
3665.0,437.5329616894139,437.57809085418563,100.09105344957898
3666.0,437.86396237922213,437.54998195000854,100.2004606977533
3667.0,437.0978100863842,437.5218423206293,101.2458482037138
3668.0,438.6470475203366,437.4934091115921,99.19956192169604
3669.0,437.8132729875832,437.4655505679524,100.2008428011178
3670.0,437.8862516053147,437.43741083126577,98.76985576081128
3671.0,437.90381118360307,437.40967296343956,101.72350603510498
3672.0,437.2506397932637,437.3811056121614,99.41576130193886
3673.0,437.9920625165311,437.35318635252906,100.20200417590915
3674.0,437.56901878966636,437.3250462896897,99.61810160020525
3675.0,437.6174353553295,437.29707020615695,98.21103008455091
3676.0,437.5269745588646,437.2694892752082,100.17655496891932
3677.0,436.99683250303144,437.2413563593544,101.51519630962102
3678.0,437.38600159735824,437.2128475083908,101.07850644020931
3679.0,436.87423177793204,437.1844612944988,100.93965516272456
3680.0,437.0862779492827,437.15611407467395,98.6834566134362
3681.0,436.5636572434833,437.12840047060837,100.21130541939797
3682.0,437.1092358960663,437.1002577956698,98.27968188731809
3683.0,436.6607445936857,437.0726575850064,99.54397277787609
3684.0,436.5102578778771,437.04470231931793,100.97368676401021
3685.0,437.07978057049417,437.0163455422851,99.26178308240353
3686.0,436.93665174781864,436.9884695248694,98.04567456063825
3687.0,437.473648450302,436.96093503126366,102.12267036745037
3688.0,437.3387012125042,436.9322555813354,99.13450576019473
3689.0,436.98799389194045,436.9044153076344,101.6907753744548
3690.0,437.4632700066312,436.8758571482168,99.41700877697788
3691.0,436.7117479487176,436.84793753825187,100.26195951472442
3692.0,436.8732517931502,436.81978063795486,100.43856388535583
3693.0,436.58226156333956,436.79157414126377,99.3099156519121
3694.0,436.32596121095145,436.76368460661814,99.21479337518483
3695.0,436.74806329916737,436.7358217854786,99.25292496471023
3696.0,436.7175859051313,436.70794825571767,97.6775959180758
3697.0,437.0486614771549,436.680517130864,99.97021306807825
3698.0,436.5481000156685,436.6524421626941,100.41342782796865
3699.0,436.29649806887716,436.62424272504575,99.36619176150634
3700.0,436.76020616406265,436.5963373861927,99.79404048451441
3701.0,437.1216121364378,436.5683118931566,99.88757825861238
3702.0,436.5716070135243,436.54026013159563,100.23770151852756
3703.0,436.92177171866336,436.51211004375256,100.22399339389776
3704.0,437.3510936040378,436.48396380560774,101.31396542451226
3705.0,436.8403449025269,436.4555114669843,99.4050680939151
3706.0,436.10746959273456,436.4275952103613,98.48344602736427
3707.0,436.81357070797486,436.39993777593526,101.538020075313
3708.0,436.44047043780176,436.37142251529747,98.12696264906675
3709.0,436.9340324847158,436.3438651932869,99.35775566601
3710.0,436.19415571501986,436.31596222357064,99.10480195949731
3711.0,436.51274736550613,436.2881302916871,100.13260841072466
3712.0,435.64091103727947,436.2600097174917,99.90653059426947
3713.0,435.5680922994998,436.23195263348316,100.37037379659898
3714.0,436.5599536620175,436.20376528684193,98.83690979022367
3715.0,436.35491969231055,436.1760085880092,100.03144601615992
3716.0,435.7221472871848,436.1479164235863,100.17056434542103
3717.0,435.82175986036316,436.1197851900993,99.49968461075561
3718.0,435.9590835681809,436.09184236200446,98.82175005507311
3719.0,436.4255838113288,436.0640899205307,99.39547290432631
3720.0,435.8747716927715,436.0361763585567,98.49696306720311
3721.0,435.6990166121875,436.0085151280953,100.0555327035493
3722.0,436.4656038701859,435.98041619932775,100.68964806464393
3723.0,435.7548228580918,435.9521391898296,99.83971681067257
3724.0,436.0083375366864,435.9241008693586,100.1147133529111
3725.0,436.62239053993494,435.895985320692,101.12105071887194
3726.0,435.3093774310101,435.8675871589484,99.37079541758835
3727.0,436.46838209777536,435.8396805272353,101.29504189298137
3728.0,436.170878836999,435.81123350297037,100.20920740897763
3729.0,436.21365589642204,435.78309141722303,100.77235246893996
3730.0,435.2207919411945,435.75479118157136,99.77162464193513
3731.0,435.70143033521504,435.7267719836511,99.97746616106818
3732.0,435.8255962546867,435.6986949785708,99.8082983160113
3733.0,435.31133951926677,435.67066548146045,100.79307782640201
3734.0,435.60863238231656,435.64235942543746,101.95221577463506
3735.0,434.9075729588478,435.6137278448408,97.77697683007818
3736.0,435.90505876361846,435.58626881051435,100.92415922638796
3737.0,435.3085115244324,435.5579259424649,99.45897704301807
3738.0,435.8283560292071,435.529994546412,100.66589271511026
3739.0,436.06628195271884,435.50172420820786,99.56227939407486
3740.0,435.0481978605627,435.47376380141134,98.9342330271148
3741.0,434.88918380909325,435.4459797709696,100.31933718145858
3742.0,435.60942329934056,435.4178067571111,99.55147091897118
3743.0,434.99966015976287,435.3898493856947,100.55270457390016
3744.0,435.8156040810524,435.36161083449355,98.48290747262679
3745.0,435.7990748203851,435.33395355131165,100.62544132858207
3746.0,434.79497038973955,435.3056945732052,99.05880472389245
3747.0,434.91815002674485,435.2778755588785,100.65391496951192
3748.0,435.25811064180056,435.2496085844246,99.51435856285383
3749.0,435.4865561543175,435.22166163539487,99.38062999869024
3750.0,435.3908665087009,435.19375224180357,99.24250230900547
3751.0,434.7856176740233,435.16588163907176,100.7729395058316
3752.0,435.2344694944086,435.1375812385606,100.43211960025322
3753.0,433.88631993833826,435.1093765516395,98.18119128341958
3754.0,435.0055204857493,435.08180400042073,99.05048958818372
3755.0,435.25328894379237,435.0539873212614,99.0468548363562
3756.0,435.0858851341104,435.0261716628615,101.23141430089747
3757.0,435.3495013824423,434.9977425073454,98.33630395414393
3758.0,434.8862518219182,434.97012639531823,100.75049247609637
3759.0,434.7212699645144,434.9418322986812,101.75080164307745
3760.0,434.0503158822326,434.91325728188644,98.97476442712482
3761.0,435.16795227525165,434.88546186887646,100.89331114461264
3762.0,434.84892500670554,434.8571276639967,98.89928794147566
3763.0,435.2329543620085,434.8293534472998,100.47316897093194
3764.0,435.1976619603039,434.8011372323472,97.32444117051529
3765.0,434.7772529743076,434.7738052851184,99.89231463728639
3766.0,434.4683060178022,434.74575219342444,99.53306163056278
3767.0,435.20773075115216,434.71779999194985,99.35160519671064
3768.0,434.91223082726106,434.68989874949045,98.07819082516049
3769.0,434.58157463055096,434.66235512423367,100.44176053128022
3770.0,434.5785709795202,434.6341477298178,99.9083992465709
3771.0,435.42850903040875,434.6060901210294,100.15896991748977
3772.0,434.2538144101506,434.5779621436443,100.3885915256246
3773.0,434.58853808787705,434.5497696808575,98.68275139284687
3774.0,435.3822799243248,434.52205627484136,99.7458438148415
3775.0,435.03905981029146,434.49404431703664,100.05155647897575
3776.0,434.7740152465807,434.46594650492545,99.20083118562198
3777.0,434.1808963242805,434.4380876048342,99.20880885428292
3778.0,433.95400419132017,434.41022646434766,100.76665360316926
3779.0,433.3809047050298,434.3819278291274,99.4874264702988
3780.0,434.96366121232984,434.353988443527,99.09562663039803
3781.0,434.0558178356598,434.3261590883816,101.1381895566472
3782.0,434.4621642338959,434.2977561134811,100.35957742426469
3783.0,434.3044671911726,434.2695717988211,99.66303773880247
3784.0,433.82428844715145,434.24158309572283,100.10548960339379
3785.0,434.0711396664491,434.2134701373925,99.5822144077693
3786.0,434.168349126417,434.1855041321797,99.6497556219957
3787.0,433.9465055999837,434.1575191591425,99.97236193695336
3788.0,433.90661126744175,434.12944358749854,100.55567846796347
3789.0,433.6595920297962,434.1012042011288,98.65571244365518
3790.0,435.0024727293598,434.0734983885509,99.67158950467565
3791.0,434.1274596400837,434.0455072838316,99.67389308748231
3792.0,433.2914202958366,434.0175155321896,99.05837078620306
3793.0,433.9734564448627,433.9896966397271,101.50085275793708
3794.0,433.9581899100563,433.9611918169109,98.9168202986646
3795.0,433.53431078500404,433.9334126765437,102.2124724237386
3796.0,433.00152404333676,433.90470800720465,99.04421014122512
3797.0,433.6328201953633,433.87689309152336,99.72856778728747
3798.0,433.2061208489627,433.8488859854031,99.99319922413227
3799.0,434.1285438074522,433.82080456195433,99.50641332605045
3800.0,433.71511285842945,433.79285984421193,99.96682738819317
3801.0,433.88537675683574,433.7647858268537,99.33898747967996
3802.0,433.6984764771495,433.73688812786986,98.24635612433022
3803.0,433.6535191892939,433.7092972761916,100.08493053223215
3804.0,432.8620856671864,433.68119009153384,100.72914233170637
3805.0,433.23358954914056,433.652901990729,97.66942012952217
3806.0,433.4776455450514,433.62547316190927,99.46502358606872
3807.0,434.00031632196163,433.59754006778553,101.7014689514296
3808.0,433.7251952444379,433.568978905255,98.77644550587263
3809.0,433.7689065921049,433.54123918680875,100.71949807201935
3810.0,433.4196571766051,433.5129537944335,99.22964075944341
3811.0,433.17877848996613,433.4850868036536,99.1484266056703
3812.0,433.3273642532651,433.4572426205152,101.08534690761729
3813.0,433.5933639180744,433.42885448559196,99.52155038646023
3814.0,433.86014195294183,433.4009055168585,100.18445594019677
3815.0,433.3488430374631,433.3727703821486,100.31724011306268
3816.0,433.30625283155604,433.3445979572168,100.65694486132062
3817.0,433.397860819536,433.31633013186826,99.9035121168079
3818.0,433.9673104325786,433.2882738955488,99.65521651351878
3819.0,433.3467560350262,433.2602873889112,99.95155673494433
3820.0,432.7004137955317,433.2322176600615,99.33036002270009
3821.0,433.42625403271626,433.2043223839551,99.98057749287284
3822.0,433.4313837292643,433.1762445051092,98.95016102160052
3823.0,433.42594157943495,433.14845600155564,98.89608336932356
3824.0,432.44794017978927,433.1206826848094,99.3555637788894
3825.0,433.83405566516495,433.09278033064817,99.92920232088092
3826.0,433.1929484615984,433.0647168796631,101.2093644863347
3827.0,432.50314419147816,433.0362939164698,98.9422937212282
3828.0,432.5856042766607,433.0085076223165,100.27904154234749
3829.0,432.5553912854459,432.9803459248167,99.34554612338461
3830.0,432.5936735313353,432.952446383947,98.97337824753882
3831.0,432.8648143967465,432.9246513602225,100.03135429022733
3832.0,432.3542222236882,432.8965592215593,100.48029321147955
3833.0,432.54088533369645,432.8683410058824,99.86206121635274
3834.0,432.6763073754985,432.8402964103575,99.56952713360309
3835.0,432.67833336909956,432.8123339681541,99.54258516528633
3836.0,432.6627302788783,432.7843790921536,99.2402006475584
3837.0,432.6872149457077,432.75650913580506,100.85147241668929
3838.0,431.26190797875296,432.7281866806347,99.82137594691056
3839.0,432.936529391013,432.70015351088955,99.7492953602953
3840.0,432.82087234136907,432.67214058377596,100.6618733364428
3841.0,433.24319198012586,432.64387137434727,100.36018111326028
3842.0,433.3973689008679,432.6156868901513,100.30737384497849
3843.0,432.8977219654429,432.58751723599653,99.83422448044782
3844.0,432.6854066042568,432.5594804579549,100.89296784279767
3845.0,432.4022299874912,432.5311463494857,98.88556523210117
3846.0,433.158052479955,432.503375986583,100.76728567355597
3847.0,432.60995879281035,432.47507717385633,99.04583430105556
3848.0,432.3007612437233,432.4472618020568,102.0447948777422
3849.0,432.20256324002366,432.418604222162,98.42697856768902
3850.0,432.64393846033,432.39096264568093,100.89814983354005
3851.0,432.0868595263711,432.36262708193595,101.39778620333165
3852.0,432.4604201062801,432.3341512036439,100.45410288782735
3853.0,432.33362520271595,432.3059403430829,100.65437177545503
3854.0,432.3380279560176,432.2776732403426,99.89576477712832
3855.0,431.9077165974706,432.2496191797344,99.32553798123814
3856.0,431.781203039969,432.221725257818,101.45029300317401
3857.0,432.18869309500417,432.19323463386627,99.61654905291859
3858.0,432.14396824911785,432.1652589863406,99.10834068359183
3859.0,431.8180291991889,432.13742606066523,100.68214178107871
3860.0,431.746181687863,432.10915115918175,99.94065572193293
3861.0,432.58928358811727,432.0810844916998,99.45196224826088
3862.0,432.17797007253296,432.0531550656351,101.27580683988292
3863.0,432.16342135556573,432.02471344321424,100.36337664328931
3864.0,431.629488667428,431.99652806160697,99.07236821678022
3865.0,432.6202481207044,431.9687052381994,101.24368114551389
3866.0,431.7631891736885,431.9402726377444,98.91787445043572
3867.0,431.74041368828813,431.9124932013362,100.38309222177463
3868.0,432.2568156089317,431.88430228293726,98.2319327527348
3869.0,431.3094459210052,431.8567154818225,100.60651073264056
3870.0,431.9112526066899,431.82846182005846,100.91860883529546
3871.0,431.4685770030867,431.80012051074385,99.63925703346132
3872.0,431.21138922384176,431.7721384860603,100.49603917945352
3873.0,431.18713467247255,431.7439158483907,101.59750740953953
3874.0,431.26039543747106,431.71538388172655,99.47178035099081
3875.0,431.4043334986095,431.68744889007803,100.83589783116514
3876.0,431.277273409039,431.6591308087704,101.10817249285407
3877.0,431.5659358570554,431.630736263662,98.6898739764546
3878.0,431.85171326912206,431.6030208573869,99.71006863106811
3879.0,432.0719919209518,431.5750189464464,100.17054966660905
3880.0,432.1045892412982,431.5468877170817,99.61891312417652
3881.0,430.70866984640173,431.51891140564595,100.59413754806371
3882.0,431.0555387872813,431.4906612186846,100.27768721310615
3883.0,431.4147750857675,431.4624999015255,99.50017285495404
3884.0,431.29041050279193,431.43455693631546,100.90519483295357
3885.0,431.51138755305817,431.4062193940999,98.97108387584548
3886.0,431.9463901589172,431.3784250147114,99.65685568987031
3887.0,431.10311660464384,431.35043804773846,100.21189524290459
3888.0,431.03719797705037,431.32229520715777,101.28784054039494
3889.0,431.0627731679936,431.2938502052727,99.7060766756857
3890.0,431.359602787083,431.26584941540625,101.48800811627294
3891.0,431.0812459658277,431.23734819979364,99.86139265857025
3892.0,431.485521892197,431.20930379202196,101.16602486420683
3893.0,431.2066303797306,431.1808930000393,98.96638626309174
3894.0,431.7120512623222,431.1530999398971,101.07849676731495
3895.0,431.0727003018623,431.1247137287216,99.40266474794514
3896.0,430.8080582754825,431.09679814703816,100.71302301319338
3897.0,431.43165305492283,431.06851457307533,100.25952465584345
3898.0,431.2139562585908,431.0403583565678,98.82427669751735
3899.0,430.530197838706,431.0126052055286,98.28976787512741
3900.0,430.8159763396104,430.98500216238364,100.03218430830547
3901.0,428.1188149623447,430.95690979062374,98.41934650960361
3902.0,430.8194422565973,430.92927035747897,99.22929120501192
3903.0,431.4304889488358,430.90140346486555,101.68675714578308
3904.0,431.6613595288477,430.8728464339004,99.47126135362839
3905.0,430.90716406189733,430.8449115880036,101.00279043323181
3906.0,430.77608794777046,430.8165466376903,99.99248389635933
3907.0,430.97129168351876,430.7884654151294,99.09246404277582
3908.0,431.3512098335116,430.76063694814405,99.16696469307361
3909.0,430.2449276365533,430.73278755889277,101.45815273884652
3910.0,430.20745754264993,430.70429472766523,99.30750557938565
3911.0,430.83515085494065,430.6764058698484,99.42611092464425
3912.0,430.7552432428389,430.648483703697,101.08403669842848
3913.0,430.4202474065616,430.6200959367242,99.46839068006355
3914.0,429.47936157121916,430.5921618970082,99.32608655842841
3915.0,430.72395837428314,430.56426782103307,101.18564719334827
3916.0,430.48459190952866,430.5358515184463,100.08645903943386
3917.0,430.3835617078682,430.50774390453273,102.64765547528076
3918.0,430.28334255807863,430.47891702128675,99.40547185139273
3919.0,430.4456079681616,430.45100065127514,99.78280526144918
3920.0,428.645464411822,430.4229783134642,100.3543878984237
3921.0,430.4570948791968,430.3947954561961,98.53076575010452
3922.0,430.43982515211025,430.3671247328146,99.83832026774027
3923.0,430.0672712532126,430.33908680453936,99.13145832787355
3924.0,430.3776928013441,430.311247386659,97.25837542734354
3925.0,430.21761474389706,430.2839339928932,98.97343385562256
3926.0,429.82478820316703,430.256138953552,101.99662283818046
3927.0,430.55181895489,430.2274949019717,99.32438281155271
3928.0,430.24466678437324,430.19960130446543,100.3226668424041
3929.0,430.95633635917255,430.17142735552716,99.37419429815286
3930.0,430.1205940839339,430.1435197692951,97.92880639037115
3931.0,430.05990503433975,430.1160180961671,100.10738487433046
3932.0,429.7909924295404,430.08790460558157,100.27053009193888
3933.0,430.72271862187415,430.0597452983808,100.4810935505066
3934.0,430.09766483919054,430.03152685794197,100.2108597804083
3935.0,430.4146081736638,430.00338430815367,102.39947923735622
3936.0,429.56222005512245,429.9746271210679,98.93878572276459
3937.0,429.50660413486384,429.94684181207737,99.63792923641353
3938.0,430.05313149159286,429.9188601602835,99.24679776068079
3939.0,430.4745946369183,429.8909883512457,100.4625108877977
3940.0,430.1687702827988,429.86277512943803,100.3554448841792
3941.0,430.4631502305176,429.83459197533307,99.20743051551815
3942.0,428.8384999839423,429.80673122193,101.30013506933544
3943.0,429.05073488704613,429.77828276733135,100.20962197217654
3944.0,429.60845961705184,429.7501405651608,99.43577229902765
3945.0,429.7531410636261,429.7222156857735,100.05770630255846
3946.0,429.8575528402561,429.69411614658685,99.71349642548107
3947.0,429.64681874437525,429.66611327300734,100.46674934155435
3948.0,429.50948423578393,429.63789886090063,101.12643482834423
3949.0,429.7434227324603,429.60949918711964,99.48862026138079
3950.0,429.59574902830195,429.5815594662629,98.38582224176373
3951.0,429.29550438710254,429.55392944785,100.16258389489813
3952.0,430.2842942353781,429.5258004555396,100.34662085784433
3953.0,429.29690658610934,429.4976197795153,100.24823288926262
3954.0,429.8451348752046,429.4694667341122,100.4133445196768
3955.0,429.2394181706963,429.44126731985966,102.4063051146497
3956.0,429.2017776417944,429.4125082158399,99.80691772527929
3957.0,429.23226824342026,429.3844791064454,100.70994787236063
3958.0,429.8098947744366,429.35619639608456,100.25961413967786
3959.0,429.3126402203205,429.328040154447,102.50100556785496
3960.0,429.8742706389899,429.29925445538333,99.7924938913145
3961.0,429.2541222095109,429.27122939668226,99.33740856081317
3962.0,429.3219881369552,429.2433321411114,100.48922288702265
3963.0,430.1053272809014,429.215111417684,98.89632134952457
3964.0,428.5570818260865,429.187338034105,101.17076523856913
3965.0,429.3459239105799,429.15892591086714,99.47826157026323
3966.0,429.91295618780083,429.13098909907615,99.95070996718441
3967.0,428.8416927585568,429.10291960802704,99.820125068844
3968.0,429.01975898087693,429.07488678957026,99.11855368149871
3969.0,429.4718901962795,429.04705099574466,97.80714814497476
3970.0,428.3156413313964,429.0195834883073,100.90956275565362
3971.0,428.10371266758597,428.9912447194334,100.34075276933537
3972.0,430.79112727364577,428.963065691364,97.47893517540423
3973.0,428.52234065734797,428.93569035706895,99.59302734540569
3974.0,428.4185758880247,428.9077213152228,99.7762671689708
3975.0,428.7822785190906,428.87970081352614,100.7826203691709
3976.0,428.7386400218665,428.8513976943058,100.01102700561462
3977.0,428.72478544642934,428.82331126422173,100.21203546505585
3978.0,428.358759303954,428.79516838426196,100.31112622003303
3979.0,428.80745177261264,428.76699767631516,99.49587149977107
3980.0,429.2351944126012,428.73905591906896,99.2091844052
3981.0,428.75341576032986,428.7111946731152,99.52966540761552
3982.0,428.15610402192755,428.6832434254132,101.72057299427694
3983.0,428.36467479104556,428.65467689783065,99.58285761992552
3984.0,428.7727072128732,428.62671071198235,100.10079384173038
3985.0,427.73714827342144,428.59859907237853,101.63110529628918
3986.0,427.986235433053,428.57005767030773,100.77203368683621
3987.0,428.960782122351,428.5417575241807,101.59357233511757
3988.0,428.88784188739453,428.5132266626166,100.35428837775994
3989.0,428.5430026146604,428.4850438332972,99.06114745984897
3990.0,428.19549382468915,428.45722416105224,99.71354427426813
3991.0,428.96237386870985,428.42922127403517,100.58962381073624
3992.0,428.001298158964,428.40097235468164,100.96866760940146
3993.0,428.5284564834802,428.3726169871947,100.65279261300678
3994.0,428.505778967218,428.3443503279359,98.81560790289734
3995.0,428.3946966966635,428.31659961138314,99.24198158490054
3996.0,429.1061539224107,428.2887291548881,100.0648167659683
3997.0,428.52943677042606,428.2606276188463,100.0372551498674
3998.0,428.19851802061004,428.232533823025,100.44434399488586
3999.0,427.75602159716516,428.20432570308645,99.29525722412986
4000.0,427.74654446215783,428.17644028501604,99.95300686982172
4001.0,428.0557593016849,428.1483701489201,101.19551265306508
4002.0,427.3281931208126,428.1199510757833,99.26510206930634
4003.0,428.3817995847863,428.0920741262855,98.92828370617617
4004.0,428.52039541595406,428.0642917666114,100.17122004633231
4005.0,428.41135744798055,428.03616034898175,101.28133325076483
4006.0,427.93156795114294,428.00771717456047,99.1645333575398
4007.0,428.1044714571463,427.9798684681092,100.4596621769991
4008.0,428.10748441398295,427.95165604631455,98.80044404087243
4009.0,427.83386887666825,427.92390958827974,100.94338342585262
4010.0,427.8600469793645,427.89556132143423,102.39642993320285
4011.0,427.66240050603943,427.86680499069473,101.80229144422792
4012.0,428.11908711808024,427.83821551384744,100.49665144912154
4013.0,427.5545759126085,427.8099927042322,100.09575440519716
4014.0,428.0590286018567,427.78188247987003,98.84418613569979
4015.0,427.05404874468763,427.7541237375969,101.14163229171642
4016.0,427.44794007759583,427.72571979586166,100.40042707781484
4017.0,427.3663633403053,427.69752400925734,100.99349592469814
4018.0,427.644485096589,427.6691616691518,99.75296737760847
4019.0,427.8245841001662,427.64114771081324,98.35684952375108
4020.0,427.8149988683897,427.6135258289053,99.68178345235903
4021.0,427.8041645944393,427.5855318613858,99.9099779876399
4022.0,427.9574332057574,427.5574738092343,99.68836695912458
4023.0,427.2812134837534,427.5294779928466,100.93149651081785
4024.0,426.930437267637,427.5011330642431,99.27255938075736
4025.0,428.04785472013555,427.47325402048364,100.843226827645
4026.0,427.05861771497615,427.4449338809496,100.96861853854617
4027.0,427.2598880370577,427.41657852724336,99.96820029282924
4028.0,428.1670396932478,427.38850412432777,98.89336343950363
4029.0,427.6850354917582,427.3607315714285,99.83118172335139
4030.0,426.9653429294662,427.3326956478945,100.71379757668102
4031.0,427.3439831103941,427.3044118564084,101.01153525520274
4032.0,426.92886227137365,427.2760444502576,100.72360421764964
4033.0,427.23848722859407,427.2477579047398,100.89210294839012
4034.0,427.38799110611836,427.21942403916177,98.58505435724112
4035.0,427.0430051983695,427.1917380697298,99.89151998350603
4036.0,427.019761365192,427.16368520120113,98.34790254561707
4037.0,426.7788853192699,427.1360658319029,100.24776609061225
4038.0,427.78977237267856,427.1079129175924,99.71425057275826
4039.0,426.6778016025682,427.0799098322233,99.58523396365857
4040.0,427.70326826610375,427.0519429790184,99.26855157000905
4041.0,426.65882312851363,427.02406506078586,100.37608456556451
4042.0,426.6691968038675,426.9958761103704,99.77215005222492
4043.0,427.17726938794476,426.9678567648974,99.55735530540602
4044.0,426.85686380392116,426.9398977409491,99.51444767603549
4045.0,427.1983272170699,426.91195076689337,98.0024945664072
4046.0,426.5172638872734,426.88442839966933,100.18167701544142
4047.0,427.43004638029964,426.85629404537417,100.35839327444845
4048.0,427.7278973551641,426.8281100632629,98.35258338890665
4049.0,426.38778868505784,426.80048937942786,99.33875783267341
4050.0,427.3405181517824,426.77259174493656,99.7965889061027
4051.0,427.3688171308056,426.7445655362188,99.46189811426996
4052.0,426.73403440957134,426.71663331983166,99.88249093745087
4053.0,427.37720724396684,426.68858298696006,101.40135778719964
4054.0,427.23378136871844,426.66010610564814,100.52188120927502
4055.0,426.52968786287937,426.6318762106752,101.54048001384083
4056.0,426.7400359497382,426.6033602592047,100.21496182422092
4057.0,426.60370589030987,426.5752165574257,101.34954274708747
4058.0,425.9979618071127,426.5467542275042,99.03773018242917
4059.0,426.4143619376187,426.5189411316113,102.32885731265972
4060.0,426.6376316546197,426.49020377751606,101.5377230618334
4061.0,426.3619680891522,426.4616886002895,100.28952904546345
4062.0,426.53908716230626,426.4335239575492,100.0540764178755
4063.0,426.77224576537213,426.4054254377552,100.86131913397841
4064.0,426.40920628970684,426.37710021729845,101.02173219129277
4065.0,426.3110408827953,426.34872994750805,99.38508886025912
4066.0,425.7412381045976,426.3208193017197,99.69645869846207
4067.0,427.00168702527776,426.2928212129019,100.51383933259396
4068.0,426.6304257846988,426.264593576356,98.98980130234419
4069.0,425.59137711170416,426.2367939404903,98.52408110450247
4070.0,425.99116807901487,426.2091250943801,98.60628743177739
4071.0,426.11775923853867,426.181433161993,98.8177116861236
4072.0,425.8285971530655,426.15368185462785,99.68171347618207
4073.0,426.43710517897114,426.12568790675994,100.34644395152007
4074.0,426.5641312981429,426.0975072804169,99.38422589534579
4075.0,425.23163144086294,426.0695968769779,100.35793011832627
4076.0,425.4208022569606,426.04141302493633,98.13496713698481
4077.0,426.1869178235157,426.01385345499875,98.64884575814825
4078.0,426.6457362296941,425.98614957081503,99.92515486768576
4079.0,425.3096106383485,425.95808725648965,99.89233274331484
4080.0,425.92694078086265,425.9300341597109,99.47224437061833
4081.0,426.3647855259106,425.90209903775013,99.34091319816383
4082.0,425.59151848424386,425.8742007979603,99.2871368514579
4083.0,425.08864063791054,425.8463176603612,101.5045731961935
4084.0,425.72043734063044,425.81781179272195,98.94031717819513
4085.0,425.09918766910465,425.79002605364775,99.82636208688687
4086.0,425.88065355943104,425.7619914836283,100.88738328449772
4087.0,425.69278794051536,425.73365894348933,98.72711160503772
4088.0,426.5350079899531,425.70593307964685,99.50026411112817
4089.0,425.9672908600468,425.677990088809,99.04375269873071
4090.0,425.7427165086716,425.65017530159275,99.25388621759484
4091.0,425.9403485927308,425.62230150188,98.90003604360935
4092.0,425.52518627118747,425.5945270750911,99.37352218053668
4093.0,425.4914493772586,425.56661967761204,99.46385499739336
4094.0,424.8627410229265,425.53868691166696,99.02663114224109
4095.0,425.54580581436664,425.5108769327545,100.10033911678244
4096.0,425.81881861159684,425.4827654208525,100.17142557466721
4097.0,425.38999320407487,425.45463394550364,100.5579317964777
4098.0,424.9708587641273,425.4263939263241,100.12738771720815
4099.0,425.07357219986386,425.39827481827353,100.04912840937097
4100.0,424.79725639853143,425.37017768804526,98.3761092270983
4101.0,425.066902312318,425.34255039737064,99.86707296963397
4102.0,426.02593628473124,425.31450439437833,99.56857176934113
4103.0,425.7634434363681,425.2865422204731,99.58915776609716
4104.0,425.1309220742782,425.25857426533383,100.13662550303194
4105.0,425.34363323365073,425.23045256300503,100.48303334011722
4106.0,425.53770762146723,425.2022335778087,99.83095779044089
4107.0,424.8150727582374,425.17419771716254,100.3144370778756
4108.0,425.11190390243974,425.1460260794165,99.97589544188601
4109.0,425.1381468273048,425.1179495154466,100.44959517438691
4110.0,424.7711565694562,425.0897399208018,99.79141761312512
4111.0,424.8157459906695,425.0617151643554,99.05124566000258
4112.0,425.62993719442795,425.0338982728659,99.42698518577286
4113.0,425.4261039713401,425.0059758611929,99.13692680734171
4114.0,425.17399024614235,424.9781349075812,102.06853307885768
4115.0,425.00590638232933,424.9494706612082,98.48761180666116
4116.0,424.50757473852985,424.92181205689246,100.0248064840422
4117.0,424.6759064267224,424.8937217570715,99.6693476104993
4118.0,425.8408074244471,424.8657312819509,99.43566023065627
4119.0,424.80248669873913,424.83780643403617,99.93973764314494
4120.0,425.5105274571246,424.80974002438137,100.1794446205895
4121.0,425.3347899865101,424.7816062970171,102.07512048401446
4122.0,424.95323951180956,424.75294020068117,99.08675451156414
4123.0,424.78196651937805,424.72511333712254,99.99937969971815
4124.0,424.24374045953874,424.6970301779902,100.12423991221604
4125.0,424.9294100700371,424.66891195394817,98.87299808751041
4126.0,424.1847715424913,424.6411451203186,100.23291762344788
4127.0,424.4926559184601,424.61299637595266,98.92477310463097
4128.0,424.1324527966933,424.58521500217245,99.73455494727507
4129.0,424.10962103654964,424.5572062146581,101.36006843296514
4130.0,424.3550481565248,424.5287409287732,99.51223137452264
4131.0,424.29050186369346,424.5007945771288,101.55506771881592
4132.0,424.0269273271199,424.47227452894447,98.73849892249298
4133.0,424.92434969075896,424.44454546716366,99.36743711725008
4134.0,425.0100742318039,424.41663977857326,100.39566282635582
4135.0,424.95711102284207,424.38844532992954,98.1380289694501
4136.0,423.9937477538056,424.3608849001273,101.48346397722513
4137.0,424.20555067905616,424.33238496066036,99.42418403623654
4138.0,423.79876216789035,424.3044633356435,100.02632627240513
4139.0,425.0546261689711,424.2763726090153,98.81171961970989
4140.0,424.4375144278507,424.2486229844222,99.47334357367346
4141.0,424.8479570511261,424.2206875537685,100.1760112694481
4142.0,424.0035672960743,424.1925547906037,100.00509948440111
4143.0,424.236894035596,424.16447002516514,100.54740448388564
4144.0,424.09873952901575,424.1362329624059,99.3815431633608
4145.0,424.4559947649266,424.1083233123676,103.09986804053973
4146.0,424.1461486130868,424.07936943275956,100.80114283347737
4147.0,423.73530692521206,424.0510611118138,100.05547639958377
4148.0,423.34632646468043,424.02296219885824,100.8244444455113
4149.0,423.8697697141237,423.9946473340431,99.50792047296851
4150.0,423.8761406722805,423.9667021930436,100.16167098908997
4151.0,424.40685664598743,423.93857345710757,99.50310105827162
4152.0,424.57826120665976,423.9106296695603,100.7720016467318
4153.0,424.26919556949605,423.8823295324312,100.0416300346195
4154.0,423.63107552474713,423.85423450799647,100.14604625662695
4155.0,424.06711324192617,423.8261101600061,103.04183372907725
4156.0,423.8988952162552,423.79717257836717,98.1135903331541
4157.0,424.16061450224896,423.7696190117486,99.64099420656079
4158.0,423.42569697094825,423.74163649920894,99.88665639566834
4159.0,424.12565331877266,423.7135849965378,100.23321447896886
4160.0,423.40466584890765,423.685436168805,98.12532460247249
4161.0,423.879295992681,423.65787930681245,99.33313040054266
4162.0,423.7570327394713,423.62998325269166,98.98719934773015
4163.0,423.70567363394156,423.6021843475414,100.18706307658306
4164.0,423.71811161056553,423.5740484806608,99.46122970003425
4165.0,423.21257606349354,423.5461164519867,99.20199624523175
4166.0,422.8861474780401,423.51825722470784,101.6623506955139
4167.0,424.2902016243681,423.48970704788746,100.12606395559534
4168.0,423.7923112794082,423.46158831159335,98.5578576501791
4169.0,423.2863345357032,423.43390997990326,100.95228821994705
4170.0,422.59667169282295,423.4055592122948,100.72519792818241
4171.0,423.85416671597625,423.3772722192099,100.08469369446208
4172.0,422.87369232730197,423.3491651010641,100.3638670131206
4173.0,423.38612069409965,423.3209795817446,99.47369854584892
4174.0,423.1922864638675,423.29304405140294,99.84390083193206
4175.0,422.8214106640839,423.2650045559193,99.76411465319796
4176.0,423.4566386208185,423.23698746705423,99.91941685481564
4177.0,423.60136710997637,423.2089267641541,100.88141964017983
4178.0,422.8581730141316,423.18059589880517,98.1148443922551
4179.0,422.64945024629606,423.153041980005,100.26780991459071
4180.0,422.33337881460477,423.12488343672067,100.43236133959641
4181.0,423.28278839168917,423.09667868191116,99.03264406597641
4182.0,423.21488817716875,423.0688670143693,97.88491283986242
4183.0,422.46166527140724,423.0413776680134,99.60554706309334
4184.0,423.3409845800062,423.0134051102132,99.13434096286989
4185.0,423.1443196684119,422.9855648827928,99.08216489826397
4186.0,422.75386907616183,422.9577393081505,99.94364189156016
4187.0,423.0377558668574,422.9296718020526,100.58082247931114
4188.0,422.9056225448951,422.9014253544064,100.36357462575887
4189.0,423.24087884583355,422.873239917199,99.59337642087215
4190.0,423.0235178143363,422.84527077732076,99.3861687992432
4191.0,422.66804304695415,422.81735982824966,99.78753030022911
4192.0,422.6156114860652,422.78933616349036,98.4198158810994
4193.0,422.2345515249047,422.7616965985304,99.02085981840503
4194.0,422.986664268598,422.7338882403981,99.94213565601144
4195.0,422.9709879794003,422.70582115730133,99.93232083554568
4196.0,422.8108326292294,422.6777568305334,99.89842321371923
4197.0,422.7256848530123,422.6497020233475,100.15280579887865
4198.0,423.12612040239514,422.6215757770523,100.4306643048134
4199.0,421.58813241680286,422.59337149882674,99.7122148712409
4200.0,422.1502803544235,422.56536898515037,98.27196121542303
4201.0,421.7165632257708,422.5377709427091,100.0420950562459
4202.0,422.0042591815015,422.5096757876808,98.68529313688093
4203.0,423.19346443196355,422.4819616678582,99.00493441906445
4204.0,423.01316852342535,422.4541577821088,99.50836521957433
4205.0,422.4682613302594,422.42621251620966,100.20164430135351
4206.0,421.9377496933165,422.39807255443503,99.04617319071316
4207.0,423.1076733826651,422.370257087464,100.2718802649276
4208.0,422.7929612294449,422.3420974010896,99.4814686985355
4209.0,422.5987726933331,422.31415968863007,100.46397434448238
4210.0,422.3030216653725,422.2859460558349,100.61072002863652
4211.0,421.8444856367334,422.2576912119603,100.73584738084831
4212.0,421.79880341572306,422.2294012281542,100.56797504890659
4213.0,422.6136753108369,422.20115838849455,101.53405713868412
4214.0,421.947707845053,422.17264424078144,100.74863560074473
4215.0,422.0019310917184,422.14435066561697,99.16807583733778
4216.0,422.0238973739946,422.1165009643193,99.45371979951041
4217.0,422.3840698016318,422.0885710446756,99.35815542446133
4218.0,422.141676709009,422.06066796269386,100.57358323352841
4219.0,421.4495479694305,422.0324235480691,101.06743417136506
4220.0,422.2141362914752,422.0040404436393,100.45925238627765
4221.0,422.12555433460165,421.9758281369275,99.67450264884474
4222.0,422.08099999273156,421.94783621410033,98.71951539581315
4223.0,421.888248478638,421.9201124835266,98.44164672039827
4224.0,422.2429131803372,421.89246678773935,100.13784415486802
4225.0,422.2993991048664,421.8643447431725,99.10968186349439
4226.0,422.0667762267603,421.83651144084916,99.81192113862394
4227.0,421.37098227091843,421.8084809263294,99.50713493308616
4228.0,421.0447016581515,421.7805360059357,100.5421845347435
4229.0,421.49003361820854,421.7523004091122,99.93081787968359
4230.0,422.1600837271168,421.7242365044243,99.8621516039324
4231.0,421.4864512613702,421.69619188351555,98.83775733786385
4232.0,422.1073287031547,421.6684349466632,101.50118959391965
4233.0,421.4105479482365,421.6399300292522,99.04661773958709
4234.0,421.86585540338893,421.61211443743696,99.73786015665227
4235.0,421.1692292800436,421.5841047217097,99.60868272225215
4236.0,421.36150041493846,421.55613128331186,99.01317222150684
4237.0,421.10238920962104,421.52832508411296,100.35446190177814
4238.0,421.6726753504271,421.5001422060622,98.29150867413568
4239.0,421.4255657375683,421.4725386740429,101.33097909098106
4240.0,420.842790765173,421.44408155741485,99.75649694506596
4241.0,420.71746679882284,421.4160666078561,99.05994990545715
4242.0,420.90135784634396,421.38824727192434,100.6306841847483
4243.0,421.57771049840363,421.3599868214491,99.298356908839
4244.0,420.97917477541233,421.3321005328839,99.77246554441237
4245.0,421.39935980875833,421.3040810988102,101.32339178341641
4246.0,421.3504040043547,421.275626112951,98.29714129413942
4247.0,420.3515239278542,421.2480209991042,100.87806264204617
4248.0,420.50339485547033,421.2196910765122,100.36160636897988
4249.0,420.6079736406454,421.191506192057,99.36542435199219
4250.0,420.55743768783753,421.16360106871815,99.72154063237681
4251.0,421.00378005225076,421.1355959360572,99.83001783133679
4252.0,420.8039463096462,421.10756033938287,100.93976766260383
4253.0,420.90557104201423,421.07921308796426,99.6839065783992
4254.0,420.9789088239141,421.0512185242002,100.78548398069358
4255.0,420.98557405373487,421.02291460078226,100.55044641031586
4256.0,420.99275761481744,420.9946766837487,100.94072932141177
4257.0,420.62536681686237,420.96632916226434,99.85941471544247
4258.0,420.6936823498553,420.93828530996507,99.36038058186719
4259.0,421.53196034147135,420.91038160308494,101.54068671448626
4260.0,420.71098425003726,420.88186559356603,99.17828378539181
4261.0,421.2463786145709,420.85401302553623,98.1795221482945
4262.0,420.93622984346655,420.82644094306625,101.13999635049873
4263.0,420.39778325630397,420.7980374607578,99.62696859345182
4264.0,420.7427787597713,420.7700588870779,100.59887782652909
4265.0,420.89733062056916,420.74180736888826,99.39915326256082
4266.0,420.3380830140309,420.713892773347,98.08180140180714
4267.0,420.67310266181886,420.68634813412,100.37718443306858
4268.0,420.57254335122707,420.658158874825,99.35098892127576
4269.0,421.3019343278251,420.6302578054363,101.10457693682238
4270.0,420.99790202216326,420.6018642700799,99.41800073830458
4271.0,420.49455217902636,420.57394438153926,98.7255616272338
4272.0,420.47750669116533,420.5462189529822,101.24039323224478
4273.0,420.845785840503,420.5177872758828,99.33364895307375
4274.0,420.6490190929809,420.48989107613517,99.05034627110301
4275.0,420.8945142852826,420.46207443722403,99.66407086223694
4276.0,420.5695430812837,420.4340854439902,100.54322340753282
4277.0,420.26637835963965,420.4058495554166,99.31583890699022
4278.0,420.9167481081787,420.37795835732356,100.4776266693983
4279.0,420.1343705275909,420.3497408905006,99.85333428454828
4280.0,419.727119284595,420.321698745789,99.21936356141251
4281.0,420.59953979823797,420.2938346411889,99.96913804806609
4282.0,419.83597909191104,420.2657599749204,100.25344979613509
4283.0,420.492123357175,420.23760546443594,99.95790437378139
4284.0,420.2871809712515,420.20953395295766,99.12463549499994
4285.0,420.2097332748994,420.1816964511561,99.40982117146382
4286.0,419.8959957954747,420.1537788597105,101.60014985315291
4287.0,419.59699568325937,420.1252461509601,100.25195459701648
4288.0,420.081090941688,420.0970920603774,99.75943598830185
4289.0,419.7614521126973,420.06907628543735,102.90664310628381
4290.0,420.32552060664653,420.0401766698316,100.52877383865147
4291.0,420.1080828184815,420.0119448391786,100.83936150843212
4292.0,419.2051647871799,419.983625785155,99.09054951080482
4293.0,419.80465564625007,419.9557978558341,99.03982357426123
4294.0,419.9167702771618,419.92798417204693,99.81011428646657
4295.0,419.6127369143432,419.8999541649515,98.80313864730614
4296.0,420.0330091908755,419.8722069501814,99.64126958504623
4297.0,420.39438219917804,419.8442243603062,100.52418329263784
4298.0,419.2986010765398,419.81599381883154,100.07171650334047
4299.0,419.98523022502206,419.78789034511357,100.46059735925321
4300.0,419.52427889916584,419.75967766068845,98.37082699013071
4301.0,420.4663168526777,419.7320518534421,100.17604288957484
4302.0,420.30185999062417,419.7039190813973,98.92517137798299
4303.0,419.1777133914523,419.6761375957686,98.73023076308922
4304.0,419.93516398107954,419.64841085596265,99.00254540658003
4305.0,420.3196181596449,419.6206076411276,101.35669936801135
4306.0,419.19087411609524,419.59214330138843,98.90989754907963
4307.0,419.2486643497964,419.5643661051601,98.80748717464763
4308.0,419.2305150389815,419.53661766917855,100.39652500852328
4309.0,420.34258509603075,419.50842297840535,100.11050487195963
4310.0,419.0233380788508,419.4803086116204,99.68618921097702
4311.0,419.77439233177876,419.452313406817,101.27803166956753
4312.0,419.6860557132426,419.4238711595898,100.44555928095019
4313.0,419.29608019385716,419.39566269835836,99.19617120588256
4314.0,419.5272219427272,419.36780510694473,101.0394333809238
4315.0,418.7945245287425,419.3394298660703,99.83964987946491
4316.0,419.77823153573183,419.31139156439576,99.44999198700891
4317.0,419.0192105085738,419.28346269164615,99.90603556964481
4318.0,419.13624287783585,419.25540574665695,100.03385626353344
4319.0,418.40271571299945,419.2273129053563,100.21810953677769
4320.0,419.3741650136992,419.1991683195947,98.756641205157
4321.0,419.7788546018096,419.17143416285626,98.51430867872172
4322.0,418.09873868409545,419.143768061169,100.37279174890848
4323.0,419.29496648478835,419.1155800354862,100.30406648809311
4324.0,419.0175103981082,419.08741131014744,100.39523605754441
4325.0,419.13559981106914,419.0592169813546,98.44094362132748
4326.0,418.72792334318933,419.03157148302097,100.21229529481023
4327.0,419.2303868248574,419.0034285300924,101.28321715960763
4328.0,420.1535986026842,418.97498482660666,100.47727495629086
4329.0,419.9618389560145,418.94676745855645,101.22372035461362
4330.0,419.34650899597125,418.91834046375686,99.17057997661858
4331.0,418.4930695664173,418.8904900592134,102.06329207973491
4332.0,418.3252475534483,418.8618272846877,100.45721646182258
4333.0,418.53718793577616,418.83361554973135,99.6105113387052
4334.0,417.95504448066464,418.80564159779703,99.64697644233392
4335.0,418.42684988343126,418.7776574052462,98.89844130913359
4336.0,418.82105900264685,418.74988342631184,98.35892917345285
4337.0,418.25615525534556,418.722260960369,100.10565817153085
4338.0,419.3834531396328,418.6941479546992,97.76030215785168
4339.0,418.74058230974447,418.66669360317644,100.27447339938983
4340.0,418.95403444320596,418.6385331885635,99.70295321619257
4341.0,418.5640682878185,418.6105332758686,100.29549106705669
4342.0,418.40508779963574,418.5823669587939,99.09580101381894
4343.0,418.1951585948354,418.5545375546759,101.28155859487721
4344.0,419.45086639187025,418.52609431697056,99.79875283591541
4345.0,418.9554077433426,418.4980675005491,99.90783305536479
4346.0,418.471692988229,418.470010050766,101.7341101027753
4347.0,418.61313532481546,418.4414397215122,100.18213026166163
4348.0,418.1754152985874,418.41330523993037,98.16978595067205
4349.0,418.03283314290735,418.3857358917092,99.7453661196078
4350.0,418.36017262790836,418.35772406805734,100.12174585873521
4351.0,418.3586922453145,418.32960654442866,99.2633809794855
4352.0,418.1076774200689,418.3017300782702,99.69934098621161
4353.0,418.28146402400307,418.2737311800099,101.42368553569435
4354.0,417.9926301692544,418.245248028322,100.21023215939194
4355.0,417.9904363420516,418.21710565479054,98.41776219664288
4356.0,418.9930552170681,418.18946666657365,101.86165057841302
4357.0,417.97773998174915,418.1608605197029,101.15304705299081
4358.0,417.29828115162803,418.1324533723222,99.46924722733252
4359.0,417.7113711853611,418.10451909205915,101.68783441447171
4360.0,418.5195403054077,418.0759617585611,101.82050396111794
4361.0,418.1341573557257,418.047367167032,98.66379695085541
4362.0,417.9623372366234,418.01965908405504,99.71585714405616
4363.0,417.24116730738064,417.9916555475071,98.41229985989695
4364.0,417.9702181480257,417.9640180932964,99.87496885763389
4365.0,417.6629030847466,417.9359698728755,99.96904406101453
4366.0,418.48732323717513,417.90789523300174,103.04440730776133
4367.0,418.1831405280168,417.8789569286161,97.82457991061881
4368.0,417.26922028798583,417.85148452575794,98.39742748429379
4369.0,418.68552737517854,417.8238512482061,99.06541828020784
4370.0,418.1056508767012,417.7960303765724,100.98663625620836
4371.0,417.3491190703643,417.7676699628904,100.39153742395737
4372.0,417.8246513912881,417.73947667279725,100.42439875130765
4373.0,417.67566013315377,417.7112741541478,99.78541773143895
4374.0,417.7229958002816,417.6832510826683,101.80003363342898
4375.0,416.94719724020916,417.65466223988955,100.84378593184582
4376.0,417.90655655980015,417.6263419433404,101.92260765984601
4377.0,418.24327802101493,417.5977186776892,99.04623504475137
4378.0,417.0679447190462,417.5699031933475,98.31297375693872
4379.0,417.44257464199467,417.5422936332174,99.67286101264051
4380.0,417.99957392222086,417.5143021714164,99.53681159446366
4381.0,416.64752606673295,417.48634891682696,100.74855461067119
4382.0,417.2123034222114,417.45805536440713,101.64079774208818
4383.0,417.13191241483673,417.42951124037455,98.66309561765081
4384.0,417.7305340357076,417.4018033543552,101.78028699970324
4385.0,417.96443755438565,417.37322005708955,99.93429862903044
4386.0,417.59847561391007,417.34515517489115,100.37599863849212
4387.0,416.4048773890864,417.3169662486069,100.85070685114533
4388.0,416.78365786725533,417.2886440084328,99.99538115522022
4389.0,416.7264743233846,417.26056197222505,99.89448790434587
4390.0,416.74153073123813,417.2325082702053,100.66068307439524
4391.0,416.66909813252295,417.2042393950419,100.40813971012479
4392.0,417.3478962628988,417.17604144247326,101.13866427469902
4393.0,417.46658341135935,417.14763833425616,100.46149872213299
4394.0,417.9961738975836,417.1194253966983,101.22374264708122
4395.0,417.20438768352466,417.09099839563834,100.54589492644827
4396.0,417.0883461534617,417.0627617568131,98.26202694194124
4397.0,416.73490223725855,417.0351665042469,100.3593181322464
4398.0,417.34594877871626,417.00698226240473,99.71820773462272
4399.0,416.82342717367004,416.97897806573263,99.62219721564526
4400.0,417.019454610426,416.95100083201453,100.40600428341878
4401.0,417.64657501231096,416.922803479145,100.67652408443271
4402.0,416.65380009985296,416.89453015529796,99.0147373002199
4403.0,417.2025173044684,416.86672351657285,99.0479243195385
4404.0,416.7295154904121,416.8389075578264,99.89978503770581
4405.0,417.1892599492803,416.810852368195,99.39838751846239
4406.0,416.62613648260566,416.7829379877002,101.4030212167229
4407.0,416.5774448229221,416.75446063924187,100.25533698536559
4408.0,416.88894729609524,416.72630559877183,100.3205647121408
4409.0,417.2656652781397,416.6981322401818,100.48633327775352
4410.0,416.93646077975933,416.66991232825296,99.91936822287451
4411.0,417.09294362000054,416.6418516390104,98.69260338989133
4412.0,416.90938516541377,416.61413546622504,100.70616606814022
4413.0,416.1716251158393,416.5858538179209,99.11538161820572
4414.0,416.47859855174306,416.5580189149165,101.73807507970609
4415.0,416.2171491501105,416.5294474721649,100.17006445525689
4416.0,416.32603252527605,416.5013163790637,100.42001680758486
4417.0,415.89017724977634,416.47311509101024,99.5999758673344
4418.0,416.46961760748553,416.44514409778753,99.00782496023473
4419.0,416.3433655373257,416.4173394002779,101.45920954024506
4420.0,416.22054816612433,416.3888462722653,99.88014462074443
4421.0,416.1007673570808,416.3607965983177,99.55049873680379
4422.0,416.33433812597514,416.33283949992244,99.48112849825395
4423.0,415.8010583397176,416.30490188300246,99.28753798485447
4424.0,416.37783076582895,416.2770186327517,100.40518448989198
4425.0,415.908538587945,416.2488215101075,99.25558078401701
4426.0,415.8978257350385,416.220947234504,99.96003899189839
4427.0,416.28598914337306,416.1928751235538,100.18083999682598
4428.0,416.07191464203305,416.1647410043213,101.29370495315689
4429.0,415.97940146984587,416.13629435551366,100.06448702887286
4430.0,416.2058322038459,416.10819291207304,99.92733221185472
4431.0,416.0915802234733,416.08012998627686,99.62358779505125
4432.0,416.3362618454942,416.0521523620377,99.9324872843305
4433.0,415.9379325185259,416.02408798852537,100.75680079485203
4434.0,416.13427162768664,415.99579212030216,99.10890518813723
4435.0,416.4808149754552,415.9679590360952,99.24076314078732
4436.0,415.8331195421707,415.94008892177976,98.76667685565621
4437.0,416.60477647967616,415.91235194669616,99.45724142666205
4438.0,416.0359035191778,415.88442103806216,100.75153910643141
4439.0,415.6807726641235,415.85612664749647,100.62719609078658
4440.0,415.1830649517529,415.8278671765943,100.39024955674218
4441.0,415.9398009930507,415.79967424817715,100.27294019610949
4442.0,415.3925484698111,415.7715142641387,99.77376697482997
4443.0,415.96396235245373,415.7434944645799,99.07777364409955
4444.0,415.9498944350541,415.71567012314824,101.92452625209629
4445.0,415.51767481859093,415.68704631869247,99.45862445661172
4446.0,415.6069895516546,415.6591150216575,98.38500528567799
4447.0,416.7409167345775,415.6314852326731,100.51229057475082
4448.0,415.40129291051,415.6032580310701,99.13502867847433
4449.0,414.79438348109073,415.5754176105162,101.16951008532479
4450.0,415.48825309432027,415.5470058397672,100.80406877336533
4451.0,415.8932527301715,415.5186966971201,99.31023364806326
4452.0,415.5106922626186,415.4908070731705,100.40291038376553
4453.0,415.16940336160434,415.46261058917116,98.35880356972632
4454.0,416.03435489673586,415.43498815850194,100.49278434373095
4455.0,415.7346866788131,415.40676643489877,100.32160652971908
4456.0,415.6404355680934,415.3785927837317,100.4764557064965
4457.0,414.93038681651416,415.35037564575407,100.37450376876245
4458.0,415.8538558654687,415.32218713927904,101.10681470778837
4459.0,414.907511940234,415.2937929754819,99.09071831946864
4460.0,415.4265074440442,415.2659649987539,100.48711441026599
4461.0,415.1571158108809,415.23774486745697,99.7842160686987
4462.0,415.1588750562515,415.20972213344436,99.61841252900913
4463.0,415.5213287216946,415.1817459625924,99.98815237037314
4464.0,414.33072595365695,415.15366595646844,99.59593119879473
4465.0,415.3541227207554,415.12569609912345,99.45744072350256
4466.0,414.18292466333656,415.0977651345203,99.79584459752877
4467.0,415.05537917545354,415.0697391348291,101.82540213101699
4468.0,414.8273576134666,415.0411431677307,99.13160606197322
4469.0,415.42984928273535,415.01330370836155,101.10146442784462
4470.0,415.4131544923924,414.98491104710143,98.68402733748539
4471.0,414.4257953012811,414.9571972827575,99.15683730599208
4472.0,414.8287855731918,414.9293507376141,100.40246502138481
4473.0,415.4954216944625,414.90115437868724,101.08126234861196
4474.0,414.6474142046921,414.87276739084433,100.37488390939939
4475.0,414.60093589658464,414.8445787776131,99.29536367974563
4476.0,415.7024203711174,414.81669332964634,101.19446774714531
4477.0,414.8083988048158,414.78827454995405,100.97077938132814
4478.0,414.03870066782315,414.7599185894111,99.67457696633879
4479.0,415.19549965098133,414.7319266457131,99.43058121501952
4480.0,414.6787028195401,414.7040032241552,100.88976230062659
4481.0,414.6557287695333,414.6756700159091,101.30382190750188
4482.0,414.7724737041865,414.6472205259234,100.98644181454813
4483.0,414.4203364330888,414.6188601668472,99.20373526486891
4484.0,414.68607690580177,414.5910004511936,98.85909933191977
4485.0,414.5394880390079,414.5632375207979,100.3212458969242
4486.0,414.82543047585176,414.5350639709085,101.45535400419203
4487.0,413.8838631626687,414.506571925659,98.80443078106248
4488.0,414.2915458121542,414.4788243480146,100.47185103268784
4489.0,413.9214045847992,414.450608503183,99.64675028746045
4490.0,414.06065584650275,414.4226243741439,100.94447167157156
4491.0,414.03522754913854,414.3942758016828,99.7916977068192
4492.0,414.15561710089315,414.3662509665768,99.88868568697353
4493.0,414.7231758703951,414.33819889401303,99.99003815415827
4494.0,414.3701504247331,414.31011835829804,99.26518984397133
4495.0,415.08474258346826,414.28224138415027,101.12319736050905
4496.0,414.2974946270912,414.25384261955816,100.7076156226347
4497.0,414.3971208465706,414.2255605641708,99.14380276032442
4498.0,413.92858181007296,414.19771767956223,99.36341096863057
4499.0,414.78124759789307,414.1698131216486,100.26547774004128
4500.0,413.56542343013575,414.1416552333166,100.86507121771906
4501.0,414.0576400537886,414.1133289591496,98.276931554331
4502.0,413.57350474744436,414.08572952087144,99.86902776209837
4503.0,414.0495248821397,414.05768296890824,97.7823003272691
4504.0,414.3561574813317,414.0302224395664,99.58593490992256
4505.0,413.81191451209753,414.00225538951247,97.92168335348337
4506.0,413.4948639155584,413.9747557167707,100.76777659423769
4507.0,413.8768114534075,413.9464567661771,101.27002069643012
4508.0,413.7271697214339,413.9180167686982,101.06097704340266
4509.0,413.3620942782351,413.8896354776452,99.48934386132215
4510.0,413.90973892653557,413.8616955535775,100.70523716444939
4511.0,413.8605921250049,413.8334141661404,100.70492437365164
4512.0,413.4143277184771,413.80513286654553,100.4661208574398
4513.0,414.34106578872724,413.7769186309381,99.66358494049395
4514.0,413.5095197846114,413.74892977416727,99.82223556876423
4515.0,413.32040505005955,413.7208963630117,99.06326762180659
4516.0,413.12614811656624,413.69307609535457,100.32065995758222
4517.0,413.50550572554664,413.6649027100165,102.92520996538305
4518.0,413.7527561225699,413.6359978802179,100.41836147844916
4519.0,414.0585486228786,413.607797057036,99.29109582913038
4520.0,413.51032624267714,413.579912807624,99.41601733904632
4521.0,413.5987676471272,413.55199347608794,98.53795926150715
4522.0,412.99123001284636,413.5243207325287,99.10840864434931
4523.0,413.8081272649423,413.49648778776776,100.07694119737408
4524.0,413.8121229221632,413.4683828467815,100.57066535241606
4525.0,413.55682057665626,413.440139251595,101.75811095344824
4526.0,417.197422232523,413.4115621821023,98.88551983438416
4527.0,413.22869890403285,413.38379183194877,99.3666785876867
4528.0,413.17013637858804,413.3558863563787,102.57295696357144
4529.0,413.10468519705927,413.3270804509648,100.21889734001253
4530.0,413.2077537613522,413.2989356439618,100.69943388947972
4531.0,413.53339586744175,413.27065588627784,100.58507352780425
4532.0,414.0624730887818,413.24240824479546,100.5758073144032
4533.0,413.8071157701226,413.21416320557466,99.84602099721648
4534.0,413.5182953870005,413.18612311467797,101.70174376562956
4535.0,412.96694788703564,413.15756187497044,101.86337623701336
4536.0,412.74740878397375,413.1289552434772,100.32007430937507
4537.0,412.6490545231142,413.1007820226086,100.3723225523199
4538.0,413.14494624634165,413.07259412869183,99.96575475075372
4539.0,413.1979652484166,413.04452041256604,99.88166341323488
4540.0,413.1764112578558,413.0164703120908,100.81503272957401
4541.0,413.22883425135507,412.9881580903993,99.61552760534562
4542.0,412.9870559220028,412.9601827297301,98.62379136976877
4543.0,413.2317915858986,412.93248588165375,101.15360159444647
4544.0,413.082537083187,412.9040785785393,101.23315049436542
4545.0,412.6531369175697,412.87564893544214,97.965960977382
4546.0,412.8944945632479,412.8481368280677,100.23662817735321
4547.0,412.98681262817104,412.8199870416545,100.29656857216244
4548.0,412.35378688783265,412.7918204219805,100.07941170787964
4549.0,412.83454254438715,412.76371478719255,100.75665784844819
4550.0,412.3512548367883,412.7354189591134,101.15600849794897
4551.0,412.6227261021004,412.7070109800603,100.34190141589602
4552.0,412.5875256940236,412.6788316294126,99.10439235625311
4553.0,413.1531229118469,412.65099981255923,100.06682009572765
4554.0,412.5119413540749,412.62289771391573,102.0399646735974
4555.0,412.66813584415746,412.59424149050324,100.35176543513967
4556.0,412.2335393761001,412.56605936971016,98.71444366821447
4557.0,412.38966494948164,412.5383370634467,99.07323755885015
4558.0,412.3191184272057,412.5105139958989,100.24147581083893
4559.0,412.6724253525441,412.4823628481087,99.9241520773968
4560.0,412.48191818350676,412.4543008154003,100.64501078818734
4561.0,412.4374817508578,412.42603634153727,100.99115198236152
4562.0,412.17096767484907,412.3976746596889,99.53772064883171
4563.0,411.68710500848607,412.36972114980665,99.98559786882839
4564.0,412.4701731163619,412.3416418610719,99.99853119955478
4565.0,412.846299360414,412.3135589402266,101.52537587558221
4566.0,412.1487872032051,412.28504723050156,100.86582942971268
4567.0,411.94666883700216,412.25672074340343,98.82172213518979
4568.0,412.2711407208506,412.22896830977044,99.24156304020772
4569.0,412.91993050528214,412.20109797081665,99.91022993501261
4570.0,412.18584972244423,412.1730398479099,98.72097468835722
4571.0,412.18376453511587,412.14531570751825,101.8699961060593
4572.0,412.36777667849003,412.1167072169451,100.01121649936644
4573.0,411.76712808085125,412.08862073364486,99.99891153872454
4574.0,411.69947040763066,412.06053770598777,99.81898711527495
4575.0,412.6390620378443,412.0325052071062,100.42170397670634
4576.0,411.6650486665225,412.0043034452394,99.49117147607235
4577.0,412.22449193871006,411.9763630079166,101.3199835685661
4578.0,411.65670627313517,411.9479089791977,99.04273577746653
4579.0,411.95231913092704,411.92009447756686,99.17325556085017
4580.0,412.6729742193712,411.8922433216302,101.21907585043405
4581.0,412.13705071731476,411.8638176311622,99.3115706525105
4582.0,411.6714457094649,411.8359276317373,100.45794287460726
4583.0,411.7842986390974,411.80771569278,99.67841176135002
4584.0,411.98128500461263,411.77972267214375,101.00387085404344
4585.0,411.4315244390208,411.75135741841217,100.07462150638197
4586.0,411.8313298752919,411.7232531288725,98.77362631261568
4587.0,411.82524284272614,411.6955142021497,101.04392936067086
4588.0,411.3629861426539,411.66713769865424,98.41481632786089
4589.0,411.4962399849856,411.6394995377355,98.47553036425037
4590.0,411.9335170883669,411.61184432629153,101.2180228739943
4591.0,410.8719987065288,411.58341893153437,99.20856249754625
4592.0,411.39616704348094,411.555557860233,98.978581768978
4593.0,411.3799165459866,411.52776137518623,101.21134802160857
4594.0,411.66652766981963,411.4993378549501,101.41788930883632
4595.0,412.448547513285,411.4708563310359,100.34953390030947
4596.0,411.1770822667628,411.44267483693227,101.16019546344513
4597.0,411.2138763635438,411.41426568203957,99.46507461837412
4598.0,411.2623615402419,411.38633257358424,99.8012746085397
4599.0,410.8339820136008,411.358305048965,100.15126046721933
4600.0,411.7770968239224,411.33017923665045,101.01687491264356
4601.0,411.9941532338104,411.30181033094584,100.26950477752094
4602.0,410.9991160843154,411.27365131168744,100.81364687238616
4603.0,410.9008367990476,411.2453394791908,102.29054938028516
4604.0,410.84953282596655,411.2166128832398,100.98552524368839
4605.0,410.8572610368825,411.18825278156726,98.58852378327914
4606.0,410.9951816084016,411.16056583780477,102.68178688190886
4607.0,411.55449454633674,411.1317293693221,98.32456776434725
4608.0,410.598427884933,411.10411655320826,99.87007458032457
4609.0,411.07043303462797,411.0760697072636,100.53107372726372
4610.0,411.4753613724899,411.04783723072524,99.52237961164252
4611.0,410.8217587459092,411.0198880291176,98.74739186486359
4612.0,410.6815960232311,410.9921564699023,99.72743893241068
4613.0,410.78754348754944,410.9641496808021,100.78253921034707
4614.0,411.4730525644238,410.93584658437385,99.3437956679381
4615.0,410.99745297130437,410.9079475350904,100.42585592376531
4616.0,411.1400461329655,410.8797446072185,101.72863123411564
4617.0,410.79003593259614,410.8511758166136,100.28889144368647
4618.0,411.063019469328,410.8230113529331,99.86806491158379
4619.0,410.7802530830192,410.7949650713705,100.68697827778311
4620.0,411.4098361700886,410.7666888116375,99.74949801172428
4621.0,411.2287758077618,410.73867582761255,99.30672549176866
4622.0,411.3634870817373,410.7107871888702,100.3577527793953
4623.0,410.45498490811866,410.68260338663134,99.50255945946427
4624.0,410.60816678134915,410.65465975118315,99.41600147212627
4625.0,410.3824432560459,410.62674042410305,100.91961312485357
4626.0,410.7136252762839,410.59839883275043,99.70940619290666
4627.0,410.5051383464537,410.57039710784466,98.29905200538897
4628.0,409.87908436395713,410.5427914574064,100.63408405890863
4629.0,410.8158310062752,410.51453005213324,98.75267808202534
4630.0,410.79955257642763,410.48679700837187,101.08989161871877
4631.0,410.751072782111,410.4584075971423,99.3150257239051
4632.0,410.55508589765043,410.43051662741817,98.99525109034211
4633.0,410.49738234732115,410.4027154610703,100.42264164481723
4634.0,410.836467272733,410.37451343587503,99.5921033995926
4635.0,409.85224921290194,410.3465446535036,98.54737022051555
4636.0,410.2101654575482,410.31886926703334,100.36949330093006
4637.0,410.2877415235566,410.29068216766467,98.88336483277405
4638.0,409.8630289337212,410.2629124227075,101.53840002361966
4639.0,410.3032465501425,410.23439705536754,99.85506590284376
4640.0,410.2866993875513,410.2063544243598,98.41506271137527
4641.0,409.6023641708624,410.17871619424835,101.02563617179715
4642.0,410.00908200902063,410.1503448280901,99.31623550669161
4643.0,409.6748417399472,410.1224535186186,100.49783396366374
4644.0,409.27922510161574,410.09423037691386,99.26086869780984
4645.0,410.3815589090831,410.06635461628787,100.45848210045058
4646.0,408.8067950691979,410.03814252589797,100.50794956953905
4647.0,409.78410578767534,410.0099165433939,101.27804479766512
4648.0,410.21763260520237,409.98147429247985,100.71410573353225
4649.0,409.2993655714098,409.953190414453,101.55891339757329
4650.0,409.87731765907944,409.92466928627385,101.05663201182023
4651.0,409.9824488015019,409.89628921545057,100.03422443189152
4652.0,410.977261371617,409.86819627075596,100.41348588382579
4653.0,409.44728849622777,409.83999681680353,99.88319663457027
4654.0,409.21123139743986,409.81194628574866,98.87868023703709
4655.0,409.58518253781256,409.7841778563821,99.32736295525258
4656.0,409.82246717033365,409.75628342195216,100.15741442077254
4657.0,409.8131169943432,409.7281558814023,101.023135230326
4658.0,409.30071271697165,409.6997852175918,101.20205173207827
4659.0,409.2256158197163,409.6713643080637,99.08193146747438
4660.0,410.0401266213839,409.64353879897664,98.91260176698212
4661.0,410.0697487056913,409.6157608433137,98.98187324493246
4662.0,410.18163138883824,409.5879634339108,98.40401063684907
4663.0,409.8016455336707,409.5603283075903,98.44508846483448
4664.0,408.99193864115904,409.5326816452464,99.6143844489167
4665.0,409.6118062394138,409.50470660561365,100.89754181994111
4666.0,409.73857898260155,409.4763712126192,99.5539335243145
4667.0,409.1342918409457,409.4484131496211,101.21520180236573
4668.0,409.986536209689,409.419988547115,99.69567293941063
4669.0,409.16266433555495,409.3919906789644,101.63831944744895
4670.0,409.01916591034137,409.36344725091965,98.60163636877681
4671.0,408.5949268540507,409.33575662470605,99.73913916135314
4672.0,409.19481033817436,409.3077465497916,99.05080272818515
4673.0,409.03435727525664,409.2799297826921,100.91553036013902
4674.0,409.46825363406026,409.2515893379159,100.43776183061424
4675.0,409.10251309884717,409.2233830664685,99.82877391228872
4676.0,409.0757305375588,409.1953478191282,100.3050285684974
4677.0,409.12090268601605,409.1671788236052,99.32680361481904
4678.0,409.190678049307,409.1392845462567,98.3647054612328
4679.0,408.6212256222341,409.1116604581397,100.1480364626282
4680.0,409.181850217903,409.083535551233,101.11299464608241
4681.0,409.08958574603105,409.0551396519033,98.83582496212948
4682.0,408.8265927538704,409.0273832577264,99.84359460275707
4683.0,409.7456982143887,408.99934384824206,100.07821033508651
4684.0,409.42962768743524,408.9712385508397,99.73277378165805
4685.0,408.99589547641017,408.94323026353595,101.58847456711962
4686.0,408.8603618570583,408.914700833595,100.57083934780937
4687.0,408.94324518990334,408.8864571895449,98.4435930160165
4688.0,409.1403206841497,408.8588109471729,99.73772691363976
4689.0,409.216360147814,408.8308012688646,100.50724392939769
4690.0,408.83476347981053,408.8025754845278,99.81679048382121
4691.0,407.9896516371873,408.7745436025336,100.22320264818275
4692.0,409.58566998418286,408.74639758645657,99.7626658318683
4693.0,408.9281819949089,408.71838090446875,99.83302688932154
4694.0,409.004338933948,408.69034446275066,99.35179702250026
4695.0,408.90314630415685,408.6624431664202,100.1680847267842
4696.0,408.39302406759873,408.63431262929276,98.63751439631179
4697.0,408.6674788107215,408.6066119273331,100.40277187271073
4698.0,408.4086787793475,408.57841548223223,100.42647461299136
4699.0,408.6001250188389,408.55021238061175,99.85137615725779
4700.0,408.7272668306736,408.5221707858076,98.99623039507149
4701.0,408.09540982281464,408.49436934443827,99.76234095765696
4702.0,408.0568547180479,408.466352753686,100.21494996016514
4703.0,408.55682675703656,408.4382090552389,100.93893312528208
4704.0,407.5700501129539,408.40986203818613,100.32716283869225
4705.0,409.0079232944044,408.3816868266223,98.69361467827659
4706.0,408.4464197963371,408.35397036983346,100.31253002884152
4707.0,408.8018525522744,408.3257992676503,99.44157457081151
4708.0,408.0715774858871,408.29787275879175,99.44526310188162
4709.0,408.031145020028,408.2699452140706,100.63566282519001
4710.0,407.9307011351134,408.2416833654272,99.27600520077398
4711.0,407.99126098860125,408.2138033539667,101.7367080580048
4712.0,407.68332582932385,408.18523229512044,99.00102083749887
4713.0,407.61257606552863,408.1574295084352,99.32215190959494
4714.0,408.32122157296504,408.12953653744063,100.79603199439808
4715.0,407.7705676389275,408.10122965178886,98.89983755274042
4716.0,408.18995548221835,408.0734552807428,98.38066939779674
4717.0,408.5475017668725,408.0458267094202,100.11178573870198
4718.0,407.96028052693333,408.01771198292533,100.04748387471216
4719.0,408.04595959260524,407.9896153145371,100.11870178669795
4720.0,408.0103597777726,407.9614986457853,101.26363497706792
4721.0,407.8698252480403,407.93306044162927,100.27041534209111
4722.0,407.8380589097308,407.90490116665404,99.05625009456105
4723.0,407.0484996010627,407.8770828697525,101.26142981768436
4724.0,407.94386425865184,407.8486452848786,100.55769739926427
4725.0,407.41168080910666,407.8204053315257,102.49046055723231
4726.0,407.9535750119152,407.7916225938526,99.78502236267607
4727.0,408.0687730603272,407.76359963340565,99.494912967515
4728.0,408.3107979804918,407.7356581453473,98.8084652785733
4729.0,407.47675800587785,407.70790943468154,99.7346393351874
4730.0,407.86453816785627,407.67990062346826,101.0084832125503
4731.0,407.08208592262014,407.6515340744328,100.59085620299012
4732.0,408.04560828846786,407.6232848089824,98.5823301740515
4733.0,407.44036632597886,407.5955996045919,99.46839602923414
4734.0,407.9858888508635,407.5676655633736,99.86350219218615
4735.0,407.0617649673449,407.5396205631747,99.62202937054246
4736.0,406.8514518789861,407.5116433765931,100.65585566191491
4737.0,407.2551711267168,407.483375857128,100.94518591088888
4738.0,407.83500353436006,407.4550270840847,98.76413088274616
4739.0,407.59167977875296,407.4272908239952,100.75304237846332
4740.0,407.322020947164,407.3989960112605,98.64742337766268
4741.0,406.97064546725454,407.3712925265287,101.37180171129867
4742.0,407.63239796152664,407.34282394554805,98.11829750817373
4743.0,407.2033286645381,407.31526905699786,100.8458662224233
4744.0,406.9066567184976,407.28694817623375,101.80744652791306
4745.0,407.4069080383164,407.2583572516671,101.70054371234228
4746.0,407.2380453829725,407.22979634897456,99.49893870168786
4747.0,407.3114682335652,407.2018537303559,102.43144711530161
4748.0,407.34879276638014,407.1730875656243,100.31974720813007
4749.0,407.8377737282298,407.14491443661666,99.028050456146
4750.0,407.345501794582,407.11710405911356,98.24827052130155
4751.0,407.0713600556897,407.08951266980887,98.78844727533924
4752.0,407.24761330331967,407.06176958086564,101.50715117048637
4753.0,407.21638029157765,407.0332629892453,98.91496659472404
4754.0,407.44534062363397,407.00548436945996,100.41222166414889
4755.0,407.2412908785043,406.9772852705426,99.56116330626013
4756.0,407.6750293798167,406.94932517718075,100.73177277304144
4757.0,407.0343216286056,406.9210363376603,99.22424047004333
4758.0,406.7080059917074,406.89317086346165,100.30438883227768
4759.0,406.6910609362052,406.86500204759795,99.56880835011562
4760.0,406.56617169788296,406.83703980725295,99.99151843163487
4761.0,407.15302567317946,406.80895885582675,100.3064687103915
4762.0,407.0903357444057,406.7807894558639,100.3601680517493
4763.0,406.6322111869952,406.75260497533606,99.48956512079391
4764.0,406.37814001061537,406.7246649891313,98.15623338617074
4765.0,406.6016257609076,406.69709944692204,98.506493986919
4766.0,407.21359574807786,406.6694355398607,101.9665028027761
4767.0,406.34802376890997,406.6407999469903,98.99491303819235
4768.0,406.08184448975976,406.6129988755787,99.06527115919408
4769.0,407.2393791131281,406.58517804526144,99.30148780079533
4770.0,406.18938934849837,406.55729087743737,99.62601732219231
4771.0,406.2151681789325,406.5293125709061,100.1473516716066
4772.0,406.2443209480022,406.5011878563117,99.45567799966369
4773.0,406.6756999708812,406.4732573867401,99.4676388823501
4774.0,406.5801876367722,406.445323558154,99.83810920569074
4775.0,406.0648203555785,406.417285689152,98.39886347621427
4776.0,406.1435016087855,406.3896520083258,99.8681490980402
4777.0,406.81930412602384,406.36160570312074,101.146322363831
4778.0,407.36686292770423,406.33320044425693,99.97287950497375
4779.0,406.45176832062214,406.30512472726264,100.0777355834218
4780.0,405.8585729404298,406.2770195631863,99.43603495643964
4781.0,406.5887035866863,406.24909461003597,99.94612303823315
4782.0,406.7652055040874,406.22102640714945,99.78069772769943
4783.0,406.4163407922234,406.1930046612042,98.91335215859475
4784.0,406.03251809070923,406.1652264948064,98.70975696040593
4785.0,406.4266045322822,406.1375055047267,99.79435908847523
4786.0,406.7323826277594,406.109479922216,100.83581026379191
4787.0,406.2319528390508,406.08116186550023,99.30144473562605
4788.0,405.62345231594685,406.0532747097704,101.32298256903576
4789.0,406.04326628719815,406.02481983883223,100.27922582141706
4790.0,405.66200179604704,405.9966580895807,100.60840741474765
4791.0,406.2262923691282,405.96840389516507,99.16028769490512
4792.0,406.4095785683074,405.9405563810375,100.34724063402442
4793.0,405.6882982288911,405.9123755309594,100.28859587921308
4794.0,406.1653464716767,405.8842111502833,99.67456226747167
4795.0,405.83708527682364,405.85621921071316,99.60696006127317
4796.0,405.82083505187285,405.82824625609595,100.16138878104077
4797.0,405.77177825120305,405.80011759941334,99.09618471669391
4798.0,405.82462451187496,405.7722880875387,101.67584629165603
4799.0,406.14325001112786,405.74373412070514,100.39134216624137
4800.0,404.71708067716816,405.7155408854468,99.50597815883675
4801.0,405.5682019397794,405.68759628991387,99.59413706815347
4802.0,405.16989202281036,405.6596269364206,98.62527777596411
4803.0,405.47426124249154,405.6319296709118,100.17426950011175
4804.0,405.645319584485,405.60379739689387,100.9343604956009
4805.0,405.19974990476425,405.5754516639881,100.10203355793497
4806.0,405.1523778089101,405.5473396762305,101.89668946396185
4807.0,404.6468222199542,405.5187236892727,99.89455949556358
4808.0,405.48729230920145,405.4906699671477,99.31352562498277
4809.0,405.5878095968225,405.46277941870136,98.9716796068098
4810.0,405.484233655432,405.4349848720118,99.59262999962691
4811.0,405.0590551111322,405.4070159417535,99.9090236485351
4812.0,404.69102735506056,405.37895815761226,100.21699165974351
4813.0,405.38783212400983,405.35081388578783,99.53628774671799
4814.0,404.8371086702262,405.3228607783123,100.77440120656375
4815.0,404.98873479595494,405.2945599673068,100.08806334589059
4816.0,405.48905460516505,405.2664519028504,100.03765401627479
4817.0,404.93370209066563,405.23835799501427,100.43990085853818
4818.0,404.8384239537563,405.2101511228564,100.87641228157857
4819.0,404.6536719835452,405.18182166374066,100.05870273959408
4820.0,405.18878809271854,405.15372184472136,99.24949456746792
4821.0,404.99872300518,405.12584927833035,99.26164608497814
4822.0,404.7302128053995,405.09797329938806,102.3056896770398
4823.0,404.79277686133906,405.06924245153715,100.26531859337378
4824.0,404.6889841410658,405.0410846078988,98.21196246635739
4825.0,405.14685900052984,405.01350341510624,99.57394330907464
4826.0,404.97494418260607,404.98553973269355,99.1667594274894
4827.0,404.6123728950342,404.9576904010877,100.18721588168356
4828.0,404.616684426011,404.9295544912942,100.11631189053165
4829.0,404.94747373954954,404.901438493705,100.74958298892534
4830.0,405.2869800039508,404.87314465248227,99.28476919650392
4831.0,405.73439630843114,404.84526217979953,97.89909610375052
4832.0,405.40717510974537,404.8177688503104,98.02915514841906
4833.0,404.93028075670753,404.79023899590624,98.73325438351844
4834.0,404.8011857183135,404.7625114069669,101.2653762072267
4835.0,404.99650685422887,404.7340727138153,100.58299893394344
4836.0,405.20673677213085,404.70582565494806,99.95981002442065
4837.0,405.17969849705497,404.67775360829955,100.25022989594845
4838.0,404.58275908073693,404.64960000207043,100.59612215595959
4839.0,405.51458050838926,404.6213492577649,100.22364390461405
4840.0,404.15414246301583,404.59320311776844,100.15259897262038
4841.0,404.8715604940067,404.56507692955694,100.58884266953285
4842.0,405.1050530931174,404.53682822957387,100.49104458307843
4843.0,404.32683357371855,404.5086069945535,100.31362111672576
4844.0,404.3445850003888,404.4804355859565,99.73811723851263
4845.0,404.51327724211785,404.45242579803204,100.94811457708914
4846.0,404.59109142333926,404.42407620252163,99.04853486748665
4847.0,404.38368084652825,404.396260072313,100.88993393539103
4848.0,405.0856678400281,404.36792681586616,101.12198168989522
4849.0,403.75206207487764,404.3395283926749,99.04051674948886
4850.0,404.37403010780184,404.3117145142211,99.05402875443579
4851.0,404.4128845657339,404.2838968411459,100.0393022714655
4852.0,404.9212542933033,404.25580247042467,99.93721477864631
4853.0,404.2036369714488,404.2277367692743,99.6542682682446
4854.0,404.45575571328703,404.1997505289357,99.83730559416438
4855.0,404.0096135904159,404.17171288561457,99.36980628783647
4856.0,404.2860458345043,404.1438065316821,98.4605184398083
4857.0,403.9775690855842,404.1161555360869,99.3154386168636
4858.0,403.681620652204,404.0882644504087,99.46946568744426
4859.0,403.97951146543807,404.06033010879486,98.83127526020918
4860.0,404.03429017116713,404.0325749923259,101.41916926139972
4861.0,403.7385782631284,404.00409310895833,98.07489986911018
4862.0,404.32804565605664,403.97655040791176,99.019226287233
4863.0,404.10439939896236,403.94874250852945,100.27087719774046
4864.0,404.4962065957528,403.9205831038497,99.5185538370559
4865.0,404.26453510939723,403.8926349766472,101.53701820265371
4866.0,404.2336451513544,403.8641199973686,98.55192720329524
4867.0,404.2235365273352,403.83644333114574,99.4524929941957
4868.0,403.5417323044887,403.8085137560298,100.09500483069549
4869.0,403.8766455449435,403.78040374217323,99.63000353232049
4870.0,403.9525860273302,403.75242431618125,100.27612038473549
4871.0,403.782280337034,403.7242634390398,100.30041917018836
4872.0,403.65212175705045,403.69609573798954,100.25396892452625
4873.0,404.02121503081173,403.66794108171655,99.95636492012268
4874.0,403.7860060242409,403.63987000256816,100.82819828921272
4875.0,403.59778628647365,403.6115540835486,100.24391875635058
4876.0,403.8732700513877,403.5834022496979,99.9711349624352
4877.0,403.72470802100787,403.5553270226292,100.2714953960687
4878.0,403.7528413839566,403.52716744433883,100.12733976490416
4879.0,403.7064732143878,403.49904834975484,99.89984501588353
4880.0,403.8802304769737,403.4709931432796,101.77720887024333
4881.0,403.22233019700246,403.44241071045514,100.96493850592526
4882.0,404.0488324658715,403.41405639022474,99.35496494809466
4883.0,403.5089504431423,403.38615420423514,99.82922847585732
4884.0,403.89083721164326,403.35811882923815,100.78488359635936
4885.0,403.75844816129916,403.32981507442815,100.73315977890226
4886.0,404.01500148675126,403.3015258453903,98.66924127329986
4887.0,403.4635645960322,403.27381623346605,98.8581446007487
4888.0,403.6163944000846,403.24605357119066,100.47535111079883
4889.0,402.44969370343665,403.21783674342043,100.73792792574112
4890.0,402.4624141369316,403.1895461753279,98.53306220153983
4891.0,403.3789604241717,403.16187480702627,98.91542100244374
4892.0,402.89472673713277,403.1340960596281,99.8114224890472
4893.0,402.68161508525003,403.1060656851458,100.10067661354624
4894.0,402.7799083357036,403.0779540784635,98.73756550482506
4895.0,402.81833731473586,403.0502252788175,101.12518687791928
4896.0,402.50157368709426,403.0218259555026,100.5753503836703
4897.0,403.26682810934625,402.9935810446032,100.94558706930346
4898.0,402.8214733844023,402.96523215890124,101.49324831043852
4899.0,403.1019110549693,402.93672947166743,102.03495432304507
4900.0,402.5212867268592,402.9080746553284,99.06824597530475
4901.0,403.05480604356904,402.88025298958365,100.30050706910437
4902.0,402.86782334529556,402.8520852638484,98.7833473854356
4903.0,402.8802544556152,402.8243436071244,99.97162144929737
4904.0,401.791705124657,402.796268243434,101.14586027782738
4905.0,402.39420945955146,402.7678631143393,98.60178165611174
4906.0,402.587061247699,402.7401724473242,99.09494684349553
4907.0,402.11306776790286,402.71234328308566,99.9000296368109
4908.0,402.3659882101235,402.6842880247626,99.092725428463
4909.0,402.64340506415795,402.65645948437145,102.50513552818849
4910.0,402.15123314088737,402.6276726254773,97.9063135036429
4911.0,402.06563280715375,402.6001772691017,100.04512432124874
4912.0,401.95729589965265,402.5720812633548,100.90013915281699
4913.0,403.9156460091883,402.5437451409427,100.94077460192422
4914.0,402.51577414918825,402.515397606742,100.26791889072774
4915.0,402.895930704513,402.4872390328535,100.51764356802074
4916.0,401.6783707146448,402.4590103279515,99.27151301870352
4917.0,401.91874692764037,402.43113157804544,102.03906507757928
4918.0,402.2045860360447,402.4024756072695,101.11129361799954
4919.0,402.5305127235581,402.3740801856451,99.03391438691428
4920.0,402.5201388579668,402.34626816135477,99.86030913782336
4921.0,402.6596415409809,402.3182240578719,99.96678889048694
4922.0,401.62926048701337,402.2901500513252,101.53992925333138
4923.0,402.28008271926547,402.26163425452654,100.39522702361639
4924.0,402.20814745358473,402.23343992827074,101.87167599834794
4925.0,402.9675170591333,402.2048309659279,100.18423001358842
4926.0,402.4269198424055,402.17669589466567,100.84625416749248
4927.0,402.1817331969669,402.14837490495364,100.81547616976067
4928.0,402.2029164772659,402.12006255872933,99.22011804275147
4929.0,405.22326576127136,402.0921982422457,100.70197462917412
4930.0,402.1540301860599,402.0639177710373,100.15369053816048
4931.0,402.4027317740627,402.03579127627785,100.79169170118156
4932.0,402.8554398543052,402.007485609525,99.25179901968819
4933.0,402.2859545690136,401.979612395967,101.53696087481188
4934.0,401.8966892532478,401.95109743278806,100.98597479422529
4935.0,401.5605900006071,401.9227372048667,100.56712141068425
4936.0,402.08097416428683,401.89449460493717,100.5079811429738
4937.0,401.4702474071435,401.86626861356615,98.07335079819953
4938.0,402.2880568376401,401.8387263475504,98.99304340950872
4939.0,401.95618567852955,401.8109258011928,98.88872893832185
4940.0,401.9408558103751,401.783154549816,98.78031286298413
4941.0,401.9525369861382,401.755413745287,101.10171298362587
4942.0,401.427545297633,401.7270210142241,99.28548209680936
4943.0,401.87713872399456,401.69913834133524,99.48854539568258
4944.0,402.3921499477015,401.6711986415032,100.1735355907403
4945.0,401.7815453339188,401.6430665735915,99.78327454099318
4946.0,401.1181363140782,401.6150441039913,101.13901939761402
4947.0,401.4641548799282,401.5866408960438,99.42417989173292
4948.0,401.83446418366935,401.55871927219084,99.62392593583834
4949.0,401.3948690499283,401.53074155299055,98.26381041181037
4950.0,401.4753506646108,401.5031457995666,100.01052514127394
4951.0,401.90273604741975,401.47505951042274,99.72426265612648
4952.0,401.1473625141758,401.44705361332683,100.74213028497488
4953.0,401.68329891392943,401.4187618650718,98.66265373461148
4954.0,400.9068946574528,401.391054103148,99.9397396896559
4955.0,401.4986844490145,401.36298769291847,100.14579470934238
4956.0,401.102763323077,401.3348634155709,99.12177644539165
4957.0,401.6802257389414,401.30702671668587,99.12799480182592
4958.0,401.0569234083679,401.27918827147903,99.58858554632245
4959.0,401.82943568704616,401.2512204770381,99.47702580729317
4960.0,400.4810571368541,401.22328401229055,100.64174177311641
4961.0,401.21023042102416,401.19502045647596,100.25260931671237
4962.0,401.0124505952625,401.1668661820261,97.95414092149862
4963.0,401.1204397730888,401.1393573941173,99.22906667604822
4964.0,400.9813197580893,401.1114905645592,99.4603794717407
4965.0,400.8796423335055,401.08355877465755,99.93118233330055
4966.0,401.3920323240327,401.05549476761894,100.8400560135256
4967.0,400.9009789059222,401.0271755185551,100.70382177667801
4968.0,401.8371656434217,400.9988945286062,99.42735910410018
4969.0,401.08013755148363,400.97097201192446,100.68673484210319
4970.0,401.08795699834303,400.9426958205563,100.54790275516007
4971.0,400.52057235544817,400.9144586178659,99.35352669707014
4972.0,401.70775887658897,400.88655683578514,99.30447089243661
4973.0,400.34302091186,400.8586688302095,99.40974548841162
4974.0,400.4507068878339,400.83075126001825,100.11826124460295
4975.0,400.23859755806825,400.80263471498534,101.5718975486892
4976.0,401.95266818855356,400.7741099404238,101.88309288588566
4977.0,400.1046997628651,400.7454977718383,100.31334754677137
4978.0,400.1870631463249,400.717326440069,98.64180475609379
4979.0,400.4604985905017,400.68962453323326,101.44328233973498
4980.0,400.6452213778736,400.6611358781096,99.53616529379698
4981.0,401.16140692521003,400.63318280502284,98.97456154187483
4982.0,401.33625404553703,400.60538744898986,98.10902243691399
4983.0,400.02891190890927,400.5778351651888,100.54211715763121
4984.0,400.6732666284152,400.54959958728705,99.42013272382374
4985.0,400.1473595275077,400.5216791000137,100.49738518215955
4986.0,399.5890778585181,400.4934560843418,101.62361982613143
4987.0,399.8109203007251,400.4649167844406,99.19742463151138
4988.0,400.39614306863285,400.43705884102326,100.6053980648721
4989.0,400.27436978180776,400.40880549173335,99.92057571791071
4990.0,400.0271605151296,400.38074446338595,98.88214834742107
4991.0,400.28480699135997,400.35297506005844,98.33085712505533
4992.0,400.4240205858701,400.32536047768247,100.98524449411913
4993.0,400.4403669894306,400.29700045485373,100.30708985313005
4994.0,400.2492026458194,400.26883088045327,100.91413134133933
4995.0,400.42369107038763,400.2404908285682,101.07257300353714
4996.0,400.6973365107774,400.2121062809831,100.60448277664798
4997.0,399.89221304913934,400.18385318873663,99.47831803744188
4998.0,399.11130838303916,400.15591636108775,100.4194810416341
4999.0,400.81743442420736,400.1277152234953,99.48003649006722
5000.0,400.25532764893086,400.0997779132477,98.16029281400817
5001.0,400.3531826121704,400.07221123101573,100.94857638738256
5002.0,400.49182240880043,400.04386150581365,99.43132260248437
5003.0,400.41453750072066,400.0159378760494,102.22512429137113
5004.0,399.98262293846943,399.9872296536442,99.7614786108248
5005.0,399.75996769379043,399.95921330506775,100.28568084914113
5006.0,399.05913309061066,399.93104974302923,99.97354443764044
5007.0,399.72983014738577,399.9029738392997,101.87501355985411
5008.0,399.2322361609158,399.8743639396582,99.91467921989658
5009.0,400.62217034381365,399.84630456724403,99.96263566488247
5010.0,399.3729812218503,399.8182317270615,100.95985346804098
5011.0,400.1859987763204,399.78987883487923,100.21407434964159
5012.0,399.44102093911164,399.7617353823327,100.72021725215419
5013.0,398.7932127968068,399.7334497879877,102.65118432787519
5014.0,400.07130585599754,399.7046219137223,99.34074766218875
5015.0,400.0806680910199,399.6767237204205,99.51349162312935
5016.0,400.2732632694354,399.6487770148563,100.00568088804013
5017.0,400.34727140453776,399.6206920861403,98.74035361460481
5018.0,399.13535450536875,399.5929625035002,100.22180732892507
5019.0,398.89512527964405,399.56481687927527,99.19939391608584
5020.0,399.9406114287199,399.53695838281726,99.04129030067499
5021.0,399.64884218414096,399.50914428712446,98.70240787763855
5022.0,398.98778102239277,399.48142536091217,101.01308681396762
5023.0,399.48759050053894,399.45305751903186,98.63260464018015
5024.0,398.63051063017394,399.42535819589546,99.0707802050319
5025.0,399.3501080724041,399.39753581845457,101.6145196756617
5026.0,399.3355688183429,399.36899907417893,100.0093455572686
5027.0,399.25571937267705,399.34091311630164,99.9248446337047
5028.0,399.3759894638855,399.31285088910033,100.93972432487229
5029.0,399.28703617384446,399.2845036498524,99.18846531122301
5030.0,399.00862098012885,399.2566482225108,100.05124868048698
5031.0,399.96203801116746,399.2285504968397,99.46383219874185
5032.0,398.89407531394903,399.20061773729725,100.10134835219064
5033.0,404.49245281894883,399.1725059419683,100.43503781356297
5034.0,399.5311004043819,399.14430043551573,98.50726341286234
5035.0,399.104702400011,399.11663631237394,100.48428419416385
5036.0,399.6921336108015,399.08841697589605,98.83961268097835
5037.0,398.32341264478146,399.0606595180015,100.36143721355278
5038.0,398.5437355051216,399.0324746810507,100.86032105691746
5039.0,399.0370057027888,399.00414974088716,99.87377957807712
5040.0,399.88351162641817,398.9761018544557,101.02864500950442
5041.0,399.28355351255294,398.94772964331554,100.30961805033749
5042.0,398.77774032911094,398.9195593589131,99.690025040503
5043.0,398.5386899214776,398.89156307688086,99.6648399959445
5044.0,398.9256100533556,398.86357386764865,101.13652495181329
5045.0,398.3085400029071,398.8351713602247,101.29606475249791
5046.0,398.9054623843384,398.80672404870666,98.60265693110206
5047.0,398.327680202811,398.77903313588524,101.31765822289026
5048.0,398.61977179660875,398.750579760201,98.60101352727466
5049.0,398.2074460976794,398.72288930890204,100.17012342663114
5050.0,399.14447054294146,398.69475819923974,101.49932623499566
5051.0,397.950269122591,398.6662538051221,100.83705504443225
5052.0,398.8173313917707,398.63793539883045,99.40674068046157
5053.0,398.78567353215925,398.6100186724894,99.69945461016144
5054.0,397.2937529777794,398.58201974231963,100.28512257840973
5055.0,398.662285550415,398.55385633706214,99.4370149410059
5056.0,398.3703423740549,398.52593110869964,100.81726453668628
5057.0,398.4835075925732,398.49761826024223,99.19223656392153
5058.0,397.4974051153842,398.46976177380714,99.6035331816708
5059.0,398.9856553301453,398.44178978157197,101.32751162183605
5060.0,399.00449102209933,398.41333363872485,99.47025096432537
5061.0,397.85168980009286,398.385399076579,100.77660622713721
5062.0,397.87344421480566,398.35709764633026,101.03130355788028
5063.0,398.42627898708764,398.3287246885811,101.29957158535207
5064.0,398.5786108772115,398.30027639222754,99.20293275756316
5065.0,397.9885206810524,398.2724169019447,99.52098668315313
5066.0,398.37999161967775,398.2444680915179,100.21975787850025
5067.0,398.1641841213821,398.216323042847,100.42968031042363
5068.0,398.41176603766496,398.1881190409598,99.21955149116373
5069.0,397.5598706154436,398.16025488358275,99.3214083322678
5070.0,398.2887996870898,398.1323621214094,98.89497848207256
5071.0,398.1442082100347,398.1045891149524,100.74332962609108
5072.0,397.952436501296,398.07629702988237,99.93095987847477
5073.0,397.8827254068964,398.0482330853165,98.19409149629249
5074.0,397.8444920759913,398.020656911288,101.67562941204206
5075.0,399.26562689286914,397.99210300536146,100.21091972224083
5076.0,397.4674859977337,397.96396043873943,100.56914503136113
5077.0,398.16846373303144,397.9357172705098,99.02064144240876
5078.0,397.818261702277,397.90790897370476,100.06713510751675
5079.0,397.1882275891869,397.8798067865954,99.99523286212634
5080.0,397.4992390365676,397.85172479203334,99.49434464441742
5081.0,397.5663480285119,397.823783463579,98.6612468933547
5082.0,397.430148968558,397.7960760967431,100.08812548990487
5083.0,397.1376574003275,397.76796801483465,99.93273320917392
5084.0,397.5563263551715,397.7399035722584,100.92627630726476
5085.0,396.7646874630964,397.7115601096622,97.70510851360395
5086.0,398.1221253986594,397.68412125835454,100.21129782150571
5087.0,397.19241047129,397.65597858554963,99.99684448504586
5088.0,397.59081591597464,397.6278961383901,99.70911437510797
5089.0,397.8473656146123,397.59989449543644,99.72601133887784
5090.0,397.77731002991953,397.5718881072521,100.58863547199842
5091.0,397.1661548194252,397.54363946545703,99.73959749710473
5092.0,397.5725289214659,397.51562926182663,99.16511973315502
5093.0,397.4545475903362,397.4877803907016,100.2636169285808
5094.0,397.2222287492574,397.4596230249475,100.65831859470707
5095.0,397.39845443555146,397.43135481380875,100.74125811190957
5096.0,397.46829508376175,397.403063310489,100.2381399058401
5097.0,397.8861104330568,397.37491309953214,100.18979609479767
5098.0,397.2051658370531,397.34677646512887,99.88838507259375
5099.0,396.78196826267396,397.31872447698765,97.45945917572776
5100.0,397.4616611692524,397.29135461220244,100.57556204371953
5101.0,396.5249668862178,397.2631096418619,99.37611571245918
5102.0,397.2043959904849,397.2352015160326,99.95533604398155
5103.0,397.81325397590643,397.2071307258269,100.00452825396083
5104.0,396.94659989818075,397.17904612080895,101.77505067269294
5105.0,397.10294359628983,397.15046429407835,99.65202730706932
5106.0,396.78939271146135,397.1224786830762,99.26573300586828
5107.0,397.82088586658176,397.09460155639044,98.43771592098209
5108.0,396.4409545724823,397.0669569645026,99.24107491265697
5109.0,396.6243463578184,397.0390867626313,98.30332965746844
5110.0,396.8101832707137,397.0114799108859,99.3830756092189
5111.0,397.5016966754142,396.9835698304855,98.86474690414974
5112.0,396.53862756171765,396.95580531406335,100.49118507664096
5113.0,397.5262006391727,396.92758403958766,98.62615587985536
5114.0,397.32609015705884,396.89988652747803,99.61100275591191
5115.0,398.1350852117242,396.8719124375374,99.66803114880635
5116.0,396.7690671290333,396.8439223321231,100.9820919264972
5117.0,396.7908261000567,396.81556319464045,98.93767609526923
5118.0,396.49849333419115,396.7877781972703,98.88355916873431
5119.0,396.31807827377116,396.7600083977371,100.29134664607884
5120.0,397.2450111109797,396.73184324455406,100.54892246822294
5121.0,396.9610131212438,396.70360575549415,100.05740442983401
5122.0,396.30182417586656,396.6755063010835,99.68040181004139
5123.0,395.7693320615554,396.64751272157514,97.88103750220411
5124.0,396.4753803257846,396.62002446354325,99.03977233877097
5125.0,396.6988830742401,396.5922107941448,101.07939374881366
5126.0,396.59956336045644,396.563824331067,100.03831827714244
5127.0,396.54672129428593,396.5357302366842,100.59597840209395
5128.0,396.43957398520223,396.5074795327496,99.41883410250254
5129.0,396.48793293835115,396.4795594101725,99.91303908786062
5130.0,396.7496230122216,396.45150049836195,102.28251108401925
5131.0,396.39155787710524,396.42277615983255,99.09736742394162
5132.0,396.68786288916016,396.3949463158143,98.67869050736437
5133.0,396.6728748851355,396.3672340502302,102.08578689719056
5134.0,395.7673034083851,396.33856495840985,100.50038987999234
5135.0,396.3783029564782,396.31034109891857,98.78730340673243
5136.0,396.026948136651,396.28259833121183,98.58022410041696
5137.0,396.0663396389257,396.25491371827695,100.6639478752452
5138.0,396.2387393518738,396.22664392624864,97.84790548796465
5139.0,395.9427708208302,396.1991649727908,98.61450032262323
5140.0,396.0111437552366,396.17147073395023,99.0785618922799
5141.0,395.89432418106026,396.14364617115217,98.52121751324059
5142.0,396.1527135811295,396.11597812923384,100.51122681633386
5143.0,395.54770447907816,396.08775122636956,100.23661314569216
5144.0,395.5946913619866,396.0596014441778,98.7586455987017
5145.0,396.4313982338622,396.0318667245388,99.86668737366682
5146.0,395.9893925627421,396.00382082983475,99.66235584772909
5147.0,395.8379421164438,395.97583231823415,100.74038216881749
5148.0,395.5486868616149,395.94754106090835,101.34054148790742
5149.0,396.43609008158677,395.91908125884055,99.9193913133226
5150.0,396.3163630255698,395.8910205631134,101.183925402553
5151.0,395.9331645967648,395.8626047440629,101.02949847064029
5152.0,395.7419735621202,395.83423229324234,101.41222799156367
5153.0,395.4344830949978,395.8057523592147,100.56098046420108
5154.0,395.89171809298614,395.77751148386767,98.81259903361484
5155.0,394.97017340165405,395.74976161230575,101.26211704859199
5156.0,395.9576567706716,395.72132383443454,99.0830447577009
5157.0,396.1075892546401,395.69349801269846,99.64567035376251
5158.0,395.4424743647722,395.66551418694075,99.47100802630194
5159.0,395.49485439820035,395.63757941218665,98.64222213036062
5160.0,396.0793004498878,395.6098773881384,100.85484019665279
5161.0,394.6125621163082,395.5815539871832,99.21170306920396
5162.0,394.9350295714557,395.5536920339046,98.70528517411925
5163.0,395.54236709399413,395.5259722996516,100.07194350247346
5164.0,395.6853005836685,395.4978687621846,98.09795177703299
5165.0,395.974702594059,395.47031958739393,102.15786071021941
5166.0,395.82706939476395,395.4416302548444,100.11298183231393
5167.0,395.7891958686006,395.41351519244654,98.48395819780512
5168.0,395.472868966702,395.385857614186,101.06426913605951
5169.0,395.1599994517927,395.35747539860364,101.06600422541086
5170.0,394.48205943113777,395.3290926957503,100.50511503985462
5171.0,395.29986625517404,395.3008675092766,101.6669627540397
5172.0,395.7941058226056,395.2723160372365,99.46764251261538
5173.0,394.5505524991223,395.2443822076309,100.19629443786509
5174.0,394.55631121330606,395.21624374827627,100.35040820644083
5175.0,394.97087454911696,395.18806200863827,100.23374171990267
5176.0,394.9903408879813,395.1599130328386,99.57981239886401
5177.0,395.03592647324575,395.1319477021899,99.85121339751048
5178.0,394.4197465273718,395.1039061530941,101.75572783695337
5179.0,395.2553716020143,395.07532975285994,100.86278265120804
5180.0,395.1816036092237,395.0470041213987,99.66462601171507
5181.0,395.1989705334886,395.01901497226044,99.22633599833881
5182.0,394.61904387402546,394.9911489095675,101.37613191630686
5183.0,395.3185699860832,394.9626791125211,100.40700650458759
5184.0,394.95300987022597,394.93448147819436,100.35819370966101
5185.0,395.0200302529411,394.9062975521275,100.96543664515961
5186.0,394.32649796100196,394.877943092003,100.8499564940569
5187.0,394.1561401320947,394.84962106255426,101.59703084673845
5188.0,395.27999174924196,394.82108922972486,100.19145873037345
5189.0,394.1168642898884,394.79295212839804,99.46663047242255
5190.0,394.6820100698074,394.765018583007,99.43549097147086
5191.0,394.43043547258094,394.7370937826259,101.47911719294146
5192.0,393.87343071103516,394.70859506388086,100.33314097338197
5193.0,395.39690016763063,394.68041817345744,99.76427792353086
5194.0,394.63032986065576,394.6524010387406,101.25518410888506
5195.0,394.62108420492933,394.62396520787007,99.5618368736464
5196.0,394.1769347804294,394.59600492534804,97.51238162651907
5197.0,394.56986118772795,394.5686201981746,99.87148651768085
5198.0,394.14396329689185,394.5405729557109,100.28869113013202
5199.0,394.62457057381863,394.5124085482852,100.39658477087715
5200.0,394.31434427878025,394.4842138407287,98.87646653986005
5201.0,395.1363850823861,394.4564460330421,100.15151162288876
5202.0,393.8977456319709,394.4283201501947,100.22309736377395
5203.0,394.70685768275797,394.400174163685,101.41630777712443
5204.0,394.07763355063986,394.3716930839176,99.94173366288597
5205.0,394.5185641877446,394.3436261137139,102.41157914564748
5206.0,394.5144535957306,394.3148655285705,99.63023705875862
5207.0,393.9200171010048,394.2868860369965,99.77607003891745
5208.0,394.25269778315334,394.2588655906606,99.86154213196946
5209.0,393.79282413250456,394.23082114091187,100.91739806165445
5210.0,394.13705060730143,394.2024801716229,99.61047071081151
5211.0,394.2768633185261,394.17450623109823,101.31190000074189
5212.0,394.38518201756636,394.1460544725147,98.80834591080058
5213.0,393.8997381985944,394.11830579537144,99.86640214482212
5214.0,393.7486635396978,394.0902599807691,99.3359602332219
5215.0,393.89932043323154,394.06236313193693,100.50711673977041
5216.0,393.60141272057206,394.0341373833192,99.39623916653451
5217.0,393.8852756504771,394.0062236061533,99.30815041331438
5218.0,394.2350353469975,393.9783345672455,98.39008522612154
5219.0,393.8711562069273,393.95070335164456,101.0677223074506
5220.0,394.0294578825236,393.92232016629646,100.02135375786331
5221.0,393.92019869836895,393.89423083611615,99.8882419773881
5222.0,393.8925656778387,393.8661788881609,99.27678221472907
5223.0,394.27323557205847,393.8382986584889,99.55683629345458
5224.0,394.0533960458265,393.8103397802965,98.19127527019916
5225.0,394.00661568573116,393.78276439715813,100.61467185764918
5226.0,394.36617623783656,393.75450844347813,99.1407377745118
5227.0,392.99116417421277,393.7266664196198,99.16939885758762
5228.0,394.4744595686794,393.6988163467739,99.66511230270524
5229.0,393.89685039964615,393.6708270610689,99.97460459439921
5230.0,393.0440451801233,393.642750859612,100.35469198691506
5231.0,392.4693882313817,393.61456791694565,99.30863400604937
5232.0,393.86598834801936,393.58667874222897,100.37450960468996
5233.0,394.2790947298996,393.55849023411497,99.83186072191026
5234.0,392.53606628823536,393.5304541198956,97.92007324154292
5235.0,393.6392837789461,393.50295489932694,101.07534577644343
5236.0,393.5209847646433,393.4745695730547,99.769188901866
5237.0,393.7306981294802,393.44655105917144,99.05531695361267
5238.0,392.9047611983992,393.4187330243269,98.98517946817059
5239.0,393.8280414165016,393.3909346864263,100.66829315833728
5240.0,393.58909003746004,393.3626636740977,97.56320207735645
5241.0,393.91585086478574,393.3352646748476,98.557234503416
5242.0,393.27804543306706,393.3075865181579,100.11271390788752
5243.0,394.13887860065904,393.27947153100206,100.12466172432295
5244.0,393.6985717382786,393.2513531885012,99.47372534954955
5245.0,394.2460557247056,393.2234176506322,99.97224136946987
5246.0,393.35742054363277,393.1953421128476,101.6373984137987
5247.0,393.9692491541219,393.1667989434597,100.57929312783212
5248.0,392.56069852493397,393.13855292530627,98.53354171155281
5249.0,392.710839319425,393.1108814223423,99.38245555730838
5250.0,393.2933464446166,393.0829715160733,100.58244957888226
5251.0,393.60337929994114,393.05472461148327,100.59776930441502
5252.0,393.33660783665937,393.0264734046036,100.50391656062203
5253.0,393.084847586987,392.99824855470285,101.44392816977576
5254.0,392.8829146487116,392.96975971820854,99.65465438113932
5255.0,392.69510690800826,392.9417733694365,99.01393575059818
5256.0,393.3592491772212,392.9139669558132,99.85034097293637
5257.0,392.8805994110099,392.88592565172326,99.16563738678816
5258.0,393.3156665458551,392.8580766352238,102.21810337554473
5259.0,392.2858747136681,392.8293703845258,101.70061522965472
5260.0,392.89538273562084,392.8008094617488,100.16261185571685
5261.0,393.06312638877523,392.772680461586,101.05236915558241
5262.0,392.9495534581078,392.74430158791483,101.27450557567835
5263.0,392.68952167463874,392.71586033093234,99.85979948792641
5264.0,393.17833731510433,392.6878163705761,99.80214747055356
5265.0,392.6123603524275,392.65978860082816,100.79333321994369
5266.0,392.84877959495344,392.63148247308226,99.2961268613027
5267.0,392.4877037978351,392.60359681078876,98.68215111773824
5268.0,392.6022338224333,392.57588357334987,99.113406949782
5269.0,392.2466533992783,392.5480492248981,100.42181481174482
5270.0,392.08079219656065,392.51984743190513,99.61731256960576
5271.0,393.1427150075455,392.4918715699585,99.8997073784176
5272.0,392.3939822059483,392.4638164021364,101.05066668796461
5273.0,391.91148889189435,392.4354380065749,100.58185626616108
5274.0,392.5905723374432,392.40719126860677,99.79218197745101
5275.0,392.1507911043814,392.3791662975014,99.09859318875056
5276.0,393.3424454011992,392.35133610924754,101.25349178585681
5277.0,392.111490746629,392.3229007536377,101.23208589982595
5278.0,392.34851710270505,392.2944714095142,100.89998207437924
5279.0,392.5200245634192,392.26613533121497,98.93512454125603
5280.0,392.04762552952945,392.23835105040627,100.10360671979167
5281.0,391.68985107535303,392.21023862085246,99.46750714332299
5282.0,392.5732231758686,392.1823048292631,99.50563494998299
5283.0,392.296765525997,392.1543603301146,100.7487657626863
5284.0,391.8254134927171,392.12606671839626,100.97090890769648
5285.0,392.24130750402105,392.09771072147805,100.50718674795979
5286.0,392.73130104932216,392.0694849531996,99.12986014060515
5287.0,392.19908223119324,392.04164598414354,100.47593230679328
5288.0,392.0452894492577,392.01342899315404,99.95085158593842
5289.0,392.1970403885183,391.98535946233363,99.84395693375897
5290.0,392.2671737883323,391.9573199510947,98.31835993352485
5291.0,392.0186952281777,391.92970887834673,99.59169075351012
5292.0,392.1297649443422,391.90174021186016,101.11753272630128
5293.0,391.6623388139358,391.87334303808615,99.80203941802304
5294.0,391.66548124465055,391.845315298683,98.43237360272809
5295.0,391.98464909322666,391.81767220709617,100.43323246574636
5296.0,391.67298585534,391.7894672076454,100.60270608766864
5297.0,391.7161837975951,391.76121461435235,97.98747554464757
5298.0,391.286826130379,391.73369646497025,100.22657307628437
5299.0,391.03123356453995,391.7055495023647,99.32629030488987
5300.0,391.2202969819743,391.6776553691707,100.66117435829985
5301.0,391.00244032821416,391.6493863560384,101.10351250851217
5302.0,392.0366819710236,391.62099311960895,98.96367134022891
5303.0,391.8340001248432,391.59320082190754,100.16342585073781
5304.0,391.6275238784771,391.56507159314776,99.94957167213185
5305.0,391.69417215040863,391.5370024217699,99.58835773566437
5306.0,391.55953562968904,391.50903469130577,99.33733783283417
5307.0,391.1293720420827,391.4811374555977,99.9413275253842
5308.0,391.08226881503333,391.45307059945105,99.79743625012752
5309.0,394.4673790798948,391.4250441527708,99.50754271031393
5310.0,391.0350397684819,391.3970991178596,101.51891711147553
5311.0,390.78592122209074,391.3685892219708,99.65653226810396
5312.0,391.5970533107631,391.3406023458255,99.53403447929813
5313.0,391.8725867056134,391.31264987114264,101.23068349043912
5314.0,391.970333235023,391.28422092086237,99.31137828609373
5315.0,391.88031286558504,391.2563309754604,100.19938158053365
5316.0,392.288447432429,391.2281916491332,99.07582748534865
5317.0,390.7356873581896,391.2003678542477,99.48027676761966
5318.0,391.2596882120657,391.17243047652215,97.56618890617686
5319.0,391.75144001808206,391.145030638471,101.31183826275
5320.0,390.5432540358096,391.11657889722557,97.78460944930119
5321.0,391.5174985933634,391.0891177194052,101.2189148925409
5322.0,391.1879016163003,391.0606920741396,100.05374385269994
5323.0,391.0973026012387,391.03259364774095,99.69153150605936
5324.0,390.5214372299261,391.004596942643,102.05900295365615
5325.0,390.39357556974943,390.9759353726468,100.30850489773604
5326.0,390.73348416707637,390.94776540085473,102.01946184817983
5327.0,390.49524910149813,390.91911493531904,99.77269953069899
5328.0,390.3810078614353,390.8910954355341,99.99635279295917
5329.0,391.1624364657173,390.86301312645816,100.83472942331744
5330.0,390.26351247989044,390.8346953732784,100.67848465193231
5331.0,390.4955647336439,390.80642149883863,99.73481872518211
5332.0,390.5996557890996,390.7784126372466,100.25898304373275
5333.0,390.7416612180817,390.75025657284186,99.13155011499406
5334.0,389.82662549150695,390.7224171291846,98.76835113730094
5335.0,390.28507395697,390.6946796839068,100.02020634522685
5336.0,390.52304736160585,390.6665906759582,100.70638943695397
5337.0,391.104268027804,390.6383089649247,100.78944144503369
5338.0,391.3424119089901,390.6100039301189,100.43901175341111
5339.0,390.8597427088194,390.58179730765147,99.82723364913045
5340.0,390.323325983639,390.5537624928683,100.05189785634718
5341.0,390.3199092178818,390.52566458488695,101.01410443133443
5342.0,390.5917984845338,390.49729645722584,99.71332902392346
5343.0,390.90235443849105,390.4692936306583,99.56124816661709
5344.0,390.7392212786203,390.4413335134649,99.43649463462113
5345.0,390.21928601812573,390.4134084312217,101.14814458830222
5346.0,390.7949063943098,390.3850026606164,99.29072893776532
5347.0,391.26636228530344,390.35711851423974,98.76831144132157
5348.0,389.7751106954415,390.32938108010995,100.38985601131286
5349.0,390.2159064509898,390.30118826221343,100.21764033665602
5350.0,390.25933487975277,390.2730438082189,100.34244670227856
5351.0,391.06594381668083,390.24486430443665,100.72959145628036
5352.0,390.93128311085724,390.2165760775027,98.74219295198967
5353.0,390.7550476144422,390.1888459783153,98.92514932517429
5354.0,389.9884015078315,390.1610644988798,100.71368504749121
5355.0,390.5125755227845,390.1327807389957,101.24503337482307
5356.0,390.4352070879589,390.1043477587896,100.61498393723042
5357.0,389.59863245365,390.0760917174672,100.94924826475183
5358.0,389.46497962371654,390.0477418035796,100.6283697508696
5359.0,389.87797478241396,390.0194820030745,100.41866725480841
5360.0,390.1403162254378,389.99128109402045,99.93891800905585
5361.0,390.0320822769735,389.96321491454626,100.9173296164247
5362.0,389.85569987484536,389.9348739644789,101.73599126792261
5363.0,389.37468812283464,389.9063031069312,101.40975523413624
5364.0,389.9102348575692,389.87782386733625,99.09794565320098
5365.0,389.7966413999718,389.849993860932,102.08422806401694
5366.0,389.47424340294816,389.821325206884,100.33859065209526
5367.0,389.3615597015633,389.79314678600923,99.36444388907177
5368.0,390.348456380809,389.7652419380171,101.42488137794298
5369.0,389.69085733304104,389.7367584504968,99.26435181993254
5370.0,390.4872487785016,389.70888171169406,100.31128590957812
5371.0,390.08735812653794,389.6807109589011,98.57956453955546
5372.0,389.8441095325291,389.6530265311929,101.34083973002964
5373.0,389.4677982267559,389.62456664536876,99.85388579918927
5374.0,389.8593268683141,389.59652434577345,98.97115134719552
5375.0,389.74871505482105,389.5687299474368,100.14681828129277
5376.0,389.2873605033727,389.5406053826361,99.51632484929308
5377.0,390.1989163812458,389.51265788140756,101.45172585652142
5378.0,389.19860907934714,389.4841668550629,100.70231328013026
5379.0,388.8713515861396,389.45588628875004,100.62338582406635
5380.0,389.6242833451926,389.42762788789776,99.07571350454587
5381.0,389.93168383670604,389.39980412502194,101.25647308888453
5382.0,389.42160189380706,389.3713679321628,101.57039333113399
5383.0,389.3367219926088,389.3428435800356,99.95219558305166
5384.0,389.3502618948488,389.31477367177604,100.9493473420468
5385.0,389.1655864911709,389.28642373006414,99.01944364660629
5386.0,389.37268563907287,389.2586157696401,100.80743033281631
5387.0,389.41136682472495,389.2303056829549,99.20533195598424
5388.0,389.06831958038345,389.20244551889726,99.06126590044497
5389.0,389.2297412396184,389.17462581339026,100.48911549086701
5390.0,388.89686734208505,389.14640512012323,99.79145625330393
5391.0,388.62057379523975,389.1183803528254,99.13609223167231
5392.0,388.5661577016291,389.0905396335903,99.57138007767155
5393.0,388.75342494066723,389.0625766710185,99.78229998471035
5394.0,388.5892036792679,389.0345544751061,99.80209793159887
5395.0,388.7167734879373,389.00652671927037,101.15590565841244
5396.0,388.5477758748124,388.978118769098,102.33138754183874
5397.0,389.10545438723165,388.94938070443,101.47636495599656
5398.0,388.70138809197493,388.92088275860476,100.96684556744192
5399.0,387.9335439405953,388.892527902808,100.13918506171017
5400.0,388.6858763030106,388.8644054816698,98.18076371311152
5401.0,389.05039391080135,388.83683305052705,106.21605651873531
5402.0,388.8342269520927,388.80700404132136,112.2895406833223
5403.0,388.55702746934895,388.77546939531277,119.7986439367531
5404.0,388.546883352232,388.7418259428072,127.09559112540099
5405.0,388.2736982389438,388.70613326429947,135.1092560843709
5406.0,388.4239126850873,388.66819008154914,142.70677553070703
5407.0,388.73934648997977,388.6281132620876,147.03182041783717
5408.0,388.22848772741827,388.5868218258535,155.32707358251272
5409.0,389.0759739746995,388.5432008060225,159.63386376761426
5410.0,388.2738584726816,388.4983702959477,167.84995038779567
5411.0,388.71100887312053,388.4512324348805,176.18437043102986
5412.0,387.95849732522674,388.4017539908511,181.73986526502915
5413.0,388.5401034691102,388.3507153786892,190.27436479524857
5414.0,386.94282087761104,388.2972799945759,196.11337002360946
5415.0,388.25649180381976,388.2422048231609,204.29104314435767
5416.0,388.45718804476246,388.1848330885445,209.9362651608639
5417.0,388.2021263406998,388.1258759874118,218.00548889971765
5418.0,387.94036385879787,388.06465277927913,222.23384962203136
5419.0,388.44963942968513,388.00224210651027,229.05130573386765
5420.0,388.0436096846229,387.93791686481666,237.7280488145201
5421.0,387.8077397989209,387.87115490444125,248.41289467077462
5422.0,388.0694266780442,387.8013922831879,252.4585586853588
5423.0,388.0226437747425,387.7304935046238,260.08802863566314
5424.0,387.6690166020861,387.6574521165819,265.1627705192207
5425.0,386.8478019665973,387.58298557186106,272.93504052869076
5426.0,387.64248972232616,387.5063363146459,280.12097997405726
5427.0,387.0116597558837,387.4276690061032,285.31261726001946
5428.0,388.0595100291477,387.347543712756,292.2897367306953
5429.0,387.1711423387939,387.2654590116908,299.13012971726477
5430.0,386.5242729391227,387.18145330026186,300.36071764852306
5431.0,387.5186873362536,387.0971019987222,299.9418415021801
5432.0,387.0587607169518,387.01286833156706,299.9860175260448
5433.0,387.208535607933,386.92862225831186,299.16531122470235
5434.0,386.7788757680728,386.8446066667429,299.23120799907787
5435.0,386.662851303454,386.7605725691631,300.8778332986271
5436.0,386.5784104504634,386.6760760443118,298.83842035398965
5437.0,386.2758038077319,386.5921522545957,299.5609723543495
5438.0,386.26721508482825,386.5080255481929,300.8428229363948
5439.0,386.6640489464907,386.42353885541826,298.977834755361
5440.0,386.2504515425158,386.3395759134911,298.666906095097
5441.0,386.4559750373292,386.25570029069604,300.3947544531099
5442.0,385.49223416093633,386.17133943048714,300.4413259155393
5443.0,386.1231786405081,386.08696549145924,299.00921963441266
5444.0,385.83136423262,386.0029937356119,299.7293167755142
5445.0,385.45395959435155,385.91881975248407,300.36926789355323
5446.0,385.3919667920311,385.83446604975063,298.68600748487364
5447.0,385.7894876497829,385.7505850626486,300.4426831955127
5448.0,385.6558693805643,385.66621074245126,300.93461273272396
5449.0,385.6949500440898,385.58169827204216,300.7079346639102
5450.0,385.1991078571748,385.4972494603907,299.25851610896024
5451.0,385.47082227671206,385.4132076937834,299.84466729089684
5452.0,385.51586488983924,385.3290013163859,298.24946335033235
5453.0,385.2607548800058,385.24524292542833,299.5057759324482
5454.0,385.7621484139901,385.16113172002065,299.05712167318467
5455.0,384.67028972039674,385.07714651168413,299.69399311418886
5456.0,384.88064088913416,384.99298244861785,299.3850257193606
5457.0,385.42798380939496,384.908905153895,299.88796175549896
5458.0,384.8028611636367,384.8246866179687,300.98305596060203
5459.0,385.2489994463934,384.7401605430864,299.3305416640421
5460.0,384.78280687181467,384.65609854930244,300.93836912881375
5461.0,384.91478786107916,384.5715850239721,299.4851432733742
5462.0,385.06523451466023,384.48747961290286,301.0392759587765
5463.0,384.6719048608333,384.40293774957104,300.4472284084758
5464.0,385.42963931271527,384.3185621529263,299.84658622941726
5465.0,384.1946426838905,384.2343552366269,300.60804524509246
5466.0,384.24912290020205,384.1499344772539,300.3827976963853
5467.0,383.7783366732165,384.06557697490086,299.1331221742167
5468.0,384.294183739162,383.9815704230903,299.3501390202721
5469.0,383.7200019371481,383.8975029257154,299.4638985810296
5470.0,384.5687369790527,383.81340348086394,300.9275290219363
5471.0,384.5391265993298,383.7288929997969,300.2228133615377
5472.0,384.0395153206587,383.6445804263779,301.40805723105666
5473.0,383.41098310775556,383.5599349969722,301.60334670298283
5474.0,383.1899428246316,383.47523472377304,299.31666827440597
5475.0,383.5427616857928,383.39117662609937,299.5803800074628
5476.0,382.75234410179235,383.3070444693806,300.1749640173728
5477.0,383.31760076055633,383.2227453336523,299.5224434033287
5478.0,383.00155774548807,383.13862944746325,299.2851729109342
5479.0,382.3797184389558,383.05458019473747,300.55268747652
5480.0,382.877205207303,382.97017498167116,299.57656744127587
5481.0,383.0395584446641,382.886043895648,302.88833621610974
5482.0,382.82466913028503,382.80098275456066,299.9843315363484
5483.0,382.7638274645155,382.71673715478755,301.6533159537219
5484.0,383.38699699327776,382.6320228485572,299.8456667930967
5485.0,382.671605520159,382.5478161904661,300.4847831252895
5486.0,382.4666080885138,382.46343004720507,300.4971596446952
5487.0,382.30770170457305,382.37904042820486,302.7420237690544
5488.0,382.2330605827693,382.2940203765297,300.4382263541563
5489.0,382.94114181909504,382.209647307962,299.80137807265066
5490.0,381.94420355753107,382.12545308761986,298.4966107120281
5491.0,381.8443080911818,382.04162528944494,301.2152102559312
5492.0,382.42893442848,381.957034017898,299.93971871495205
5493.0,382.2962801260016,381.87280094689226,299.28735552258615
5494.0,381.7916882756196,381.78875108121633,300.2894481316677
5495.0,381.930521725136,381.70441979453267,302.3972356087819
5496.0,381.2809630532845,381.61949657086586,300.02986395727623
5497.0,381.1804784635949,381.53523818407126,299.5041235160691
5498.0,381.69243600327593,381.45112744271717,300.78565474613123
5499.0,381.2685421046172,381.366656804676,300.27528193042815
5500.0,381.53057976195674,381.28232949633383,302.09258589642013
5501.0,380.7514828711141,381.1974918284612,301.8890505896076
5502.0,381.1593753367756,381.1127113200873,299.9000839155385
5503.0,381.42385253554875,381.0284893798543,300.99097154600963
5504.0,380.95489345556325,380.94396108201187,298.5553316678321
5505.0,381.33457931297283,380.86011679303516,299.5148980264905
5506.0,380.32709192118074,380.7760030258394,301.5378387140829
5507.0,380.59525712678584,380.69132114946717,299.20301677477363
5508.0,380.80053522667146,380.6072949689229,299.30797620700406
5509.0,380.1745872541088,380.5232393122714,299.2278534306993
5510.0,380.9310600846559,380.4392061567663,300.43540202132925
5511.0,380.23045613870653,380.3548338813653,301.3330534020437
5512.0,380.2368197283209,380.27020951553493,299.9419582931294
5513.0,380.808838068743,380.18597581558095,299.4806429908155
5514.0,380.2155113092886,380.101871668341,300.5822304588574
5515.0,380.18654936665627,380.0174581586205,300.0282189749621
5516.0,380.30622081763266,379.9332002337917,299.0759119453225
5517.0,379.9262828671456,379.8492097485204,299.46020162611075
5518.0,379.45166294951713,379.76511134189707,299.9507610654475
5519.0,379.9215217346984,379.68087516983115,299.87263032411465
5520.0,379.9541939411259,379.5966609394818,300.7973455154255
5521.0,379.40916616803963,379.51218701828293,298.76479147597047
5522.0,379.21421942738726,379.4282839060101,300.73676725593043
5523.0,379.5047550185254,379.3438269972057,297.8812848565027
5524.0,379.08749488009437,379.2601720030419,299.3017338173378
5525.0,378.6682736097179,379.17611809946146,298.87141766647665
5526.0,378.65374906935443,379.09218504300014,300.0497587870855
5527.0,379.50056565446476,379.00792106907403,299.3879591631399
5528.0,378.48779417915847,378.92384295054245,299.7435865517118
5529.0,379.47671138074986,378.83966495998584,298.4028321752008
5530.0,377.5544354793116,378.7558634979499,299.1648279527003
5531.0,378.34828561403907,378.6718480420999,301.9974972534024
5532.0,378.9268642450916,378.58703707828795,299.8177190095748
5533.0,381.7822035500617,378.502838268866,298.58484519466407
5534.0,379.0637731585574,378.4189856915072,299.83569143378753
5535.0,378.38888678976616,378.3347818348296,299.952651968151
5536.0,377.6345395097023,378.2505451317352,300.3591893799626
5537.0,378.5925375095751,378.16619425938427,300.57614248249365
5538.0,378.38728307273857,378.08178245937046,301.5182647107856
5539.0,378.18285507010364,377.9971060800308,300.79642926542755
5540.0,377.64827826368133,377.91263241614547,299.1468266546118
5541.0,377.90730564097845,377.82862201565996,300.2004710177868
5542.0,377.38429065367114,377.7443157167158,301.1711538725734
5543.0,378.16115038587157,377.6597368176699,299.98769643162024
5544.0,377.8102415474675,377.5754902729221,299.6971627005524
5545.0,377.1654591137804,377.49132531973027,300.05160387077274
5546.0,378.6828080046381,377.40706082764325,299.41879968486154
5547.0,377.3869845105985,377.3229740480651,299.67442413945037
5548.0,377.5424098132477,377.2388154806193,298.6722440555674
5549.0,377.4494171798576,377.15493835874696,302.0075564605634
5550.0,376.8749827848708,377.0701245699744,299.02792473281534
5551.0,377.2684103032796,376.98614756111186,298.2508785221786
5552.0,377.2281011205146,376.90238877272685,299.7577756071024
5553.0,376.7915988947062,376.81820679741054,298.9371437612078
5554.0,376.59961972785254,376.7342552828709,299.0204129070427
5555.0,376.8135277097306,376.6502803835795,298.2008390671737
5556.0,376.25468804307474,376.5665356479415,301.1809690473898
5557.0,376.66832759698093,376.48195399246737,299.0492171956076
5558.0,376.2849409652443,376.3979710039715,300.57238825080236
5559.0,377.5174259713033,376.31356025827114,301.3327331213741
5560.0,375.7739807128736,376.22893598238625,301.18923814580694
5561.0,376.2808643754495,376.14435200467364,299.9283137067284
5562.0,376.36930072676176,376.06012213657425,299.60843017128815
5563.0,375.2563099765204,375.97598210243444,301.39654282653896
5564.0,375.6996428133208,375.8913399066574,301.0450698189981
5565.0,376.1699717026862,375.8067964162165,299.8871289144246
5566.0,375.49960618345006,375.72257811417967,300.5360658586083
5567.0,375.97486231770074,375.6381775690178,298.6396812638563
5568.0,375.1693892346494,375.5543095918628,300.1279421322018
5569.0,374.95342221738366,375.4700236614473,299.97409005854314
5570.0,375.45136921180733,375.3857809378226,301.42697736145146
5571.0,374.82694603703146,375.3011301950135,301.6342092431029
5572.0,374.73508709697677,375.2164212545844,300.3335175632818
5573.0,375.32174458222414,375.1320775917354,298.182204373482
5574.0,375.4922253058567,375.0483380893405,299.22854120139925
5575.0,374.75541129839513,374.9643047406865,300.8584297125891
5576.0,375.20522213662827,374.87981366500884,299.8926507473342
5577.0,374.954972161634,374.79559381225727,299.8129621859912
5578.0,374.5503604148068,374.7113963387101,299.304755534932
5579.0,374.49501358270095,374.62734158653063,300.9756690432539
5580.0,374.3042920625064,374.542817586141,301.17378914657985
5581.0,374.460725901592,374.4582379470223,299.9209123792672
5582.0,374.0348141577105,374.37401015746246,299.7628528377198
5583.0,374.55770730613534,374.28982675629055,298.3308984851662
5584.0,374.68999994927066,374.2060454956326,299.9007936546854
5585.0,373.8471135097689,374.12182335608134,299.6758101193492
5586.0,373.9287133831962,374.03766439940614,299.4288704855676
5587.0,373.48579871003585,373.9535747916114,299.0889098148542
5588.0,373.9973723079542,373.8695806561051,300.6472951534915
5589.0,374.001916040757,373.78514887404947,301.11239703617395
5590.0,373.7846565567795,373.7005864758818,299.6169588764233
5591.0,374.4425284908972,373.61644404659734,300.3085852847038
5592.0,373.34231543914115,373.5321073855633,302.0291315771325
5593.0,373.75898357126306,373.4472875377786,300.6959845355473
5594.0,372.4478833923433,373.3628420821216,299.0957985859804
5595.0,373.28765407157636,373.2788460120187,298.8317432102685
5596.0,373.22640165936326,373.19492409746715,299.5345203520162
5597.0,372.5096633735791,373.11080481966826,299.89801638917953
5598.0,372.4998142782756,373.02658346006564,301.00681839862733
5599.0,372.7257624077345,372.9420507118987,299.58562293648447
5600.0,372.51262898515,372.8579170827907,300.470284975718
5601.0,372.4288947119581,372.7735350110933,301.3057618518647
5602.0,372.4579599906051,372.6889183096399,301.42674436614516
5603.0,372.6420010031398,372.60426763226377,300.7764398517471
5604.0,372.1747695396835,372.5197995820721,300.4000135590895
5605.0,372.89042517134465,372.43543724493094,299.31361885236737
5606.0,372.0911146545151,372.35138000363656,298.8510755812713
5607.0,372.0129411515088,372.26745265991076,300.9929023717951
5608.0,372.8250065288561,372.1829238198281,300.7242708000704
5609.0,372.4817505380601,372.09847042044504,300.5224976741041
5610.0,372.0473035570901,372.0140736856815,301.4484563304287
5611.0,371.62317520778004,371.9294169108621,298.6594370374911
5612.0,371.48888393844925,371.8455433856274,300.52478651383296
5613.0,371.73911762995726,371.7611460080814,300.4306174350315
5614.0,371.52480271399816,371.67677507635176,300.36756584581104
5615.0,370.95829752878,371.5924218516101,299.79334710321046
5616.0,370.89471073064595,371.5082298866319,299.1552271894293
5617.0,371.43428803243654,371.4242171269962,299.30098622060433
5618.0,370.84442000932097,371.3401634333659,298.5047808830276
5619.0,371.2585338661665,371.2563333407346,302.12805567069364
5620.0,371.1625815336185,371.1714857117671,299.17618227654344
5621.0,370.5579983643714,371.0874670672444,299.9294390205054
5622.0,370.9735574906938,371.0032368831195,300.1947505896332
5623.0,371.7623297315819,370.91893219066225,299.3978527598633
5624.0,370.8387486111344,370.83485129367887,299.85567408400914
5625.0,371.2757530868402,370.75064182520697,301.06164786885705
5626.0,370.1465922213138,370.6660936790971,299.44160250710223
5627.0,370.41271167565446,370.58200049572633,300.8159756605386
5628.0,370.4799454285389,370.4975213425617,300.12165993094334
5629.0,370.59304901666115,370.41323717639773,298.37204033137476
5630.0,370.2842651614029,370.329444361738,300.8473287950828
5631.0,369.6109192877188,370.2449564035681,300.2207732186278
5632.0,370.2854159929795,370.1606444030891,300.3217112418289
5633.0,369.5651046343422,370.07630405584877,300.2285548939703
5634.0,370.86292813487967,369.991989870016,300.6787849414127
5635.0,370.54656694818027,369.9075492445783,297.99217558632273
5636.0,369.4971264689872,369.8238631086012,298.8942405578335
5637.0,369.7220074755126,369.7399236427112,300.09301062874323
5638.0,369.16240866543575,369.6556475222263,300.4892423454075
5639.0,369.9241349797179,369.5712601266676,299.2218707153866
5640.0,369.6848434072604,369.4872286513084,299.7784405893326
5641.0,369.48672221726525,369.40304087257624,300.45016410695314
5642.0,368.9388710716313,369.3186644514895,301.6609734337383
5643.0,369.8535180424053,369.2339479947835,297.32981981113164
5644.0,368.9750113763381,369.15044787038653,299.630972805031
5645.0,368.54287203523546,369.0663015055238,300.9766155030158
5646.0,368.84595479946125,368.9817772393367,300.8969048511565
5647.0,369.28790072229185,368.89727535855764,299.8192684222758
5648.0,369.59992624153676,368.8130761140091,300.1000387137169
5649.0,368.86849443719467,368.7287980198036,299.0350878734635
5650.0,368.9749223106485,368.6448189992925,299.8155702209851
5651.0,368.2963630800583,368.5606207933222,300.1630276115785
5652.0,368.53778581635,368.4763250097346,300.21198848533027
5653.0,367.8344430165336,368.3920154763016,300.6197584888144
5654.0,367.4259625146931,368.30759142745933,300.9810517955484
5655.0,368.8095576947123,368.2230659154135,298.86896877624065
5656.0,368.3979494152388,368.1391335466821,301.68270118006
5657.0,368.05283146588556,368.05441098810076,300.039972765075
5658.0,367.539429691575,367.9701497624159,301.14891239311044
5659.0,367.4755827199741,367.88557710951875,299.7747125189189
5660.0,367.7710371526585,367.8013903777531,301.79107846479445
5661.0,367.36378422031987,367.7166373832175,299.8598247959403
5662.0,367.09283616201816,367.6324267490873,300.3281383986745
5663.0,367.04680284120593,367.548084596887,299.1045829184051
5664.0,367.47910905685075,367.4640860598508,299.86036899796886
5665.0,367.4856189158826,367.3798752728905,298.59162364524366
5666.0,366.94933100689735,367.2960207919169,299.9015143944945
5667.0,367.89347827464985,367.2117984499577,298.85495288804753
5668.0,366.88887987157983,367.127870017355,301.46073055506855
5669.0,367.3710088124352,367.0432097955241,298.32274858960585
5670.0,367.16604369011435,366.9594308236285,299.84144407435514
5671.0,366.97204623765964,366.87522535141767,300.85563535748975
5672.0,366.3333810726432,366.7907350604881,299.918796962876
5673.0,366.2840087866255,366.7065078650077,298.55064995255503
5674.0,366.07359990510497,366.62266489081264,299.85323013997265
5675.0,366.2718684671128,366.5384561086817,300.4350909381018
5676.0,365.9745145406208,366.45408392064326,298.40330092057104
5677.0,366.5305941474776,366.3702823269681,301.0638655610606
5678.0,365.90390684536345,366.28573355805634,299.9228576685764
5679.0,366.28355895109235,366.20150522219444,299.4088173997377
5680.0,366.335061639033,366.11742124597464,299.3802163956859
5681.0,366.44925497969825,366.0333453018702,299.49237088146367
5682.0,366.22601744137705,365.94923786104766,300.1296026419186
5683.0,366.12367729665414,365.8649514643057,299.7044911425501
5684.0,365.51252057920266,365.78078445304317,300.4008343401478
5685.0,366.2756811956841,365.69642188539933,300.4423092836337
5686.0,365.46702908624314,365.6120476702089,301.14680868444134
5687.0,364.74125679318126,365.52747560810326,301.1685001431467
5688.0,365.43677099360906,365.4428974543131,298.69259657680544
5689.0,365.1929134070965,365.3590146167744,299.20088548455414
5690.0,365.62019785172447,365.2749890347675,301.8119624878995
5691.0,364.6788100656291,365.19023017530213,300.10437694953157
5692.0,365.7606774938677,365.10595086277544,300.135962246673
5693.0,365.5784776696448,365.0216626800445,298.567069602337
5694.0,364.2518162456538,364.9378150946646,299.7954107145133
5695.0,364.64394395279106,364.85362255015554,298.9532403199929
5696.0,364.8558846233432,364.76966651516574,299.971513922457
5697.0,364.27583119579975,364.6854245150059,300.1980142993576
5698.0,364.4648029254084,364.6011189059901,298.1836673747111
5699.0,364.69261047637644,364.51737899273576,298.85795964130745
5700.0,363.9815444548886,364.4334497157364,299.38807359587025
5701.0,364.77605835311834,364.3493715650682,299.4370464931491
5702.0,363.92869640869463,364.2652796611781,300.552035602196
5703.0,363.6253811012134,364.18087463117985,300.08100136786857
5704.0,362.7848610809208,364.09660188329576,301.1706844558467
5705.0,364.74937010228865,364.0120231160777,301.0679282162445
5706.0,364.46503586527996,363.927473206237,299.12136948217363
5707.0,363.5975347648108,363.843469954974,300.4295127071496
5708.0,364.1105450017089,363.75909933348885,298.7261730217934
5709.0,364.02712919509855,363.6752070665652,300.1281138271212
5710.0,363.132615903675,363.59092108793214,299.0997524465183
5711.0,364.1702170007459,363.50692390745337,301.728426766023
5712.0,363.7637432189245,363.42218850760327,301.0061435183206
5713.0,363.540165389806,363.33765594896516,299.77980904639696
5714.0,362.724231249639,363.25346778592467,300.11724437585
5715.0,363.00014471499685,363.16918485979573,299.88189631697173
5716.0,363.1009276003798,363.08496802724676,300.0901727776498
5717.0,362.95175954605645,363.00069270372506,299.9910773706458
5718.0,363.4082203539763,362.9164452094967,299.2046989820767
5719.0,362.429100337307,362.8324185565326,300.37560283646656
5720.0,362.9672999865706,362.7480630747361,299.8228636861105
5721.0,362.6468008574469,362.6638628205175,298.0402685739674
5722.0,362.854399571776,362.5801631784264,299.0528968511486
5723.0,363.33889258202504,362.4961791565607,299.8630656509186
5724.0,361.4007559201662,362.4119676122904,300.0230702987288
5725.0,361.5502913916961,362.3277111333815,298.8828489175964
5726.0,361.80831982456493,362.2437748666438,299.5947165802072
5727.0,362.0564215614174,362.15963868373757,299.8516821451629
5728.0,361.7040045164141,362.0754303363351,301.8557374181664
5729.0,361.5059880609113,361.9906591834102,300.5949058435756
5730.0,361.770190681132,361.9062421140191,301.48798037353885
5731.0,362.10837591780665,361.8215742395309,298.63431276055894
5732.0,361.17908761863924,361.7377077700306,300.8113177787452
5733.0,361.9649038632616,361.65322992495436,298.67222755914133
5734.0,361.2349936864511,361.5693528077149,300.3730975769798
5735.0,362.0740143084689,361.48499802947873,300.06264398605606
5736.0,361.68546712847404,361.40073043695924,300.6639644157952
5737.0,361.3670297346867,361.3162939736192,299.53938407613816
5738.0,360.9921074159935,361.2321733299245,296.82374138988473
5739.0,361.07750729779144,361.1488153292175,299.62697861398254
5740.0,361.5942866085254,361.0646700860567,300.5360021871162
5741.0,360.6727790196402,360.98026955877583,299.2384594085798
5742.0,367.10280594055985,360.8962334247586,301.5924756398715
5743.0,359.89650866031326,360.8115362045164,301.3867469800577
5744.0,361.4324323265091,360.7268967597395,300.1426209604412
5745.0,360.1453008573024,360.6426067070198,298.4922566553902
5746.0,360.74855961967233,360.558780131609,301.0092462299066
5747.0,360.22775323949173,360.47424670162616,300.78768762141857
5748.0,360.1486319505251,360.38977549268577,299.7099659252624
5749.0,360.4990887502963,360.3056069439218,300.92901857395526
5750.0,359.91025192328567,360.22109604453897,298.6800015829538
5751.0,360.13965551411275,360.13721674409436,300.50575947738895
5752.0,359.95618146209506,360.05282470997446,299.22064618758316
5753.0,360.07688442911814,359.9687935785035,300.02375794662714
5754.0,360.4964890326574,359.88453690648015,301.63543596900564
5755.0,360.3531897730379,359.79982762154555,299.92114183262544
5756.0,359.1891156732618,359.71559976754753,299.0355031237817
5757.0,358.77572065699843,359.6316206304203,300.12201701648735
5758.0,359.17943075017126,359.54733636397475,302.0695903116676
5759.0,358.7296938195809,359.4625051540289,299.7832228765224
5760.0,360.03509044332407,359.37831603227113,300.021395470466
5761.0,359.72018994594504,359.2940600237098,299.5807881488959
5762.0,359.11434041368784,359.2099277523713,300.3640176850665
5763.0,359.01526998825767,359.12557552407145,299.9026260194892
5764.0,359.14093399780916,359.04135286993096,298.4809562051143
5765.0,358.9607563302045,358.95752946806334,299.11623509264854
5766.0,359.00892326293484,358.87352765870816,300.5440934556271
5767.0,359.0342513781717,358.7891248591294,300.0027727155705
5768.0,359.1973715208202,358.7048740804584,299.8854020699514
5769.0,358.2175991232422,358.6206562633771,300.06286571192476
5770.0,358.37138784695617,358.53638860858973,301.02704822345953
5771.0,358.47681995296665,358.4518501792136,297.6045252394882
5772.0,358.3376173878919,358.3682729083755,300.2494346795723
5773.0,358.1667727298705,358.283952858803,300.2286232860043
5774.0,357.58257188809307,358.1996386537635,301.2287984508448
5775.0,358.53314551924933,358.11504356619855,299.3664352735591
5776.0,357.44025979852836,358.03097149229257,299.2043745308671
5777.0,357.7940182420919,357.94694493044517,300.39548553706464
5778.0,357.70170907831186,357.86258386492347,300.9979597330522
5779.0,357.58721376599,357.7780536045651,300.43239121717704
5780.0,357.73208397227035,357.69368217469827,300.54386831931066
5781.0,357.46995186061343,357.6092794383453,299.2697901243245
5782.0,357.7006172408913,357.5252345056187,299.72961429321145
5783.0,353.19608982953673,357.44106043893805,300.56682274829234
5784.0,357.9490738881344,357.35665125621625,299.7198327439273
5785.0,356.8689138542801,357.27247993652065,299.0115514523531
5786.0,356.2632661737472,357.18850752582114,299.0809033805491
5787.0,356.76051920755634,357.10451563878837,299.46181594757724
5788.0,357.1076196449942,357.0204167788098,300.74422077588656
5789.0,357.3285406288396,356.9359577768086,298.54831817933285
5790.0,356.6898060765748,356.85211545745324,300.04929158740714
5791.0,356.7027661261813,356.7678516147325,299.0488385803811
5792.0,356.65864738152493,356.6838687325644,300.25932770577344
5793.0,356.4518597226591,356.5995459047004,300.5796190171562
5794.0,356.2415722075679,356.5151331283597,299.6092880505349
5795.0,356.3094971991302,356.43099285329885,301.96240977292774
5796.0,356.5754625743084,356.34619174322097,300.00882957986806
5797.0,356.11375078183414,356.2619392635806,298.96990042225053
5798.0,356.32134480355285,356.17797854987873,300.25002836946277
5799.0,356.33353448696414,356.0936583335783,299.65181420487806
5800.0,355.91649405988886,356.00950611575576,299.97312006406554
5801.0,355.10916892632855,355.92526366453774,300.207007466366
5802.0,355.6763495593522,355.8409555299409,300.6234721981929
5803.0,355.1529717219859,355.7565304381652,302.3667125660196
5804.0,355.45776674191626,355.6716157863863,299.07393077061647
5805.0,355.43598023029904,355.5876258574949,301.685379824053
5806.0,356.30151483622046,355.50290254666095,301.4606801547674
5807.0,355.5549005909593,355.4182423389842,298.80196503782804
5808.0,355.8307440158451,355.33432878713603,301.0746162863516
5809.0,355.5467542145118,355.2497769990623,300.5483327633674
5810.0,354.79951434089946,355.1653730089445,300.3643669981614
5811.0,355.7825683333131,355.0810206825459,301.7585447474164
5812.0,355.07792387428503,354.9962768245627,300.72921811233914
5813.0,355.0566515966221,354.9118220358095,301.8393697076215
5814.0,354.8470489260835,354.8270554794833,298.5981656041422
5815.0,355.48571157374835,354.7431991613094,298.9367379189538
5816.0,354.22643638595457,354.6592477607438,301.86910740529174
5817.0,355.22435165704337,354.5744728530809,299.79802930484556
5818.0,354.30571522119834,354.49027957318447,299.4489064147788
5819.0,354.67837794121147,354.4061843386329,299.94434901823627
5820.0,354.082013291978,354.3219499672836,299.7518733986273
5821.0,354.5680047134968,354.2377696495041,299.9851036470925
5822.0,354.00796589916246,354.1535238328966,301.0552959193357
5823.0,353.3200472346644,354.06897747062595,300.18338529421845
5824.0,353.7866017064732,353.9846759699224,298.409639770185
5825.0,354.2613722481171,353.90087259608697,299.07158967821067
5826.0,354.427071402312,353.8168833246524,300.31787782290223
5827.0,354.12246937248716,353.7325440539638,301.3796342241887
5828.0,353.98334649834885,353.6479066066858,299.2161915618569
5829.0,353.252813097962,353.5638767262222,300.54906105281793
5830.0,353.39355546513787,353.47947253157656,299.80059514766594
5831.0,353.2776396860642,353.39527853110593,299.7116962279043
5832.0,353.16806566585865,353.31110949641527,299.4690181294691
5833.0,353.1792165433945,353.22700861382384,300.86861751631545
5834.0,353.6174104957482,353.1425146770714,299.3262410197159
5835.0,353.44066414643487,353.05845389105167,299.96503508956994
5836.0,352.34482900604866,352.97421371036404,300.20814518499265
5837.0,353.0645192063157,352.8899052562579,301.4986912011881
5838.0,352.4168999854074,352.80523437381225,299.0420974733214
5839.0,351.92065530691343,352.72125338477184,300.7321532527149
5840.0,352.3128456696978,352.63679777173337,299.94461553507495
5841.0,353.33635442184885,352.5525633255372,301.1396180515387
5842.0,352.28248706677147,352.46799328280116,300.87246758226973
5843.0,352.41264567399327,352.38349826482175,300.82032668852855
5844.0,352.45479743097314,352.29901788974337,299.80683827838675
5845.0,352.2310529834739,352.2148221359936,299.05680829312615
5846.0,353.01575611695404,352.1308370156646,298.5318007697584
5847.0,351.83241462410086,352.0469993349484,299.2187330489823
5848.0,352.1215139712768,351.96296874075045,300.06859596033775
5849.0,351.66744610265596,351.8786994767183,301.21252598621396
5850.0,352.2057182269607,351.79410895900384,300.1018319582411
5851.0,351.2695760767613,351.70983036119554,299.8086859536055
5852.0,351.67345406925426,351.6256340885569,298.34204856132607
5853.0,351.82420571615864,351.5418496965859,298.82773208061303
5854.0,351.3662391009493,351.45792890849333,298.0692567345127
5855.0,352.2380352258939,351.3742211255604,300.40522022509896
5856.0,350.84630671471723,351.2898573262138,300.07874312267325
5857.0,351.667551114514,351.2055852125202,299.3726531807655
5858.0,351.1450493854892,351.1215113924186,300.0919736026225
5859.0,350.5146172752485,351.0372355631652,298.9355752724164
5860.0,350.8165033385401,350.9532844891095,299.95990523041456
5861.0,350.3904037072027,350.86904574905736,300.11537078286744
5862.0,350.9589102057821,350.78476334909584,301.42111156826024
5863.0,349.91727656248156,350.70011425359706,300.48836459656536
5864.0,350.38463579449626,350.6157271045396,300.08732502720625
5865.0,350.2864693749165,350.5314525807611,299.43123186894417
5866.0,350.7169646990091,350.4473623098112,300.7325886710844
5867.0,350.44874593086917,350.36290657449274,301.0372212003785
5868.0,350.3042429630297,350.27836528820563,302.09642185794985
5869.0,350.6389416600519,350.1935265430672,299.30232987372347
5870.0,350.7290917341207,350.10947247209435,300.47984114959235
5871.0,350.3370451093834,350.02508771670483,299.7941546877293
5872.0,350.3424367182636,349.94089552493,299.8983454041986
5873.0,349.294854063116,349.856674072929,300.38950898352135
5874.0,349.59361909509977,349.7723146858228,298.79591749782094
5875.0,350.0553338206786,349.6884028323255,300.4423530322822
5876.0,349.6925007014478,349.60402860484896,297.94292800531485
5877.0,349.4455524659605,349.5203562992341,298.83731338712965
5878.0,349.3688496932149,349.4364328203912,299.9837734813571
5879.0,349.5856489269775,349.35218737733857,301.6369036327003
5880.0,348.6837046749914,349.267477680235,300.4340135231738
5881.0,349.08816755100884,349.18310579477054,299.8829192458033
5882.0,348.8641492899259,349.098888674949,300.0130576586214
5883.0,348.5692976961776,349.01463500792323,299.22082440147614
5884.0,349.58526984857934,348.93060382640385,300.92285120557085
5885.0,348.55370289021715,348.8460946590236,301.04827246765734
5886.0,348.554990879736,348.76155026917223,299.60975956741953
5887.0,348.8690063600086,348.6774098616938,300.7534862678209
5888.0,349.14202427500135,348.59294825763357,301.4262974261871
5889.0,348.31147477574456,348.508297705773,299.58037026350036
5890.0,348.7324011352098,348.4241655517907,300.8701209810632
5891.0,348.17671379475473,348.33967119281516,298.8610512810963
5892.0,348.4679518110236,348.2557410475804,300.28332820573587
5893.0,348.3235542305948,348.17141147957597,298.09213886969013
5894.0,347.7862620373097,348.0876972705767,300.15193653970005
5895.0,348.4311220826085,348.00340460173175,300.511024932602
5896.0,348.4010226384865,347.9190110888965,298.91066606112
5897.0,347.6192540442273,347.8350670101777,299.85449307842623
5898.0,347.2246349863506,347.7508578733715,301.5671956822742
5899.0,347.4128957011104,347.6661677525841,300.04674891058033
5900.0,347.060376456346,347.5819046239317,300.7548241997641
5901.0,347.39172944901355,347.49744264413556,302.2676885412992
5902.0,347.86662630090274,347.41255580160356,300.1826732228705
5903.0,347.20248379800904,347.32825450087347,298.4938652850836
5904.0,346.81911900048567,347.2444274737059,300.66508194694626
5905.0,347.17580441959996,347.15999069652577,299.1097754174981
5906.0,347.0697615867249,347.07599070126264,302.117174607276
5907.0,347.0214846030292,346.9911461280605,302.6594995450002
5908.0,346.68998472730226,346.9061492519383,301.25620795722006
5909.0,345.7793811776421,346.8215464668703,300.7043966596078
5910.0,346.4814729834227,346.73709864880834,301.86097068062674
5911.0,346.9656928518802,346.6523260262089,300.5903165332599
5912.0,346.5255531411158,346.5679102456492,301.11385349986807
5913.0,346.5235821698604,346.48334743845794,300.3196583562872
5914.0,345.9024660970978,346.3990076677362,300.3555513979241
5915.0,346.5040342455448,346.31465781705197,300.0288009047151
5916.0,346.8450175346962,346.23039972879786,301.82708699157234
5917.0,346.16889690191294,346.14563662186777,300.12352054948076
5918.0,346.43954768040203,346.0613519331801,301.0316110226486
5919.0,345.89261339508704,345.9768122224179,298.61746210045396
5920.0,345.2487461131815,345.8929504851447,301.13015436112147
5921.0,346.60832582046936,345.8083831001283,297.4362293356038
5922.0,345.94280558181663,345.7248530923899,300.21421926550244
5923.0,345.34797138022765,345.6405429324795,299.67147559902855
5924.0,345.7501949598053,345.55638519308206,300.5659022262406
5925.0,345.4387361736647,345.47197626887356,300.5219948491518
5926.0,345.31831871325323,345.38757967532007,300.88838393831713
5927.0,345.5128801511068,345.3030801874974,299.52029748938827
5928.0,344.1997974845334,345.2189649039525,298.06147535743406
5929.0,345.3689380486606,345.1352593062896,299.84508697797713
5930.0,345.51302601821493,345.05105281102993,299.44337726830884
5931.0,344.7414978816667,344.96695912924713,300.24167023859457
5932.0,344.83756320270345,344.88264126018845,298.86236869003415
5933.0,344.50631441667633,344.7987107449813,299.281737985117
5934.0,344.6882605368587,344.71466245689714,299.5692264582336
5935.0,344.5740780614477,344.6305334324668,300.23045083634986
5936.0,345.37166168976256,344.5462187141902,300.3407475608978
5937.0,344.0868136325701,344.4618730209169,300.2501380008343
5938.0,344.8743182518166,344.3775527738283,300.31328790228105
5939.0,343.7813097704528,344.29321479214246,300.6434761262035
5940.0,343.7779619263761,344.20878408259694,298.5796653663388
5941.0,343.88047118282793,344.1249329599066,299.5700908772582
5942.0,343.915393583741,344.0408036927185,301.3368610284456
5943.0,344.7464666701635,343.9561782575797,300.79894535077324
5944.0,344.14391240359396,343.8717038870937,300.6568032357714
5945.0,344.2128493992054,343.7872694348517,299.8720513607568
5946.0,343.8085453130288,343.7030553670945,299.9947883935418
5947.0,343.23406706383935,343.61880683068733,299.9616689932561
5948.0,343.2283290029398,343.5345675953117,300.13732184687177
5949.0,343.23452773790285,343.45027903075976,300.17860739220095
5950.0,343.5470360391208,343.3659788718505,301.7812199636312
5951.0,343.46106385925464,343.28122864591063,299.35775571566376
5952.0,342.9389862457259,343.1971590095139,299.9960673217663
5953.0,343.23043108091906,343.112910113941,300.19314006525434
5954.0,342.53693212901555,343.0286058737727,300.58799429423124
5955.0,342.5518139024841,342.94419074537507,298.883442188802
5956.0,342.9133613690774,342.860254312027,299.7203605257474
5957.0,343.29001967549067,342.7760828441127,300.354401315878
5958.0,342.76765540501486,342.6917333164098,299.94717144570006
5959.0,342.81907154914256,342.6074981524288,299.1009943284524
5960.0,342.24155413645093,342.52350062318817,298.2112028861678
5961.0,342.7095630492528,342.43975297704435,298.97868036739624
5962.0,342.89658010554484,342.35578979764114,300.6838496843415
5963.0,341.42250045821044,342.2713477498548,301.17158992976965
5964.0,342.2890215267566,342.18676872834953,300.0546124280349
5965.0,342.3060862001488,342.1025033913593,299.5581762297998
5966.0,342.9933308938551,342.0183774702014,300.512080132207
5967.0,341.9487691966302,341.93398366103094,299.18560668139475
5968.0,340.95500765521535,341.8499623698213,299.8576490612726
5969.0,341.7253372994864,341.7657523467099,299.6824542052472
5970.0,341.7577824082197,341.68159152415393,299.6048852334032
5971.0,341.6420227105853,341.5974524855509,301.51773832531325
5972.0,341.07338275331966,341.5127762540379,299.8840228991436
5973.0,341.2328962629887,341.42855882427364,299.4710052334097
5974.0,340.7966145971667,341.3444573836373,299.7895380822256
5975.0,341.181154592315,341.26026648835926,301.4425049526597
5976.0,341.083727447093,341.17561138488503,301.05191722430607
5977.0,341.0262207761258,341.09106597146456,300.65759552431086
5978.0,341.1367580909758,341.0066312967215,298.62934604816667
5979.0,341.8365393936893,340.9227662220396,299.3228677686316
5980.0,340.3709794140426,340.8387063833413,302.7917493556977
5981.0,341.12801444338777,340.7536723670638,302.1648399642992
5982.0,343.6695911086512,340.6688144078405,299.70688336636084
5983.0,340.52464141468164,340.5846467247618,299.21976693275775
5984.0,340.325434793045,340.50061584021483,300.08118494414083
5985.0,340.33340242488293,340.4163430407764,299.30917843834555
5986.0,340.14552304737896,340.3322870464982,299.68010101939836
5987.0,340.2613225451152,340.2481268847953,300.2198149817647
5988.0,339.48616417344545,340.16381515342124,299.3634235178614
5989.0,339.672059054627,340.0797439253167,301.4013111666019
5990.0,340.56684799262723,339.9951003904307,299.67733610786996
5991.0,340.9248628914243,339.91094100520706,299.6251674903329
5992.0,340.1783998619622,339.8267962706702,299.91534579094673
5993.0,339.6725209205024,339.742570044394,300.63264126364516
5994.0,340.0634857087744,339.6581423776391,301.9979032872558
5995.0,340.4235238988842,339.57333129979924,297.7984870939682
5996.0,340.0212448911433,339.48969955800703,300.01458959936355
5997.0,339.3035163192666,339.4054454607612,299.2037166509648
5998.0,339.0168817561921,339.32141908366833,300.89106983602244
5999.0,339.0019079652539,339.2369188415561,300.2613260673226
6000.0,338.7026634914984,339.15259545248557,298.9020899200067
6001.0,338.9695194459502,339.068653782233,301.1340885637359
6002.0,338.4389835465496,338.9840852923613,298.826998947778
6003.0,338.96433015039497,338.9001647101568,300.5592265606224
6004.0,339.2578555305148,338.8157576606977,302.11376449134315
6005.0,338.80977138100224,338.7309140451697,301.97871153521345
6006.0,338.8066450149969,338.6461083570136,299.4656875520417
6007.0,338.8689970023364,338.5620084097594,299.4141829259942
6008.0,338.953860910636,338.477922926721,302.8713315731897
6009.0,338.0833603983291,338.3928665611042,299.07443978329354
6010.0,338.29277001386157,338.30887648926506,300.3057985243022
6011.0,338.0255007089575,338.22454061084613,300.4263197514951
6012.0,337.7289082745889,338.1401708860493,299.473722059112
6013.0,338.70287756323955,338.05606868243774,299.16496619477596
6014.0,337.9662212535152,337.9720531877647,301.6528179978164
6015.0,337.6863275441681,337.88733902137693,299.8971552970488
6016.0,337.3128406795121,337.8031179035977,299.77269923616495
6017.0,337.92141414703855,337.7189317372289,300.42607415035883
6018.0,337.9741303369071,337.63456208140497,300.20673900965437
6019.0,337.63832020766966,337.5502540221998,300.1656651935972
6020.0,336.5616999980862,337.4659574978913,299.95831928637153
6021.0,338.0487929861809,337.381719203225,299.01535309198
6022.0,337.09062209995494,337.2977457248983,300.9534629775394
6023.0,337.0621571892598,337.2132279607121,299.6218281115555
6024.0,337.29172259817085,337.1290841639841,300.43436371126626
6025.0,336.6078514044826,337.04471218017517,299.5616662574346
6026.0,336.80459296233846,336.9605852789012,299.62486950786905
6027.0,336.49622071952996,336.87644062804776,298.0847273958331
6028.0,335.68038175634473,336.7927285004375,299.6379475204289
6029.0,336.5622418942751,336.70858017684213,300.8242098919291
6030.0,335.800411079052,336.6240987112308,299.7337141681996
6031.0,336.4472908469048,336.53992349316854,298.91222081179046
6032.0,336.26237017993947,336.45597897782386,298.3115987707437
6033.0,336.14853313586985,336.3722031371691,297.84091618914533
6034.0,335.8804528209892,336.2885594798727,300.51716381010306
6035.0,336.72514839553975,336.20416424303596,299.5428582814292
6036.0,336.5826424857545,336.12004262366867,299.5986270834519
6037.0,336.164088978758,336.03590534256267,300.63174263495887
6038.0,335.9739982408753,335.9514779281727,300.017949118004
6039.0,336.52493058837996,335.86722288746205,299.7239878908579
6040.0,336.0977238490609,335.7830504008627,298.91546054726126
6041.0,335.88281928380206,335.69910497569236,300.2920093332268
6042.0,335.3637627220858,335.61477296973794,300.80914737075125
6043.0,335.62275431148777,335.5302957341847,299.5869768990036
6044.0,335.7733591389005,335.4461617248389,297.91525985367605
6045.0,334.66972641028815,335.36249718936324,300.4076508456875
6046.0,335.9420210234907,335.27813270741746,298.42017941147185
6047.0,335.13576300476336,335.19432637369937,301.58376775696775
6048.0,334.843011494181,335.109631598921,298.63350438218924
6049.0,335.32290698865717,335.02576535644033,298.54987555194145
6050.0,335.332301072383,334.94192259972283,299.22080559891555
6051.0,334.5170769631086,334.8578914234838,300.22514371763816
6052.0,334.8524782396801,334.7735781956231,299.8948983542714
6053.0,334.432070178435,334.6893577116686,299.6754029820451
6054.0,334.46759574024634,334.6051988693312,301.3446797387421
6055.0,333.87403618918904,334.52057123843787,299.85501080581025
6056.0,334.676312724727,334.43636195623657,300.5383170883699
6057.0,334.6834307576952,334.3519607788543,299.9600867440632
6058.0,334.22113970964364,334.267721987827,299.45952962591235
6059.0,334.6879653307513,334.18362376992366,299.4542460031976
6060.0,336.59899836025636,334.0995270358378,300.77984424868697
6061.0,334.1993666125243,334.015058029578,300.6465465009973
6062.0,334.0978501390303,333.9306264577689,301.5218351429645
6063.0,333.4562505321451,333.84594907573296,300.3354979025028
6064.0,334.1573530450402,333.76160485673864,300.3089509161185
6065.0,333.48493817080526,333.6772680930231,300.7907381742092
6066.0,333.48728708093836,333.5927960273858,300.4284909027793
6067.0,334.01760031778684,333.5084256928572,300.167807981374
6068.0,333.9791011241399,333.4241285667825,299.5096983892668
6069.0,333.18774789134017,333.3400162598181,301.1864290457142
6070.0,334.0420938081585,333.2554330709945,299.9930114033761
6071.0,333.4131941396094,333.17118503362536,299.5502458874276
6072.0,333.1902022056462,333.08706133957196,299.48551991205176
6073.0,333.23489022808195,333.00295582273,300.9963491116803
6074.0,333.24135475005284,332.9184260146878,299.5688448250615
6075.0,332.9882761202861,332.8342970974328,299.6104913173924
6076.0,333.07490554342223,332.75015648445446,300.59342735503606
6077.0,333.2149290617432,332.6657398302723,299.3680239551902
6078.0,332.955332719398,332.5816673102115,297.98058552480865
6079.0,332.50567863863574,332.49798442911,297.889764029955
6080.0,331.92189839268093,332.41432705371153,300.85707256712885
6081.0,332.2701585780644,332.32983635916565,299.16721668388107
6082.0,332.6767376317154,332.24582023248024,300.7354252089457
6083.0,332.01899249255365,332.1613637005674,298.2919678242589
6084.0,331.67074075288036,332.07759337293675,300.99911621859565
6085.0,331.87307224339054,331.9930627877987,300.45356352627175
6086.0,331.7545040294461,331.90868541204173,299.32311914880296
6087.0,332.03703132435794,331.82462550274744,300.4616533784454
6088.0,331.5476563965064,331.74024585509034,301.2629893504661
6089.0,331.36962374180297,331.6556411655811,300.1506659044726
6090.0,331.0177852573651,331.57134885357294,298.5231759992782
6091.0,331.2531011109309,331.4875135949798,301.4194239686617
6092.0,330.3111206936883,331.4028649734152,299.7709280197937
6093.0,331.51215842643705,331.31867930446305,301.44527982858085
6094.0,331.4935251554479,331.2340234217112,299.6319923220381
6095.0,331.34093388731213,331.14987677053404,299.8738268871903
6096.0,331.38434070528797,331.06566220414993,299.685073976287
6097.0,330.56892915658614,330.981500645875,300.05061108265625
6098.0,331.2083680321452,330.8972364325959,301.60261872235026
6099.0,330.8771766133618,330.81253636383803,299.1889100356678
6100.0,330.4005242161845,330.7285141449363,298.51858668725714
6101.0,331.3691222846419,330.644680175175,302.1930929132249
6102.0,330.65496310462703,330.55981428158185,300.7295109099169
6103.0,330.99540035152893,330.47535941060136,298.75984613050406
6104.0,330.6201724578338,330.3914576871464,299.5457666466821
6105.0,329.78530747509564,330.3073352510131,299.494337514971
6106.0,330.2873901652139,330.2232272578943,299.74403740578106
6107.0,330.00713974753376,330.1390491407228,298.9854645779355
6108.0,329.7100266381152,330.0550840560872,300.28031918059304
6109.0,330.0222579409834,329.9707553331173,300.4142680873859
6110.0,329.7384955153393,329.88638899282944,300.51434923408897
6111.0,330.19978653787456,329.8019945464195,298.60166286737143
6112.0,329.84751442530654,329.71813724609757,299.98264590754917
6113.0,329.7651774558624,329.6338921197052,299.54881646302255
6114.0,329.7014313898774,329.54976882708183,298.5568324858469
6115.0,329.3382986920299,329.4659241166254,300.5170203335008
6116.0,329.7021793867462,329.38152892008173,299.8999378767334
6117.0,329.6218825991535,329.29730702086135,299.9519051235072
6118.0,328.9116680371017,329.21307052750586,299.5550629013301
6119.0,328.79108060502745,329.12894548067436,299.4041783892463
6120.0,328.9589435336097,329.0448628072434,300.50400995916516
6121.0,329.0760053569489,328.96047126444654,298.8648268620459
6122.0,329.3740464061094,328.87654005890283,300.0827120351579
6123.0,328.98776252166095,328.79226683060625,299.0390799471673
6124.0,328.67387116002595,328.70828668898776,298.7324801155847
6125.0,329.04824937027695,328.624392650822,300.973555345353
6126.0,328.9071682489877,328.5398692440292,301.60460983988196
6127.0,328.9198210602255,328.4551686160991,301.0835933319495
6128.0,328.80257401736606,328.37061430697173,298.9273273966233
6129.0,328.5619515499898,328.2866655491945,298.5493817807853
6130.0,327.9894300872164,328.20282293114445,300.9446883103594
6131.0,329.0156050144787,328.11830763117723,299.6809688060377
6132.0,327.5764561732943,328.0341472257709,299.9798490507063
6133.0,327.85819803552164,327.9499028848291,301.6635251833539
6134.0,327.9886808282727,327.8651857115068,299.4122493593891
6135.0,327.86636877326856,327.7811007714784,300.6780650795124
6136.0,327.52767489961104,327.6966603482019,299.01021250046597
6137.0,327.5662566917207,327.6126883135247,298.36629658817856
6138.0,327.36190873040835,327.5288971118995,300.06560034962524
6139.0,328.0220497285696,327.4446286891346,300.3415499425794
6140.0,327.4833793149621,327.3602827705258,299.25087177431834
6141.0,327.34561714443475,327.2762431507025,300.28823019742475
6142.0,327.5979830200665,327.19191220605535,301.14305650231
6143.0,327.49432475402614,327.1073411976877,299.3298931650726
6144.0,326.7776263111586,327.0232793860238,299.4678331705024
6145.0,326.37061255485133,326.93917883620844,302.0239801823817
6146.0,326.1773687516391,326.8543604351072,301.51767910163176
6147.0,326.24907084517935,326.76968422022617,300.40415623449155
6148.0,326.2544569396322,326.6853207196836,301.7838998270933
6149.0,326.2338125909479,326.6005697411489,300.87807788286545
6150.0,326.18999901622766,326.5160731476101,299.18283126709497
6151.0,326.422494308442,326.4320526358292,298.788663835277
6152.0,326.20490492702703,326.3481428194022,299.35708498724546
6153.0,326.5894683416839,326.2640733713682,300.1261092721684
6154.0,326.64480838551225,326.179787955681,300.1684323841525
6155.0,327.04734264783355,326.0954906542531,299.86950070115216
6156.0,326.1213093255939,326.01127730280615,300.15021466607953
6157.0,325.7469204652491,325.92698511752076,299.05489773097105
6158.0,325.7717783299591,325.84300053374136,301.0482373170057
6159.0,326.2138706897408,325.75845615376153,301.9048076364931
6160.0,325.5441799915713,325.6736712202836,301.5209170796167
6161.0,326.61796080729636,325.5889940960704,301.475654979945
6162.0,325.3038966988577,325.5043296829636,300.7664316237215
6163.0,325.3409710750741,325.4198644434159,298.61428432384133
6164.0,325.3890172782374,325.33600359856825,298.90474704442533
6165.0,325.7365317025195,325.2520611821066,300.4831474620741
6166.0,325.29071589624317,325.16767549819434,300.01087762126434
6167.0,325.54959581091543,325.0834224433957,299.9120283157707
6168.0,324.9451678888348,324.99919714877706,298.98034162807113
6169.0,324.8059818305217,324.91523350283654,301.49423408060693
6170.0,323.85080829123496,324.8305638720989,301.1104038580893
6171.0,324.9182844669661,324.7460020336821,299.6231387326595
6172.0,324.75432591077924,324.6618578688879,298.68978299642083
6173.0,324.04118820959116,324.57797582149647,300.8186355173648
6174.0,324.1105073728319,324.49349592135536,299.8808119283026
6175.0,324.7801489358249,324.40927939333875,298.28959734284484
6176.0,324.34190666410007,324.3255097314183,301.9461169336327
6177.0,324.73488509559587,324.24071319691285,299.2312227110669
6178.0,323.43889855739985,324.15667909520147,299.38492211954707
6179.0,324.5757085044965,324.0726018295729,299.3654205663628
6180.0,324.20167460008383,323.9885300406305,299.5499004658157
6181.0,323.90662693417005,323.90440644358296,299.0472568303067
6182.0,324.02779323044854,323.8204240056231,297.8885676097352
6183.0,323.1659566501814,323.7367669662194,298.80640077974755
6184.0,323.2624778683113,323.6528521686671,300.1576417104356
6185.0,323.96507936042457,323.56855789762005,298.2221829279003
6186.0,323.3302786738188,323.4848071679145,300.2232801464476
6187.0,323.3473774105019,323.40049446340674,299.5896744806267
6188.0,323.631842586151,323.3163596964901,300.6546748036685
6189.0,323.28255542310666,323.2319258419827,299.3879953602707
6190.0,323.19556658452694,323.14784771328567,298.2841576147753
6191.0,322.70036878094214,323.06407957902223,299.6860495958113
6192.0,322.79999289497414,322.97991774676075,301.1557186277191
6193.0,322.4589436102297,322.89534318244614,300.26910855656695
6194.0,322.3969056220648,322.81101760779313,300.57886903769725
6195.0,322.9990285239743,322.7266050420717,301.30171101469136
6196.0,321.7784711261276,322.6419894782284,299.8339987694543
6197.0,322.74042360062947,322.55778609690736,300.94806653203085
6198.0,321.6300468312852,322.47326984822297,299.1883638075141
6199.0,322.60909510799047,322.3892477827203,300.14471617917127
6200.0,322.5061708869223,322.3049571415934,301.2292730896455
6201.0,322.59594251535793,322.220361920734,299.7306245911461
6202.0,322.3319989086495,322.136187570328,301.4004189952643
6203.0,321.8075047647039,322.0515442859935,300.9230914276659
6204.0,322.5630183916875,321.9670350511509,299.5482997523999
6205.0,321.84482923499655,321.8829119036371,300.8851825776424
6206.0,322.36698451169804,321.7984133148632,298.13640007124104
6207.0,321.9652279669798,321.7146866758432,301.9268625295824
6208.0,321.3728307448532,321.62989554861616,299.36728929875164
6209.0,322.1039368526747,321.5458232348715,300.2039300764667
6210.0,321.3999020306405,321.4615159645083,298.6356771759756
6211.0,320.75776387412606,321.37764911183467,301.1385034344418
6212.0,321.63515655695494,321.2930793821202,298.8147539955565
6213.0,321.3894390748699,321.2091622387064,299.3046143115902
6214.0,320.4592650930612,321.12510752618726,298.50257873710626
6215.0,321.4073867722593,321.04127805199187,300.2350602500805
6216.0,321.32175492867583,320.95696203923836,299.44071334347416
6217.0,321.2264664929475,320.87286910557435,300.18590764946384
6218.0,320.7223626349751,320.7885668965095,299.600778773418
6219.0,321.1445496385536,320.7044290111373,300.97881999499583
6220.0,320.72109158736583,320.6199041258553,298.30434206199413
6221.0,320.9370704634466,320.5361303231263,298.6437982987315
6222.0,320.1477780380863,320.45226118977075,302.240502282532
6223.0,320.33901241781683,320.36738198204637,300.48540666929125
6224.0,319.8567085844597,320.28299566367343,299.2356221543544
6225.0,319.81876420843827,320.1989603264517,299.521466380017
6226.0,320.42788617963,320.11484471464337,300.34074782321625
6227.0,320.60403667147926,320.0304990212963,299.9660261679503
6228.0,319.92791884793104,319.94625856228083,299.4617584327421
6229.0,319.6389986469258,319.8621597184543,301.20349973658887
6230.0,319.6560090296355,319.7775717356116,300.4625906475656
6231.0,319.6141014091226,319.6931918247381,299.8786844819647
6232.0,319.4489878555894,319.6089758941794,297.703145209808
6233.0,319.4995556090423,319.5253709275663,301.7383908332944
6234.0,319.76638383738,319.4406327294739,300.19151599633534
6235.0,319.77226283187207,319.3563289453983,302.05362088797483
6236.0,318.9156548232432,319.27150222019895,300.16955116085234
6237.0,319.33953074256016,319.1872046045813,298.98865762815507
6238.0,318.9420608827254,319.10323862323065,299.3443311240515
6239.0,319.0608536171779,319.0191727569067,299.4312226126078
6240.0,318.16794752324745,318.9350824885563,300.2865998850844
6241.0,319.0814109101805,318.8507520017552,300.81343089336144
6242.0,318.951891744105,318.76627356324605,300.12411544695055
6243.0,318.3348410440819,318.6819887074913,301.0699324651296
6244.0,318.6626501165211,318.59743823479073,300.7430299458337
6245.0,318.1625724004253,318.51297956721424,300.3856206454789
6246.0,319.01571385169376,318.428621272083,301.53649524590355
6247.0,317.0361440928515,318.3439397730014,301.16567085084716
6248.0,317.44287578507544,318.2593624137709,298.10017606426004
6249.0,318.84812376370417,318.1756459476594,300.4766674562942
6250.0,318.97636710206507,318.0912620835488,301.1590329450376
6251.0,318.4951342423332,318.00668658846337,300.85310930834146
6252.0,317.85121791142586,317.9221970069326,299.24983661638186
6253.0,318.22369600413225,317.8381576778162,300.47903710336027
6254.0,318.2220985576268,317.75377314822964,300.2381508132554
6255.0,317.7995596901603,317.6694562675429,302.224164726793
6256.0,317.9973925554123,317.5845816479488,297.88115923276007
6257.0,316.90300874494034,317.5009266890643,299.82642930025685
6258.0,317.3118960834921,317.4167254335025,299.97668604667314
6259.0,316.23182990274125,317.3324819808377,300.9334946731597
6260.0,316.5420903828674,317.247969824417,300.13741647785577
6261.0,317.09003109443165,317.16368123328954,300.8267411883307
6262.0,317.0634904779008,317.07919905680575,298.25851579816384
6263.0,316.445504625484,316.99543812361907,299.00254112674793
6264.0,317.3454172353292,316.91146824331935,300.1444260551177
6265.0,316.7525215279553,316.8271776836689,299.758278656412
6266.0,316.6758216973818,316.7429955670795,300.53947991736004
6267.0,317.2439422368313,316.6585940631361,297.9766427314542
6268.0,317.04637077894625,316.5749122893023,300.54675167048623
6269.0,316.0948297493291,316.4905087432082,300.86199890100966
6270.0,316.3236482057563,316.40601666518353,300.70124552021497
6271.0,316.06685797837196,316.32156973206656,300.085727360972
6272.0,316.2919844717032,316.23729565696596,300.08470372345414
6273.0,315.8654815869076,316.153021869337,301.839188264613
6274.0,316.7418226082469,316.06825536396605,300.2924199715306
6275.0,316.5311913291933,315.9839232426907,300.032563173766
6276.0,316.31968659723225,315.89966409786604,300.5699007224989
6277.0,316.02164158696905,315.8152540507465,300.5263226464343
6278.0,315.53993336728973,315.73085624180334,300.26255170835043
6279.0,316.27664146109674,315.64653250853183,298.82099207696615
6280.0,315.56531857102254,315.56261361325693,301.1725561797898
6281.0,316.0358917155629,315.47803432039643,302.6172015306654
6282.0,315.66266185025745,315.39304932296653,300.0967184615201
6283.0,315.2589381773845,315.30877216119865,299.94715971696974
6284.0,314.9723543496304,315.2245370005115,300.5931442159303
6285.0,313.9019357176228,315.14012042584415,301.1238944999823
6286.0,315.1902238811403,315.0555547988054,298.2444711620231
6287.0,314.9261257915182,314.97179780982077,300.05806450134673
6288.0,314.8070964704735,314.8875315033732,300.2210853857866
6289.0,315.1812699328884,314.80321941522743,302.5810033885783
6290.0,314.38478742816386,314.71824458344247,302.4729158077177
6291.0,314.9618860464758,314.63330010625316,301.5483113461408
6292.0,314.2468444085919,314.54861528881673,302.218385511144
6293.0,314.84172450251816,314.4637422922191,300.6343543367005
6294.0,313.8556327453078,314.37931414437617,301.3165808773204
6295.0,314.1081790967233,314.2946944045798,301.4663683399923
6296.0,314.7451769041646,314.210032599471,300.9129036278392
6297.0,314.20588879665877,314.1255262257021,300.7768015530075
6298.0,314.4655966526841,314.0410580739326,301.6392230779442
6299.0,314.49970325923516,313.9563477254516,298.66389723789854
6300.0,313.7747177631477,313.872472947644,299.5449809632077
6301.0,313.7684565454505,313.7883507321568,301.0696329202883
6302.0,313.28673778502633,313.70380034357834,297.5630578605242
6303.0,313.2745085409848,313.6202347181625,301.5221347540596
6304.0,312.7842317541563,313.5355572519858,299.25597885862754
6305.0,312.87719142733147,313.451516197923,300.55634012699073
6306.0,313.3980252577793,313.3671099590706,299.54295266243423
6307.0,313.9576193424897,313.2829883131979,299.5663506421553
6308.0,312.6281953127944,313.1988600963926,301.2114761997482
6309.0,313.59389886344985,313.11426987349313,300.3874617010459
6310.0,313.15044454326716,313.0299110613321,299.84382522388626
6311.0,312.7295937165445,312.94570492041504,299.80546754941906
6312.0,312.9287747297486,312.8615095516116,300.75058989443403
6313.0,313.0479538849509,312.7770487609495,299.50686220798605
6314.0,313.0600345548687,312.6929372504795,298.3085685566222
6315.0,312.7483915721892,312.6091622608098,300.13430849399276
6316.0,313.04845589541924,312.5248745425078,300.142751077201
6317.0,312.53969155438364,312.4405844532469,299.203017020683
6318.0,312.3945181893367,312.35655827263366,299.75191556369964
6319.0,312.80329463274984,312.2723779430128,300.1536232321135
6320.0,312.206812681848,312.18808480048847,299.6772042606789
6321.0,312.0839566259382,312.10392545229195,299.3345239627667
6322.0,311.6245646940504,312.0198623401457,299.9293491601505
6323.0,312.0645500172755,311.9356321812566,301.50450056232285
6324.0,311.7651217075317,311.85095966734866,299.88069579121276
6325.0,311.75916931041417,311.7667431719473,300.52742568918256
6326.0,311.75917802071837,311.6823450532329,300.6352682342875
6327.0,311.2089248942946,311.5979166487371,298.32803073137813
6328.0,311.6397811147523,311.51413619344015,299.89311151256396
6329.0,311.5268106753369,311.4299162112903,299.53080378448266
6330.0,311.3411244332513,311.34579797722756,301.24991112613395
6331.0,312.1121672115538,311.2611969605196,298.1863528036067
6332.0,311.04909406108,311.1774562931073,302.3410080189498
6333.0,311.2544344291124,311.0925488600219,301.69744124926274
6334.0,310.5193120236809,311.0078221619378,299.58086146505013
6335.0,311.0623704219664,310.92368987000964,300.744646024209
6336.0,310.5329543175695,310.83923074858455,299.7685144461481
6337.0,310.2935059633579,310.75504575744424,300.3352921025427
6338.0,311.0149747591781,310.6707015962454,298.9188550322263
6339.0,310.80679195842737,310.58675521779054,298.725171120765
6340.0,310.5617275433632,310.5028632322341,298.7684410573054
6341.0,310.4182731969354,310.41895909503717,299.8821245269976
6342.0,310.3561945562968,310.33474219839917,299.07714680285545
6343.0,309.8889688462389,310.2507513663387,300.68832655921096
6344.0,310.6647383145896,310.16630806129666,300.29377283463066
6345.0,310.00517572118713,310.08197556009225,299.1159332695478
6346.0,310.53615559216774,309.99797383549907,301.08130839326265
6347.0,309.5417676109975,309.9134201680587,302.1980606791411
6348.0,310.16901146647905,309.8285528793512,298.9972976858669
6349.0,309.66260920717554,309.74458447158446,300.9308092872782
6350.0,310.34189058033377,309.6600730693096,300.0670554875676
6351.0,309.4018359489821,309.57580423789346,298.15852594228306
6352.0,309.2573962749282,309.49207138519137,300.71227270801245
6353.0,309.30478673010134,309.40762135527257,298.0071705679898
6354.0,309.3481378479519,309.32393100820474,299.8909768287781
6355.0,308.780685990685,309.2397116255453,297.59044471884147
6356.0,308.815468484506,309.1561383089868,302.33353342063793
6357.0,309.2309288561701,309.07123297501784,299.374765488944
6358.0,308.8076062455726,308.98715856170963,301.69860231436854
6359.0,309.2789195679088,308.9024315375597,299.68793027530353
6360.0,308.96538658442483,308.81826917714073,297.99733390171247
6361.0,308.7919554700034,308.73458159253664,301.3070515723593
6362.0,308.83055688215626,308.64996452888676,300.12485524338575
6363.0,308.69563289465833,308.5656794653726,301.67572180139655
6364.0,307.7049100505164,308.48095886683336,300.0605674645287
6365.0,309.1626378448105,308.3966918574704,300.6760587090952
6366.0,308.3203595254201,308.3122519976496,299.6122649024684
6367.0,308.6797541209172,308.2281108865895,298.0897861660368
6368.0,307.9380672032781,308.14439733830784,301.1048907311438
6369.0,308.49257365269324,308.05983704816083,301.72478879585134
6370.0,308.0285447318633,307.97510266997404,299.31546273855577
6371.0,308.16098720411054,307.89104491085493,300.2743106043911
6372.0,307.59139284812045,307.80671787529354,299.85414021346554
6373.0,307.6225983511938,307.72250883758363,299.33667747351956
6374.0,307.79288093220924,307.6384451206598,301.0392297885778
6375.0,307.99268158949656,307.5539032702942,300.22063692259565
6376.0,307.9659164236298,307.4695913080917,299.41802263336444
6377.0,307.5576388517817,307.3855047467356,299.31891399353236
6378.0,307.68675284890725,307.3014460183891,302.48528113347754
6379.0,306.76384445799505,307.21649806860404,301.2385008201297
6380.0,307.48837234020027,307.1319002562904,298.5088666752108
6381.0,307.3499688772471,307.0480690162325,300.13948790720235
6382.0,306.6919590540976,306.9637798433785,298.9231283039855
6383.0,306.76793617812797,306.87983226484647,301.3729370449775
6384.0,306.3522173543003,306.7951966983597,300.66157093359357
6385.0,306.79539371505257,306.7107609071891,299.38450710081145
6386.0,306.785043150001,306.62668375811177,299.56724843039814
6387.0,306.75683716386123,306.54255528917747,297.9622878713213
6388.0,305.8815869256051,306.458877546667,300.520641082159
6389.0,306.18194812893444,306.3744813332964,298.1080653471895
6390.0,306.35009192439,306.29076265161143,299.36026779790814
6391.0,306.02228078587314,306.2066923097382,298.1324351865361
6392.0,306.13121996185987,306.12296678419,300.3738685841288
6393.0,306.3862412559878,306.03861178942924,299.4971835799121
6394.0,306.01910288280976,305.95450299704055,300.2285449901928
6395.0,305.7373148000042,305.8701888139891,298.52772195198725
6396.0,304.9327003157103,305.78635227874094,298.253243042824
6397.0,305.7563555321418,305.70259282631974,298.4313425755601
6398.0,305.3596683889652,305.61878335761315,300.030670423643
6399.0,305.5080440084221,305.53452474433584,300.58331703947147
6400.0,305.2062400400939,305.45011092946726,299.2907121234712
6401.0,305.04502013104184,305.36606012114595,299.88452543068684
6402.0,305.2519183048243,305.28184255025417,301.42311444777266
6403.0,304.92159274348694,305.19719289228004,300.3845480701774
6404.0,304.1045128491475,305.1128348983637,300.2030907350387
6405.0,304.94472634767203,305.02852786371557,300.5594404165022
6406.0,304.8207264550243,304.94412075419865,299.756731015752
6407.0,305.0787188828542,304.8599390722384,297.77109481878585
6408.0,304.3799028608205,304.7763150231101,299.9108818297142
6409.0,304.60032690221806,304.6920900504629,300.6820989816697
6410.0,303.8448078787013,304.6076484943323,298.302844219376
6411.0,304.65360903904076,304.5238751122473,298.9523513833267
6412.0,304.89076657767777,304.43991932690045,300.1030626309801
6413.0,304.2634134908995,304.3556403834783,301.10231584486974
6414.0,304.620298050593,304.2710808164452,301.4344339265945
6415.0,304.4803166336193,304.18642797958415,299.66563662469315
6416.0,304.44074891708533,304.10227187996543,301.03913078228493
6417.0,304.1607600790636,304.01773005740404,300.375276174142
6418.0,304.1579171144919,303.93337466734516,300.04706570283037
6419.0,303.7255311609212,303.84911144972693,300.7735651961854
6420.0,303.5186874664041,303.76464420683436,301.4944804335529
6421.0,303.50079998681804,303.6799745069126,299.67655100804086
6422.0,303.78612274499864,303.5958153421712,299.6650358470184
6423.0,303.6832649748451,303.51165941127084,298.98409157442256
6424.0,303.89877655857134,303.42769471222033,300.9697291594386
6425.0,303.72116133050247,303.34317237994804,299.9014452680941
6426.0,303.0320150085211,303.25895005740193,297.9767454297124
6427.0,303.31672777599994,303.17526825472703,299.3877828691882
6428.0,303.9318530312121,303.09119018570465,298.87940474663316
6429.0,303.96689411980805,303.00725488620503,299.35083072116026
6430.0,302.83100190445623,302.92318719457745,300.09835020272027
6431.0,302.5491445870469,302.8389095745622,300.5660910999541
6432.0,302.62447461162225,302.7545005973116,300.031398594787
6433.0,303.174866654043,302.6702417795396,300.61555666024486
6434.0,302.4746338864564,302.5858189107108,300.59526767374706
6435.0,302.49345988186417,302.5014017397057,299.5382654781627
6436.0,302.79301514000656,302.4172814101507,301.0342878403531
6437.0,302.7308573979748,302.3327409476488,300.1592733880344
6438.0,302.22725777206193,302.24844621837235,299.00732841652496
6439.0,302.1850455047575,302.16447499364205,300.11632277134123
6440.0,301.8061335664587,302.08019232633046,300.17472440566047
6441.0,301.5770724946682,301.99589325789316,301.1874811793243
6442.0,302.03331974016214,301.91130977359535,298.32093386521404
6443.0,301.93949436931734,301.8275313113348,300.83828718996244
6444.0,301.8007291465769,301.74304589234896,300.2863049391613
6445.0,301.3186245161709,301.65871548837856,300.23051543698597
6446.0,301.81995800647434,301.57440075196,300.6125888188887
6447.0,301.8774502950583,301.48997871660004,301.1187775380711
6448.0,301.4194238441633,301.40541452657476,300.5059805127993
6449.0,301.8569633828977,301.3210224303807,301.4772417962551
6450.0,301.4738794573637,301.23635757164294,298.94951879545863
6451.0,301.3879374409716,301.15240258178125,298.61540299859604
6452.0,300.99901416833615,301.06854142277246,301.7862077741131
6453.0,301.02811555640176,300.98378979608924,300.7613572238217
6454.0,300.7626122230745,300.8993259816022,300.7941334722639
6455.0,301.2491423489723,300.8148529624521,298.10345366713506
6456.0,300.66993140371983,300.73113557588056,300.1553720949825
6457.0,300.58252790242483,300.6468419422172,300.60509588492414
6458.0,301.16900235780497,300.5624220111229,299.8876749414301
6459.0,299.9934252217283,300.47820355574345,301.03197215925024
6460.0,299.51821475431296,300.39366374356206,297.70330605184347
6461.0,299.7051643833037,300.31005873177924,300.3369700332915
6462.0,300.13946685048336,300.22571409936154,299.19595106148944
6463.0,300.13040437916624,300.1416899031051,300.6022930782732
6464.0,299.6404544605347,300.0572707591323,301.3878011619772
6465.0,299.3747532574835,299.97263101830595,300.98515756880613
6466.0,300.3594241737385,299.88810435322205,300.8758819733731
6467.0,299.8376565804585,299.8036083763679,299.53033663224045
6468.0,298.6583581491279,299.719490273497,299.8826997025888
6469.0,300.1324431437181,299.6352732153305,301.8795990806528
6470.0,299.3237283882056,299.55049536125534,297.8754219972812
6471.0,299.70653693298965,299.4668420135778,300.0578554063015
6472.0,299.3247162187548,299.3825757658512,299.24442554610766
6473.0,298.69855288401743,299.29853795634364,299.60324400913004
6474.0,299.10313212403855,299.2143993786511,298.26633949483966
6475.0,298.58345118358733,299.13063624830966,299.6609227563173
6476.0,296.85445198231076,299.04648147250225,299.35462555112326
6477.0,299.04854913244236,298.96241271516,299.3410457807176
6478.0,298.80646879726066,298.87834777146986,298.0179980072262
6479.0,298.3592646271046,298.7946543836962,300.5979121521618
6480.0,298.55851393157275,298.71023647003346,299.0803185358253
6481.0,298.86300702543735,298.6262447472447,300.5267838504794
6482.0,298.85245191615394,298.54184680878,299.27200805927714
6483.0,298.35340415665075,298.45780125318333,299.6564961145764
6484.0,297.8959423176139,298.3736477205245,300.2293917778951
6485.0,298.4102467228449,298.2893332996669,300.0646822493323
6486.0,297.7675640509785,298.2050651347352,300.7729956296588
6487.0,298.585559587488,298.12059805179587,299.57329914645186
6488.0,298.4421634831905,298.0364678836189,301.4258849683937
6489.0,298.00991120632733,297.9518174475903,300.5695759480599
6490.0,297.0488261527781,297.8674074916782,301.6101312604849
6491.0,297.33384920100156,297.7827053131492,299.69675433780634
6492.0,297.9138025043454,297.6985404746394,300.52326491808475
6493.0,296.8459134165457,297.61414352440823,299.72266253470445
6494.0,297.7215367320578,297.52997141001305,299.26336973010734
6495.0,297.63387299923465,297.4459282803472,300.71553090117567
6496.0,296.7444468405224,297.3614773354191,301.0049712530073
6497.0,297.356040269412,297.27694510599224,299.93080868392093
6498.0,296.7588143914859,297.1927145372202,299.12647302862405
6499.0,296.81771966945996,297.10870985271123,301.28898639730033
6500.0,297.3978980556476,297.02409786236467,299.6564218335487
6501.0,296.3656876967986,296.93994435056646,300.56585803626274
6502.0,296.7824247829062,296.85553543876796,300.4191458464141
6503.0,296.37039656704667,296.77116772864275,301.191359535879
6504.0,296.7569187773844,296.6865831551731,300.0988374896803
6505.0,296.02518472187023,296.6023053983114,300.3097248817745
6506.0,296.6513200476058,296.51796841724047,298.50711093592133
6507.0,297.06996761053415,296.4341376702526,298.86771192528363
6508.0,296.25173596427874,296.35020565448696,298.60232443049335
6509.0,295.8186965954672,296.266348168376,298.01983167306645
6510.0,295.56099657936863,296.1826542656478,298.24952553823726
6511.0,296.42048274370154,296.09889585722584,301.4030677418031
6512.0,296.27548098997636,296.01425182903506,299.36765911127696
6513.0,296.2700395520197,295.9301794114346,298.70367258200054
6514.0,295.12495647743276,295.8462934633845,299.8969157304014
6515.0,295.28770611487226,295.7620724128835,299.73308660848886
6516.0,295.98025619460464,295.677897371061,298.4002123239112
6517.0,295.61381805763665,295.5940966447667,299.5438450135128
6518.0,296.38333353494863,295.50997474829205,299.15963209794154
6519.0,295.4292997797116,295.42596075161117,301.2744816358814
6520.0,295.50350276806387,295.34135283468515,298.364515920473
6521.0,295.88926704166107,295.2575621331308,298.29638898147965
6522.0,295.4464868161705,295.1737905638918,300.3803549422155
6523.0,294.819028931574,295.08943374754557,299.4170324250397
6524.0,294.6583001739886,295.00534746427286,300.1980942443103
6525.0,294.38365641098477,294.9210418328059,300.74573079845226
6526.0,294.1552814641094,294.83658240674004,300.2357721101888
6527.0,294.62205985837636,294.75226619407243,298.1089129391087
6528.0,294.15654091839434,294.6685472743553,299.8535250407176
6529.0,294.8345069153402,294.5843384094064,299.7830736436627
6530.0,294.7371845907126,294.50014932955816,299.5603434068947
6531.0,294.36196551381465,294.41602279978474,299.7331597927231
6532.0,294.86987096901305,294.33184773740965,299.88599461827675
6533.0,294.55390909853173,294.247629753921,297.5285799748099
6534.0,294.3559480069938,294.1640738110448,301.6100487329733
6535.0,293.655006227719,294.0793716556922,300.56384215981814
6536.0,294.4707972541501,293.99496331001905,299.5248531988549
6537.0,293.010718781878,293.91084674707895,300.6338680097113
6538.0,294.09686479417775,293.8264187358129,301.25308908907664
6539.0,293.1140023776849,293.7418168266271,299.14650733340517
6540.0,294.7068185961951,293.65780651581764,302.7847158993091
6541.0,293.1435864524783,293.57277447476923,300.2414870348859
6542.0,293.745659308094,293.48845665716027,299.3694161029582
6543.0,292.9358267668706,293.404383746138,298.51641841444916
6544.0,293.37251141891744,293.32055038529995,300.2538331472116
6545.0,293.7921628435047,293.23622910049113,299.83827912593046
6546.0,293.23622388958677,293.15202451710326,301.41402969966856
6547.0,292.4978940545201,293.0673774104293,299.2595781035401
6548.0,293.113890893245,292.98333534557855,299.91915978768395
6549.0,292.5381422101579,292.8991080482048,299.02165546316195
6550.0,292.86367398484845,292.81513279996227,299.5282484400761
6551.0,293.2252791884201,292.7310152835253,301.8337283577625
6552.0,292.3440607594987,292.6462503114782,299.9163556092543
6553.0,292.4407373571654,292.56202380161125,299.7063404900452
6554.0,292.50354609380776,292.47785627099034,301.32487528189597
6555.0,292.4744479504799,292.39323420184866,301.3717861755131
6556.0,292.26403747739505,292.30859895856435,299.72032088025355
6557.0,292.2461949554654,292.22442750178385,301.0921675255935
6558.0,292.4987684959986,292.13987078473707,299.6200903631066
6559.0,292.156075262725,292.0557274760268,300.8238921945023
6560.0,291.68413552748666,291.9712460996355,300.275297697884
6561.0,291.5624801508331,291.88691878686535,299.54120528560173
6562.0,291.34639664757617,291.80279763171427,298.2019881590676
6563.0,291.67030712690615,291.71905257337295,300.7657971483231
6564.0,292.2490117593153,291.63458751200716,299.6799182653833
6565.0,291.2684947972682,291.55042740162764,301.1931493513906
6566.0,291.5486519529061,291.4658423255181,298.1698098488159
6567.0,291.5930017394525,291.3821063039189,300.18113939853333
6568.0,291.7063041307954,291.2978054339378,300.1182837496758
6569.0,291.4601283206834,291.2135222159181,302.0084807511948
6570.0,291.427755580547,291.1287081675738,300.45969662688367
6571.0,291.1839828228788,291.04432906943777,298.47688243185115
6572.0,290.71028467496143,290.9605068116215,299.6270903112903
6573.0,291.4723123152656,290.8763615370924,300.41804835720393
6574.0,290.62572358620116,290.7919941351787,300.5157676531389
6575.0,291.32645873943676,290.70759929042947,301.4179338015265
6576.0,290.1898209119637,290.62295108735356,299.70259269314806
6577.0,290.3910944435408,290.53878460923886,300.237321808816
6578.0,290.35125080155734,290.45446796136423,299.76751485848706
6579.0,289.80394840564924,290.3702832509415,299.78089836161865
6580.0,289.6780263815357,290.28609478198496,299.6072859787965
6581.0,290.27594432407443,290.2019550691725,301.50510279420547
6582.0,290.56195114967295,290.11728238613784,299.857388608129
6583.0,290.17174924115193,290.0330724361704,299.48293085292266
6584.0,289.02237124313524,289.9489676464225,301.8139545781125
6585.0,289.2888596001504,289.86420822751177,298.3559634306906
6586.0,289.73403271542537,289.78041992778174,299.15994443657587
6587.0,288.9454626061474,289.6964058433858,300.86727739224824
6588.0,289.4617155780043,289.6119122829848,298.6624401299735
6589.0,289.4760180866396,289.52803791438157,301.4029784626206
6590.0,289.46572749338804,289.44339391126334,300.3827397826964
6591.0,288.5695439070425,289.3590364251744,299.65587747371757
6592.0,289.6286693737804,289.2748830662505,300.56982195163346
6593.0,289.2243151890783,289.19047304125246,300.0986712185881
6594.0,290.04831197584195,289.10619533108525,299.823532709879
6595.0,289.3542409746451,289.0219948889825,299.8281221517878
6596.0,288.6180031278711,288.9377931580116,300.41732545222413
6597.0,288.90422765908437,288.8534259591137,300.2522222244767
6598.0,288.7461500557921,288.76910512670565,299.27351180273246
6599.0,284.31487829120096,288.6850591488077,299.6843310670407
6600.0,288.3441747233151,288.6008977991664,301.40281026410184
6601.0,288.37411858635124,288.51625384328383,302.937712872289
6602.0,288.8298996770912,288.43117883558557,298.93351506226253
6603.0,288.9403561334777,288.34722834010563,298.59733517391726
6604.0,288.33046903123386,288.26337225514425,299.2000662418225
6605.0,287.8975647034325,288.179346903208,300.273738130352
6606.0,287.98398603707807,288.0950200284164,298.2671892537747
6607.0,288.37396521119837,288.0112566594343,300.02035407818875
6608.0,287.1412513717936,287.92700094333065,300.5900687909263
6609.0,288.31146920750757,287.84258523234524,299.2476147730119
6610.0,287.67446716978156,287.7585465271965,300.2254606826186
6611.0,287.2625396230993,287.67423321032146,300.69447417286653
6612.0,287.4301713161408,287.58978817882456,301.0777346259044
6613.0,287.8694262035864,287.50523551501715,301.62982175055515
6614.0,287.33056691449764,287.42052780674214,300.60301980653026
6615.0,287.04737343941986,287.33610845867986,299.9299858137149
6616.0,287.65228300122953,287.25187812099716,298.90906344947797
6617.0,286.7859244464955,287.1679344923451,300.599794163286
6618.0,286.81358466191125,287.08351605015093,298.86540022668714
6619.0,287.9753015028011,286.9995846835873,299.9518393803474
6620.0,287.15116545144616,286.9153482086946,298.9850478580881
6621.0,286.0718727587693,286.8313832410878,299.3177876175094
6622.0,286.32909740852756,286.74732482906524,297.9589656828334
6623.0,287.5233169782027,286.66364801953597,300.3035455151436
6624.0,286.7081222272375,286.57931277383716,301.13068646773706
6625.0,286.6267466613957,286.49474523938744,301.08924985447806
6626.0,286.29963165754,286.41018934171996,300.15818887505424
6627.0,286.21518044556865,286.32589491701094,301.7438824441487
6628.0,286.22088983846254,286.24115517669117,299.8066642985355
6629.0,286.4093099612526,286.15695947180063,300.07636123128384
6630.0,286.18249335982233,286.07268802702157,297.7452115324233
6631.0,285.4542616623207,285.9890712467829,299.3464095323554
6632.0,286.21992584952375,285.9050047967726,300.637785839551
6633.0,285.9021882636824,285.8205756852493,299.46510061197415
6634.0,285.93463036589185,285.7364759028274,301.2578415646195
6635.0,285.18628828033405,285.65187265898805,298.0327435448965
6636.0,286.21638596972696,285.56817513017586,300.81392764316865
6637.0,285.3441597116617,285.48369655216266,298.0904616183058
6638.0,285.34662406888964,285.39998281419156,300.8925009255571
6639.0,285.2047109881893,285.3154821701816,298.19805809202705
6640.0,285.3884350606933,285.2317382155341,298.0589530247065
6641.0,285.1050195465772,285.1480333262263,300.9231080265968
6642.0,285.0034361341974,285.06352408672217,298.0620285710076
6643.0,285.07847192915483,284.9798183336985,300.5473685146209
6644.0,285.23557569716365,284.895414614374,300.5572314020883
6645.0,284.8458657358073,284.81100812522186,297.9900164018688
6646.0,284.35918416033707,284.7273225956157,300.7072922007829
6647.0,284.4269505278857,284.6428739643893,300.6309469438513
6648.0,284.54282211142566,284.5584467734559,300.74055879738995
6649.0,285.0888199870124,284.4739887998603,300.15511533772
6650.0,284.6821843203413,284.389695238303,298.54268569708915
6651.0,283.8640639097419,284.30585450073636,298.7354359800408
6652.0,284.25100420318546,284.2219596324653,299.59935539691753
6653.0,284.24435713419007,284.13782214682465,299.4494032819342
6654.0,284.0388057528995,284.05372677273635,299.52556931068585
6655.0,283.92012022632804,283.9696100086883,300.12950602977116
6656.0,284.2103432569582,283.88532363907825,301.90343691836273
6657.0,283.4371018663604,283.8005390905437,298.63499930351395
6658.0,284.4175340041213,283.71667242823924,300.3764286779347
6659.0,283.83976342396915,283.6323167145189,298.15116712283145
6660.0,283.18099541593307,283.54858592841856,298.8358950279901
6661.0,282.56370261179563,283.4646628478981,299.73771048698495
6662.0,284.29479479057545,283.3804865075364,300.2378539441689
6663.0,283.60923485538814,283.2961697102204,299.5648596873564
6664.0,283.07871097897277,283.2120419121249,300.4016242325806
6665.0,283.3194599821011,283.1276791226529,300.64455036665635
6666.0,283.2571011824187,283.04324811142493,299.82404967491044
6667.0,283.14953879335843,282.95904752414117,299.41518823039894
6668.0,283.0294704868127,282.8749617587798,299.63238601159884
6669.0,283.17395065565773,282.7908149970416,300.29957745767666
6670.0,283.16641364637553,282.70648086570554,299.7118053751984
6671.0,283.1378640085253,282.6223118003627,298.1979522186819
6672.0,283.0314516438268,282.53856787544794,298.15973549726345
6673.0,282.43921777048627,282.4548346830625,298.6650039050503
6674.0,281.82173787096394,282.37095959446583,299.73871685737646
6675.0,282.30996307285153,282.28678297148167,301.57047283325863
6676.0,282.3308329196894,282.202091930361,301.15081414937276
6677.0,282.0826886422493,282.11751874338745,298.7551471415579
6678.0,282.3366459906425,282.0336183395651,300.1009581038657
6679.0,281.6326356933807,281.9493399871643,302.14710735454867
6680.0,282.08984238357806,281.8644870078489,299.41155877805556
6681.0,282.15072109056433,281.78040226175875,298.3155520271061
6682.0,281.01489303917765,281.69662531089784,300.7683906567945
6683.0,281.59846147131634,281.61215952118835,299.9748855467167
6684.0,280.831818043352,281.527916574164,300.11996366528
6685.0,281.83330242385205,281.44363288436796,298.8319823593395
6686.0,282.4015775672319,281.35971090265537,299.30236416320025
6687.0,281.7813532596223,281.2756568220529,300.4205652773298
6688.0,282.1145086362289,281.1912887133042,301.20133918642244
6689.0,281.40658437216746,281.10670133721595,300.50068124509494
6690.0,281.36296410896364,281.02231072923297,298.9469695434972
6691.0,280.7103763148194,280.93835645528617,300.471913564255
6692.0,280.6412614463426,280.8539739262269,299.2125119363563
6693.0,280.54839167657286,280.7699450791248,300.13425037217394
6694.0,280.5303998847105,280.6856573771452,298.1364963008604
6695.0,279.70347812062033,280.60193071110075,300.24573309194443
6696.0,281.66244724066416,280.5176117010574,300.0621424212554
6697.0,279.83299071094,280.4333442493941,300.32704948681254
6698.0,280.38870865170867,280.3490024029966,299.5309327388539
6699.0,279.97697626187414,280.2648841327191,299.0228547230419
6700.0,280.5130287213645,280.18090854768434,300.34154376718044
6701.0,279.9831274489749,280.0965626308098,299.91273933719697
6702.0,279.38458193626974,280.01233713651254,298.8702734365
6703.0,280.17666272626985,279.9284044013891,301.0471943465011
6704.0,280.5653863436617,279.8438603143102,300.00807790973306
6705.0,280.22380135377074,279.7596080457638,300.645260997485
6706.0,279.69642335360703,279.67517683496703,298.1436873424122
6707.0,279.3216840373013,279.5914481494384,299.22512961684293
6708.0,279.0453320432368,279.50741575887105,301.1868928338395
6709.0,280.08383520322803,279.4228324398002,299.6120542742883
6710.0,278.5963719334221,279.3386913878915,299.73040689491813
6711.0,279.0583970158928,279.2545170986218,300.4111251942275
6712.0,279.0747461335663,279.1701516409631,299.64155962732207
6713.0,279.41852023563627,279.0860023029678,297.5508335895299
6714.0,279.1691307309755,279.00244011053474,301.0940673671727
6715.0,278.6198224233121,278.91788285994915,299.90138648090624
6716.0,279.11157158568653,278.8336605539124,300.3243396999398
6717.0,279.0556794622389,278.74931946851336,302.48987263370844
6718.0,278.54660017351387,278.6643702292821,299.4199267570765
6719.0,278.6342932900485,278.5802831331845,299.28133567369696
6720.0,279.06157480243473,278.49623495808277,300.4250069930583
6721.0,278.3137483799632,278.41186560195223,299.70960039218295
6722.0,278.2952266950198,278.3276971558421,300.0733420527843
6723.0,278.6315443169098,278.24342655894895,300.4402201198769
6724.0,278.43006919826763,278.15905293046535,299.54886844254673
6725.0,278.6745965408452,278.0749296232444,300.910990646989
6726.0,277.4525719475608,277.99042378670435,300.6289743298577
6727.0,277.3835765212038,277.90599714974667,298.90269542286734
6728.0,278.24415588907516,277.82205530944884,299.64058618058414
6729.0,277.4878711059259,277.7379062448298,300.72904744691994
6730.0,277.7103786707767,277.6534515040051,297.6909331161198
6731.0,277.8789357773611,277.569849966955,300.24262906501156
6732.0,277.0582160297455,277.4855318286259,300.44351706457974
6733.0,276.4801624830937,277.4011572742503,301.37809734016656
6734.0,276.7139715183069,277.31652025858057,300.1331472815153
6735.0,276.7732268480214,277.23223286638563,298.9500239169006
6736.0,276.45487843321797,277.14827773466897,301.44004340500703
6737.0,276.7491465500543,277.06362332247943,299.32998452557337
6738.0,276.99901228223143,276.97956148515846,299.0316107251603
6739.0,276.58473142898447,276.89558344114647,299.3847991076987
6740.0,276.36030481292863,276.8115062100637,298.4683632646146
6741.0,276.97890513041375,276.72768634471356,300.16798867374973
6742.0,276.6187483660849,276.6433891678944,301.46161061734136
6743.0,277.26071101485496,276.55872869891266,298.98692997455544
6744.0,276.4186342709606,276.4747632027448,301.86785264362106
6745.0,276.06768951680374,276.38998864746065,300.7962361362983
6746.0,276.8992943122575,276.3055150378124,301.8634486926185
6747.0,276.9406525745405,276.22074171930456,299.76927924167757
6748.0,276.32309136888796,276.1365565133842,299.8609589559138
6749.0,276.71366572848757,276.05234556074413,301.0408946855923
6750.0,275.90432210981345,275.9678032428199,299.68484545372223
6751.0,275.75777305099064,275.88364174872163,299.9883653793475
6752.0,275.697173682369,275.79939501611096,301.2704362146877
6753.0,275.48189190833165,275.714788235274,299.1684282669942
6754.0,275.1253936274901,275.63077176833565,298.67975246607523
6755.0,275.48601321942806,275.5468925378515,299.076262744723
6756.0,275.12069045556603,275.462901954064,299.9167966769024
6757.0,275.38244222625974,275.37867532033056,300.95351665631534
6758.0,274.5537899386962,275.2941575410696,299.5135073887283
6759.0,275.6594874455545,275.2100441644112,300.1507360532328
6760.0,275.00585562432155,275.125751832703,299.9472990551732
6761.0,275.02221919108047,275.04151663288496,300.6361227430482
6762.0,274.83547511405624,274.9570879884146,299.7071451304228
6763.0,274.8786566253239,274.87292023182385,298.75437475260634
6764.0,275.00876041604414,274.78902004491414,302.1136923583961
6765.0,273.6751416229878,274.7041764496435,299.71631199751545
6766.0,274.90353820263556,274.62000611869087,298.57096607173406
6767.0,275.27507131115243,274.53615743905243,300.678293148158
6768.0,274.3031578430284,274.45171695172667,301.27326626722055
6769.0,274.80297012404844,274.3671093761167,299.2580997356614
6770.0,274.18827491631623,274.2830677264409,298.682660690406
6771.0,274.711885612315,274.1991876792303,299.72877551501165
6772.0,273.82000202018196,274.1150138481065,298.9940649870234
6773.0,273.3862850581662,274.0310463481893,298.5489352886892
6774.0,273.1448793499167,273.94720385552904,298.16966778950615
6775.0,273.8755774824934,273.8634678738248,300.058185341358
6776.0,273.8480006611106,273.77920153344144,298.63375513808865
6777.0,273.7438109760384,273.6953352205402,299.4788908072643
6778.0,273.109133684652,273.6112315653718,301.8818262170174
6779.0,273.88348029094664,273.52645308584255,299.4985628127273
6780.0,273.76551050103785,273.4423439061193,300.1674264843124
6781.0,273.60861723390803,273.3580468871816,298.80147960392765
6782.0,272.6456496175329,273.2741334716595,300.65454402676335
6783.0,273.76564323759607,273.1896996538787,300.0232685264784
6784.0,273.3284333250857,273.1054431193008,298.7861801812969
6785.0,273.0784680798153,273.0215340003665,300.27941139115865
6786.0,273.23506767952824,272.93720553233425,299.7176314190028
6787.0,272.61611552096167,272.8530348308441,300.52860123343584
6788.0,272.32175563658143,272.7686363819977,300.21607211446246
6789.0,272.85560336703804,272.6843257017456,301.7411273479077
6790.0,271.9116019120204,272.59958673514865,300.38681118617353
6791.0,273.0733578977136,272.5152281056739,300.63672698031667
6792.0,272.9224721659836,272.4307992915136,300.51566300579776
6793.0,272.0651749101181,272.34640447615277,300.27458689310726
6794.0,272.3087300447823,272.26207736300034,303.0130068082045
6795.0,272.78701051704417,272.176981210255,301.35098405313875
6796.0,271.6516543265621,272.09235180890005,298.69653666317623
6797.0,272.44885430576255,272.00846786485386,298.9630650830084
6798.0,272.01690693852737,271.92450907074306,300.93621488443773
6799.0,271.0912199437381,271.8399961503963,298.1905018572607
6800.0,271.9799045460764,271.75625431779133,301.0097270254815
6801.0,271.58401332478115,271.67172075278506,301.2388167019866
6802.0,271.4662663850263,271.58712285176125,299.01891005849484
6803.0,271.3814960061551,271.5031483745198,299.62157613054853
6804.0,271.2068828070053,271.4190046485565,300.05911046392066
6805.0,271.27957261269097,271.33473804836785,297.8617134394671
6806.0,271.71870536550733,271.2510885505103,300.20305259190354
6807.0,271.5730731133077,271.166781526574,300.3023237512978
6808.0,270.66663734958036,271.08244662398727,301.5486792326573
6809.0,270.96704044707815,270.99776170323605,300.6712971365959
6810.0,271.19867195077546,270.9133231806236,298.86874727804553
6811.0,270.8259552314306,270.82939087409636,300.1767457892109
6812.0,270.5119015080119,270.7450912379872,300.8206690901778
6813.0,270.8986783752618,270.660610766751,299.2873684721567
6814.0,270.51881366422975,270.5765608974384,298.5798873731993
6815.0,270.353219826485,270.4927097124011,300.62658131602643
6816.0,270.31026303652175,270.4082837474815,299.0341581025471
6817.0,269.6620848699105,270.32430498808105,299.35645292512044
6818.0,269.97794469597824,270.2402357175513,299.81620621107356
6819.0,270.3999253504826,270.1560373329737,298.74651344554815
6820.0,273.3238146159859,270.07213935378104,299.57536910778845
6821.0,269.2963623403932,269.9880086042899,300.9569863860141
6822.0,270.13815331351486,269.90348985061325,300.6669860887462
6823.0,269.8646581345083,269.8190525386866,300.36810075939036
6824.0,269.6179494637631,269.73469916372335,300.53928612516034
6825.0,269.50953055351783,269.65029771420325,299.7198591580742
6826.0,269.2415980154083,269.56612638708964,301.81063785072473
6827.0,269.5495475035252,269.48136789962655,299.6075915416475
6828.0,269.8247710811,269.39722810100193,298.8349163545773
6829.0,269.0193651821929,269.3133052953257,301.2570583336122
6830.0,269.8157738724227,269.22870227144364,301.30808200039445
6831.0,268.8913135010289,269.1440849184152,300.437222546186
6832.0,269.10433594513034,269.0597121317502,301.2408331526158
6833.0,269.5446133116611,268.97511366443985,299.58385488511186
6834.0,268.53487581587456,268.89098053185955,300.0824270384514
6835.0,268.4707645451663,268.8067073835996,300.60177320486525
6836.0,268.92237140934867,268.7222883856246,299.3479890216952
6837.0,269.12437301133974,268.638221492041,301.16946713687264
6838.0,268.5393626343343,268.55364306668673,298.9297481650509
6839.0,268.52693601592546,268.469693629077,301.1085323228338
6840.0,268.39193366694826,268.3851323162497,299.50517876802434
6841.0,267.8926604978277,268.3010212785457,300.995351120804
6842.0,267.97930312283586,268.21649175077266,300.4312492498921
6843.0,268.0970731260731,268.13212064160825,299.9859876305131
6844.0,268.0314247237722,268.04787457674877,299.86130683921186
6845.0,267.8612906278535,267.96366352641144,300.58038261256485
6846.0,268.1156353672689,267.87925053562765,300.4049713529827
6847.0,266.9670909366704,267.7948868061727,298.387367906454
6848.0,267.47605112213114,267.711089687019,300.5101685152818
6849.0,267.7031590038689,267.6266964146943,300.6087220728409
6850.0,267.3604108966965,267.54227546524555,300.9000169052271
6851.0,267.8610093312817,267.457772710498,301.2919098559182
6852.0,267.4261061851646,267.3731598991468,301.52959529386817
6853.0,267.68446958411727,267.28848033780173,300.5907310004417
6854.0,267.22216280386505,267.2040644408458,300.63651167949286
6855.0,266.94935732021327,267.11963568714907,300.57143559456165
6856.0,266.62363504064604,267.0352252089863,299.7462952213986
6857.0,267.1400887278015,266.95104645774495,299.6360780029798
6858.0,267.39156280488817,266.8668986591725,300.6765676322364
6859.0,267.07384192194536,266.78245865642907,298.48338256421647
6860.0,266.84653492588234,266.6986345731589,299.0136620583946
6861.0,266.483150297568,266.61466156973086,300.0497377028741
6862.0,266.4664177755294,266.530397601726,302.26985950487597
6863.0,267.0824872041299,266.44551014951503,299.94334485683345
6864.0,265.92289819401566,266.3612760601677,301.35480632515385
6865.0,266.29793071043343,266.2766455853914,299.72777305867197
6866.0,266.45743172053045,266.1924720357908,298.5386332086333
6867.0,266.01739223392855,266.1086324362981,299.7273271399906
6868.0,266.64783514882885,266.02445901192624,299.1443409169996
6869.0,266.5325120165071,265.9404493095187,300.92931467422335
6870.0,265.7873186406827,265.855938326981,297.7690309883674
6871.0,265.72317377471444,265.77231485744505,301.33738559171735
6872.0,265.4287488941876,265.6876892749914,302.4420210935793
6873.0,265.98796203394016,265.6027534740676,299.866551198432
6874.0,265.30064650191656,265.5185409509394,300.662900339175
6875.0,265.2942553152841,265.43410478642744,298.8719944229292
6876.0,265.10028953001535,265.35017156799364,300.5048354583321
6877.0,265.410951941128,265.2657797933691,299.69505174125356
6878.0,265.21375184210575,265.1816154330051,300.7016344297671
6879.0,265.3799935889996,265.0971683906694,300.0966570490463
6880.0,265.08260716795974,265.0128912461481,300.720445761032
6881.0,265.2832373464287,264.9284389209636,299.68736852523153
6882.0,264.85824089966104,264.84427671830275,299.4646517939288
6883.0,264.40611462738707,264.76017706192397,299.43953183977015
6884.0,264.4777427906037,264.6760844600656,299.31562821621895
6885.0,265.03255048007367,264.5920266544749,302.30774757567065
6886.0,264.8806857114587,264.50712856203074,301.27479161590367
6887.0,263.4665774014804,264.42252055805193,299.8898859916151
6888.0,264.54795164925906,264.3383014817359,300.03618535372937
6889.0,263.9542352933598,264.25404131968247,299.8211864114104
6890.0,264.52907531933005,264.16984153649855,299.9128068962514
6891.0,264.57975944748006,264.0856160232285,299.92170949399656
6892.0,264.159230521066,264.00138800981233,299.8931530178129
6893.0,263.4067261493647,263.9171680160065,300.7512917790114
6894.0,263.38802317688896,263.8327070282319,300.86449463433837
6895.0,263.41249296458574,263.748214249322,300.4403898935832
6896.0,263.71014723526633,263.6638405731602,300.48998781156627
6897.0,264.0003266427436,263.5794529682498,299.072208305306
6898.0,262.76151667628267,263.4954635230841,299.44685296314003
6899.0,263.2669608855842,263.4113688652103,299.37717382386444
6900.0,263.29441351604464,263.32729377556143,300.9798917680754
6901.0,263.8284709751018,263.2427685892899,301.93274761132807
6902.0,262.6198467584268,263.15797580933577,299.7829346761197
6903.0,263.5522334879004,263.0737867685142,300.1447925257674
6904.0,262.9839170706101,262.98949610594656,298.99432770822096
6905.0,262.94418092347195,262.9055285322485,299.61894436043053
6906.0,262.6964671304148,262.8213855453739,300.0620048406028
6907.0,263.45575375925307,262.7371181323479,299.26019683399534
6908.0,263.1919298327355,262.653075893737,298.3482385267301
6909.0,262.42024927673276,262.56928976341743,301.34452228010684
6910.0,262.6301557837155,262.48466217674377,300.6262000023282
6911.0,262.1997652627785,262.4002363189097,299.8434633825388
6912.0,262.5022107126515,262.31603027960983,299.0856351386889
6913.0,262.44222879360734,262.2320370637417,300.00063129026086
6914.0,262.1914429914249,262.14778688645436,299.21987265620294
6915.0,261.4046871428054,262.06375597221677,298.4330910900405
6916.0,261.85054694107913,261.979946012469,300.84817655992754
6917.0,261.56268876845957,261.8954578162184,301.0507867688315
6918.0,262.42507779185325,261.81091272026754,300.0263102570849
6919.0,261.5290278935981,261.7266553314703,300.04261038162633
6920.0,261.8735025972596,261.6423933650548,299.9483059166737
6921.0,261.7511053016027,261.5581578824765,299.1647928255491
6922.0,261.9536531949386,261.4741424364913,301.216187315942
6923.0,262.0140879013895,261.38955089055344,298.97334439183425
6924.0,260.9268729025595,261.3055892096701,299.4684781078934
6925.0,261.69056828169954,261.2214884787348,301.692166059536
6926.0,260.3537115133598,261.13676326209975,299.48291090581836
6927.0,261.7290066014204,261.05265847795374,299.98688013160563
6928.0,260.6067363836463,260.9684121624501,300.1354673914742
6929.0,261.5045492230737,260.88412411869103,298.1604868211445
6930.0,260.9338570612503,260.8003907153087,300.91203846340375
6931.0,260.613012690385,260.71588458450697,299.8187471620598
6932.0,261.02765336360716,260.63168548634565,299.5012715142381
6933.0,260.8530313106546,260.54757554592874,303.1395350534702
6934.0,260.0793457360313,260.46244385983454,300.09816413598173
6935.0,260.4248894610124,260.378166292073,300.6093103616155
6936.0,260.2455432953796,260.2937451774131,299.79583586011165
6937.0,259.6016937420014,260.20955251350904,301.22461536257464
6938.0,259.93841709288535,260.12495860069475,299.6351478314461
6939.0,259.88722636971306,260.04081106334536,300.4819739810975
6940.0,259.8292611541787,259.9564257089857,299.7123660577833
6941.0,259.954365768929,259.8722564861845,300.12166448243124
6942.0,259.9557407992372,259.7879723187423,299.3435356335839
6943.0,259.5154618395605,259.70390667581853,299.7204175211339
6944.0,259.5577986004999,259.61973519189803,300.42122329241715
6945.0,260.1977604928676,259.5353668983567,301.41215186078665
6946.0,259.2570386045616,259.4507203190425,300.08563224095604
6947.0,259.7972189062131,259.3664462706548,300.61925270064455
6948.0,259.23176748891535,259.2820223638547,297.5323252064813
6949.0,258.7029569641985,259.1984653691926,300.01498648692984
6950.0,258.56874304227074,259.11421116048746,300.1880898578135
6951.0,259.6921596631324,259.02990833858576,300.6793993943681
6952.0,258.39919109469986,258.94546754058916,299.2274695961653
6953.0,259.123493482797,258.8614344928776,302.6429255710324
6954.0,258.94371505967115,258.77644227127973,299.64162532151147
6955.0,258.29399776723767,258.69229291483526,301.21149874260425
6956.0,258.88150446857014,258.60770268560503,302.1595489981863
6957.0,258.65479998110857,258.52284621226136,298.830045359137
6958.0,258.2054496421522,258.438924774523,299.89551220183216
6959.0,258.48373910292287,258.3547041181797,298.59015275776414
6960.0,258.2585402074746,258.2708500502802,298.4840094494587
6961.0,258.52588583741374,258.18702579095986,300.7364336741443
6962.0,257.53523387514787,258.10256897583633,299.2741373363748
6963.0,258.0869483005053,258.0185228222677,299.99279446039384
6964.0,258.8971858474225,257.93427484582344,300.11162977657403
6965.0,257.90537290453676,257.84999349646114,299.26649331258085
6966.0,258.3828801430707,257.7659494895893,299.47651762745187
6967.0,258.27444470453435,257.6818465008888,299.97814639856324
6968.0,258.1503833153883,257.5976026381086,299.4531335169528
6969.0,257.9387077973801,257.51350621644593,299.2279078341204
6970.0,257.0884867594284,257.42947304566246,300.39758152931915
6971.0,258.04669373269695,257.3451113915163,298.9652476938985
6972.0,257.45692602390255,257.26115198445564,299.0225113011307
6973.0,257.4618927301088,257.1771764958652,298.97866609630967
6974.0,256.92060906196303,257.09321332046983,299.7024069403455
6975.0,256.67946870266053,257.0090468945208,300.00873759601143
6976.0,257.10813448055796,256.9247944407125,299.02220747566463
6977.0,256.7771707583437,256.8408190374465,298.07162195107605
6978.0,256.3258764638333,256.7571105902819,299.38378234222074
6979.0,256.3323566734356,256.6730336447408,299.7048397854438
6980.0,256.2506063283209,256.5888665355677,298.7834874087037
6981.0,256.6356666621684,256.5049581728538,298.545090103433
6982.0,256.91903192849543,256.42111676004976,300.1140541787015
6983.0,256.3918906290608,256.33683472983455,299.8053269278168
6984.0,255.74798910272835,256.2526394005223,300.31611879895627
6985.0,255.33233945371072,256.16830062382627,300.19819147733745
6986.0,256.14098799831936,256.083994965053,299.6004085543839
6987.0,256.37750013013954,255.99985718365068,299.5345114529378
6988.0,255.53268198213252,255.91573790835096,298.3409560199555
6989.0,255.5279116254492,255.831953823202,300.19195183071315
6990.0,255.95573615972623,255.74764991672956,302.15145739502344
6991.0,255.110886055283,255.66279571577775,299.24697630860453
6992.0,255.80153992496375,255.57875718993108,301.401301192385
6993.0,255.2311627970093,255.4941136578462,297.92993221459886
6994.0,255.2227020161908,255.4104450018826,299.72068862800455
6995.0,255.39144359398736,255.3262734418262,300.2794571893118
6996.0,255.9012435683699,255.24194496093222,299.1509456957418
6997.0,254.8895001863362,255.15793340368268,299.51780793660555
6998.0,254.36258275362383,255.07381881928714,300.96756316856397
6999.0,254.68661948306521,254.9892970952973,301.0801752607698
7000.0,254.81951466001073,254.90474374607822,300.42456641429044
7001.0,254.55838663129805,254.82037451367688,297.67585105015587
7002.0,253.8000491555747,254.73677721217362,301.71022847828493
7003.0,254.90302575618816,254.65204692300932,299.121304463046
7004.0,255.07761430362453,254.56804369000594,300.5390791729529
7005.0,254.4691303217124,254.48364229860485,301.38168553205287
7006.0,254.74646519766566,254.39900427525123,301.94488802818506
7007.0,254.0513518349316,254.31420808586333,299.4394273820598
7008.0,254.90325598998416,254.2301155133402,299.68924558581523
7009.0,253.82044783922166,254.14595278353815,299.75839388341205
7010.0,253.9394527265605,254.06177063458924,300.3907471874214
7011.0,253.86809254702138,253.9774108997541,299.2541786338313
7012.0,254.28861795181368,253.8933703512544,300.5570739608695
7013.0,254.26657264877096,253.80896390631705,299.61395248100115
7014.0,253.34084424260084,253.72482232132862,298.2017267431422
7015.0,254.0823275069306,253.64107733640157,300.0592585418405
7016.0,253.0790643140814,253.55681069462773,298.64261157899193
7017.0,253.4534414730814,253.47294189454263,299.3433025575438
7018.0,253.76141022158376,253.38887631707436,300.2732341846875
7019.0,252.59199358999854,253.30454958380753,300.43429977882994
7020.0,253.50255743971118,253.22017761795297,299.24940290765454
7021.0,252.64897453030048,253.1361384106364,301.30295613440035
7022.0,253.07337117025875,253.051522497122,300.6709145652008
7023.0,252.9826928075763,252.9670840819483,301.2429656025055
7024.0,253.01064503118715,252.88248501577493,299.3569677892079
7025.0,252.3825633599305,252.79841560065412,300.6149876683247
7026.0,251.95428863072843,252.7139928916173,300.3465469178918
7027.0,252.37991720798246,252.62964556969118,301.563348590598
7028.0,251.88900633716133,252.5449565292953,298.49304549725963
7029.0,252.56064444739349,252.46112973235145,299.2771864020502
7030.0,252.13150695392704,252.37708272250353,299.36368101277327
7031.0,252.30924158877468,252.29301142208575,299.3020572730412
7032.0,252.38472357029497,252.20895742766828,299.9612863825675
7033.0,252.35975672636516,252.12471829974248,300.9743473957468
7034.0,252.29245862824965,252.04019467051552,299.13096266094647
7035.0,253.22877303882137,251.9561887251682,299.8805938222372
7036.0,252.08363195392403,251.87197225840313,299.49614579762937
7037.0,251.5456052469521,251.7878637574583,299.9096251236082
7038.0,251.51392577969673,251.70363913773608,298.7178150213002
7039.0,251.83937523946577,251.61974921801763,300.77690694645037
7040.0,251.78749497434336,251.5352810366502,298.7311930597651
7041.0,251.27515361433308,251.4513873599326,299.08772963885133
7042.0,251.3345276450644,251.36739355585902,300.18704302466665
7043.0,251.39508481868677,251.28309102794296,299.659906348091
7044.0,250.94035776825677,251.19893653757688,298.77125300162874
7045.0,251.24575007008974,251.11503161069228,301.0755189445713
7046.0,251.06421382973755,251.030479569122,301.00086041506705
7047.0,250.63806290091298,250.94594849415543,300.0407984077535
7048.0,251.08583049133685,250.8616870366026,300.6929273921238
7049.0,250.62849192818425,250.77724243949328,300.25981710360185
7050.0,250.5209293440524,250.69291947419003,299.7897330018768
7051.0,250.04813355740222,250.608728524172,301.90191132879073
7052.0,250.20544592268178,250.5239444040738,300.966713223869
7053.0,250.09241259701736,250.43942291877678,298.52369960731795
7054.0,250.47426032412167,250.35558751313707,300.652072129725
7055.0,249.5700749655558,250.27115438954732,300.75385052323
7056.0,250.08420343054496,250.18669268319204,301.16744903193324
7057.0,249.69018261984365,250.10211482458894,300.1477328250042
7058.0,250.20975599778595,250.01782333628722,300.349401837739
7059.0,249.39773037080278,249.93347521260444,299.86639273450226
7060.0,250.21511209178573,249.84926273397815,298.5526147562411
7061.0,249.88499649820568,249.7654192080008,299.72394393948576
7062.0,250.17397447305402,249.68124673374447,301.79803209239844
7063.0,249.75923554873629,249.59649178639853,297.8726466137234
7064.0,249.21323452466714,249.51283921814118,299.94526132543825
7065.0,249.61833872300306,249.42860459058562,299.70336315621057
7066.0,249.55877107000646,249.34443789609924,299.8815228017885
7067.0,248.44629619751075,249.26022116844575,301.5370725191278
7068.0,249.2575528561502,249.17553950724664,301.0546336180935
7069.0,249.11408174843555,249.09099333097222,299.60175177195384
7070.0,248.73429126043328,249.00685517234962,300.12815806754804
7071.0,248.21053607016216,248.92256918129232,301.56274397955053
7072.0,249.34494708798667,248.8378803106914,300.08792577434156
7073.0,248.7581339592402,248.75360561820307,301.62969709453404
7074.0,248.51837904148448,248.6688979449357,299.3070299901257
7075.0,249.30095797933313,248.58484255401348,299.77260598469985
7076.0,248.2495334171357,248.5006564138328,300.0981390383063
7077.0,249.10625670053255,248.41637885311954,298.3841571465682
7078.0,247.34823981705065,248.3325826356542,300.99126505569654
7079.0,247.86495599769037,248.2480542553844,300.13896029530446
7080.0,248.28778584978306,248.16376523070147,300.2282603958421
7081.0,247.60807178157603,248.07945112757366,298.91657293748494
7082.0,248.23194066174733,247.99550539000703,299.71868717282115
7083.0,247.98179661165491,247.911334392026,301.4088069363204
7084.0,247.4793571365194,247.826688752078,299.2321930670759
7085.0,248.1171655247604,247.74265437785834,299.59706211337584
7086.0,247.09589596863157,247.65851753624816,299.89542755041333
7087.0,247.4864881725246,247.57429690367778,298.8915689854694
7088.0,247.3867415926823,247.49035818805433,297.59020589147343
7089.0,247.12116371690425,247.4067849385665,299.1060063728694
7090.0,247.43428847568603,247.32278600177676,299.21096444146247
7091.0,246.9251532930882,247.23875758926278,300.0944363395955
7092.0,247.33500008327167,247.1544810683907,301.14012450278017
7093.0,247.13511843515917,247.06991088342622,300.47208253102735
7094.0,247.52263365588522,246.98552830691543,300.37535575626276
7095.0,246.4563653717052,246.9011728945072,299.886926950824
7096.0,247.21977714643918,246.8169546491885,300.5753758927195
7097.0,246.32972124154182,246.7325430644586,301.3011458199085
7098.0,247.25269566625914,246.64792765934084,299.70511621102486
7099.0,247.36553363589854,246.56376047253823,298.550274854254
7100.0,244.05185631679288,246.47991760368336,299.54758883360216
7101.0,246.77515148168683,246.39579465581923,298.8526399938047
7102.0,246.2931540251676,246.3118668727543,300.09512202083647
7103.0,245.67666839460242,246.2275901593201,301.1401647491507
7104.0,246.28958403202014,246.14301996305306,301.29358364928976
7105.0,245.84999685857716,246.05840668164487,301.0995923622984
7106.0,246.26303512047113,245.97384787945646,299.836086966844
7107.0,245.57567961942578,245.88964391169995,298.3462250895635
7108.0,245.3709355678841,245.80585834682063,300.55132388625356
7109.0,245.4382551240672,245.72145351669587,300.23184544465033
7110.0,245.5643254709944,245.63713840676684,299.7323878249082
7111.0,245.1281909700749,245.552963561186,298.6282088311219
7112.0,245.8578214328729,245.4690988058726,300.53088481077987
7113.0,245.6539010853292,245.38469971572155,298.641614139528
7114.0,244.98553331984496,245.30083119575073,299.4695257963023
7115.0,245.37976856032492,245.2167301705896,300.12956104472096
7116.0,245.16949311689592,245.13244378552957,299.0132410201973
7117.0,244.36849650268093,245.04847090034306,300.11307397184106
7118.0,245.66726396430394,244.96418914540263,300.88298449267035
7119.0,245.09390846643063,244.87969117392424,299.4085292446504
7120.0,244.65145786474744,244.79560727862807,299.7137441804047
7121.0,245.34402801530183,244.71143766880408,299.6246844003044
7122.0,244.84166378563685,244.62729306993498,300.1494161082156
7123.0,244.71617625807252,244.54300110891128,300.4784606549587
7124.0,244.6180977270102,244.45861674121068,299.98113658830584
7125.0,244.4125492381148,244.37437203868546,299.98340253559775
7126.0,243.9976874075801,244.2901266998067,300.18842684564197
7127.0,245.06557738086465,244.20582378326753,301.5677802284894
7128.0,244.32104078831435,244.12113349832003,301.6487435519456
7129.0,244.23387635749458,244.0364204761725,300.9148264483016
7130.0,244.49507313934433,243.95191356241165,299.89369367506475
7131.0,243.1538427422879,243.86769341677123,301.1911888133008
7132.0,243.4364119240687,243.78310889124617,302.29213924774143
7133.0,243.66763580209576,243.69821518214079,300.3808987867935
7134.0,243.35740090430178,243.6138582130648,299.1028305664736
7135.0,243.23540577516928,243.5298601681474,300.08616330790466
7136.0,243.18731514208142,243.44558597061842,300.5158996111629
7137.0,243.6644330470867,243.36119108881093,300.3543637280354
7138.0,243.29420704785585,243.276841571664,300.8049387379853
7139.0,243.30441634614584,243.1923655180351,299.9115434917468
7140.0,243.2352092220277,243.10814035957114,299.99835925135983
7141.0,242.5911877754698,243.02389082034804,299.2963901499668
7142.0,242.69925098846366,242.9398384174476,299.52824655207655
7143.0,242.69726688326492,242.85572090154088,300.5638123526335
7144.0,242.95148107512404,242.77131256423854,298.98767517200247
7145.0,242.94314084019962,242.68734685879437,299.7127887032185
7146.0,243.13170638095855,242.60317751730022,301.16411556668106
7147.0,242.7372810530586,242.51860059484522,300.3747014815494
7148.0,241.9984484249141,242.43424536617917,301.163668115991
7149.0,242.79658548996204,242.34966856938328,301.1691064871507
7150.0,242.26130374475144,242.26509024531148,299.2317150277222
7151.0,242.8679463626633,242.18105600534116,300.63474182530484
7152.0,242.1207976821138,242.09662774867854,297.6519680893349
7153.0,241.21239928488203,242.0130371543068,300.7778417574778
7154.0,242.10164611270818,241.92856871041323,297.7003473239696
7155.0,241.63981613059482,241.84496452953974,301.1117177797065
7156.0,241.81574569881164,241.7604023221299,299.6787110840441
7157.0,241.89868412230186,241.67624255076717,299.28441477739875
7158.0,241.43305953825546,241.59219351095052,300.83872832090134
7159.0,240.8997818054724,241.5077079680804,298.5774748442057
7160.0,240.95609951991085,241.4238574605617,300.0748166646674
7161.0,241.1058469542917,241.33958644954836,302.3202421328533
7162.0,241.79708094242224,241.25468484821607,300.776246356213
7163.0,241.1697947372833,241.17021685236438,299.06617077499635
7164.0,240.77608583406277,241.08622910273837,298.5485888616689
7165.0,240.93500223337986,241.00238670736636,299.767768317294
7166.0,240.33021455976345,240.91820192576392,301.63218153889625
7167.0,240.63394087487782,240.83349355478174,301.25769304866753
7168.0,240.58384989102788,240.74889035265062,300.3597051372251
7169.0,240.88050484378735,240.66453933545793,298.5762737096624
7170.0,240.2477001647781,240.5806891652578,298.3457139107196
7171.0,240.40843965799775,240.49690374393452,301.5806591825094
7172.0,241.09833067325292,240.41220984214743,300.69153856217156
7173.0,239.74771363024686,240.3277656350679,300.9941710247409
7174.0,239.84124901733819,240.24323643870508,299.0742213521659
7175.0,240.7269147690339,240.1592464282087,299.0733426267757
7176.0,240.19440776195987,240.07525666448768,298.82284494008456
7177.0,240.0217707919145,239.99133724886704,299.29235066510046
7178.0,240.02620326333684,239.9072859803886,299.3357864615549
7179.0,240.29724461154186,239.8232225136906,300.00987462579087
7180.0,240.02178654388973,239.73896974056655,299.4393536655846
7181.0,239.6560781684794,239.65487718874544,299.5393599123601
7182.0,239.3608210045342,239.57075655183675,299.73220573999885
7183.0,239.35379610281697,239.48658175739143,298.8553888987854
7184.0,239.84465253321835,239.40265320234238,300.6455864093742
7185.0,239.0712983795208,239.31822190015907,300.7905687665736
7186.0,238.91433913228693,239.23374988209713,299.8777131659739
7187.0,238.35501435110746,239.14953422431637,297.5622265724411
7188.0,239.25935242165272,239.06596883235395,300.74125646576783
7189.0,238.48227453154254,238.98151066282983,302.54257997453317
7190.0,239.29286156978,238.89654662162033,299.7328869855858
7191.0,238.75247441972724,238.8123716358586,301.2287973913516
7192.0,238.59443805790625,238.72777654859115,299.2059009654677
7193.0,238.6965230259822,238.64374955807003,300.41241813624663
7194.0,237.78420258038196,238.5593837373101,299.1786216452455
7195.0,239.52259038623882,238.4753644077314,299.1825968666207
7196.0,238.2108663266235,238.391343961778,299.26902731676574
7197.0,238.44885485693646,238.3072992432732,300.098283729762
7198.0,238.3750908630946,238.22302164192575,298.9837966320102
7199.0,237.47653658420535,238.13905702570494,300.2047091851227
7200.0,237.958696127847,238.0547495365421,299.98760539076807
7201.0,237.94414027858065,237.97050301736152,299.9664905174781
7202.0,237.57564527587985,237.88626242794123,300.77139194076176
7203.0,237.64461132681893,237.8017957953712,299.0236140723939
7204.0,237.42091718375627,237.71781999708588,300.74723780221495
7205.0,237.5598058461387,237.6333601478031,299.15592193759244
7206.0,237.9420515425346,237.54934719305894,299.2804492553961
7207.0,237.07145882223753,237.46529926689306,299.71866561280393
7208.0,237.00471704024054,237.38112827496678,302.2050018574351
7209.0,237.37843328753118,237.29625903694517,299.43017192767667
7210.0,237.51380582896041,237.21216906366217,299.2546865168116
7211.0,237.02662418062013,237.12812837253202,302.12697069484034
7212.0,237.16328795836046,237.04328104826186,300.0917345670654
7213.0,237.38230683437004,236.95900528613763,300.1386282864186
7214.0,236.81837719816662,236.87471635469385,301.07850010003165
7215.0,237.11357592503265,236.79016347591576,302.2711509624881
7216.0,237.40634482210174,236.70527566102044,299.0406363777874
7217.0,236.26179379573313,236.62129508230436,301.153854394228
7218.0,236.2711486300026,236.53672104152864,299.12415118430334
7219.0,236.04872705009657,236.45271700907102,299.41907724502346
7220.0,236.40947475546216,236.36863015154472,300.18598122550304
7221.0,236.04377463272928,236.28432792181724,299.0724780592231
7222.0,235.85241536573315,236.20033840089562,301.7790243703766
7223.0,235.29202992954455,236.11558879155163,299.2578987238631
7224.0,235.92957442055868,236.03154719832668,300.04633989468806
7225.0,236.12666942080327,235.94728418453957,301.2003648626475
7226.0,235.15058940171085,235.86269708207396,300.08809863988563
7227.0,235.7999004095049,235.7784223410393,299.2208577469321
7228.0,235.84209257605167,235.69439115015538,300.38339751516895
7229.0,235.77268144738483,235.6100334793532,299.2516220973125
7230.0,235.6866318917239,235.52599364881422,299.3280133047115
7231.0,235.67737067318708,235.44193236507783,299.95547503629666
7232.0,235.28982106676034,235.3576948691718,300.028487099234
7233.0,235.42546090857962,235.2734368690448,300.1661720813322
7234.0,235.76772635036932,235.18914020238526,301.1369147291601
7235.0,235.53733891425117,235.10457091883214,300.8496807199264
7236.0,235.5111019688631,235.0200823001633,301.00087015925493
7237.0,235.40432014825097,234.93555122246025,299.6666927339114
7238.0,234.8367286907968,234.85139482625084,299.47082910784286
7239.0,234.09880281894826,234.76729343507637,298.36945060800485
7240.0,234.47769070714327,234.68350134769727,301.17528248839346
7241.0,233.9427091381532,234.59892128919844,300.58788166518195
7242.0,235.14480542814098,234.5145061924308,299.11165070521923
7243.0,234.37799839205496,234.4305056705244,299.83745765133756
7244.0,233.7523372391534,234.34630131783402,299.251771458502
7245.0,234.2078405635696,234.2622614453494,297.5766343963078
7246.0,234.08736806137296,234.17869200718974,300.3923126731921
7247.0,233.77852579158508,234.094331832714,300.9228891220141
7248.0,234.45686595694102,234.00982265468556,301.0185502287359
7249.0,233.60432405818779,233.92528661182968,299.862229006926
7250.0,233.95956252143037,233.84107530251688,300.5592451763377
7251.0,234.3587385836438,233.75666824782988,298.9183276306145
7252.0,234.0938252502426,233.67272201748693,300.20637459842834
7253.0,233.5500482562999,233.58841406062052,299.4027688702586
7254.0,233.0665628491962,233.50433178302947,299.361086298162
7255.0,233.21432149260684,233.42026121129408,299.7013539424916
7256.0,232.91149614874095,233.3360950810619,301.629880160072
7257.0,232.69967197702914,233.25138735638362,297.88450379103335
7258.0,233.49651249394213,233.1677314582356,300.1831314167766
7259.0,232.60413768592977,233.0834300288294,300.3934367378578
7260.0,232.85406019003952,232.99906953867887,296.4714574412462
7261.0,233.3364025047656,232.91581047104745,299.88796317050446
7262.0,232.98775625220887,232.83159193472375,299.58113449865937
7263.0,232.82461853021636,232.7474595661187,299.53965676036427
7264.0,232.22270191579216,232.66333884584515,301.89063448365334
7265.0,231.94007513750523,232.57855789266097,299.7245991083451
7266.0,233.24512902383856,232.49438523441137,299.38523665572393
7267.0,232.0393153893045,232.41030788045052,299.1004664545463
7268.0,231.84273779210056,232.32631049945454,298.0623355785898
7269.0,231.8620098713619,232.24260466021292,300.78378134426055
7270.0,232.31485393485488,232.15813454828543,301.4350997572258
7271.0,231.9665734792575,232.07348152443691,299.87893693679894
7272.0,232.82338352232898,231.98926552298053,298.78408824765364
7273.0,231.65298352151487,231.90535699153102,300.1603628761187
7274.0,231.4975435714039,231.82106195628998,299.57389553480317
7275.0,231.66806928141185,231.73693162062727,299.16955470794363
7276.0,230.64555821682885,231.65291483734677,299.7603836957331
7277.0,232.1086299453429,231.56873212959223,300.56825348203733
7278.0,231.5022951611643,231.4843225450727,301.6458902893338
7279.0,231.53645644624103,231.39961032421647,299.0223841482918
7280.0,231.56168673135585,231.3156348713348,301.233943655739
7281.0,231.32054208774144,231.23103833882485,298.9230321090647
7282.0,231.15255747071782,231.14709078730755,302.1508471101825
7283.0,230.92687795254855,231.06223675774413,298.7591046769281
7284.0,230.76926524465424,230.97833524251402,300.2440780484349
7285.0,230.96131243059324,230.89401669726212,299.4796318237657
7286.0,230.54763396813104,230.8099128339916,300.3768531841637
7287.0,230.52696517220357,230.7255570010557,299.97322995747936
7288.0,230.36578194778372,230.641314518976,299.4659812088049
7289.0,231.19941363872562,230.55721448925323,300.09904444987677
7290.0,230.230060665142,230.47293667427022,301.1407573140343
7291.0,229.41812184881223,230.38836631159117,298.10801527361855
7292.0,230.395708702027,230.3046476439685,299.8294469187549
7293.0,230.07906427260568,230.22044554095885,300.9994854907658
7294.0,230.48766604420305,230.13591485211685,299.577970361596
7295.0,229.65495386480066,230.05178337210697,300.1916223016669
7296.0,230.39693736159256,229.96747955817727,299.42522434129665
7297.0,230.6482289765686,229.88339097434144,300.23766985976675
7298.0,229.46074476190722,229.7990742287225,299.7935717257046
7299.0,229.98313154228643,229.71488220066288,298.9866016189188
7300.0,229.64029105076398,229.63091679670825,301.4890086405742
7301.0,229.66175245069067,229.54624863344836,299.17317323126304
7302.0,229.45280906812567,229.4622308339659,297.59480055957073
7303.0,229.79630144128092,229.37865629414208,299.3872639500905
7304.0,229.51636168443187,229.29457837084945,300.39231708996755
7305.0,229.42798887460611,229.21021819513336,299.83037250036057
7306.0,228.9499723713538,229.1260158321895,299.9682336356864
7307.0,229.02174543138244,229.0417747532435,298.84170670647563
7308.0,228.78707320899895,228.95785004061008,299.6748919204808
7309.0,228.96736822868144,228.87369134179573,299.991208556626
7310.0,228.27829172215607,228.78944381072608,300.67513936738965
7311.0,228.81469296279263,228.70500420908706,299.8370426954438
7312.0,228.56562338151397,228.62079997293006,299.3444523751552
7313.0,228.86888308823583,228.53673407255468,299.3099963755199
7314.0,228.30034051958816,228.45267784857256,300.04413018371025
7315.0,228.20239195495733,228.36841545534594,302.1075433283976
7316.0,228.5858324981195,228.28357358692784,298.9991715607179
7317.0,228.9261003874199,228.19960465291456,300.7030795240793
7318.0,227.8425125424234,228.11515720474821,301.09929164848666
7319.0,228.056601004548,228.03059848701028,298.63373228613426
7320.0,227.70185695662096,227.9467321805266,301.11089486052424
7321.0,228.31506443360504,227.86217020421995,299.12124717191034
7322.0,228.0152534090768,227.77816698730584,302.4121839712363
7323.0,228.16068938704908,227.69323956564057,299.306961980045
7324.0,228.05745680895168,227.60918419381784,300.26677754544255
7325.0,227.75625116939827,227.5248592737905,301.81183760360085
7326.0,227.42257628610668,227.44010044939682,300.47192795221775
7327.0,226.6437248769827,227.35571791629692,300.75352398136994
7328.0,227.39546809059223,227.27125630164548,299.03340895552253
7329.0,226.77692200018976,227.18727775263045,298.592088792794
7330.0,227.53374956648787,227.1034231410278,299.82340355611086
7331.0,227.1238693656633,227.01922273519583,299.9756250057467
7332.0,226.66389582532366,226.93497958050668,300.72386200423296
7333.0,226.71004734508486,226.85052629592718,300.2886792179546
7334.0,226.17209127088515,226.7661952251801,300.47009577085197
7335.0,226.84127202477495,226.6818132066178,300.01471247198674
7336.0,225.97999713438594,226.59755907486525,299.5352987522949
7337.0,225.7513288800359,226.51343957846564,300.06119945238015
7338.0,225.61249264165468,226.42917239161943,301.65013575792455
7339.0,226.8958203855712,226.34445897849412,298.4245551692568
7340.0,226.2531854722234,226.26065141591744,299.8633061351557
7341.0,226.3994678491568,226.17643980411117,300.9545794625743
7342.0,226.65373990775828,226.09192172637879,300.8191125913082
7343.0,225.28617872411593,226.00744169225942,301.001676896626
7344.0,225.54459667804858,225.92291038799758,300.22164098730815
7345.0,225.84309604092982,225.83859814382032,299.07877245565845
7346.0,225.62136933033918,225.75460685522236,301.0611172047994
7347.0,225.6714352030196,225.67005885814066,300.93186355539774
7348.0,225.0575279294781,225.58554715979218,300.8425975551566
7349.0,225.52924043396655,225.50106053031215,300.5109773491411
7350.0,224.99981903260448,225.4166670308399,300.3946237992712
7351.0,225.47652381468163,225.33230620732292,301.5556705038293
7352.0,224.89515091887634,225.24761932318978,299.455673622518
7353.0,225.1083488792912,225.16352218818082,300.8105750164078
7354.0,225.35790779424147,225.07904455169702,299.71089523220724
7355.0,225.204241875778,224.99487574195263,300.1664065256655
7356.0,224.80298857716954,224.91057900945333,300.39903817325745
7357.0,224.14943704877498,224.82621694623302,299.76461811324083
7358.0,224.77872081790522,224.7420330493129,298.9561374803531
7359.0,224.24061587265635,224.65807620070385,299.86516203054146
7360.0,225.61164682706658,224.57386406770027,301.83042261663195
7361.0,224.13949189061628,224.48910002401547,299.01054756195094
7362.0,224.48715132274708,224.40512789524183,300.6083158284528
7363.0,223.93842906229978,224.32070705988002,300.0645979257563
7364.0,224.27711666152862,224.2364389186292,300.62673043678524
7365.0,224.38830815409875,224.15201291183152,299.79091996193665
7366.0,223.72753289181784,224.0678216284755,301.7614342619488
7367.0,223.4923065664478,223.98307695902028,300.2253587384034
7368.0,224.05397558968352,223.89876367077457,300.68027115796525
7369.0,224.285605919399,223.8143226279577,301.59426579342926
7370.0,223.28611279299807,223.7296249049807,300.4195056936635
7371.0,224.26520389745093,223.6452570937984,299.928202626207
7372.0,223.58812928105942,223.56102725689416,300.4515352968809
7373.0,223.67925501173397,223.47665045073165,297.9601637247517
7374.0,223.8586648941934,223.39297330475227,301.76404969428273
7375.0,223.1715553034437,223.30822790079648,300.05919474948035
7376.0,223.3003525039389,223.22396127693764,299.43704113612534
7377.0,223.3327223854917,223.13986937455192,300.44187723761604
7378.0,223.07980210823325,223.05549528069437,298.738887401223
7379.0,222.52354872037304,222.9715994431492,298.56768263116146
7380.0,222.87493029931008,222.88775168561028,300.43995135230585
7381.0,222.99499890808164,222.8033781326055,299.6205649630678
7382.0,222.56656052164212,222.71923469061173,299.8597216576935
7383.0,222.7790495021869,222.63502408544622,296.79337431881726
7384.0,222.7026596920225,222.55167461282502,298.78638630330073
7385.0,222.78346103910033,222.46776543600487,300.66818470856964
7386.0,222.5785571730855,222.38332778746587,300.67407723912584
7387.0,222.29891200784888,222.2988884841079,300.76419303457345
7388.0,222.16920821412717,222.2144238732307,300.4051612849258
7389.0,222.20854772718977,222.13006009043653,299.3413947773031
7390.0,221.80187593486895,222.04599504873656,298.80217109779323
7391.0,221.95303031512145,221.96208143901993,299.7830461849519
7392.0,222.28131288197432,221.877892366883,299.0608264580834
7393.0,221.25321673692,221.79390611811937,301.77269511949845
7394.0,221.42590312059585,221.70915828623998,301.1774511491309
7395.0,221.98677969841825,221.62457761870894,299.9998174601303
7396.0,221.26897059425548,221.54032766997224,301.08301552199185
7397.0,222.08438313551264,221.45577352311315,299.3323877560091
7398.0,221.61987584609167,221.371711010885,301.44652576340394
7399.0,221.58496625591292,221.2870547782331,299.9959161860431
7400.0,220.03057527001837,221.20280592510417,302.13217566112354
7401.0,221.0590130374483,221.11795713910598,302.4825660575824
7402.0,220.97957186322944,221.03300995180484,301.4561762187492
7403.0,220.81914077741595,220.9483510089834,298.7723319331311
7404.0,222.06895902313593,220.86444577909882,300.1567774152195
7405.0,221.3180905434897,220.78015175077473,301.4553311136616
7406.0,220.35384382536347,220.69549304528704,299.20331814585575
7407.0,220.9748153205785,220.61146678010772,301.5293445906502
7408.0,220.88404018372714,220.52678728916854,300.4733203779664
7409.0,220.39308270960282,220.44240436502903,299.87522309288113
7410.0,219.28878006114556,220.3581894065438,299.73894227381146
7411.0,220.30497233584478,220.27401272025529,301.17041640487815
7412.0,220.43232113148528,220.1894340283149,300.22047372834777
7413.0,219.5410606436828,220.10512211194288,299.91920810569223
7414.0,217.548510139223,220.02089480099988,299.91226578520644
7415.0,220.35691532656318,219.93666943969188,300.123822527147
7416.0,219.90475273720463,219.85238466619887,300.52020392496973
7417.0,219.939512021009,219.7679885755966,300.35335689190276
7418.0,219.51994042535893,219.68363934120276,300.3327582558902
7419.0,219.14811550124915,219.5992958915926,299.49200991199336
7420.0,219.61981851816387,219.5151885521423,300.57278252243134
7421.0,220.0128357775325,219.43077769571724,299.15901150868336
7422.0,218.51998975525896,219.34676387331857,299.4871343158411
7423.0,219.29593509698586,219.2626579030982,301.3929980181988
7424.0,219.83453378503515,219.17801670282142,299.7200020305486
7425.0,218.5519438249863,219.09384533558452,301.29478422778016
7426.0,219.73495441363062,219.00923171701388,300.0058571250373
7427.0,219.51556686413997,218.9249800721379,299.9634669832764
7428.0,218.1022440038359,218.8407403318268,300.7965692105796
7429.0,219.29656025865827,218.75626662864016,298.13398590015106
7430.0,218.86631704071954,218.6725406675999,298.18028136499964
7431.0,218.74676722224152,218.5888017052499,300.90278370865326
7432.0,218.49106223557106,218.50429817349166,300.6750929905726
7433.0,218.2725400501057,218.41985858487683,299.78231423087084
7434.0,218.521131724999,218.335669718297,300.8729319992485
7435.0,218.60209363697606,218.25117456989383,299.57469305947666
7436.0,218.2032939802949,218.16704401025962,298.2904284091279
7437.0,218.36772310770593,218.08327411494804,302.01434677148325
7438.0,218.0830782121536,217.99845841922973,298.0328084312607
7439.0,218.02110730627157,217.91476087219527,302.0510629675166
7440.0,218.5851392439927,217.82993486534522,301.31678809596303
7441.0,218.2098282021688,217.74531506735497,299.6291696513036
7442.0,217.76756213642443,217.6611692088779,299.91441610122314
7443.0,217.67347750303085,217.57694324368947,300.8972709552475
7444.0,217.33734950566637,217.49244126009623,301.65374279459064
7445.0,217.03263226610738,217.40772683399473,300.2444566528752
7446.0,217.01368302089284,217.32340818241804,298.92535440773986
7447.0,217.4411687462302,217.23945997872184,300.7432575005159
7448.0,217.0775753262761,217.15500124724042,299.3418426266163
7449.0,217.09390682559618,217.07093607976947,299.3901040816203
7450.0,217.3049378238156,216.9868573588732,299.0420627116172
7451.0,217.10120308380078,216.90287637959506,301.011666437777
7452.0,216.70196902652958,216.8183422699371,299.6794069716769
7453.0,216.15023027995286,216.7341823031459,301.23561096355354
7454.0,216.0082041847271,216.64958530240028,301.3177869909461
7455.0,216.4928133112209,216.564965223887,300.6026775154258
7456.0,215.9634762817822,216.48054597195141,301.4561235393174
7457.0,216.04691308664565,216.39588704392418,301.39155598244145
7458.0,215.93285353102306,216.31124624861909,299.8610209696134
7459.0,216.25286448736526,216.22703527856345,301.3160480385877
7460.0,216.51906198672236,216.14241568840595,299.9020250324999
7461.0,215.6746509881766,216.05819320304266,298.7988481806375
7462.0,216.0693143853167,215.97428052651193,301.901626301428
7463.0,216.8111693926445,215.88949648645894,299.773359727321
7464.0,215.05350149127187,215.8053101346022,299.86510508187405
7465.0,216.05188794506418,215.72109801759171,300.3707555594458
7466.0,214.95121302696248,215.63674389707214,301.4408297801207
7467.0,215.11385452652505,215.5520892640422,299.2571528617779
7468.0,216.19737406887035,215.46804788028018,299.5255121562177
7469.0,215.77596815190253,215.38393113228298,300.5918289267032
7470.0,215.5689950470213,215.29951492699274,301.0160066442664
7471.0,215.03050831970037,215.21497959846016,300.2236317521491
7472.0,215.58586786575495,215.13066679520978,300.9138409809053
7473.0,215.1206949685883,215.04616015820096,300.74762940105
7474.0,214.5378365833472,214.9617001989442,298.95185533563927
7475.0,215.23251969539066,214.8777445529041,299.7850644898975
7476.0,214.9434686095609,214.79355491395984,299.4060249359307
7477.0,214.2783648918934,214.709471721957,300.9532522897283
7478.0,214.14584932039406,214.62495401693894,300.7663650562741
7479.0,214.38495305436962,214.54048879608564,300.595459571667
7480.0,214.90754827412928,214.45607157118928,298.7331136641059
7481.0,214.3666949446684,214.37217735510194,301.902737913565
7482.0,214.05578482977742,214.2873930028712,300.6959199099523
7483.0,213.80014299235555,214.20294756536316,300.767114396685
7484.0,213.63405959698946,214.1184821340701,301.48022476177533
7485.0,213.668753147123,214.0338164376162,301.09774781423016
7486.0,213.97407534674468,213.94925815343836,301.8651501037458
7487.0,214.19533797194862,213.86448435711753,299.71985814573503
7488.0,214.28317860606757,213.78031303028826,299.9583026758379
7489.0,214.0150603426102,213.69607474028683,300.2519615166017
7490.0,213.68401428985987,213.61175398109424,297.8477167231497
7491.0,213.20268976622225,213.52810841398116,298.34004863085755
7492.0,213.03841831433246,213.44432458365733,299.3062764368379
7493.0,213.28926899331458,213.360269404358,298.12995933049655
7494.0,213.1814954866589,213.27654457411265,300.2094537569145
7495.0,213.8086149915141,213.19223575251593,301.10980185616376
7496.0,212.8827214614773,213.1076740831613,301.05358604962913
7497.0,212.8919948570804,213.02312820107903,300.4989645195394
7498.0,213.3013536716965,212.93873807520978,299.6282650237904
7499.0,212.89800880079852,212.85459247078228,299.3007493371282
7500.0,212.5679812767738,212.77053884367677,300.73962204061735
7501.0,212.83006766441912,212.6860811331537,299.2962513605175
7502.0,212.37624586840877,212.60202876922995,297.58244349628814
7503.0,212.2951577998176,212.51845769968142,300.1467717128857
7504.0,212.50333297201107,212.43416648129207,299.0700523080672
7505.0,211.52768402042466,212.3501776416022,300.289883830084
7506.0,212.10521388958944,212.2658462325599,299.26764454559276
7507.0,211.90042575399926,212.18180190238334,300.3668878778271
7508.0,212.08588247679342,212.09744886803762,300.53197715470395
7509.0,211.937544944832,212.01304947111998,298.9203968037188
7510.0,211.7953564098777,211.92910265968428,299.923416896967
7511.0,211.4381079648058,211.84487416677237,300.39625389487054
7512.0,211.7241336619955,211.76051288547023,299.1803146568843
7513.0,211.4969370015213,211.67649308043744,299.28958168401425
7514.0,211.75999958703505,211.59244258958117,300.320892963632
7515.0,211.7915309007928,211.50810247214054,300.29466688468733
7516.0,210.88579888433745,211.42376971985703,299.2012062732825
7517.0,211.15332636029834,211.33974404776194,300.9583200029184
7518.0,210.91399021728103,211.2552249195611,299.9601072393154
7519.0,211.88859980107438,211.17098612277806,297.146369415283
7520.0,211.1755122046264,211.08753751736728,301.17970946405114
7521.0,211.42400278918552,211.0029562156261,297.7255699542842
7522.0,210.7140346788241,210.91934495139728,299.5506608793729
7523.0,211.11222631048963,210.83522114080034,299.2046166973339
7524.0,210.44821425846447,210.75119451094452,300.53796840540065
7525.0,210.12431011983452,210.66679343148402,299.59997372363085
7526.0,210.19147778588422,210.58265577219663,300.8292859688527
7527.0,211.37735429902008,210.4981728810537,299.1985250346434
7528.0,210.67972039143876,210.4141479619398,298.55918439647826
7529.0,210.32490896716462,210.33030259098845,297.97859822353445
7530.0,209.60298116112472,210.24662026798734,301.4426668102314
7531.0,209.92943883451352,210.16196511905812,300.70176526408153
7532.0,209.51166307625192,210.07751803997976,299.5004789707714
7533.0,209.68256002863117,209.99340832213548,298.7797057304832
7534.0,209.80538452343552,209.90950102144285,298.8669677052491
7535.0,208.80078124444645,209.82556921467898,300.2206333024747
7536.0,209.35095466542052,209.74125725349322,297.7141936456896
7537.0,210.03741567309308,209.65764918411105,300.3837051319061
7538.0,209.90506118411363,209.5732914269198,300.77716139288265
7539.0,209.19563292577803,209.48882317409536,300.5636203000982
7540.0,208.5581897002806,209.40441489072774,300.57187707800233
7541.0,209.30544782415734,209.32000428858166,300.46240429201396
7542.0,209.78584490600053,209.23562443004298,299.82504497096915
7543.0,209.34707795637877,209.151423563247,300.1293521865848
7544.0,208.69343117408272,209.06713723684123,299.5867193056528
7545.0,209.0266449233272,208.98300329983624,297.6958438997506
7546.0,208.2012618539893,208.8994003836744,299.1987435035214
7547.0,208.59300320232728,208.81537540320718,300.3508537936716
7548.0,208.65810104442363,208.73102687176677,300.5936011178524
7549.0,208.5893732614016,208.64661016878617,299.98377958877165
7550.0,209.53359440935375,208.56236472401832,299.51175289918723
7551.0,208.9168717584974,208.4782518400791,298.4727570973387
7552.0,208.5939710753784,208.39443074079426,299.21546742253497
7553.0,207.78794646195018,208.31040106369312,300.63540731998455
7554.0,208.9244633352183,208.2259726201374,300.06937737416456
7555.0,207.17528588248632,208.14170313665818,300.22528201888315
7556.0,207.25815506630028,208.0573898699579,298.3170172422438
7557.0,207.9076791106914,207.97361250761566,298.8556883939832
7558.0,207.6869033900996,207.88968386845835,299.8364264273314
7559.0,208.0976487260879,207.80547980537,301.1049931397457
7560.0,207.38128148512936,207.7209194864633,299.09903951725175
7561.0,207.66344915570156,207.63692250619883,299.69569171495544
7562.0,207.80427276228275,207.55275796610889,299.73088966169354
7563.0,207.53473634445328,207.46858354126223,299.9616046187495
7564.0,207.2547473024032,207.38434432396514,300.6853903749917
7565.0,207.4474071511709,207.2999018435015,299.5025988245438
7566.0,207.1814761160242,207.2157915303316,299.6835158592838
7567.0,207.34061885586684,207.13163040962777,299.51294788552383
7568.0,207.16472336184808,207.0475171900966,300.434739825978
7569.0,206.53827929247566,206.9631451006621,301.016217790614
7570.0,206.76580243171188,206.87860971283257,299.0450269705673
7571.0,207.02403765108954,206.79462790109167,300.99176441407616
7572.0,207.0719472065383,206.71009938058538,300.28028561197283
7573.0,207.0233908071969,206.6257706670427,301.5827144180848
7574.0,206.0398600137804,206.54107618807697,300.9899974710774
7575.0,206.3801099576556,206.4565481637872,299.7098932673608
7576.0,206.88773349550962,206.37237963542793,299.0798633859373
7577.0,205.38770035055254,206.28838804046038,299.74560367412977
7578.0,206.1738453146662,206.20420948342854,300.1981379057189
7579.0,206.31529027873904,206.11990383970004,299.2474347808206
7580.0,206.40141391704339,206.0358651850991,300.0237919118247
7581.0,205.85724107946024,205.95160850353722,299.2963161505096
7582.0,206.19499597134094,205.86755612141832,300.8019876326606
7583.0,205.4517039327101,205.78308089655815,300.65524586355605
7584.0,206.03171799335524,205.69864688167812,298.9869771516196
7585.0,205.7823452936911,205.61468137226134,302.3524658299868
7586.0,205.23158496109906,205.52977072144077,299.7757179744683
7587.0,205.61047863556004,205.44558370730957,299.86550779824677
7588.0,205.83264091626165,205.36137147720288,299.0425807166287
7589.0,205.31974661444764,205.27739035245162,299.73392348737724
7590.0,205.1484694649923,205.19321507560556,301.2641575475122
7591.0,204.60993537262289,205.1086100580276,300.0000795687671
7592.0,205.26405767663422,205.02436003568207,299.8191578246039
7593.0,204.33413138872052,204.940160822193,301.87060138880196
7594.0,204.58909554115695,204.85538549496968,300.6356792495286
7595.0,204.38722347716475,204.7709569750471,299.102246037171
7596.0,205.10566780785646,204.68695909428502,299.96699940632266
7597.0,204.11254534677914,204.60271836195173,301.4237330847713
7598.0,204.58060833773817,204.51806853024377,299.0668426414296
7599.0,204.78826904092418,204.43408059193527,299.3251433731682
7600.0,204.5045573562474,204.35002011417131,300.75935445392236
7601.0,204.03691966000406,204.26555686212885,300.58619928998985
7602.0,204.1663546896453,204.18114223782825,300.11676384774074
7603.0,204.12458977115577,204.0968594466477,300.0056007355969
7604.0,204.90903591095872,204.0126078737744,299.6583087394324
7605.0,203.0909884719551,203.9284538320701,300.2586789064341
7606.0,204.3349680307373,203.84413118641052,298.85151244155355
7607.0,203.4652739551103,203.76020371999985,300.53579463672526
7608.0,203.26630332686833,203.67580325100604,299.21526955705014
7609.0,203.91098572986033,203.59177362947213,299.7779426025375
7610.0,204.2528103132808,203.50758599059125,299.86885195189416
7611.0,203.42129552102617,203.42337282133477,300.35908916735366
7612.0,203.7266914089614,203.33902197712695,300.91640405921817
7613.0,202.05617059069982,203.25451462032026,299.17425909745367
7614.0,204.04008367490988,203.17049651589042,299.0869393255201
7615.0,202.975191658593,203.08650293376314,300.6389603761009
7616.0,203.71408001319526,203.00207349239088,300.4705397727296
7617.0,203.852429368472,202.91769134913804,299.97235201177426
7618.0,202.5677442137027,202.83344911361473,299.829308393365
7619.0,202.45140144114686,202.74924704950757,299.4816439583396
7620.0,203.03541454202195,202.66514262116263,299.3514743190621
7621.0,202.73001737130755,202.58107474879134,300.0858273442264
7622.0,202.84262377573594,202.49680064561215,298.8332940597508
7623.0,202.38627038983006,202.4128782955304,300.37449285964084
7624.0,202.37811818753548,202.32852312545228,300.97293849482946
7625.0,201.4589963656938,202.24399989189166,299.6287936589931
7626.0,202.35309909478386,202.15985413900574,301.03665717098283
7627.0,201.28263460510047,202.0753130111169,300.6106253307933
7628.0,202.29426654581664,201.99089152716982,301.74579931692784
7629.0,202.28229945838243,201.90615124852832,299.81318551746654
7630.0,200.849019109969,201.82195371226217,299.5403261442389
7631.0,201.8592140842388,201.73783280400338,300.3903765009846
7632.0,202.1251934053695,201.65347317326936,298.7090836090629
7633.0,201.4976020150793,201.56958570562247,299.7641753227705
7634.0,201.4168829618254,201.48540193305266,300.16042039170986
7635.0,201.7062480839299,201.4011068816593,301.04455660753024
7636.0,200.89355069808298,201.31656353534538,300.054445211938
7637.0,200.96324826396557,201.23229824531504,301.36341683226277
7638.0,201.36000934033393,201.14766535242134,300.7367796327266
7639.0,200.93548513066756,201.06320844014115,299.1013969824185
7640.0,200.14845028751972,200.9792107978219,300.9071917396642
7641.0,201.33275777930962,200.89470602814168,300.45568864690864
7642.0,201.34047052380453,200.81032805558002,298.0489467134414
7643.0,201.58675719344433,200.72662597637796,298.39711716665533
7644.0,200.56186094424788,200.64282611930696,298.9886553764778
7645.0,200.81855454714344,200.55886013858873,300.2339670574891
7646.0,200.15179363011475,200.4745444328401,301.6388681530675
7647.0,199.896432975485,200.3898341840338,297.5084244625046
7648.0,200.6691498905092,200.3062839014972,298.20970729929707
7649.0,199.76754888165772,200.22253667536398,298.6208142023418
7650.0,199.42982616757627,200.1386739967088,300.16590425257806
7651.0,200.1873489965096,200.05437740526455,299.66781449084107
7652.0,200.82625724765026,199.97022069402834,301.44292220725293
7653.0,199.52053809303925,199.88556547337512,300.8629792191299
7654.0,199.45566715517703,199.80107312004446,299.45920780283694
7655.0,200.15495133257906,199.71697499251982,300.5088897674384
7656.0,199.74754020728122,199.63258207931014,300.7539669731604
7657.0,197.08013840129644,199.54812034025184,299.05564437172984
7658.0,198.99509812113604,199.46413554679077,299.4291769396377
7659.0,199.2781782725267,199.38004585293356,300.49879813290914
7660.0,200.0506647298521,199.29565577379125,300.3764383044651
7661.0,198.8221626887746,199.2113000573674,299.515133266883
7662.0,199.06974923668287,199.1271862241083,300.3079311989431
7663.0,199.39279850242838,199.0428497467633,301.45672068188367
7664.0,198.9827759508056,198.95819065103848,300.1110161829216
7665.0,198.50248736519782,198.87390947399376,299.4089155618697
7666.0,198.8038796751447,198.7898254702068,300.13515098855106
7667.0,198.5942494058116,198.70553751530414,299.42757754969745
7668.0,198.69783908413996,198.62144827060894,301.888213057314
7669.0,198.61892127731466,198.536667997442,300.3274644837377
7670.0,198.52252720132296,198.45232603449946,299.9816105034325
7671.0,198.17321383710356,198.3680811988831,298.99656897858324
7672.0,198.07581329511066,198.28411299576163,301.46970156845566
7673.0,198.0317336654392,198.19945025457113,300.2377233754537
7674.0,199.23330953889038,198.11513349392322,300.3991228930601
7675.0,198.43161171370616,198.03077140691076,300.0225426606138
7676.0,197.98068538820476,197.9465150761802,299.936337551756
7677.0,197.04451102766689,197.86228295471773,300.35772634182905
7678.0,197.55407928220052,197.7779324932367,299.3466477388191
7679.0,197.9036435573472,197.69386597633007,300.4050901943654
7680.0,197.80002308049828,197.6095022135005,300.7390168504946
7681.0,197.65993363387193,197.525044672935,298.63869457302843
7682.0,197.3861184069233,197.44117697287575,300.5541689282638
7683.0,196.6312425952,197.35677134376837,301.1549235009924
7684.0,196.95783389839877,197.27219700275188,299.6382644512602
7685.0,197.3199728101481,197.18804859015182,301.3931394264872
7686.0,197.35054520856056,197.10340735016285,300.2863672145755
7687.0,196.99645745977534,197.01907692870347,298.24110211221176
7688.0,196.4660379662107,196.93532088586028,299.37251243785056
7689.0,196.96511105178584,196.85124710528396,301.08487460955246
7690.0,196.986601980993,196.76669243633108,301.72391889401223
7691.0,196.1479495365037,196.6819583024417,300.26380732956693
7692.0,196.5647263303876,196.59763421655,299.58202600790327
7693.0,196.84687200520767,196.51350159757945,299.42023715479957
7694.0,196.8414884372536,196.4294144143118,299.2757100945993
7695.0,196.08677681997438,196.34536781906021,298.280038154839
7696.0,195.82817225215274,196.2616008416784,300.79043477144864
7697.0,195.70609985403556,196.17712886124676,300.3392606006965
7698.0,196.0852815377722,196.09278358556136,300.1391804555489
7699.0,196.19354330105685,196.0084944990501,299.3538253183772
7700.0,196.21787361343382,195.92442596643986,299.490432213115
7701.0,196.11583847120838,195.84031907006,300.23585792336934
7702.0,195.77756372507895,195.7560028332932,300.75917996038874
7703.0,195.73647189161954,195.67153963025436,301.1216108809426
7704.0,195.307213454503,195.58697464453195,298.8599173784351
7705.0,195.88571259676468,195.50304481773483,299.1954879601506
7706.0,195.59965654029392,195.41902075153268,300.44437808480853
7707.0,195.71150407213867,195.33464595535386,299.41219005844135
7708.0,195.2322993256875,195.25056103197912,301.5477588041909
7709.0,195.44484466551722,195.16587636971497,299.4322852193915
7710.0,195.83366055924722,195.08178580294918,299.6414661249941
7711.0,194.6399390863997,194.9976364912124,300.9635505229079
7712.0,194.65441221185353,194.9131158941072,300.5166062847671
7713.0,195.27386952587696,194.8287208138422,300.1757888371109
7714.0,194.5812612519901,194.7444214464771,298.8526999653732
7715.0,195.44446626245542,194.66049364657016,301.2576944490148
7716.0,195.22726994740395,194.5758904440457,299.2240186292058
7717.0,194.50094576455365,194.49185836548065,300.6366832331714
7718.0,194.2150467486825,194.40742956360603,300.37236636325133
7719.0,194.533173209861,194.323074990719,299.6614950755832
7720.0,194.45755084148752,194.2389200541853,299.0335900969192
7721.0,193.41922710759286,194.15494145429972,299.2751231252894
7722.0,193.4512659214829,194.0708950238887,299.507496554062
7723.0,194.2692608766781,193.9867833352731,298.85014488278523
7724.0,193.91772273152623,193.90285625291853,299.2980639194596
7725.0,193.3004250376463,193.81880337996782,301.5593867619424
7726.0,194.40427381494507,193.73411545218548,300.0504516300429
7727.0,194.2106258696718,193.64985128368608,299.3791668160529
7728.0,193.9861949418202,193.56577563433856,300.3731763044331
7729.0,193.324331465286,193.48142083399307,300.12830137123467
7730.0,192.8706076183893,193.3971348026913,299.219202791689
7731.0,193.19325087148866,193.313104076574,299.99368587176815
7732.0,193.2732701602597,193.2288558497917,299.4192327799898
7733.0,193.0569950538738,193.14476894858595,300.14760994131194
7734.0,193.29786057949696,193.06047749479407,301.91341040145414
7735.0,192.1836924670861,192.975690145373,299.9387580841619
7736.0,193.14018990993713,192.89145734414436,299.31261701244597
7737.0,192.9036397873588,192.80740038419998,301.7248947750665
7738.0,192.52798355043004,192.72266597625065,298.463684603192
7739.0,192.30424592895108,192.6388474248246,300.9318531411978
7740.0,192.86156333961543,192.55433572940078,301.17642605178753
7741.0,193.43627085247826,192.46975534975124,298.9048634341562
7742.0,192.17538207007647,192.38581290060347,300.2110843412798
7743.0,192.62198032170357,192.30150362108432,299.43144267547854
7744.0,192.34945170527678,192.21741329093294,301.4873573450569
7745.0,191.87436202105764,192.1327455914119,300.13903645211985
7746.0,192.20335274238192,192.04845654534157,300.2413083149727
7747.0,192.4744403662854,191.9641387779231,298.72658458318483
7748.0,192.19590710628637,191.88024639541933,298.52763540689136
7749.0,191.98668422139372,191.79640988447588,301.891408330879
7750.0,191.73473565747227,191.71162871396965,300.4620826633226
7751.0,191.89494300329702,191.62724894575504,300.4078988261807
7752.0,191.6499331037631,191.54288439416806,299.3566740096549
7753.0,191.70548106840985,191.45881506155033,300.2963261095916
7754.0,191.73387701111304,191.37448184330125,300.1428685078459
7755.0,190.9231592182165,191.29019172106194,300.65544329453826
7756.0,190.31703964182378,191.20575765073673,298.56514073282113
7757.0,191.37840034812277,191.1219106070476,298.9953262336702
7758.0,191.16442474124742,191.03794275293032,301.6207345330777
7759.0,191.18374834900126,190.95323759664893,300.79708993968774
7760.0,190.99202827400075,190.86876374722416,299.4404833643204
7761.0,191.1129170537521,190.78467087814604,300.1442368523343
7762.0,191.22858867026235,190.70038037163,299.2530556620912
7763.0,190.44167104234333,190.61634013849823,299.0444285913324
7764.0,190.1598764302524,190.53235849480217,300.20816695193844
7765.0,190.64116157450022,190.44805003458316,299.80962812838385
7766.0,190.6412962196001,190.36385349735045,300.27194126303414
7767.0,190.81377423638602,190.27952712717908,299.8883830568517
7768.0,190.62866967264824,190.19530847293726,300.6670889988399
7769.0,190.0821263736383,190.1108711321101,299.3256537659496
7770.0,190.00705793290356,190.02681051101084,300.2409249390064
7771.0,189.51223486673194,189.94249285125713,299.66151011274127
7772.0,190.25504377669188,189.85833791050047,299.3927048369307
7773.0,186.74332993753725,189.77425845922542,298.5132131576882
7774.0,190.11721540445612,189.69042599853032,300.30102078898926
7775.0,189.63235981001688,189.60609146185874,300.14993319916846
7776.0,189.6955288895208,189.52179935561867,301.4395732208182
7777.0,188.74231673094133,189.4371450754725,299.71234326931443
7778.0,188.8480042129462,189.35297585907105,298.1160870846221
7779.0,189.3635140193504,189.2692549246148,301.13655632132827
7780.0,189.34651817112967,189.18468574171453,298.95776695161965
7781.0,188.46966512395701,189.10072843549565,297.5177886732601
7782.0,188.7584965065252,189.01717552317658,299.38056398360766
7783.0,189.12920431333427,188.93309948145784,301.6648991835636
7784.0,188.65341314725433,188.84838192227048,300.31419145541736
7785.0,188.23175198430522,188.76404368683674,299.8119004561297
7786.0,188.78820013433787,188.67984651145866,299.5910314246089
7787.0,188.70658118189323,188.59571136346693,300.21247805014036
7788.0,188.57128332692955,188.51140169254785,298.1618151609239
7789.0,188.68998703599223,188.4276679161235,301.47876524061087
7790.0,187.0874294097675,188.34300262955176,299.24021502055933
7791.0,188.85769171570547,188.25896600250013,300.8483812368356
7792.0,188.39654730616144,188.17447774876942,298.2820177971832
7793.0,187.7206975583566,188.09071021543807,299.64778362323386
7794.0,187.62529570977324,188.0065591295372,299.836843732963
7795.0,187.64156437842655,187.92235494925555,298.94257971229234
7796.0,187.3920926071532,187.8384019081197,300.39798083586373
7797.0,188.09214844864408,187.75404014183496,301.0732846388184
7798.0,188.25017490189805,187.66948872773224,301.1340317028245
7799.0,187.55559452805605,187.584920253829,299.8486512816765
7800.0,187.80703574424203,187.50071275759407,299.4547764382921
7801.0,187.3404717014495,187.41661587454433,300.7137023587732
7802.0,187.81838719406733,187.3321654431319,299.38381266328463
7803.0,187.68004452488952,187.24808848907563,298.8948383808777
7804.0,186.96819728875434,187.16414885529701,300.52082177969663
7805.0,187.26615701543977,187.07975259118055,301.19593491482436
7806.0,187.1189980220172,186.99516673279194,300.43803169502786
7807.0,187.76502161051388,186.91079371889094,300.18249320872917
7808.0,186.7568267059215,186.82649246871486,303.5112816228208
7809.0,186.28484230685393,186.74125638379246,298.9317725666749
7810.0,186.55765937400497,186.6573063776633,301.06129946420367
7811.0,187.03026827750017,186.57275832939712,302.02275407379784
7812.0,186.54819483976877,186.48794027262804,298.37521065543956
7813.0,186.80532842048402,186.40414656763565,300.4544313057332
7814.0,186.06080247016337,186.31976894817728,299.6790267637727
7815.0,186.80156928571702,186.23560908816117,298.72207484468305
7816.0,186.0807527677915,186.1517179721423,300.49480633580555
7817.0,185.5542267928537,186.06732901402967,299.8393013217784
7818.0,185.9606125671496,185.98312414357517,299.1083666828725
7819.0,185.95532822828528,185.89912454393172,300.96783134632705
7820.0,186.70675035079628,185.81460274462862,299.5019942822823
7821.0,185.6287042085149,185.73049260123435,300.19896035091466
7822.0,185.4769351070225,185.64618672653583,299.85984444396865
7823.0,186.2731347731833,185.56197608688782,299.4659844738775
7824.0,185.2918571048502,185.47787605624808,300.40885672265665
7825.0,184.7644201075996,185.39351123565177,299.6963868718925
7826.0,184.84522235417447,185.30934650033862,299.56286256735797
7827.0,185.14603018547325,185.2252192631009,299.4032389668726
7828.0,185.14242403638823,185.14113685349105,299.638129587895
7829.0,184.54667196490246,185.0569884787651,300.07370934239026
7830.0,184.74110621575502,184.97271777872479,300.74202157140184
7831.0,185.05730154483447,184.8882593943335,300.5423712958351
7832.0,184.76430725764328,184.80385707839457,300.38822084529306
7833.0,184.22700068698333,184.71949805304052,298.3618948298012
7834.0,185.00884261092102,184.6357080875758,299.7022922633662
7835.0,183.6855314638957,184.55154169383187,300.6105694936003
7836.0,184.02231558828024,184.46712022556574,298.15326910364837
7837.0,184.3751938054249,184.3833888491591,299.7829223692261
7838.0,183.60381463928954,184.29919981179373,300.1533015142861
7839.0,184.18875230971005,184.21490675961846,300.81756139906594
7840.0,183.95581309581527,184.13042716112554,299.80400825490074
7841.0,184.4674683533032,184.04623220214063,300.9290076159169
7842.0,183.57686202853915,183.96172130583517,300.49892718591354
7843.0,184.11657488758308,183.87733119045043,300.23590516004145
7844.0,183.40568720151794,183.79301494041798,300.1243173122053
7845.0,183.7232496809912,183.7087300279728,299.9624233707208
7846.0,183.34330146172798,183.62449058074282,299.7530123544238
7847.0,184.15551494078096,183.5403099431066,301.4372634917406
7848.0,183.27499375579788,183.45565631160932,299.30612201572114
7849.0,183.24442711806608,183.37160117567657,299.31940618859204
7850.0,183.0413647251813,183.28754230910528,300.54232391459766
7851.0,182.95846046286152,183.2031400064726,301.8234784838213
7852.0,182.9973080277336,183.11837791293175,298.93673050838163
7853.0,182.3260230570869,183.03442651444732,299.24042660433
7854.0,183.25845866379166,182.95038982797593,298.7549126003804
7855.0,182.67557588732436,182.86648949002063,300.5344568803711
7856.0,182.4257225771656,182.7820893967134,299.88879777908215
7857.0,182.45313725048487,182.69787062600378,300.06972123853325
7858.0,182.82223394648838,182.61360104595593,301.4571968448591
7859.0,182.98418261013703,182.5289418165087,301.2313586022665
7860.0,182.06803412032832,182.4443460099679,300.31655158981835
7861.0,182.7171969277649,182.36000711172974,300.64485266418274
7862.0,182.58458086827244,182.27557601560653,300.5535537239486
7863.0,181.66590293807778,182.19117055926907,301.9429888119403
7864.0,182.13321750793466,182.1063749032444,299.7969776734523
7865.0,181.54007267280528,182.02218191868107,299.5784599516412
7866.0,182.02235771223647,181.93805030117798,298.51486928331843
7867.0,181.95937252016577,181.8542173753876,300.67480029756405
7868.0,181.1688621981207,181.7697778689707,299.8945590367825
7869.0,182.62730561833703,181.68555748030786,298.0999068590733
7870.0,181.20181222888087,181.60184108979828,300.6873823964851
7871.0,182.24936556594398,181.5173980499086,301.20413562435306
7872.0,181.02044491486436,181.43280988848738,298.8376281986913
7873.0,181.3907489442814,181.34888632123494,298.652805328944
7874.0,181.3764743494918,181.26501465840508,299.8415396783476
7875.0,181.9147570290746,181.18080915934542,299.1751392477229
7876.0,181.5402166301253,181.09679080774,298.3529966391124
7877.0,180.58432718557947,181.01300334118386,299.5239598404207
7878.0,180.5695075784297,180.9288870291287,299.5835358943996
7879.0,180.74747456738496,180.8447539861317,300.46408890274876
7880.0,180.0367080830807,180.7603736544982,299.45422880294024
7881.0,180.33391960030974,180.67627692524272,300.5357955572283
7882.0,180.8037621348616,180.59187645599042,301.0718803436399
7883.0,181.02969996691655,180.50732543626057,301.6208224547964
7884.0,180.62767243907882,180.42262025528785,299.4824630266729
7885.0,180.73856903007146,180.3385155969212,301.1420344331123
7886.0,178.31220230106365,180.25394487558458,299.20465532305354
7887.0,179.96977414701055,180.16991823488138,300.500090738672
7888.0,180.00391724915823,180.08552779273225,299.9789828568823
7889.0,179.5844823425047,180.00128369504662,299.92177910675406
7890.0,180.35701864736006,179.91705566208083,300.13911009040305
7891.0,179.79852573817521,179.83276659533047,301.1073719168387
7892.0,179.77550638944925,179.7482056083838,300.1265418515133
7893.0,179.97344158724383,179.66392007121382,299.4455981785885
7894.0,180.11176418333238,179.5798257657253,299.93454188546923
7895.0,179.12681691746695,179.49559414854582,299.7872946210355
7896.0,179.55179329312966,179.4114038833064,299.7180299920035
7897.0,179.37306392648267,179.32723306988368,299.2845342151076
7898.0,178.66463737771198,179.2431839965249,299.3689644654944
7899.0,179.51258091166505,179.1591112123375,300.37978818825144
7900.0,179.31194492183621,179.07475455515467,298.18560997770584
7901.0,179.39686102614834,178.99101409635261,300.5595136865821
7902.0,178.66964726685669,178.90660696625898,299.87233213877994
7903.0,178.93358789065908,178.82239281964996,301.48072396410424
7904.0,178.4715122270416,178.73772698300337,299.652905929124
7905.0,178.05079442144245,178.65357445858825,300.27233752470033
7906.0,178.52553411694373,178.56924797713336,301.5187696699588
7907.0,178.72864558712322,178.4845714559844,301.0646194731153
7908.0,178.35756097506896,178.40002247534903,297.56807919043956
7909.0,178.57604010943123,178.31645543977638,300.68823711017944
7910.0,178.20069389840356,178.23201215985458,300.6811252612707
7911.0,177.7944880829883,178.14757087717706,301.72286599855306
7912.0,177.8578387830818,178.06283703897577,302.10565816667827
7913.0,177.9411081126904,177.97799569997397,298.53227062644635
7914.0,176.8688113950895,177.8941578873064,299.9448465577596
7915.0,178.17512563821495,177.80992337623144,301.2756637023582
7916.0,178.10200513174502,177.72531512734167,298.0612469117239
7917.0,177.97774049248602,177.64160959383398,297.42652029754555
7918.0,177.457433163703,177.5580823127171,301.6155584311255
7919.0,177.75922184174667,177.4733786100577,300.6630632083347
7920.0,177.18567054939345,177.38894239980667,300.13557413412923
7921.0,176.7903392510414,177.30465432607065,299.91214134646475
7922.0,177.534511012205,177.2204289997092,300.1215841714111
7923.0,176.94700419570975,177.13614485482108,300.04068608026284
7924.0,177.62425160524424,177.05188342881357,298.66267338774156
7925.0,176.6570048302078,176.96800899470384,302.3512552863018
7926.0,176.74152759720474,176.88309868384428,299.12903640722334
7927.0,177.49569095003557,176.79909327945325,301.25740168983737
7928.0,176.6554581235968,176.71449015914536,300.5080761980421
7929.0,176.98677668422255,176.6300974744131,299.1828685609419
7930.0,176.2687709212749,176.5460769521589,300.71000071991443
7931.0,176.58477063280907,176.46162756029005,300.2487514468303
7932.0,176.1993654899996,176.37730770259208,301.1227816152422
7933.0,175.98094444256355,176.29274238808844,300.3300733289827
7934.0,176.00966011048598,176.20839969249525,301.79726727461264
7935.0,176.219123998789,176.12364495993563,300.6571233851693
7936.0,175.75994057418654,176.03921041778497,299.03243949000597
7937.0,176.40650462514554,175.95523214102818,298.9564480992316
7938.0,175.880010600421,175.87127520518698,299.13178640451093
7939.0,175.9656068871546,175.78726902850508,300.6687897596556
7940.0,175.95174394678494,175.70283121004758,298.4824806756556
7941.0,175.74695975814856,175.61900738005784,299.72184383744144
7942.0,175.5404621779341,175.53483549558015,299.7431774939842
7943.0,176.1337147892427,175.45065761990057,300.8971562735308
7944.0,175.22370592612376,175.36615566851376,299.4352624348807
7945.0,175.05382726296222,175.28206426564665,300.57800027111796
7946.0,174.85614662784806,175.19765194390385,300.0922702127996
7947.0,174.81966526649876,175.1133760313524,301.1220029314998
7948.0,174.35527893599968,175.02881093552912,300.87956473822703
7949.0,175.3664617467473,174.9443139244318,301.55280897767983
7950.0,174.51845351870153,174.85962784391057,299.79458199560906
7951.0,175.4601363763584,174.77543553213346,299.22310732724867
7952.0,174.89821368964846,174.69140370949236,299.7991365008466
7953.0,174.63530494491445,174.60721011865837,301.55750676898515
7954.0,174.31569534248072,174.52252271884075,300.30178720892826
7955.0,174.6232218484994,174.4381879669329,299.50817995234235
7956.0,173.85635666301175,174.35407608639625,299.9365683017442
7957.0,173.984014822553,174.2698439001315,297.7504106467824
7958.0,174.6282567430349,174.18622565980817,300.7979890345145
7959.0,173.5042111719099,174.10175155788767,298.8230753995428
7960.0,174.01942498902767,174.01783207754627,299.77170032684086
7961.0,174.0329835220284,173.9336461917045,300.15293411223024
7962.0,174.29294507658904,173.849353242708,297.65257563778704
7963.0,174.06699537086212,173.7657624777164,298.53788881320946
7964.0,173.1101696763121,173.68192308727473,297.24696035983834
7965.0,173.16550676755796,173.59844623257368,299.5181220605516
7966.0,173.89404785095178,173.5143315599617,298.06707824740465
7967.0,173.5495704559348,173.43062438882055,300.32822118885525
7968.0,173.73670748948473,173.34628221337005,299.8307293143997
7969.0,173.87278044920853,173.2620797502209,300.3414344421512
7970.0,173.90521006436143,173.17773386404838,300.65243675552534
7971.0,172.7672014412453,173.09330063805953,299.79379443590693
7972.0,172.80893979704555,173.00910854745547,298.9274208352171
7973.0,172.96921721610695,172.92515976343753,298.8198569253817
7974.0,172.13972436868963,172.841241186951,301.0325148857497
7975.0,172.44292129800473,172.7567012223539,301.8805211694799
7976.0,173.2678298538182,172.67192310932546,300.22977068053274
7977.0,172.4181266535371,172.58760858205935,298.2903758408654
7978.0,172.88011132464578,172.5038387015107,300.26041941257597
7979.0,173.14278582868096,172.41951556705902,298.74620360229244
7980.0,172.42043831304525,172.3356176748807,299.2936705565704
7981.0,172.5497722022909,172.25156603573274,299.6187606421437
7982.0,172.30685203318512,172.1674231004524,301.0311508969657
7983.0,172.63199842930584,172.08288351890883,298.5257984180034
7984.0,171.89402402667838,171.9990475238531,298.75274469904866
7985.0,171.83441342985412,171.91514779471683,299.8757544945624
7986.0,172.80744175858842,171.83093268699625,300.74136730237626
7987.0,171.50707616371014,171.74647448634548,300.8181717916944
7988.0,171.2578548220734,171.66199471643395,302.05862235127086
7989.0,171.63430908726835,171.577166586657,299.1601043368334
7990.0,171.38989055613285,171.4931524573557,299.615902072877
7991.0,170.91142730379514,171.40901032485692,300.06958638493825
7992.0,171.506976936365,171.3247407826805,299.292253972518
7993.0,171.42649041559648,171.24068954135655,300.3520290850345
7994.0,170.50645491454807,171.1563406798552,300.19000494539875
7995.0,171.4368093791291,171.072037320133,299.7925733283197
7996.0,170.4301533446893,170.98784557245665,299.8129893035674
7997.0,171.01618841977407,170.90364809129392,299.4648430372853
7998.0,170.7518804725017,170.8195483812076,300.5550033650472
7999.0,169.82840380621812,170.7351425177626,301.2097293258308
8000.0,170.99540103824077,170.6505527854436,300.65671649524677
8001.0,171.60383277929392,170.56611835756118,301.36286475148546
8002.0,170.92802204274932,170.48148561971013,300.032563241366
8003.0,169.59397171079718,170.39722647486653,300.7120713205964
8004.0,170.43090451470258,170.312776501504,301.1793754842958
8005.0,170.25449833847392,170.2281952935555,300.2428093789682
8006.0,169.9814556654686,170.14387710458823,300.8127140379088
8007.0,169.87801414539064,170.05939886739594,299.96892008062736
8008.0,170.14110596743993,169.9751575956733,300.5188802451324
8009.0,170.1464100034943,169.89076187680448,298.2201691935681
8010.0,169.06156192459866,169.80701171262265,300.1298427622995
8011.0,169.3848846285959,169.7227252484469,299.8328776968549
8012.0,169.57352456123212,169.63852218196033,301.02403763602433
8013.0,169.8210347792063,169.55398459805755,300.2881797040668
8014.0,169.72016954349266,169.46965366759065,300.5656730086595
8015.0,170.1685913620425,169.38524480775408,301.0430686089607
8016.0,169.53961957264409,169.30070187931972,301.1582070365272
8017.0,168.21371762138725,169.21612661617692,300.3729244429942
8018.0,169.48640338648485,169.13177188656255,302.03112555726227
8019.0,168.02686411572955,169.0469514788019,299.73395403306034
8020.0,169.27293169186018,168.9627761933776,300.0093201154765
8021.0,168.3438926037494,168.8785235759785,303.5565234139961
8022.0,168.6485090126913,168.7932747856531,300.2822470685546
8023.0,169.3573092730648,168.70894552126802,299.07898601094996
8024.0,168.91856977225245,168.62495417269665,300.2821873396132
8025.0,167.9099078987531,168.5406249250854,299.13404350661307
8026.0,168.65064452292611,168.45661811453394,300.8240285354984
8027.0,168.6981526493012,168.37213669985357,299.2852841844299
8028.0,168.83623073109015,168.28808741587846,301.8045654418089
8029.0,167.87890144907612,168.2033306337502,301.2425454191045
8030.0,168.51100796935796,168.11873168557835,300.9881626786393
8031.0,167.66599790612307,168.0342041765594,300.9633526352489
8032.0,167.45455408863475,167.9496836350277,300.32725891536126
8033.0,168.1663368669144,167.86534172981564,299.823053114972
8034.0,167.2688168624033,167.78114142239917,300.1053687923954
8035.0,167.69398592709064,167.69686183132998,302.45820664301306
8036.0,167.62837787922305,167.61192148496443,299.6307511966633
8037.0,167.55750352500237,167.52777518233668,300.1094331971681
8038.0,167.24121644023018,167.44349444984712,299.2770264861922
8039.0,167.7599857540541,167.3594474849089,300.0397427895109
8040.0,166.77149354772558,167.27518632380887,300.56952669857344
8041.0,166.56162406797262,167.19077638172766,301.4874248909698
8042.0,167.48966486204554,167.10610866323742,298.588880964816
8043.0,166.48898725845845,167.02225495249982,300.46202810809797
8044.0,166.7538408457354,166.93787519960614,300.6132889998515
8045.0,166.67939027011738,166.85345296761204,301.24301106430204
8046.0,166.53700007284027,166.7688538886715,300.1076675467159
8047.0,166.4687004686264,166.68457365203545,299.214181257577
8048.0,166.09599386065915,166.60054433613232,299.42465193618574
8049.0,167.01098389371063,166.51645591304688,300.01403831942133
8050.0,166.1277141449341,166.43220197061888,300.75128389111006
8051.0,166.28484377441723,166.34774098505943,301.30708048158795
8052.0,166.5463831217642,166.26312391329085,300.15558296808285
8053.0,166.0558681162158,166.1788302204073,299.5485868107546
8054.0,165.6149520290771,166.09470699227793,299.1713053563739
8055.0,165.85379209440637,166.01068971735705,299.50198469805014
8056.0,165.29534733729915,165.92657957665435,299.34806622360577
8057.0,165.13976529696833,165.8425126613899,298.91576835555327
8058.0,165.20783527937797,165.75856714977672,301.32347575655643
8059.0,165.6537940395211,165.67394547366843,299.58974947751386
8060.0,165.06276423054453,165.58981068569014,300.6140293487544
8061.0,165.8199812494224,165.50538824578135,300.10758032275015
8062.0,165.723083658718,165.4211080336407,299.0792084251803
8063.0,165.3553809941377,165.337116622608,299.71472015717495
8064.0,165.144685704388,165.25294673869718,300.5439188125841
8065.0,164.5483743237261,165.16854398816398,298.66702734820103
8066.0,164.95502982047728,165.084668331317,301.30511164294523
8067.0,165.0153642843507,165.00005181246394,301.60515027888545
8068.0,164.82961436401203,164.9153510327606,299.7895856225298
8069.0,165.19442935830926,164.8311601241316,300.34492648444797
8070.0,165.1036326173157,164.7468132572772,300.06930013050356
8071.0,164.36973972440842,164.6625437954906,300.2088531879936
8072.0,164.9437142024893,164.5782351425536,300.1441936331691
8073.0,164.57058112189551,164.49394464817493,302.43623026362616
8074.0,164.59285787764455,164.40901047350923,299.0930867870294
8075.0,164.48907956295292,164.32501516496984,301.41169073272175
8076.0,164.2281061848802,164.24036871515577,297.3873193600287
8077.0,164.55865943660686,164.1568524429688,299.8377610717846
8078.0,164.28733559086493,164.07264800506783,299.40713941729814
8079.0,162.6937461540628,163.9885645000815,299.01229627016727
8080.0,163.71371647326544,163.90459188021228,300.61534387458784
8081.0,163.24667592566928,163.82016907114084,300.4770631086587
8082.0,164.10203241381936,163.73578509591786,298.2283783045728
8083.0,163.47348982142518,163.65203262634398,300.5207223829564
8084.0,162.75797970769486,163.56763639014142,300.31791966733306
8085.0,163.2169292036702,163.48329710770153,300.2229630028303
8086.0,163.33426442079897,163.39898449225822,299.5090745643324
8087.0,163.0979418427167,163.31487236048477,300.48297302155333
8088.0,163.6066109363664,163.2304867255612,299.2759248472342
8089.0,163.4110416527568,163.14644006999993,300.53121140872446
8090.0,163.3194383537902,163.0620408881293,302.2310245885725
8091.0,163.06852316597784,162.97716434205734,298.46467036471125
8092.0,163.13589203748947,162.8933455137966,298.43612070965463
8093.0,163.03151593621033,162.8095347032306,300.1867460905175
8094.0,162.5467399144277,162.7252322587035,300.18217177961935
8095.0,157.83366441996677,162.6409310987954,300.27083180218847
8096.0,162.20030989111152,162.5566050401976,300.26388669486676
8097.0,161.84049763247867,162.47228093201747,299.37979436068326
8098.0,162.78146985709793,162.3882051064345,299.13919070133187
8099.0,162.4142893059945,162.30419685037924,300.0065300589755
8100.0,162.45438236158876,162.21994501652102,300.45402301626166
8101.0,162.03634175123048,162.13556751172396,298.98953966478336
8102.0,161.57518342331838,162.0516012826681,299.45097249381337
8103.0,161.76525425788583,161.9675054678927,299.2863556914709
8104.0,162.02652607437173,161.88345588300268,300.16749953292697
8105.0,161.77764879739988,161.7991588435505,299.45828305500453
8106.0,161.05493148357908,161.71506097572586,301.14654204216544
8107.0,161.61376218380258,161.63048898850235,300.6624337041034
8108.0,162.14926686443306,161.5460529550371,299.61013764550705
8109.0,160.98375103619512,161.46191244138168,300.45126932749224
8110.0,160.97278299068842,161.37753570991222,301.12191547729833
8111.0,161.50772870009197,161.29297063864897,300.4537249081779
8112.0,160.47066505060027,161.2085932175706,301.18008228807213
8113.0,161.06309891053988,161.124011811128,300.398635805379
8114.0,160.64432592042408,161.039649860906,299.1455441678208
8115.0,160.60096664588255,160.95563982058553,301.33549049459236
8116.0,159.98344075321364,160.87101477033826,299.9084605558738
8117.0,161.18567150482042,160.78679047766553,300.248923237282
8118.0,160.52970431709588,160.70247057172304,299.65316157688653
8119.0,159.74899384438567,160.61831797551352,299.8617560993053
8120.0,161.12476737560445,160.53410679900895,299.556110094814
8121.0,160.77939478739174,160.44998145809066,300.25620459492046
8122.0,160.250154996906,160.36565950730022,298.46702535777587
8123.0,159.8497933939187,160.28184001767892,300.8015052210896
8124.0,160.53260236031528,160.197364928296,299.15172606744494
8125.0,159.64231238877227,160.11335315189206,298.9591543441206
8126.0,160.43539279031776,160.0293954560471,299.5895186081583
8127.0,159.51828072836898,159.94526073290464,302.606630004062
8128.0,159.69040416089626,159.8602787043118,300.26163937096044
8129.0,159.4995348040764,159.77595522725517,300.01996023077373
8130.0,158.95708459777984,159.69169962175704,300.5989372765032
8131.0,159.55945479984413,159.60728142020523,299.43028548872314
8132.0,160.2149123071025,159.52319141503048,302.2599020684246
8133.0,159.7952805864046,159.43830675919958,299.3073229189894
8134.0,159.10321885354284,159.35425128601315,299.68784870525917
8135.0,159.35904732191145,159.27008894850175,299.61696124971604
8136.0,159.17473198568013,159.1859465185508,299.52296671367833
8137.0,159.0200507434741,159.1018304853987,300.58786245589175
8138.0,159.4487121361785,159.01741539402565,302.00403078795546
8139.0,158.69820221483423,158.9326025953794,300.10887215955466
8140.0,159.0941645471651,158.84832202044788,300.3859600571988
8141.0,158.6583914243793,158.76396362999847,299.87731420180955
8142.0,158.42112244594918,158.6797480842601,299.7316885998063
8143.0,158.58022256666732,158.59557343504497,298.55868628588235
8144.0,158.1949952697064,158.51172820397966,298.2219799966018
8145.0,158.31653259925443,158.42797753126393,299.8033863600221
8146.0,158.2044466174043,158.34378274692784,300.7252487962659
8147.0,158.53297946053496,158.2593290728909,300.9455940856078
8148.0,158.53593694147378,158.17481351855184,298.6282076584587
8149.0,157.60696875449324,158.09094876356778,300.3188393430265
8150.0,157.45418451296848,158.00660922285232,299.73154352050983
8151.0,157.1071228403137,157.9224346143803,299.8352665218385
8152.0,158.17506906325704,157.83823087703212,298.945123200301
8153.0,158.48131730183727,157.7542771216,300.2079841927858
8154.0,158.27466890150663,157.66996871270587,300.3534522118948
8155.0,157.12709294949852,157.58561945154298,299.8001461194286
8156.0,157.4563496239998,157.50142557717444,298.87738174045415
8157.0,157.52455318329785,157.41749084580235,301.0382454102651
8158.0,157.5133909702268,157.33294927188297,301.34769074910344
8159.0,156.91332546957472,157.2483207953976,301.0301056719308
8160.0,157.27287592371943,157.16378150738808,300.0985286399393
8161.0,157.38749266848154,157.07950383726168,298.5788740933612
8162.0,156.923061383995,156.9956529367871,299.5033258445688
8163.0,157.08094342189776,156.91154241944577,300.10423260426626
8164.0,157.2668817767977,156.82726314745608,298.754514295578
8165.0,156.9973925604038,156.74336292135808,300.549379101817
8166.0,156.5357797432967,156.65895863739365,299.57657593673184
8167.0,156.09864588505263,156.57482754898479,300.8767267710344
8168.0,155.82420368113674,156.49033133488325,299.8886387841325
8169.0,156.323422984937,156.4061126088247,300.21647660722516
8170.0,156.10648860106244,156.32180181497753,301.03048820141197
8171.0,156.11779715046234,156.23726241954097,299.6592878997809
8172.0,156.5879139509471,156.15310810285575,301.32282790161776
8173.0,156.25222326215473,156.06848660868675,299.6289307547118
8174.0,155.9269129170904,155.9843408172998,299.80526234711414
8175.0,155.8507551979961,155.900145506124,300.9097216437206
8176.0,155.50567799330653,155.8156400259624,300.2806375394803
8177.0,155.6596519449365,155.7313112135867,299.9094816387511
8178.0,155.22782867082054,155.64708663415985,300.26898236542957
8179.0,154.9875484674398,155.56276109494553,299.497474106482
8180.0,155.5807956945841,155.47865222096732,299.59135864145475
8181.0,155.61013565130258,155.39451698108218,297.31057213164826
8182.0,155.48138243164672,155.3110222620752,299.50280301196096
8183.0,154.940179617698,155.22691189156268,299.54834201528894
8184.0,154.919682016189,155.14278873218007,300.5078203313308
8185.0,153.9860743859994,155.0583961193037,300.5473988390436
8186.0,154.7216123007825,154.97399239146307,298.7136673020481
8187.0,154.7022811369196,154.8901036365624,300.24430799534184
8188.0,155.8659431616675,154.8057850267337,300.6221414962193
8189.0,154.80015236270688,154.72136030866352,299.91345815160395
8190.0,154.32999055190632,154.63713461249927,300.4491653840647
8191.0,154.27398708552988,154.55275847188724,299.73429631170904
8192.0,154.74429943650952,154.46858309033973,297.607786176781
8193.0,154.17658781959696,154.38500490372172,301.3482214967455
8194.0,154.2506432510049,154.30037627818467,300.7725565599786
8195.0,153.95158279256128,154.21590931855076,298.7979094041698
8196.0,153.3661600346425,154.13199690565972,299.14974894488034
8197.0,154.16704683975638,154.0479856844977,300.70904300407483
8198.0,153.8921941739855,153.9635365615874,298.38949538466045
8199.0,153.32134303143434,153.87973884496688,299.20183809439055
8200.0,153.55375271369923,153.7957129954354,300.19829920819416
8201.0,153.6472380851179,153.71140730640775,300.8094851788205
8202.0,152.5782967140132,153.62692997598668,298.6319869893565
8203.0,153.7629910302369,153.54306415964052,300.6716750060082
8204.0,153.06932893464196,153.45862553090964,300.15318380716667
8205.0,153.4005617568712,153.37433251179047,299.4410172019274
8206.0,153.2992774622945,153.29023949279292,299.6599293826931
8207.0,153.50490592657167,153.20608499595795,298.9394277512213
8208.0,152.5243638315384,153.12213283999785,300.4121960491524
8209.0,153.04560490801063,153.03776708160734,301.08557331570483
8210.0,152.81455252001797,152.9532122164345,301.0056379457434
8211.0,152.44984917544275,152.86867979977808,301.19458019107554
8212.0,153.40186547257463,152.7840943218411,300.06449661249184
8213.0,152.94999005742548,152.69982620904244,298.75667439497835
8214.0,153.08690433753162,152.61592537631648,300.35230923780716
8215.0,152.39246848483663,152.53157643613886,300.68390135124025
8216.0,152.1539497638292,152.44713437384274,301.6738122725125
8217.0,152.04216906633104,152.36241431156284,299.8188695369452
8218.0,152.40085956054997,152.27821517903453,300.0631114499791
8219.0,152.21703694377626,152.19394745523564,299.409108623383
8220.0,151.41344455312048,152.10986339723058,297.6804227890901
8221.0,152.1249846502756,152.02626481183063,300.62598823964834
8222.0,152.17088660303517,151.94183901346668,298.72864001622014
8223.0,151.4712621853429,151.85794605372877,302.3151533534239
8224.0,151.60149486230304,151.7730458814953,300.73486388250967
8225.0,152.1801077919406,151.6885895072216,300.1306919639871
8226.0,152.23857871763462,151.60430280456174,300.26740922371727
8227.0,151.60308554966062,151.51997770713808,298.81286322384653
8228.0,150.67842917227546,151.43606109471608,300.44154056686574
8229.0,151.54450261575477,151.35168709540687,299.8989965063248
8230.0,150.8245290673841,151.26746546055466,299.99492865327926
8231.0,150.8338732333279,151.18321688475788,300.7991824087158
8232.0,151.377405972714,151.09874244769804,299.22215908137395
8233.0,150.94657181801006,151.01471089135606,297.7018322429881
8234.0,151.2245824887829,150.9311062934678,300.8797662851643
8235.0,150.87697037301618,150.84660922576938,299.2335040179505
8236.0,150.09414810323574,150.762574483391,300.7827017780139
8237.0,150.33578634319497,150.6781046746417,299.57500069551594
8238.0,150.40119381720444,150.59397402861305,300.81110263046065
8239.0,149.9646962224952,150.50949624395764,299.58588041585244
8240.0,150.2474422071051,150.42536254254088,298.5004722208799
8241.0,150.20259143396183,150.34153365992552,299.70661640187444
8242.0,149.98590789694367,150.25736605181933,300.78437231094216
8243.0,150.0327843687169,150.1728957739287,299.9171511581465
8244.0,149.7630873609862,150.0886690406451,301.0358561837347
8245.0,150.74303008319401,150.00412813770015,300.4237635822725
8246.0,149.99860498201633,149.9197591307608,300.60799324928934
8247.0,149.9056400238289,149.83533838598993,300.83794837230334
8248.0,149.98818816426976,149.7508530621554,302.0882132526433
8249.0,149.87524694662096,149.6660166222669,299.1655758074961
8250.0,149.47197101831617,149.5820009563943,298.67160093437013
8251.0,148.9850146460196,149.4981240151319,299.9523453728402
8252.0,148.913908452672,149.41388739813965,300.0979008306245
8253.0,149.39455290154868,149.3296099043231,300.86639360710444
8254.0,149.0396063170301,149.2451165921184,299.66340473846435
8255.0,149.1439534051269,149.16096111928766,300.7343406177462
8256.0,149.4236219676565,149.0765048919642,299.7170742500813
8257.0,149.03723725231677,148.9923343469456,299.81092223693645
8258.0,147.98019220798278,148.90813744628406,300.97234887656174
8259.0,148.7337431649251,148.8236143783079,299.8594361107551
8260.0,148.78919721181094,148.73940385333344,299.2755705996231
8261.0,148.87276232178428,148.65535729725673,300.9004953831293
8262.0,148.75438764132625,148.57085440813665,299.881890443672
8263.0,148.14290719209956,148.48663757723705,300.0435591276092
8264.0,148.9272588271411,148.40237534438205,301.4760094094775
8265.0,147.86765506039845,148.31771083173956,299.38472532180003
8266.0,148.21809388006076,148.23363362137835,301.4558771037482
8267.0,148.45194673558794,148.1489747625584,300.31259251329567
8268.0,147.78504091310822,148.0646369761609,300.79302278670093
8269.0,147.87293158537474,147.98016426892826,298.66146109430684
8270.0,147.99454519449677,147.896290175271,299.5883870385306
8271.0,147.05808581524946,147.81215576991102,300.53942442282994
8272.0,146.67790948554918,147.72775428155228,299.7540215087565
8273.0,147.5088652493941,147.64357336051188,301.7453275845614
8274.0,147.52306322881768,147.55883321434857,298.66717808221904
8275.0,147.0646807281873,147.4749575151705,299.83839447047416
8276.0,147.99561057281844,147.39075289939007,297.35766429817266
8277.0,147.3437709223817,147.30724495533298,302.27082254702356
8278.0,146.71194496495718,147.22235723266766,300.4053430619831
8279.0,147.54569449198047,147.1379933988244,301.92915546987183
8280.0,146.5008740475782,147.05320162766327,298.73052287317347
8281.0,147.19949733579185,146.9693081391564,300.7844145349262
8282.0,146.96350343919298,146.8848378494078,301.62778520028644
8283.0,146.984880913153,146.8001307130641,299.73414239872886
8284.0,147.13360400998533,146.71595537474042,300.48686487743856
8285.0,146.6914632780882,146.63156864685402,301.28408555021156
8286.0,146.78635608644024,146.54695803282866,300.09628619076005
8287.0,145.8954265459134,146.46268099245674,299.3043716129868
8288.0,146.7784093155751,146.37862634809545,299.8547976106318
8289.0,146.7977627534201,146.29441712576647,298.9972930446368
8290.0,145.9869925482647,146.21044871930312,298.4508345061852
8291.0,146.53892130567002,146.12663377661264,300.83703642495016
8292.0,146.53304606372248,146.0421487088833,299.06800412392386
8293.0,146.49742937421198,145.9581604443918,300.82904351535274
8294.0,146.15151591080968,145.87367762133795,300.62416163862815
8295.0,145.7764061432133,145.78925233594444,298.88245136809303
8296.0,145.67988563092226,145.70531618085187,299.7523617473423
8297.0,145.30929581646302,145.62113572592784,298.4541655603016
8298.0,145.7262758419973,145.53731984776635,298.73671225115777
8299.0,145.30087866326951,145.45342462107584,301.1814674496481
8300.0,144.67561977033873,145.36884282563375,301.1324808262517
8301.0,144.59181495263942,145.28427478726837,299.6742188050183
8302.0,144.59851953882927,145.2001162774873,299.54805153958597
8303.0,145.00423559368187,145.1159931996799,301.35007693335484
8304.0,145.1384941938692,145.0313640530744,299.0062803472686
8305.0,144.97049377727836,144.94739312267689,301.1278758577835
8306.0,145.47740523489142,144.8628263775402,297.6047884163961
8307.0,143.95135996805152,144.77924903279325,300.33301961765653
8308.0,144.77098208946504,144.69490550978398,300.2616561163884
8309.0,144.69490591269818,144.6105820280246,298.3735563264143
8310.0,144.4902854075243,144.52678878762293,299.90688360172857
8311.0,144.90695997006057,144.44256493781143,300.0162958926608
8312.0,144.45878908471886,144.3583103613816,300.99481285266387
8313.0,144.45483999315184,144.27378098477215,299.73092412374416
8314.0,143.7317882500646,144.1896065502474,301.1979074838648
8315.0,144.1241522470342,144.10502013789568,299.50633622680806
8316.0,144.4851278932762,144.02090877513868,300.3293952913036
8317.0,143.9986518089783,143.93656626996108,298.43462843976977
8318.0,143.87456802626733,143.85275587847423,298.57431044854167
8319.0,143.56839283641608,143.76890625962326,300.1293281575643
8320.0,143.7624822922811,143.68461993996567,299.3055857219018
8321.0,144.23928375469274,143.6005649546421,301.07754997335564
8322.0,143.5367511691005,143.51601234269123,299.36491442686025
8323.0,143.15543095175462,143.43194069588966,299.93910026272243
8324.0,143.04016219137625,143.3477077985659,299.6315272961387
8325.0,143.41496507238463,143.26356127798357,300.9308185189121
8326.0,143.05746272574962,143.17904987311618,300.95646263867803
8327.0,143.01180027987974,143.09453126652517,299.75623824994204
8328.0,143.1293442808189,143.01034972294997,300.51596631460666
8329.0,143.22398936414592,142.92595482240995,300.6416929920231
8330.0,143.3287920042269,142.841524613628,299.6752683928766
8331.0,142.4365302873038,142.75736580908767,299.9902632761739
8332.0,140.28758470719262,142.67311854348432,299.7158735393646
8333.0,142.25154842548966,142.58894833566535,300.95633088862417
8334.0,142.3356076559712,142.5044297660741,299.9890284324687
8335.0,143.11732236959998,142.420182847256,302.9713957332426
8336.0,141.7795608144453,142.3350983802876,299.4297975661716
8337.0,141.95125078344194,142.2510085121378,299.24271097984064
8338.0,142.16177128302127,142.1669711841376,301.0504026090436
8339.0,142.45408697918023,142.08242619607154,300.6242620424818
8340.0,141.79139479363397,141.99800088248128,300.0592899217835
8341.0,142.0493162391578,141.91373423189492,300.1899730836166
8342.0,141.53941010313832,141.8294308811206,300.3411937899868
8343.0,140.9090366387769,141.74508506253125,300.6007391767779
8344.0,142.07791923657362,141.66066635494582,301.92695603780425
8345.0,143.6867573457155,141.5758752014585,297.9678336837512
8346.0,141.59239565776042,141.492195901499,301.27758433566856
8347.0,141.08327652620858,141.4075871132314,298.1955089986362
8348.0,141.80804106802975,141.32384387445427,301.41084581326874
8349.0,141.22929976052737,141.2391976619217,299.59781456402703
8350.0,141.1887627421688,141.15506060899833,300.4433120765932
8351.0,140.93919522996194,141.07068611219015,299.6227084295607
8352.0,141.02484216847603,140.98654206823954,299.8293852986899
8353.0,140.97178805390053,140.90233998253484,300.1916685157523
8354.0,140.78145448821272,140.81803615562663,301.1582439827174
8355.0,140.53239219130865,140.73346088210818,301.16547674346344
8356.0,140.71625245197043,140.6488835773894,299.5678527572971
8357.0,141.17806470080254,140.56475493874007,300.2420887107431
8358.0,140.1759583831172,140.48043695216052,298.982299882415
8359.0,140.7865358360186,140.39647275627686,301.0966685805763
8360.0,147.36525813479153,140.31191477518382,299.2399358356055
8361.0,139.87445708391817,140.2278782265367,298.35345986158273
8362.0,139.42209308942552,140.14409062989222,300.8589191516662
8363.0,139.93987003846738,140.05959941676383,300.1798738086162
8364.0,139.89333522963497,139.97529890220255,299.4748387381069
8365.0,139.3391223439481,139.89119638499028,300.9258080438588
8366.0,139.8405145593773,139.8066863872313,299.42125684377214
8367.0,139.83396742061728,139.72259891760103,301.4832871713912
8368.0,139.56735291138656,139.63793236112036,299.8098237774128
8369.0,139.69028551382303,139.55373576894286,298.99214411910515
8370.0,140.07336270350845,139.46976880846944,300.6965991063062
8371.0,139.72950957328467,139.38532318022038,301.5705452420695
8372.0,139.44381230938313,139.30063211876495,299.7419023413829
8373.0,139.03547453542677,139.21645460119072,301.6382907987228
8374.0,139.23845167396263,139.13174451452477,299.12810267491193
8375.0,139.6850017347118,139.0477393723569,300.2220282778413
8376.0,138.4281421028377,138.96342701941552,296.98891497374956
8377.0,139.40292487742576,138.88002263246042,299.6183210585702
8378.0,138.62599956901184,138.7958798206298,299.82288813867774
8379.0,138.76968266352011,138.71167955954422,301.87258677997
8380.0,138.0629142787571,138.62690367475682,298.50292880045487
8381.0,138.16347522971458,138.54307410225204,300.4440235716004
8382.0,138.49441413048018,138.45869940563233,300.6606656047393
8383.0,138.04067404658386,138.37426386870834,301.68712085410544
8384.0,138.23471156388842,138.28954006893517,300.8836535261626
8385.0,137.89860919423376,138.2050419095699,299.5208329187509
8386.0,137.86161414340694,138.12092647565854,300.77964170961485
8387.0,138.20578236828973,138.0364575262784,300.5290034010445
8388.0,138.31160364252807,137.95205896448994,300.1809529927223
8389.0,137.80412637138937,137.8677581468578,299.0625918064668
8390.0,136.90119778521154,137.78377140232544,298.75544473574064
8391.0,137.27015520774074,137.69987091492885,300.311150026703
8392.0,137.341732800007,137.6155335336297,300.55947665788
8393.0,136.7481736950671,137.53112641393494,300.3814539137232
8394.0,137.40317666978422,137.44676928896084,300.4707143546982
8395.0,137.30043698937308,137.36238709667956,301.03844044786433
8396.0,137.09403093671577,137.2778454679871,299.7965995623586
8397.0,136.99260441671072,137.19365258961,301.6550839635033
8398.0,137.45910547177974,137.10893778686363,299.51652803440913
8399.0,137.49429978680945,137.02482356190734,299.71129978773246
8400.0,137.0219929608847,136.94065463855026,298.7303648654869
8401.0,137.1693750049143,136.8567611944172,300.1568871297684
8402.0,136.72514699167084,136.77246713528154,298.29109985320025
8403.0,136.19698685840638,136.6886970514061,299.8791553259966
8404.0,136.2891165279442,136.60448098861872,300.52704234238826
8405.0,137.25859367197137,136.5200829775609,299.36690925514495
8406.0,136.13615671694393,136.43601077054507,301.43322155854537
8407.0,136.07823243081057,136.3513582741574,300.2006765282509
8408.0,136.20090102917246,136.26705191749906,299.8330555636352
8409.0,136.12608509472875,136.18284880106165,300.75348062862247
8410.0,135.72028704016492,136.0983871985851,299.82522373292437
8411.0,135.3823065945039,136.01418628158677,300.5058366234802
8412.0,136.43434568202784,135.9297942258017,300.0143038838338
8413.0,136.1135916634166,135.84554020879432,300.7052198883841
8414.0,135.45275645612404,135.76109215954227,301.03773151830586
8415.0,135.66925565000017,135.67655072994089,300.50301817221305
8416.0,136.3657145374741,135.59215946567082,300.23777443199816
8417.0,135.54848171629052,135.50784269068453,299.8262165263421
8418.0,135.91153095042128,135.42364149487673,300.7167695219025
8419.0,135.8443458705317,135.33919020210266,299.8546128988884
8420.0,135.15341032236398,135.25498103164688,298.2171108480911
8421.0,135.05211383076582,135.1712317263504,299.4795992814371
8422.0,134.8874220680471,135.08712787221884,300.1698109532272
8423.0,135.05212653479057,135.0028301836428,301.17413266079103
8424.0,135.27683749854498,134.91825044805393,300.2421133769068
8425.0,134.6950591469375,134.83393245454724,300.57138226034414
8426.0,134.98368711091956,134.74952199136249,301.85655821639995
8427.0,135.19210830755557,134.66475060793005,301.3649560064626
8428.0,134.10905373881303,134.5801172827849,302.17098308735683
8429.0,134.71178772793914,134.4952575983679,300.78045820086913
8430.0,133.98420632550054,134.4107884196898,298.6666364777318
8431.0,134.51088481742994,134.3269128726123,300.2436073658334
8432.0,134.40341060931723,134.2425944595437,301.4744294776944
8433.0,134.2345735775898,134.15793039059875,300.10516260446445
8434.0,134.4090571659621,134.073650857434,300.0226400687069
8435.0,134.22240776437022,133.98939449934807,300.6103785158449
8436.0,134.43565458324903,133.9049730847148,300.2515211934278
8437.0,133.58233977096927,133.82065244917965,300.0013188864377
8438.0,134.1805159444694,133.73640207879237,300.65447047875955
8439.0,133.2957205435049,133.65196828166623,301.4501844252994
8440.0,133.81762126628757,133.56731102154012,301.0258762310397
8441.0,133.83327355971218,133.48277292129856,299.6858913561926
8442.0,133.97774032682713,133.39861113347604,300.36215435064355
8443.0,133.3009135673093,133.31425942846255,300.44139497690065
8444.0,133.95480109560845,133.22988547003985,301.3160377931091
8445.0,132.94660222089104,133.1452658827596,300.08305289290735
8446.0,132.71027220863706,133.0609925587388,300.9674080446467
8447.0,132.33026423347968,132.97647087831294,300.71610558935015
8448.0,133.46723233409284,132.89201977199326,300.1201669655168
8449.0,132.8026324667894,132.8077360251038,299.9126878328761
8450.0,131.77142430415225,132.72351054527076,300.18385191231636
8451.0,133.36363710907233,132.6392089135254,300.07904668785875
8452.0,132.01608126086924,132.55493671458055,301.3849844018766
8453.0,132.53596385506935,132.4702977647944,300.4062787913913
8454.0,132.89345674648638,132.38593366816713,299.6721736113936
8455.0,132.4640542922637,132.3017757327446,298.39336312225555
8456.0,132.14582198996825,132.21797692993442,301.3232721649413
8457.0,131.95236493374153,132.13335531100142,299.6642333012191
8458.0,131.33480461459624,132.04919960548267,298.59227337876376
8459.0,131.79007150538314,131.9653449420421,297.61075271200116
8460.0,131.6376100680059,131.88176592232213,300.042957279462
8461.0,131.92125781916207,131.79750385848615,301.62240149418
8462.0,131.65579690274183,131.71279823406653,301.0688861800008
8463.0,131.94366972711492,131.62824805519762,298.97127633734607
8464.0,131.47293612552951,131.5442869550929,301.57056857673035
8465.0,131.27014877820434,131.45959588708428,298.9816160748051
8466.0,131.33548377907198,131.37563188323662,302.50909715811014
8467.0,131.84559816589132,131.29067724511805,299.5526046058316
8468.0,131.334390026588,131.2065528886579,299.1176562537204
8469.0,131.19998858870468,131.12255068019334,300.90865001085734
8470.0,130.6817557311974,131.03804550098198,299.4959310651767
8471.0,130.60382963031483,130.95393706034116,299.3357950182081
8472.0,131.04682787737354,130.8698735912402,300.7976696004017
8473.0,131.27519342111032,130.78539957902746,300.79424161879246
8474.0,130.4956984583303,130.70092652950615,298.54957319104074
8475.0,130.62181671469003,130.61708385770166,298.63186231841263
8476.0,130.72528114934445,130.53321807636723,298.5061443308248
8477.0,130.2373546879984,130.44938760083434,301.98748115279795
8478.0,130.6280743545974,130.36457944987728,300.71212905899847
8479.0,130.39677686255325,130.28012946029992,299.5839429851951
8480.0,130.57048532629648,130.19599630297824,300.18066933547163
8481.0,130.36048074884678,130.11169556500658,298.7272535728528
8482.0,130.5796909218738,130.02780299462822,300.62208463913066
8483.0,129.37430546667562,129.94337829252538,299.9041151698993
8484.0,130.0786189647651,129.85915522018183,300.2612473451458
8485.0,129.15920986032634,129.77483185321904,299.1080360588033
8486.0,129.89976606053585,129.6908323464259,300.52035018645785
8487.0,129.43224283449646,129.6064362147485,298.5072482608126
8488.0,129.68194132828512,129.52260542919527,301.0268355594786
8489.0,129.3095061100855,129.43806705954228,299.8276724750189
8490.0,129.35993034305065,129.35386545485554,301.05516523814487
8491.0,128.91597394176796,129.2693191292845,300.48736910093885
8492.0,129.06159111331223,129.18493225979535,299.54961458364977
8493.0,129.5925645257678,129.10080874303304,299.63946606755604
8494.0,129.8672999098954,129.0166599929791,299.76096858740254
8495.0,128.16026557294128,128.9324771209675,299.7497186831847
8496.0,129.2963795357071,128.84829740830395,300.5832289250942
8497.0,128.63457548418614,128.76388361818084,298.8144653721716
8498.0,128.67589802840143,128.67996655582218,299.7542688302679
8499.0,128.22537651905373,128.59578556532568,300.659208547963
8500.0,128.74108329733082,128.5113504375918,298.7804379471283
8501.0,128.19025024761382,128.42744293126833,299.19359220577985
8502.0,128.90844278297976,128.3434193974572,299.938551333402
8503.0,128.57520956718852,128.25918665429106,301.7753449254491
8504.0,127.94367674745182,128.17443807825788,298.71681209429596
8505.0,127.9112788698644,128.0905484401947,300.7968118468957
8506.0,128.19455681875507,128.00607466886765,301.02383420560017
8507.0,128.64018506542982,127.92153714209492,300.45857275821857
8508.0,127.2397530937697,127.83715835957864,298.4651179127712
8509.0,127.87506204510335,127.75333940563148,300.1470157075531
8510.0,127.672717810294,127.66904811872024,299.65503122504583
8511.0,127.5655324807445,127.58489499745122,300.74652588653413
8512.0,128.02214122758937,127.50043534809805,299.03128932050333
8513.0,126.6654463579849,127.41645739434723,300.35916645262387
8514.0,127.39154201001482,127.33210652843509,300.24808035145804
8515.0,126.82118257789195,127.24778685920306,302.27495932233353
8516.0,127.48321578679125,127.1628979747934,301.5158321856804
8517.0,127.24526078222608,127.07822227858792,301.57257088919295
8518.0,126.82593702699168,126.99353064826322,299.9205092747052
8519.0,126.5376667079054,126.90930297190856,300.5727704066754
8520.0,126.58646145230847,126.82489211888605,299.82399283381284
8521.0,127.06178782690186,126.74069154756523,299.0789640162469
8522.0,126.38924064596894,126.65670020517065,299.5575279975741
8523.0,126.67319416377075,126.57257446605797,298.85649383296123
8524.0,126.50471142148668,126.48864560070658,297.44531353413845
8525.0,125.84529636143782,126.40511304182242,299.1149306051265
8526.0,125.5487676416312,126.32111159881083,300.5661757232413
8527.0,126.51733467983043,126.23670259779522,299.1645521869646
8528.0,126.024996082124,126.15268721938935,299.60312329103476
8529.0,125.59473007492616,126.06854867559842,300.9405093421401
8530.0,125.98452635238127,125.98403454922483,299.5423371249512
8531.0,126.36320177051839,125.89991307621555,299.97657444744806
8532.0,126.32565861420098,125.81566965489156,299.7075842008426
8533.0,124.8132884523357,125.73150177499517,299.701926340029
8534.0,125.66117856421005,125.64733548401466,300.2407817342973
8535.0,124.95072776289352,125.56301786447759,299.4467136578783
8536.0,125.48814847249925,125.47892324572533,300.5002105785738
8537.0,125.37081733376733,125.3945327699212,299.29033205489134
8538.0,125.3790210076692,125.31048206833576,300.03076316649384
8539.0,124.95000605141261,125.22622342901319,300.16479464960673
8540.0,124.63665653491385,125.14192714918242,299.46594692071307
8541.0,125.55417194114251,125.05782712908886,300.4373670753862
8542.0,125.62405830967796,124.97345430183522,301.1071377905685
8543.0,125.10899764719262,124.88889338063902,298.3890052860001
8544.0,124.87466970407408,124.80509580165452,300.22724552713083
8545.0,124.38528709361442,124.72078198353563,300.15547208255737
8546.0,124.76868422078421,124.63648832179247,300.1085372684012
8547.0,124.41769815166616,124.55220784090959,301.7796863363456
8548.0,124.66017783808579,124.46745804566345,297.2805668977724
8549.0,124.0926865023698,124.38397175312632,300.10705127807904
8550.0,124.1314300399807,124.29969168955905,299.5294442524679
8551.0,124.27993391939222,124.21557383729815,301.36932856519024
8552.0,124.32840197802716,124.13093928419278,299.88809523702014
8553.0,123.61712485730384,124.04672071078038,300.2587647751693
8554.0,123.95870706626195,123.96239804100604,301.2982182169813
8555.0,124.65145169951967,123.87778345805677,299.10471224536985
8556.0,123.9584655862036,123.79378488470121,300.8182228413712
8557.0,123.69124016847132,123.70930510045326,298.98799330996883
8558.0,124.14335864993141,123.62533930566539,298.30744678253086
8559.0,123.9875363995952,123.54156463102727,299.64892779365147
8560.0,123.65413834926767,123.4574132238052,300.13647628902436
8561.0,123.4102426990713,123.37312489671402,299.28415268243776
8562.0,123.7307367980686,123.28907593050236,300.20339392979133
8563.0,123.25584011995905,123.20476881070711,300.56686745459047
8564.0,123.29751834060974,123.12035961543029,299.08547676328845
8565.0,122.9540485868696,123.03636644403926,298.6400700454941
8566.0,122.930333693181,122.95249835770147,299.13589637310685
8567.0,123.09674991187076,122.86849102680338,301.1578286971482
8568.0,122.72528541415869,122.78391586991091,300.0627361279186
8569.0,122.07565801941698,122.69964825151497,301.32112873206705
8570.0,122.93748422760679,122.6150272345294,298.6925462044913
8571.0,122.61256252092797,122.53114441113695,299.3527017754551
8572.0,122.58739262847553,122.44707619405503,299.17864110002023
8573.0,122.70303711118412,122.3630568590128,299.9689984533551
8574.0,122.35801905682176,122.27881556528047,299.4985423674158
8575.0,122.08224351379079,122.19470639129892,301.33031455655765
8576.0,122.41975625824887,122.11008279462764,297.99765017335545
8577.0,121.89838670486265,122.02639512120396,299.27820832314455
8578.0,121.07889490156558,121.94234782436656,298.93075096410513
8579.0,121.60765803725297,121.85839810513745,300.6820451575534
8580.0,121.76783619391666,121.77395656412239,300.1781270150366
8581.0,121.51191930102193,121.68965654011897,299.64394014666885
8582.0,121.41061243648377,121.60550653359445,299.49723552394477
8583.0,121.36502323531222,121.52139772661812,300.3402304395913
8584.0,121.61947668847664,121.43705217856969,299.5499808181703
8585.0,122.20903027182507,121.35292855895655,299.55548575578086
8586.0,121.57972709080916,121.26880339337349,299.17518107993266
8587.0,120.74473894635673,121.1847850300202,300.4861957495753
8588.0,121.86389520290469,121.10039849004721,302.4186363278051
8589.0,120.82009927764393,121.01546925634514,300.1619858391202
8590.0,121.08201505847165,120.931173765322,299.44417120872924
8591.0,121.3967145370057,120.84707986057421,301.35327666902555
8592.0,120.95657182663612,120.7624498153763,299.9699403009871
8593.0,120.403617736003,120.67820825714176,300.304867169612
8594.0,120.92125762446304,120.59387264027829,299.21432638829754
8595.0,121.10958475662675,120.5098432836176,300.36364652850017
8596.0,120.79333554851587,120.42549115955087,299.6676427984418
8597.0,121.0071139780562,120.34133449653166,300.365963762711
8598.0,120.5171161960954,120.25698172170831,300.3864361291254
8599.0,119.1117084599723,120.17262319756206,298.7299558687692
8600.0,120.43028336509782,120.08872986828894,301.59897543584333
8601.0,119.55379517113116,120.00403082268737,300.0237615565615
8602.0,118.89575337720399,119.91977414965021,300.5403861614833
8603.0,119.2365727010111,119.83537239120322,299.81990429576575
8604.0,119.65039024178154,119.75117296808018,300.120049037401
8605.0,119.6072297653993,119.66688925430884,300.79659870260593
8606.0,119.77384926365939,119.58241554283988,298.6673388152812
8607.0,119.5499832134776,119.49853979852261,299.9298098002306
8608.0,118.99202199903114,119.41430951027041,299.8593426203663
8609.0,119.1680537525253,119.33009901155118,299.9363245934697
8610.0,118.82739518566167,119.24586689372785,300.6953811618676
8611.0,118.91539471368777,119.16142160751824,299.82178766525783
8612.0,119.06830100480734,119.07722165548223,300.5758527266087
8613.0,118.82164071942984,118.9928099368415,299.9564279575107
8614.0,119.00587948967586,118.90857217332344,299.53015127385675
8615.0,119.46787090292098,118.82445412250733,299.9997286617073
8616.0,118.79545817845006,118.74020419870814,299.41356180227507
8617.0,119.21149893533732,118.656118890102,300.52025693177336
8618.0,118.13989966605679,118.57172278461367,301.0877238187247
8619.0,118.22982265796412,118.48716731550793,299.7916917774969
8620.0,118.56571521099136,118.40297581540041,300.03368795092246
8621.0,117.91506559008228,118.31871635470087,299.55440246787316
8622.0,118.70336686456781,118.23459149334116,298.6666724261875
8623.0,118.16273609315081,118.15071593616811,299.4370131486942
8624.0,117.71915852426537,118.06662404164217,300.3356040873107
8625.0,117.97082167302425,117.98227979282764,300.99359041517596
8626.0,118.10726620323314,117.89775075951938,299.8455129937298
8627.0,117.60223733009711,117.8135441446203,299.51317249266265
8628.0,117.57835421226608,117.72943086201194,297.7461410420363
8629.0,117.66242650043853,117.64581382073597,301.11262121947533
8630.0,116.80263389889919,117.56125135961018,299.5904833936684
8631.0,117.08122392975942,117.47711636552381,298.68505072036277
8632.0,116.86739043879993,117.39323564711317,301.8575142543905
8633.0,117.93349373348019,117.30846399519336,298.98197396429794
8634.0,117.46108269980422,117.22449989083842,299.5521718716898
8635.0,116.43343413492123,117.14037565590445,299.02855282550865
8636.0,117.14770613783503,117.05639847065261,299.43903120596667
8637.0,117.60769348775463,116.97230600938894,299.95819109789454
8638.0,117.40657535036864,116.88806775072231,301.860671456871
8639.0,117.38871596981863,116.80329521215484,298.11819208059273
8640.0,116.43987586734852,116.7195736865455,299.6224235252803
8641.0,116.72534606275235,116.63542972260552,301.1241214240729
8642.0,116.91671494646063,116.55086403183893,299.36177995366427
8643.0,115.56303063769695,116.46679326530196,301.2560230573166
8644.0,116.84141522618968,116.38219053216004,300.1034019089149
8645.0,115.9738725286037,116.29791149345726,300.02056483189523
8646.0,116.46292646022874,116.21365571816695,298.9850938967881
8647.0,116.63151454908629,116.12969073763091,299.76585820817746
8648.0,116.01160215511173,116.04550649245077,299.9436806678878
8649.0,115.97372856003325,115.96127230879652,298.96037785308073
8650.0,115.32441974995585,115.87731426934948,299.31755908218986
8651.0,115.91477021414663,115.79325592150725,300.6328223777896
8652.0,115.3911556498952,115.70882820388952,299.29700811643374
8653.0,115.49558141209258,115.6247756274435,300.78728859781796
8654.0,115.2875001585917,115.54030453056225,299.68654495324466
8655.0,116.08778053181115,115.45614255918787,300.57997472627017
8656.0,115.43367480337422,115.37172968295225,298.9920870625414
8657.0,115.5096958925003,115.2877627385022,299.96034674550316
8658.0,115.11453019722175,115.20352387445783,299.2346885136171
8659.0,114.59189072658059,115.11948879943358,300.1902615827966
8660.0,115.65106614854885,115.0351853676391,301.2536138904949
8661.0,115.49885712910269,114.95058331107154,300.74453526200944
8662.0,114.30154716542606,114.86612422075214,300.100995661197
8663.0,114.77987407032508,114.78184585780394,302.1094172032872
8664.0,113.53215028846668,114.69700346313937,300.4944102359319
8665.0,114.98735213019799,114.61261461626475,300.0401316482054
8666.0,114.39320572056175,114.5283533459602,300.89640316477244
8667.0,114.85765636750686,114.44385160607142,300.42581960570743
8668.0,114.42472062040892,114.35948202173218,301.27699691441904
8669.0,114.30840849162216,114.27487339843206,299.9255288649144
8670.0,114.52411001705073,114.19064431240919,299.12714251621156
8671.0,114.45760724258109,114.1066394398859,301.974282256676
8672.0,113.01182421376299,114.02183499561878,300.1599267765242
8673.0,114.22440002551599,113.93754008284905,299.7442208859125
8674.0,114.06698621248897,113.85336191415026,300.21292822285886
8675.0,113.86477753804313,113.76905211680769,298.85206616032093
8676.0,113.93862977703296,113.68512449489435,299.6039375005883
8677.0,113.471442569065,113.6009857224463,299.4999248851618
8678.0,113.32035938848404,113.51687616020774,300.49101546438504
8679.0,113.82904177606352,113.43248826669817,300.36551359057194
8680.0,114.2887634058441,113.34813561829814,299.0927629316957
8681.0,112.95611403930062,113.26414040070814,298.74479624922157
8682.0,113.38270247863674,113.18024290376148,298.62629376766085
8683.0,112.8804461115065,113.09637868626174,299.1363170107485
8684.0,113.20677191232902,113.01237123723455,300.51297968994857
8685.0,112.96188124117435,112.9279771754383,299.1941263413963
8686.0,112.97408256743083,112.84395349162406,301.18338075512213
8687.0,112.93385003318488,112.75937115886202,300.66434236264774
8688.0,112.46673101279369,112.67493458938182,300.88166721813377
8689.0,113.12579780242365,112.59043698783806,300.1164388361327
8690.0,112.21913474588249,112.50615428793158,299.8714627674145
8691.0,112.9068813192283,112.42194038547106,299.5808975728668
8692.0,111.6430490240528,112.33780808340268,299.688770573223
8693.0,112.35450596634277,112.25364548700001,299.1235352169583
8694.0,112.21576691820036,112.16964162752657,299.4597741910848
8695.0,112.21182166232077,112.08554334094124,299.23196893580877
8696.0,112.30141229270522,112.0015090296651,300.4348259908872
8697.0,111.97526593466668,111.91713691603267,300.79677466008394
8698.0,111.92001507932233,111.83266315514896,300.5510503203137
8699.0,111.83750420295321,111.74825840185068,300.76451402461146
8700.0,111.48944792453177,111.66379370082876,301.20951411791805
8701.0,111.9098505750244,111.5792040289473,298.8353521392033
8702.0,111.79322625852797,111.49528110088819,299.03289611652923
8703.0,111.06913814792227,111.41130269589546,301.39069828040033
8704.0,111.4720326397486,111.32666214146174,299.4346171053978
8705.0,111.77179394802216,111.24257091982463,299.9992393338094
8706.0,111.2987769968618,111.15832113344506,300.4096185333231
8707.0,110.91653918063184,111.07395609890693,301.1706415459606
8708.0,111.31541488017422,110.98937734373945,299.51618050391124
8709.0,110.98806888080182,110.90526321638126,300.61699087576517
8710.0,110.43469102694685,110.82083994477699,299.2803636117585
8711.0,110.21688770984282,110.73679204266267,299.7649613451667
8712.0,110.63543864820309,110.65260804935156,301.7849248070235
8713.0,110.00053973482721,110.56785678296828,300.2656903074096
8714.0,109.96020644505919,110.4835321682736,299.0085124434872
8715.0,110.64163589396705,110.39956061102907,300.8198484170715
8716.0,110.53423860578374,110.31508037026526,298.58376175153694
8717.0,110.16253426581963,110.23122809717336,300.1155817268273
8718.0,110.16758459554619,110.14694563797175,300.28103776799975
8719.0,110.58092609639138,110.06261671319858,300.0621896562199
8720.0,110.1682170467977,109.97834924827015,299.5534728571944
8721.0,109.71647016103734,109.89422464797606,300.55244522884965
8722.0,109.66913580559142,109.80981950294097,299.4753855806428
8723.0,109.37582251436288,109.72571683215706,299.95055565733236
8724.0,109.24823688297816,109.64148071777663,300.7063740965287
8725.0,109.61474496572575,109.55703234438451,299.71362760248877
8726.0,108.92807017690258,109.47286276729946,301.3840789950525
8727.0,109.44632212505773,109.38822407178169,298.84850577570984
8728.0,109.54434940823649,109.30429744974299,300.23465542865875
8729.0,109.1549301793468,109.2199815506768,299.13614787688584
8730.0,109.39070881518589,109.13597414914807,301.1248024788623
8731.0,108.89567500371776,109.05140826711859,297.78567665940204
8732.0,108.9480365660645,108.96778012292339,300.1860826496153
8733.0,108.08886594303925,108.88347786471262,300.8726948045385
8734.0,108.13674827178998,108.79898278292167,300.74992137838035
8735.0,109.56819049005837,108.71452218000124,300.5685584963322
8736.0,108.19933986655435,108.6301125098235,299.97663857227695
8737.0,108.21946599168936,108.54586907049112,299.28332500461056
8738.0,107.62408640546616,108.46182033671903,300.82746985181984
8739.0,108.91205901142555,108.37733795560229,301.90732724617783
8740.0,108.07646164330968,108.292552314534,301.0177509239355
8741.0,108.02620947090442,108.20801649614951,299.3714719196219
8742.0,108.31534696113702,108.12394300778543,299.2956340833192
8743.0,107.64663909801641,108.03989081721372,299.24434996222254
8744.0,107.86559700012457,107.95585302893265,300.5582752475972
8745.0,107.86354817509503,107.87144624663392,299.85589472483343
8746.0,107.78482127265265,107.78723671619873,298.83493605480527
8747.0,107.49078865803985,107.70331390499004,300.6460584640235
8748.0,107.72194557969713,107.61888247023805,300.62938879999354
8749.0,107.88429104758349,107.53445571688337,300.8329278105676
8750.0,106.61803893176705,107.4499718029899,300.1833572981753
8751.0,107.29850767358572,107.36567031014867,298.61661607743997
8752.0,107.19396465863365,107.28180881046691,300.0004750800384
8753.0,107.8104181787549,107.19755867704858,299.13839629767557
8754.0,107.1228103406123,107.11355064408835,300.0407892663378
8755.0,107.29490936724672,107.02928918910274,300.4674393978267
8756.0,107.86044757515899,106.94490791653853,300.2918683751561
8757.0,106.46702562849754,106.86057595016982,301.271812722528
8758.0,106.78889572862388,106.77596878276357,299.35897826539014
8759.0,106.26005580294674,106.69189880303402,298.9697252330868
8760.0,106.98926542479144,106.60793813853105,300.17701369108545
8761.0,106.13277904285891,106.52363842718614,300.2029652709567
8762.0,106.58305480277235,106.43933142777257,300.34525935275525
8763.0,106.29844214466407,106.3549844674377,297.9898357253039
8764.0,106.49574155568735,106.27129898857153,299.5390115948339
8765.0,106.44424019316048,106.18717844948196,300.10540390661197
8766.0,106.36295497114256,106.10289884855155,300.1928641970554
8767.0,106.03687294632753,106.01859468585623,300.6781153085444
8768.0,106.07093457396539,105.93415424847375,300.37189671218806
8769.0,106.57395519421961,105.84979980748044,298.1511141477818
8770.0,106.02939067946826,105.76606903625728,298.51047597707503
8771.0,106.03629733266251,105.68223734425374,299.32942136091367
8772.0,105.21962097720115,105.59817566508823,299.93169482381717
8773.0,104.96524838180028,105.51394484745853,300.5424438701413
8774.0,105.83127374339823,105.42954251113834,300.4459207799795
8775.0,104.84416121974617,105.34516728171927,301.64236420163087
8776.0,105.15558141032253,105.26045605110596,300.4711293712898
8777.0,104.97742211865682,105.17607374227421,300.5405634806886
8778.0,105.27575076020267,105.09167193403007,300.27903137401034
8779.0,104.74806769527653,105.0073435727192,302.4469886844064
8780.0,104.78911804771828,104.92240637673032,300.98613899636143
8781.0,104.85685496990907,104.83787943602886,300.5247889398862
8782.0,105.096267349547,104.7534820578016,299.2354321230047
8783.0,105.48866545718111,104.66944677394707,301.4261357214152
8784.0,105.00472735011026,104.58479626749862,301.17271905267717
8785.0,104.7898672907259,104.50021692889801,299.1371927870884
8786.0,103.61689183393473,104.41620923392365,299.8884526775698
8787.0,104.59038124533039,104.33199056013005,299.30740075980736
8788.0,104.47456780126664,104.24793506508335,300.1553866399251
8789.0,104.02042518236243,104.16364142733532,300.09512187311236
8790.0,104.8688740800131,104.07936471394261,298.3144998399623
8791.0,104.06911849829791,103.99558805857086,302.47259034742234
8792.0,104.55607391808712,103.91064367278166,298.7706709703372
8793.0,103.65782937205113,103.82673890935084,299.47801426449723
8794.0,103.81496814987848,103.74263550034492,300.011188702715
8795.0,103.88800464943547,103.65838235818424,301.35118177460475
8796.0,103.41868789974792,103.57375290130251,299.1721005939467
8797.0,103.49451518865648,103.4897354030524,299.873563556649
8798.0,103.77398565504456,103.40552091062025,299.7954685581536
8799.0,103.58746560311393,103.32132834986685,298.67805085125116
8800.0,102.77670050847526,103.23744959725279,298.449058071137
8801.0,103.89699678919521,103.15363515344451,297.77049208024283
8802.0,102.7203396897118,103.07001127358531,301.5165868161242
8803.0,106.96244592316694,102.98533536545447,299.3359591060247
8804.0,102.47279919165408,102.90127185027224,299.29275387963366
8805.0,103.16132603408437,102.81722046855771,299.647962314144
8806.0,102.85500882699331,102.73306933247451,300.9740434990269
8807.0,103.07034367824875,102.64854578859183,299.8045721151614
8808.0,102.78105967678317,102.56435067125618,301.2266570287863
8809.0,102.44816238569494,102.47975618507391,298.85755829049447
8810.0,101.53537903054271,102.39582702078731,298.34967022614245
8811.0,102.90510506143123,102.31204048839881,299.13000206755066
8812.0,102.4580401880807,102.22803481281818,299.3202050973928
8813.0,102.09227900034965,102.14397572188668,300.2839143186897
8814.0,101.83051910474414,102.05964598928219,299.33090575985585
8815.0,102.03743539797229,101.97558389324796,301.561862095903
8816.0,101.97493853826587,101.89089527030936,300.92626131792076
8817.0,102.02583812074819,101.80638514525587,299.3099200717873
8818.0,102.1577976834079,101.72232894270239,300.77847093257833
8819.0,101.86983248134672,101.6378603221155,299.1281094502045
8820.0,101.72810661128864,101.55385517804491,299.19939733025575
8821.0,101.8329705478515,101.4698300139613,300.0351824431521
8822.0,101.51283158719299,101.3855701335585,299.42814239699027
8823.0,100.9829474312119,101.30148073023533,299.9666523400702
8824.0,100.75795026608228,101.2172400953698,299.3755062809068
8825.0,101.38540247977743,101.13316547402262,299.8872692028594
8826.0,101.0493614156255,101.04894713258814,299.721969502342
8827.0,100.03937084972877,100.96477521281955,300.1703749994847
8828.0,100.77206476413195,100.88047736584052,300.8467003048056
8829.0,100.26568681265879,100.7959895841716,300.0897519944709
8830.0,100.63953334340788,100.71171437881983,300.0628478764021
8831.0,100.35376004842492,100.62744672904121,300.895913524978
8832.0,100.60533037364505,100.5429451266596,299.9276571126169
8833.0,100.36525204436859,100.45871544295383,301.2539806899241
8834.0,100.34029208823671,100.37411328337674,300.2254872845455
8835.0,100.16736343527212,100.28979995903103,299.7403043358849
8836.0,100.57006315554482,100.20562289023005,299.88401196932796
8837.0,100.35823714052258,100.12140546353532,301.1804100131042
8838.0,100.01265969333792,100.03682396505663,300.7390476858905
8839.0,99.58124784233934,99.95236641583152,299.0604400533178
8840.0,99.44259238974838,99.86838027558322,299.6462334556867
8841.0,99.84231469282437,99.78422962502108,303.35437554011014
8842.0,99.91581195465263,99.69903760455693,299.815332540006
8843.0,99.4433390812315,99.61483946533527,298.3215073470817
8844.0,98.23850526837124,99.53106084202197,298.91695957646584
8845.0,98.5603632390579,99.44711499587423,300.43369080557204
8846.0,99.52430781184218,99.36274320103968,301.8113079052698
8847.0,99.52860525166466,99.27798452540293,298.7878407458959
8848.0,99.00917783991672,99.19407494012681,300.42873468540006
8849.0,99.80419899074323,99.109704537136,300.2376641138315
8850.0,99.2230275018108,99.02538779313066,300.57724775854706
8851.0,99.57782487106029,98.94097568271847,300.0552314830158
8852.0,98.66943038047165,98.85671017187697,299.6371983533933
8853.0,99.1136147912891,98.77256205867272,299.3729034104935
8854.0,99.24883330979829,98.68848816829828,300.36723708111333
8855.0,98.38399540491045,98.60413503588465,298.96683394696413
8856.0,97.85569383173157,98.5201751833512,298.95460248106986
8857.0,98.90624698615136,98.43621876582111,300.3719078092982
8858.0,98.63684242282515,98.35186432171133,299.5455547235585
8859.0,98.34656163153471,98.26774194509312,300.1036451737595
8860.0,98.13160868348996,98.1834628380735,299.03939588660086
8861.0,98.65861282999896,98.0994826077287,299.9267224267877
8862.0,97.82259310186397,98.01525318651386,300.73391261505765
8863.0,98.2269519941186,97.93079707938782,299.97606305815833
8864.0,98.19858409443144,97.84655380167902,299.08181264035767
8865.0,97.53282308848597,97.76256165929587,299.90193068994193
8866.0,97.92616815133971,97.67833920042708,299.73448996847645
8867.0,97.82472422938062,97.59416376449428,299.8351813898802
8868.0,97.32109475813309,97.50996005105394,301.5664819483314
8869.0,97.44677149065018,97.4252701307068,298.2337505246883
8870.0,97.21866041838157,97.34151615243448,298.45917763337025
8871.0,97.476961595396,97.25769886671577,301.03027914868954
8872.0,97.47810093863907,97.1731595299882,298.42083502402875
8873.0,97.61409183282609,97.08935301215232,299.5213741754785
8874.0,96.90216749713989,97.00523742623801,300.7112535834899
8875.0,97.37277570383682,96.92078768252333,298.9401221444865
8876.0,96.79110959927016,96.8368353315544,300.2859423253174
8877.0,96.19066025349078,96.75250502941806,298.71143245631305
8878.0,96.42464974461461,96.66861690213658,300.4605249362708
8879.0,97.1824534061508,96.58423757138365,301.16131128231297
8880.0,96.94921217809765,96.49966143646517,298.6570939144603
8881.0,96.817354627906,96.4157885692575,300.9866982656433
8882.0,96.90075670207942,96.33126147149456,298.04493170946097
8883.0,96.4145218895824,96.24756051983948,299.68910829000436
8884.0,95.9391555616206,96.16339782859467,299.5608299682912
8885.0,95.76510753717314,96.07927116217854,300.7361233977515
8886.0,95.92823890837066,95.994814434191,301.245337852416
8887.0,95.21397179024419,95.9102147018108,300.2850660974858
8888.0,95.60581911591659,95.8258846457484,298.5661078479254
8889.0,94.92243726998166,95.74203733046112,298.33382322619957
8890.0,96.36405996002821,95.65825524843841,300.5263504518926
8891.0,95.12864006258957,95.57385743168649,302.59147159984946
8892.0,95.26109385335867,95.48887966007885,299.5348807309221
8893.0,95.15454281307593,95.40476028107359,301.8260095179512
8894.0,95.29851523782594,95.31999747673396,301.2442283886077
8895.0,94.50385007849022,95.23539805592819,301.61084591416443
8896.0,94.49687940302552,95.15069567670062,300.1141574242381
8897.0,95.50749963861408,95.06641361749064,301.04976197252796
8898.0,95.0842530446437,94.98186880933667,300.14910835942555
8899.0,94.69348731464349,94.89757693473906,301.5093236353613
8900.0,95.35052686199842,94.81290306635145,300.99522130684556
8901.0,95.12564990245187,94.72837357503448,300.43442135900085
8902.0,95.08585082096755,94.64400157503617,300.4077228778585
8903.0,93.51098845690049,94.55963707286128,300.20576456275296
8904.0,95.23211405753908,94.47532928731323,300.05358885068557
8905.0,94.38133690644901,94.39106423777767,300.38223511511444
8906.0,95.23003245883571,94.30670689341616,301.12761809516877
8907.0,94.63020908070546,94.22214022066777,298.6608887553793
8908.0,93.97207031809243,94.13826628774231,300.53744395113745
8909.0,94.52148401826969,94.05386535556605,300.68569704126634
8910.0,92.93944570924639,93.96942278898032,299.3557723598133
8911.0,94.27114734194299,93.88535370957595,299.2848680990484
8912.0,94.0153176995946,93.80130454245149,298.4819194087123
8913.0,93.82419447405908,93.71748087008419,298.11390140336374
8914.0,93.71876153175617,93.6337605494401,299.75959397550355
8915.0,93.45294137438789,93.54957806346532,297.7389026128086
8916.0,93.39020230335403,93.46596305498156,300.10530139822714
8917.0,93.32027671821514,93.38168348283888,299.29312849566753
8918.0,93.33355922297106,93.29763199591969,300.8323496534839
8919.0,93.60174818941748,93.21314824439199,301.25862240414955
8920.0,92.86554471711834,93.12854478126684,301.63271669908085
8921.0,92.9669879142027,93.04383625999384,300.62045003576856
8922.0,93.10951921115611,92.95941201694211,299.0509865481413
8923.0,92.11294903637344,92.87542853155315,298.95898705151063
8924.0,93.17775615965178,92.79147088268952,300.40643415716806
8925.0,93.21794084558272,92.70710674243041,300.6151714824961
8926.0,92.53223820044555,92.62268398177238,299.4991932450285
8927.0,91.81428713176675,92.53857462500275,299.29747043586406
8928.0,92.48920207935981,92.45452191872201,301.01108758523355
8929.0,92.81827226066792,92.36998797162516,299.28568496291507
8930.0,92.28740423630214,92.28593857509807,301.03174354850665
8931.0,91.9615783363972,92.2013988271182,301.13963446433894
8932.0,92.16958134335566,92.11682877977277,302.21145131407343
8933.0,92.58753993929054,92.03195773052876,300.5938709780038
8934.0,91.98357996235924,91.9475409517624,299.1205443370105
8935.0,91.90004116536716,91.86353793222776,298.98153772811315
8936.0,91.37214167437763,91.77957395038243,300.400861154579
8937.0,92.02632769716446,91.69521137520823,299.6548781203353
8938.0,91.82856233345107,91.61105829693612,299.0400484795958
8939.0,91.63881421056449,91.52707788332141,300.68171197793697
8940.0,91.1310050650094,91.4426364358743,301.4466841769122
8941.0,90.97214198329357,91.35798015873462,300.5088018874359
8942.0,91.32350180130103,91.27358727020456,297.7638353587307
8943.0,91.74064473133494,91.18996525977465,299.7969685100293
8944.0,91.25094398012276,91.10577227778472,299.36032507156216
8945.0,91.09330449385959,91.02170191982714,299.71797436752604
8946.0,90.94338363881481,90.9375311220256,302.0021742686989
8947.0,91.23896555082221,90.85271884475183,299.8522248758869
8948.0,90.89719507211916,90.76851034493254,300.33630367616803
8949.0,90.89198625658838,90.68416589965017,298.4027427479771
8950.0,90.38263743615846,90.60036446272845,299.3543792856687
8951.0,90.26593850586481,90.51629577454574,299.5467169279241
8952.0,90.42641410393509,90.43217307154183,297.91566678219715
8953.0,90.60968027887552,90.34850842178719,300.8402666822377
8954.0,89.69171256112716,90.2640224468939,300.0143337549821
8955.0,90.11558285657824,90.1797684214977,299.985617751154
8956.0,90.33631563927962,90.0955224605126,298.83866961920387
8957.0,90.40318023086786,90.01159860079454,301.05077962722174
8958.0,90.20214438098927,89.92705350684922,301.14418757315093
8959.0,90.39912618696071,89.84248218083908,298.86686300401715
8960.0,89.8710150523488,89.7585504034788,301.2480163481955
8961.0,90.26395631675722,89.67394991888766,299.65015394211093
8962.0,88.83193210982526,89.58979816732224,300.01245674090217
8963.0,89.80734283274386,89.50554466905416,300.86301522894877
8964.0,89.06475107021691,89.42105230561071,299.3440174634459
8965.0,89.0017099573036,89.33698652737303,298.8626801716757
8966.0,89.36641961319347,89.25305592469151,299.2206578468277
8967.0,89.57864150337039,89.16902478994618,298.7810765177572
8968.0,88.97114604849153,89.08511710429076,300.4515715826404
8969.0,88.81686726241676,89.00074028793796,300.21763012715246
8970.0,89.21054880528855,88.91642917014391,299.2053903474727
8971.0,88.88572370922914,88.83240232302131,299.65496301339266
8972.0,87.95041822181524,88.74824922090839,300.5286516672265
8973.0,89.31982944299295,88.66385075789852,300.3354323056125
8974.0,88.30767755412856,88.57950655732601,300.6001131377906
8975.0,88.41292547848235,88.49508802555317,299.833693520698
8976.0,88.2518334572205,88.41088472995611,299.89380429571065
8977.0,88.15117767317108,88.32666455324971,300.3414847211826
8978.0,88.60860926863946,88.24231865295718,300.42438756955687
8979.0,88.35040126844704,88.15794947078142,303.03074316266947
8980.0,87.71836967639308,88.07284833707658,298.4028170602551
8981.0,88.34912419080005,87.98904687928552,299.4901031818629
8982.0,88.24499205122613,87.90494007530859,300.39397649949854
8983.0,88.04568744645769,87.820579433575,299.67743747252837
8984.0,88.20885257653147,87.73642001988478,300.0902295914687
8985.0,87.88436443557228,87.65214468040786,298.8634696887323
8986.0,88.19850856980297,87.5682138560036,300.52947997471654
8987.0,87.32947525470536,87.48381516037739,298.0488521426761
8988.0,86.97716808045718,87.40011310773397,298.95528780285986
8989.0,86.95332071546032,87.31615649774265,299.43386036317645
8990.0,86.8644085513463,87.23206548862399,297.67231912907715
8991.0,88.13770508025964,87.14846917900188,299.1490694422435
8992.0,86.62353822761094,87.06445814866683,300.16716328995795
8993.0,89.51279478776772,86.98016120364292,299.53327979400444
8994.0,87.6020629665975,86.89604227423412,300.432467107708
8995.0,87.75676025144669,86.81167082305473,301.4761108500109
8996.0,86.10390689631416,86.72700628192437,301.1906526478318
8997.0,86.4645368779433,86.64242190697243,299.2408108856467
8998.0,86.12597982614699,86.55838511258207,299.28101993167246
8999.0,86.44682145825804,86.47433702615126,300.0761072930802
9000.0,86.2969610767801,86.39006565268645,299.24636197500286
9001.0,86.5540703665112,86.3060272993651,299.50771913691415
9002.0,86.83802082693727,86.22191554824084,298.3016971043666
9003.0,85.92914622638854,86.13814248830403,300.46052841558804
9004.0,86.56390255528827,86.053763156574,299.88470754856496
9005.0,85.59614040894104,85.96954553453745,300.84843274703115
9006.0,86.89435569652943,85.885057266341,301.1014862645361
9007.0,85.94002367437184,85.8004979322817,300.0511387625784
9008.0,85.73067667348265,85.71623357081252,299.1800574725754
9009.0,85.69421238291123,85.63221383800564,301.9351393681354
9010.0,85.41496251029538,85.54742038636644,299.48993014229427
9011.0,85.12400950154368,85.4633136309848,302.0767758080463
9012.0,85.31787624283092,85.37848040311206,299.11862513018605
9013.0,85.20852546151804,85.29447792255465,300.7343804431416
9014.0,85.33219807806454,85.21002168404684,298.57313176236977
9015.0,84.93091920438891,85.12617239621022,301.2998858624656
9016.0,85.06934570128482,85.04155734493051,298.1556449649056
9017.0,85.44059291474304,84.95782530130288,300.73331765527416
9018.0,84.4270919646842,84.87336936126133,301.72936460224327
9019.0,85.00319806305666,84.78863369803557,298.6468593413563
9020.0,85.1350389845958,84.70476370503722,298.1413266407603
9021.0,84.2158968044499,84.62103568247228,300.69057297453173
9022.0,84.95509001279653,84.53659174656194,296.87563645541076
9023.0,84.77438495656092,84.45321917199072,297.18562293948503
9024.0,84.60210419788284,84.3697595428819,299.4777253224893
9025.0,85.15914556785575,84.28565621502051,298.9974235959238
9026.0,83.80924352769618,84.20168777189397,299.94561040064104
9027.0,84.19288240560266,84.11745304630648,299.4012997640017
9028.0,83.43656270552479,84.0333711812894,300.20722666567553
9029.0,84.9163105608486,83.94906298513413,300.8743765371459
9030.0,83.39482898727793,83.86456743105663,301.32302219587444
9031.0,84.12880598706462,83.77994588232328,298.33943606878216
9032.0,83.66646622816145,83.69616222402732,300.00637975935626
9033.0,82.73896223446292,83.61191043237827,302.60162664286133
9034.0,84.13120412657545,83.52692980889603,299.32330422923576
9035.0,83.62836446559146,83.44286984762499,301.83989330763274
9036.0,79.66705629107595,83.35810314425441,299.9048486316889
9037.0,82.95985985337535,83.27387986593035,302.1658944537083
9038.0,82.76213483428054,83.18902161057127,299.5914666057815
9039.0,83.00992857192985,83.10488634036615,302.1619536168872
9040.0,82.7562238635217,83.02002919172543,299.84239730011234
9041.0,83.93674016706694,82.93582345181701,300.9040121117006
9042.0,82.69125731662797,82.85131957508233,298.6196294884458
9043.0,82.69167731466611,82.76745722913431,300.6139783916522
9044.0,82.5458457684276,82.68303480353597,299.1908016899426
9045.0,82.85805308394767,82.59901205339472,299.26973614184027
9046.0,82.22676366486156,82.51496713582824,300.41150376364976
9047.0,82.29637769153776,82.43060157185465,302.3876125124135
9048.0,82.60139247949256,82.34568105067409,299.66496797641616
9049.0,83.098370141617,82.26152513883406,299.41950651632914
9050.0,81.94204910079289,82.17743816075406,299.8565769005289
9051.0,81.73131274487928,82.09322843874116,299.9115037133534
9052.0,81.72747051166111,82.00900329144832,300.35785306874396
9053.0,81.76838373145674,81.9246527943782,299.01067317597807
9054.0,81.68917832226467,81.84068063032794,299.14235367250615
9055.0,80.76588993574887,81.75667148600488,300.63836166236814
9056.0,81.32717987613968,81.67224221277137,300.7722379757398
9057.0,82.32558854970178,81.58777534260649,299.31050219666025
9058.0,81.11840181785175,81.50371897657296,300.72531423463306
9059.0,82.03964108404686,81.41926528415874,302.1620013474537
9060.0,81.542333368261,81.33440812211367,298.2017270963024
9061.0,81.2960131391205,81.25066313708749,299.88596355483577
9062.0,81.10018333636802,81.16644516232247,299.8441081000581
9063.0,81.29537236828202,81.08223894196438,300.39277013478187
9064.0,80.82717897484282,80.99787863901817,302.01740702913384
9065.0,80.73870999727752,80.9130620838775,299.63375937198424
9066.0,80.34809039958803,80.8289149364539,301.37521962555115
9067.0,80.98997201324411,80.74427872894239,298.88307159610304
9068.0,80.23936265748057,80.66034239966916,299.5174209030993
9069.0,80.46040283847314,80.57622792396555,299.49085988333616
9070.0,79.92585257071923,80.49212090748162,298.9268981205888
9071.0,80.76776271255632,80.40817227025946,301.80833870412937
9072.0,79.77276980924164,80.32341442847337,301.0131047545784
9073.0,80.42129736206542,80.23887991488812,298.73467050646065
9074.0,79.79103549235344,80.15498526158754,300.4490101518413
9075.0,79.550911258655,80.07060916456989,299.68806018487027
9076.0,80.03246966267699,79.98644676766797,302.5771971544
9077.0,80.41917741715339,79.90147300480045,300.2598792523193
9078.0,80.10454335264775,79.81715002204378,301.0857590726547
9079.0,79.3665355477266,79.73259510470419,299.5632164562443
9080.0,80.1044794091453,79.64846776808272,299.14291562647054
9081.0,78.79635666883499,79.56445846594431,300.7406297851241
9082.0,79.92931512460628,79.48000047241297,301.20503343016725
9083.0,79.42664560378385,79.39541205885797,300.94198271050817
9084.0,78.40527954584962,79.31089751871345,299.17712822643455
9085.0,79.17459694175496,79.22687860853654,298.66111036845507
9086.0,79.0215572780937,79.14300461337473,300.6101713092404
9087.0,79.02678354025029,79.05858325693207,300.50326238434104
9088.0,79.52290958062014,78.97419192407911,298.94349274051683
9089.0,79.69602554895226,78.89023862653448,299.51949420671946
9090.0,78.21354161434213,78.8061235685781,300.7212006309259
9091.0,79.09787712135231,78.72167103140094,297.98718769671564
9092.0,79.12831943880848,78.63798629618947,301.57995167435126
9093.0,78.72950798551823,78.55329259309424,300.2141196488824
9094.0,78.59409319922524,78.4689824611595,299.74500206134553
9095.0,77.74963147456464,78.38480407308063,300.69948884535677
9096.0,78.10829045757471,78.30035763329653,301.0038965106123
9097.0,78.33248928002818,78.21582570569313,300.41570492778067
9098.0,78.54733250565307,78.13145896189259,300.00460263448025
9099.0,77.86393385641527,78.04720766931939,299.12788442513363
9100.0,78.04399021252476,77.96320258844334,298.97725506270183
9101.0,77.85809583731792,77.87923980931325,299.6530036718437
9102.0,77.31002305352517,77.79508725744871,300.6091234712367
9103.0,77.74818968940805,77.71066619527387,299.939149411067
9104.0,77.32073162924388,77.6264332841476,299.7492925513487
9105.0,77.50363696030585,77.54225369115608,299.28968208790866
9106.0,77.49122916641299,77.45820317210305,299.784045042939
9107.0,77.4872833585177,77.3740138194535,299.7170075472597
9108.0,76.2225914038819,77.2898432931673,301.01414162917007
9109.0,77.46381698631943,77.20530848839309,300.79140374743974
9110.0,77.27476529679397,77.12083623584067,299.6437880123237
9111.0,76.75576189644674,77.03668627204055,299.7526918733231
9112.0,76.97567788853867,76.95250572440611,299.3798304053087
9113.0,76.87798103359522,76.86842988870059,301.0305768847251
9114.0,76.8253313617234,76.78389046835878,299.9004634959454
9115.0,76.8942902720814,76.69966842152698,302.01673896515615
9116.0,76.5166825099964,76.61485205400092,298.88814451659835
9117.0,76.70481888370878,76.53091430008251,299.2760190654448
9118.0,75.70852949450152,76.4468676180616,301.6914264210566
9119.0,76.10433828322695,76.36214260914171,303.48002468841935
9120.0,75.9530933660388,76.27691530220835,299.19709851997743
9121.0,76.8314888268669,76.19289078370734,300.1139129089812
9122.0,76.12335514378728,76.10860879316543,299.36945288423436
9123.0,76.26147821760973,76.02453587181377,298.9983769102493
9124.0,75.71713387511696,75.94056716096482,300.2474511134669
9125.0,76.00806388641504,75.85624766844379,301.23868316917446
9126.0,75.47841300542747,75.77164980492043,298.9065263416945
9127.0,75.72640664805525,75.6877068887728,300.3571635079617
9128.0,76.0392639039233,75.6033565853543,298.32990917970346
9129.0,75.11277904212841,75.51957560252634,301.94063271378855
9130.0,74.88082181349199,75.43478060817255,299.79674562721254
9131.0,75.73853374408422,75.35058768877556,298.8119591076263
9132.0,75.49792287008464,75.26667133025953,298.9300736503139
9133.0,75.40169657894157,75.1827218012427,299.4073659776263
9134.0,74.42309358910137,75.09863823263066,299.9719574117384
9135.0,74.99499078523945,75.01439610792418,299.7127016034563
9136.0,74.28989563053574,74.93022679089057,299.96910169292
9137.0,74.55561008772905,74.84598546816515,302.26467985504945
9138.0,74.59399206378835,74.76109947057253,299.4803484134459
9139.0,74.89552244223026,74.67699540605975,299.9461997639499
9140.0,74.36383354441816,74.59276051495937,301.0944295948862
9141.0,75.30645551812566,74.50820316264813,300.1907729263352
9142.0,74.35748385138305,74.42389958725133,299.14639842993694
9143.0,75.00395875729984,74.33988930702559,300.362084848891
9144.0,74.50667740366221,74.25553762153052,298.99336661639796
9145.0,74.80841247816824,74.17157031773911,298.43776916925015
9146.0,74.35999859941157,74.08775904423072,298.3199236828484
9147.0,73.66632543861876,74.00398086566312,299.92782867572777
9148.0,74.4794759848938,73.91975113377669,299.5985208934236
9149.0,74.62587989277557,73.83561388249245,299.8570788753134
9150.0,73.6444093731455,73.75140401950831,301.12013034098266
9151.0,73.53551134322765,73.6668394495709,300.1440697820863
9152.0,73.30841523698518,73.58254898997373,300.4231105005049
9153.0,73.45343386407912,73.49818016644153,298.0007345457671
9154.0,73.20027955868076,73.41449162682328,299.00061379179823
9155.0,73.39953818428685,73.33052228778342,301.23641645074525
9156.0,72.90681169520452,73.24592506083019,300.18417882266294
9157.0,72.77660119364184,73.16162333727749,298.6825787583775
9158.0,73.25797528000682,73.07774331307617,299.66839093352604
9159.0,73.6600238651448,72.99358643995565,299.88394988439404
9160.0,72.7775583861882,72.90936903069647,300.8623226721184
9161.0,72.62458844689223,72.82487686174605,298.64683746085035
9162.0,72.82717031827661,72.74100687489243,298.8582006900513
9163.0,72.85684534062219,72.65707753019868,298.694575448682
9164.0,72.06339180389571,72.5731941369268,299.28929795073594
9165.0,72.62340986615946,72.4891437257523,300.7104271012152
9166.0,72.26812446927684,72.40469421414139,301.16166235251063
9167.0,71.67826303511572,72.3201179806307,300.815465626978
9168.0,71.77717842535672,72.23563897070045,301.20565739039984
9169.0,72.60740641216417,72.15105038191663,298.91934444939045
9170.0,72.13993326504786,72.06710386601708,299.5216632263163
9171.0,71.93244053728581,71.9829881989277,299.49424411142576
9172.0,72.14239189127595,71.89888023203974,299.7889632169135
9173.0,72.69441975550909,71.814689498203,299.7989472039249
9174.0,71.43452474018312,71.73049596052991,299.7154771021033
9175.0,71.38493465208587,71.64632586404375,299.2329606989529
9176.0,71.44476269191236,71.56229127424746,297.7695823423135
9177.0,71.02340461543872,71.47866764987299,300.2168634266521
9178.0,71.38358133901968,71.394356747394,298.5616216728273
9179.0,70.97153497571072,71.31051069197422,300.22859678260437
9180.0,71.76007119949062,71.22619649437775,299.99770288634664
9181.0,70.67912644061805,71.14194713948382,299.9464351056865
9182.0,71.65269365863337,71.05771218229162,301.03867299179404
9183.0,71.27317930444255,70.97317048829312,299.45360408928235
9184.0,70.44004517059679,70.88907393447808,299.85806490784705
9185.0,70.20989237561331,70.8048637945831,299.6340817256717
9186.0,70.75946315803199,70.72071655663181,300.45640532001954
9187.0,69.23563314859564,70.63633838280442,300.93618479126167
9188.0,70.46280382660947,70.55182547090887,299.0988039591321
9189.0,70.64566628900555,70.46782855679703,300.7880686267597
9190.0,70.17812150286342,70.3833572408577,299.0226699389644
9191.0,70.23348499952952,70.29938170771652,300.20964678425736
9192.0,70.04682051659307,70.21507283191129,299.2787006295925
9193.0,70.33301266851224,70.13102539681782,300.34545847703436
9194.0,70.09147687067157,70.04667838056217,300.47762839854596
9195.0,70.20232814143698,69.96229424658691,299.7777322662727
9196.0,70.13568079465183,69.87810666677548,299.5823723144231
9197.0,70.07958521430699,69.79397395055048,301.4328878140592
9198.0,70.39605067464922,69.70932154788935,298.72977221627684
9199.0,69.9720564541159,69.62542827019197,301.0825152327029
9200.0,69.54484455634434,69.54087426383082,301.1921982724502
9201.0,69.45734292531272,69.45628945481596,301.60674479223934
9202.0,69.23716017605368,69.37158822732016,300.1150064501218
9203.0,69.22522555276757,69.28730592967543,299.695634661697
9204.0,68.34347160269839,69.20314140560792,301.48785051067273
9205.0,68.98786081279613,69.11847356758955,301.92901830231403
9206.0,69.47012377161258,69.03368183494966,299.67863099453007
9207.0,69.33396042233159,68.94952208607867,300.00011796465145
9208.0,68.65957329899746,68.86527205295029,298.41607665595313
9209.0,67.59543969529588,68.78146687142274,300.22206184672905
9210.0,68.82613929287442,68.69715450905409,298.5096566493371
9211.0,67.76128065357358,68.61332304714509,299.47879573330613
9212.0,68.30298791120003,68.52921941867666,297.9201882850108
9213.0,68.40980830814783,68.4455534991333,300.01106711531645
9214.0,68.61186805682654,68.3613003911184,300.4431600937891
9215.0,68.20630967754441,68.27692593699206,299.60672721143965
9216.0,69.01551003840915,68.19278638110015,300.433433056467
9217.0,68.00197959014324,68.10841465865013,300.4242309661861
9218.0,67.73827393799485,68.02404552045377,300.9174867153225
9219.0,68.06720059971333,67.93953785960122,300.96398866227236
9220.0,67.72707767083563,67.8550171394519,301.45388972451923
9221.0,67.60330043421867,67.77035883875425,300.2626686179018
9222.0,67.76337065259385,67.68603507265074,300.2231551713654
9223.0,67.91595766311748,67.60172240324013,300.22390848279105
9224.0,67.23883834466174,67.51740952227453,299.28517361875686
9225.0,68.69388614891697,67.43336026934995,298.95970044516594
9226.0,67.50715228788698,67.34940242014159,300.20740323694565
9227.0,67.56627747556232,67.26509417439922,300.4430618424825
9228.0,66.95355084848458,67.18071974786514,299.6148161868705
9229.0,67.6993004679363,67.09657792031933,300.56960981180856
9230.0,66.56433756170446,67.01216795489717,300.80646489727235
9231.0,66.70795484755605,66.92769147267185,300.18452256623385
9232.0,63.2961992842428,66.84338965258449,300.30160301021397
9233.0,67.03107060109517,66.75905495240582,300.59676485241005
9234.0,67.16544763453284,66.67463736094308,300.3204231056755
9235.0,66.5754964537984,66.59029737545424,298.8730938424047
9236.0,66.40502735425852,66.50636384826684,299.41541975021306
9237.0,66.22347676893875,66.42227801788701,300.59881343857717
9238.0,65.8546441511184,66.33785985111302,299.16055898737835
9239.0,66.47276750201974,66.25384559413072,300.93736098604523
9240.0,65.8099494475827,66.1693323519205,300.22161856982154
9241.0,66.34061314282187,66.08502011403883,301.6822143659494
9242.0,66.47913090558556,66.00029769217103,299.2083069067062
9243.0,65.81560935387678,65.91627002598142,301.54684201749
9244.0,66.20412465995248,65.8315856211815,300.00582254518395
9245.0,65.86489673152164,65.74733398601671,299.73191172174324
9246.0,65.09523013951087,65.6631592741415,299.33681263078574
9247.0,65.85749482287748,65.579095519261,299.2327246018728
9248.0,65.59766437108672,65.49506099576865,298.18151784766576
9249.0,65.40277864561459,65.41132168617311,299.91214554367195
9250.0,65.01770922711547,65.32709635863293,299.3108248220009
9251.0,64.94776018378424,65.24303990199539,299.7102263236943
9252.0,65.2066603582403,65.15887128010283,298.52502239050415
9253.0,65.05973184580367,65.07503550298148,299.70328160598433
9254.0,65.21971822100637,64.99086883139711,299.0718263462815
9255.0,65.39659333281404,64.9068794934982,300.23099499274286
9256.0,65.48725194189171,64.8225646224044,298.9063610714063
9257.0,64.58037414350544,64.73862175267021,299.99928035648543
9258.0,65.68206690805633,64.6543719547701,299.08360114292384
9259.0,65.0514870895834,64.57037931011577,299.9583809697014
9260.0,63.82453630567718,64.4861409981268,299.6957916907484
9261.0,64.24288937443042,64.4019764299603,300.724548517774
9262.0,64.24668110688015,64.31752295258491,299.12903042891685
9263.0,65.18653497221906,64.23351754987279,299.20326051725914
9264.0,64.93537553183367,64.14949130087754,300.6899057461961
9265.0,63.578355915398035,64.06504755234715,300.965373784469
9266.0,63.34675326527596,63.980526443209364,300.77850943855384
9267.0,63.79391468521253,63.8960578118087,300.3579813924653
9268.0,64.1555838095735,63.811707278701,298.7413703487026
9269.0,62.94882611331392,63.727810743861404,299.32102859367745
9270.0,63.779398051763145,63.643751421664675,300.84616587899023
9271.0,63.04315251020012,63.55926379008031,299.0382530229574
9272.0,63.44942057230577,63.47528388068967,298.01589584851723
9273.0,63.21145359346899,63.39159108327219,299.6380847935502
9274.0,62.800450830813936,63.30744272112602,301.3368227667976
9275.0,62.884162933861056,63.22281729673233,299.30636318637266
9276.0,63.36016208598918,63.138762093070824,300.38221258867014
9277.0,63.43418077256018,63.05440475503553,299.78262151012
9278.0,63.82155416410355,62.97021580216143,300.6696927456773
9279.0,63.300396924054894,62.88577773011532,299.84614679944207
9280.0,62.37689885149926,62.801570937222465,299.9013194449591
9281.0,61.92236580621507,62.717348650011644,299.99262537924074
9282.0,62.62634607851955,62.633100721050965,300.6668630569641
9283.0,63.00453160357249,62.54866344367579,299.9385407354958
9284.0,61.54855756926797,62.4644307034859,300.0515180704523
9285.0,62.756286000095834,62.38016623549447,301.62214989669747
9286.0,62.38170232503892,62.29546068173181,301.02982828284803
9287.0,62.61989482725415,62.210921471622385,297.86572108870695
9288.0,61.927263383432745,62.12727084828329,299.70604708428766
9289.0,62.123882597092276,62.043103400060474,299.15587652113163
9290.0,62.458376774262504,61.9590904580708,299.64216541809145
9291.0,61.60840911843695,61.87494094994923,299.2696347988593
9292.0,61.685458580326525,61.79089606084321,302.4050488963546
9293.0,61.50827571764878,61.705970642944834,300.7533099320793
9294.0,61.19285555456957,61.6215090884056,299.19290902499984
9295.0,61.6287665418353,61.53748574645442,299.5202002577018
9296.0,61.95183623523146,61.453370490215406,301.0505890424043
9297.0,61.095169147706436,61.368825449792645,298.39474526611156
9298.0,60.572379298195,61.2850262588304,298.33394514198585
9299.0,61.884896679815405,61.20124414256968,300.1925455825739
9300.0,61.216766506082095,61.11694006935191,297.44339474704935
9301.0,61.14896405824988,61.03340804932712,299.1166149443562
9302.0,60.90263354984755,60.94940613329689,298.0715824639979
9303.0,61.12336530900658,60.86569769722159,301.12641461775
9304.0,60.07122072297812,60.781131362449756,298.87073497944846
9305.0,61.49040885950901,60.69719849770971,299.8267715561222
9306.0,61.012974799778775,60.612997146031006,299.7312042481531
9307.0,60.675715645122985,60.52882263283796,300.02313524132967
9308.0,61.045979040346836,60.44456613569099,299.28818317952715
9309.0,60.54474743338317,60.360516037581405,301.33210339816117
9310.0,60.31855019809943,60.275891938543786,299.281558171458
9311.0,60.753180462728594,60.19184370095733,301.2871239742675
9312.0,60.50953818612126,60.1072322336412,299.2278911195982
9313.0,59.521952586887735,60.02319906755176,299.41719343358363
9314.0,61.19689193752373,59.93911273906251,300.006593609881
9315.0,59.933035813671474,59.85486088735705,300.41541967933637
9316.0,60.11870143118987,59.77049422366379,299.8883856634503
9317.0,59.607045275749336,59.68627556868999,300.43484395885343
9318.0,59.666739493761725,59.60190345001152,300.2737512692579
9319.0,59.89994908197653,59.51757657153007,298.856951512233
9320.0,59.58979946741036,59.433647577647065,300.9350987186336
9321.0,59.12888186397401,59.34913497075689,300.99498270267145
9322.0,59.1618031031803,59.264605546447896,299.7611698476718
9323.0,60.050921869832905,59.1804226179157,299.1337192646617
9324.0,59.14738588640829,59.09641589842224,300.19158719249396
9325.0,59.300500796615694,59.01211209435233,300.7388618397742
9326.0,59.00835450175979,58.92765459731898,299.5180628254018
9327.0,58.49247706143118,58.84353994134216,300.0826332030373
9328.0,58.85909361262951,58.75926673518428,298.8688777784662
9329.0,58.22954474533686,58.67533439200817,299.06415563978504
9330.0,58.96436118977412,58.59134720829931,300.954234451185
9331.0,58.59313720907478,58.5068292274576,301.00848686488695
9332.0,57.98754018012895,58.42229601072973,301.1930487804847
9333.0,58.553813186715786,58.337710962863895,300.9382207543597
9334.0,57.996981006067216,58.253197479202036,299.53168936925033
9335.0,57.94220086489158,58.16907899643748,299.7214812444041
9336.0,58.68749710029283,58.084907213788,298.81442089253795
9337.0,58.26915242694069,58.00099016392066,300.0485155087874
9338.0,57.56395733186728,57.91672653914861,296.5426584223372
9339.0,58.11184908906949,57.833447475908315,299.4642225928487
9340.0,57.78579709688909,57.74934794006347,300.80318855972456
9341.0,57.542895634565774,57.664872377942956,300.53686397670884
9342.0,58.303652552466275,57.58047160864285,300.1553817710858
9343.0,57.68215360810806,57.496177972262124,299.6686404224469
9344.0,57.14911123237035,57.4120210290768,299.58698347361957
9345.0,57.9685776832167,57.32788701788462,298.4079087577885
9346.0,57.04260705818867,57.24408413017514,300.9270872445638
9347.0,57.114194805776194,57.159573773173975,302.24244661704665
9348.0,57.44335450902134,57.074694019415695,300.9189621295549
9349.0,56.418112254258034,56.99018594421763,299.4918427077737
9350.0,56.84319129142258,56.90607865172386,299.6337668055849
9351.0,57.20270092032074,56.82193150221265,302.30647613305587
9352.0,56.08498931703614,56.73703376683193,299.9364314719802
9353.0,55.958874979524154,56.652801618993564,300.41872123057976
9354.0,56.53521648505928,56.56843402811461,298.897119760775
9355.0,57.092023356848635,56.48449375364848,299.7801401386616
9356.0,55.6757722257951,56.40030549762623,299.81687117396405
9357.0,55.84544715755383,56.31610692630484,299.1605040204663
9358.0,56.22971928991445,56.232092684759095,301.023767767692
9359.0,56.1254808670568,56.14755517664436,300.7199028722311
9360.0,56.050475506327466,56.063103003921086,298.72002259488903
9361.0,55.92557070866627,55.97921246424234,301.1615532349193
9362.0,55.337735129125406,55.894636261375524,303.2972196341981
9363.0,56.433752944805185,55.80946029219495,300.3647225331346
9364.0,55.07096547693853,55.725107865950235,298.2282253701783
9365.0,55.686618096147754,55.641355439325466,300.1923984120313
9366.0,56.12321439721102,55.55705140743809,299.7119031655568
9367.0,55.09021824519749,55.472882314632436,299.82823474054425
9368.0,55.255945495563616,55.388680552042786,299.9262563037932
9369.0,55.545147103454255,55.30445126173082,299.38253990711735
9370.0,55.030797669985674,55.22037466510689,298.55094176439036
9371.0,55.13285178222002,55.13653160896141,298.6157141289183
9372.0,54.57581563955348,55.052670362576904,300.28291249362235
9373.0,54.67786968646681,54.96834091131828,299.78629484660814
9374.0,54.31825266066758,54.88415092684885,301.0978051525312
9375.0,55.162726018137406,54.79959262656852,299.7818548504894
9376.0,54.33172912743009,54.71540388899802,298.2402616778871
9377.0,54.196508928407596,54.63164808217682,299.8015385653737
9378.0,54.287346820353626,54.54745381676303,300.66393144266164
9379.0,54.75121403087103,54.463017362682905,299.3915961515784
9380.0,54.154583378001476,54.37893822276365,301.0048941392042
9381.0,54.56110025039946,54.29440601499289,301.0886860002071
9382.0,54.0751168982106,54.20985027567451,298.50713185995255
9383.0,53.728828729105736,54.12601952281049,300.37262958913567
9384.0,54.20074599723825,54.04166487600085,300.4370185123424
9385.0,53.32690405641532,53.957292146635304,300.474179024962
9386.0,53.862329770765896,53.87290898135912,300.22518020162073
9387.0,54.57730201894942,53.78859574325247,301.4828694142168
9388.0,54.44162541760794,53.703929304091986,300.115089876828
9389.0,52.96799753160147,53.61964698301823,302.0890144708118
9390.0,53.911292701230856,53.53481031812102,299.7007137802369
9391.0,52.73672353546085,53.45064436766772,300.4426462076124
9392.0,53.04107449400331,53.36627005785773,301.12515662842276
9393.0,53.734233160448305,53.281704076371255,300.5242456254531
9394.0,52.74031011489007,53.19730685072477,300.19704880468385
9395.0,52.702404296009,53.11300151285213,301.0680640294153
9396.0,53.09345883400557,53.02845156487055,300.7318647511108
9397.0,53.44194471026245,52.94399603285295,300.06046568378366
9398.0,53.53806196436431,52.859729052073405,302.1008914905918
9399.0,52.56971663269525,52.7748890517131,298.347501174995
9400.0,52.50585780298996,52.691103128466466,300.23090693199515
9401.0,52.769661652321936,52.60678828210306,300.8458925446828
9402.0,52.709526720053724,52.52230072728009,298.7045960756312
9403.0,51.795749959209836,52.43841451988219,302.90717006874553
9404.0,52.29376394810663,52.353348089621235,301.7461421959836
9405.0,52.11767666564628,52.26860771468783,300.51755105760736
9406.0,52.00162684229651,52.18421236909918,300.9847860603393
9407.0,52.12879842152425,52.09968580834723,300.2939075379729
9408.0,51.844843622522355,52.01535326931365,299.8714889476794
9409.0,51.230270629776044,51.93113935950087,300.4500996527117
9410.0,52.34479187521553,51.84676295651504,300.38293810585475
9411.0,51.64439521795602,51.76240541473034,300.3741777072174
9412.0,52.627807757040344,51.67805033315755,301.4951110825319
9413.0,52.049407904520045,51.59338045612854,299.9142084460217
9414.0,51.39872431492933,51.5091545492566,299.4181465008238
9415.0,51.18433648410312,51.42506795311431,300.9770831314727
9416.0,51.94149813464383,51.34054355560156,299.41687705526465
9417.0,51.39802415220167,51.256457315961846,300.9394521930385
9418.0,51.53736302822821,51.171943486470965,300.47705214347945
9419.0,50.80038912559232,51.087559514327324,300.7675608074034
9420.0,51.4696320239027,51.00309395766726,300.53858231992405
9421.0,50.97210043260136,50.91869270579907,301.0600032889561
9422.0,50.89288856699288,50.834145021542085,300.75444907793195
9423.0,50.78224388714961,50.74968314709272,299.5756635320883
9424.0,50.60377742109445,50.66555231491745,300.5746657858554
9425.0,51.41810139363955,50.581140929609234,300.37015129089906
9426.0,49.947278434905726,50.496786978788386,301.7972270968965
9427.0,50.896460297230504,50.41203225751201,299.57587917229625
9428.0,50.24203440106707,50.32790136477779,298.3165288254582
9429.0,49.87701989037962,50.244124139599315,300.07376330638886
9430.0,49.92467950967844,50.159853424404105,298.49554184571565
9431.0,50.318589886391706,50.07602592640246,302.1379411917832
9432.0,50.33142006583889,49.99117552125111,298.9719908734725
9433.0,50.14394160963617,49.907214220480824,300.76842434498894
9434.0,49.84100678275357,49.82274842131062,298.31055694127355
9435.0,49.5004245213797,49.73897287323629,299.41963230086634
9436.0,49.60161905459145,49.654885859831786,299.33973131360233
9437.0,49.678617562129254,49.570821285287906,300.01708985258824
9438.0,49.102542674516805,49.48656648588761,299.2594654729773
9439.0,49.78462409358979,49.40252445266725,299.0456159795264
9440.0,49.286244357495946,49.318542475512984,300.2998356721976
9441.0,48.61882393152603,49.23420827166173,301.78576463164745
9442.0,48.87417805062709,49.149456769427665,299.16213045727926
9443.0,49.1127445441253,49.065442071124224,300.9326105697101
9444.0,49.24063285265818,48.98093016298922,301.4270563323159
9445.0,49.01216168541815,48.89627939800255,300.934492260362
9446.0,48.40642349301026,48.81176696142609,301.4300615374981
9447.0,48.51483384495553,48.72711535247765,300.4558510041745
9448.0,48.78766321193254,48.64273733432066,300.508282387251
9449.0,49.10110436806549,48.558344591683564,300.11535380459435
9450.0,48.1169329728452,48.47406219649014,300.9531172818967
9451.0,49.03294772354741,48.389544529386825,298.9068613412459
9452.0,47.71808108869914,48.30560151916017,300.06585551849184
9453.0,48.213811317918164,48.22133302473538,299.9989026869924
9454.0,48.17994452244453,48.13708333289743,300.5092753998348
9455.0,47.686843772190926,48.0526903113893,299.6431252641537
9456.0,47.54734634652648,47.96854053371092,298.7553824870543
9457.0,47.60277865136029,47.884640063795835,299.40351609103027
9458.0,47.99716959427624,47.8005575763603,300.1752934145576
9459.0,47.90001173521347,47.71625834812638,299.6755170075253
9460.0,47.66712681507439,47.63209947376678,300.4468708159971
9461.0,48.06650534735569,47.54772397754596,299.2435499100187
9462.0,47.15370047182703,47.46368641394623,299.7123868599041
9463.0,46.39911302560003,47.37951718530308,300.65095231325967
9464.0,47.908342912787084,47.295084376195085,299.94328115661335
9465.0,47.25606185334314,47.21085030473693,296.32912209855084
9466.0,46.81657629820384,47.12763120961423,299.9918834627067
9467.0,47.26629307089157,47.043383489008434,298.89947534754845
9468.0,47.45120661772544,46.95944255301501,299.83864850475885
9469.0,46.699712565139,46.87523786589328,299.2454614423444
9470.0,47.090561542522586,46.79119976547157,301.19215181570246
9471.0,46.62043803765834,46.70661496950332,298.76046804752895
9472.0,47.02001594887181,46.622713071393314,301.8020597703145
9473.0,46.40098891092876,46.53795699294115,297.9152783763721
9474.0,46.59447777597198,46.45429245226376,301.433044530918
9475.0,46.17751407288283,46.36964000559131,298.1948997511571
9476.0,46.33503836318408,46.28589693791116,302.294957022224
9477.0,47.09857924743448,46.20100243748078,297.6211106700418
9478.0,46.03389027149676,46.11742050890096,300.24299085256524
9479.0,46.1263502444913,46.033102268969884,300.41571574112214
9480.0,45.62574265901632,45.948735522132594,300.8231791965184
9481.0,45.81229499576909,45.864254345974885,299.18920737114433
9482.0,46.080881615993825,45.780232043571516,300.9567473828424
9483.0,45.33933492135957,45.695713357014846,299.8126531942502
9484.0,45.49101294145837,45.61151597024278,301.12194083145107
9485.0,45.40167467867596,45.526950891859286,301.6633299592295
9486.0,45.13999709267693,45.4422337733624,297.6106862381945
9487.0,45.58584765957181,45.3586547723105,300.9873643655433
9488.0,44.3576507024468,45.274127487484535,299.3872453332774
9489.0,45.95687272684961,45.190049569420104,301.3160702139721
9490.0,44.38587088656386,45.10542997303502,300.29189640239645
9491.0,45.17054042200589,45.02109799879535,300.79410531012536
9492.0,41.76592221303456,44.93662498755407,299.5278276681565
9493.0,44.64690050774009,44.85250758928393,300.6849420372913
9494.0,44.862800127928814,44.76806523472844,299.81916968829313
9495.0,44.70475110176543,44.683866017907626,298.9458742485807
9496.0,44.4885065425218,44.59991205155616,296.5265056717592
9497.0,44.08604017063011,44.516637524546674,300.8781587628813
9498.0,44.78844989634159,44.432140908294116,301.5135760297061
9499.0,45.110597348835725,44.347465845692454,300.0545368882946
9500.0,44.61081207368165,44.26320052991632,299.7809954015291
9501.0,43.64046271316255,44.179012033707735,301.52595078189336
9502.0,43.729053405672346,44.09433349586314,298.2353549322303
9503.0,45.01466608202384,44.01057906701968,302.53985314453564
9504.0,44.60966952318564,43.92561579159492,299.351054189509
9505.0,44.865290881543864,43.841548037210025,298.0515632342099
9506.0,44.013175666064356,43.75784522320173,301.0321745949932
9507.0,43.36109873055152,43.673305354169614,299.593399183718
9508.0,43.45794198554216,43.58916954123219,301.08692010987227
9509.0,43.39996238119616,43.504614297834635,300.01846353447263
9510.0,44.29658928429774,43.4203591126587,299.74728947598857
9511.0,43.35660737131351,43.3361800821975,300.8652503298288
9512.0,43.56385265905792,43.25168709106319,299.3193669233516
9513.0,43.77502211844371,43.16762823551888,299.40495404191205
9514.0,43.086693160205115,43.08354534425881,299.5875094828952
9515.0,43.09118444225346,42.99941118534569,300.62777219113764
9516.0,42.270661361083306,42.91498488598866,301.2621902095081
9517.0,42.55602823710366,42.83038042090482,299.98369928394237
9518.0,42.8178770058138,42.74613499868925,299.62764023298394
9519.0,42.16705985423847,42.6619895697238,298.46937200259373
9520.0,42.293425746071954,42.57816942108641,300.1672418487049
9521.0,41.92690593623577,42.49387245400054,300.44215905368486
9522.0,42.1963890424326,42.40949828099961,299.704311328225
9523.0,42.58496917197329,42.32533132023495,299.2772038294218
9524.0,42.35743197424287,42.241284305492876,300.6295953565194
9525.0,42.00069903698054,42.15685749413028,300.6389552244895
9526.0,42.6949928940791,42.07242805420473,300.3711196740961
9527.0,42.07864600032621,41.988073831429595,300.51297721723563
9528.0,42.07630964172062,41.90367977032774,298.79009787396217
9529.0,42.45760428604305,41.81976955117478,300.14322033992266
9530.0,41.57902290613447,41.73547933012931,300.50694441722976
9531.0,41.453108152161555,41.65108696323882,300.8769676060123
9532.0,41.68553352188264,41.56659068150281,301.1712316002779
9533.0,41.44647782052399,41.482011760628424,300.8561291140779
9534.0,41.044385581419185,41.39752133103557,299.25424020984366
9535.0,40.44849522659378,41.31348076524333,301.2584286524663
9536.0,40.75959027098764,41.2288773565301,301.0649193188354
9537.0,41.17738886892767,41.144328291688076,301.1111790500663
9538.0,41.35369523889842,41.059766235571495,299.42135693774895
9539.0,40.32276643150383,40.9756787378315,299.2046797135879
9540.0,41.699420017842534,40.891652090278605,300.27016614087506
9541.0,41.33243059226097,40.80732621862073,299.893553771503
9542.0,40.51094179153307,40.72310611226988,299.0298475652899
9543.0,40.83767801093478,40.63912856341194,299.3339111621131
9544.0,41.05332242994217,40.5550656233606,301.71496472685925
9545.0,39.54288184477378,40.47033400409982,298.55174483441056
9546.0,40.6752597718519,40.38649072242551,302.2694715103491
9547.0,40.06597618470337,40.301603379176356,298.77185729377806
9548.0,40.15436990965525,40.21769828258633,300.64515858892946
9549.0,40.221406246698685,40.13326710054926,300.10939787540366
9550.0,39.757255691582785,40.048986377979254,299.28544471184375
9551.0,39.84312114053266,39.964937048922664,300.9274916440191
9552.0,39.39473158546913,39.88042657835261,300.64018315066096
9553.0,40.13338053345155,39.79599679358448,299.5047731311812
9554.0,40.49516846817217,39.71188586979682,298.86074352141645
9555.0,39.32347895938984,39.627955810991224,297.80667229123185
9556.0,39.32465209556263,39.54432177052276,299.7100457142317
9557.0,40.09564824076835,39.460153199351325,299.06750581781426
9558.0,40.1876497835822,39.376165074800824,300.1930141657107
9559.0,39.6031838635757,39.29186086998928,301.1352919509856
9560.0,39.62664652689236,39.20729204216637,299.9839564333017
9561.0,39.27077598117142,39.12304654773467,299.04556913435306
9562.0,39.20402200388296,39.03906458373607,298.9786666586311
9563.0,39.77596283897008,38.95510140818278,300.95450141880315
9564.0,38.054678983076556,38.87058335236764,299.663868412201
9565.0,38.052047226059166,38.78642774932186,299.0245360209645
9566.0,38.619263157233064,38.702451692122665,300.96246986168217
9567.0,37.812519394917665,38.617931398503146,299.44013899834295
9568.0,38.489885884809745,38.53383862613442,298.81020851739896
9569.0,38.34503545466174,38.44992275924244,299.1560187049269
9570.0,38.690687741477795,38.36590977732282,301.1428944472039
9571.0,38.292572413267344,38.28133881446554,300.1729995716552
9572.0,38.389107870650676,38.19704023041917,300.68742697073344
9573.0,38.67458705965002,38.11259717801153,299.3702360577866
9574.0,37.624498069715706,38.02852403671866,299.80898286737755
9575.0,37.876553739364695,37.94432768069674,301.61500694866714
9576.0,37.6437437277698,37.859624132911975,300.5328914123572
9577.0,37.56438203448567,37.77522447924036,300.79339403429503
9578.0,37.3108031065113,37.69075166774906,300.3020472345887
9579.0,37.32699992025596,37.60641684281734,300.01620173763604
9580.0,36.805533142554594,37.52216229282935,300.0675017872852
9581.0,37.952040187874374,37.437893336077394,299.19337737636994
9582.0,37.79956049463488,37.353869862597556,300.67352256145404
9583.0,36.92947860983409,37.269430715011524,299.96404898208516
9584.0,36.78013535260868,37.185190811255694,300.92292000521826
9585.0,37.18260434168089,37.100681624554255,299.9338094596511
9586.0,37.406675620098106,37.01645021306431,300.1660537750202
9587.0,36.69034124986816,36.93215357962916,301.9865008381259
9588.0,36.87641290158787,36.847345703977105,303.3521105762572
9589.0,36.57425319256049,36.76215431959027,299.03209343446355
9590.0,36.374863372257956,36.678176140017406,299.8506726483792
9591.0,36.2357860973048,36.5939680761153,300.8509442758293
9592.0,36.27561542679171,36.50947910259785,299.3306519535487
9593.0,36.55595364686966,36.4254170778409,301.0528039256855
9594.0,36.10218163291671,36.340871415405125,300.911061578897
9595.0,36.434171750662976,36.25636555894505,299.8252886831406
9596.0,36.11448755918027,36.172164623706536,299.27462723981597
9597.0,36.47588366569162,36.08811833255667,300.9073542366522
9598.0,36.40608901620507,36.00361351724185,299.81166031715486
9599.0,35.97235508647922,35.919416409302784,301.9472977302157
9600.0,35.618575702565806,35.83461954319022,300.6648538994761
9601.0,35.67579325454542,35.750182830053454,301.9509531126517
9602.0,35.76351407422996,35.66538493738768,299.2035722706369
9603.0,35.130206818153944,35.58135860084169,298.0377157432542
9604.0,35.96977086366592,35.497659675670484,301.2641682796428
9605.0,35.08439422151336,35.413054655078646,299.6332251589822
9606.0,34.56009232902692,35.328907657679835,300.8817606908762
9607.0,34.78712375720879,35.244410029885806,301.26162352444817
9608.0,35.869031466514464,35.159805723946,300.19528481746926
9609.0,35.514045221244245,35.07550088145979,299.78426894783223
9610.0,35.33816126516877,35.0,298.17148697238827
9611.0,34.3812599578394,35.0,298.90187439112
9612.0,34.88618876588194,35.0,298.7948859551906
9613.0,34.95783161648378,35.0,300.34208296448065
9614.0,35.047092692020705,35.0,301.27761114863654
9615.0,35.04325029902133,35.0,299.1383053357607
9616.0,35.060635683695736,35.0,297.33567957278535
9617.0,34.96429081125524,35.0,299.482919306568
9618.0,34.94765418186887,35.0,300.5404692388509
9619.0,34.82031017365719,35.0,300.65402310059903
9620.0,35.05500174604098,35.0,297.4870025821942
9621.0,35.69574675978318,35.0,301.74763132207795
9622.0,35.09498939781412,35.0,300.2891899133513
9623.0,35.916057239169504,35.0,299.39694810010127
9624.0,35.73256697197791,35.0,298.64542104772636
9625.0,35.22053656345957,35.0,298.6710428733992
9626.0,34.25086557533526,35.0,300.14351461217313
9627.0,34.24815836287048,35.0,299.4179987511266
9628.0,34.97462033805736,35.0,299.51100169326594
9629.0,35.167547952265494,35.0,300.776223770229
9630.0,35.321096912482176,35.0,298.367999442402
9631.0,34.596078707235534,35.0,300.93248150883613
9632.0,34.89018123008503,35.0,300.20948127187904
9633.0,34.98874123735186,35.0,300.5792006739566
9634.0,34.90357601883382,35.0,299.32612505463754
9635.0,34.90411731701571,35.0,300.45527295820443
9636.0,35.127616215260645,35.0,300.26469272370554
9637.0,34.68173388157647,35.0,300.0560272211295
9638.0,35.2733338914449,35.0,299.57637859513386
9639.0,34.55483040586085,35.0,300.1334818339017
9640.0,34.33942996864662,35.0,299.55818236504155
9641.0,35.90570047239454,35.0,299.55622563446354
9642.0,35.48677103971065,35.0,300.95723091538736
9643.0,35.0382337307396,35.0,300.11832244171285
9644.0,35.68937543203311,35.0,299.43279408212027
9645.0,34.54698385305289,35.0,301.2608926266659
9646.0,35.164938957281414,35.0,299.88911951846836
9647.0,34.856495113409935,35.0,300.1443572562973
9648.0,35.112627787921014,35.0,298.53150932525057
9649.0,35.37102702058806,35.0,299.48290567826444
9650.0,35.78899232435285,35.0,299.25243719151354
9651.0,35.468142234039505,35.0,299.73750128249395
9652.0,35.29294704642662,35.0,299.99789204982864
9653.0,35.037541860908725,35.0,299.79996631789476
9654.0,34.73575507170449,35.0,299.41625338387365
9655.0,34.97952823008855,35.0,300.28455336192735
9656.0,34.46242584163662,35.0,300.0804043632367
9657.0,34.91978263751333,35.0,298.4327170873361
9658.0,34.89795143358411,35.0,300.68760027123915
9659.0,34.92435967333839,35.0,301.50153814371544
9660.0,34.81364393820578,35.0,299.4048513448059
9661.0,35.48873418604964,35.0,299.81121328362894
9662.0,34.992826112827366,35.0,300.6929875633107
9663.0,35.238315854683854,35.0,301.07854421084033
9664.0,35.00511280701637,35.0,299.24259591979103
9665.0,34.71375434018514,35.0,300.36601289553744
9666.0,34.56536723203936,35.0,300.57901940777873
9667.0,35.076627160768936,35.0,298.87535571405624
9668.0,34.91451178970141,35.0,300.00021902450544
9669.0,34.064436982179004,35.0,298.5997145987865
9670.0,34.94122275907306,35.0,300.66443341778796
9671.0,34.75619002286147,35.0,300.883005580028
9672.0,35.36618554144202,35.0,301.1963174630688
9673.0,35.83436380254135,35.0,298.9050028675995
9674.0,34.63763111454099,35.0,299.8728535755635
9675.0,34.45220393266241,35.0,299.7837781068696
9676.0,34.66224418182943,35.0,301.2659696188422
9677.0,35.63935192861313,35.0,300.9970259529812
9678.0,35.18455818983211,35.0,299.71189160241687
9679.0,34.87092597308221,35.0,299.70436295530277
9680.0,34.754683733210506,35.0,299.85364620635386
9681.0,35.22962839240117,35.0,299.0281137906716
9682.0,35.191050744553884,35.0,299.31984762111233
9683.0,34.51453907955462,35.0,299.80288868500594
9684.0,34.78803150015958,35.0,300.7077252839482
9685.0,34.94770697242214,35.0,299.8080117859569
9686.0,35.11771000034334,35.0,300.2762291517339
9687.0,34.96034264202186,35.0,301.3580124489889
9688.0,35.123573748727544,35.0,301.5633766289901
9689.0,35.1289162555445,35.0,302.06312923829074
9690.0,35.26921920902811,35.0,300.8156777291573
9691.0,35.41218429121812,35.0,297.9261482723501
9692.0,34.512226334173704,35.0,299.4709752077976
9693.0,34.60276578334874,35.0,298.9421258793714
9694.0,34.33416466737443,35.0,300.06166038017506
9695.0,34.86658574116228,35.0,301.81768871318553
9696.0,34.61481798437421,35.0,301.06073365287506
9697.0,35.01787487888985,35.0,300.3097040992692
9698.0,35.55890679871588,35.0,300.2192818153522
9699.0,35.520179843690855,35.0,299.38673461263016
9700.0,34.43341566558155,35.0,300.1110943949859
9701.0,35.422278099465544,35.0,300.4825742848008
9702.0,34.8974397495261,35.0,299.2297873308637
9703.0,35.904918857678624,35.0,298.94680538777925
9704.0,33.988471495988236,35.0,299.17390277348323
9705.0,35.90453182249019,35.0,298.29459993154893
9706.0,35.01088947001801,35.0,300.8265110696479
9707.0,35.05626015496684,35.0,300.37528711639845
9708.0,35.0679922264377,35.0,299.81815731666865
9709.0,33.17078885305048,35.0,298.73528966077856
9710.0,34.646126379122194,35.0,300.40293687342836
9711.0,34.904642756053704,35.0,301.5928299612691
9712.0,35.39317537653642,35.0,300.2583745440728
9713.0,34.43414501820604,35.0,301.6400509539863
9714.0,34.726728350862814,35.0,301.3630180785223
9715.0,34.498109347390304,35.0,299.73114316412915
9716.0,34.46206434395055,35.0,299.5018083440754
9717.0,34.59068144513527,35.0,299.00017202924636
9718.0,34.59299406303808,35.0,299.9795635307432
9719.0,34.71714416233204,35.0,299.82383274179693
9720.0,34.91269969147266,35.0,300.049111966924
9721.0,34.592988500025044,35.0,299.6435425368393
9722.0,35.739670030672684,35.0,299.6981011227677
9723.0,36.09127613389315,35.0,300.29498048912086
9724.0,35.00833588417011,35.0,302.0784729814372
9725.0,34.48109762827814,35.0,300.26881068221587
9726.0,35.321964101686724,35.0,299.47134541273095
9727.0,34.733768388685604,35.0,301.19439079212515
9728.0,34.94798143187244,35.0,300.89652303959235
9729.0,34.940830987696934,35.0,299.88745501870466
9730.0,35.59427058866565,35.0,299.14265930412023
9731.0,35.2452971352539,35.0,298.13677156841874
9732.0,33.984947941831294,35.0,298.77210685025807
9733.0,35.48439412939906,35.0,299.650198360142
9734.0,34.551590001846414,35.0,300.30850019625643
9735.0,35.675913902024455,35.0,299.4067946831067
9736.0,34.553170136811396,35.0,299.29035562617156
9737.0,34.92257341697929,35.0,300.7324158721502
9738.0,35.171079915753566,35.0,301.128470662611
9739.0,34.866092714096496,35.0,300.06622597785895
9740.0,34.97866951269455,35.0,301.4507358357516
9741.0,35.8159933571431,35.0,299.74798977637255
9742.0,34.86991249307164,35.0,299.37584509915837
9743.0,34.43360735579763,35.0,300.4768202202936
9744.0,35.91760419423798,35.0,299.83065098227354
9745.0,35.147813560220634,35.0,298.7775517045429
9746.0,34.4883004057371,35.0,299.41166657479835
9747.0,35.48652711114409,35.0,299.5178556752825
9748.0,34.58419874107508,35.0,300.241508131155
9749.0,35.16461601403906,35.0,299.84951976078077
9750.0,35.05406171594859,35.0,301.57511928489276
9751.0,34.37431717155386,35.0,299.5444873891415
9752.0,34.81478522249369,35.0,301.48516230496057
9753.0,34.91648587575594,35.0,299.7026479030062
9754.0,34.870155374151594,35.0,300.06200965149685
9755.0,35.05237753863648,35.0,299.956743105116
9756.0,35.33913586714621,35.0,301.6154912096118
9757.0,34.83470023300331,35.0,298.94927970665765
9758.0,34.191284967944526,35.0,299.91460724780353
9759.0,35.66279076182193,35.0,299.88842401467014
9760.0,34.697502570133,35.0,298.4712838489375
9761.0,35.05247339162905,35.0,300.53490884163375
9762.0,35.01970692542004,35.0,302.6653915892756
9763.0,35.03840371901232,35.0,298.0367822331419
9764.0,35.038598261660916,35.0,299.809348359532
9765.0,34.518544231290285,35.0,300.346970853329
9766.0,35.01485287793884,35.0,298.56665283889737
9767.0,35.42396780500309,35.0,297.9481512940677
9768.0,34.2911629060024,35.0,299.8442134755239
9769.0,35.529570113116016,35.0,301.2540793772147
9770.0,34.50810461928072,35.0,300.1119530253752
9771.0,34.50584691839075,35.0,300.5757189742091
9772.0,35.52912108793562,35.0,300.02954740675676
9773.0,35.93791668103359,35.0,300.23621151185307
9774.0,35.06252553782676,35.0,300.660811418958
9775.0,34.956537270831014,35.0,300.32954584002596
9776.0,34.472563413993946,35.0,300.4090340602066
9777.0,35.24633438934969,35.0,298.21316721694353
9778.0,35.32178115980086,35.0,300.30847656876705
9779.0,35.28782937031967,35.0,298.42264801464904
9780.0,35.69756727817183,35.0,299.44981390189776
9781.0,34.993365547006775,35.0,300.1689163327532
9782.0,35.298454644344005,35.0,300.4818048161409
9783.0,35.173865497917454,35.0,298.1401248472836
9784.0,35.41140941797581,35.0,300.90724221219966
9785.0,35.389856060893365,35.0,298.60871169959734
9786.0,35.1869711117123,35.0,300.80202944238636
9787.0,35.761891325587534,35.0,300.34253838216614
9788.0,34.57747847222303,35.0,300.3847909300572
9789.0,34.86465614105466,35.0,299.99402313166087
9790.0,35.058690158380884,35.0,300.50943367432546
9791.0,35.02146747027765,35.0,300.5963710675506
9792.0,35.08262769549943,35.0,298.0733490675031
9793.0,35.32707089904028,35.0,299.40471597277474
9794.0,35.257246306889535,35.0,300.5892484859874
9795.0,35.20218028783516,35.0,299.7606990978632
9796.0,35.06580521107991,35.0,300.00326862435037
9797.0,35.09677164714943,35.0,301.2734303444629
9798.0,34.58018969030178,35.0,299.93296721755706
9799.0,35.29393798516443,35.0,300.43615227374397
9800.0,35.52614386821287,35.0,299.8063214002217
9801.0,34.42745680746655,35.0,300.2348544530225
9802.0,34.837691157587955,35.0,299.7128510301531
9803.0,34.274595788853254,35.0,299.253360473743
9804.0,34.555727830813346,35.0,301.7165718780157
9805.0,35.04078145086369,35.0,300.28352342647054
9806.0,34.29600570778897,35.0,302.51553307743654
9807.0,35.91988280549668,35.0,300.5362210828739
9808.0,34.945960011118856,35.0,300.0045538116671
9809.0,35.58226233131738,35.0,299.4919196877973
9810.0,35.16704971458145,35.0,299.36571294613327
9811.0,35.32991371617465,35.0,301.20116884692936
9812.0,35.26310785142238,35.0,299.9687415993869
9813.0,35.03910481317786,35.0,299.1187497694162
9814.0,34.39774033766795,35.0,301.95075909492186
9815.0,35.318101460162225,35.0,301.0227678975095
9816.0,35.24307592397286,35.0,300.4987609071499
9817.0,35.42281351323499,35.0,299.4635734816346
9818.0,34.31863138731159,35.0,298.7811490645245
9819.0,34.51495407414124,35.0,298.84544788847563
9820.0,35.155737871182424,35.0,299.5662033684888
9821.0,35.25248069990877,35.0,298.993748714594
9822.0,35.30126324426172,35.0,298.06305556343256
9823.0,35.33672364965283,35.0,299.2660763193265
9824.0,34.939342871905104,35.0,299.97721295092816
9825.0,34.97795798686915,35.0,300.3919851223632
9826.0,39.91359787511912,35.0,297.4449840136084
9827.0,35.61870342269407,35.0,299.9334787933593
9828.0,34.83898235671762,35.0,300.6821947203755
9829.0,34.82620273879753,35.0,301.04914210772233
9830.0,35.71141389325729,35.0,300.666916652624
9831.0,35.216373392299886,35.0,301.97185141617615
9832.0,35.600881579915765,35.0,299.64064049358785
9833.0,35.11140323366329,35.0,298.55168625211655
9834.0,35.074104769535175,35.0,300.72902123685896
9835.0,35.60823489767902,35.0,300.73266810216285
9836.0,34.785424618198036,35.0,299.62405991955796
9837.0,34.95469072019529,35.0,299.93481137295015
9838.0,35.39268430305382,35.0,300.53765934816585
9839.0,34.69881657561821,35.0,299.50414589624506
9840.0,35.39095739497627,35.0,298.7887612060378
9841.0,35.06305836884097,35.0,300.79319371232447
9842.0,33.7479510150295,35.0,301.36897519762675
9843.0,35.659901796119186,35.0,299.44950063705113
9844.0,34.196744931034615,35.0,299.8280322592823
9845.0,34.19341776469635,35.0,299.67662193586665
9846.0,34.55825524012667,35.0,300.6160488583077
9847.0,35.07197620242262,35.0,298.31595912849343
9848.0,34.32940223885238,35.0,299.7388931098156
9849.0,34.88816304291745,35.0,298.77662927371773
9850.0,35.008603653076776,35.0,300.223007135108
9851.0,34.52111539067921,35.0,300.1532939868386
9852.0,34.95938492949483,35.0,298.53233942936725
9853.0,35.2633353509533,35.0,300.3568091266887
9854.0,34.635257312809756,35.0,301.3318200726049
9855.0,34.14321869757514,35.0,299.131150147468
9856.0,34.775667569679385,35.0,299.51612247210056
9857.0,34.293357751755224,35.0,298.4800526684757
9858.0,34.349299003941525,35.0,300.04068298889496
9859.0,34.53288036498351,35.0,300.1832199963684
9860.0,34.26309571686162,35.0,299.3659619266334
9861.0,34.658541049673666,35.0,299.39629305399177
9862.0,34.58772145036117,35.0,299.71972261273015
9863.0,34.32274279345924,35.0,299.74735199035615
9864.0,34.30396680513565,35.0,298.706376336291
9865.0,34.77496635661141,35.0,300.2338939383343
9866.0,35.558801500548604,35.0,298.64530060662383
9867.0,34.8844359486977,35.0,297.53163281714416
9868.0,35.72519888345376,35.0,299.3954027357862
9869.0,33.875671508340375,35.0,298.7081986194429
9870.0,34.385239230754664,35.0,301.2473971074003
9871.0,34.39758295171137,35.0,300.09068402419257
9872.0,35.214479787650404,35.0,300.0909822745333
9873.0,34.8011215762733,35.0,299.2762688583174
9874.0,35.35861981600627,35.0,299.526634172906
9875.0,34.981717683888945,35.0,299.02654028076165
9876.0,35.28773435360608,35.0,299.5151435262117
9877.0,35.751706729906054,35.0,299.35238945706965
9878.0,34.66887436200118,35.0,301.1874272549185
9879.0,35.100744386254306,35.0,299.4562585857173
9880.0,35.43461112717637,35.0,299.69925429993555
9881.0,35.208633530797435,35.0,300.09926311359084
9882.0,34.670094112575214,35.0,299.7539411538947
9883.0,34.39038037893365,35.0,300.14795605489223
9884.0,35.44301751450994,35.0,300.3468515099447
9885.0,34.950736296148456,35.0,299.41869459663263
9886.0,36.25703628399259,35.0,298.5911169764828
9887.0,35.02731954484969,35.0,299.7254596996789
9888.0,34.5194686822211,35.0,299.0136547776301
9889.0,34.70381247254015,35.0,301.2434542699751
9890.0,34.50948849332858,35.0,299.19498851798613
9891.0,34.330901282485854,35.0,299.9813920980581
9892.0,34.96743484598008,35.0,301.16756209657905
9893.0,34.434963779229406,35.0,301.42693186394837
9894.0,34.61555383333728,35.0,301.355300266534
9895.0,34.49759781577899,35.0,302.5339002802122
9896.0,36.08817119457655,35.0,302.24787524628783
9897.0,35.31253878702175,35.0,298.7272775064763
9898.0,34.98340297936701,35.0,300.6256894301542
9899.0,35.68376479982503,35.0,299.8922637849927
9900.0,34.94456757520847,35.0,301.1395307281819
9901.0,35.29723455296652,35.0,301.64579684472665
9902.0,35.12975233926022,35.0,299.145168873519
9903.0,35.89729753060406,35.0,300.419237948239
9904.0,35.056671416702365,35.0,299.6764758043058
9905.0,35.386733345565446,35.0,300.7768073163717
9906.0,34.695395069919236,35.0,299.7902273666899
9907.0,34.26314527333528,35.0,300.1530534900379
9908.0,35.42986627155785,35.0,299.99423948564663
9909.0,34.69231718925443,35.0,301.16647770601554
9910.0,34.94855596158796,35.0,300.08843696677616
9911.0,35.06459879150252,35.0,299.5503622642918
9912.0,34.73126262450918,35.0,300.5582658099986
9913.0,34.946444347650996,35.0,301.08779933148656
9914.0,35.710881918257236,35.0,300.28593849420514
9915.0,34.36171878975058,35.0,299.95709200943804
9916.0,35.272999803520214,35.0,298.9895908800831
9917.0,36.19508412169297,35.0,300.9889247682465
9918.0,35.22458280934246,35.0,299.1082535097618
9919.0,34.56455531977252,35.0,301.2060079405177
9920.0,34.60832116929395,35.0,299.3091568693638
9921.0,35.0233300858684,35.0,301.4796839327256
9922.0,34.65564500190792,35.0,300.2365689335282
9923.0,35.25508764860559,35.0,301.65440037303574
9924.0,35.046107747399624,35.0,300.6585935115831
9925.0,34.30936835562334,35.0,299.8164562446067
9926.0,34.73817202642692,35.0,301.14599758798926
9927.0,35.035386032870235,35.0,298.89198973121194
9928.0,35.0241865203088,35.0,299.3128153243652
9929.0,34.92470771109505,35.0,298.78710591222557
9930.0,35.10421866610012,35.0,298.94223655719424
9931.0,35.61149835916082,35.0,300.9166010586009
9932.0,35.20916630304836,35.0,300.29035473412307
9933.0,34.74458010761774,35.0,301.2695560391111
9934.0,34.66957873132213,35.0,300.0607623404599
9935.0,34.91782344194738,35.0,301.7631675703452
9936.0,35.59999138311005,35.0,299.82956710537053
9937.0,34.90286024021843,35.0,299.8923590339697
9938.0,34.789510717966934,35.0,297.5388821542833
9939.0,35.37032044243916,35.0,300.8664054270032
9940.0,34.65034501585877,35.0,299.4345073905967
9941.0,34.58073397493624,35.0,300.38470000386167
9942.0,35.67832131009553,35.0,298.83300715254745
9943.0,35.074034663512386,35.0,301.2930341407714
9944.0,35.67403112476449,35.0,301.74747933103873
9945.0,34.70271452880672,35.0,300.6518674482402
9946.0,35.07130684992337,35.0,299.2310674384997
9947.0,34.521591170316555,35.0,299.9350561743927
9948.0,35.85229654612472,35.0,298.49266964781685
9949.0,34.19147803011762,35.0,297.8104038521653
9950.0,34.467719163250685,35.0,300.7839559303746
9951.0,35.39646812044719,35.0,300.0682843936038
9952.0,34.76793361605008,35.0,301.8905817677852
9953.0,34.692151493459555,35.0,301.03245261295706
9954.0,34.93424218438891,35.0,299.84862604381743
9955.0,35.57203509721093,35.0,301.2244214959164
9956.0,35.62176203578002,35.0,302.0048551052265
9957.0,35.48510719372867,35.0,298.924507216484
9958.0,35.484271755689235,35.0,299.8187395330266
9959.0,34.93208854445611,35.0,298.2438019216941
9960.0,34.602423487035665,35.0,300.1765520527355
9961.0,35.04349374407251,35.0,298.782389081953
9962.0,35.02497769888529,35.0,298.3653820704157
9963.0,34.667525907591575,35.0,300.14109295226086
9964.0,34.50687568497557,35.0,300.18079272754915
9965.0,35.061385526936114,35.0,299.56260444070574
9966.0,35.07772917449293,35.0,301.64932090657095
9967.0,34.660905398101306,35.0,298.8141158460519
9968.0,35.66261935082994,35.0,300.9734490750007
9969.0,34.52266707308129,35.0,301.1575849654098
9970.0,34.9523813072173,35.0,300.72764192190834
9971.0,34.84343114008119,35.0,300.7845511283524
9972.0,35.25500153887083,35.0,300.96341663442905
9973.0,35.08433484908519,35.0,300.86970800014075
9974.0,34.646712646185115,35.0,301.38597297933006
9975.0,35.01689703652184,35.0,299.40258137301436
9976.0,34.86648454779184,35.0,301.5872093330538
9977.0,35.32025184367561,35.0,300.49009881042207
9978.0,34.7823813600931,35.0,299.16245650251045
9979.0,35.04622939044782,35.0,298.80186011016957
9980.0,34.5702954384846,35.0,300.7915707861423
9981.0,34.63675791334284,35.0,299.2674083937529
9982.0,35.43779884581303,35.0,300.68231843589524
9983.0,34.86185998075667,35.0,298.9967806533902
9984.0,34.466936569935804,35.0,298.8951006597039
9985.0,35.14292661731979,35.0,299.3521068640149
9986.0,34.89137085423317,35.0,300.52143883063354
9987.0,35.43169337774201,35.0,301.2160543605704
9988.0,35.247699768785864,35.0,300.2332693709421
9989.0,34.77752815908442,35.0,298.9580422802353
9990.0,34.8942323566625,35.0,299.1736794830698
9991.0,35.048573053761665,35.0,300.23312586213865
9992.0,35.72806984539949,35.0,298.81552337813997
9993.0,35.398181599700195,35.0,298.56208055505897
9994.0,35.451664965061454,35.0,298.6097181889201
9995.0,35.430898958421245,35.0,300.4579959880047
9996.0,35.42308756856683,35.0,299.20228261440235
9997.0,34.78394195843529,35.0,300.3847090131783
9998.0,35.61538812246407,35.0,301.3121619342125
9999.0,34.78902693604284,35.0,297.1894359704499
10000.0,34.678730424868114,35.0,300.5811930599281
10001.0,35.33727147278859,35.0,300.4099229369462
10002.0,34.77442247514019,35.0,297.6213903916778
10003.0,34.761090679644404,35.0,300.64762056093394
10004.0,34.23136913116595,35.0,301.8343331830875
10005.0,35.0604689380934,35.0,300.74825265366024
10006.0,34.38186117312732,35.0,299.62639391531604
10007.0,34.87207355714807,35.0,300.18279171700425
10008.0,35.66015034519782,35.0,300.0063521613219
10009.0,34.85237247132948,35.0,299.2850620695013
10010.0,35.58411363282628,35.0,298.96563106778507
10011.0,35.5831625196843,35.0,300.9007177131823
10012.0,34.754490408650305,35.0,301.1046230611927
10013.0,34.47245243639877,35.0,301.81823305997915
10014.0,34.413552594017844,35.0,299.93971028129454
10015.0,34.77404509498266,35.0,300.3489205671384
10016.0,34.50831763308393,35.0,300.98361373713186
10017.0,35.09653345893367,35.0,299.0943629495104
10018.0,34.43184773756213,35.0,299.3818605112692
10019.0,35.03734626677766,35.0,301.25376200732484
10020.0,35.315707682948485,35.0,298.08142485439726
10021.0,35.41670980743876,35.0,300.3501913570489
10022.0,34.99107314566682,35.0,300.4230658759863
10023.0,34.43600924207033,35.0,297.64313892125784
10024.0,35.26827494813637,35.0,299.2342251854244
10025.0,35.12857557191246,35.0,300.8279962557782
10026.0,34.068075920612884,35.0,298.64410094176753
10027.0,34.65273470489339,35.0,298.60162954639105
10028.0,34.73471208031768,35.0,300.4712097148947
10029.0,34.484841191448254,35.0,300.64854700116587
10030.0,35.412345730997906,35.0,301.3173844538391
10031.0,34.55312169242367,35.0,299.7356453630492
10032.0,35.31645021146957,35.0,299.4458417845333
10033.0,34.87011128928103,35.0,301.20555919226103
10034.0,35.83368256643901,35.0,298.93026558795276
10035.0,34.66551890481217,35.0,301.50063172271336
10036.0,34.620302974091096,35.0,299.24569968891916
10037.0,35.038777207146595,35.0,302.15232702385515
10038.0,35.099419524464125,35.0,300.98813956683534
10039.0,34.25846635265644,35.0,300.5861453177778
10040.0,34.97052160069198,35.0,300.09852796938617
10041.0,35.59287503390064,35.0,299.6564643278036
10042.0,35.35098733875331,35.0,300.4988544256865
10043.0,34.38951344272682,35.0,302.17652828008545
10044.0,34.78363621873415,35.0,299.8042056029634
10045.0,34.396744675729806,35.0,298.9115535931562
10046.0,35.45854459942406,35.0,299.89725909036775
10047.0,35.77974740083352,35.0,300.72696524532637
10048.0,35.42514996660981,35.0,299.515399642597
10049.0,34.92225463160955,35.0,299.1476294041961
10050.0,35.340801451659864,35.0,299.5692202506583
10051.0,35.57103100930727,35.0,301.03423159467746
10052.0,35.30726782276472,35.0,300.79241301227916
10053.0,34.98359390088299,35.0,298.5161188961914
10054.0,35.69682250240208,35.0,299.7347678824994
10055.0,34.839198429789846,35.0,302.9816646575146
10056.0,34.760709456429886,35.0,298.6558035233832
10057.0,34.354230446531,35.0,300.29688993443756
10058.0,35.009014885455265,35.0,300.1463200643266
10059.0,34.85050355324425,35.0,300.73807874871034
10060.0,35.200346632816455,35.0,301.24414736329555
10061.0,35.22027420650026,35.0,299.79473149120565
10062.0,35.25708245367158,35.0,298.8871316841719
10063.0,34.46607845837394,35.0,300.4920389816869
10064.0,34.60028896860925,35.0,299.00514329498907
10065.0,34.77425509335891,35.0,298.5121195967333
10066.0,34.482522299864286,35.0,300.578558790809
10067.0,34.9092080285784,35.0,298.4801155446219
10068.0,34.714274865043876,35.0,299.9976174186943
10069.0,35.72866266269971,35.0,300.50546461471004
10070.0,35.582345359234296,35.0,300.7252550030368
10071.0,35.15259965270687,35.0,299.84552058059637
10072.0,35.40433628623885,35.0,299.7365947807379
10073.0,34.393643611806944,35.0,300.52848598538566
10074.0,35.114775715368744,35.0,300.31136972973525
10075.0,34.6924792908796,35.0,300.16567638780333
10076.0,35.205641133058776,35.0,299.8091215275944
10077.0,35.5319794776167,35.0,299.87244479483513
10078.0,34.81816879071974,35.0,298.0477144770783
10079.0,34.56210719584849,35.0,299.754771562589
10080.0,34.55300581803928,35.0,299.87347498816047
10081.0,35.03256841785359,35.0,300.1962914079233
10082.0,34.744561383097725,35.0,298.9665346049921
10083.0,34.94779568898545,35.0,300.0870706011956
10084.0,35.033951492130285,35.0,300.1589984020324
10085.0,34.30557788554748,35.0,298.5346973645012
10086.0,35.31686749889111,35.0,300.036570547548
10087.0,35.00972869378197,35.0,298.8508199033836
10088.0,34.94039180503555,35.0,300.5844493925612
10089.0,34.83252573017035,35.0,300.0056872348637
10090.0,34.77339135443624,35.0,301.2254128876423
10091.0,34.334622814308666,35.0,301.107503052535
10092.0,35.39262631673961,35.0,300.1683643359431
10093.0,35.09358885944284,35.0,298.0766878299655
10094.0,34.618644247166486,35.0,299.59684820332984
10095.0,34.84456789509144,35.0,300.4443211719093
10096.0,34.238027680176494,35.0,299.766350536602
10097.0,34.789726075605664,35.0,298.10104980173037
10098.0,35.514944851786716,35.0,300.0314803232146
10099.0,34.11315719382318,35.0,299.91629365161157
10100.0,35.23273644245851,35.0,299.09053845623947
10101.0,34.49606650481236,35.0,300.59434501773995
10102.0,35.39933075992767,35.0,299.20088808194487
10103.0,35.33420515249654,35.0,300.57775954434356
10104.0,34.18578963791158,35.0,299.2772991026887
10105.0,34.564580903230514,35.0,299.76735208220833
10106.0,34.59042266480216,35.0,299.9786381455091
10107.0,34.91458410192012,35.0,299.29631327522026
10108.0,35.490633034396865,35.0,300.38344978100224
10109.0,34.99499707539865,35.0,300.1023852183064
10110.0,35.04078853761581,35.0,301.32681472685016
10111.0,35.17285914101547,35.0,298.9115011142462
10112.0,35.47646411480237,35.0,300.91495817150695
10113.0,35.010514212263764,35.0,300.9317219410393
10114.0,35.11277997129266,35.0,302.36740383785815
10115.0,34.53129442299408,35.0,299.7224908782664
10116.0,35.489258462577105,35.0,301.3851187097776
10117.0,35.15968493466601,35.0,300.7472862619664
10118.0,34.68433195642964,35.0,299.7239476667094
10119.0,35.62035462332566,35.0,300.42848172423953
10120.0,35.21169952863192,35.0,299.84700042217725
10121.0,34.51879892169833,35.0,300.0979369841135
10122.0,35.57342075668322,35.0,299.81186409540715
10123.0,34.94076641148898,35.0,301.6268941765679
10124.0,34.680842416530695,35.0,299.08116629198537
10125.0,35.17524926029474,35.0,299.31524180395843
10126.0,35.17488653196505,35.0,300.70981140979984
10127.0,34.15711775797231,35.0,299.830160128907
10128.0,35.73019351485916,35.0,299.77139293964444
10129.0,35.2923353777249,35.0,302.05931226071783
10130.0,34.97794283901663,35.0,300.1120993235434
10131.0,35.51276022565153,35.0,299.70311728265546
10132.0,34.77427688517114,35.0,299.73745493824305
10133.0,34.66515926339377,35.0,298.0102317545974
10134.0,34.152090311891236,35.0,298.7165628093809
10135.0,35.796263021886304,35.0,301.8689570417324
10136.0,34.49089513977496,35.0,298.96703953070886
10137.0,34.73459943623654,35.0,299.41198874217446
10138.0,35.01798983677857,35.0,298.97731707941256
10139.0,34.940602527280866,35.0,299.31232895313025
10140.0,35.34767628040074,35.0,300.6937133161213
10141.0,34.98584511223768,35.0,300.682021053366
10142.0,35.60621832010488,35.0,299.6429219188726
10143.0,34.65924976568205,35.0,301.8939973456782
10144.0,34.87011934045132,35.0,299.9906163662842
10145.0,34.73469216880483,35.0,299.46417717499276
10146.0,34.38802282417705,35.0,299.1082117896485
10147.0,35.16177689013764,35.0,299.9500687138045
10148.0,35.26955036485562,35.0,299.7068957340753
10149.0,34.69710149391766,35.0,298.3826762280954
10150.0,34.77237339311058,35.0,298.60459434745275
10151.0,35.44295378684371,35.0,298.63856970859155
10152.0,34.646242271612074,35.0,300.1391564681199
10153.0,34.51513251817412,35.0,300.7165489690484
10154.0,35.04714138009876,35.0,300.59516175367526
10155.0,35.33366656317956,35.0,300.14822722680964
10156.0,34.14517051669646,35.0,297.96338868498356
10157.0,35.35525094229902,35.0,300.82448846848126
10158.0,34.59053783730318,35.0,300.09072973261453
10159.0,34.82128057127971,35.0,300.6204496560216
10160.0,35.17368573340492,35.0,300.58408230025645
10161.0,34.82629847882439,35.0,299.8893537823416
10162.0,34.56434416425773,35.0,299.1031218287005
10163.0,34.539167025441735,35.0,300.8123785949868
10164.0,34.89004633597938,35.0,299.9430669525358
10165.0,34.94723987663379,35.0,299.26289164640406
10166.0,34.60269602927337,35.0,300.5850356750522
10167.0,35.20361166126276,35.0,299.7286473202752
10168.0,35.859068154390556,35.0,300.1127270412929
10169.0,35.11629311324856,35.0,300.900211654316
10170.0,34.81505938399643,35.0,300.25225118226876
10171.0,34.76827433678452,35.0,299.0383487924963
10172.0,35.627214503854404,35.0,301.00026909117565
10173.0,35.09841416817824,35.0,302.01269720135997
10174.0,34.37627654014475,35.0,299.20839786964257
10175.0,35.585528501808156,35.0,299.45767411106
10176.0,34.86005727524525,35.0,299.120896612523
10177.0,34.89745308224255,35.0,299.40754329271954
10178.0,35.250945625899824,35.0,299.5156624078264
10179.0,34.394318211737605,35.0,300.66653302462163
10180.0,35.00840919270953,35.0,299.81654858411696
10181.0,35.02207459268639,35.0,299.9201075635717
10182.0,35.39005717606457,35.0,300.6457341948817
10183.0,33.92833651177951,35.0,300.35393196439725
10184.0,35.410479627116224,35.0,300.56951960706965
10185.0,35.37247505944473,35.0,299.9857224173969
10186.0,35.21036597927386,35.0,300.02067345864054
10187.0,35.284355415342354,35.0,299.84283126734
10188.0,34.49282023642516,35.0,301.2222279674884
10189.0,34.44743092341279,35.0,298.93826283812024
10190.0,34.836734674000745,35.0,298.8195632164819
10191.0,34.60974774785268,35.0,300.2435976654989
10192.0,34.85905080621082,35.0,300.609457017678
10193.0,34.81566936104444,35.0,300.27852572032555
10194.0,34.57035948602065,35.0,300.1504210237516
10195.0,35.04032574699895,35.0,300.8345832623648
10196.0,34.89639797330388,35.0,299.3731463207776
10197.0,35.222233093140574,35.0,298.27573055485715
10198.0,35.82535996794685,35.0,299.26116258050445
10199.0,35.51354337377793,35.0,300.8207603667437
10200.0,34.69685880251802,35.0,301.23502156551353
10201.0,34.18716508920736,35.0,298.43788786709496
10202.0,34.96556377280931,35.0,300.1299586132546
10203.0,34.95647156288862,35.0,298.239671522336
10204.0,34.40931788835138,35.0,299.79221411838535
10205.0,35.19601282195204,35.0,300.89146880977665
10206.0,34.81308722364953,35.0,299.3476122050548
10207.0,34.76317438865801,35.0,300.8524102579453
10208.0,34.6092432631307,35.0,301.25637127131915
10209.0,35.043693492997356,35.0,299.01571302996524
10210.0,34.92344124320489,35.0,300.13639854871184
10211.0,35.36436505073458,35.0,299.3142291203805
10212.0,34.742255765608476,35.0,300.48360064487065
10213.0,34.9179166560431,35.0,301.01492234406413
10214.0,34.96569148130912,35.0,300.03772891166426
10215.0,35.541869288990746,35.0,301.19367772959043
10216.0,35.379513298880575,35.0,300.92041670947594
10217.0,34.56263483964725,35.0,300.14285782116247
10218.0,34.86366625349634,35.0,300.4666216143511
10219.0,35.77081503593034,35.0,300.59317231179176
10220.0,34.866917850899426,35.0,297.8712128010594
10221.0,34.76483081884019,35.0,298.9708000611482
10222.0,34.83586209272507,35.0,301.15060249198217
10223.0,35.170276373907704,35.0,301.0920976494833
10224.0,35.20148152588604,35.0,300.4520080162105
10225.0,34.89842019333917,35.0,299.9853482139352
10226.0,35.046463499970024,35.0,299.61414427452775
10227.0,35.17957098695689,35.0,300.5792881283391
10228.0,34.62451910550318,35.0,299.73941038755936
10229.0,35.225608421915915,35.0,299.50098623846833
10230.0,34.810187494458006,35.0,299.9825459904817
10231.0,35.33433809119146,35.0,299.0342193625392
10232.0,34.139960561282216,35.0,299.09892635243057
10233.0,34.894662642836025,35.0,299.6045413806074
10234.0,34.66350814838676,35.0,299.4164402954834
10235.0,34.57220966409271,35.0,298.8611607948956
10236.0,35.22409957246715,35.0,302.2524429634893
10237.0,34.85432098351537,35.0,298.3758393431508
10238.0,34.80852986665515,35.0,297.99562620389906
10239.0,35.89380860894934,35.0,298.58095331873636
10240.0,35.19940214096381,35.0,300.71723013369234
10241.0,35.459460485823556,35.0,299.0604111109767
10242.0,34.85801011754366,35.0,301.00648083707205
10243.0,35.666475265266754,35.0,301.0942931931137
10244.0,35.056078277039184,35.0,299.73861524321234
10245.0,34.47326842813765,35.0,299.94620674857373
10246.0,34.572990924192446,35.0,298.75362289457735
10247.0,35.32540814248013,35.0,299.25799564923074
10248.0,34.809709611229124,35.0,301.7116384677001
10249.0,35.25346591650731,35.0,300.2504664651696
10250.0,34.80162802007476,35.0,300.63953877944004
10251.0,34.917817704762584,35.0,299.67312365129476
10252.0,35.12560473361638,35.0,299.42903528885535
10253.0,35.51969460795518,35.0,299.65987328167705
10254.0,35.49015242702047,35.0,299.8120023323092
10255.0,35.25674268528116,35.0,299.9533030708753
10256.0,34.87882494421571,35.0,299.1213772244215
10257.0,35.14849041209057,35.0,300.9025661880628
10258.0,35.43112667992446,35.0,299.75581289270946
10259.0,34.936831382530855,35.0,300.7298591016644
10260.0,35.00288877782753,35.0,298.910415188684
10261.0,35.42856288137062,35.0,299.80439770170153
10262.0,35.201360784780874,35.0,301.6040436023192
10263.0,35.5430716029811,35.0,301.11487303977043
10264.0,35.53855639940368,35.0,299.83203899371966
10265.0,34.82228241029499,35.0,300.6327929895369
10266.0,35.093967551937595,35.0,300.8549622463768
10267.0,35.51086074482526,35.0,301.4598643040329
10268.0,35.1379947597223,35.0,300.8048016439259
10269.0,35.39910305868062,35.0,301.21227489218774
10270.0,35.07901407814454,35.0,300.28426506123407
10271.0,34.58612972823578,35.0,300.210057419827
10272.0,35.63099960202001,35.0,300.2163430692562
10273.0,34.935054342901104,35.0,299.98440791886173
10274.0,35.22870134503232,35.0,300.59428651370706
10275.0,35.45565007255421,35.0,300.0761135107537
10276.0,35.2489148325239,35.0,299.6451962820465
10277.0,34.64661368354924,35.0,299.9845917205334
10278.0,35.08139327984123,35.0,300.330119879624
10279.0,34.63855728559701,35.0,300.74538256653665
10280.0,35.10179791582383,35.0,301.2567006880613
10281.0,35.036829039145495,35.0,299.9497474570684
10282.0,35.295445066380346,35.0,300.67303273659513
10283.0,34.52211577916787,35.0,299.53089495923774
10284.0,35.1722015049992,35.0,298.59998474127053
10285.0,34.93059645432244,35.0,300.20251345612763
10286.0,34.97138799813437,35.0,300.22654234099736
10287.0,35.31549071898985,35.0,300.9647720115928
10288.0,35.202826896922446,35.0,299.9009576994478
10289.0,35.83633831273696,35.0,302.29535207609086
10290.0,35.52828739058605,35.0,300.2251430828068
10291.0,34.71945480307428,35.0,299.8671578621521
10292.0,34.90771222002732,35.0,300.3721229643328
10293.0,35.11910949132818,35.0,298.21293423116947
10294.0,34.33552167377565,35.0,297.4930105797564
10295.0,34.69777987650308,35.0,300.43472078809714
10296.0,34.62221809650943,35.0,300.58445950491796
10297.0,34.65213822519853,35.0,299.3574093968794
10298.0,35.70648180103356,35.0,301.17547673177114
10299.0,34.27065234505487,35.0,299.59021723706036
10300.0,35.281245601501276,35.0,300.79325768961024
10301.0,34.86533448697084,35.0,300.0209098532102
10302.0,34.06857584035933,35.0,299.26130160788153
10303.0,34.683495921246546,35.0,300.72697988291685
10304.0,35.54093124264301,35.0,298.6665023116065
10305.0,34.572984121097974,35.0,300.38177776692294
10306.0,34.81513457122132,35.0,299.43751574226263
10307.0,35.06050858926278,35.0,297.46686946776686
10308.0,35.02735723871646,35.0,299.50548270554094
10309.0,35.26043997164596,35.0,300.02222882696816
10310.0,34.777756244765364,35.0,298.24029224779304
10311.0,34.746940479340836,35.0,300.6244187681115
10312.0,34.440828243076744,35.0,299.850295753565
10313.0,34.116529149762655,35.0,301.8428489169725
10314.0,34.252427708639964,35.0,301.4134408004628
10315.0,34.93137968609188,35.0,300.95576247134346
10316.0,34.54121468089703,35.0,299.99154861533714
10317.0,34.669738375355436,35.0,298.90064241941013
10318.0,35.12701163506469,35.0,300.04633409375225
10319.0,35.39555524309337,35.0,300.5410889047477
10320.0,35.489968253479134,35.0,300.92724743138695
10321.0,34.86926676344875,35.0,300.75869897352214
10322.0,34.98405048688727,35.0,298.78814223291874
10323.0,34.42763386178069,35.0,300.42543698438527
10324.0,34.61131070200301,35.0,300.5948095240247
10325.0,34.952291331942504,35.0,299.09043412067155
10326.0,34.972301389878254,35.0,300.94708822578633
10327.0,33.91277579122642,35.0,299.1929925872116
10328.0,34.883011185502255,35.0,300.10961565294025
10329.0,34.804503918277945,35.0,300.0866053483196
10330.0,34.454617382395,35.0,298.5014218930013
10331.0,34.243428656827135,35.0,298.63561168663693
10332.0,34.587711823999804,35.0,300.1884582995442
10333.0,34.992879198392416,35.0,298.89075069761725
10334.0,35.250679829113615,35.0,300.94292328699845
10335.0,34.949021610873196,35.0,300.19766526614967
10336.0,34.11232417678217,35.0,298.1564309249754
10337.0,34.64400127544258,35.0,299.1967228537497
10338.0,35.45650193418466,35.0,299.66862787845946
10339.0,34.756740291771024,35.0,299.355118441218
10340.0,34.85269202308553,35.0,300.3480619066516
10341.0,35.26927327929959,35.0,299.0586486069578
10342.0,35.01725451336701,35.0,301.1719370056463
10343.0,34.82413904345739,35.0,299.52989601531846
10344.0,34.519081879266096,35.0,301.8734234199901
10345.0,35.21686288637793,35.0,299.77607750225974
10346.0,34.639890507561,35.0,299.8386716845367
10347.0,35.241881632925946,35.0,300.37676874974
10348.0,35.07876248591627,35.0,298.56066928330216
10349.0,34.91286371675882,35.0,299.0004257528938
10350.0,35.00653993810524,35.0,300.8599341976955
10351.0,34.951360874545664,35.0,299.88023490188425
10352.0,35.31397412244564,35.0,300.6477195230509
10353.0,34.83073926990276,35.0,300.46590326461927
10354.0,35.26579542079478,35.0,300.1539327917746
10355.0,35.28399045099036,35.0,298.99533327297604
10356.0,34.846035552114785,35.0,299.8860337149143
10357.0,35.278549103233566,35.0,300.30619303097495
10358.0,34.39351515646048,35.0,300.3053461273787
10359.0,34.61602851097904,35.0,300.8652501514794
10360.0,35.381708578094944,35.0,300.5759780125008
10361.0,34.518063089877764,35.0,301.0733825054238
10362.0,34.79879740997402,35.0,298.70946324768806
10363.0,34.281097812401526,35.0,300.04943753059297
10364.0,34.948889063186456,35.0,300.9938973042944
10365.0,35.63102202368538,35.0,298.69460497143666
10366.0,35.05197805609671,35.0,299.0223456282711
10367.0,36.33785161819422,35.0,299.7706235597595
10368.0,34.89431083320071,35.0,299.42451454960053
10369.0,35.364716784959725,35.0,299.85934042034404
10370.0,34.835230616828945,35.0,301.3666404027601
10371.0,35.14746088075928,35.0,301.5566779471794
10372.0,35.08328285643326,35.0,300.74420432049544
10373.0,35.34690251632332,35.0,299.95637819645265
10374.0,35.39992731800547,35.0,299.35134864773715
10375.0,34.989639717944485,35.0,300.5821507758707
10376.0,34.32686296793974,35.0,299.3515353830615
10377.0,35.81430871449191,35.0,299.13573865359695
10378.0,35.4547641612884,35.0,298.935222300803
10379.0,34.76870178288304,35.0,299.9513703022022
10380.0,34.65186709670245,35.0,300.77198614458126
10381.0,35.650047431549005,35.0,299.86587226325713
10382.0,35.2482542808469,35.0,301.2495611933575
10383.0,35.172266089299505,35.0,299.0659910920876
10384.0,34.85647403802394,35.0,298.53635672695356
10385.0,34.89917508596611,35.0,301.7898179541556
10386.0,34.78275801301497,35.0,299.2900806905496
10387.0,34.94047351114562,35.0,299.70079690377963
10388.0,35.29637584730348,35.0,300.299743884503
10389.0,34.60151240870458,35.0,300.57573977795437
10390.0,35.21084054035199,35.0,301.68053834990786
10391.0,34.89174607116439,35.0,301.5088666488456
10392.0,35.209977465085686,35.0,299.58859183858857
10393.0,34.59235210436772,35.0,299.0635474122503
10394.0,34.71385713296437,35.0,300.9953096233382
10395.0,34.49195962672884,35.0,300.82619453117746
10396.0,36.1374277122662,35.0,300.54007096810045
10397.0,34.88788205945923,35.0,299.3253859715708
10398.0,34.99334098039083,35.0,300.5239615297097
10399.0,35.05041863106027,35.0,300.7079122981994
10400.0,34.62132749242689,35.0,300.19324448697654
10401.0,35.17847123279772,35.0,301.17932601901043
10402.0,35.072678985355445,35.0,300.0356485524032
10403.0,34.89276787095286,35.0,301.56307537214434
10404.0,34.7845865293069,35.0,298.8374486967354
10405.0,34.32113437211694,35.0,299.75142348934355
10406.0,35.21300500461593,35.0,300.66967378337097
10407.0,34.68430928376893,35.0,299.8925375851016
10408.0,35.335812525333424,35.0,301.20083179449404
10409.0,34.70172859979003,35.0,298.51213812055994
10410.0,34.56287036211893,35.0,298.8204661620398
10411.0,34.66042316446711,35.0,300.5926458991246
10412.0,35.065124444031056,35.0,298.58669527771923
10413.0,34.980916361670886,35.0,299.3206527353667
10414.0,35.00931988716416,35.0,300.4358553177511
10415.0,35.239367689387166,35.0,300.9224733061764
10416.0,34.95234169955685,35.0,297.83461332114666
10417.0,34.299752422679475,35.0,300.5826469385266
10418.0,34.806414021779375,35.0,298.47837479412965
10419.0,35.1540727573323,35.0,301.6104442675975
10420.0,34.886579330970406,35.0,299.179678559564
10421.0,34.875298982464116,35.0,298.10778842103275
10422.0,35.171042305665615,35.0,299.3442146611027
10423.0,34.713125488740594,35.0,299.78995121059893
10424.0,35.76701581854833,35.0,299.1422775707333
10425.0,34.569106577238784,35.0,299.57787648474897
10426.0,34.8777433085449,35.0,302.86955903430635
10427.0,34.85138334098344,35.0,300.85298273596277
10428.0,34.61010785838648,35.0,302.2758932433986
10429.0,34.85587375532485,35.0,299.7546414588409
10430.0,35.310471236287015,35.0,299.0879574000853
10431.0,35.27625296281561,35.0,299.15921334759895
10432.0,34.62764970060657,35.0,298.6391374417579
10433.0,35.81003267620756,35.0,299.50161371308684
10434.0,35.121597630307484,35.0,300.4646981395329
10435.0,35.373760800530704,35.0,301.48076698716267
10436.0,35.018161201290155,35.0,300.3155621899349
10437.0,35.01077317127184,35.0,301.49747040387786
10438.0,35.650031111150305,35.0,299.736525326487
10439.0,34.93013712459704,35.0,300.28087169868473
10440.0,34.91863140762776,35.0,299.8929969991792
10441.0,37.43619505574764,35.0,299.09505985240395
10442.0,34.98479004723061,35.0,300.6031669405871
10443.0,35.23478449914991,35.0,298.8839217618194
10444.0,34.76425433609161,35.0,299.38483392707684
10445.0,35.42057365217463,35.0,302.1203818603756
10446.0,34.572536802820395,35.0,299.38775750438947
10447.0,34.87807846148515,35.0,299.5128042743272
10448.0,35.355243014318326,35.0,301.101563117138
10449.0,35.15586001997895,35.0,300.98338618838795
10450.0,34.43241436461712,35.0,300.3371444264775
10451.0,34.73727027863344,35.0,303.1172240021632
10452.0,35.39000009925864,35.0,301.2665941449673
10453.0,35.355579031399344,35.0,301.5208762322697
10454.0,34.76917838220885,35.0,298.9669089487085
10455.0,35.31369682953526,35.0,300.29209314889204
10456.0,35.303813631476515,35.0,301.10507630545504
10457.0,34.30775027590627,35.0,300.0411813421146
10458.0,34.82888231727867,35.0,302.6821472427039
10459.0,35.29716506794264,35.0,301.94732513322333
10460.0,34.412254586022485,35.0,299.50370616020416
10461.0,34.70553716390267,35.0,300.26828977727484
10462.0,34.631684359494024,35.0,299.22373948229557
10463.0,35.0651491630762,35.0,299.9341301665564
10464.0,34.18941184509057,35.0,299.38133064575055
10465.0,35.68834236725238,35.0,300.04745397738924
10466.0,35.47156207726877,35.0,301.45469600095373
10467.0,35.337494218690644,35.0,299.8544325675636
10468.0,35.194628755371646,35.0,299.8874077072795
10469.0,35.51375903861691,35.0,300.7564226759802
10470.0,35.5917696801024,35.0,300.08987656201793
10471.0,34.995825429782464,35.0,299.06101843563044
10472.0,34.607776751747075,35.0,300.44927949739076
10473.0,35.418135518826475,35.0,300.36631598960173
10474.0,35.53169498447898,35.0,299.3943670267505
10475.0,34.92710533698707,35.0,301.0131893577234
10476.0,34.77553683817697,35.0,299.5152197982703
10477.0,35.29037047740595,35.0,301.05336288746656
10478.0,35.20354541226577,35.0,299.3126762896906
10479.0,34.338682458418,35.0,299.9743002937446
10480.0,35.17502965041074,35.0,300.45101920401663
10481.0,35.23697275829583,35.0,299.730574398271
10482.0,34.88087892979715,35.0,301.0410428618239
10483.0,35.29352590260562,35.0,300.0381877906482
10484.0,35.02886046518028,35.0,299.48524634153046
10485.0,35.34199895577082,35.0,298.7106703793876
10486.0,34.78094960476661,35.0,298.96519338690996
10487.0,34.637793556663844,35.0,299.7319563582359
10488.0,34.5340530554843,35.0,301.10598998849633
10489.0,34.69633877685632,35.0,298.52773030320066
10490.0,35.0039404798886,35.0,298.8967869269567
10491.0,35.474372644949064,35.0,299.16141502996527
10492.0,34.56199122934493,35.0,300.1983345500527
10493.0,35.173216069769175,35.0,299.05980306998543
10494.0,35.17854592905687,35.0,300.4631111266413
10495.0,34.855170292534424,35.0,300.10591792867206
10496.0,34.46794422340654,35.0,300.88435235125206
10497.0,34.6745633465944,35.0,299.91569466663157
10498.0,34.6122660757063,35.0,301.1960300267968
10499.0,35.882956349638704,35.0,298.17157859870053
10500.0,35.70032383725711,35.0,298.68817733704236
10501.0,34.60441927130982,35.0,300.88841003206124
10502.0,34.79987316776463,35.0,301.0251896069679
10503.0,35.32991051890502,35.0,299.8971433489845
10504.0,35.122501663252464,35.0,299.7079023498721
10505.0,35.09215006926802,35.0,300.39563794897094
10506.0,34.75169570119678,35.0,300.30603857526364
10507.0,35.06764969866477,35.0,299.1922657516473
10508.0,34.911056286046296,35.0,301.47821898332046
10509.0,34.803288450288434,35.0,299.78746282324386
10510.0,34.91286716014363,35.0,301.9661759820965
10511.0,35.30101068890754,35.0,299.57574001964167
10512.0,35.202893353693945,35.0,298.881308414975
10513.0,35.41695605190945,35.0,299.4494030343654
10514.0,34.60496794814135,35.0,299.13411893947
10515.0,34.885533217671,35.0,301.4783124537031
10516.0,34.752553908987025,35.0,299.27844469013297
10517.0,35.10083335184364,35.0,300.68511537525296
10518.0,34.48709679349485,35.0,300.05425514836196
10519.0,34.93155574796493,35.0,300.25706082658223
10520.0,34.71338265339836,35.0,300.574285460901
10521.0,35.57901910691246,35.0,299.56073468702976
10522.0,34.658610030381574,35.0,302.35152735874567
10523.0,39.04510817414959,35.0,298.6547279941815
10524.0,35.04629270108775,35.0,301.18191857144404
10525.0,35.219418426822116,35.0,300.48144547269476
10526.0,34.730713429786725,35.0,299.68563641120375
10527.0,35.87441583699255,35.0,300.7324173807444
10528.0,35.2012326407354,35.0,301.07477780081496
10529.0,35.10917039562062,35.0,302.71854582354115
10530.0,34.973272104167506,35.0,299.4588011290241
10531.0,35.62183501920119,35.0,299.11854391282776
10532.0,35.38686562793637,35.0,301.2184331638126
10533.0,35.288046446991416,35.0,299.63472734256555
10534.0,35.39463624954158,35.0,299.70019171281695
10535.0,34.953673442580325,35.0,298.515139746745
10536.0,34.87282970477692,35.0,299.17637744728034
10537.0,35.4120714217894,35.0,302.3626725169211
10538.0,34.82219481348133,35.0,300.079052725824
10539.0,34.56897882448328,35.0,299.79854581378794
10540.0,35.030053175267405,35.0,299.51863532700344
10541.0,34.91410441831164,35.0,298.7867274750943
10542.0,35.09560437705213,35.0,301.69961917547056
10543.0,35.04481679142266,35.0,301.0888908174405
10544.0,35.077164741263935,35.0,300.18911627587175
10545.0,34.26950671570923,35.0,299.7878187445565
10546.0,34.574733841015764,35.0,300.6972960740233
10547.0,35.10057361509239,35.0,299.0827446615399
10548.0,34.26694045001343,35.0,300.2648266313688
10549.0,34.568896338656685,35.0,298.7234217168583
10550.0,35.44424460365587,35.0,298.2970331305394
10551.0,34.63823637553289,35.0,299.068225306423
10552.0,35.520858556715474,35.0,299.1034942562127
10553.0,34.1903119679847,35.0,301.0047917496663
10554.0,34.439227028901,35.0,299.69756735432816
10555.0,34.83849772842328,35.0,298.587037212834
10556.0,34.762890683126685,35.0,299.4094547418428
10557.0,34.90587457752895,35.0,300.0803329161221
10558.0,34.658112367228945,35.0,298.6052035505724
10559.0,35.11003782187847,35.0,301.3918378704422
10560.0,35.156689730641304,35.0,300.0284391237299
10561.0,34.67267190246432,35.0,300.07439233801534
10562.0,35.172880331478154,35.0,298.5209890610761
10563.0,34.564875462676895,35.0,300.8624959582831
10564.0,35.31896810726938,35.0,300.7400341684072
10565.0,34.56552015154202,35.0,298.118956236017
10566.0,34.829155607042296,35.0,299.7806708428268
10567.0,35.241627431295896,35.0,300.2094580038984
10568.0,34.63531813221437,35.0,299.468744552644
10569.0,35.10805360456263,35.0,301.0214480990388
10570.0,35.56436978656283,35.0,298.7176523267926
10571.0,34.84750823994224,35.0,302.24417871553015
10572.0,34.85310191751405,35.0,300.66467259988633
10573.0,35.32080403856843,35.0,299.67521686651827
10574.0,35.48891096715927,35.0,300.5651078115793
10575.0,34.87863464558043,35.0,300.90255480844235
10576.0,35.30315262475957,35.0,299.3777244617144
10577.0,35.3389050716568,35.0,299.9446939422278
10578.0,35.17087865264231,35.0,300.8182359028287
10579.0,35.40004272224224,35.0,300.5649741530181
10580.0,34.97213508183659,35.0,300.0327271676068
10581.0,35.205611833598105,35.0,300.22285962720906
10582.0,34.835495265369566,35.0,300.26027520251137
10583.0,34.13913091537096,35.0,299.83695785627384
10584.0,34.871676828012625,35.0,300.06307762707905
10585.0,34.79757272522498,35.0,299.39927480680007
10586.0,35.260782261476,35.0,299.81408832728226
10587.0,35.26234138043734,35.0,300.5092893569793
10588.0,34.88911057616643,35.0,302.542212970207
10589.0,35.49878592573126,35.0,301.66398392707094
10590.0,35.33581040162905,35.0,300.2688068292398
10591.0,35.61172134127718,35.0,300.9322677017756
10592.0,34.91110596930493,35.0,300.79259780156536
10593.0,35.06939078003094,35.0,298.6656637719202
10594.0,34.99514891496238,35.0,300.2470189766932
10595.0,34.77397853792952,35.0,300.2488187787085
10596.0,34.6793849099993,35.0,299.5388756778641
10597.0,35.44490606241298,35.0,300.8398381883937
10598.0,35.42041759615276,35.0,300.1133218421769
10599.0,35.42856843244322,35.0,300.9383543233521
10600.0,35.497268278266425,35.0,301.4779960460275
10601.0,34.42662167023107,35.0,300.53067516084127
10602.0,34.80271609634373,35.0,298.22491931770475
10603.0,35.05975700885146,35.0,300.8377241303614
10604.0,34.87559587573352,35.0,299.0738492841271
10605.0,34.80390183093095,35.0,299.0420221826708
10606.0,34.94247234109991,35.0,299.2111200816776
10607.0,34.29938983792604,35.0,299.0743906514525
10608.0,34.86734124398563,35.0,301.30392846145907
10609.0,34.97276063764686,35.0,301.3581953253043
10610.0,34.17825719074247,35.0,301.16259570132064
10611.0,35.53396647737592,35.0,301.83597393235345
10612.0,34.97314525541389,35.0,298.3285328619996
10613.0,34.55733953628335,35.0,299.4143246279522
10614.0,35.020605495753664,35.0,297.3973760892445
10615.0,35.536497074516085,35.0,298.6803797629255
10616.0,34.414851396071725,35.0,299.95612470548673
10617.0,34.943520510754546,35.0,300.24407227577495
10618.0,35.17800608076039,35.0,300.53706572025965
10619.0,34.49931876160595,35.0,299.21048426359386
10620.0,35.17856063523562,35.0,299.9468477364108
10621.0,35.02435127025447,35.0,299.85666082180904
10622.0,34.989219251823876,35.0,302.62791656831297
10623.0,35.11617483185548,35.0,298.2451678263259
10624.0,35.27396304098306,35.0,300.5456876040819
10625.0,34.7527537585583,35.0,302.1739737833523
10626.0,35.441344602891306,35.0,300.44925719836107
10627.0,35.35773208906032,35.0,299.78363675511304
10628.0,34.78605391715712,35.0,299.8997248036413
10629.0,34.279168106648754,35.0,301.07536840853095
10630.0,34.90455108898273,35.0,300.2880593714692
10631.0,34.89259678120049,35.0,299.6955236590692
10632.0,34.88716464543593,35.0,299.88902293364004
10633.0,34.49760800938621,35.0,299.94165238604785
10634.0,35.63158789894525,35.0,299.6202301137412
10635.0,34.89116244520774,35.0,301.86241585382425
10636.0,35.410081589315304,35.0,301.01098293959996
10637.0,34.90997557870857,35.0,298.3719871421224
10638.0,34.40474741976759,35.0,298.5681614688828
10639.0,35.26472536706751,35.0,300.88405115457
10640.0,34.84005788405068,35.0,300.0720200981166
10641.0,35.35301826336387,35.0,300.9701791582657
10642.0,34.89623087825017,35.0,299.8855674229544
10643.0,35.27260127915965,35.0,300.5605950781525
10644.0,35.57187402905868,35.0,300.01025868755227
10645.0,34.847054268607366,35.0,300.0552601395187
10646.0,35.45447492464637,35.0,298.29661214214207
10647.0,35.73847209144801,35.0,299.49272094040083
10648.0,34.39430891063032,35.0,299.5890191114037
10649.0,35.17938387001709,35.0,298.4601110614075
10650.0,35.47341407118073,35.0,301.4103486557034
10651.0,35.13961041564903,35.0,300.876236764999
10652.0,34.899336890691785,35.0,301.4431127400744
10653.0,34.40744625415756,35.0,300.8915061048649
10654.0,35.11634277653595,35.0,301.24142902924797
10655.0,34.410475744161964,35.0,301.2792986658119
10656.0,35.44087390598847,35.0,300.35307334696125
10657.0,34.65888004038146,35.0,299.74592438397207
10658.0,35.477579764896426,35.0,299.208115612032
10659.0,34.81911953759737,35.0,298.75056640453744
10660.0,34.94095580878225,35.0,299.6871045849376
10661.0,34.63489247023465,35.0,299.8912960046538
10662.0,34.5808386525682,35.0,299.86750590843417
10663.0,35.55775082355898,35.0,299.1462882306769
10664.0,35.64924064866603,35.0,300.770491304502
10665.0,34.89439781442199,35.0,300.3871901793194
10666.0,34.22333325062852,35.0,299.0407106286809
10667.0,33.888694440397096,35.0,300.6159066604927
10668.0,35.30648626885383,35.0,298.5198282439873
10669.0,34.252312617912146,35.0,300.3336175491423
10670.0,35.101211585991486,35.0,300.3302838303914
10671.0,34.87382684508849,35.0,299.37923083154334
10672.0,34.7699891843246,35.0,300.2752110775538
10673.0,34.94754790301007,35.0,301.476863460562
10674.0,35.11234954188491,35.0,298.5815562545037
10675.0,35.40039072916286,35.0,301.5065047297967
10676.0,35.40258887546504,35.0,301.9632746856136
10677.0,35.126618764495745,35.0,298.58444929200186
10678.0,34.96411322953393,35.0,298.749624725336
10679.0,34.59845551608805,35.0,300.3421834592774
10680.0,35.1585725787503,35.0,299.1748584802537
10681.0,35.30018821115823,35.0,299.9428907276967
10682.0,35.21643842687874,35.0,299.55219155062485
10683.0,34.84802598199749,35.0,300.7357426503426
10684.0,35.0738544650703,35.0,298.6350754419582
10685.0,35.08076528968357,35.0,300.47791025978717
10686.0,35.36524560468909,35.0,300.7640471172555
10687.0,35.07285875352788,35.0,300.78486317241664
10688.0,34.867946460752755,35.0,299.8492922564736
10689.0,34.707748259911334,35.0,297.2268668517666
10690.0,34.146304019250785,35.0,300.2035180339034
10691.0,35.08719720277208,35.0,301.2470316060601
10692.0,34.80992935007353,35.0,299.9620395204208
10693.0,34.842516738495924,35.0,301.3841331679562
10694.0,35.329941656814796,35.0,300.4421364079297
10695.0,34.637650228033664,35.0,300.0597237684762
10696.0,34.86336860275694,35.0,300.9748554797623
10697.0,34.71263239887371,35.0,301.2138309305171
10698.0,34.70375666001121,35.0,299.61713658551093
10699.0,34.792807770115225,35.0,299.6226841568932
10700.0,35.65281730916923,35.0,300.58467540216105
10701.0,34.84465741645342,35.0,300.1250148547616
10702.0,34.115914455667145,35.0,297.3919147220268
10703.0,35.396765816352094,35.0,300.24897794622984
10704.0,34.66082499392688,35.0,301.281428025829
10705.0,34.966811912325554,35.0,300.7397517548043
10706.0,35.08393286787028,35.0,300.06237325767125
10707.0,35.48387133253822,35.0,297.7135275131446
10708.0,34.24516975229083,35.0,299.90758304012587
10709.0,34.90086898505685,35.0,300.9877523698693
10710.0,34.98177404686177,35.0,300.52939581112366
10711.0,34.73243740373126,35.0,300.4574713290442
10712.0,35.54307855359232,35.0,302.1202715718603
10713.0,34.8860593603033,35.0,299.6605654916441
10714.0,34.97942187801379,35.0,299.4543727206051
10715.0,34.410463258352586,35.0,301.0144923017671
10716.0,34.37991384897149,35.0,299.95133403751515
10717.0,35.63772311504758,35.0,300.4408562544196
10718.0,35.25267947508615,35.0,300.8548169270105
10719.0,34.73426482663629,35.0,300.872872788745
10720.0,35.127733733553704,35.0,300.527147356391
10721.0,35.40814741406156,35.0,300.1074563494986
10722.0,35.04415726858972,35.0,299.332401760894
10723.0,34.53238415703423,35.0,298.979722684947
10724.0,35.05190256572687,35.0,299.743353087554
10725.0,35.00513222695959,35.0,300.2442131394649
10726.0,35.50817332638075,35.0,300.99793351153613
10727.0,34.620530097478174,35.0,301.12460293586435
10728.0,34.696480216568204,35.0,298.8880876878576
10729.0,35.47255565936561,35.0,300.92524337345657
10730.0,35.37122025425887,35.0,300.5943662886021
10731.0,34.774617888952456,35.0,298.75779987672297
10732.0,34.98011574190904,35.0,299.0732099181705
10733.0,34.98209194859894,35.0,298.4625851740761
10734.0,34.606746437951315,35.0,299.9918261344105
10735.0,34.67054544056378,35.0,302.07262595026583
10736.0,34.22638069393274,35.0,300.6663063603381
10737.0,35.074168978915736,35.0,301.12220031635985
10738.0,34.38167280245058,35.0,301.2205062327747
10739.0,35.460204649622376,35.0,301.2090873505259
10740.0,35.94671752948522,35.0,300.739113266877
10741.0,35.12471014078631,35.0,300.8659323663444
10742.0,34.88967315251335,35.0,299.1707754063006
10743.0,34.935832532764984,35.0,301.2985739663904
10744.0,34.69438413246141,35.0,298.4504575871327
10745.0,34.78274163191324,35.0,299.44272130072875
10746.0,34.394716080300256,35.0,299.7432646962009
10747.0,35.6908714445082,35.0,301.4189209529123
10748.0,35.26544670788843,35.0,299.5601999959824
10749.0,35.067121556666315,35.0,300.5500400611105
10750.0,35.54298183799606,35.0,299.6411952135524
10751.0,35.68530072742656,35.0,298.8344326475251
10752.0,34.857306412518646,35.0,300.7133310555102
10753.0,34.61630988077225,35.0,299.9405541436652
10754.0,35.31914725970908,35.0,300.1128887775669
10755.0,35.45848289424598,35.0,299.8766609174831
10756.0,34.86176640520974,35.0,301.51171958197716
10757.0,34.775784777696444,35.0,300.7244963472715
10758.0,34.28400066453997,35.0,301.292810094158
10759.0,34.53699879155471,35.0,299.99515201122296
10760.0,34.49611673461528,35.0,298.7625589133264
10761.0,35.06727732713711,35.0,300.0985682011611
10762.0,35.190238912672285,35.0,300.44780963938194
10763.0,34.12041606150575,35.0,300.6720521300108
10764.0,34.781711553898596,35.0,299.61193071554857
10765.0,35.779084970228304,35.0,300.15363390713617
10766.0,34.98088542743895,35.0,298.97105289080565
10767.0,34.445854872955906,35.0,299.5437066403609
10768.0,34.72510661699531,35.0,300.0935222347385
10769.0,34.818846182028594,35.0,300.00636259799217
10770.0,34.98645519934098,35.0,300.3405812859455
10771.0,34.936227849422316,35.0,300.23939514746826
10772.0,35.462498043042444,35.0,300.702236807682
10773.0,35.64148637594598,35.0,299.67194593181415
10774.0,35.38356844066498,35.0,298.7583515672232
10775.0,35.65115257422328,35.0,299.7673722397147
10776.0,34.8187470073537,35.0,299.0410191754316
10777.0,35.88463269107974,35.0,300.3866909547837
10778.0,35.7843908659853,35.0,299.61642987868225
10779.0,35.33290912819261,35.0,299.38033690863733
10780.0,35.213775865906186,35.0,300.0082047212305
10781.0,34.39801293723982,35.0,299.6007074856403
10782.0,35.37853484979015,35.0,300.90459502639163
10783.0,35.25700739643468,35.0,299.9360337978407
10784.0,35.14837893042625,35.0,300.89582407191506
10785.0,35.66164508466611,35.0,298.8981114693715
10786.0,34.77924501921985,35.0,298.7073536699693
10787.0,34.48624604099517,35.0,299.9461057266092
10788.0,34.76591091372541,35.0,301.3653620706874
10789.0,35.28410665921413,35.0,297.85061042291267
10790.0,35.420734568937384,35.0,301.9024332143327
10791.0,35.465573163214735,35.0,299.1009306576271
10792.0,34.60650900823682,35.0,300.2811964521202
10793.0,35.646393507340875,35.0,301.7493861712738
10794.0,35.418194644909526,35.0,301.05291797981585
10795.0,36.063535560672044,35.0,298.71690362397374
10796.0,35.1714551943738,35.0,299.13831250571053
10797.0,35.033530591599266,35.0,298.1591074568456
10798.0,34.67760148668136,35.0,298.1984767598809
10799.0,34.67327049927241,35.0,297.8163612809446
10800.0,34.72330993904385,35.0,300.4988344560612
