t_s,true_flow_ml_per_hr,true_weight_g,effective_drop_factor_gtts_per_ml
0.0,76.09466200824538,545.0,15.75
1.0,74.9463173711543,544.9784398457643,15.750384845094082
2.0,74.45117222117216,544.9572050558426,15.75076969015226
3.0,76.44761926159487,544.9361105570465,15.751154535138635
4.0,74.68572721051396,544.9144503982557,15.751539380017306
5.0,74.63176607776676,544.8932894422128,15.751924224752369
6.0,76.12113826434755,544.8721437751574,15.752309069307923
7.0,75.84813252968013,544.8505761193157,15.752693913648063
8.0,76.06410342449178,544.829085815099,15.753078757736894
9.0,74.56122098615971,544.8075343191288,15.753463601538511
10.0,74.42341331153358,544.7864086398495,15.753848445017008
11.0,74.42581534618533,544.7653220060778,15.754233288136492
12.0,76.073817407234,544.7442346917296,15.75461813086105
13.0,74.62315420493437,544.7226804434642,15.755002973154793
14.0,74.85197591765947,544.7015372164396,15.755387814981809
15.0,74.78238243150601,544.6803291565963,15.755772656306203
16.0,74.4467154063187,544.6591408149073,15.75615749709207
17.0,74.05233027998737,544.6380475788756,15.756542337303511
18.0,74.27353105713811,544.6170660852963,15.756927176904624
19.0,75.7118171300668,544.5960219181634,15.757312015859503
20.0,75.05988350598643,544.5745702366431,15.757696854132256
21.0,74.95325088149563,544.5533032696499,15.758081691686973
22.0,75.36741550360252,544.5320665152333,15.758466528487757
23.0,74.8997224272284,544.510712414174,15.758851364498705
24.0,74.8824335879688,544.489490826153,15.75923619968392
25.0,75.57311531255512,544.4682741366364,15.759621034007496
26.0,74.99509887081152,544.4468617539644,15.760005867433536
27.0,74.19591581400472,544.4256131426177,15.760390699926141
28.0,75.2940345204989,544.4045909664704,15.7607755314494
29.0,74.63644357484843,544.3832576566897,15.761160361967425
30.0,74.51860188268007,544.3621106643434,15.76154519144431
31.0,73.99201654975354,544.3409970604766,15.76193001984415
32.0,75.63252109887694,544.3200326557876,15.762314847131055
33.0,74.14615715896106,544.2986034414762,15.762699673269116
34.0,74.6621872467228,544.2775953636145,15.763084498222437
35.0,74.69640744104655,544.2564410772279,15.763469321955116
36.0,74.97830962686551,544.2352770951197,15.763854144431253
37.0,75.34230336097617,544.2140332407255,15.764238965614954
38.0,75.0498236579647,544.1926862547731,15.764623785470313
39.0,76.66646393572528,544.17142213807,15.76500860396143
40.0,76.69430838375848,544.1496999732882,15.76539342105241
41.0,75.00840685691557,544.1279699192462,15.765778236707352
42.0,75.89114850466584,544.1067175373034,15.76616305089036
43.0,75.27741299625116,544.0852150452271,15.766547863565528
44.0,74.60881188143918,544.0638864448781,15.76693267469696
45.0,74.57428426867696,544.0427472815118,15.767317484248759
46.0,75.90678879383098,544.0216179009689,15.767702292185028
47.0,74.58294255075069,544.0001109774773,15.768087098469863
48.0,75.09830456375771,543.9789791437547,15.768471903067372
49.0,73.69403264074396,543.9577012907948,15.768856705941653
50.0,74.89061115757856,543.93682131488,15.769241507056812
51.0,75.9019524408328,543.9156023083854,15.769626306376942
52.0,76.0538508919171,543.8940967551938,15.770011103866155
53.0,75.75231222168453,543.8725481641077,15.770395899488555
54.0,75.20862697428554,543.8510850089783,15.770780693208234
55.0,73.91711929097656,543.8297758980023,15.771165484989304
56.0,74.92636206531081,543.8088327142032,15.771550274795866
57.0,75.66026647553119,543.7876035782847,15.771935062592021
58.0,73.70159724012984,543.7661665027831,15.772319848341875
59.0,75.86157404601926,543.7452843835651,15.77270463200953
60.0,75.49935045213485,543.7237902709188,15.773089413559088
61.0,74.73462156212258,543.7023987882907,15.77347419295466
62.0,74.96451896697467,543.681223978848,15.773858970160344
63.0,74.81680132452547,543.6599840318074,15.77424374514025
64.0,76.1057201593118,543.6387859380989,15.774628517858476
65.0,74.22139988542806,543.6172226507204,15.775013288279128
66.0,75.64971091854814,543.5961932540862,15.775398056366317
67.0,74.55644031168785,543.574759169326,15.775782822084144
68.0,75.54770200982937,543.553634844571,15.776167585396715
69.0,75.23544929897528,543.5322296623348,15.776552346268133
70.0,73.98315777073489,543.5109129517001,15.77693710466251
71.0,75.1081552916495,543.4899510569984,15.777321860543948
72.0,74.79963440447851,543.468670412999,15.777706613876555
73.0,74.34030034861745,543.4474771832511,15.778091364624439
74.0,74.38434711836743,543.4264140981525,15.778476112751706
75.0,75.47151303065492,543.4053385331356,15.778860858222458
76.0,75.90521248830795,543.3839549377768,15.779245601000808
77.0,75.73839810113859,543.3624484609052,15.779630341050865
78.0,74.74545179482921,543.3409892481097,15.780015078336733
79.0,74.44608121477313,543.3198113701012,15.780399812822525
80.0,75.26051826897236,543.298718313757,15.780784544472343
81.0,75.69326874261941,543.2773945002475,15.7811692732503
82.0,75.72124215321718,543.2559480741038,15.781553999120502
83.0,75.06138698972175,543.2344937221603,15.781938722047062
84.0,76.40511212767674,543.21322632918,15.782323441994091
85.0,75.6708772252678,543.1915782140771,15.782708158925692
86.0,75.16677803638886,543.1701381321966,15.783092872805979
87.0,73.91780260965669,543.1488408784196,15.783477583599062
88.0,74.5634075473625,543.1278975010136,15.783862291269052
89.0,74.61859088238344,543.1067712022085,15.784246995780062
90.0,75.80318592333235,543.0856292681251,15.784631697096202
91.0,74.95434629871616,543.0641516987803,15.78501639518158
92.0,75.7468446676073,543.0429146339956,15.78540109000031
93.0,75.2007789721602,543.0214530280064,15.785785781516505
94.0,74.97339157275451,543.0001461406309,15.786170469694277
95.0,74.34666220130525,542.9789036796853,15.786555154497742
96.0,75.12132754940437,542.9578387920617,15.786939835891008
97.0,75.7868008060254,542.9365544159227,15.78732451383819
98.0,75.48954715201985,542.9150814890277,15.787709188303404
99.0,75.0536846627353,542.8936927840011,15.78809385925076
100.0,75.40274871214078,542.8724275733468,15.788478526644377
101.0,75.16094041220167,542.8510634612117,15.788863190448366
102.0,75.08275961754603,542.8297678614283,15.789247850626843
103.0,73.60734843245763,542.8084944128699,15.789632507143926
104.0,75.52936555358765,542.7876389974807,15.790017159963726
105.0,74.24120584941437,542.7662390105738,15.790401809050367
106.0,75.03458637928128,542.7452040022499,15.790786454367957
107.0,75.26702980483229,542.7239442027758,15.791171095880616
108.0,75.41226807304076,542.702618544331,15.79155573355246
109.0,74.87548507401841,542.6812517350436,15.791940367347607
110.0,75.02084727536494,542.6600370142727,15.792324997230178
111.0,74.26848124577401,542.6387811075447,15.792709623164289
112.0,76.18655177637248,542.6177383711918,15.793094245114055
113.0,76.19025634564457,542.5961521815218,15.793478863043601
114.0,74.87542572390345,542.5745649422238,15.793863476917045
115.0,76.10481156180914,542.5533502382686,15.794248086698504
116.0,74.59550051211346,542.5317872083263,15.7946326923521
117.0,74.41548433513381,542.5106518165144,15.795017293841951
118.0,75.10766061131727,542.4895674292861,15.795401891132181
119.0,74.45714047346632,542.4682869254463,15.795786484186909
120.0,75.11873323749778,542.4471907356454,15.796171072970262
121.0,75.67668302561962,542.4259070945616,15.796555657446355
122.0,75.57320233847419,542.4044653677042,15.796940237579312
123.0,76.31254794618944,542.3830529603749,15.79732481333326
124.0,75.45345242676566,542.3614310717903,15.797709384672318
125.0,75.50877346948423,542.3400525936026,15.798093951560611
126.0,75.54198288105039,542.3186584411196,15.798478513962266
127.0,75.60842321705506,542.2972548793034,15.7988630718414
128.0,75.99860452589506,542.2758324927252,15.799247625162145
129.0,74.7991037737903,542.2542995547763,15.799632173888625
130.0,76.11767403121085,542.2331064753737,15.800016717984965
131.0,75.6086094199577,542.2115398010648,15.800401257415288
132.0,75.1905412112099,542.1901173617291,15.800785792143728
133.0,75.35767933806763,542.1688133750527,15.801170322134405
134.0,74.69544010816756,542.1474620325735,15.801554847351452
135.0,75.27940475697775,542.1262983245429,15.801939367758994
136.0,74.65742246802782,542.1049691598616,15.802323883321158
137.0,74.43318199781702,542.0838162234958,15.802708394002078
138.0,74.9050472747507,542.0627268219297,15.803092899765879
139.0,74.63149890714399,542.0415037252019,15.80347740057669
140.0,76.24956535152134,542.0203581338449,15.803861896398645
141.0,75.68611867786468,541.9987540903285,15.804246387195874
142.0,75.58424998122082,541.9773096900365,15.804630872932504
143.0,75.45162579901312,541.9558941525418,15.805015353572674
144.0,75.05757646555087,541.9345161918989,15.805399829080509
145.0,74.62294434480351,541.9132498785668,15.805784299420148
146.0,76.94903409444946,541.8921067110025,15.806168764555716
147.0,74.92012033433114,541.8703044846757,15.806553224451354
148.0,73.65607577363606,541.8490771172476,15.806937679071195
149.0,74.92267526838464,541.8282078957784,15.807322128379369
150.0,75.04085285547121,541.8069798044523,15.807706572340015
151.0,76.13159853884457,541.7857182294767,15.80809101091727
152.0,74.23590576880842,541.7641476098908,15.808475444075265
153.0,74.47055396049093,541.7431141032562,15.80885987177814
154.0,75.54766847621848,541.7220141129674,15.809244293990034
155.0,75.11227336246547,541.7006089402325,15.809628710675078
156.0,74.79861132230535,541.6793271294464,15.810013121797416
157.0,76.488006511295,541.6581341895718,15.810397527321188
158.0,75.52904189776305,541.636462587727,15.810781927210524
159.0,74.90510580504385,541.6150626925225,15.811166321429575
160.0,73.8400659695936,541.5938395792111,15.811550709942473
161.0,74.09859968290628,541.5729182271864,15.811935092713362
162.0,73.7843967281729,541.5519236239429,15.812319469706384
163.0,75.7187756439093,541.5310180448699,15.812703840885678
164.0,75.21407682444365,541.5095643917708,15.813088206215388
165.0,74.37860865871652,541.4882537366707,15.813472565659659
166.0,74.70680090419886,541.4671797975507,15.81385691918263
167.0,74.83445254391319,541.4460128706278,15.81424126674845
168.0,73.05430140940754,541.4248097757403,15.81462560832126
169.0,74.38283702486109,541.4041110570076,15.815009943865208
170.0,74.8809812618763,541.3830359198506,15.815394273344436
171.0,74.96556059082707,541.3618196418264,15.815778596723092
172.0,74.2300531528187,541.340579399659,15.816162913965323
173.0,75.86440013665816,541.3195475512657,15.816547225035277
174.0,73.65627800586232,541.2980526378936,15.816931529897099
175.0,75.81225861971964,541.2771833591253,15.817315828514943
176.0,73.6963365432925,541.255703219183,15.817700120852953
177.0,75.50470356856121,541.2348225904958,15.818084406875283
178.0,76.1705672341184,541.2134295911513,15.81846868654608
179.0,76.80192904823978,541.191847930435,15.818852959829496
180.0,76.07631620253547,541.1700873838713,15.819237226689683
181.0,75.25996863519835,541.148532427614,15.819621487090789
182.0,75.21032989258447,541.1272087698339,15.820005740996976
183.0,75.75610931842331,541.1058991763645,15.820389988372387
184.0,75.01506536124013,541.084434945391,15.820774229181183
185.0,75.96565481684854,541.0631806768719,15.821158463387514
186.0,74.68631397976714,541.0416570746738,15.821542690955537
187.0,74.99373845685665,541.0204959523794,15.821926911849408
188.0,76.59165788193008,540.9992477264834,15.822311126033286
189.0,75.62826278977869,540.9775467567501,15.822695333471323
190.0,75.31898818446805,540.9561187489597,15.823079534127677
191.0,77.110529981607,540.9347783689741,15.823463727966514
192.0,75.34617300693112,540.9129303854793,15.82384791495198
193.0,75.74315230166009,540.8915823031274,15.824232095048245
194.0,75.11127485254282,540.8701217433086,15.824616268219469
195.0,75.81443819598115,540.8488402154337,15.825000434429807
196.0,75.62880883373212,540.8273594579448,15.825384593643422
197.0,75.51316686980388,540.805931295442,15.825768745824478
198.0,75.4414354316702,540.7845358981622,15.826152890937138
199.0,74.26319246376636,540.7631608247898,15.826537028945562
200.0,74.49669132819287,540.7421195869251,15.82692115981392
201.0,75.50526827224279,540.7210121910488,15.827305283506373
202.0,76.22670084004857,540.699619031705,15.827689399987083
203.0,74.93665142501845,540.678021466467,15.828073509220225
204.0,76.0849149787308,540.6567894152299,15.828457611169958
205.0,75.46504100050055,540.6352320226526,15.828841705800453
206.0,74.34311550725558,540.6138502610359,15.829225793075878
207.0,74.39480504191557,540.5927863783088,15.829609872960402
208.0,75.2224249434695,540.5717078502136,15.82999394541819
209.0,74.28113333246702,540.5503948298128,15.83037801041342
210.0,74.10868815802182,540.529348508702,15.830762067910259
211.0,73.98501542010521,540.5083510470572,15.831146117872876
212.0,74.66844618969719,540.4873886260216,15.831530160265448
213.0,74.56852356465298,540.4662325662678,15.831914195052148
214.0,74.42463816556356,540.4451048179244,15.832298222197144
215.0,76.49852560419615,540.4240178371108,15.832682241664616
216.0,75.92220609298279,540.4023432548564,15.833066253418735
217.0,76.03686001410769,540.38083196313,15.833450257423683
218.0,75.96542966555364,540.359288186126,15.833834253643632
219.0,76.18404013241863,540.3377646477209,15.834218242042757
220.0,76.27779307751526,540.3161791696832,15.834602222585243
221.0,75.26687833962082,540.2945671283113,15.834986195235263
222.0,74.6158333690454,540.2732415127817,15.835370159956998
223.0,76.68468075549961,540.2521003599938,15.835754116714632
224.0,76.10568660671183,540.2303730337798,15.836138065472342
225.0,76.18053580452418,540.2088097559079,15.836522006194311
226.0,75.74886099453302,540.1872252707633,15.83690593884472
227.0,74.7833673692358,540.1657630934815,15.837289863387754
228.0,75.78837201790611,540.1445744727268,15.837673779787597
229.0,76.65042008916276,540.1231011006552,15.838057688008435
230.0,75.30447594758536,540.1013834816299,15.83844158801445
231.0,74.56228327434789,540.0800472134447,15.838825479769831
232.0,75.71199823483727,540.0589212331837,15.839209363238762
233.0,74.42098660766965,540.0374695003504,15.839593238385437
234.0,75.48690454903964,540.016383554145,15.839977105174038
235.0,74.59968081979991,539.9949955978561,15.840360963568756
236.0,74.92049127195268,539.9738590216239,15.840744813533783
237.0,75.65865327258369,539.9526315490967,15.841128655033312
238.0,74.99801049584548,539.9311949306696,15.841512488031535
239.0,75.14893387004676,539.9099454943623,15.841896312492636
240.0,75.60230353767344,539.8886532964325,15.842280128380816
241.0,76.62171208416932,539.8672326437634,15.842663935660267
242.0,75.13805556743267,539.8455231586729,15.843047734295185
243.0,76.14767935245372,539.8242340429289,15.843431524249764
244.0,73.71559804039951,539.8026588671123,15.843815305488203
245.0,74.27069120407776,539.7817727810009,15.8441990779747
246.0,74.35573607523949,539.7607294184932,15.844582841673446
247.0,75.43780160254222,539.7396619599384,15.844966596548652
248.0,75.25521841099945,539.718287916151,15.845350342564506
249.0,76.00545211793701,539.6969656042679,15.845734079685215
250.0,75.24059432266782,539.6754307261679,15.846117807874979
251.0,75.85046440033139,539.6541125577764,15.846501527098
252.0,75.64330743716562,539.632621592863,15.846885237318485
253.0,76.11057591590807,539.6111893224224,15.847268938500635
254.0,74.86329248263718,539.5896246592463,15.847652630608653
255.0,75.21999936104368,539.5684133930429,15.848036313606745
256.0,75.33145839859338,539.5471010598906,15.848419987459124
257.0,75.65136161417365,539.5257571466776,15.848803652129986
258.0,76.20177191731088,539.5043225942203,15.849187307583552
259.0,76.86339212040484,539.482732092177,15.849570953784022
260.0,74.85069585138335,539.4609541310763,15.849954590695608
261.0,75.68427468481542,539.4397464339183,15.850338218282523
262.0,75.36094724393709,539.418302556091,15.850721836508976
263.0,74.76935492453848,539.3969502877052,15.851105445339185
264.0,75.41218015263588,539.3757656371433,15.851489044737356
265.0,74.47963454774508,539.3543988527667,15.851872634667705
266.0,74.96828702781741,539.3332962896447,15.852256215094457
267.0,76.29427841113433,539.312055274987,15.852639785981815
268.0,73.91580748706028,539.2904385627705,15.853023347294
269.0,73.75663829835177,539.2694957506492,15.853406898995232
270.0,74.5889875722554,539.2485980364646,15.853790441049732
271.0,76.00829587558735,539.2274644899858,15.854173973421716
272.0,75.04177179472397,539.2059288061544,15.854557496075405
273.0,75.51118826178381,539.1846669708125,15.854941008975018
274.0,74.47059917285736,539.1632721341384,15.855324512084783
275.0,75.22353588528038,539.1421721310394,15.855708005368923
276.0,75.69449621662979,539.120858795872,15.856091488791655
277.0,74.22375673314613,539.0994120219439,15.856474962317213
278.0,73.4471564344081,539.0783819575361,15.85685842590982
279.0,74.93393344308322,539.0575719298797,15.857241879533701
280.0,74.40778351145876,539.0363406487375,15.857625323153085
281.0,76.03508757537213,539.0152584434093,15.8580087567322
282.0,73.71805681161163,538.9937151685963,15.858392180235276
283.0,74.02411616296313,538.9728283858329,15.858775593626548
284.0,75.58285501216291,538.9518548862534,15.859158996870242
285.0,75.62762714728446,538.9304397440001,15.859542389930594
286.0,74.24805851869502,538.9090119163083,15.859925772771838
287.0,75.03808751710308,538.8879749663947,15.860309145358208
288.0,75.74512096229734,538.8667141749315,15.860692507653935
289.0,75.62726383551991,538.8452530573254,15.861075859623263
290.0,74.48988933947084,538.8238253325721,15.861459201230424
291.0,74.9814392404883,538.8027198639259,15.861842532439661
292.0,74.43191296372532,538.7814751228077,15.862225853215207
293.0,75.62199588451621,538.7603860808013,15.862609163521308
294.0,75.33318104309761,538.7389598486341,15.8629924633222
295.0,74.94202108231049,538.7176154473385,15.863375752582133
296.0,73.07628539336046,538.6963818746985,15.863759031265342
297.0,74.97435113922887,538.6756769271703,15.864142299336079
298.0,76.41485773740597,538.6544341943477,15.864525556758585
299.0,74.42245913325118,538.6327833179887,15.864908803497105
300.0,74.55397565748237,538.6116969545676,15.865292039515888
301.0,74.12362561119446,538.5905733281313,15.865675264779183
302.0,75.40781460181303,538.5695716342082,15.866058479251237
303.0,74.02508791429415,538.5482060867377,15.866441682896303
304.0,75.51073191883047,538.5272323118286,15.86682487567863
305.0,76.80552835029428,538.5058376044517,15.86720805756247
306.0,75.6595679608726,538.4840760380857,15.867591228512083
307.0,74.09501080163652,538.4626391604968,15.867974388491714
308.0,74.24558677190389,538.441645574103,15.868357537465622
309.0,74.72027658009662,538.4206093245176,15.868740675398065
310.0,75.2555310617053,538.3994385794865,15.869123802253299
311.0,74.65194123426485,538.3781161790191,15.869506917995583
312.0,75.72326012270914,538.3569647956695,15.869890022589177
313.0,74.42173312462971,538.335509871968,15.87027311599834
314.0,73.6378334661072,538.3144237142493,15.870656198187334
315.0,73.63829230916363,538.2935596614338,15.87103926912042
316.0,74.11820732049632,538.2726954786131,15.871422328761865
317.0,73.82212337055569,538.2516953198722,15.871805377075933
318.0,75.12623768198326,538.2307790515838,15.872188414026887
319.0,74.24265984233668,538.2094932842406,15.872571439578998
320.0,74.19836392208626,538.188457863952,15.872954453696527
321.0,74.70780762941777,538.1674349941741,15.873337456343751
322.0,74.60249627007583,538.1462677820124,15.873720447484938
323.0,75.73220982631477,538.1251304080693,15.874103427084355
324.0,73.41626667300808,538.1036729486184,15.874486395106281
325.0,74.60169683466289,538.082871673061,15.87486935151498
326.0,75.20970438245416,538.0617345256246,15.875252296274734
327.0,75.37757383110363,538.0404251093828,15.875635229349818
328.0,74.76365563320418,538.0190681301308,15.876018150704505
329.0,75.58717498292481,537.997885094368,15.87640106030307
330.0,75.69414045201539,537.9764687281228,15.876783958109801
331.0,75.36044608209198,537.9550220549947,15.877166844088974
332.0,74.39504871189871,537.9336699286048,15.877549718204863
333.0,75.4367241191551,537.9125913314698,15.877932580421758
334.0,75.23080798214204,537.8912175929693,15.878315430703942
335.0,74.08644448573556,537.8699021973744,15.878698269015697
336.0,74.95932133942817,537.8489110381034,15.879081095321306
337.0,74.82268817533998,537.8276725637239,15.879463909585057
338.0,74.36313799151768,537.8064728020743,15.87984671177124
339.0,76.22339201943834,537.7854032463099,15.880229501844141
340.0,75.12100058466041,537.7638066185712,15.880612279768052
341.0,75.44221813693355,537.7425223350722,15.880995045507264
342.0,74.92609438857326,537.7211470399334,15.881377799026069
343.0,75.9162634934831,537.6999179798565,15.881760540288758
344.0,74.88253950330399,537.6784083718668,15.882143269259627
345.0,75.66496160655021,537.6571916523409,15.882525985902971
346.0,75.04296393933727,537.6357532465523,15.882908690183088
347.0,74.59689249498871,537.6144910734362,15.883291382064272
348.0,74.07875513040595,537.5933552872293,15.883674061510826
349.0,73.75351370882045,537.572366306609,15.884056728487053
350.0,75.6150691120407,537.5514694777248,15.884439382957249
351.0,75.28704704040838,537.5300452081431,15.884822024885718
352.0,74.5861956031022,537.5087138781483,15.885204654236759
353.0,75.12260292971052,537.4875811227274,15.885587270974689
354.0,76.53600518084814,537.4662963852306,15.8859698750638
355.0,74.83747992515121,537.4446111837627,15.886352466468411
356.0,75.9332946489591,537.4234072311173,15.886735045152822
357.0,74.34934178070607,537.4018927976334,15.887117611081347
358.0,74.7043630586628,537.3808271507955,15.887500164218299
359.0,74.47284356854165,537.3596609145956,15.887882704527984
360.0,73.94570080270702,537.3385602755845,15.888265231974717
361.0,74.96904423830664,537.3176089936903,15.888647746522814
362.0,75.32216358709583,537.2963677644896,15.88903024813659
363.0,74.03674757946591,537.2750264848066,15.88941273678036
364.0,75.52286541205517,537.2540494063257,15.889795212418443
365.0,74.50253845578446,537.2326512611256,15.89017767501516
366.0,75.22392181263663,537.2115422085632,15.890560124534831
367.0,76.33932116730057,537.1902287640496,15.890942560941774
368.0,73.72894884858628,537.1685992897188,15.891324984200319
369.0,75.45921604628519,537.1477094208784,15.891707394274782
370.0,75.35351544105494,537.1263293096654,15.892089791129495
371.0,74.00084945643567,537.104979146957,15.892472174728779
372.0,76.1077355961455,537.084012239611,15.892854545036966
373.0,74.81710570785386,537.0624483811921,15.89323690201838
374.0,74.76093824980511,537.0412502012415,15.893619245637359
375.0,74.40828942243088,537.0200679354041,15.894001575858228
376.0,76.23850913225336,536.9989855867344,15.894383892645322
377.0,75.10679719323358,536.9773846758135,15.894766195962971
378.0,76.33527954399523,536.9561044166089,15.89514848577552
379.0,74.75302594945087,536.9344760874046,15.895530762047297
380.0,74.93104970061012,536.9132960633857,15.895913024742642
381.0,74.53729702802136,536.8920655993038,15.8962952738259
382.0,76.72348268267766,536.8709466984792,15.8966775092614
383.0,73.86356092894263,536.8492083783858,15.89705973101349
384.0,74.28884835148224,536.828280369456,15.897441939046514
385.0,75.67316081701122,536.807231862423,15.897824133324812
386.0,74.05498854450278,536.7857911335249,15.898206313812736
387.0,74.89082302427164,536.7648088867707,15.898588480474626
388.0,74.57115791808397,536.743589820247,15.898970633274834
389.0,73.78769090141333,536.7224613255037,15.899352772177707
390.0,74.33291256502251,536.7015548130815,15.8997348971476
391.0,75.5175113835975,536.6804938211881,15.900117008148857
392.0,73.95206277843144,536.6590971929628,15.900499105145837
393.0,73.9594822996195,536.6381441085089,15.900881188102895
394.0,75.24035814664292,536.6171889218573,15.901263256984384
395.0,74.87821754957865,536.5958708203824,15.90164531175466
396.0,76.02590660249813,536.57465532541,15.902027352378088
397.0,75.048263766841,536.5531146518726,15.902409378819021
398.0,73.977725717748,536.5318509771388,15.902791391041825
399.0,73.3909896158913,536.5108906215187,15.903173389010856
400.0,74.15012283751315,536.4900965077943,15.903555372690487
401.0,74.08329172662138,536.4690873063237,15.903937342045076
402.0,75.5974978190942,536.4480970403345,15.904319297038988
403.0,74.8751906982184,536.4266777492855,15.904701237636598
404.0,74.12871964069006,536.4054631119211,15.905083163802267
405.0,75.04979342731852,536.3844599746897,15.905465075500373
406.0,74.6953756126889,536.3631958665519,15.905846972695286
407.0,74.72058893735901,536.3420321767949,15.906228855351378
408.0,76.02571523685836,536.3208613432627,15.90661072343302
409.0,74.73884111923574,536.2993207239456,15.906992576904589
410.0,75.09016141912751,536.2781447189618,15.907374415730468
411.0,73.77373460859953,536.2568691732264,15.907756239875031
412.0,74.91903717993318,536.2359666150872,15.90813804930266
413.0,75.09368444868767,536.2147395545529,15.908519843977736
414.0,75.02657129689176,536.1934630106259,15.908901623864638
415.0,75.14478112077865,536.1722054820917,15.909283388927756
416.0,73.85316163976618,536.1509144607742,15.90966513913147
417.0,75.16660752931297,536.1299893983096,15.910046874440168
418.0,75.18388102869201,536.1086921928429,15.910428594818242
419.0,75.1949720988132,536.0873900932181,15.910810300230079
420.0,74.0703156867255,536.0660848511235,15.911191990640072
421.0,74.32679072295804,536.045098261679,15.911573666012611
422.0,75.14034993915027,536.0240390043074,15.91195532631209
423.0,76.25833609779882,536.0027492384913,15.912336971502905
424.0,74.62044682917956,535.9811427099303,15.91271860154945
425.0,74.76866636400608,535.9600002499953,15.91310021641613
426.0,74.8689069306329,535.9388157945255,15.913481816067339
427.0,74.9191948000379,535.9176029375618,15.913863400467477
428.0,75.23563890722855,535.8963758323684,15.914244969580952
429.0,75.75144394725754,535.8750590680114,15.914626523372164
430.0,74.74197912481608,535.853596158893,15.915008061805516
431.0,73.88109104351493,535.8324192648076,15.915389584845418
432.0,75.43875767100208,535.811486289012,15.915771092456275
433.0,73.83509492389831,535.7901119743385,15.916152584602502
434.0,74.09286319850472,535.7691920307768,15.916534061248505
435.0,74.48315229642044,535.7481990528706,15.916915522358696
436.0,75.82421292900409,535.7270954930532,15.917296967897496
437.0,75.2737907527365,535.7056119660567,15.917678397829311
438.0,76.91926988395538,535.6842843920101,15.918059812118564
439.0,74.46157305334462,535.6624905988763,15.918441210729668
440.0,75.34195486560219,535.6413931531779,15.918822593627047
441.0,75.00242902405301,535.6200462659659,15.919203960775121
442.0,75.9042684271683,535.5987955777425,15.919585312138313
443.0,75.92792730650865,535.5772893683547,15.919966647681049
444.0,74.90269147398759,535.5557764556179,15.920347967367748
445.0,75.77774846587188,535.534554026367,15.920729271162841
446.0,75.15895843446133,535.5130836643016,15.921110559030762
447.0,75.63541731023247,535.4917886260785,15.921491830935931
448.0,75.44201959896706,535.470358591174,15.921873086842783
449.0,75.3771879186801,535.4489833522875,15.922254326715757
450.0,75.34049234684316,535.4276264823773,15.922635550519281
451.0,75.28344062828327,535.4062800095456,15.923016758217791
452.0,75.04045961458976,535.3849497013676,15.923397949775726
453.0,75.15244028418334,535.3636882378103,15.923779125157527
454.0,73.98728872461453,535.3423950463964,15.92416028432763
455.0,75.3269182675078,535.3214319812578,15.92454142725048
456.0,75.33515807450051,535.3000893544151,15.924922553890523
457.0,75.50337431938055,535.2787443929608,15.9253036642122
458.0,74.8364121614942,535.2573517702369,15.925684758179957
459.0,76.4128965199104,535.2361481201245,15.926065835758244
460.0,75.09981418775101,535.214497799444,15.926446896911512
461.0,75.91247980357852,535.1932195187574,15.926827941604211
462.0,75.67177111839128,535.171710982813,15.927208969800793
463.0,75.19312206623842,535.1502706476629,15.92758998146571
464.0,75.31876497826129,535.128965929744,15.927970976563422
465.0,76.3088081880051,535.1076256130002,15.928351955058384
466.0,74.70830898658436,535.0860047840135,15.928732916915056
467.0,74.1729840687989,535.0648374298007,15.929113862097898
468.0,74.39474029783042,535.0438217509812,15.929494790571374
469.0,75.07718687878507,535.0227432412302,15.929875702299942
470.0,75.09656824838757,535.0014713716146,15.930256597248071
471.0,76.50800005974297,534.9801940106108,15.930637475380228
472.0,74.32533496367681,534.9585167439272,15.93101833666088
473.0,75.01344197756234,534.9374578990208,15.931399181054497
474.0,75.39854522939248,534.9162040904605,15.931780008525552
475.0,75.38171679384511,534.8948411693123,15.932160819038515
476.0,73.92533472688409,534.8734830162207,15.932541612557863
477.0,73.86269946697199,534.8525375047147,15.932922389048072
478.0,74.8703774628347,534.8316097398657,15.933303148473616
479.0,75.12417967068922,534.8103964662512,15.933683890798978
480.0,75.06239633396855,534.7891112820112,15.934064615988637
481.0,73.62574878106892,534.7678436030499,15.934445324007081
482.0,77.35612658225133,534.7469829742286,15.934826014818785
483.0,75.53186416969446,534.7250654050304,15.935206688388243
484.0,75.4537821723946,534.7036647101822,15.935587344679936
485.0,75.21247896242323,534.6822861385667,15.935967983658356
486.0,75.64342873593655,534.6609759361941,15.936348605287995
487.0,73.82170964942623,534.6395436313855,15.93672920953334
488.0,74.92887002570288,534.6186274803182,15.937109796358891
489.0,74.43623274227343,534.5973976338109,15.93749036572914
490.0,75.23396269038649,534.5763073678672,15.937870917608585
491.0,76.0005426295838,534.5549910784383,15.938251451961722
492.0,73.92506562034781,534.5334575913599,15.938631968753056
493.0,74.5930266308162,534.5125121561009,15.939012467947084
494.0,74.42398605626947,534.4913774652221,15.939392949508314
495.0,75.8358036539635,534.4702906691729,15.939773413401248
496.0,76.26324844839874,534.4488038581376,15.940153859590396
497.0,75.87279394868422,534.4271959377438,15.94053428804026
498.0,74.28028577564159,534.4056986461251,15.940914698715357
499.0,74.75535703240274,534.3846525651552,15.9412950915802
500.0,74.62686441165347,534.3634718806627,15.941675466599296
501.0,74.34275880174138,534.3423276024128,15.942055823737162
502.0,75.5184416286906,534.3212638207523,15.94243616295832
503.0,75.2808771774074,534.2998669289575,15.942816484227281
504.0,74.39965433043396,534.2785373470906,15.943196787508569
505.0,75.51567904648479,534.2574574450302,15.943577072766708
506.0,75.261935032174,534.2360613359672,15.943957339966218
507.0,76.45421652307803,534.2147371210414,15.944337589071626
508.0,74.25421230002107,534.1930750930264,15.944717820047458
509.0,74.9841352769041,534.1720363995414,15.94509803285824
510.0,74.5239950657768,534.1507908945464,15.945478227468511
511.0,74.68686055872892,534.129675762611,15.945858403842795
512.0,75.21636518203883,534.1085144854527,15.946238561945624
513.0,74.89388309978395,534.0872031819845,15.946618701741542
514.0,75.73028250907306,534.0659832484396,15.946998823195079
515.0,75.10097216172177,534.044526335062,15.947378926270776
516.0,74.92606365454299,534.0232477262828,15.947759010933176
517.0,75.16319367312816,534.002018674914,15.948139077146816
518.0,73.65743878759113,533.9807224367066,15.948519124876245
519.0,74.42767078325167,533.9598528290501,15.948899154086007
520.0,73.32171803010628,533.9387649889949,15.949279164740648
521.0,74.3659398949768,533.9179905022197,15.949659156804719
522.0,74.33467594331749,533.8969201525828,15.950039130242772
523.0,75.43597513386938,533.8758586610654,15.950419085019353
524.0,75.27202969663398,533.8544851347776,15.950799021099026
525.0,76.35579414677831,533.8331580596969,15.951178938446338
526.0,74.93703037885486,533.811523918022,15.951558837025853
527.0,74.53891768340766,533.7902917594147,15.95193871680213
528.0,73.96703781169316,533.7691723994043,15.952318577739726
529.0,74.36716529562635,533.7482150720243,15.95269841980321
530.0,73.5617220370828,533.7271443751906,15.953078242957142
531.0,74.45918066865077,533.70630188728,15.953458047166095
532.0,74.95326991466308,533.6852051194239,15.953837832394628
533.0,74.42539262402771,533.6639683596147,15.954217598607316
534.0,77.41657023820544,533.642881165038,15.954597345768734
535.0,76.37266945389122,533.6209464701371,15.954977073843455
536.0,74.32145710202374,533.5993075471251,15.955356782796049
537.0,75.1278226479201,533.5782498009463,15.955736472591097
538.0,73.92074777698878,533.5569635845294,15.95611614319318
539.0,75.39034747638695,533.5360193726592,15.956495794566873
540.0,75.50112487780885,533.5146587742076,15.956875426676765
541.0,74.6843394481349,533.4932667888256,15.95725503948744
542.0,75.07650940029717,533.4721062259819,15.957634632963481
543.0,75.88605745046911,533.4508345483185,15.958014207069475
544.0,74.4901690486382,533.4293334987076,15.958393761770017
545.0,74.71556635016434,533.4082279508104,15.958773297029692
546.0,74.12622222046733,533.3870585403445,15.959152812813103
547.0,74.02170044793245,533.3660561107154,15.959532309084835
548.0,75.80621550161308,533.3450832955884,15.95991178580949
549.0,74.37187943120668,533.323604867863,15.96029124295167
550.0,75.22278396740724,533.3025328353575,15.960670680475971
551.0,74.81238672555293,533.2812197132334,15.961050098346995
552.0,74.4938577583601,533.2600228703279,15.961429496529348
553.0,74.58075645201916,533.2389162772963,15.961808874987643
554.0,74.09460470018595,533.2177850629682,15.962188233686474
555.0,75.39516204207362,533.1967915916366,15.962567572590466
556.0,75.00301653922207,533.1754296290579,15.962946891664222
557.0,73.89341098777052,533.1541787743718,15.963326190872355
558.0,74.20734877889072,533.1332423079252,15.963705470179484
559.0,75.29916856997609,533.1122168924379,15.964084729550228
560.0,74.39371104035163,533.0908821280098,15.9644639689492
561.0,74.49750597697857,533.0698039098817,15.964843188341028
562.0,74.61378952940551,533.0486962831883,15.96522238769033
563.0,73.62447871671779,533.0275557094883,15.965601566961732
564.0,74.64484695028032,533.0066954405185,15.965980726119863
565.0,73.83225322941384,532.9855460672159,15.96635986512935
566.0,74.60760255136643,532.964626928801,15.96673898395482
567.0,75.39509818212461,532.9434881080781,15.967118082560914
568.0,74.26723986156077,532.922126163593,15.967497160912254
569.0,75.34255919877917,532.9010837789656,15.967876218973489
570.0,74.3038317305975,532.8797367205259,15.96825525670925
571.0,75.04097519820562,532.8586839682023,15.968634274084176
572.0,73.83276140846728,532.8374223585628,15.969013271062913
573.0,75.41540124304743,532.8165030761638,15.969392247610102
574.0,75.32555299001096,532.7951353791449,15.969771203690389
575.0,75.47001250804735,532.773793139131,15.97015013926842
576.0,74.51912639527727,532.7524099689203,15.970529054308848
577.0,75.60656602463635,532.7312962164417,15.970907948776324
578.0,75.19655131696572,532.7098743560681,15.971286822635497
579.0,73.9518403455916,532.6885686665282,15.971665675851026
580.0,75.78791077031343,532.6676156450972,15.972044508387565
581.0,75.44637899866221,532.6461424037121,15.97242332020978
582.0,75.84500219039954,532.6247659296625,15.972802111282322
583.0,74.88685385867939,532.6032765123753,15.973180881569862
584.0,75.32404718028555,532.5820585704487,15.97355963103706
585.0,74.86798949362058,532.5607167570809,15.973938359648585
586.0,75.93041206281805,532.5395041600577,15.97431706736911
587.0,75.86099682731415,532.5179905433065,15.974695754163298
588.0,74.22531849874254,532.4964965942055,15.975074419995824
589.0,75.81715187855201,532.4754660872975,15.975453064831363
590.0,74.3490909170495,532.453984560932,15.975831688634592
591.0,74.11997419514464,532.4329189851721,15.976210291370192
592.0,75.76344620681856,532.4119183258167,15.976588873002843
593.0,74.64782650985583,532.3904520160581,15.976967433497222
594.0,75.94795889254786,532.3693017985471,15.977345972818016
595.0,74.42038105866045,532.3477832101942,15.977724490929914
596.0,74.71004229749177,532.3266974355608,15.978102987797604
597.0,73.72371957633061,532.3055295902433,15.978481463385775
598.0,75.83707217513054,532.2846412030299,15.978859917659118
599.0,75.16882295817817,532.2631540325804,15.979238350582332
600.0,75.0382674088459,532.2418561994089,15.979616762120106
601.0,75.43868965638576,532.2205953569764,15.979995152237143
602.0,75.47336245917685,532.1992210615737,15.980373520898146
603.0,74.77063888030857,532.1778369422103,15.980751868067813
604.0,74.80822792525265,532.1566519278608,15.981130193710849
605.0,74.18306471193901,532.1354562632821,15.981508497791962
606.0,75.2559462678556,532.1144377282803,15.981886780275856
607.0,75.85018089058173,532.0931152101712,15.982265041127247
608.0,75.27518852228086,532.0716243255854,15.982643280310846
609.0,74.74108823530614,532.0502963555041,15.983021497791366
610.0,74.90316116466944,532.0291197138374,15.983399693533524
611.0,74.61598198497973,532.0078971515074,15.983777867502036
612.0,75.14566577249936,531.9867559566117,15.98415601966163
613.0,75.06068605049225,531.9654646846429,15.984534149977016
614.0,74.24128436928314,531.9441974902618,15.984912258412932
615.0,74.88746779982408,531.9231624596906,15.985290344934096
616.0,74.39500925550456,531.901944343814,15.985668409505239
617.0,74.97522798756799,531.8808657578581,15.986046452091093
618.0,74.94007966670456,531.8596227765951,15.98642447265639
619.0,74.67668679454964,531.8383897540228,15.986802471165865
620.0,74.68048047321152,531.817231359431,15.987180447584253
621.0,74.40944133591618,531.7960718899636,15.987558401876292
622.0,74.18713231205055,531.7749892149185,15.98793633400673
623.0,74.36754598999771,531.7539695274301,15.988314243940302
624.0,74.30739088867638,531.7328987227329,15.988692131641757
625.0,74.68639942504066,531.7118449619811,15.989069997075843
626.0,73.86880286574292,531.6906838154773,15.989447840207308
627.0,74.33662614997304,531.669754321332,15.989825661000902
628.0,75.91374233330083,531.6486922772563,15.990203459421378
629.0,75.18307705700565,531.6271833835951,15.990581235433499
630.0,75.63936607115006,531.6058815117623,15.990958989002012
631.0,75.07636069702063,531.5844503580422,15.991336720091684
632.0,74.97393210107076,531.5631787225113,15.991714428667274
633.0,74.79438101765759,531.541936108416,15.992092114693545
634.0,75.21235737120736,531.5207443671277,15.992469778135264
635.0,75.48890550296078,531.4994341992058,15.992847418957203
636.0,74.33188276932572,531.47804567598,15.993225037124127
637.0,74.58485618033815,531.456984975862,15.993602632600808
638.0,75.44091653891324,531.4358525999443,15.993980205352024
639.0,75.31137532226074,531.4144776735916,15.99435775534255
640.0,75.69667051480376,531.3931394505836,15.994735282537164
641.0,74.83669769546326,531.3716920606043,15.99511278690065
642.0,76.18952252760127,531.3504883295907,15.995490268397788
643.0,75.16598283270541,531.3289012982079,15.99586772699336
644.0,76.01078782572264,531.3076042697387,15.99624516265216
645.0,74.26440824306592,531.2860678798547,15.996622575338977
646.0,75.07113133656497,531.2650262975192,15.996999965018595
647.0,73.53667025738783,531.2437561436404,15.997377331655812
648.0,75.73166954969403,531.2229207537341,15.99775467521543
649.0,75.73231504666737,531.2014634473617,15.998131995662236
650.0,74.74378169871689,531.1800059580985,15.998509292961037
651.0,76.44051362531799,531.1588285532839,15.998886567076635
652.0,73.84928922321029,531.1371704077567,15.999263817973832
653.0,74.93575034889578,531.1162464424767,15.999641045617437
654.0,74.27294557392335,531.0950146465447,16.000018249972257
655.0,75.77172416650895,531.0739706452987,16.000395431003103
656.0,75.73348695901265,531.0525019901181,16.00077258867479
657.0,74.80545866304372,531.0310441688132,16.00114972295213
658.0,74.85300698002428,531.0098492888586,16.00152683379994
659.0,74.20154561167408,530.988640936881,16.001903921183043
660.0,75.59223101153862,530.9676171656242,16.002280985066264
661.0,73.7769457726594,530.9461993668376,16.002658025414423
662.0,75.22954110687266,530.9252958988687,16.00303504219234
663.0,76.72736886322353,530.9039808622218,16.003412035364857
664.0,74.88162851083067,530.8822414410439,16.00378900489679
665.0,74.3071491379932,530.8610249796325,16.004165950752984
666.0,75.29702727287945,530.8399712873768,16.00454287289827
667.0,75.0029508779038,530.8186371296495,16.004919771297484
668.0,74.53915655624303,530.7973862935673,16.00529664591546
669.0,75.81890659563095,530.7762668658763,16.005673496717055
670.0,76.54931617587614,530.754784842341,16.0060503236671
671.0,75.43373920707582,530.7330958694245,16.006427126730443
672.0,75.01544530009231,530.7117229766491,16.006803905871937
673.0,75.6328179108502,530.6904686004807,16.007180661056427
674.0,75.8908289820046,530.6690393020726,16.007557392248767
675.0,75.38439804418923,530.6475369005278,16.00793409941382
676.0,76.9839172222717,530.6261779877486,16.008310782516432
677.0,75.95247634300064,530.604365877869,16.008687441521467
678.0,75.16720216267474,530.5828460095718,16.00906407639379
679.0,74.61668723867525,530.5615486356257,16.009440687098262
680.0,74.76911875352201,530.540407240908,16.009817273599754
681.0,75.72522836079406,530.5192226572613,16.010193835863127
682.0,73.84483566122219,530.4977671758924,16.010570373853252
683.0,75.2103514545099,530.476844472455,16.01094688753501
684.0,74.40653132085731,530.4555348728762,16.01132337687327
685.0,75.74042429696631,530.4344530223352,16.011699841832915
686.0,75.06923677602707,530.4129932354513,16.012076282378818
687.0,74.44075329895573,530.3917236183647,16.012452698475865
688.0,74.26112362360047,530.3706320715966,16.01282909008894
689.0,75.09704066726883,530.3495914199032,16.01320545718293
690.0,74.54548960639465,530.3283139250475,16.013581799722726
691.0,73.28259529257042,530.3071927029923,16.013958117673216
692.0,75.07088173796927,530.2864293009928,16.014334410999293
693.0,74.52955548347437,530.2651592178337,16.014710679665857
694.0,75.6758611633486,530.2440425104467,16.015086923637803
695.0,73.9254227521857,530.2226010164504,16.015463142880034
696.0,75.483462314846,530.201655480004,16.01583933735745
697.0,75.53031781304276,530.1802684990148,16.01621550703496
698.0,74.2384657414688,530.1588682423011,16.01659165187747
699.0,75.2394074668263,530.1378340103411,16.016967771849885
700.0,75.53377632548553,530.1165161782253,16.017343866917123
701.0,74.75055496230837,530.0951149415998,16.017719937044095
702.0,75.7038225648876,530.0739356176939,16.01809598219572
703.0,75.60497765305655,530.0524862013004,16.018472002336917
704.0,74.36781305722604,530.0310647909655,16.01884799743261
705.0,74.62732427562194,530.0099939105992,16.019223967447715
706.0,74.24949582396543,529.9888495020546,16.019599912347164
707.0,75.60741257280199,529.9678121449044,16.019975832095884
708.0,76.55365223324233,529.9463900446754,16.020351726658806
709.0,73.56005940848968,529.9246998432093,16.02072759600086
710.0,75.66863987997405,529.9038578263769,16.021103440086993
711.0,75.01364641555517,529.8824183784109,16.021479258882124
712.0,75.75745480023461,529.8611645119265,16.02185505235121
713.0,74.85382437478762,529.8396998997331,16.02223082045919
714.0,76.19591575723521,529.8184913161602,16.022606563171
715.0,75.18296643354896,529.7969024733623,16.022982280451593
716.0,74.32847478907773,529.7756006328729,16.023357972265924
717.0,73.79844203370982,529.7545408983492,16.02373363857894
718.0,75.6333497420022,529.7336313397731,16.02410927935559
719.0,75.19684304625243,529.7122018906795,16.02448489456084
720.0,75.75238951342695,529.6908961184831,16.024860484159642
721.0,74.55628792518743,529.6694329414543,16.025236048116966
722.0,74.8497048182689,529.6483086598755,16.02561158639777
723.0,73.72078445141446,529.6271012435102,16.025987098967022
724.0,75.01385719379765,529.6062136879157,16.026362585789688
725.0,74.93994996887665,529.5849597617108,16.02673804683074
726.0,73.4168778671337,529.5637267758863,16.027113482055157
727.0,75.21712161565004,529.5429253271573,16.02748889142791
728.0,74.56053449655015,529.5216138093662,16.027864274913977
729.0,74.96388726998764,529.5004883245922,16.028239632478343
730.0,75.29941139882328,529.4792485565323,16.02861496408599
731.0,75.27900723896384,529.4579137233027,16.0289902697019
732.0,75.20894455352654,529.4365846712516,16.029365549291057
733.0,74.25950764700164,529.4152754702948,16.029740802818466
734.0,75.10890579881409,529.3942352764615,16.03011603024911
735.0,76.41456667837122,529.3729544198185,16.030491231547984
736.0,74.76590651901827,529.3513036259262,16.03086640668009
737.0,74.30208348204202,529.3301199524126,16.031241555610425
738.0,75.37502088419193,529.3090676954259,16.031616678303994
739.0,74.79621897935719,529.2877114395087,16.0319917747258
740.0,75.71653479766995,529.2665191774646,16.03236684484085
741.0,75.08181158086246,529.245066159272,16.032741888614158
742.0,74.4702311861056,529.223792979324,16.033116906010736
743.0,75.05537404607213,529.202693080488,16.033491896995592
744.0,74.92525408375842,529.1814273911749,16.033866861533756
745.0,75.5960922465733,529.1601985691846,16.03424179959023
746.0,74.44841174055102,529.1387796763813,16.034616711130056
747.0,74.61356420723986,529.1176859597215,16.034991596118246
748.0,73.73807098146939,529.0965454498628,16.035366454519835
749.0,74.89366003036294,529.0756529964181,16.035741286299842
750.0,75.4347056439375,529.0544331260761,16.03611609142331
751.0,75.87612924251152,529.033059959477,16.036490869855268
752.0,76.0185856854063,529.0115617228582,16.036865621560757
753.0,75.58835468765614,528.9900231235807,16.037240346504813
754.0,74.94419677524327,528.9686064230859,16.037615044652483
755.0,73.37076291398698,528.9473722339997,16.03798971596881
756.0,75.29666931273348,528.926583851174,16.03836436041884
757.0,76.31856585101956,528.9052497948687,16.03873897796762
758.0,74.17478842080821,528.8836262012109,16.039113568580202
759.0,75.83104043056862,528.8626100111583,16.03948813222165
760.0,74.87331616047565,528.841124549703,16.039862668857012
761.0,74.16950904559302,528.8199104434575,16.040237178451353
762.0,75.37972770419414,528.7988957492279,16.04061166096973
763.0,74.90609026562713,528.7775381597118,16.040986116377216
764.0,76.1513154832572,528.7563147674698,16.04136054463887
765.0,74.88373775418634,528.7347385614162,16.041734945719767
766.0,74.55668404654129,528.7135215023859,16.04210931958498
767.0,75.01070430109218,528.6923971085728,16.04248366619958
768.0,75.61309432659263,528.6711440756874,16.04285798552865
769.0,74.87570734688096,528.6497203656281,16.043232277537264
770.0,73.89511131003809,528.6285055818798,16.043606542190506
771.0,76.55415134386737,528.6075686336753,16.043980779453463
772.0,75.69289879007319,528.5858782907947,16.04435498929122
773.0,74.46424568976343,528.5644319694708,16.044729171668877
774.0,74.61538896553371,528.5433337665254,16.045103326551512
775.0,75.83572154484935,528.5221927396517,16.045477453904233
776.0,73.81788134267124,528.5007059518807,16.04585155369213
777.0,75.21874483980729,528.4797908855003,16.04622562588031
778.0,76.19870662109763,528.4584789077958,16.046599670433874
779.0,76.09062761438055,528.436889274253,16.046973687317923
780.0,74.38208868814039,528.4153302630956,16.04734767649757
781.0,74.10449815372576,528.3942553379673,16.04772163793792
782.0,74.71237863909907,528.3732590634904,16.048095571604094
783.0,73.65711762848954,528.3520905562093,16.048469477461207
784.0,74.28468443761321,528.3312210395479,16.04884335547437
785.0,75.09510297645826,528.3101737122906,16.04921720560872
786.0,74.59768506268892,528.2888967664474,16.049591027829365
787.0,75.72522457022792,528.2677607556795,16.049964822101437
788.0,74.45614384941955,528.2463052753847,16.05033858839007
789.0,73.39193828900656,528.2252093679606,16.05071232666038
790.0,75.90850492919665,528.2044149854454,16.05108603687752
791.0,75.00125167248244,528.1829075757155,16.051459719006623
792.0,74.46275201592478,528.161657221075,16.05183337301282
793.0,74.48023182697361,528.1405594413371,16.052206998861262
794.0,75.15989186339942,528.119456708986,16.052580596517085
795.0,74.7139978167573,528.0981614062914,16.052954165945444
796.0,74.10898917317577,528.0769924402434,16.053327707111485
797.0,75.15630577372897,528.055994893311,16.053701219980365
798.0,75.40527198928707,528.0347006066752,16.054074704517234
799.0,75.44346639331995,528.0133357796115,16.054448160687254
800.0,74.59266837068184,527.9919601308,16.05482158845558
801.0,74.70346618559797,527.9708255414284,16.055194987787385
802.0,73.94416608495004,527.9496595593424,16.05556835864782
803.0,73.91377309680205,527.928708712285,16.055941701002073
804.0,74.08307397260104,527.9077664765744,16.0563150148153
805.0,74.29863055512321,527.8867762722821,16.05668830005268
806.0,74.43290699763259,527.8657249936248,16.05706155667939
807.0,73.44532823700467,527.8446356699753,16.057434784660607
808.0,75.73247547833039,527.8238261603083,16.057807983961517
809.0,75.11828630693184,527.8023686255895,16.058181154547302
810.0,73.79134074810699,527.7810851111358,16.058554296383146
811.0,75.96905173039606,527.7601775645905,16.058927409434247
812.0,74.5792652721324,527.7386529999335,16.05930049366579
813.0,73.85590442909692,527.7175222081064,16.059673549042973
814.0,74.38311691816658,527.6965963685182,16.060046575530997
815.0,75.07785005073818,527.6755211520581,16.060419573095057
816.0,74.79459635224337,527.6542490945437,16.060792541700362
817.0,75.68096555982741,527.6330572922438,16.061165481312113
818.0,74.65676200445854,527.6116143520019,16.06153839189552
819.0,75.16849638458868,527.5904616027673,16.0619112734158
820.0,73.9527562565457,527.5691638621249,16.06228412583816
821.0,74.36061718063272,527.5482105811857,16.06265694912782
822.0,75.28683210703342,527.5271417396511,16.06302974325
823.0,74.71763477108772,527.5058104705543,16.063402508169922
824.0,75.64123757069017,527.4846404740357,16.06377524385281
825.0,75.22760270915806,527.4632087900574,16.064147950263894
826.0,75.91798965348315,527.441894302623,16.064520627368406
827.0,75.04962669182403,527.4203842055546,16.064893275131574
828.0,74.34613171095636,527.3991201446586,16.06526589351864
829.0,74.95383597936357,527.3780554073405,16.065638482494837
830.0,76.35749721043153,527.3568184871463,16.06601104202541
831.0,74.74409619816431,527.3351838629367,16.066383572075598
832.0,74.49173302727317,527.3140063690139,16.066756072610655
833.0,74.62657642678751,527.2929003779896,16.067128543595828
834.0,75.75281262073695,527.2717561813351,16.06750098499637
835.0,74.92940347247068,527.250292884426,16.067873396777536
836.0,75.18859457381313,527.2290628867754,16.068245778904586
837.0,75.73682119919984,527.2077594516462,16.068618131342777
838.0,75.0759247392039,527.1863006856397,16.06899045405737
839.0,75.56983035981955,527.1650291736303,16.069362747013642
840.0,76.55057430427499,527.143617721695,16.069735010176856
841.0,75.31467693687537,527.1219283923089,16.07010724351228
842.0,74.33325266950976,527.1005892338434,16.070479446985196
843.0,75.18373095068998,527.0795281455871,16.070851620560877
844.0,75.04934798030804,527.0582260884844,16.0712237642046
845.0,74.36473878907807,527.0369621065565,16.071595877881656
846.0,75.375890725932,527.0158920972331,16.071967961557327
847.0,74.11457631965304,526.9945355948607,16.0723400151969
848.0,75.31948306465806,526.9735364649034,16.07271203876567
849.0,74.75860603337223,526.9521959447018,16.07308403222893
850.0,75.95041191888811,526.931014339659,16.073455995551974
851.0,74.86908646726437,526.9094950562819,16.07382792870011
852.0,75.0087767174866,526.8882821484497,16.074199831638627
853.0,74.93975927542698,526.867029661713,16.074571704332843
854.0,74.49884550139795,526.8457967299182,16.074943546748063
855.0,74.78678563392502,526.8246887236928,16.075315358849597
856.0,74.34694702286328,526.80349913443,16.075687140602756
857.0,74.4879537322349,526.7824341661068,16.076058891972863
858.0,75.42665990642422,526.7613292458827,16.076430612925233
859.0,75.33348153703746,526.7399583589092,16.07680230342519
860.0,74.8590184711644,526.7186138724737,16.077173963438057
861.0,75.52697590171825,526.6974038172402,16.07754559292917
862.0,75.87866363880786,526.6760045074013,16.07791719186385
863.0,75.26001663816427,526.6545055527038,16.078288760207442
864.0,75.88603629321685,526.6331818813229,16.07866029792527
865.0,73.54693141456805,526.6116808377064,16.079031804982684
866.0,74.92933964901246,526.5908425404723,16.079403281345016
867.0,72.1296254035259,526.5696125609052,16.079774726977625
868.0,75.50220636512134,526.5491758337074,16.080146141845848
869.0,74.89415818951144,526.527783541904,16.080517525915038
870.0,74.51391345832222,526.506563530417,16.080888879150557
871.0,75.11007615820651,526.4854512549371,16.081260201517747
872.0,73.04535235967798,526.4641700666923,16.081631492981984
873.0,74.78368924095037,526.4434738835237,16.08200275350862
874.0,75.2741161477051,526.4222851715722,16.08237398306302
875.0,75.10060236385988,526.4009575053302,16.082745181610562
876.0,74.54062557556225,526.3796790013271,16.083116349116604
877.0,75.20847353165927,526.3585591574141,16.08348748554653
878.0,75.01644703714942,526.3372500899134,16.083858590865717
879.0,75.49163347331374,526.3159954299197,16.084229665039537
880.0,74.47682366570517,526.2946061337689,16.08460070803338
881.0,75.21163428017164,526.2735043670635,16.08497171981263
882.0,75.67648184714875,526.2521944040175,16.08534270034267
883.0,74.00151826661698,526.2307527341608,16.085713649588904
884.0,74.79355934633494,526.2097856373186,16.086084567516714
885.0,75.2327061064668,526.1885941288372,16.086455454091503
886.0,76.0158241428047,526.1672781954403,16.08682630927867
887.0,75.94215010524691,526.1457403785998,16.087197133043624
888.0,75.35917622177666,526.12422343607,16.087567925351763
889.0,74.86885478624374,526.1028716694739,16.087938686168503
890.0,75.138989090839,526.0816588272844,16.088309415459246
891.0,74.7378315787094,526.0603694470419,16.08868011318942
892.0,75.95091033389518,526.0391937280947,16.08905077932443
893.0,74.14528594551446,526.0176743035001,16.089421413829708
894.0,76.29399139710362,525.9966664724823,16.08979201667067
895.0,75.79981312092522,525.9750498415863,16.09016258781275
896.0,73.39909690165716,525.9535732278688,16.09053312722137
897.0,74.00471635725704,525.9327768170799,16.09090363486197
898.0,74.85687239709245,525.9118088141121,16.091274110699977
899.0,75.99159809212533,525.890599366933,16.09164455470084
900.0,75.41723762129017,525.8690684141402,16.092014966829993
901.0,74.61219573056374,525.8477001968141,16.092385347052883
902.0,74.9033699417524,525.8265600746904,16.092755695334958
903.0,75.32143101844855,525.8053374532069,16.09312601164167
904.0,73.67944820123552,525.783996381085,16.093496295938465
905.0,73.79095073304319,525.763120537428,16.09386654819081
906.0,76.16373614500122,525.742213101387,16.094236768364162
907.0,76.20131986241661,525.720633376146,16.094606956423974
908.0,76.90523404423061,525.6990430021849,16.094977112335723
909.0,74.0345367410267,525.6772531858724,16.095347236064875
910.0,75.27723142725905,525.6562767337957,16.095717327576896
911.0,75.33556729431358,525.6349481848913,16.096087386837265
912.0,74.99186201732736,525.6136031074914,16.096457413811457
913.0,74.96016312872774,525.592355413253,16.09682740846496
914.0,76.17652454297925,525.5711167003666,16.097197370763244
915.0,73.54530597229393,525.549533351746,16.09756730067181
916.0,75.17559242866808,525.5286955150539,16.09793719815614
917.0,75.18794225679692,525.5073957638658,16.09830706318172
918.0,74.31422651356277,525.4860925135597,16.098676895714064
919.0,74.04320387464647,525.4650368160476,16.099046695718652
920.0,74.95469084495826,525.4440579082831,16.099416463160996
921.0,74.9379619682735,525.422820745877,16.099786198006598
922.0,74.78191235889985,525.4015883233193,16.100155900220965
923.0,75.49690617870998,525.3804001148176,16.10052556976961
924.0,77.24158184864852,525.3590093247336,16.100895206618045
925.0,74.48931861903401,525.3371242098765,16.101264810731788
926.0,74.73323813720019,525.3160189029345,16.10163438207636
927.0,74.9282700645925,525.2948444854622,16.10200392061728
928.0,74.50108158460661,525.2736148089439,16.102373426320078
929.0,76.2745049392572,525.2525061691616,16.10274289915028
930.0,75.51924597340937,525.2308950594288,16.103112339073427
931.0,74.88165996277617,525.2094979397364,16.10348174605504
932.0,74.72908347818513,525.1882814694136,16.103851120060664
933.0,75.62197534324783,525.1671082290948,16.104220461055846
934.0,74.4808867071558,525.1456820027475,16.10458976900612
935.0,75.8006071470248,525.1245790848471,16.104959043877045
936.0,75.47341715794494,525.1031022461555,16.10532828563416
937.0,74.92737573685203,525.0817181112941,16.10569749424303
938.0,74.67312779076639,525.0604886881686,16.106066669669207
939.0,76.40457550706348,525.0393313019613,16.106435811878246
940.0,75.55675375857027,525.017683338901,16.106804920835717
941.0,74.79022999534112,524.9962755920027,16.107173996507186
942.0,73.69054288422458,524.9750850268374,16.107543038858214
943.0,73.32604277070911,524.9542060396868,16.107912047854384
944.0,74.42573241545917,524.9334303275684,16.108281023461267
945.0,73.8301225876793,524.9123430367174,16.10864996564444
946.0,74.52093439679552,524.8914245019843,16.109018874369486
947.0,73.90795607558537,524.8703102372385,16.10938774960199
948.0,74.10311509004579,524.8493696496837,16.10975659130754
949.0,75.6321733065561,524.8283737670749,16.11012539945173
950.0,75.08037365356499,524.8069446513048,16.11049417400015
951.0,74.83746484208811,524.7856718787696,16.110862914918396
952.0,75.14799815594084,524.7644679303976,16.11123162217207
953.0,75.73963249046929,524.7431759975867,16.11160029572678
954.0,75.76150611880414,524.7217164350477,16.11196893554813
955.0,74.05012254251841,524.7002506749807,16.112337541601732
956.0,75.36035867591347,524.6792698069271,16.11270611385319
957.0,73.8007432359349,524.6579177053022,16.113074652268132
958.0,75.1167901564468,524.6370074947188,16.11344315681217
959.0,74.90541111941475,524.6157244041743,16.11381162745093
960.0,75.03704186631026,524.5945012043571,16.114180064150034
961.0,75.87168577510334,524.5732407091617,16.114548466875117
962.0,75.52220123724572,524.5517437315254,16.114916835591803
963.0,75.61267415535252,524.5303457745083,16.115285170265736
964.0,75.26641745794936,524.5089221834976,16.115653470862547
965.0,74.78260191461284,524.4875966985511,16.116021737347882
966.0,75.11966992783708,524.4664082946754,16.116389969687383
967.0,74.39087979311789,524.4451243881958,16.1167581678467
968.0,75.76446218609762,524.4240469722544,16.117126331791486
969.0,75.4801400421649,524.402580374635,16.117494461487393
970.0,75.65458747219286,524.3811943349564,16.117862556900075
971.0,75.29854182456054,524.3597588685059,16.118230617995195
972.0,73.86349143014252,524.3384242816556,16.118598644738423
973.0,75.37784637048509,524.3174962924171,16.118966637095415
974.0,75.28267929117452,524.2961392359455,16.119334595031848
975.0,75.27738035331433,524.2748091434796,16.1197025185134
976.0,74.99668647783791,524.2534805523795,16.12007040750574
977.0,74.6694658357477,524.2322314912108,16.12043826197455
978.0,74.33131577860497,524.2110751425573,16.120806081885515
979.0,74.63346286224554,524.1900146030868,16.12117386720432
980.0,74.67464300833663,524.1688684552757,16.121541617896654
981.0,74.89579813350541,524.1477106397567,16.12190933392821
982.0,73.69519189033309,524.1264901636189,16.12227701526469
983.0,74.48048108882459,524.10560985925,16.12264466187178
984.0,74.85659878376084,524.0845070562748,16.123012273715194
985.0,76.0951523898928,524.0632976866194,16.123379850760635
986.0,75.48038054967951,524.0417373934422,16.123747392973815
987.0,75.85197768111043,524.0203512856199,16.124114900320443
988.0,75.94757828633358,523.9988598919435,16.12448237276623
989.0,76.1179222170431,523.977341411429,16.1248498102769
990.0,75.43984195383209,523.955774666801,16.12521721281818
991.0,73.98215535321505,523.934400044914,16.125584580355785
992.0,75.98896812728182,523.9134384342306,16.12595191285545
993.0,73.63770424410616,523.8919082265945,16.126319210282904
994.0,75.75760647788248,523.871044210392,16.126686472603886
995.0,74.36273548047633,523.8495795552233,16.127053699784128
996.0,75.78411153128037,523.8285101135039,16.127420891789377
997.0,76.6269219102157,523.80703794857,16.127788048585376
998.0,75.08109686072557,523.7853269873622,16.12815517013788
999.0,73.37000406719847,523.7640540099183,16.12852225641263
1000.0,74.41584359464454,523.7432658420992,16.128889307375385
1001.0,75.09143577310255,523.7221813530807,16.129256322991903
1002.0,74.22073434291184,523.7009054462783,16.129623303227948
1003.0,74.73835377336701,523.6798762382145,16.129990248049282
1004.0,76.55625672922223,523.6587003713121,16.130357157421674
1005.0,74.57880462245237,523.6370094319054,16.130724031310894
1006.0,74.6448503422421,523.6158787705957,16.13109086968272
1007.0,74.9501299703438,523.5947293963321,16.131457672502926
1008.0,73.99356492333122,523.5734935261738,16.131824439737294
1009.0,73.8108661109303,523.552528682779,16.13219117135161
1010.0,75.02206338344928,523.5316156040475,16.132557867311665
1011.0,74.18693578786778,523.5103593527556,16.132924527583246
1012.0,75.96822486206344,523.4893397209489,16.133291152132145
1013.0,75.82402556441015,523.4678153905713,16.133657740924168
1014.0,74.4865995957613,523.4463319166614,16.13402429392511
1015.0,75.30683262953059,523.4252273801093,16.134390811100776
1016.0,75.42726478749002,523.4038904441976,16.134757292416975
1017.0,75.37218039831335,523.3825193858411,16.13512373783952
1018.0,75.12151010936816,523.3611639347282,16.135490147334227
1019.0,75.52423570637735,523.339879506864,16.13585652086691
1020.0,76.17222747454403,523.3184809734138,16.13622285840339
1021.0,75.22596760604286,523.2968988422961,16.13658915990949
1022.0,75.87875453022716,523.2755848181409,16.136955425351047
1023.0,74.9693852388925,523.2540858376908,16.137321654693885
1024.0,75.51767022765122,523.232844511873,16.137687847903837
1025.0,74.60140467057141,523.2114478386419,16.13805400494675
1026.0,74.27930319578053,523.1903107739852,16.13842012578846
1027.0,74.80063356454433,523.1692649714131,16.138786210394812
1028.0,75.82495281708516,523.1480714585698,16.139152258731652
1029.0,74.53216589720031,523.1265877219382,16.13951827076483
1030.0,74.55262897364223,523.1054702749341,16.139884246460216
1031.0,75.26095257566045,523.0843470300582,16.14025018578365
1032.0,74.43546066861256,523.0630230934951,16.140616088701
1033.0,74.76354602700299,523.0419330463058,16.14098195517814
1034.0,74.87086903646714,523.0207500415981,16.141347785180926
1035.0,75.59512702926317,522.9995366287044,16.14171357867524
1036.0,74.64152314501436,522.9781180093794,16.14207933562695
1037.0,76.60613721073744,522.9569695778216,16.14244505600194
1038.0,75.91939942280338,522.9352645056119,16.142810739766087
1039.0,76.05227569128273,522.9137540091087,16.143176386885283
1040.0,74.83837528692744,522.8922058643296,16.143541997325414
1041.0,77.44499468333485,522.8710016579984,16.14390757105237
1042.0,75.44941514863503,522.8490589095047,16.14427310803205
1043.0,75.35140140656769,522.8276815752126,16.144638608230355
1044.0,73.25491354544627,522.8063320114808,16.145004071613183
1045.0,76.10910264077863,522.7855764526429,16.145369498146447
1046.0,76.48088678435626,522.7640122068947,16.14573488779605
1047.0,75.61665921795586,522.7423426223057,16.146100240527904
1048.0,74.87044980298191,522.7209179021941,16.146465556307934
1049.0,74.70346775324184,522.6997046080832,16.146830835102055
1050.0,76.06007391227834,522.6785386255531,16.147196076876188
1051.0,75.57316987141056,522.6569882712779,16.147561281596268
1052.0,74.95692820322947,522.6355758731477,16.147926449228216
1053.0,75.79834625147055,522.6143380768235,16.148291579737972
1054.0,75.18879158982939,522.5928618787188,16.14865667309147
1055.0,75.84128590129279,522.5715583877684,16.149021729254653
1056.0,74.45077026716413,522.5500700234297,16.149386748193464
1057.0,74.58399384726054,522.5289756385207,16.149751729873852
1058.0,73.72071613653053,522.5078435069306,16.150116674261763
1059.0,75.85838193273078,522.486955970692,16.15048158132316
1060.0,76.52940130953922,522.4654627624777,16.150846451023995
1061.0,74.29144390196682,522.4437794321066,16.151211283330237
1062.0,75.01491111077831,522.4227301896678,16.15157607820784
1063.0,75.32787055107731,522.401475964853,16.15194083562278
1064.0,75.41850098188593,522.3801330681969,16.152305555541027
1065.0,75.59364246689636,522.3587644929187,16.15267023792856
1066.0,75.34161093124118,522.3373462942197,16.153034882751353
1067.0,75.94725292210933,522.3159995044559,16.153399489975392
1068.0,74.65536815337572,522.2944811161279,16.153764059566658
1069.0,74.15414958185788,522.2733287618178,16.15412859149115
1070.0,75.30357222156631,522.2523184194363,16.154493085714854
1071.0,75.02315669990769,522.2309824073068,16.15485754220377
1072.0,75.19200961610827,522.2097258462419,16.155221960923896
1073.0,74.18755192177252,522.1884214435173,16.155586341841232
1074.0,75.31531878070751,522.1674016371394,16.155950684921795
1075.0,74.53780640718131,522.1460622968182,16.156314990131587
1076.0,74.01843961034282,522.1249432516695,16.15667925743663
1077.0,73.58822555059137,522.1039713604466,16.157043486802937
1078.0,73.45088754619789,522.0831213632073,16.157407678196524
1079.0,75.2168272863168,522.0623102784025,16.15777183158343
1080.0,75.18646312445158,522.0409988440048,16.15813594692967
1081.0,75.51767135882507,522.0196960127862,16.15850002420128
1082.0,74.6869700770773,521.9982993392346,16.1588640633643
1083.0,75.20351769732197,521.977138031046,16.159228064384767
1084.0,74.1519180207859,521.9558303676984,16.159592027228722
1085.0,74.7008758199422,521.9348206575926,16.15995595186221
1086.0,75.80495035978551,521.9136554094435,16.160319838251283
1087.0,75.19779924934481,521.8921773401748,16.160683686361995
1088.0,73.93253907650316,521.8708712970542,16.1610474961604
1089.0,75.25611699599777,521.8499237443159,16.161411267612564
1090.0,75.24793996947068,521.8286011778337,16.161775000684543
1091.0,75.46710662425997,521.8072809281757,16.162138695342414
1092.0,75.20435647643939,521.7858985812989,16.162502351552245
1093.0,75.8188612636976,521.7645906802973,16.1628659692801
1094.0,74.4360497398553,521.7431086696058,16.163229548492076
1095.0,74.70492887525151,521.7220184555129,16.163593089154247
1096.0,76.18055171255473,521.7008520589982,16.16395659123269
1097.0,75.82030603499213,521.6792675693464,16.164320054693505
1098.0,75.62429767961652,521.657785149303,16.164683479502784
1099.0,73.5184317171845,521.6363582649606,16.165046865626618
1100.0,74.87183194255509,521.6155280426407,16.165410213031112
1101.0,76.63621597092555,521.5943143569236,16.165773521682365
1102.0,74.92552042510655,521.5726007623985,16.166136791546492
1103.0,75.35005151624445,521.5513718649447,16.16650002258959
1104.0,74.74319943961676,521.5300226836818,16.16686321477779
1105.0,75.03225431755467,521.5088454438405,16.167226368077202
1106.0,74.40027492437135,521.4875863051172,16.16758948245395
1107.0,75.53235492951148,521.466506227222,16.167952557874152
1108.0,74.14336605403437,521.4451053933253,16.168315594303944
1109.0,76.04928416429935,521.4240981062767,16.168678591709458
1110.0,75.05076062420511,521.4025508090967,16.169041550056832
1111.0,73.80472049337153,521.3812864269199,16.1694044693122
1112.0,74.61858439995866,521.3603750894467,16.169767349441713
1113.0,75.28273595863573,521.3392331572002,16.170130190411513
1114.0,74.5904520214283,521.3179030486785,16.17049299218775
1115.0,74.32514985735601,521.2967690872724,16.170855754736582
1116.0,74.58933422533416,521.2757102948128,16.17121847802417
1117.0,75.56393991984581,521.2545766501157,16.17158116201667
1118.0,74.91684436998767,521.2331668671384,16.171943806680243
1119.0,76.59660418896038,521.2119404279002,16.172306411981072
1120.0,74.14374262227174,521.1902380567134,16.172668977885323
1121.0,75.46488600931445,521.1692306629704,16.173031504359166
1122.0,74.15056043051989,521.1478489452677,16.173393991368794
1123.0,75.92236226023113,521.1268396198125,16.173756438880382
1124.0,74.53371164413029,521.1053282838387,16.17411884686012
1125.0,75.367057515015,521.084210398873,16.174481215274195
1126.0,75.1601871807903,521.0628563992436,16.174843544088812
1127.0,74.66091856748923,521.0415610128757,16.175205833270162
1128.0,75.40703239395845,521.0204070859484,16.175568082784448
1129.0,75.14175977731229,520.9990417601034,16.17593029259788
1130.0,75.0991929352463,520.9777515948331,16.176292462676663
1131.0,74.8096593708633,520.956473490168,16.176654592987013
1132.0,75.19090953307335,520.935277420013,16.177016683495147
1133.0,74.44481981256796,520.9139733289786,16.177378734167284
1134.0,74.15912241976179,520.8928806300318,16.177740744969654
1135.0,73.99855323618571,520.8718688786794,16.17810271586848
1136.0,74.74689535167023,520.8509026219292,16.178464646829994
1137.0,75.11290625462296,520.829724334913,16.178826537820434
1138.0,76.49682392551492,520.8084423448074,16.179188388806043
1139.0,75.15633424820251,520.7867682446952,16.179550199753056
1140.0,74.07921080184083,520.7654739499915,16.179911970627728
1141.0,76.02857342574096,520.7444848402644,16.180273701396302
1142.0,74.5565583747091,520.7229434111271,16.18063539202504
1143.0,74.3778957939476,520.7018190529209,16.180997042480193
1144.0,73.2993528648718,520.6807453157793,16.18135865272803
1145.0,75.01088422678589,520.6599771658009,16.18172022273481
1146.0,74.71348877747532,520.6387240819366,16.18208175246681
1147.0,74.6684506883339,520.6175552601164,16.182443241890294
1148.0,75.13260221188938,520.596399199088,16.18280469097155
1149.0,74.74393444065822,520.5751116284613,16.18316609967685
1150.0,73.64524100136875,520.5539341803698,16.18352746797248
1151.0,73.87337513765327,520.5330680287527,16.18388879582473
1152.0,74.36717725786356,520.5121372391304,16.184250083199892
1153.0,75.08784925586589,520.4910665389074,16.18461133006426
1154.0,73.3994886815971,520.4697916482849,16.18497253638414
1155.0,75.73864912827528,520.4489951264918,16.185333702125824
1156.0,75.5084989806996,520.4275358425721,16.18569482725563
1157.0,73.88803579771462,520.4061417678608,16.186055911739864
1158.0,75.19910974472495,520.3852068243848,16.18641695554484
1159.0,75.61350320027213,520.3639004099572,16.186777958636878
1160.0,74.72054003079657,520.3424765840505,16.1871389209823
1161.0,76.10250276554949,520.321305764375,16.187499842547435
1162.0,75.35869104792883,520.2997433885914,16.187860723298613
1163.0,74.87913886650053,520.2783917594612,16.18822156320216
1164.0,74.52561385042361,520.2571760034491,16.188582362224416
1165.0,74.34071247323169,520.2360604128581,16.188943120331732
1166.0,75.58314319597221,520.2149972109906,16.189303837490442
1167.0,74.46582070725265,520.193581987085,16.1896645136669
1168.0,74.83416763344496,520.1724833378848,16.19002514882746
1169.0,75.20826164605545,520.151280323722,16.190385742938474
1170.0,75.08701698046248,520.1299713162555,16.19074629596631
1171.0,75.80715344976007,520.1086966614444,16.191106807877322
1172.0,74.16294711456285,520.087217967967,16.191467278637887
1173.0,74.57883928117595,520.0662051329512,16.191827708214376
1174.0,75.75866857759148,520.0450744618215,16.19218809657316
1175.0,75.15115642851106,520.0236095057246,16.19254844368062
1176.0,74.6222611265605,520.0023166780697,16.192908749503143
1177.0,75.54957256524557,519.9811737040839,16.193269014007114
1178.0,74.47545944929759,519.9597679918571,16.19362923715893
1179.0,74.9073968515635,519.9386666116798,16.193989418924975
1180.0,74.44548028544702,519.9174428492386,16.194349559271654
1181.0,76.316877053674,519.8963499631577,16.19470965816537
1182.0,74.02980635946913,519.8747268479924,16.19506971557253
1183.0,75.55556427888936,519.8537517361906,16.19542973145954
1184.0,73.89921079966898,519.8323443263116,16.195789705792823
1185.0,74.39237113164057,519.811406216585,16.19614963853879
1186.0,74.67752948568008,519.7903283780977,16.19650952966387
1187.0,75.46208391126257,519.7691697447435,16.196869379134483
1188.0,76.63148287227902,519.7477888209686,16.197229186917063
1189.0,76.8533526074026,519.7260765674881,16.197588952978034
1190.0,73.9778512215183,519.7043014509161,16.197948677283847
1191.0,75.62751094107108,519.6833410597366,16.19830835980094
1192.0,75.0654030892702,519.6619132649699,16.198668000495754
1193.0,75.48531144439772,519.6406447340946,16.19902759933474
1194.0,74.3726647764526,519.6192572291855,16.199387156284356
1195.0,75.29001101971741,519.5981849741654,16.199746671311054
1196.0,76.12377420759653,519.5768528043765,16.200106144381298
1197.0,74.74216450246514,519.5552844016843,16.200465575461546
1198.0,74.37959033991666,519.5341074550754,16.200824964518283
1199.0,75.37827653753567,519.5130332378124,16.201184311517967
1200.0,74.944304058648,519.49167605946,16.201543616427077
1201.0,75.80775792651673,519.4704418399767,16.2019028792121
1202.0,75.8474443527627,519.4489629752309,16.202262099839515
1203.0,75.50841744935562,519.4274728659975,16.202621278275817
1204.0,74.3261080055654,519.406078814387,16.20298041448749
1205.0,75.24479365014821,519.3850197504521,16.203339508441037
1206.0,73.80380275935839,519.3637003922511,16.20369856010296
1207.0,76.48028943183971,519.3427893148028,16.204057569439758
1208.0,74.05613004754733,519.3211198994636,16.204416536417938
1209.0,75.79424441412499,519.3001373292835,16.20477546100402
1210.0,73.86137731686881,519.2786622933662,16.20513434316451
1211.0,74.42652806734255,519.2577349031264,16.205493182865936
1212.0,75.88201644356639,519.2366473868407,16.205851980074822
1213.0,75.16941338232495,519.2151474821817,16.206210734757693
1214.0,75.26565087583498,519.1938494817233,16.206569446881083
1215.0,76.2759675620336,519.1725242139752,16.20692811641153
1216.0,74.37435421782222,519.1509126898326,16.207286743315567
1217.0,74.43707338135562,519.1298399561376,16.207645327559746
1218.0,74.55027180125442,519.1087494520128,16.20800386911061
1219.0,74.32901818490312,519.0876268750025,16.20836236793471
1220.0,75.08960675148921,519.0665669865168,16.208720823998608
1221.0,75.31699289213603,519.0452915979372,16.20907923726886
1222.0,73.92734573849802,519.0239517832845,16.20943760771203
1223.0,75.50450928124508,519.0030057019918,16.209795935294686
1224.0,74.04885088881485,518.9816127576955,16.2101542199834
1225.0,75.19345319409447,518.9606322499437,16.210512461744752
1226.0,76.49765248602598,518.9393274382053,16.21087066054531
1227.0,73.73695038849348,518.9176531033343,16.211228816351674
1228.0,74.96626416942877,518.8967609673908,16.211586929130423
1229.0,74.41739447712351,518.8755205258763,16.211944998848146
1230.0,75.69750782623066,518.854435597441,16.212303025471446
1231.0,74.9126314603017,518.8329879702236,16.212661008966922
1232.0,74.44379261893815,518.8117627246431,16.213018949301176
1233.0,75.64996715921508,518.7906703167345,16.213376846440813
1234.0,75.74042776158868,518.7692361593727,16.213734700352447
1235.0,75.22373459912994,518.7477763715069,16.2140925110027
1236.0,73.5773066114229,518.7264629800371,16.21445027835819
1237.0,75.58928558145611,518.7056160764972,16.21480800238553
1238.0,74.3805564458931,518.6841991122492,16.215165683051367
1239.0,74.79446687534623,518.6631246212562,16.215523320322315
1240.0,76.67955188664081,518.6419328556415,16.215880914165023
1241.0,73.92872825721754,518.620206982607,16.216238464546127
1242.0,76.57002084528055,518.5992605096008,16.216595971432273
1243.0,74.93596103297081,518.5775656703612,16.216953434790106
1244.0,74.90681020935813,518.5563338147351,16.217310854586284
1245.0,74.92180635620322,518.5351102185092,16.217668230787456
1246.0,76.34430646186215,518.513882373375,16.21802556336029
1247.0,74.4530784278305,518.4922514865441,16.218382852271446
1248.0,73.97589272788477,518.4711564476563,16.218740097487597
1249.0,76.00266457015884,518.4501966113833,16.219097298975413
1250.0,75.1091094052455,518.4286625230884,16.21945445670157
1251.0,75.73993945871837,518.407381608757,16.219811570632753
1252.0,74.71839704486521,518.3859219592437,16.220168640735643
1253.0,74.6171931005905,518.3647517467475,16.220525666976933
1254.0,74.53671599621052,518.3436102087024,16.22088264932331
1255.0,74.77295146257626,518.3224914725035,16.22123958774148
1256.0,76.18528115234342,518.3013058029225,16.22159648219814
1257.0,75.00458894900044,518.2797199732627,16.221953332659997
1258.0,75.08479039696478,518.2584686730604,16.222310139093757
1259.0,74.8722273491366,518.2371946491146,16.222666901466138
1260.0,74.82021138393614,518.2159808513657,16.223023619743856
1261.0,73.89390759136428,518.1947817914736,16.223380293893634
1262.0,75.47064863791002,518.1738451843228,16.2237369238822
1263.0,74.9030501015223,518.1524618338753,16.224093509676283
1264.0,75.84163361533885,518.1312393030132,16.224450051242613
1265.0,75.57975460234111,518.1097508401555,16.224806548547935
1266.0,75.76514017893888,518.0883365763515,16.225163001558986
1267.0,75.33737792978914,518.0668697866341,16.22551941024252
1268.0,75.78472795086378,518.0455241962206,16.22587577456528
1269.0,75.4830800861922,518.0240518566346,16.226232094494026
1270.0,75.55991986201877,518.0026649839435,16.226588369995515
1271.0,74.07865658335032,517.9812563399826,16.226944601036514
1272.0,75.24100408422997,517.9602673872839,16.227300787583786
1273.0,74.98663008212868,517.9389491027935,16.22765692960411
1274.0,74.83310231641781,517.9177028909369,16.228013027064247
1275.0,74.09222775634437,517.8965001786139,16.228369079930992
1276.0,74.85748352115067,517.8755073807496,16.228725088171124
1277.0,75.36200459136437,517.8542977604186,16.229081051751432
1278.0,74.51270508669067,517.832945192451,16.229436970638705
1279.0,74.89616499304609,517.8118332593431,16.229792844799743
1280.0,76.59111087802336,517.7906126792618,16.230148674201345
1281.0,75.0959203154005,517.768911864513,16.23050445881032
1282.0,74.75021749015336,517.7476346870903,16.23086019859347
1283.0,76.08769753833289,517.7264554588014,16.231215893517614
1284.0,74.70383053524174,517.7048972778323,16.23157154354957
1285.0,76.27983985132515,517.683731192514,16.231927148656155
1286.0,74.83932017980092,517.6621185712227,16.2322827088042
1287.0,75.45825734041406,517.6409140971718,16.23263822396053
1288.0,75.13181693522323,517.619534257592,16.232993694091984
1289.0,74.93187603281257,517.5982469094604,16.2333491191654
1290.0,75.04760146409562,517.577016211251,16.233704499147617
1291.0,75.0800651219991,517.5557527241696,16.234059834005485
1292.0,76.279259529239,517.5344800390517,16.23441512370586
1293.0,75.28055644032634,517.512867582185,16.234770368215585
1294.0,74.21947926060645,517.4915380911937,16.235125567501527
1295.0,74.88343719344414,517.4705092387364,16.23548072153055
1296.0,74.96546993909344,517.449292264865,16.23583583026952
1297.0,74.370711589919,517.4280520483823,16.23619089368531
1298.0,74.76718375146304,517.4069803467651,16.236545911744802
1299.0,76.21844406086397,517.3857963113688,16.236900884414865
1300.0,73.35076125923051,517.3642010855515,16.237255811662394
1301.0,75.47587367352915,517.3434183698614,16.237610693454275
1302.0,75.23579678602574,517.3220335389873,16.2379655297574
1303.0,74.42820079914694,517.3007167298979,16.238320320538666
1304.0,75.70108161290001,517.2796287396716,16.238675065764976
1305.0,75.03596016411922,517.2581800998812,16.23902976540324
1306.0,75.34557310776128,517.236919911168,16.239384419420368
1307.0,74.68801300927304,517.2155719987875,16.239739027783266
1308.0,73.83005066483402,517.1944103951015,16.240093590458862
1309.0,74.15704919378604,517.1734918807465,16.24044810741407
1310.0,74.525463517161,517.1524807168082,16.24080257861583
1311.0,75.51541995450144,517.1313651688117,16.241157004031066
1312.0,75.9333994412964,517.109969133158,16.24151138362671
1313.0,74.77037546684761,517.0884546699829,16.241865717369713
1314.0,76.13423264959309,517.0672697302673,16.24222000522701
1315.0,75.4077310835612,517.0456983643498,16.242574247165557
1316.0,75.35595407133489,517.0243328405429,16.242928443152298
1317.0,74.13462631979654,517.0029819868894,16.243282593154202
1318.0,73.79399713600651,516.9819771760988,16.24363669713822
1319.0,75.48098133080275,516.9610688769102,16.24399075507133
1320.0,74.74421033110148,516.9396825988665,16.244344766920488
1321.0,76.01362033549434,516.918505072606,16.24469873265268
1322.0,75.13065325942173,516.8969678801776,16.245052652234875
1323.0,74.33807126047815,516.8756808617541,16.245406525634063
1324.0,75.27515600371451,516.8546184082303,16.245760352817232
1325.0,74.39302352230722,516.8332904473625,16.24611413375137
1326.0,73.76941881258502,516.8122124240313,16.246467868403478
1327.0,73.79722930626806,516.791311088701,16.24682155674055
1328.0,75.76530403963919,516.7704018737309,16.247175198729593
1329.0,75.61976342483369,516.7489350375863,16.24752879433762
1330.0,74.8728642482964,516.7275094379493,16.247882343531643
1331.0,75.76973008854515,516.7062954597457,16.248235846278675
1332.0,75.28548999300668,516.6848273695539,16.24858930254574
1333.0,75.02949301157007,516.6634964807225,16.24894271229987
1334.0,75.27817297420428,516.6422381243692,16.249296075508084
1335.0,75.17624534056702,516.6209093086932,16.24964939213743
1336.0,74.27342710360847,516.5996093725134,16.250002662154944
1337.0,74.80972848921668,516.5785652348341,16.250355885527664
1338.0,75.13107961138547,516.5573691450954,16.250709062222644
1339.0,73.67254935415042,516.5360820058722,16.25106219220693
1340.0,74.93724965980125,516.5152081168885,16.251415275447588
1341.0,74.05029669025373,516.4939758961516,16.251768311911675
1342.0,74.74456147076569,516.472994978756,16.252121301566252
1343.0,75.25825841045435,516.4518173530059,16.252474244378394
1344.0,75.47624168012874,516.4304941797897,16.252827140315173
1345.0,74.93017255235611,516.409109244647,16.253179989343668
1346.0,75.14276744999891,516.3878790290905,16.253532791430963
1347.0,74.59097441465494,516.366588578313,16.253885546544147
1348.0,74.04681212206951,516.3454544688955,16.25423825465031
1349.0,74.43446363879785,516.3244745387942,16.254590915716545
1350.0,75.21095433052523,516.3033847740967,16.254943529709955
1351.0,75.48954723310841,516.2820750037029,16.25529609659765
1352.0,75.50052830577566,516.2606862986536,16.255648616346736
1353.0,74.45866039662256,516.2392944823002,16.256001088924318
1354.0,75.56455501793019,516.2181978618546,16.25635351429753
1355.0,75.31387187375506,516.1967879045994,16.25670589243348
1356.0,75.51547198854811,516.1754489742352,16.257058223299307
1357.0,75.29204159062526,516.1540529238384,16.257410506862133
1358.0,74.44215127979844,516.1327201787211,16.2577627430891
1359.0,76.1264492061645,516.1116282358585,16.258114931947343
1360.0,73.97130126743208,516.0900590752501,16.25846707340401
1361.0,75.54275213591097,516.069100539891,16.25881916742625
1362.0,74.50357845565716,516.0476967601192,16.25917121398122
1363.0,74.03562636731756,516.0265874128901,16.25952321303607
1364.0,74.99423426656749,516.005610652086,16.259875164557965
1365.0,74.62585046924947,515.9843622857104,16.260227068514073
1366.0,74.94053859949427,515.9632182947441,16.260578924871567
1367.0,75.71647635466996,515.941985142141,16.26093073359762
1368.0,74.72252770282093,515.9205321405072,16.26128249465941
1369.0,75.04789560555939,515.8993607576581,16.261634208024127
1370.0,75.08503482753605,515.8780971872364,16.26198587365896
1371.0,75.59948880701216,515.8568230940352,16.262337491531095
1372.0,75.18731345453075,515.8354032388734,16.262689061607738
1373.0,73.91511055487972,515.8141001667279,16.26304058385609
1374.0,75.68603600010914,515.7931575520706,16.26339205824335
1375.0,75.79266442982201,515.771713175204,16.263743484736736
1376.0,75.8129559338443,515.7502385869489,16.264094863303466
1377.0,76.00495540480289,515.7287582494342,16.264446193910757
1378.0,75.80603314767664,515.7072235120695,16.264797476525835
1379.0,74.96717784509204,515.6857451360111,16.265148711115923
1380.0,75.53174926930154,515.6645044356217,16.26549989764826
1381.0,75.04098319832758,515.6431037733287,16.265851036090087
1382.0,75.60598240904746,515.6218421614224,16.266202126408643
1383.0,76.68534016236083,515.6004204664066,16.266553168571175
1384.0,74.42527560760755,515.5786929533606,16.266904162544932
1385.0,76.28143773888087,515.5576057919384,16.267255108297178
1386.0,74.70384299807645,515.5359927179124,16.267606005795166
1387.0,74.30877351987517,515.5148266290629,16.26795685500616
1388.0,76.0964906489134,515.4937724765656,16.26830765589744
1389.0,76.26958382852168,515.472211804215,16.268658408436274
1390.0,74.8666803432601,515.450602088797,16.269009112589934
1391.0,74.18142492863963,515.4293898626997,16.269359768325714
1392.0,75.74367354034763,515.4083717923033,16.269710375610895
1393.0,74.52523893532441,515.3869110848002,16.270060934412772
1394.0,74.20060878504148,515.3657956004351,16.270411444698638
1395.0,75.68018215536755,515.3447720946128,16.2707619064358
1396.0,74.84383242819955,515.3233293763354,16.271112319591563
1397.0,75.10100007690723,515.302123623814,16.27146268413323
1398.0,74.83487034531613,515.2808450071257,16.27181300002812
1399.0,74.11088959637682,515.2596417938612,16.272163267243556
1400.0,74.10433028985764,515.2386437084755,16.27251348574686
1401.0,75.37115070516218,515.2176474815601,16.272863655505358
1402.0,74.11784439517929,515.1962923221936,16.273213776486386
1403.0,73.78368618711211,515.1752922662816,16.27356384865728
1404.0,75.48430024686918,515.1543868885286,16.273913871985382
1405.0,76.40619424849201,515.1329996701253,16.274263846438036
1406.0,75.40373291268455,515.1113512484216,16.274613771982597
1407.0,74.51803865337077,515.0899868574297,16.27496364858642
1408.0,76.02128131514276,515.0688734131445,16.275313476216866
1409.0,74.57180093407015,515.0473340501053,16.275663254841298
1410.0,74.74198816448289,515.026205373174,16.276012984427087
1411.0,75.31622610221577,515.0050284765273,16.276362664941608
1412.0,75.60297826704988,514.9836888791317,16.276712296352237
1413.0,75.90398673017374,514.9622680352893,16.27706187862636
1414.0,75.98648931708499,514.9407619057158,16.277411411731357
1415.0,75.66670991449725,514.9192324004093,16.277760895634632
1416.0,74.97356562660902,514.8977934992669,16.278110330303573
1417.0,74.81349841249178,514.876550989006,16.278459715705583
1418.0,74.10860188601428,514.8553538311224,16.27880905180808
1419.0,74.9892435944558,514.8343563939214,16.279158338578455
1420.0,76.63235119773861,514.8131094415696,16.279507575984137
1421.0,76.34806571742048,514.7913969420637,16.27985676399254
1422.0,75.34689211639142,514.7697649901104,16.280205902571094
1423.0,74.99122819646676,514.7484167040107,16.280554991687225
1424.0,74.43865789893049,514.727169189355,16.280904031308367
1425.0,76.2949327311526,514.7060782362837,16.281253021401955
1426.0,74.68449339101122,514.6844613386766,16.281601961935436
1427.0,73.2315212221096,514.6633007322157,16.28195085287626
1428.0,74.52756715527883,514.6425518012028,16.282299694191877
1429.0,75.71961044728141,514.6214356571754,16.28264848584974
1430.0,74.34444455233333,514.5999817675488,16.28299722781731
1431.0,74.61957795521742,514.5789175082589,16.28334592006206
1432.0,75.78805912652942,514.557775294505,16.28369456255146
1433.0,74.61627438380901,514.5363020110858,16.28404315525298
1434.0,75.6930214921122,514.5151607333437,16.284391698134108
1435.0,74.75218987878881,514.4937143772543,16.284740191162317
1436.0,73.65120048505453,514.472534590122,16.285088634305108
1437.0,74.63521307828513,514.4516667499845,16.28543702752997
1438.0,75.61904938382793,514.430520106279,16.2857853708044
1439.0,76.75388071515431,514.4090947089536,16.286133664095907
1440.0,75.42242415458549,514.3873477760842,16.286481907371993
1441.0,75.52166634179721,514.3659780892405,16.286830100600174
1442.0,75.52810667705093,514.344580283777,16.287178243747963
1443.0,73.69857190377999,514.3231806535518,16.28752633678289
1444.0,74.69142272094936,514.3022993915124,16.287874379672477
1445.0,75.2752719872599,514.2811368217415,16.288222372384254
1446.0,73.26609185654883,514.2598088280117,16.28857031488576
1447.0,74.7655923096034,514.2390501019856,16.288918207144537
1448.0,75.16480924503276,514.2178665174979,16.289266049128123
1449.0,75.57018513689307,514.1965698215453,16.289613840804076
1450.0,75.41450083658812,514.1751582690897,16.289961582139945
1451.0,75.95488051486087,514.1537908271862,16.290309273103297
1452.0,74.27280544391796,514.1322702777068,16.29065691366169
1453.0,76.14970615549113,514.1112263161644,16.291004503782695
1454.0,74.88377102292978,514.0896505660871,16.291352043433882
1455.0,75.78388958157184,514.0684334976306,16.29169953258284
1456.0,74.34584445965987,514.0469613955825,16.292046971197138
1457.0,74.76680357920658,514.0258967396521,16.292394359244376
1458.0,75.75960804819023,514.0047128119713,16.292741696692136
1459.0,75.4101160030665,513.983247589691,16.293088983508024
1460.0,75.04858072837135,513.9618813901569,16.293436219659636
1461.0,74.23214304290357,513.9406176256172,16.29378340511458
1462.0,76.01801625501045,513.9195851850884,16.29413053984047
1463.0,74.63337188961655,513.8980467471495,16.294477623804923
1464.0,74.908630502705,513.8769006251141,16.294824656975553
1465.0,74.83665915119438,513.8556765131383,16.29517163931999
1466.0,75.01937485214995,513.8344727930455,16.295518570805864
1467.0,75.31759001608833,513.813217303504,16.29586545140081
1468.0,74.94665626752864,513.7918773196661,16.29621228107247
1469.0,75.76955069489644,513.7706424337237,16.296559059788486
1470.0,75.42076297048209,513.7491743943601,16.296905787516504
1471.0,75.48271208707986,513.7278051781851,16.29725246422419
1472.0,74.792795132071,513.7064184097604,16.29759908987919
1473.0,74.31205075804309,513.6852271178063,16.29794566444917
1474.0,75.85150226072818,513.6641720367581,16.298292187901804
1475.0,73.62979734543354,513.6426807777843,16.298638660204762
1476.0,75.8467251053329,513.6218190018699,16.29898508132572
1477.0,74.86661082043379,513.6003290964234,16.299331451232366
1478.0,75.01447905243212,513.5791168900241,16.299677769892384
1479.0,74.97779965369564,513.5578627876259,16.300024037273463
1480.0,76.18916786628631,513.5366190777241,16.300370253343306
1481.0,75.64255649820187,513.5150321468286,16.300716418069612
1482.0,75.21381104506608,513.4936000891541,16.301062531420083
1483.0,75.24558876478467,513.4722895093581,16.30140859336244
1484.0,75.60947855438002,513.4509699258747,16.301754603864392
1485.0,75.40427175822991,513.4295472402844,16.302100562893663
1486.0,75.32672941417992,513.4081826966195,16.30244647041798
1487.0,75.3037682585748,513.3868401232855,16.302792326405072
1488.0,73.55940096835663,513.3655040556123,16.30313813082267
1489.0,74.04195000447555,513.3446622253379,16.303483883638524
1490.0,74.21541159890198,513.3236836728365,16.30382958482037
1491.0,75.51589672038584,513.3026559728835,16.304175234335965
1492.0,75.38405571607849,513.2812598021461,16.304520832153056
1493.0,75.66525804878364,513.2599009863599,16.304866378239403
1494.0,75.27067599484955,513.2384624965794,16.305211872562783
1495.0,75.09615755198854,513.2171358050475,16.305557315090947
1496.0,76.4240328240484,513.1958585604077,16.305902705791684
1497.0,74.45325568793011,513.1742050844409,16.306248044632767
1498.0,75.5119261614829,513.1531099953295,16.306593331581976
1499.0,76.1511145471995,513.1317149495836,16.3069385666071
1500.0,74.6825190526479,513.110138800462,16.30728374967594
1501.0,75.07796783622608,513.088978753397,16.30762888075629
1502.0,72.46378825895523,513.0677066625101,16.30797395981595
1503.0,73.31474743034597,513.0471752558367,16.30831898682273
1504.0,76.35099035299284,513.0264027440649,16.308663961744447
1505.0,75.06065900670114,513.0047699634648,16.309008884548913
1506.0,75.74773643465147,512.9835027767463,16.30935375520395
1507.0,74.7410140405811,512.9620409180898,16.309698573677387
1508.0,75.11126292097701,512.9408642974449,16.31004333993706
1509.0,74.36632828676716,512.9195827729507,16.310388053950803
1510.0,74.31975751788634,512.8985123132693,16.310732715686456
1511.0,75.21022323922148,512.8774550486394,16.311077325111867
1512.0,74.4572686662244,512.8561454853882,16.31142188219489
1513.0,75.35091756674011,512.835049259266,16.31176638690338
1514.0,74.78333369455942,512.8136998326222,16.312110839205193
1515.0,74.42097635272185,512.7925112214087,16.312455239068207
1516.0,75.32660969704416,512.7714252781088,16.312799586460287
1517.0,75.10065738704917,512.7500827386946,16.313143881349305
1518.0,74.8518969283244,512.7288042191017,16.31348812370315
1519.0,73.5506529729054,512.7075961816386,16.313832313489698
1520.0,73.01198022386485,512.6867568299629,16.31417645067685
1521.0,75.08724816011978,512.6660701022329,16.314520535232496
1522.0,75.26406083710565,512.6447953819209,16.314864567124538
1523.0,75.18307941414325,512.6234705646837,16.315208546320886
1524.0,74.95551072137211,512.6021686921829,16.315552472789445
1525.0,74.03999782431934,512.5809312974786,16.315896346498132
1526.0,74.4872273595403,512.559953298095,16.316240167414865
1527.0,75.26197175975896,512.5388485836764,16.316583935507573
1528.0,75.17784570496096,512.5175243583445,16.316927650744184
1529.0,74.79805709730395,512.4962239687281,16.317271313092633
1530.0,75.11829808739154,512.4750311858838,16.31761492252086
1531.0,74.37143893467459,512.4537476680925,16.31795847899681
1532.0,74.75287697615163,512.4326757603943,16.31830198248844
1533.0,74.43152724257384,512.4114957785844,16.31864543296369
1534.0,76.25484336234696,512.3904068458658,16.318988830390534
1535.0,73.94223846814022,512.368801306913,16.319332174736928
1536.0,75.5900760561233,512.3478510060138,16.31967546597085
1537.0,75.04314120831012,512.3264338177978,16.320018704060267
1538.0,74.63173862486006,512.3051715944555,16.32036188897316
1539.0,75.85662096588524,512.2840259351784,16.320705020677515
1540.0,75.69183597388553,512.2625332259047,16.321048099141322
1541.0,75.41967509821504,512.2410872057121,16.321391124332575
1542.0,76.08337748017384,512.2197182977677,16.321734096219274
1543.0,75.62982976785247,512.198161340815,16.32207701476942
1544.0,75.3591748602181,512.1767328890473,16.322419879951028
1545.0,75.24670984349767,512.155381122837,16.32276269173211
1546.0,75.07646015655017,512.1340612217147,16.323105450080682
1547.0,74.32804598596255,512.1127895580037,16.323448154964773
1548.0,76.864252304793,512.0917299449743,16.32379080635241
1549.0,76.64781819701071,512.0699517401546,16.32413340421163
1550.0,74.82377690819517,512.0482348583321,16.32447594851047
1551.0,74.42977374384382,512.0270347882081,16.324818439216976
1552.0,74.12135440258972,512.005946352314,16.325160876299197
1553.0,75.94876318718983,511.9849453018999,16.32550325972518
1554.0,74.71603117845702,511.96342648566355,16.325845589462997
1555.0,74.57345791588749,511.9422569434964,16.326187865480705
1556.0,75.3918633234871,511.92112779708685,16.326530087746374
1557.0,73.00516699740257,511.89976676914523,16.326872256228082
1558.0,74.61483454148609,511.8790819718293,16.327214370893905
1559.0,74.67010007148619,511.8579411020425,16.327556431711926
1560.0,74.14277105488681,511.8367845736889,16.327898438650237
1561.0,75.45755479008415,511.8157774552234,16.328240391676932
1562.0,76.09507086360989,511.7943978146995,16.328582290760114
1563.0,74.67759056335417,511.7728375446215,16.328924135867876
1564.0,75.70847580107701,511.7516788939619,16.32926592696834
1565.0,76.17116254309883,511.7302281591516,16.329607664029616
1566.0,74.0881180043285,511.70864632976435,16.329949347019827
1567.0,74.31563017605403,511.6876546963298,16.33029097590709
1568.0,75.07662444268814,511.66659860111326,16.330632550659544
1569.0,75.11049914283609,511.6453268908545,16.330974071245315
1570.0,74.29539173773847,511.62404558276404,16.33131553763255
1571.0,74.7979670108132,511.60299522177166,16.331656949789387
1572.0,74.78795039468372,511.581802464452,16.331998307683985
1573.0,76.43305705391553,511.56061254517346,16.332339611284493
1574.0,77.5688319934775,511.53895651234154,16.33268086055907
1575.0,74.75414715981341,511.51697867661,16.333022055475883
1576.0,74.6261093263155,511.49579833491475,16.333363196003102
1577.0,74.55695583973589,511.4746542706056,16.333704282108904
1578.0,75.16987229000918,511.45352979978435,16.334045313761468
1579.0,75.83166178380803,511.43223166930215,16.334386290928975
1580.0,74.08018265288383,511.4107460317968,16.33472721357963
1581.0,74.66303216011829,511.38975664671176,16.33506808168161
1582.0,74.33301618878195,511.3686021209331,16.33540889520313
1583.0,75.57593981662443,511.3475410996796,16.335749654112387
1584.0,75.28939835865879,511.32612791673154,16.336090358377596
1585.0,74.84468870731354,511.30479592052995,16.336431007966976
1586.0,74.15993023765894,511.2835899253962,16.336771602848742
1587.0,74.88507226677498,511.2625779451622,16.33711214299112
1588.0,75.51780977889247,511.24136050801997,16.337452628362346
1589.0,74.95633222174115,511.21996379524927,16.337793058930654
1590.0,74.56546090188957,511.1987261677864,16.338133434664286
1591.0,75.66895557589699,511.17759928719755,16.33847375553149
1592.0,74.64191892826405,511.15615974978436,16.338814021500514
1593.0,74.63315645299139,511.13501120608805,16.339154232539617
1594.0,74.15159079910025,511.11386514509303,16.339494388617066
1595.0,76.11440782987276,511.0928555277,16.33983448970112
1596.0,75.1160413856967,511.07128977881484,16.340174535760053
1597.0,72.26190709938369,511.0500069004222,16.340514526762146
1598.0,76.95174448004934,511.0295326934107,16.34085446267568
1599.0,75.17776070461603,511.00772969914135,16.341194343468942
1600.0,75.66508711276988,510.9864293336084,16.341534169110226
1601.0,74.53291344738535,510.96499089225983,16.341873939567822
1602.0,74.16657205975713,510.9438732334497,16.34221365481005
1603.0,75.89851557277667,510.9228593713661,16.3425533148052
1604.0,73.99426049163306,510.9013547919538,16.342892919521603
1605.0,74.91977750087722,510.8803897514812,16.343232468927564
1606.0,74.18101734658454,510.85916248118923,16.343571962991412
1607.0,73.29467074876742,510.8381445262744,16.343911401681478
1608.0,75.46778520517235,510.81737770289556,16.34425078496609
1609.0,74.71707951744735,510.7959951637541,16.344590112813588
1610.0,73.98012822101347,510.7748253245575,16.344929385192323
1611.0,74.97484953651716,510.7538642882282,16.345268602070636
1612.0,74.32423065867364,510.73262141419286,16.34560776341689
1613.0,75.48678763893055,510.7115628821729,16.345946869199445
1614.0,75.19668020954764,510.6901749590086,16.346285919386656
1615.0,75.38254520024078,510.6688692329492,16.3466249139469
1616.0,76.29878462681296,510.64751084514245,16.346963852848557
1617.0,75.2303718813665,510.62589285616485,16.347302736059998
1618.0,74.75244498081328,510.6045775841318,16.34764156354962
1619.0,73.47823069729378,510.58339772472056,16.347980335285804
1620.0,74.23351354591233,510.56257889268966,16.34831905123695
1621.0,75.38578836494464,510.5415460638517,16.34865771137146
1622.0,74.6647975593395,510.5201867571483,16.34899631565774
1623.0,73.66123965068486,510.49903173117315,16.349334864064204
1624.0,75.0296579531298,510.47816104660546,16.349673356559265
1625.0,74.56530993741717,510.45690264351873,16.35001179311135
1626.0,75.83528180166414,510.4357758057031,16.35035017368888
1627.0,74.7086907680861,510.414289142526,16.350688498260297
1628.0,74.70592972941037,510.3931216801417,16.351026766794035
1629.0,74.00447401686401,510.3719550000517,16.351364979258534
1630.0,75.49852340238363,510.3509870657469,16.351703135622245
1631.0,74.59741964243781,510.32959581744956,16.352041235853623
1632.0,74.5215509247856,510.3084598818842,16.35237927992112
1633.0,75.0556055553282,510.2873454424555,16.352717267793214
1634.0,75.66391458311467,510.26607968754814,16.353055199438362
1635.0,75.16242656299053,510.2446415784163,16.353393074825043
1636.0,73.80813451251554,510.22334555755674,16.353730893921735
1637.0,75.96794388405266,510.20243325277823,16.354068656696928
1638.0,73.70215799445391,510.18090900201105,16.354406363119104
1639.0,74.31364375803469,510.16002672391267,16.35474401315677
1640.0,73.90029161833455,510.13897119151454,16.355081606778416
1641.0,76.81626865577473,510.118032775556,16.35541914395256
1642.0,74.97118809969959,510.0962681661035,16.3557566246477
1643.0,75.64867957855843,510.0750263294753,16.35609404883236
1644.0,74.35501581576578,510.053592536928,16.356431416475065
1645.0,75.21843786747024,510.0325252824469,16.356768727544335
1646.0,74.59860951959843,510.0112133917178,16.357105982008708
1647.0,75.54361456529962,509.99007711902055,16.357443179836718
1648.0,73.42090917320255,509.9686730948937,16.357780320996913
1649.0,75.47698219359405,509.9478705039613,16.35811740545784
1650.0,74.63384120277479,509.9264853590065,16.358454433188047
1651.0,76.15800401508332,509.90533910399904,16.358791404156097
1652.0,74.57450432981058,509.88376100286143,16.35912831833056
1653.0,75.394716285212,509.86263155996795,16.359465175679997
1654.0,75.29757623120945,509.8412697236871,16.35980197617298
1655.0,76.25511664273604,509.81993541042164,16.360138719778103
1656.0,74.81445458111058,509.7983297940395,16.36047540646394
1657.0,74.78186934768729,509.7771323652416,16.36081203619909
1658.0,73.91623287281774,509.7559441689264,16.361148608952142
1659.0,74.87205313871115,509.73500123627906,16.361485124691697
1660.0,75.78082541211663,509.71378748788976,16.361821583386366
1661.0,74.96578640600583,509.692316254023,16.36215798500476
1662.0,74.54010026901226,509.67107594787467,16.3624943295155
1663.0,75.94979609874302,509.6499562527984,16.362830616887198
1664.0,75.5387236580883,509.62843714390374,16.363166847088497
1665.0,75.0335313343078,509.607034505534,16.363503020088018
1666.0,73.56472343747551,509.5857750049893,16.363839135854406
1667.0,74.94976457259256,509.564931666682,16.3641751943563
1668.0,75.47422473228252,509.5436959000531,16.364511195562358
1669.0,74.85711026711274,509.52231153637894,16.364847139441224
1670.0,74.60733482382243,509.5011020218032,16.365183025961564
1671.0,74.2704651786555,509.4799632769365,16.365518855092045
1672.0,76.23787090365099,509.4589199784692,16.365854626801337
1673.0,75.8603540579138,509.4373192483798,16.36619034105811
1674.0,74.48703080931386,509.4158254813967,16.366525997831058
1675.0,74.34909331196647,509.39472082266747,16.366861597088857
1676.0,73.87607531881908,509.3736552462291,16.3671971388002
1677.0,74.26119021394669,509.3527236915554,16.36753262293379
1678.0,75.59579574323904,509.3316830209948,16.367868049458323
1679.0,73.43832157428582,509.3102642122009,16.368203418342514
1680.0,73.94246937053617,509.2894566877548,16.368538729555077
1681.0,76.00591430218307,509.26850632143316,16.368873983064727
1682.0,75.43339486748302,509.2469713123809,16.36920917884019
1683.0,75.16328086124764,509.2255985171684,16.369544316850195
1684.0,75.28468628586802,509.2043022542577,16.369879397063478
1685.0,75.88160243162767,509.1829715931434,16.370214419448782
1686.0,75.52009010327758,509.1614718057878,16.370549383974847
1687.0,76.78100772437608,509.14007444692515,16.37088429061043
1688.0,73.29009294018573,509.11831982806996,16.37121913932429
1689.0,75.03351522835035,509.0975543017369,16.37155393008518
1690.0,74.33636832630152,509.07629480575554,16.371888662861878
1691.0,75.0625110842661,509.05523283472974,16.372223337623147
1692.0,75.63619902308463,509.0339651232559,16.372557954337775
1693.0,75.27693341130019,509.012534866866,16.372892512974538
1694.0,76.2594308802249,508.9912064023995,16.37322701350223
1695.0,75.85112800027757,508.96959956365004,16.373561455889647
1696.0,75.26715548735113,508.94810841071666,16.373895840105583
1697.0,75.54637857516657,508.92678271666193,16.37423016611885
1698.0,74.662954836649,508.9053779093989,16.374564433898257
1699.0,74.95850809981033,508.88422340552853,16.37489864341262
1700.0,75.69145748891248,508.86298516156694,16.375232794630765
1701.0,75.8543337121947,508.84153924861175,16.375566887521508
1702.0,74.79961523108184,508.8200471873933,16.37590092205369
1703.0,73.46632245086337,508.7988539630778,16.376234898196152
1704.0,75.44430889157427,508.77803850505006,16.376568815917732
1705.0,74.9480628591815,508.7566626175308,16.37690267518728
1706.0,75.06453629637448,508.735427333054,16.377236475973653
1707.0,75.00954052082426,508.71415904777,16.37757021824571
1708.0,73.8682161566907,508.6929063446225,16.377903901972317
1709.0,75.85881982881905,508.6719770167114,16.37823752712234
1710.0,74.84228085060118,508.6504836844266,16.378571093664664
1711.0,75.47518203365199,508.6292783715189,16.378904601568163
1712.0,74.77626948563278,508.60789373660936,16.37923805080173
1713.0,73.86220908291769,508.5867071269218,16.379571441334257
1714.0,73.45191819373647,508.56577950101496,16.379904773134637
1715.0,75.31517742156962,508.5449681241934,16.38023804617178
1716.0,75.01678107784859,508.52362882392396,16.38057126041459
1717.0,74.82775344983996,508.5023740692852,16.38090441583199
1718.0,75.14036944764506,508.4811728724744,16.38123751239289
1719.0,74.83674747044871,508.45988310113097,16.381570550066222
1720.0,74.83608482348043,508.43867935601435,16.381903528820917
1721.0,75.74487387165713,508.4174757986476,16.382236448625907
1722.0,74.24914693031907,508.3960147510507,16.38256930945014
1723.0,76.55519113569608,508.37497749275377,16.382902111262563
1724.0,74.66056181603102,508.3532868552653,16.38323485403213
1725.0,75.58833527859653,508.33213302941743,16.383567537727792
1726.0,75.43402041770088,508.31071633442184,16.383900162318522
1727.0,75.0012658794739,508.28934336197017,16.384232727773288
1728.0,74.64591272084733,508.26809300330433,16.38456523406106
1729.0,75.31699838279798,508.2469433280334,16.38489768115082
1730.0,74.45905760470369,508.22560351182494,16.385230069011563
1731.0,75.15236036105132,508.20450677883696,16.385562397612272
1732.0,75.07158371270805,508.183213610068,16.38589466692195
1733.0,74.20892137651994,508.16194332801604,16.386226876909593
1734.0,76.29237850676873,508.14091746695937,16.386559027544216
1735.0,74.13037997689415,508.1193012930491,16.386891118794825
1736.0,75.12505118708643,508.098297685389,16.387223150630447
1737.0,73.92008502501821,508.0770122542193,16.38755512302011
1738.0,74.79928927797286,508.0560682301289,16.387887035932838
1739.0,75.21319240481048,508.0348750981668,16.388218889337665
1740.0,75.03452738970432,508.0135646936521,16.38855068320364
1741.0,75.82904038384184,507.9923049108917,16.388882417499804
1742.0,74.44687400009036,507.9708200161163,16.38921409219521
1743.0,75.12728496265706,507.94972673514957,16.389545707258925
1744.0,74.72626882420414,507.9284406710768,16.38987726266
1745.0,74.64636748429245,507.9072682282433,16.390208758367518
1746.0,74.60990474952233,507.88611842412274,16.390540194350546
1747.0,72.10138490204812,507.8649789511104,16.390871570578167
1748.0,74.81012108698151,507.84455022538816,16.39120288701946
1749.0,74.68952468832155,507.8233540244135,16.39153414364353
1750.0,76.20383701993438,507.80219199241844,16.39186534041946
1751.0,74.64455396273402,507.7806009052628,16.392196477316368
1752.0,74.22785371779698,507.7594516149734,16.39252755430335
1753.0,76.2012436130787,507.73842038975334,16.392858571349525
1754.0,75.16959244451743,507.71683003739633,16.393189528424013
1755.0,76.34420387293801,507.69553198620366,16.39352042549594
1756.0,75.41268715683398,507.6739011284397,16.393851262534437
1757.0,74.82699665354157,507.65253420041194,16.394182039508635
1758.0,74.80338246176848,507.6313332180268,16.394512756387684
1759.0,74.36252143659063,507.6101389263293,16.394843413140727
1760.0,74.62240916461353,507.58906954525554,16.39517400973692
1761.0,74.10791533471156,507.5679265293256,16.395504546145418
1762.0,75.27851210874722,507.5469292866474,16.395835022335394
1763.0,74.93236868735788,507.52560037488325,16.396165438276004
1764.0,74.64552610539896,507.5043695370885,16.396495793936438
1765.0,75.612772484004,507.48321997135866,16.39682608928587
1766.0,74.44207512145825,507.4617963524882,16.39715632429349
1767.0,74.20187803807836,507.44070443120376,16.397486498928487
1768.0,74.15198767174117,507.4196805657596,16.397816613160064
1769.0,74.0494519959944,507.39867083591935,16.39814666695742
1770.0,73.70546233622426,507.3776901578538,16.398476660289766
1771.0,74.56798047299175,507.35680694352516,16.39880659312632
1772.0,74.65741850593933,507.33567934905784,16.399136465436303
1773.0,74.3034983089784,507.3145264138145,16.39946627718894
1774.0,74.81823609515106,507.2934737559603,16.399796028353457
1775.0,75.98968860714949,507.27227525573335,16.400125718899105
1776.0,75.63922729574998,507.25074484396134,16.400455348795116
1777.0,75.04674248666069,507.22931372956083,16.400784918010743
1778.0,73.97069002353908,507.2080504858563,16.401114426515242
1779.0,74.31017967357175,507.187092123683,16.401443874277874
1780.0,74.88732742232399,507.16603757277545,16.401773261267902
1781.0,74.7521923404069,507.1448194966725,16.4021025874546
1782.0,74.41169851070315,507.1236397088427,16.402431852807247
1783.0,75.53740535879342,507.10255639426464,16.40276105729512
1784.0,74.4786263155267,507.081154129413,16.40309020088751
1785.0,75.29846575335263,507.06005185195687,16.40341928355372
1786.0,76.01286912398655,507.03871728666013,16.40374830526304
1787.0,75.26617824875858,507.01718030707497,16.40407726598478
1788.0,74.03001691284149,506.99585488990454,16.40440616568825
1789.0,74.46175590644782,506.9748797184459,16.40473500434277
1790.0,73.92556881589094,506.95378222093905,16.405063781917658
1791.0,75.1415771034589,506.9328366431079,16.40539249838225
1792.0,75.18304084117061,506.9115465295952,16.405721153705873
1793.0,73.56278151730868,506.8902446680236,16.40604974785787
1794.0,75.96164245294027,506.869401879927,16.406378280807587
1795.0,76.07023660130076,506.84787941456534,16.40670675252438
1796.0,74.5699569499843,506.82632618086166,16.407035162977596
1797.0,75.17432871557402,506.8051980263925,16.407363512136605
1798.0,74.8963122280944,506.7838986332564,16.407691799970774
1799.0,75.299732960369,506.76267801145843,16.408020026449478
1800.0,74.78169851763022,506.7413430871197,16.408348191542096
1801.0,75.50961435385851,506.72015493920634,16.408676295218015
1802.0,75.07905472479065,506.69876054847276,16.409004337446625
1803.0,75.0757248785384,506.6774881496341,16.409332318197322
1804.0,73.54856790255015,506.6562166942518,16.409660237439514
1805.0,75.33223471513887,506.6353779333461,16.409988095142605
1806.0,75.37079082808012,506.6140338001768,16.410315891276014
1807.0,74.67721956836589,506.5926787427755,16.410643625809154
1808.0,75.04700344549386,506.5715201972311,16.410971298711456
1809.0,75.42613025732453,506.5502568795883,16.411298909952354
1810.0,74.20021943449184,506.528886142682,16.41162645950128
1811.0,75.10542193271098,506.5078627471756,16.411953947327678
1812.0,75.51093139007692,506.48658287762794,16.412281373401
1813.0,76.27336760290864,506.4651881137341,16.4126087376907
1814.0,74.79218805084412,506.4435773262466,16.41293604016624
1815.0,74.85000817532992,506.4223862062989,16.413263280797082
1816.0,75.6526554851249,506.4011787039825,16.4135904595527
1817.0,75.52037953519823,506.3797437849284,16.413917576402568
1818.0,74.43016814371941,506.35834634406007,16.41424463131618
1819.0,75.34351834073635,506.33725779641935,16.414571624263015
1820.0,74.20690426522428,506.3159104662228,16.414898555212574
1821.0,74.31563502963341,506.29488517668096,16.415225424134352
1822.0,75.9875881210152,506.2738290800893,16.415552230997864
1823.0,75.5164188576482,506.25229926345503,16.415878975772614
1824.0,76.03217216318286,506.2309029447787,16.416205658428126
1825.0,74.78778882552625,506.20936049599914,16.416532278933925
1826.0,73.71543156657802,506.18817062249855,16.416858837259532
1827.0,74.6302617707108,506.16728458355465,16.417185333374494
1828.0,75.26351422637178,506.1461393427196,16.417511767248346
1829.0,73.39265124500112,506.1248146803555,16.417838138850634
1830.0,75.58392685534639,506.10402009583606,16.418164448150918
1831.0,74.09649684534406,506.0826046498937,16.418490695118752
1832.0,74.01273780781916,506.0616106424542,16.418816879723696
1833.0,74.78167024676415,506.04064036674197,16.419143001935332
1834.0,74.36060645664618,506.0194522268387,16.419469061723227
1835.0,75.86870819225041,505.99838338834275,16.419795059056966
1836.0,74.6971497707887,505.9768872543549,16.42012099390614
1837.0,75.10600375890196,505.95572306191985,16.420446866240336
1838.0,74.94531837541575,505.93444302752147,16.420772676029166
1839.0,74.52695146862236,505.9132085206485,16.42109842324222
1840.0,76.0772244912817,505.8920925510657,16.42142410784912
1841.0,74.26646555717821,505.87053733745984,16.421749729819478
1842.0,75.44288041708715,505.8494951722186,16.422075289122922
1843.0,73.86961844818161,505.8281196894338,16.422400785729074
1844.0,74.15123979691643,505.8071899642068,16.422726219607576
1845.0,74.25882763951766,505.7861804462643,16.423051590728065
1846.0,74.56662620507991,505.7651404450998,16.423376899060184
1847.0,75.97646438515926,505.7440132343417,16.423702144573593
1848.0,74.41543954247095,505.7224865694326,16.42402732723794
1849.0,75.55685817723524,505.70140219489554,16.4243524470229
1850.0,74.65868798636089,505.679994418412,16.42467750389814
1851.0,75.64409719418792,505.65884112348255,16.42500249783333
1852.0,75.10507069190567,505.6374086292775,16.425327428798155
1853.0,75.83938284733418,505.61612885924814,16.425652296762305
1854.0,75.7699911799611,505.594641034108,16.425977101695466
1855.0,74.04704659564972,505.5731728699404,16.426301843567348
1856.0,73.34394053298178,505.5521928734049,16.426626522347647
1857.0,76.1380066782897,505.5314120902539,16.42695113800608
1858.0,74.69119656245007,505.50983965502843,16.42727569051236
1859.0,76.22475685542142,505.48867714933573,16.427600179836208
1860.0,74.75480655532313,505.46708013489337,16.42792460594736
1861.0,74.17200256395309,505.4458996063693,16.42824896881555
1862.0,75.63467179122466,505.4248842056429,16.42857326841051
1863.0,75.8590252429115,505.4034543819687,16.42889750470199
1864.0,76.48355940150233,505.38196099148325,16.429221677659747
1865.0,75.59459810822395,505.36029064965277,16.42954578725353
1866.0,75.94466113886807,505.3388721801888,16.429869833453115
1867.0,75.23636372938762,505.31735452619944,16.430193816228265
1868.0,74.76793435059678,505.2960375564761,16.430517735548754
1869.0,75.65107923270271,505.2748533084101,16.430841591384368
1870.0,75.33281075454087,505.2534188359609,16.431165383704897
1871.0,75.74864220718167,505.2320745395804,16.43148911248013
1872.0,73.07545111880692,505.21061242428834,16.431812777679863
1873.0,74.62463751590556,505.18990771313804,16.43213637927391
1874.0,75.85689435656013,505.1687640658419,16.432459917232077
1875.0,75.55434198672877,505.14727127910754,16.432783391524186
1876.0,74.37267926133647,505.1258642155446,16.433106802120058
1877.0,74.21111954067975,505.10479195642057,16.43343014898952
1878.0,74.2674355106056,505.0837654725507,16.433753432102414
1879.0,74.54191332436086,505.0627230324893,16.43407665142857
1880.0,74.55109439416245,505.04160282371413,16.434399806937844
1881.0,74.37882538456678,505.0204800136358,16.43472289860009
1882.0,74.46975683837528,504.99940601311016,16.435045926385158
1883.0,73.75821460025637,504.9783062486726,16.43536889026292
1884.0,75.11837643533616,504.9574080878692,16.435691790203254
1885.0,75.19361591204952,504.93612454787916,16.43601462617602
1886.0,74.83062480584793,504.9148196900374,16.436337398151114
1887.0,74.61491679859608,504.8936176796758,16.43666010609842
1888.0,75.68638195950524,504.8724767865828,16.436982749987838
1889.0,75.20659801923438,504.8510323116943,16.437305329789258
1890.0,73.76842933384341,504.8297237755889,16.437627845472594
1891.0,75.28451158147391,504.8088227206109,16.43795029700776
1892.0,74.83133505919274,504.7874921089962,16.438272684364673
1893.0,75.2365532792064,504.76628989739606,16.438595007513257
1894.0,76.04963841782435,504.744972873967,16.43891726642344
1895.0,74.09550814950826,504.7234254764153,16.43923946106517
1896.0,75.44007673595026,504.70243174910627,16.439561591408378
1897.0,73.5932557864005,504.6810570606977,16.439883657423014
1898.0,75.17945473435127,504.6602056382249,16.440205659079037
1899.0,76.09538449076877,504.63890479271686,16.44052759634641
1900.0,74.6642364773686,504.61734443377776,16.44084946919509
1901.0,74.05550699244007,504.5961895667759,16.44117127759506
1902.0,74.24634526268015,504.57520717312804,16.441493021516294
1903.0,75.1288066757323,504.55417070863695,16.441814700928774
1904.0,74.30561030321188,504.5328842134121,16.442136315802497
1905.0,73.86054819428848,504.51183095715953,16.44245786610746
1906.0,76.0968242131761,504.4909038018379,16.442779351813662
1907.0,74.35425843277505,504.46934303497744,16.44310077289111
1908.0,73.01508585164386,504.4482759950882,16.443422129309823
1909.0,74.90770476059959,504.4275883874302,16.44374342103982
1910.0,74.07812302989862,504.406364537748,16.444064648051125
1911.0,74.7266214726277,504.3853757362229,16.44438581031378
1912.0,76.00476372139268,504.36420319347235,16.444706907797816
1913.0,75.072125138901,504.3426685104179,16.445027940473285
1914.0,74.30959532036798,504.3213980749619,16.44534890831023
1915.0,75.98330262229466,504.3003436896211,16.445669811278712
1916.0,75.2738727593312,504.2788150872115,16.445990649348797
1917.0,74.63747908977413,504.25748748992964,16.446311422490552
1918.0,73.7150947411097,504.2363402041875,16.44663213067405
1919.0,74.52676514211431,504.2154542606776,16.446952773869377
1920.0,75.40872912631603,504.19433834388735,16.44727335204661
1921.0,76.16902245182547,504.1729725373015,16.44759386517586
1922.0,75.16382011273448,504.1513913142735,16.447914313227216
1923.0,75.55376201525225,504.13009489857495,16.448234696170783
1924.0,75.59503347087389,504.10868799933723,16.448555013976673
1925.0,74.90706268228479,504.08726940652053,16.44887526661501
1926.0,73.90668709972755,504.0660457387605,16.44919545405591
1927.0,75.28337089391499,504.04510551074895,16.44951557626951
1928.0,74.9989580022055,504.023775222329,16.449835633225938
1929.0,76.32350087425755,504.0025255175617,16.45015562489534
1930.0,74.98079154804552,503.98090052564737,16.45047555124787
1931.0,75.53666556117169,503.95965596804206,16.450795412253672
1932.0,74.70708251048485,503.9382539127997,16.451115207882918
1933.0,75.09166102483259,503.9170869060884,16.451434938105766
1934.0,74.95492589355595,503.89581093546474,16.45175460289239
1935.0,74.89624838940682,503.8745737064615,16.45207420221297
1936.0,76.09483400851516,503.8533531027512,16.452393736037692
1937.0,73.19665039292033,503.83179289978216,16.452713204336746
1938.0,74.54703428770874,503.81105384883745,16.453032607080328
1939.0,75.41066212730868,503.7899321891226,16.45335194423864
1940.0,75.12886949899558,503.7685658348532,16.4536712157819
1941.0,74.90145416741113,503.7472793218285,16.453990421680306
1942.0,75.05503226163151,503.7260572431477,16.454309561904097
1943.0,74.71670616845452,503.70479165067354,16.454628636423493
1944.0,75.49287111132527,503.6836219172592,16.45494764520873
1945.0,73.76525230418221,503.66223227044435,16.455266588230046
1946.0,74.39058726058211,503.6413321156248,16.455585465457688
1947.0,76.30780343916149,503.6202547825676,16.455904276861908
1948.0,74.7734201156852,503.5986342382599,16.456223022412964
1949.0,75.99652386914532,503.5774484358938,16.45654170208112
1950.0,73.91873242909928,503.5559160874642,16.456860315836654
1951.0,74.84623640235733,503.5349724466093,16.45717886364983
1952.0,75.23035193686968,503.5137660129619,16.45749734549094
1953.0,74.69717232072675,503.49245074657983,16.45781576133027
1954.0,73.99234063056576,503.4712865477556,16.458134111138115
1955.0,75.12089763902567,503.45032205124363,16.45845239488478
1956.0,74.98632910632699,503.42903779691255,16.45877061254057
1957.0,75.81472102565323,503.4077916703325,16.459088764075798
1958.0,75.20468165362371,503.38631083270855,16.459406849460784
1959.0,75.07106665486285,503.36500283957326,16.45972486866585
1960.0,75.63664567607164,503.3437327040211,16.46004282166134
1961.0,75.50135230639859,503.3223023210796,16.460360708417582
1962.0,75.7514469748357,503.3009102712594,16.460678528904925
1963.0,74.51541752072238,503.2794473612832,16.46099628309372
1964.0,74.40482560193871,503.2583346596523,16.461313970954325
1965.0,75.81887861149441,503.23725329239846,16.461631592457096
1966.0,75.3200228047197,503.2157712767919,16.46194914757241
1967.0,76.60857822435075,503.1944306036638,16.46226663627064
1968.0,73.3840481370451,503.1727248398336,16.462584058522168
1969.0,74.80189007064803,503.15193269286146,16.46290141429738
1970.0,75.24769307659399,503.1307388240081,16.463218703566675
1971.0,74.29172673443856,503.10941864430305,16.46353592630045
1972.0,74.89514204991886,503.0883693217283,16.46385308246911
1973.0,75.52631934141206,503.0671490314808,16.464170172043072
1974.0,75.39421183646239,503.0457499076674,16.464487194992753
1975.0,73.7497897260483,503.0243882143138,16.46480415128858
1976.0,72.45779550834844,503.00349244055803,16.465121040900975
1977.0,75.37575850576405,502.9829627318307,16.465437863800386
1978.0,75.16895204174159,502.96160626692074,16.46575461995726
1979.0,74.97419197707417,502.94030839717556,16.466071309342034
1980.0,74.33337699710972,502.9190657094487,16.466387931925173
1981.0,75.02925952725946,502.8980045859662,16.466704487677138
1982.0,74.72293220966303,502.87674629576685,16.4670209765684
1983.0,74.11004348266403,502.8555747983074,16.46733739856943
1984.0,75.67220568779315,502.83457695265395,16.467653753650712
1985.0,74.28757946130918,502.8131364943758,16.46797004178273
1986.0,74.00011828214734,502.7920883468617,16.468286262935983
1987.0,75.9246098906495,502.7711216466818,16.46860241708097
1988.0,75.79275987475953,502.74960967387943,16.468918504188192
1989.0,76.68218387985297,502.7281350585816,16.469234524228167
1990.0,74.80949239733316,502.7064084398157,16.46955047717141
1991.0,73.7592760176669,502.6852124169697,16.46986636298845
1992.0,74.10521604328625,502.6643139554314,16.470182181649818
1993.0,74.7390931469725,502.6433174775525,16.470497933126047
1994.0,74.86768981740772,502.6221414011608,16.470813617387684
1995.0,73.53490292353808,502.6009288890459,16.471129234405282
1996.0,75.19235245950823,502.5800939998842,16.471444784149387
1997.0,74.36916118683625,502.5587895000207,16.471760266590575
1998.0,74.95554397921747,502.53771823768443,16.47207568169941
1999.0,76.40503061997195,502.51648083355695,16.472391029446463
2000.0,74.68768437689593,502.49483274154795,16.472706309802316
2001.0,76.48538620960359,502.47367123097456,16.473021522737564
2002.0,74.98778056414605,502.4520003715485,16.473336668222796
2003.0,75.19482496647746,502.430753833722,16.473651746228608
2004.0,75.49860163631931,502.40944863331475,16.47396675672562
2005.0,75.32456869051907,502.3880573628512,16.47428169968443
2006.0,74.90533251004412,502.3667154017222,16.474596575075665
2007.0,74.78853267496285,502.3454922241777,16.474911382869948
2008.0,75.63437467167086,502.3243021399198,16.47522612303791
2009.0,74.21220960761119,502.3028724004295,16.475540795550195
2010.0,73.630529873405,502.2818456077073,16.475855400377444
2011.0,75.07233465946494,502.2609836242432,16.476169937490308
2012.0,75.5042897382993,502.239713129423,16.47648440685944
2013.0,75.37009522861949,502.2183202473305,16.47679880845551
2014.0,75.42469439509698,502.1969653870157,16.477113142249184
2015.0,76.29252591624473,502.1755950569371,16.47742740821114
2016.0,74.74764478507235,502.1539788412608,16.47774160631206
2017.0,76.11826157984072,502.132800341905,16.478055736522627
2018.0,75.44943938918077,502.1112335011241,16.478369798813546
2019.0,73.80934227125114,502.08985615996386,16.47868379315551
2020.0,75.17698378124665,502.06894351298695,16.478997719519235
2021.0,75.8593620193984,502.0476433675823,16.479311577875425
2022.0,74.77966142632079,502.0261498816768,16.47962536819481
2023.0,75.18431648165003,502.00496231093933,16.479939090448113
2024.0,76.5557525714119,501.9836600879362,16.480252744606066
2025.0,74.71082203359673,501.9619692913743,16.48056633063941
2026.0,76.29966351346812,501.94080122513145,16.480879848518885
2027.0,74.6947242065264,501.91918298713597,16.481193298215253
2028.0,74.85826190285539,501.8980194819442,16.48150667969927
2029.0,75.6862182911172,501.87680964107165,16.48181999294169
2030.0,76.13736885148406,501.85536521255585,16.482133237913303
2031.0,73.5490932107499,501.83379295804787,16.48244641458487
2032.0,75.22306103955744,501.81295404830485,16.482759522927186
2033.0,74.97428408723421,501.79164084767694,16.483072562911037
2034.0,75.29772498957814,501.77039813385227,16.483385534507217
2035.0,74.3835153134162,501.74906377843854,16.483698437686535
2036.0,75.31474755046375,501.72798844909977,16.4840112724198
2037.0,74.68375394218515,501.7066492706271,16.484324038677823
2038.0,74.61193506241061,501.68548887367683,16.484636736431426
2039.0,74.4974289456365,501.6643488254092,16.484949365651442
2040.0,74.74063762689636,501.64324122054126,16.48526192630871
2041.0,74.1840365434024,501.62206470654695,16.48557441837406
2042.0,74.2735063677403,501.60104589619294,16.48588684181835
2043.0,75.88545160203195,501.58000173605546,16.48619919661243
2044.0,75.9197736197898,501.5585008581016,16.48651148272716
2045.0,74.93553361582163,501.536990255576,16.48682370013341
2046.0,74.8846891433081,501.51575852105145,16.487135848802048
2047.0,74.53424170631668,501.4945411924608,16.48744792870396
2048.0,75.97203195431763,501.4734231573107,16.487759939810033
2049.0,74.59669559444029,501.451897748257,16.488071882091155
2050.0,75.82025671888958,501.43076201783856,16.488383755518225
2051.0,74.94416582410507,501.40927961176817,16.488695560062155
2052.0,75.35429008575147,501.3880454314514,16.48900729569385
2053.0,76.25351413654099,501.36669504926044,16.489318962384232
2054.0,74.7373866348106,501.34508988692176,16.489630560104224
2055.0,74.37953827385044,501.32391429404186,16.489942088824762
2056.0,75.74495435211078,501.302840091531,16.490253548516772
2057.0,74.43626227280149,501.28137902113116,16.490564939151216
2058.0,75.57809130552683,501.2602887468206,16.49087626069903
2059.0,74.74265289372572,501.238874954284,16.491187513131177
2060.0,74.51472285073739,501.2176978692974,16.49149869641862
2061.0,75.42570701128173,501.19658536448975,16.491809810532327
2062.0,75.16321256851613,501.1752147475032,16.492120855443282
2063.0,75.56275977766646,501.1539185039422,16.492431831122456
2064.0,74.44363417548024,501.13250905533846,16.492742737540848
2065.0,75.3255068017247,501.1114166923221,16.49305357466945
2066.0,75.12547427231692,501.09007446539493,16.49336434247926
2067.0,74.5769244810208,501.0687889143511,16.493675040941298
2068.0,75.26615903305904,501.0476587857481,16.493985670026568
2069.0,75.31941706126068,501.0263333740221,16.494296229706098
2070.0,75.06632780568637,501.00499287252137,16.494606719950912
2071.0,75.38173205234288,500.98372407964314,16.494917140732053
2072.0,73.8023802315384,500.9623659222283,16.49522749202055
2073.0,75.19410302620001,500.94145524782937,16.495537773787458
2074.0,75.7617117100851,500.9201502519719,16.49584798600383
2075.0,75.00798504859833,500.89868443365407,16.49615812864073
2076.0,74.46036552096487,500.8774321712237,16.49646820166922
2077.0,74.00385914630273,500.8563350676594,16.496778205060377
2078.0,75.331476263621,500.83536730756794,16.497088138785276
2079.0,74.52589696052009,500.81402338929325,16.497398002815007
2080.0,75.43833011008434,500.79290771848775,16.497707797120665
2081.0,75.85944916246468,500.77153352495657,16.498017521673347
2082.0,74.63794926538966,500.75004001436054,16.498327176444157
2083.0,75.08571828485351,500.72889259540204,16.49863676140421
2084.0,75.08248521823324,500.70761830855463,16.498946276524627
2085.0,75.24054656422751,500.68634493774283,16.49925572177653
2086.0,75.2779757186014,500.66502678288293,16.499565097131057
2087.0,76.51651940024357,500.643698023096,16.49987440255934
2088.0,74.91301105436408,500.6220183425993,16.500183638032528
2089.0,76.2278826339751,500.6007929894672,16.50049280352177
2090.0,74.7130715269202,500.57919508938755,16.500801898998226
2091.0,75.48086368370112,500.5580263857883,16.50111092443306
2092.0,75.51974432746819,500.5366401410779,16.501419879797446
2093.0,73.7892728349173,500.5152428801851,16.501728765062555
2094.0,75.64730734414927,500.4943359195485,16.502037580199584
2095.0,76.75039237002203,500.472902515801,16.50234632517971
2096.0,74.46444712910136,500.4511565712962,16.502654999974137
2097.0,74.4262930083419,500.4300583112763,16.50296360455407
2098.0,74.42562146522903,500.4089708615906,16.50327213889072
2099.0,74.97809336614915,500.3878836021754,16.503580602955296
2100.0,75.89805808054291,500.3666398090551,16.50388899671903
2101.0,75.34423359208549,500.34513535926556,16.504197320153153
2102.0,76.15096560492914,500.3237878264145,16.504505573228894
2103.0,75.18098347651201,500.3022117194931,16.504813755917507
2104.0,75.42142611877325,500.28091044084135,16.50512186819023
2105.0,75.4958517248391,500.2595410367744,16.50542991001833
2106.0,74.71933453833539,500.23815054545236,16.505737881373065
2107.0,75.74871537107116,500.21698006733317,16.5060457822257
2108.0,76.0780156210135,500.1955179313114,16.506353612547525
2109.0,75.2030120736395,500.1739624935521,16.506661372309807
2110.0,75.23427819997501,500.15265497346456,16.506969061483847
2111.0,74.9108058059949,500.13133859464125,16.507276680040935
2112.0,75.3735352579465,500.1101138663295,16.507584227952375
2113.0,75.00283849203244,500.0887580313398,16.507891705189476
2114.0,74.99448193192787,500.06750722710035,16.508199111723556
2115.0,74.73022823736432,500.04625879055294,16.508506447525935
2116.0,75.2999873464304,500.02508522588573,16.508813712567942
2117.0,75.18807353714244,500.0037502294709,16.50912090682091
2118.0,75.45656657513823,499.9824469419687,16.509428030256185
2119.0,74.88918615545538,499.96106758143907,16.509735082845115
2120.0,75.49997774903025,499.939848978695,16.510042064559055
2121.0,74.5844678486282,499.9184573183328,16.510348975369368
2122.0,76.23320197071958,499.89732505244234,16.51065581524742
2123.0,74.481662441217,499.8757256452173,16.51096258416459
2124.0,75.06195551161741,499.8546225075257,16.511269282092254
2125.0,75.21627681997522,499.833354953464,16.51157590900181
2126.0,74.68617618181165,499.8120436750317,16.51188246486464
2127.0,75.55254321107833,499.7908825917802,16.512188949652156
2128.0,74.9083289248836,499.7694760378704,16.512495363335763
2129.0,74.18160493259893,499.74825201134166,16.512801705886876
2130.0,75.97126185986177,499.72723388994405,16.513107977276917
2131.0,73.4386885816648,499.7057086990838,16.513414177477312
2132.0,74.73975252330848,499.6849010706523,16.513720306459497
2133.0,75.71105945350946,499.66372480743735,16.514026364194915
2134.0,74.56073157068127,499.6422733405922,16.514332350655017
2135.0,75.84996330131929,499.6211477999806,16.51463826581125
2136.0,74.60877393393079,499.5996569770452,16.514944109635078
2137.0,76.2231327584952,499.57851782443055,16.515249882097976
2138.0,73.87966644811517,499.55692127014896,16.51555558317141
2139.0,74.21821895931305,499.53598869798867,16.515861212826863
2140.0,74.92695412026036,499.5149602026169,16.516166771035827
2141.0,73.8972198006255,499.4937308989495,16.516472257769795
2142.0,74.78482173765416,499.4727933533393,16.51677767300027
2143.0,74.38934002766493,499.45160432051364,16.517083016698752
2144.0,75.23715246471083,499.4305273408391,16.51738828883677
2145.0,75.78878558016355,499.40921014764075,16.51769348938583
2146.0,74.72747564930052,499.38773665839307,16.517998618317474
2147.0,74.83895763807011,499.36656387362575,16.518303675603224
2148.0,74.83989970439289,499.34535950229497,16.518608661214635
2149.0,74.47637452003863,499.3241548640454,16.518913575123243
2150.0,74.58725473637644,499.30305322459805,16.519218417300607
2151.0,74.41138949911678,499.2819201690894,16.519523187718292
2152.0,74.2086953032335,499.26083694206466,16.519827886347862
2153.0,74.78297387295991,499.23981114506205,16.520132513160895
2154.0,74.19049711076096,499.21862263579806,16.52043706812897
2155.0,73.11821430961785,499.19760199495005,16.52074155122368
2156.0,75.07526464441156,499.1768851675623,16.52104596241661
2157.0,75.032726487547,499.1556138425797,16.521350301679377
2158.0,74.94839215980531,499.13435457007495,16.521654568983575
2159.0,75.72590798121703,499.1131191922963,16.521958764300827
2160.0,74.67352577999954,499.0916635183683,16.52226288760275
2161.0,76.44806435207236,499.07050601939727,16.522566938860976
2162.0,73.06144500824557,499.04884573449755,16.522870918047143
2163.0,76.00618669301153,499.0281449917452,16.52317482513289
2164.0,75.609329353219,499.0066099055155,16.52347866008986
2165.0,75.5174733113881,498.9851872621988,16.523782422889724
2166.0,74.4410458959428,498.96379064476054,16.524086113504126
2167.0,74.5213087991589,498.94269901509,16.524389731904744
2168.0,75.4072549888127,498.9215846442636,16.524693278063257
2169.0,76.05318368998289,498.9002192553501,16.524996751951345
2170.0,76.44260036333884,498.8786708533046,16.52530015354069
2171.0,76.38501336693922,498.85701211653503,16.525603482803
2172.0,73.88708847104249,498.835369696081,16.525906739709967
2173.0,74.14533321844533,498.8144350210143,16.526209924233306
2174.0,74.46271557170816,498.79342717660234,16.526513036344735
2175.0,75.50163580403859,498.77232940719034,16.52681607601597
2176.0,74.54314390391302,498.7509372770459,16.527119043218747
2177.0,74.89788345585687,498.7298167196064,16.527421937924796
2178.0,76.48381400454403,498.7085956526273,16.52772476010587
2179.0,75.1052759010349,498.68692523865934,16.52802750973371
2180.0,74.14206644963286,498.6656454104874,16.528330186780078
2181.0,75.57518522719562,498.64463849166,16.528632791216733
2182.0,74.41525869379839,498.62322552251226,16.528935323015453
2183.0,74.73996234401008,498.6021411992157,16.529237782148005
2184.0,73.81538762686849,498.58096487655155,16.52954016858618
2185.0,76.11008766778885,498.56005051672395,16.52984248230177
2186.0,75.98708446233746,498.5384859918847,16.530144723266567
2187.0,75.37464471117549,498.51695631795377,16.530446891452375
2188.0,73.98355616779514,498.49560016861886,16.53074898683101
2189.0,75.52403954028436,498.474638161038,16.531051009374288
2190.0,75.08531752352788,498.4532396831683,16.53135295905403
2191.0,74.53829923504651,498.43196550986994,16.53165483584207
2192.0,74.90624720998876,498.4108463250867,16.53195663971025
2193.0,74.17484815979536,498.3896228883772,16.532258370630405
2194.0,74.70165293109791,498.3686066813986,16.532560028574398
2195.0,74.79332513822581,498.3474412130681,16.532861613514083
2196.0,74.98815165782769,498.3262497709456,16.53316312542132
2197.0,75.09762907493752,498.3050031279759,16.53346456426799
2198.0,74.66033267961855,498.28372546640463,16.533765930025968
2199.0,75.42014902230818,498.26257170547876,16.53406722266714
2200.0,73.94161288138264,498.24120266325576,16.5343684421634
2201.0,73.61471276664778,498.22025253960607,16.534669588486647
2202.0,73.87915612544647,498.1993950376555,16.534970661608785
2203.0,75.41345275374441,498.1784626100866,16.535271661501728
2204.0,74.0421600666138,498.1570954651397,16.5355725881374
2205.0,75.07850643698949,498.1361168531209,16.535873441487723
2206.0,74.65838247605927,498.1148446096304,16.536174221524632
2207.0,76.23223175660081,498.09369140126216,16.53647492822007
2208.0,74.21961567359216,498.0720922689311,16.53677556154598
2209.0,74.18863665478024,498.0510633778236,16.53707612147432
2210.0,75.17884816157736,498.03004326410473,16.53737660797705
2211.0,75.00100592218503,498.00874259045895,16.537677021026134
2212.0,75.25759753352833,497.9874923054477,16.537977360593555
2213.0,74.76783341582633,497.96616931947983,16.538277626651286
2214.0,74.51773212704944,497.94498510001205,16.53857781917132
2215.0,74.534010348453,497.923871742576,16.53887793812565
2216.0,75.93356533820992,497.9027537729773,16.539177983486283
2217.0,76.72195625541303,497.88123926279815,16.539477955225223
2218.0,74.33533905621263,497.85950137519245,16.539777853314487
2219.0,76.03496897034124,497.8384396957932,16.5400776777261
2220.0,75.79852590695228,497.81689645458493,16.54037742843209
2221.0,75.57705673317248,497.79542020557795,16.54067710540449
2222.0,74.83213190574527,497.7740067061702,16.540976708615354
2223.0,75.1215237589537,497.7528042687969,16.54127623803672
2224.0,75.18796977012502,497.7315198370652,16.541575693640652
2225.0,75.37339538500919,497.7102165789637,16.54187507539921
2226.0,75.0057864118517,497.6888607836046,16.542174383284475
2227.0,74.0141860307217,497.66760914412123,16.54247361726851
2228.0,74.87271321904049,497.6466384580792,16.54277277732341
2229.0,75.08980812609882,497.6254245226671,16.543071863421265
2230.0,74.64454093472436,497.6041490770314,16.54337087553417
2231.0,75.42157213735496,497.5829997904333,16.54366981363423
2232.0,74.89614325358781,497.56163034499434,16.543968677693563
2233.0,74.94639697301258,497.54040977107246,16.544267467684286
2234.0,75.05432985374011,497.51917495859675,16.544566183578524
2235.0,75.12345088495425,497.49790956513823,16.544864825348412
2236.0,75.56589264123065,497.47662458738745,16.54516339296609
2237.0,74.7125309718248,497.4552142511391,16.545461886403697
2238.0,73.05502468208327,497.43404570069714,16.545760305633397
2239.0,75.30713361116449,497.41334677703725,16.546058650627344
2240.0,74.18079926971318,497.39200975584737,16.546356921357713
2241.0,74.58290537632877,497.3709918627209,16.54665511779667
2242.0,74.79234426069088,497.349860039531,16.546953239916405
2243.0,74.69334572878778,497.32866887532384,16.5472512876891
2244.0,75.73645805246487,497.3075057607006,16.547549261086953
2245.0,75.81185541489879,497.28604709758577,16.547847160082163
2246.0,74.3423819791965,497.2645670718849,16.548144984646946
2247.0,73.92429373859716,497.2435033969908,16.54844273475351
2248.0,76.10033293850546,497.2225581804315,16.54874041037409
2249.0,73.99760415691073,497.2009964194323,16.549038011480903
2250.0,73.77571256509738,497.18003043158785,16.549335538046194
2251.0,75.43809581861514,497.15912731302774,16.549632990042205
2252.0,74.9896106019996,497.1377531858791,16.549930367441185
2253.0,74.73308100101575,497.11650612954185,16.550227670215392
2254.0,75.35557358030961,497.0953317565916,16.550524898337095
2255.0,74.21993137257512,497.0739810107438,16.550822051778564
2256.0,73.92076131079263,497.05295203018824,16.551119130512078
2257.0,73.86989889035061,497.03200781448356,16.55141613450992
2258.0,75.29183283042848,497.0110780097979,16.551713063744387
2259.0,75.14996474720446,496.9897453238293,16.552009918187775
2260.0,74.62490353994767,496.9684528338176,16.55230669781239
2261.0,73.79919042932514,496.94730911114794,16.55260340259055
2262.0,75.18247875333579,496.9263993405263,16.552900032494577
2263.0,74.20260981368118,496.90509763821285,16.55319658749679
2264.0,75.01891179835432,496.88407356543235,16.553493067569534
2265.0,76.90069054891617,496.86281820708945,16.553789472685143
2266.0,74.67499458167487,496.8410296781006,16.55408580281597
2267.0,76.45921039519784,496.8198717629691,16.554382057934365
2268.0,75.77045538141536,496.7982083200238,16.554678238012695
2269.0,75.99832398038424,496.7767400243324,16.554974343023336
2270.0,75.69734629399511,496.7552071658713,16.55527037293865
2271.0,74.78023620531222,496.7337595844213,16.555566327731032
2272.0,73.590593986101,496.7125718508298,16.55586220737287
2273.0,75.15585874713099,496.69172118253374,16.55615801183656
2274.0,74.57368502015429,496.6704270225554,16.556453741094508
2275.0,74.75174460175714,496.6492978117997,16.55674939511912
2276.0,76.00434549552585,496.62811815082915,16.557044973882828
2277.0,75.56402772675212,496.60658358627217,16.557340477358043
2278.0,75.28339873317384,496.5851737784162,16.55763590551721
2279.0,75.03330205414909,496.5638434821085,16.557931258332754
2280.0,74.17912016541256,496.5425840465265,16.558226535777138
2281.0,75.11670106095346,496.52156662914626,16.558521737822808
2282.0,75.50065265078226,496.50028356384564,16.558816864442228
2283.0,76.40207879052474,496.4788917122613,16.559111915607858
2284.0,74.43217548749271,496.457244456604,16.559406891292184
2285.0,75.1171533389129,496.43615534021586,16.559701791467678
2286.0,75.59078849385821,496.4148721467698,16.559996616106833
2287.0,75.75978159757818,496.39345475669654,16.56029136518215
2288.0,74.63140779118861,496.3719894852439,16.560586038666123
2289.0,74.59152526031757,496.3508439197031,16.56088063653127
2290.0,73.6274190038304,496.32970965421265,16.561175158750103
2291.0,76.15638109260323,496.3088485521615,16.56146960529515
2292.0,75.26462722456314,496.287270910852,16.56176397613894
2293.0,75.37399315870684,496.26594593313837,16.562058271254013
2294.0,74.90448953946672,496.2445899684101,16.562352490612913
2295.0,76.1725581329471,496.2233670297072,16.562646634188194
2296.0,75.05486604373652,496.2017848049029,16.562940701952414
2297.0,74.92334712665185,496.1805192595238,16.563234693878144
2298.0,73.81503115046755,496.15929097783794,16.56352860993795
2299.0,75.38525391110285,496.13837671901194,16.563822450104418
2300.0,73.73097374752963,496.11701756373714,16.564116214350136
2301.0,75.38974753340536,496.09612712117536,16.564409902647697
2302.0,74.81091819735711,496.07476669270756,16.564703514969704
2303.0,76.2738944281339,496.053570265885,16.564997051288767
2304.0,75.75594596663993,496.03195932913036,16.5652905115775
2305.0,74.26919004764669,496.0104951444398,16.56558389580853
2306.0,76.3387661499007,495.9894522072596,16.565877203954486
2307.0,75.01220235432628,495.9678228901838,16.566170435988003
2308.0,75.80402703367088,495.9465694328501,16.566463591881725
2309.0,73.31665922707256,495.92509162519053,16.56675667160831
2310.0,74.29088686412629,495.90431857174286,16.56704967514041
2311.0,74.13210557885213,495.8832694871314,16.567342602450697
2312.0,76.67252375810402,495.86226539055065,16.567635453511844
2313.0,75.73641759228147,495.84054150881923,16.567928228296523
2314.0,74.59390484428754,495.8190828571681,16.568220926777432
2315.0,74.11888440884137,495.7979479174622,16.568513548927257
2316.0,75.99106886733931,495.7769475668797,16.568806094718703
2317.0,75.46118217019392,495.75541676403395,16.569098564124474
2318.0,76.37486749667997,495.7340360957524,16.569390957117296
2319.0,75.62990365419022,495.7123965499616,16.569683273669888
2320.0,76.26220229044006,495.69096807725964,16.569975513754972
2321.0,74.90239126675783,495.66936045327736,16.570267677345292
2322.0,75.31841191212752,495.6481381090851,16.5705597644136
2323.0,76.20297347901322,495.6267978923767,16.570851774932628
2324.0,75.75414004015435,495.60520704989096,16.57114370887515
2325.0,74.71282389037839,495.58374337687957,16.57143556621393
2326.0,75.89339847893683,495.562574743444,16.571727346921733
2327.0,74.32133733516113,495.541071613875,16.572019050971353
2328.0,74.23838763569368,495.52001390162997,16.572310678335562
2329.0,74.41409645924116,495.4989796917999,16.572602228987165
2330.0,74.92019018981954,495.4778956978031,16.572893702898956
2331.0,74.41868898308881,495.45666831058264,16.573185100043748
2332.0,74.99019809297742,495.43558301537075,16.573476420394353
2333.0,74.49237468668123,495.41433579257773,16.5737676639236
2334.0,75.32576546249777,495.39322961974983,16.57405883060432
2335.0,74.09285415865246,495.37188731953546,16.574349920409343
2336.0,75.00472370303706,495.3508943441905,16.574640933311517
2337.0,75.53472831683503,495.329643005808,16.57493186928369
2338.0,74.5286091237529,495.3082414994516,16.575222728298726
2339.0,74.35343070403242,495.28712506019986,16.575513510329497
2340.0,75.10785550717964,495.2660582548337,16.57580421534886
2341.0,74.90335528121504,495.24477769577334,16.576094843329706
2342.0,75.18577482741979,495.22355507844367,16.576385394244923
2343.0,74.5470170036325,495.2022524422425,16.5766758680674
2344.0,75.94539802230841,495.1811307874248,16.57696626477005
2345.0,74.70778762782832,495.15961292465187,16.577256584325767
2346.0,74.42909121722319,495.1384457181573,16.577546826707476
2347.0,74.48422531227922,495.11735747564575,16.577836991888102
2348.0,74.54964333759285,495.0962536118073,16.57812707984057
2349.0,74.69367338201035,495.0751312128616,16.578417090537826
2350.0,75.4781005602651,495.0539680054034,16.578707023952806
2351.0,75.12213977237396,495.032582543578,16.578996880058472
2352.0,75.71943797157725,495.01129793730917,16.579286658827773
2353.0,75.515742005313,494.98984409655054,16.579576360233684
2354.0,72.97855400359427,494.96844796964905,16.57986598424917
2355.0,76.35273536172906,494.94777071268135,16.580155530847225
2356.0,75.17935451633893,494.9261374376622,16.580445000000832
2357.0,75.40887472394802,494.9048366205492,16.58073439168298
2358.0,73.97997263265029,494.8834707727108,16.58102370586668
2359.0,74.42343076550812,494.86250978046485,16.581312942524946
2360.0,74.80860086319699,494.84142314174795,16.58160210163078
2361.0,73.73120921330296,494.8202273715034,16.581891183157218
2362.0,74.42753358823158,494.79933686222626,16.58218018707729
2363.0,75.05919152623323,494.7782490610429,16.582469113364034
2364.0,74.88327233550966,494.7569822901105,16.5827579619905
2365.0,73.82179766685921,494.73576536294877,16.583046732929734
2366.0,74.49556661135664,494.7148491869432,16.583335426154804
2367.0,74.8916671017341,494.6937421097366,16.583624041638775
2368.0,75.152982585629,494.6725228040578,16.583912579354724
2369.0,76.18626763983342,494.65122945899185,16.58420103927573
2370.0,73.9436083420407,494.62964334982723,16.584489421374887
2371.0,74.83731741408921,494.60869266079703,16.584777725625287
2372.0,74.67754128091977,494.5874887541964,16.58506595200004
2373.0,76.23450000305714,494.5663301175001,16.585354100472255
2374.0,74.47801653359582,494.54473034249924,16.58564217101505
2375.0,76.15524954965055,494.5236282378147,16.585930163601553
2376.0,73.85743113095955,494.50205091710893,16.586218078204897
2377.0,75.18553009145626,494.48112464495523,16.58650591479822
2378.0,74.63419796604552,494.45982207809595,16.586793673354677
2379.0,74.92239764401863,494.4386757220056,16.587081353847417
2380.0,75.56814394494243,494.4174477093398,16.587368956249602
2381.0,74.70190625805797,494.396036735222,16.587656480534406
2382.0,75.0864736603876,494.3748711951156,16.587943926675003
2383.0,73.91958920510808,494.35359669424514,16.588231294644583
2384.0,74.7530021248465,494.33265281063706,16.588518584416327
2385.0,74.43489113133678,494.3114727933683,16.58880579596344
2386.0,75.21737268729073,494.2903829075478,16.589092929259134
2387.0,75.47095602453587,494.26907131861975,16.589379984276615
2388.0,75.20921186585394,494.2476878810794,16.589666960989103
2389.0,75.67458961159355,494.2263786043841,16.589953859369835
2390.0,75.10366734812082,494.2049374706608,16.590240679392036
2391.0,75.07478909952395,494.18365809824553,16.590527421028956
2392.0,75.63471371443013,494.16238690800066,16.59081408425384
2393.0,74.45262956460732,494.14095707244826,16.59110066903995
2394.0,75.29790232921737,494.11986216073825,16.59138717536055
2395.0,76.07519205367001,494.0985277550783,16.59167360318891
2396.0,74.26274948180853,494.07697311732977,16.59195995249831
2397.0,74.42971066677273,494.05593200497657,16.592246223262038
2398.0,75.01487848135152,494.03484358695437,16.592532415453388
2399.0,74.0378190284981,494.0135893713846,16.59281852904566
2400.0,75.2885892034441,493.9926119893266,16.59310456401216
2401.0,75.22442823369268,493.9712802223856,16.59339052032621
2402.0,76.5446883108996,493.949966634386,16.593676397961133
2403.0,74.4022906995426,493.92827897269797,16.593962196890256
2404.0,74.35225802631288,493.9071983236664,16.594247917086918
2405.0,75.29986872706274,493.8861318505589,16.594533558524464
2406.0,75.33422492400331,493.86479688775296,16.59481912117625
2407.0,74.70321878083394,493.84345219069115,16.595104605015635
2408.0,75.74050441434512,493.82228627870325,16.595390010015983
2409.0,75.32619530686266,493.80082646911916,16.595675336150673
2410.0,74.8882478534419,493.7794840471156,16.595960583393087
2411.0,74.54090452189055,493.7582657102238,16.59624575171661
2412.0,74.82168806678101,493.7371457872759,16.59653084109464
2413.0,75.42699134896365,493.71594630899034,16.596815851500587
2414.0,74.84096186377033,493.6945753281081,16.59710078290786
2415.0,73.61075970493134,493.6733703889134,16.597385635289868
2416.0,75.20048175047488,493.65251400699697,16.597670408620054
2417.0,74.73535193662909,493.6312072038344,16.597955102871843
2418.0,76.27330469095098,493.6100321874523,16.59823971801868
2419.0,75.017926480671,493.5884214177899,16.598524254034004
2420.0,75.54115271747675,493.5671663386203,16.598808710891284
2421.0,74.78999290652311,493.54576301201706,16.599093088563972
2422.0,74.6103570955829,493.5245725140269,16.599377387025545
2423.0,74.29592415371012,493.5034329128498,16.59966160624948
2424.0,75.47631425441944,493.48238240100625,16.59994574620926
2425.0,75.30849826067458,493.4609974453008,16.60022980687838
2426.0,74.6085122900663,493.43966003746027,16.600513788230344
2427.0,74.44122407434655,493.4185209589781,16.60079769023865
2428.0,74.17368773182599,493.3974292788237,16.601081512876824
2429.0,74.46312366205578,493.376413400633,16.60136525611838
2430.0,76.37333185619319,493.35531551559546,16.601648919936853
2431.0,74.50216924539501,493.33367640490286,16.60193250430578
2432.0,75.07346778091224,493.31256745695003,16.6022160091987
2433.0,75.26088835502577,493.29129664107876,16.602499434589166
2434.0,75.1562068056293,493.2699727227115,16.60278278045075
2435.0,74.96673611552731,493.24867846411655,16.603066046757004
2436.0,76.43035281037304,493.2274378888838,16.603349233481506
2437.0,75.07444036400796,493.2057826222542,16.60363234059784
2438.0,75.18077130380723,493.18451153081776,16.6039153680796
2439.0,75.30655185282822,493.16321031228165,16.604198315900373
2440.0,75.23423048532165,493.14187345592336,16.60448118403377
2441.0,73.22762009123862,493.1205570906192,16.604763972453398
2442.0,74.97687041388193,493.09980926492665,16.605046681132876
2443.0,75.90092312597316,493.07856581830936,16.605329310045835
2444.0,74.48226154502368,493.05706055675705,16.605611859165908
2445.0,75.07994543399303,493.03595724931927,16.605894328466732
2446.0,75.72311582519453,493.014684598113,16.606176717921958
2447.0,73.74076315276771,492.9932297152958,16.60645902750524
2448.0,74.04960000092665,492.97233649906923,16.60674125719025
2449.0,73.81708279260745,492.951355779069,16.607023406950645
2450.0,75.56820698860355,492.9304409389444,16.607305476760118
2451.0,74.88848628955562,492.9090299469643,16.607587466592346
2452.0,75.22066819815673,492.8878115425156,16.60786937642102
2453.0,74.9444264491631,492.8664990198594,16.608151206219855
2454.0,75.66591633782652,492.8452647656988,16.608432955962545
2455.0,75.61388642707917,492.8238260894031,16.60871462562281
2456.0,74.88940632744877,492.80240215491546,16.608996215174372
2457.0,74.3018209262686,492.7811834897893,16.609277724590967
2458.0,73.40223479576612,492.7601313071936,16.609559153846327
2459.0,75.88105782605892,492.7393340073348,16.609840502914206
2460.0,74.18459256659534,492.717834374284,16.610121771768352
2461.0,75.72775352143374,492.69681540639016,16.610402960382523
2462.0,74.3453484967359,492.67535920955913,16.61068406873049
2463.0,76.70651294708226,492.6542946941517,16.61096509678603
2464.0,75.97188981577916,492.63256118215,16.611246044522918
2465.0,74.38611265399308,492.61103581336886,16.61152691191496
2466.0,74.26323081696178,492.58995974811694,16.61180769893594
2467.0,75.41319128836487,492.56891849938546,16.61208840555967
2468.0,77.13630056672831,492.5475514285204,16.612369031759965
2469.0,74.36391320232896,492.5256961433599,16.61264957751064
2470.0,76.05201926482317,492.50462636795254,16.612930042785532
2471.0,73.64713571673053,492.48307829582745,16.613210427558464
2472.0,75.48452691117986,492.4622116073744,16.61349073180329
2473.0,75.50474155063749,492.4408243247496,16.61377095549385
2474.0,75.52954278219727,492.41943131464353,16.614051098604016
2475.0,74.78865083130917,492.3980312775219,16.614331161107643
2476.0,75.21668297116263,492.3768411597864,16.61461114297861
2477.0,74.71968749931713,492.35552976627787,16.61489104419079
2478.0,75.945657237202,492.33435918815314,16.61517086471808
2479.0,74.94586426346376,492.3128412519359,16.615450604534374
2480.0,74.68399301818795,492.29160659039457,16.615730263613575
2481.0,75.17827258087799,492.2704461257061,16.61600984192959
2482.0,74.73947960538979,492.2491456151415,16.616289339456337
2483.0,74.58939325389747,492.2279694292533,16.616568756167748
2484.0,73.61830419351742,492.20683576783136,16.616848092037756
2485.0,76.72214793985542,492.1859772483099,16.617127347040295
2486.0,75.26584926949974,492.16423930639354,16.61740652114932
2487.0,74.717286113049,492.1429139824339,16.617685614338786
2488.0,75.22621407280268,492.12174408470185,16.617964626582655
2489.0,75.38964696731452,492.10042999071453,16.6182435578549
2490.0,76.0167588803689,492.0790695907405,16.618522408129497
2491.0,74.23455204642373,492.0575315090577,16.618801177380433
2492.0,75.02205098482413,492.0364983859779,16.619079865581707
2493.0,75.04008038036868,492.01524213819886,16.61935847270731
2494.0,74.1534254367996,491.9939807820911,16.619636998731263
2495.0,74.80328887688707,491.97297064488396,16.619915443627576
2496.0,76.51182337115675,491.9517763797022,16.620193807370274
2497.0,75.10371048577963,491.93009802974706,16.62047208993339
2498.0,74.6517091796061,491.9088186451094,16.620750291290957
2499.0,75.64954845529459,491.88766732750855,16.62102841141703
2500.0,74.04561850617603,491.86623328877954,16.62130645028566
2501.0,75.38240936025045,491.84525369686946,16.62158440787091
2502.0,75.86539147623996,491.82389534755066,16.621862284146847
2503.0,75.06988442783296,491.8024001532991,16.622140079087554
2504.0,75.75659428290795,491.7811303527112,16.622417792667108
2505.0,75.45917623129645,491.75966598433104,16.622695424859604
2506.0,74.97419848381615,491.7382858843988,16.622972975639147
2507.0,75.63565389286735,491.7170431948285,16.62325044497984
2508.0,75.92172663975842,491.6956130928921,16.623527832855796
2509.0,75.49137254423808,491.67410193701085,16.623805139241146
2510.0,74.00411657329603,491.65271271478997,16.62408236411001
2511.0,75.17812867870909,491.6317448817609,16.62435950743653
2512.0,75.63943123464325,491.6104444119686,16.624636569194852
2513.0,75.22732937623034,491.5890132397854,16.624913549359132
2514.0,76.2857990507627,491.56769882979546,16.62519044790353
2515.0,76.32435467958004,491.5460845200645,16.625467264802214
2516.0,74.4933677243508,491.5244592862386,16.625744000029357
2517.0,75.93026835538116,491.50335283205,16.62602065355914
2518.0,74.96623554753988,491.481839256016,16.62629722536576
2519.0,74.85431171335821,491.46059882261085,16.62657371542342
2520.0,75.02256165526234,491.43939010095875,16.62685012370632
2521.0,74.54761264570902,491.41813370848973,16.62712645018867
2522.0,74.49745309621447,491.39701188490676,16.627402694844697
2523.0,76.25125903958431,491.37590427319617,16.627678857648633
2524.0,74.2480460552031,491.35429974980167,16.627954938574714
2525.0,74.51666920292661,491.33326280341936,16.62823093759718
2526.0,74.37621221523413,491.31214974714516,16.628506854690286
2527.0,75.74708415328001,491.29107648701756,16.62878268982829
2528.0,72.90818705289313,491.2696148131741,16.629058442985468
2529.0,73.84421410308858,491.2489574935091,16.629334114136082
2530.0,75.52208784624841,491.2280349661799,16.629609703254427
2531.0,74.3281774591794,491.20663704129015,16.62988521031479
2532.0,73.61516079289841,491.18557739101004,16.63016063529146
2533.0,74.75186481918092,491.1647197621187,16.630435978158758
2534.0,75.7845687123482,491.14354006708663,16.63071123889099
2535.0,73.6482197431633,491.1220677726181,16.63098641746247
2536.0,74.7890916110131,491.1012007770242,16.63126151384754
2537.0,74.4783708652388,491.0800105344011,16.631536528020526
2538.0,74.56787672740782,491.0589083293226,16.63181145995578
2539.0,74.86583850539243,491.0377807642498,16.632086309627653
2540.0,74.3816181154043,491.0165687766733,16.6323610770105
2541.0,75.61952768507757,490.995493984874,16.632635762078685
2542.0,75.90534613646629,490.9740684520298,16.632910364806598
2543.0,73.26169604395271,490.9525619372912,16.633184885168603
2544.0,74.69041430787813,490.93180445674534,16.633459323139107
2545.0,74.60027488112043,490.91064217269144,16.63373367869249
2546.0,76.55818855963518,490.88950542814183,16.634007951803174
2547.0,73.50301480834419,490.86781394138325,16.634282142445564
2548.0,75.21914692992844,490.8469880871876,16.634556250594084
2549.0,75.27706313852575,490.82567599555745,16.634830276223163
2550.0,75.82644344547819,490.8043474943348,16.635104219307234
2551.0,73.71448665763745,490.7828633353586,16.63537807982074
2552.0,73.43676624685786,490.761977564139,16.635651857738143
2553.0,74.10971568469044,490.74117048036896,16.63592555303389
2554.0,74.10402255313086,490.7201727275917,16.636199165682456
2555.0,74.12099881740127,490.6991765878683,16.63647269565831
2556.0,75.65252993321887,490.6781756382034,16.63674614293594
2557.0,74.35714287339893,490.6567407547223,16.637019507489835
2558.0,74.56826615176084,490.6356728975748,16.637292789294495
2559.0,75.13255628779697,490.6145452221652,16.637565988324422
2560.0,75.63071380820995,490.59325766455026,16.63783910455413
2561.0,73.55840717525385,490.5718289623046,16.638112137958142
2562.0,74.60988041144851,490.550987413605,16.638385088510987
2563.0,74.97444851747684,490.5298479474884,16.638657956187195
2564.0,75.02137037395646,490.50860518707515,16.63893074096132
2565.0,75.63617178929152,490.4873491321358,16.63920344280791
2566.0,74.44996307767926,490.4659188834622,16.63947606170153
2567.0,75.43866107858679,490.44482472725684,16.639748597616734
2568.0,75.50319202963192,490.42345043995124,16.640021050528116
2569.0,74.95592870279103,490.40205786887617,16.64029342041024
2570.0,74.81162012019063,490.3808203557437,16.640565707237712
2571.0,74.08347902279466,490.35962373004304,16.640837910985123
2572.0,77.113460107389,490.3386334109866,16.641110031627083
2573.0,75.35913429340569,490.3167845972895,16.641382069138203
2574.0,75.80018827480853,490.29543284257295,16.641654023493107
2575.0,74.67194567781404,490.27395612256174,16.641925894666425
2576.0,74.44158306960423,490.2527990712864,16.642197682632787
2577.0,74.63083351720299,490.2317072894167,16.64246938736685
2578.0,74.31080036584746,490.2105618865868,16.64274100884326
2579.0,74.79812443826636,490.18950715981646,16.64301254703668
2580.0,76.71543491541775,490.1683143578923,16.643284001921774
2581.0,74.64576079883398,490.1465783179996,16.643555373473227
2582.0,74.64217124908419,490.1254286857733,16.643826661665713
2583.0,76.00606150125171,490.10428007058607,16.644097866473928
2584.0,75.66409919048486,490.0827450198273,16.644368987872575
2585.0,76.20581561841382,490.0613068583901,16.64464002583636
2586.0,74.30722131174053,490.03971521063147,16.64491098033999
2587.0,75.73583432921757,490.0186614979265,16.6451818513582
2588.0,76.3392469077141,489.9972030115332,16.64545263886571
2589.0,75.04818392456218,489.9755735582427,16.645723342837268
2590.0,74.97196390626516,489.95430990613073,16.645993963247612
2591.0,74.86986557900293,489.93306784969064,16.646264500071503
2592.0,76.27571296633944,489.9118547211099,16.646534953283698
2593.0,75.37937801252376,489.89024326910277,16.64680532285897
2594.0,74.67581765549853,489.86888577866586,16.647075608772095
2595.0,74.94193024369243,489.84772763033016,16.647345810997855
2596.0,74.75885657401649,489.82649408342775,16.647615929511048
2597.0,75.26409735679886,489.8053124073985,16.647885964286473
2598.0,74.61394422026301,489.7839875798141,16.64815591529894
2599.0,75.22939602958915,489.762846962285,16.64842578252326
2600.0,74.8854305328448,489.74153196674325,16.64869556593427
2601.0,74.53292039863122,489.7203144280923,16.648965265506785
2602.0,76.46501499277046,489.69919676731274,16.64923488121566
2603.0,75.6867819825646,489.6775316797314,16.649504413035732
2604.0,74.6080644035665,489.65608709150297,16.649773860941863
2605.0,75.82743289893021,489.63494813992196,16.650043224908917
2606.0,73.99897765151445,489.6134637006006,16.65031250491176
2607.0,75.39299441916336,489.5924973235994,16.650581700925276
2608.0,75.72015562861608,489.5711359751806,16.65085081292435
2609.0,74.99520177645871,489.54968193108584,16.651119840883876
2610.0,74.8526802927354,489.52843329058254,16.651388784778753
2611.0,75.164597641982,489.5072250311663,16.651657644583903
2612.0,76.33127756108688,489.4859283951677,16.651926420274233
2613.0,73.65020519674269,489.4643011998587,16.652195111824675
2614.0,75.15116212818317,489.44343364171965,16.652463719210157
2615.0,74.92193356232734,489.42214081245,16.652732242405634
2616.0,75.10831715140723,489.40091293127404,16.65300068138604
2617.0,76.07255462112647,489.3796322414144,16.653269036126343
2618.0,73.77770866381077,489.35807835093846,16.6535373066015
2619.0,75.07509675360404,489.337174666817,16.653805492786493
2620.0,75.14915640202433,489.3159033894035,16.6540735946563
2621.0,75.48335199163878,489.29461112842296,16.654341612185906
2622.0,73.96946417200216,489.2732241786919,16.654609545350315
2623.0,74.16990453056519,489.2522661638433,16.654877394124526
2624.0,73.73853174744265,489.2312513575596,16.655145158483556
2625.0,75.58709646541375,489.21035877356445,16.65541283840242
2626.0,73.4022285103474,489.18894242956594,16.65568043385615
2627.0,75.38719475259572,489.16814513148796,16.655947944819783
2628.0,73.9451599973945,489.1467854263081,16.656215371268363
2629.0,74.7397028814359,489.12583429764214,16.65648271317694
2630.0,75.53787130982943,489.1046580484924,16.656749970520572
2631.0,74.14341456597784,489.0832556516213,16.657017143274334
2632.0,75.42432260950673,489.06224835082764,16.657284231413296
2633.0,75.260231964337,489.0408781260883,16.657551234912546
2634.0,76.45693306547624,489.01955439369834,16.657818153747165
2635.0,76.45067579668145,488.99789159599646,16.658084987892266
2636.0,74.760859073005,488.97623057118744,16.65835173732295
2637.0,75.78848931543037,488.9550483277834,16.658618402014334
2638.0,74.29202619397574,488.93357492247736,16.658884981941533
2639.0,74.62865622605393,488.91252551505573,16.65915147707969
2640.0,74.79760112944247,488.891380729125,16.659417887403936
2641.0,75.28409567947192,488.8701880754717,16.659684212889424
2642.0,74.70697551640893,488.8488575816958,16.6599504535113
2643.0,74.33535956928074,488.8276906052995,16.66021660924473
2644.0,74.45366248432195,488.8066289200882,16.66048268006489
2645.0,75.35046412999594,488.7855337157177,16.660748665946958
2646.0,77.32500239937266,488.76418441754754,16.66101456686611
2647.0,75.09896857146136,488.7422756668677,16.661280382797553
2648.0,75.50762272875157,488.72099762577244,16.66154611371648
2649.0,76.13370123837143,488.69960379933264,16.66181175959811
2650.0,75.32550527579677,488.6780325839818,16.66207732041765
2651.0,75.87959912667469,488.6566903574869,16.662342796150334
2652.0,75.35788154564834,488.6351911377344,16.662608186771397
2653.0,74.93507188534748,488.61383973796313,16.66287349225608
2654.0,75.30653398764093,488.5926081342623,16.663138712579624
2655.0,74.97347830855414,488.57127128296577,16.663403847717298
2656.0,74.39030122469039,488.550028797445,16.66366889764436
2657.0,76.82527598342179,488.5289515454313,16.663933862336094
2658.0,74.94120327134712,488.5071843839027,16.66419874176777
2659.0,76.03940308948182,488.48595104297584,16.664463535914685
2660.0,74.12515484115151,488.4644065454338,16.664728244752133
2661.0,75.02565097853424,488.44340441822885,16.664992868255418
2662.0,74.59462982229132,488.42214715045156,16.665257406399864
2663.0,75.17247032668347,488.40101200533525,16.66552185916078
2664.0,73.66814066035045,488.37971313874266,16.665786226513497
2665.0,75.17310268338578,488.3588404988889,16.666050508433358
2666.0,74.7967677224492,488.33754145312867,16.66631470489571
2667.0,74.86359668208186,488.3163490356073,16.666578815875898
2668.0,75.09642752400053,488.295137683214,16.66684284134929
2669.0,75.81121498340868,488.27386036208225,16.667106781291253
2670.0,75.6125031576418,488.25238051783697,16.667370635677166
2671.0,75.20838078912833,488.2309569752756,16.66763440448241
2672.0,74.40905476690772,488.20964793405204,16.66789808768238
2673.0,75.05305191842885,488.1885653685347,16.668161685252482
2674.0,76.29267472065692,488.1673003371578,16.66842519716812
2675.0,74.18802042172638,488.1456840793203,16.66868862340471
2676.0,73.82875023356067,488.1246641402008,16.66895196393768
2677.0,76.89416861567572,488.10374599430133,16.669215218742465
2678.0,74.98198593752572,488.0819593131936,16.669478387794502
2679.0,75.55751026696366,488.0607144171779,16.669741471069244
2680.0,74.61745620191597,488.0393064559356,16.670004468542146
2681.0,74.89748641825805,488.01816484334506,16.670267380188676
2682.0,73.85627622065492,487.9969438888599,16.670530205984306
2683.0,74.37287595839884,487.97601794393074,16.670792945904513
2684.0,74.71689990125493,487.9549456290758,16.671055599924788
2685.0,75.49507547272361,487.93377584077047,16.671318168020633
2686.0,75.14301248179189,487.9123855693865,16.67158065016755
2687.0,75.50490242426551,487.8910950491833,16.67184304634105
2688.0,74.91322717755614,487.86970199349645,16.672105356516656
2689.0,74.35935381407747,487.8484765791295,16.6723675806699
2690.0,74.9142112204892,487.82740809554883,16.672629718776314
2691.0,75.5491410599255,487.8061824023697,16.672891770811447
2692.0,75.14289756177645,487.78477681240275,16.67315373675086
2693.0,74.30435610361558,487.7634863247602,16.673415616570097
2694.0,75.80215168283131,487.7424334238642,16.67367741024474
2695.0,75.78846047681556,487.72095614755403,16.67393911775036
2696.0,74.24515770215952,487.69948275041895,16.674200739062552
2697.0,75.48418626310678,487.6784466224034,16.6744622741569
2698.0,74.02262878801413,487.65705943629547,16.674723723009013
2699.0,74.98640395012958,487.63608635813887,16.674985085594496
2700.0,75.01455168245977,487.61484021035295,16.675246361888966
2701.0,74.90229035168394,487.59358608737625,16.675507551868048
2702.0,75.52953770809015,487.5723637717767,16.67576865550738
2703.0,74.20719852704326,487.5509637360927,16.676029672782605
2704.0,73.7778534303263,487.5299383631767,16.676290603669365
2705.0,75.71389812153303,487.50903463803814,16.676551448143325
2706.0,74.3821487132461,487.48758236690367,16.67681220618015
2707.0,76.02828098452392,487.4665074247682,16.677072877755514
2708.0,75.18150793487422,487.44496607848936,16.677333462845095
2709.0,75.72943895146271,487.4236646512411,16.67759396142459
2710.0,74.76226800234222,487.40220797687147,16.677854373469692
2711.0,76.12087123144343,487.3810253342708,16.678114698956108
2712.0,74.56227951840856,487.35945775408857,16.678374937859555
2713.0,75.86202501087598,487.33833177489174,16.678635090155755
2714.0,74.7448804414927,487.316837534472,16.678895155820438
2715.0,73.45676460041815,487.2956598183469,16.679155134829344
2716.0,75.76436327910497,487.27484706837674,16.679415027158218
2717.0,77.10507473967083,487.253380498781,16.679674832782815
2718.0,75.34854007131652,487.23153406093815,16.679934551678897
2719.0,74.77488871498299,487.2101853079179,16.680194183822238
2720.0,75.23035399690401,487.18899908944866,16.680453729188613
2721.0,75.53410359993545,487.16768382248284,16.680713187753817
2722.0,75.5036175344748,487.14628249312955,16.680972559493636
2723.0,72.16773048673593,487.1248898014948,16.681231844383877
2724.0,73.9358614511547,487.1044422778569,16.681491042400353
2725.0,74.2253370395948,487.08349378377903,16.68175015351888
2726.0,74.68071932779235,487.06246327161784,16.682009177715294
2727.0,74.50536129937733,487.0413037344749,16.682268114965424
2728.0,74.44152084145216,487.0201938821068,16.682526965245117
2729.0,74.53419983454127,486.9991021178684,16.68278572853022
2730.0,76.48622566054674,486.9779840945819,16.683044404796597
2731.0,74.17680742527968,486.95631299731144,16.683302994020117
2732.0,75.7785514793439,486.93529623520766,16.683561496176658
2733.0,73.75866473510558,486.9138256456218,16.6838199112421
2734.0,74.44324857941004,486.8929273572802,16.68407823919234
2735.0,74.31672514207492,486.87183510351605,16.684336480003275
2736.0,74.24452017557043,486.8507786980591,16.68459463365081
2737.0,73.99903829061,486.829742750676,16.684852700110874
2738.0,75.12931205293152,486.80877635649364,16.685110679359386
2739.0,76.68496838668396,486.7874897180787,16.685368571372276
2740.0,74.57495436545143,486.7657623103691,16.68562637612549
2741.0,72.92715190448617,486.7446327399656,16.68588409359498
2742.0,75.27120388537098,486.723970046926,16.686141723756695
2743.0,74.79788990726644,486.70264320582515,16.68639926658661
2744.0,74.41380639603611,486.68145047035136,16.68665672206069
2745.0,74.80973401524444,486.6603665585392,16.686914090154925
2746.0,76.20690443032035,486.63917046723486,16.687171370845302
2747.0,75.71678408952086,486.6175785109796,16.68742856410782
2748.0,74.8541445124886,486.5961254221542,16.687685669918487
2749.0,74.19057550170905,486.5749167478757,16.687942688253315
2750.0,76.11287523381395,486.55389608481687,16.688199619088333
2751.0,74.91320892459072,486.5323307701673,16.688456462399564
2752.0,74.309624132122,486.511105360972,16.688713218163052
2753.0,74.2501472982887,486.4900509674679,16.688969886354844
2754.0,76.42698849788194,486.4690134257334,16.68922646695099
2755.0,75.4858476346508,486.44735911232567,16.68948295992757
2756.0,75.3859932677691,486.4259714554958,16.68973936526064
2757.0,74.92901526586324,486.40461209073663,16.68999568292628
2758.0,75.58495680794772,486.383382203078,16.690251912900592
2759.0,75.14649934702042,486.36196646531573,16.69050805515966
2760.0,74.90959516692257,486.3406749571674,16.690764109679595
2761.0,75.26327669995247,486.3194505718701,16.691020076436505
2762.0,75.47435077921784,486.2981259768051,16.691275955406514
2763.0,76.02039099668627,486.2767415774177,16.69153174656575
2764.0,75.04370725990887,486.2552024666353,16.69178744989036
2765.0,75.8359235416237,486.23394008291166,16.692043065356472
2766.0,75.73723193962735,486.21245323790816,16.692298592940254
2767.0,75.17813489538929,486.1909943555253,16.692554032617863
2768.0,74.28732363682975,486.1696938839716,16.692809384365468
2769.0,75.08721326625104,486.1486458089412,16.69306464815925
2770.0,76.02722631115687,486.1273710985157,16.693319823975397
2771.0,74.76136465797116,486.1058300510609,16.693574911790098
2772.0,75.37132695867109,486.08464766440784,16.693829911579563
2773.0,73.81429130848625,486.06329245510284,16.69408482332
2774.0,74.14631916838493,486.0423784058988,16.694339646987622
2775.0,75.58617943446335,486.0213702821344,16.69459438255867
2776.0,74.20077098301834,485.99995419796124,16.69484903000937
2777.0,75.11255261873508,485.9789306461828,16.69510358931597
2778.0,75.00510790395836,485.9576487562741,16.695358060454723
2779.0,75.14911028037571,485.93639730903465,16.695612443401888
2780.0,74.23745268173711,485.9151050611219,16.695866738133738
2781.0,75.0775185699633,485.89407111619545,16.69612094462654
2782.0,75.347378405685,485.8727991526006,16.69637506285659
2783.0,75.71797401375287,485.851450728719,16.696629092800173
2784.0,74.52433130940895,485.82999730274844,16.696883034433597
2785.0,75.22889111051519,485.8088820755441,16.69713688773317
2786.0,75.74039558725806,485.78756722306275,16.69739065267521
2787.0,75.78011097252771,485.7661074443131,16.697644329236045
2788.0,73.31549022708867,485.7446364128708,16.697897917392005
2789.0,74.47701144731836,485.72386369063986,16.69815141711944
2790.0,75.5785370452997,485.7027618707297,16.698404828394697
2791.0,75.2693254527095,485.68134795190025,16.698658151194138
2792.0,75.61639589136823,485.660021643022,16.698911385494128
2793.0,74.42516987862737,485.6385969975194,16.69916453127104
2794.0,74.64308136581471,485.6175098660538,16.69941758850127
2795.0,77.35459637854325,485.5963609930002,16.699670557161195
2796.0,75.34574348967865,485.5744438573596,16.699923437227227
2797.0,73.34927892081589,485.5530958967041,16.700176228675772
2798.0,74.60390688302027,485.53231360100995,16.700428931483245
2799.0,74.06221655637293,485.51117582739306,16.700681545626075
2800.0,74.70734561192789,485.4901915327021,16.700934071080695
2801.0,75.21942653543017,485.4690244514454,16.701186507823543
2802.0,74.90557430464018,485.44771228059375,16.701438855831075
2803.0,75.2888644600394,485.42648903454074,16.701691115079747
2804.0,75.3035866601106,485.40515718961035,16.70194328554603
2805.0,75.94111008841527,485.38382117339,16.702195367206393
2806.0,74.75800473287217,485.3623045255316,16.702447360037322
2807.0,73.67708607924025,485.3411230908573,16.70269926401531
2808.0,74.82809905458434,485.3202479164682,16.702951079116854
2809.0,75.64338828396656,485.29904662173607,16.70320280531847
2810.0,76.01065384594166,485.2776143283889,16.703454442596662
2811.0,74.81191120312774,485.2560779764659,16.703705990927965
2812.0,75.68283103400618,485.2348812682917,16.70395745028891
2813.0,76.08894328234021,485.21343779949876,16.704208820656042
2814.0,76.65178359793212,485.19187926556873,16.704460102005903
2815.0,74.91595095089673,485.170161260216,16.704711294315057
2816.0,74.86519314012538,485.14893507411324,16.704962397560067
2817.0,75.42266100017186,485.12772326939023,16.705213411717512
2818.0,76.2605341750931,485.10635351544016,16.70546433676397
2819.0,75.39551912384678,485.08474636409056,16.70571517267604
2820.0,74.83662120958391,485.0633843003388,16.705965919430312
2821.0,74.80757069008166,485.0421805909961,16.706216577003403
2822.0,76.096363153644,485.0209851126339,16.70646714537192
2823.0,76.5323144687632,484.99942447640706,16.706717624512496
2824.0,75.58424488392134,484.9777403206409,16.706968014401763
2825.0,73.63646540578925,484.95632478459044,16.707218315016355
2826.0,74.85688214293259,484.93546111939213,16.70746852633293
2827.0,77.09386001687776,484.91425166945163,16.707718648328147
2828.0,74.39999833465315,484.8924084091135,16.707968680978663
2829.0,76.5106213833953,484.8713284095853,16.708218624261164
2830.0,75.66451396661047,484.84965040019335,16.708468478152323
2831.0,74.67756749801649,484.82821212123616,16.708718242628837
2832.0,75.26711349935086,484.80705347711177,16.7089679176674
2833.0,74.35131701032937,484.78572779495363,16.709217503244727
2834.0,73.95839259995883,484.7646615884674,16.709466999337533
2835.0,75.05255111188636,484.743706710564,16.709716405922542
2836.0,76.19512978937769,484.7224418210823,16.709965722976484
2837.0,75.6787666675171,484.70085320097536,16.710214950476107
2838.0,75.11760663398866,484.6794108837529,16.71046408839815
2839.0,75.23778612277131,484.65812756187324,16.71071313671938
2840.0,74.90105022845702,484.6368101891385,16.710962095416566
2841.0,74.7991672387877,484.615588224907,16.711210964466478
2842.0,74.58987734633524,484.5943951275228,16.711459743845893
2843.0,74.85563465796037,484.57326132894127,16.711708433531616
2844.0,74.97796707940944,484.55205223245486,16.711957033500436
2845.0,73.26139254101199,484.5308084751157,16.712205543729166
2846.0,74.72762069241129,484.5100510805624,16.712453964194623
2847.0,76.45597123359806,484.4888782546995,16.712702294873633
2848.0,73.9098888222743,484.4672157295167,16.712950535743023
2849.0,74.95405188187463,484.4462745943503,16.713198686779645
2850.0,74.97892019650291,484.42503761298383,16.71344674796034
2851.0,74.82444294246088,484.4037935855948,16.713694719261973
2852.0,74.78321057528488,484.38259332676114,16.713942600661404
2853.0,76.13941853405713,484.36140475043146,16.714190392135514
2854.0,75.01115700148647,484.3398319151801,16.714438093661187
2855.0,74.87717620115757,484.3185787540297,16.714685705215317
2856.0,74.0865174765205,484.2973635541061,16.714933226774797
2857.0,75.54162015485502,484.2763723741544,16.715180658316537
2858.0,74.45939493075973,484.2549689151105,16.71542799981746
2859.0,74.98412905488692,484.2338720865468,16.715675251254492
2860.0,74.85806261457668,484.2126265833146,16.715922412604563
2861.0,74.3049622762097,484.19141679890714,16.716169483844617
2862.0,74.5865310216209,484.1703637262622,16.7164164649516
2863.0,74.92705119764277,484.1492308758061,16.716663355902483
2864.0,76.11204099062003,484.12800154463343,16.716910156674224
2865.0,73.61899789980392,484.10643646635276,16.7171568672438
2866.0,74.47742249216377,484.0855777502811,16.7174034875882
2867.0,75.76234094749505,484.06447581390836,16.717650017684416
2868.0,74.73076626852891,484.04300981730654,16.717896457509447
2869.0,73.48085139318651,484.02183610019716,16.718142807040305
2870.0,74.70823433531157,484.00101652563575,16.718389066254005
2871.0,74.13659520433146,483.9798491925741,16.718635235127575
2872.0,76.69070532594574,483.95884382393285,16.718881313638054
2873.0,75.10014119310415,483.9371147907571,16.71912730176248
2874.0,75.3847335149579,483.91583641741914,16.71937319947791
2875.0,74.30665855990229,483.89447740958985,16.719619006761402
2876.0,75.38735492041437,483.8734238563312,16.719864723590025
2877.0,74.73428408654169,483.8520641057704,16.720110349940853
2878.0,75.9486101521564,483.83088939194596,16.72035588579098
2879.0,73.78538003303044,483.80937061906945,16.72060133111749
2880.0,74.77954710343113,483.7884647613934,16.720846685897495
2881.0,75.30849390855619,483.7672772230475,16.7210919501081
2882.0,75.9655428071159,483.74593981644006,16.72133712372643
2883.0,75.34103134228346,483.72441624597803,16.721582206729604
2884.0,76.33817394032761,483.703069620431,16.721827199094765
2885.0,74.95283241093169,483.68144047114794,16.722072100799057
2886.0,75.56868571070642,483.6602038352982,16.722316911819632
2887.0,75.21608476560704,483.6387927076802,16.722561632133658
2888.0,73.67922747928267,483.6174814836632,16.722806261718294
2889.0,75.27898735712252,483.5966057025441,16.723050800550727
2890.0,74.03338951231889,483.5752766561263,16.723295248608142
2891.0,73.96493353732524,483.55430052909776,16.72353960586774
2892.0,74.96617790704853,483.53334379792886,16.72378387230671
2893.0,74.82428873953714,483.5121033808552,16.724028047902284
2894.0,75.5577226786379,483.4909031657123,16.72427213263167
2895.0,73.97741381004549,483.46949514428667,16.7245161264721
2896.0,73.58680089021279,483.4485348770405,16.724760029400812
2897.0,74.07354626804094,483.427685283455,16.725003841395054
2898.0,75.4304951829843,483.406697778679,16.725247562432084
2899.0,74.2905613727141,483.3853258050438,16.72549119248916
2900.0,74.74351234371935,483.3642768126549,16.725734731543554
2901.0,74.9486465864545,483.3430994841575,16.72597817957255
2902.0,74.46403182776018,483.32186403429137,16.72622153655344
2903.0,74.39572834563502,483.30076589194016,16.72646480246351
2904.0,75.95990008419702,483.27968710224224,16.726707977280075
2905.0,74.84728407995851,483.2581651305517,16.726951060980447
2906.0,75.81060000625845,483.23695840006235,16.72719405354195
2907.0,74.57464294334974,483.21547873006057,16.72743695494192
2908.0,74.5611255835791,483.19434924789334,16.727679765157685
2909.0,75.60759850691967,483.17322359564463,16.7279224841666
2910.0,73.64505960949609,483.1518014427343,16.72816511194603
2911.0,74.86943159519403,483.13093534251163,16.728407648473322
2912.0,74.63931550110654,483.109722336893,16.728650093725868
2913.0,73.74428016610307,483.08857453083436,16.728892447681044
2914.0,74.28720503841379,483.0676803181206,16.729134710316234
2915.0,74.9343768967778,483.0466322766931,16.729376881608847
2916.0,74.2950934830564,483.0254008699057,16.72961896153629
2917.0,75.64467169096136,483.00435059341885,16.729860950075974
2918.0,75.20655951232517,482.98291793643966,16.730102847205327
2919.0,75.12522261186182,482.9616094112446,16.730344652901785
2920.0,74.22578170363455,482.94032393150457,16.730586367142784
2921.0,74.31194716859665,482.91929329335517,16.730827989905784
2922.0,74.75002558155792,482.8982382416574,16.731069521168237
2923.0,75.70655016275727,482.8770590677426,16.731310960907614
2924.0,76.34402097058252,482.85560887852984,16.731552309101392
2925.0,74.16298592987567,482.83397807258814,16.731793565727052
2926.0,74.97977837656295,482.8129652265747,16.73203473076209
2927.0,74.77048894819436,482.7917209560347,16.732275804184006
2928.0,75.4664290217177,482.77053598416603,16.732516785970315
2929.0,74.17312538874384,482.7491538292765,16.73275767609853
2930.0,76.67260337628075,482.72813811041635,16.73299847454618
2931.0,74.52285495281664,482.70641420612645,16.733239181290806
2932.0,76.07918422197531,482.6852993972231,16.733479796309947
2933.0,74.8866810644641,482.66374362836024,16.733720319581163
2934.0,75.10030638828141,482.642525735392,16.733960751082005
2935.0,74.61339732877671,482.62124731524864,16.734201090790055
2936.0,75.15949870618837,482.6001068526721,16.73444133868288
2937.0,75.57581400364617,482.578811661372,16.734681494738084
2938.0,74.85736899326169,482.55739851407105,16.734921558933245
2939.0,75.19650475488385,482.5361889261896,16.73516153124598
2940.0,73.64329211855188,482.5148832498424,16.735401411653896
2941.0,74.51035226648219,482.49401765040875,16.73564120013462
2942.0,73.98070475614898,482.47290638393326,16.735880896665776
2943.0,74.5977712812612,482.4519451842524,16.736120501225006
2944.0,75.4883333069085,482.430809149056,16.736360013789962
2945.0,75.00343065714851,482.4094207879524,16.73659943433829
2946.0,75.07732504588168,482.3881698159329,16.736838762847665
2947.0,74.63548858092086,482.36689790716986,16.737077999295753
2948.0,74.15435900902533,482.3457511854053,16.73731714366024
2949.0,75.08073815856092,482.3247407836861,16.737556195918813
2950.0,74.1174805695176,482.30346790787445,16.737795156049174
2951.0,75.9129140195495,482.28246795504646,16.73803402402903
2952.0,75.13214139245876,482.2609592960742,16.738272799836096
2953.0,73.5379022075711,482.239671856013,16.738511483448097
2954.0,75.55866423646798,482.2188361170542,16.738750074842773
2955.0,74.30865477277392,482.1974278288539,16.73898857399785
2956.0,74.4951868441638,482.1763737100016,16.739226980891097
2957.0,75.91302487402551,482.15526674039575,16.739465295500263
2958.0,75.44201236412904,482.1337580500148,16.739703517803115
2959.0,75.11797243276165,482.1123828131783,16.73994164777744
2960.0,74.75576010282931,482.0910993876557,16.740179685401007
2961.0,75.3450467306396,482.06991858895987,16.74041763065162
2962.0,75.51126159589187,482.0485708257195,16.74065548350708
2963.0,74.6137080046774,482.02717596826733,16.740893243945198
2964.0,73.56398662206398,482.006035417666,16.74113091194379
2965.0,74.89135819448876,481.9851922881231,16.741368487480692
2966.0,74.81067755722098,481.963973069968,16.741605970533733
2967.0,75.42776903080804,481.94277671132676,16.741843361080765
2968.0,76.64017832545267,481.92140551010135,16.74208065909963
2969.0,75.36665361537267,481.8996907929092,16.742317864568204
2970.0,75.84955866242625,481.87833690771816,16.742554977464355
2971.0,75.55115345188142,481.8568461994305,16.74279199776596
2972.0,75.90116706408497,481.83544003928574,16.743028925450908
2973.0,73.73647786127258,481.8139347086176,16.743265760497096
2974.0,74.96116233990635,481.7930427065569,16.743502502882432
2975.0,75.892673857102,481.7718037105606,16.743739152584833
2976.0,74.88478363664248,481.75030078630107,16.743975709582212
2977.0,74.35535355702226,481.7290834309374,16.74421217385251
2978.0,74.87491157399455,481.7080160807629,16.744448545373665
2979.0,76.06983651709612,481.68680152248356,16.74468482412363
2980.0,76.10193906495911,481.6652484021371,16.744921010080354
2981.0,74.06532433900293,481.64368618606863,16.74515710322181
2982.0,76.829193028631,481.6227010108393,16.745393103525974
2983.0,74.51328449232265,481.6009327394812,16.745629010970823
2984.0,73.89627424752454,481.57982064220835,16.745864825534355
2985.0,75.48598539304788,481.5588833645049,16.746100547194565
2986.0,75.48662199401087,481.5374956686435,16.74633617592947
2987.0,75.87956233038058,481.5161077924119,16.746571711717092
2988.0,74.68515645163392,481.4946085830849,16.746807154535446
2989.0,74.76537455548156,481.473447788757,16.747042504362575
2990.0,75.41962773156203,481.4522642659663,16.747277761176523
2991.0,74.40126703525769,481.4308953714423,16.74751292495534
2992.0,74.61956902251417,481.40981501244903,16.747747995677088
2993.0,74.08090366107618,481.38867280122594,16.747982973319843
2994.0,74.84945141072426,481.3676832118553,16.74821785786168
2995.0,76.81622507048846,481.3464758672889,16.748452649280686
2996.0,74.29839460659409,481.3247112701856,16.74868734755496
2997.0,73.91546006943865,481.3036600583804,16.748921952662606
2998.0,74.69690979180676,481.28271734469405,16.749156464581738
2999.0,74.66856651022881,481.2615532202531,16.749390883290474
3000.0,75.05169537668257,481.2403971264085,16.749625208766957
3001.0,75.80749920246535,481.2191324793851,16.749859440989315
3002.0,75.68426190690481,481.1976536879444,16.750093579935704
3003.0,74.52959821770965,481.17620981373744,16.750327625584276
3004.0,75.21437196233892,481.15509309424243,16.750561577913206
3005.0,75.84472641520276,481.1337823555198,16.75079543690066
3006.0,75.26523138275819,481.1122930163688,16.75102920252482
3007.0,75.3010145076357,481.09096786747705,16.751262874763885
3008.0,74.97456206909024,481.0696325800332,16.751496453596054
3009.0,75.71250155963597,481.048389787447,16.75172993899954
3010.0,72.30896304355534,481.02693791200505,16.751963330952556
3011.0,74.64734823365586,481.0064503724761,16.752196629433325
3012.0,75.61756659532902,480.9853002904765,16.75242983442009
3013.0,77.42027292447358,480.9638753132745,16.7526629458911
3014.0,75.0013938507882,480.9419395692792,16.752895963824596
3015.0,76.25527582977043,480.9206891743549,16.753128888198848
3016.0,75.81969196145944,480.89908351286977,16.753361718992124
3017.0,74.65952779349573,480.877601266814,16.753594456182707
3018.0,73.72499715328198,480.85644773393915,16.75382709974888
3019.0,75.6607577435141,480.8355589847458,16.754059649668942
3020.0,73.19018223754179,480.81412177005177,16.754292105921202
3021.0,76.17234847709243,480.7933845517511,16.754524468483968
3022.0,76.0390377331749,480.7718023863493,16.75475673733557
3023.0,74.85515547537707,480.75025799232486,16.75498891245433
3024.0,75.03497117314271,480.7290490316069,16.7552209938186
3025.0,77.26956636876717,480.70778912310783,16.755452981406723
3026.0,74.0662428265515,480.68589607930335,16.75568487519706
3027.0,73.50212577702204,480.6649106438358,16.75591667516797
3028.0,74.44076591930184,480.6440850415323,16.756148381297837
3029.0,74.25125645321525,480.6229934911885,16.756379993565048
3030.0,75.97642960777438,480.6019556351934,16.756611511947987
3031.0,75.94566490380349,480.58042898013787,16.756842936425063
3032.0,73.627996763517,480.5589110417485,16.75707426697468
3033.0,75.36408099871517,480.5380497759988,16.757305503575264
3034.0,74.89072652603873,480.51669661971584,16.75753664620524
3035.0,75.11519600649527,480.4954775805335,16.75776769484304
3036.0,75.47453980260636,480.47419494166496,16.757998649467122
3037.0,74.62223118235742,480.4528104887209,16.75822951005593
3038.0,74.42668532492667,480.43166752321923,16.75846027658793
3039.0,74.20907615139433,480.41057996237714,16.758690949041593
3040.0,75.89616833971074,480.3895540574676,16.758921527395405
3041.0,74.57691048643105,480.36805014310465,16.759152011627847
3042.0,75.22955734431936,480.3469200184669,16.759382401717428
3043.0,75.20228201287988,480.3256049772193,16.759612697642645
3044.0,75.53066322663064,480.30429766398237,16.75984289938202
3045.0,74.4990989457671,480.28289730940145,16.760073006914077
3046.0,75.84791811459226,480.2617892313668,16.760303020217346
3047.0,74.65098600554232,480.24029898790104,16.76053293927037
3048.0,75.65151818223792,480.21914787519944,16.760762764051705
3049.0,74.8880349836282,480.1977132783812,16.76099249453991
3050.0,76.30245672304508,480.17649500180244,16.761222130713545
3051.0,75.66137945869593,480.1548759723976,16.761451672551196
3052.0,75.2471500714018,480.13343858155093,16.761681120031447
3053.0,73.48037401144548,480.1121185556974,16.76191047313289
3054.0,75.81188235797649,480.0912991163941,16.762139731834136
3055.0,76.49415596205264,480.0698190830594,16.76236889611379
3056.0,74.50053997281064,480.0481457388702,16.762597965950484
3057.0,75.71846907951848,480.0270372525445,16.762826941322835
3058.0,74.08890083638529,480.00558368630533,16.76305582220949
3059.0,75.0681018806134,479.9845918310683,16.763284608589093
3060.0,75.0940462488506,479.9633225355355,16.76351330044031
3061.0,73.9284387824317,479.9420458890983,16.76374189774179
3062.0,74.45826432506627,479.92109949811,16.76397040047222
3063.0,75.13446561301987,479.90000298988457,16.76419880861028
3064.0,75.66887563825038,479.8787148912942,16.764427122134666
3065.0,75.94950249721248,479.85727537653,16.76465534102407
3066.0,75.11960919958344,479.83575635082246,16.76488346525721
3067.0,74.18058638333535,479.8144724615492,16.765111494812803
3068.0,73.39003489912237,479.7934546287406,16.76533942966957
3069.0,75.1775305054059,479.7726607855192,16.76556726980625
3070.0,74.26639453303045,479.7513604852093,16.765795015201594
3071.0,75.54412342764171,479.7303183400917,16.76602266583435
3072.0,75.39627427485183,479.70891417178717,16.766250221683283
3073.0,74.33999188676337,479.68755189407597,16.766477682727164
3074.0,74.82932588295785,479.6664888963747,16.76670504894477
3075.0,75.44964941069621,479.6452872540412,16.766932320314893
3076.0,75.20942129530187,479.6239098533748,16.767159496816337
3077.0,75.1241368068456,479.60260051734116,16.767386578427896
3078.0,75.3071931197131,479.58131534524586,16.767613565128396
3079.0,75.4477174552399,479.5599783071953,16.76784045689666
3080.0,75.05517051108,479.5386014539163,16.768067253711518
3081.0,75.05214357478543,479.51733582227155,16.768293955551815
3082.0,75.8131240842437,479.49607104825867,16.7685205623964
3083.0,75.92965885302198,479.4745906631015,16.768747074224137
3084.0,74.79438024446674,479.4530772597598,16.768973491013895
3085.0,74.99281491334149,479.43188551869054,16.769199812744542
3086.0,74.79139240359795,479.4106375544651,16.76942603939498
3087.0,76.38123918141157,479.3894466599507,16.76965217094409
3088.0,75.14068109332742,479.3678053088493,16.769878207370787
3089.0,74.60298267151042,479.3465154492062,16.770104148653978
3090.0,75.64956176401321,479.32537793744933,16.770329994772585
3091.0,75.06106444891729,479.30394389494944,16.770555745705547
3092.0,75.43535289401039,479.28267659335563,16.770781401431798
3093.0,74.3149435239405,479.261303243369,16.771006961930283
3094.0,75.09497449112594,479.24024734270387,16.771232427179964
3095.0,76.42332264057967,479.2189704332647,16.771457797159808
3096.0,74.72152698829039,479.19731715851657,16.77168307184879
3097.0,75.02952309070012,479.1761460592032,16.771908251225895
3098.0,74.50421452500765,479.1548876943275,16.772133335270112
3099.0,75.97651073046448,479.13377816687876,16.77235832396045
3100.0,75.85229377129689,479.1122514888384,16.772583217275916
3101.0,73.65788814977893,479.0907600056033,16.77280801519553
3102.0,73.35208430974322,479.0698902706274,16.77303271769832
3103.0,75.6546065734841,479.04910718007307,16.773257324763325
3104.0,74.64584841214773,479.02767170821056,16.77348183636959
3105.0,75.96189571241086,479.00652205116046,16.773706252496172
3106.0,75.2551284748352,478.98499951404193,16.77393057312214
3107.0,75.26729588066917,478.9636772276407,16.774154798226558
3108.0,76.0293841812934,478.94235149380785,16.774378927788515
3109.0,76.42268637321563,478.92080983495646,16.7746029617871
3110.0,74.10137989767276,478.8991567404841,16.77482690020141
3111.0,74.57756381561691,478.8781613495131,16.77505074301056
3112.0,74.9871948279649,478.85703103976533,16.775274490193663
3113.0,76.28515195696589,478.83578466789737,16.77549814172985
3114.0,73.90368372976755,478.8141705415096,16.775721697598257
3115.0,74.96072435255668,478.7932311644528,16.775945157778022
3116.0,74.99728496770639,478.7719922925529,16.776168522248305
3117.0,73.72006560988098,478.7507430618121,16.776391790988267
3118.0,74.77167902928115,478.72985570988925,16.776614963977078
3119.0,75.28401828477591,478.70867040083095,16.77683804119392
3120.0,74.20920384698348,478.68733992898365,16.77706102261798
3121.0,74.86415255105513,478.66631398789366,16.77728390822846
3122.0,74.40300084221181,478.64510247800416,16.777506698004558
3123.0,74.82705835982892,478.62402162776556,16.777729391925504
3124.0,73.6183283744127,478.60282062789696,16.777951989970514
3125.0,73.78921320013197,478.5819621015242,16.77817449211883
3126.0,74.26801446379243,478.56105515778415,16.778396898349683
3127.0,74.72640787371962,478.54001255368604,16.778619208642333
3128.0,74.21126219441864,478.5188400714552,16.77884142297604
3129.0,74.13288742203737,478.4978135471668,16.779063541330075
3130.0,74.92295605156293,478.47680922906386,16.779285563683707
3131.0,74.84081138231981,478.4555810581826,16.77950749001624
3132.0,75.05822911661758,478.43437616162424,16.779729320306956
3133.0,74.83964251213143,478.4131096633746,16.77995105453517
3134.0,74.02961994042005,478.39190509799613,16.780172692680196
3135.0,75.0132167422466,478.370930039013,16.78039423472135
3136.0,75.5776796197895,478.3496762942694,16.780615680637975
3137.0,74.06610589790832,478.32826261837704,16.7808370304094
3138.0,74.64566251817594,478.30727722170604,16.78105828401499
3139.0,74.2417963640164,478.28612761732586,16.78127944143409
3140.0,73.28084757420774,478.26509244168943,16.781500502646082
3141.0,76.05597671097273,478.2443295348767,16.78172146763033
3142.0,74.54696397474002,478.22278034147524,16.781942336366235
3143.0,75.2315866092863,478.20165870168245,16.78216310883318
3144.0,73.84444363280421,478.18034308547647,16.782383785010573
3145.0,76.70082519607202,478.1594204931138,16.782604364877834
3146.0,75.20881980364405,478.1376885926416,16.782824848414375
3147.0,74.12542960422768,478.11637942703055,16.783045235599634
3148.0,75.67583788109437,478.09537722197604,16.783265526413047
3149.0,75.83875147189852,478.07393573457637,16.783485720834065
3150.0,76.18903188798033,478.05244808832606,16.783705818842147
3151.0,75.93577018152065,478.0308611959578,16.783925820416762
3152.0,75.39351570012619,478.009346061073,16.784145725537382
3153.0,75.03782658915854,477.98798456495797,16.784365534183493
3154.0,75.5175257924714,477.96672384742436,16.784585246334597
3155.0,75.14099684262699,477.9453272151165,16.784804861970187
3156.0,75.05984577051778,477.92403726601106,16.78502438106978
3157.0,75.44483584714953,477.9027703097094,16.785243803612893
3158.0,75.01811214165625,477.8813942728861,16.785463129579064
3159.0,73.61795414050074,477.86013914111265,16.785682358947827
3160.0,75.55842290588261,477.83928072077276,16.785901491698727
3161.0,75.46332213093685,477.8178725009495,16.78612052781133
3162.0,74.66426387224874,477.7964912263457,16.786339467265197
3163.0,74.54808138264167,477.77533635158187,16.786558310039908
3164.0,74.8312822115242,477.75421439519016,16.786777056115042
3165.0,75.63740025036745,477.73301219856353,16.78699570547019
3166.0,75.87831568473334,477.7115816018259,16.787214258084962
3167.0,74.36739892715212,477.69008274571524,16.787432713938962
3168.0,75.66906377750993,477.6690119826859,16.787651073011816
3169.0,74.34180116413204,477.6475724146156,16.787869335283155
3170.0,75.08216579014727,477.6265089042858,16.788087500732612
3171.0,74.59047873573196,477.60523562397856,16.788305569339837
3172.0,76.40297127801975,477.58410165500345,16.788523541084487
3173.0,75.69960766421778,477.5624541464747,16.788741415946227
3174.0,74.56932146696207,477.54100592430314,16.78895919390473
3175.0,75.39851483360292,477.5198779498875,16.789176874939685
3176.0,75.34019459605699,477.4985150373513,16.789394459030778
3177.0,74.24147904419365,477.47716864888247,16.789611946157713
3178.0,73.45501334082167,477.45613356315323,16.789829336300205
3179.0,73.96600334636264,477.4353213093733,16.790046629437967
3180.0,74.36616607406317,477.4143642750919,16.790263825550735
3181.0,73.96131608887595,477.39329386137086,16.790480924618244
3182.0,74.26473693807783,477.3723381551457,16.790697926620236
3183.0,73.73483406648565,477.3512964796799,16.790914831536476
3184.0,76.18501575561461,477.3304049433611,16.791131639346723
3185.0,75.50533688587133,477.30881918889696,16.791348350030752
3186.0,75.0317627776884,477.28742601011265,16.791564963568348
3187.0,76.5353879608461,477.266167010659,16.791781479939303
3188.0,73.54645491892909,477.2444819840701,16.79199789912342
3189.0,76.17782981043703,477.22364382184304,16.7922142211005
3190.0,75.36580167039249,477.2020601033967,16.79243044585038
3191.0,74.95115347004428,477.18070645959017,16.79264657335287
3192.0,74.60577956025946,477.1594702994403,16.79286260358782
3193.0,75.80276076021005,477.13833199523157,16.793078536535074
3194.0,74.3350064406944,477.1168545463495,16.793294372174483
3195.0,74.9378419679702,477.0957929611913,16.79351011048592
3196.0,74.46813872655792,477.0745605726337,16.79372575144925
3197.0,75.48828788064237,477.05346126666115,16.793941295044363
3198.0,74.89781402108741,477.0320729184283,16.794156741251147
3199.0,75.74360252317808,477.0108518711224,16.79437209004951
3200.0,74.17068559998067,476.9893911837408,16.79458734141935
3201.0,75.06032795151197,476.96837615615414,16.7948024953406
3202.0,75.43488319139297,476.9471090632345,16.79501755179318
3203.0,73.90251264865786,476.9257358463303,16.795232510757028
3204.0,74.90911440139757,476.90479680107984,16.795447372212095
3205.0,74.14848684619538,476.88357255199946,16.795662136138333
3206.0,75.17630121221782,476.8625638140597,16.795876802515707
3207.0,75.89242092711318,476.8412638620495,16.796091371324195
3208.0,74.16552721862826,476.81976100945354,16.796305842543774
3209.0,74.74780339426644,476.7987474434082,16.79652021615444
3210.0,75.87840399605926,476.7775688991132,16.796734492136196
3211.0,76.35474294677348,476.75607001798096,16.796948670469046
3212.0,74.44031722573445,476.7344361741461,16.797162751133015
3213.0,74.65913656077572,476.71334475093215,16.797376734108134
3214.0,74.61040012015529,476.6921913289066,16.797590619374432
3215.0,74.55766127039693,476.6710517155392,16.79780440691196
3216.0,74.87257455336194,476.6499270448459,16.798018096700776
3217.0,74.74324081020994,476.62871314872245,16.798231688720946
3218.0,75.68152596007893,476.60753589715955,16.798445182952538
3219.0,74.31051221742086,476.58609279813754,16.798658579375644
3220.0,73.56175052961497,476.56503815300925,16.79887187797035
3221.0,75.41856631720661,476.5441956570259,16.799085078716757
3222.0,73.9491803699603,476.522827063236,16.799298181594978
3223.0,74.27940498292732,476.5018747954645,16.799511186585132
3224.0,73.52244285616347,476.48082896405265,16.79972409366735
3225.0,74.92799657261696,476.4599976052435,16.79993690282177
3226.0,74.33561388972088,476.43876800621456,16.800149614028538
3227.0,74.63332634563945,476.4177062489458,16.800362227267808
3228.0,75.57597158659362,476.39656013981454,16.80057474251975
3229.0,74.85858297022446,476.375146947865,16.800787159764536
3230.0,75.41982078276543,476.3539370160234,16.80099947898235
3231.0,75.78679727598809,476.3325680668017,16.801211700153384
3232.0,75.46091122844702,476.3110951409068,16.801423823257842
3233.0,75.21463163428693,476.28971454939204,16.801635848275936
3234.0,76.26377377325564,476.26840373709564,16.801847775187884
3235.0,74.62142670704338,476.2467956678599,16.802059603973916
3236.0,74.77198004142656,476.22565293029294,16.80227133461427
3237.0,72.89091496216457,476.20446753594786,16.8024829670892
3238.0,74.25702968442204,476.1838151100419,16.80269450137895
3239.0,75.72073286836141,476.162775618298,16.802905937463805
3240.0,75.4241057052192,476.1413214106519,16.80311727532402
3241.0,75.33356423055416,476.1199512473688,16.803328514939892
3242.0,74.83667252556715,476.0986067375035,16.80353965629171
3243.0,74.09245432709736,476.0774030136212,16.80375069935978
3244.0,74.87237073703069,476.05641015156186,16.803961644124417
3245.0,74.72700850960034,476.03519631318636,16.804172490565932
3246.0,75.23892106699516,476.01402366077536,16.80438323866466
3247.0,74.83175452420407,475.992705966473,16.804593888400944
3248.0,74.48637265828486,475.9715036360245,16.804804439755127
3249.0,74.85954528704995,475.9503991637713,16.805014892707575
3250.0,75.14857596811153,475.9291889592733,16.80522524723865
3251.0,75.03655184210216,475.90789686274906,16.805435503328724
3252.0,74.41971941323679,475.88663650639376,16.805645660958188
3253.0,74.5407966826777,475.8655509192267,16.805855720107434
3254.0,74.82286207749011,475.8444310268332,16.80606568075687
3255.0,75.12986093098382,475.82323121591133,16.806275542886905
3256.0,74.85433252102584,475.80194442198086,16.80648530647796
3257.0,74.90592515008468,475.7807356944332,16.806694971510467
3258.0,74.88496113998755,475.75951234897406,16.806904537964876
3259.0,74.57031964662104,475.7382949433177,16.80711400582162
3260.0,75.24928738053241,475.71716668608445,16.80732337506117
3261.0,75.71480437177297,475.69584605466,16.80753264566399
3262.0,74.16856356611679,475.6743935267546,16.80774181761056
3263.0,74.81561820610281,475.6533791004109,16.807950890881365
3264.0,75.18906827718061,475.6321813419192,16.808159865456897
3265.0,73.65992981419109,475.610877772574,16.80836874131767
3266.0,73.9650955067887,475.59000745912664,16.808577518444185
3267.0,76.2617552662961,475.56905068206635,16.808786196816975
3268.0,76.00334892817126,475.5474431847409,16.808994776416572
3269.0,75.58371616076037,475.5259089025446,16.809203257223515
3270.0,74.7086627153228,475.5044935162991,16.809411639218357
3271.0,75.72912201331894,475.48332606186307,16.80961992238166
3272.0,75.73382155305798,475.4618694772926,16.80982810669399
3273.0,75.71718024231677,475.4404115611859,16.810036192135925
3274.0,74.84829399494416,475.4189583601173,16.810244178688055
3275.0,75.22463751557027,475.3977513434854,16.810452066330978
3276.0,75.47585549240272,475.3764376961893,16.810659855045294
3277.0,74.260032808085,475.35505287046647,16.81086754481163
3278.0,75.4004013301481,475.3340125278375,16.8110751356106
3279.0,74.14935724987322,475.31264908079396,16.811282627422845
3280.0,74.50084967639224,475.2916400962398,16.81149002022901
3281.0,75.06506293715293,475.27053152216484,16.811697314009734
3282.0,74.87291164864247,475.249263087666,16.811904508745695
3283.0,75.42014786288965,475.22804909603224,16.812111604417552
3284.0,75.1039521522868,475.20668005413773,16.81231860100599
3285.0,74.30372173597692,475.1854006010279,16.812525498491702
3286.0,74.36608091607678,475.16434787986935,16.812732296855383
3287.0,74.81226758898505,475.1432774902765,16.812938996077744
3288.0,73.44944534230471,475.12208068112625,16.813145596139492
3289.0,75.23217543615924,475.10127000494595,16.81335209702137
3290.0,75.95407563795257,475.07995422190567,16.813558498704097
3291.0,75.65995502775763,475.058433900475,16.813764801168432
3292.0,76.10581156125433,475.0369969132171,16.81397100439512
3293.0,74.12162558355934,475.0154335999414,16.814177108364927
3294.0,75.77996038051826,474.9944324726927,16.814383113058625
3295.0,75.68743970219009,474.9729614839182,16.814589018457
3296.0,74.47772744760661,474.951516709336,16.814794824540844
3297.0,75.08587986804,474.9304146865591,16.81500053129095
3298.0,74.5175183788288,474.90914035392984,16.81520613868813
3299.0,75.15289016474905,474.88802705705587,16.815411646713205
3300.0,74.52058148219041,474.86673373817587,16.815617055347005
3301.0,75.18279833921231,474.8456195734226,16.815822364570366
3302.0,75.24356660877176,474.8243177805598,16.816027574364135
3303.0,74.95824509714606,474.8029987700206,16.81623268470917
3304.0,74.50412767306699,474.7817606005765,16.816437695586334
3305.0,74.32859058426483,474.7606510977357,16.816642606976497
3306.0,75.7760457696568,474.7395913304035,16.81684741886055
3307.0,75.70807268916474,474.7181214507688,16.817052131219388
3308.0,74.879248903006,474.69667083017356,16.81725674403391
3309.0,75.12090472346314,474.67545504298437,16.817461257285025
3310.0,74.505601490174,474.65417078664603,16.81766567095366
3311.0,74.34652936691857,474.63306086622384,16.817869985020735
3312.0,74.0739648777696,474.6119960162365,16.818074199467205
3313.0,75.02816368805698,474.5910083928545,16.818278314274007
3314.0,74.95566456459282,474.56975041314286,16.818482329422107
3315.0,76.33976740285011,474.54851297484964,16.81868624489247
3316.0,75.63639290045938,474.52688337408546,16.818890060666067
3317.0,75.52251463188354,474.50545306276365,16.81909377672389
3318.0,74.84206862177022,474.4840550169513,16.819297393046934
3319.0,74.9042165330869,474.46284976417513,16.81950090961621
3320.0,75.3548293158486,474.4416269028241,16.81970432641272
3321.0,76.06101952670896,474.4202763678513,16.819907643417494
3322.0,75.15829309352307,474.3987257456521,16.820110860611564
3323.0,74.54361030667708,474.3774308959422,16.820313977975967
3324.0,75.27552617712179,474.3563102063553,16.820516995491765
3325.0,75.5483980091775,474.3349821406051,16.820719913140014
3326.0,74.021938787977,474.31357676116914,16.82092273090178
3327.0,74.70053698561713,474.2926038785126,16.821125448758146
3328.0,74.2631473475344,474.2714387263667,16.821328066690203
3329.0,74.88670748058091,474.2503975012849,16.821530584679042
3330.0,74.9116489014276,474.2291796008321,16.821733002705773
3331.0,74.78888884053318,474.2079546336433,16.821935320751518
3332.0,74.8618388515983,474.1867644484718,16.822137538797396
3333.0,74.95860951498167,474.16555359413053,16.822339656824546
3334.0,75.84781062394939,474.14431532143465,16.822541674814115
3335.0,76.29316305618937,474.1228251084245,16.822743592747244
3336.0,75.30599820505437,474.10120871222523,16.822945410605115
3337.0,75.48037320010488,474.07987201273386,16.823147128368888
3338.0,75.19968298516447,474.05848590699384,16.823348746019747
3339.0,74.58733817918771,474.03717933014804,16.823550263538888
3340.0,75.00554123910126,474.0160462509972,16.823751680907506
3341.0,75.20079002404303,473.99479468097945,16.82395299810681
3342.0,74.88451627598583,473.9734877904727,16.82415421511803
3343.0,75.41211984698792,473.9522705108611,16.82435533192238
3344.0,74.37802569625515,473.93090374357115,16.82455634850111
3345.0,75.70806221365396,473.90982996962396,16.82475726483546
3346.0,75.65211727175806,473.8883793519967,16.82495808090669
3347.0,75.0263850388406,473.8669445854364,16.825158796696066
3348.0,74.06780153712774,473.84568710967534,16.82535941218486
3349.0,74.70968011653774,473.82470123257315,16.82555992735436
3350.0,76.07844075562568,473.80353348987353,16.82576034218586
3351.0,75.48484175103627,473.7819779316594,16.825960656660662
3352.0,74.45553184317545,473.76059055982995,16.826160870760084
3353.0,74.26447257347742,473.73949482580775,16.826360984465442
3354.0,73.50768610415162,473.71845322524524,16.82656099775807
3355.0,75.0709396833022,473.6976260475157,16.826760910619306
3356.0,75.35561925804878,473.67635594793876,16.826960723030503
3357.0,74.63506111125916,473.655005189149,16.82716043497302
3358.0,75.5888945415376,473.6338585885008,16.82736004642823
3359.0,74.90106192218211,473.61244173504735,16.82755955737751
3360.0,73.34701770462519,473.59121976750276,16.82775896780224
3361.0,74.62523348082732,473.5704381124864,16.827958277683823
3362.0,76.08143234363783,473.54929429633347,16.82815748700367
3363.0,74.17303422646206,473.5277378905028,16.828356595743188
3364.0,76.58524541106827,473.50672219747196,16.82855560388381
3365.0,75.21806470713379,473.4850230446055,16.828754511406967
3366.0,75.73851097889448,473.46371125960513,16.828953318294104
3367.0,75.47301008910455,473.44225201482783,16.82915202452667
3368.0,75.03231764788245,473.42086799530256,16.82935063008614
3369.0,75.04387744841061,473.3996088386357,16.82954913495397
3370.0,75.63215758187314,473.3783464066919,16.829747539111658
3371.0,74.65506119556808,473.35691729537706,16.829945842540685
3372.0,75.00644528919867,473.33576502803834,16.83014404522255
3373.0,75.85236213601674,473.314513201873,16.83034214713877
3374.0,76.24980052928899,473.29302169926785,16.830540148270856
3375.0,74.59906178745776,473.2714175891179,16.83073804860034
3376.0,74.84660726034299,473.2502811882781,16.83093584810877
3377.0,75.52179950878366,473.2290746495544,16.83113354677768
3378.0,74.83977399440553,473.20767680636015,16.83133114458863
3379.0,75.04762437462209,473.18647220372844,16.83152864152319
3380.0,74.26256607429413,473.16520871015564,16.83172603756293
3381.0,76.01821643486683,473.14416764976795,16.831923332689446
3382.0,75.12427884599562,473.1226291551114,16.832120526884317
3383.0,75.2655999359558,473.1013439427717,16.83231762012916
3384.0,75.58690910243486,473.0800186894565,16.832514612405582
3385.0,74.59298991603454,473.05860239854417,16.832711503695208
3386.0,75.50868545496215,473.03746771806794,16.83290829397967
3387.0,73.40811096853776,473.01607359052235,16.83310498324061
3388.0,75.33994562054583,472.9952746257479,16.833301571459675
3389.0,76.07100734325233,472.97392830782206,16.83349805861853
3390.0,74.99011361031911,472.9523748557415,16.833694444698846
3391.0,75.08873200580108,472.9311276568853,16.833890729682295
3392.0,74.60674752786329,472.9098525161503,16.834086913550575
3393.0,74.75737785702941,472.8887139376841,16.834282996285378
3394.0,75.96197131602455,472.8675326806246,16.834478977868415
3395.0,74.17865897787881,472.84601012208503,16.8346748582814
3396.0,74.64500267081834,472.82499283537464,16.83487063750606
3397.0,74.8651819804564,472.80384341795127,16.835066315524134
3398.0,74.01714564962388,472.7826316163901,16.835261892317362
3399.0,74.47060304514946,472.76166009178934,16.835457367867505
3400.0,74.83392443871334,472.7405600875932,16.835652742156324
3401.0,73.1036599331677,472.7193571423356,16.835848015165592
3402.0,74.45895469023264,472.6986444386879,16.83604318687709
3403.0,74.29374014292782,472.677547734859,16.83623825727262
3404.0,74.81777208494215,472.65649784181846,16.836433226333973
3405.0,75.72461405535533,472.6352994730611,16.83662809404297
3406.0,75.06704080934486,472.6138441657454,16.836822860381428
3407.0,75.7555268955971,472.5925751708494,16.83701752533117
3408.0,73.6578652015549,472.5711111048957,16.837212088874047
3409.0,75.11423851465489,472.55024137642187,16.837406550991904
3410.0,77.34043171541624,472.5289590088427,16.8376009116666
3411.0,75.93870306271627,472.5070458865234,16.837795170880003
3412.0,74.20827968985655,472.4855299206556,16.83798932861399
3413.0,73.64212952787774,472.46450424141017,16.83818338485045
3414.0,76.0054820990359,472.44363897137725,16.838377339571277
3415.0,75.3141744686144,472.42210408478246,16.83857119275838
3416.0,75.40111026689861,472.4007650686831,16.838764944393674
3417.0,74.05816103061605,472.37940142077406,16.838958594459083
3418.0,75.8341937970556,472.3584182751488,16.83915214293654
3419.0,74.27072918956742,472.3369319202396,16.839345589807994
3420.0,75.59068793269606,472.31588854696923,16.839538935055394
3421.0,74.56410734626658,472.2944711853883,16.839732178660707
3422.0,74.33180707484404,472.27334468830685,16.8399253206059
3423.0,74.57248764356112,472.2522840096357,16.84011836087296
3424.0,75.39121893564241,472.23115513813667,16.84031129944388
3425.0,75.7520204269484,472.2097942927715,16.840504136300652
3426.0,75.38836049763994,472.18833122031725,16.840696871425294
3427.0,76.42870807007438,472.1669711848429,16.840889504799826
3428.0,74.3736832696109,472.14531638422307,16.84108203640627
3429.0,74.9008104475561,472.12424384063,16.841274466226672
3430.0,73.8191545794949,472.10302194433655,16.841466794243082
3431.0,75.496544884221,472.08210651720566,16.841659020437554
3432.0,74.8795421821672,472.06071582948846,16.84185114479215
3433.0,74.19917811435218,472.03949995920357,16.84204316728896
3434.0,75.6272308738879,472.0184768587378,16.84223508791006
3435.0,75.27048527006612,471.9970491433235,16.84242690663755
3436.0,74.96262834358,471.9757225058304,16.84261862345353
3437.0,75.68512997327166,471.95448309446635,16.842810238340125
3438.0,75.36250314249455,471.93303897430724,16.84300175127945
3439.0,74.50190059620012,471.9116862650835,16.843193162253645
3440.0,75.59464941406009,471.890577393248,16.84338447124485
3441.0,74.97365806358397,471.8691589092473,16.84357567823522
3442.0,74.87520657571221,471.84791637279596,16.843766783206917
3443.0,74.43474075874565,471.8267017309328,16.84395778614211
3444.0,75.44163873767222,471.8056118877179,16.844148687022987
3445.0,73.92289348757839,471.7842367567422,16.844339485831732
3446.0,74.88414601337377,471.7632919369207,16.84453018255055
3447.0,75.7600956410168,471.74207476221693,16.844720777161648
3448.0,75.8744703197042,471.7206094017853,16.84491126964725
3449.0,75.72067432597142,471.6991116351947,16.845101659989577
3450.0,75.64804702093166,471.67765744413566,16.845291948170882
3451.0,74.28841980332089,471.6562238308131,16.8454821341734
3452.0,74.07396363079981,471.63517544520215,16.84567221797939
3453.0,75.10595007125514,471.6141878221734,16.845862199571126
3454.0,75.11881490324032,471.5929078029866,16.84605207893088
3455.0,74.57112567943099,471.571624138764,16.846241856040944
3456.0,74.60889192707762,471.5504956531548,16.846431530883603
3457.0,74.22027404193479,471.5293564671088,16.84662110344117
3458.0,75.55471144798787,471.50832738946355,16.84681057369596
3459.0,74.73956216034217,471.48692022122003,16.846999941630298
3460.0,75.07770651756073,471.4657440119412,16.847189207226513
3461.0,74.00138526154853,471.4444719950946,16.84737837046695
3462.0,74.2724481716331,471.4235049359371,16.847567431333967
3463.0,75.42914928563899,471.40246107562183,16.847756389809927
3464.0,74.02631443227455,471.3810894833243,16.84794524587719
3465.0,75.26586594009096,471.3601153609018,16.848133999518154
3466.0,74.60226952373186,471.33879003221875,16.8483226507152
3467.0,75.82427908143323,471.31765272252034,16.84851119945073
3468.0,74.78566855879463,471.2961691767806,16.84869964570716
3469.0,75.0441288798223,471.27497990402225,16.84888798946691
3470.0,75.38079866209078,471.25371740083966,16.8490762307124
3471.0,75.890910713641,471.2323595078854,16.849264369426077
3472.0,75.44441212652244,471.2108570831832,16.849452405590384
3473.0,75.66853650128857,471.18948116641405,16.849640339187786
3474.0,75.23676071076895,471.1680417477387,16.849828170200748
3475.0,75.13630508863457,471.1467246655373,16.850015898611748
3476.0,75.66751175440899,471.12543604576217,16.850203524403273
3477.0,74.16223821128526,471.1039969174318,16.850391047557817
3478.0,74.52137041331144,471.0829842832719,16.85057846805789
3479.0,74.59528423732475,471.0618698949881,16.850765785886004
3480.0,75.47722870583169,471.0407345644543,16.850953001024685
3481.0,75.01232967670062,471.01934934965425,16.851140113456474
3482.0,75.85138506615847,470.99809585624587,16.851327123163905
3483.0,75.16707519139456,470.9766046304771,16.851514030129536
3484.0,75.14349855758955,470.9553072925062,16.85170083433594
3485.0,75.75763715546789,470.93401663458155,16.851887535765673
3486.0,76.03276420682022,470.9125519707208,16.852074134401335
3487.0,75.37426513577918,470.8910093541956,16.85226063022551
3488.0,74.10679133524141,470.8696533124071,16.852447023220794
3489.0,74.29445765127252,470.8486563881955,16.852633313369807
3490.0,75.4893099528895,470.82760629186095,16.85281950065517
3491.0,75.13613981680597,470.80621765404095,16.853005585059513
3492.0,74.59133591364868,470.78492908109286,16.85319156656547
3493.0,73.12019364023156,470.76379486925066,16.853377445155704
3494.0,74.67785153674849,470.7430774810526,16.85356322081286
3495.0,74.44501864567152,470.7219187564505,16.85374889351962
3496.0,75.00361614077639,470.70082600116757,16.853934463258646
3497.0,75.17837944393023,470.6795749765943,16.854119930012647
3498.0,75.07292008750493,470.6582744357519,16.85430529376431
3499.0,74.69188420412341,470.6370037750604,16.85449055449634
3500.0,74.81797606427912,470.6158410745359,16.854675712191458
3501.0,75.72463667866417,470.5946426479844,16.854860766832395
3502.0,74.2762956725936,470.57318733425876,16.85504571840188
3503.0,75.41493193265039,470.5521423838182,16.85523056688266
3504.0,74.6921096066309,470.5307748197706,16.855415312257495
3505.0,74.96594106340979,470.5096120553821,16.85559995450915
3506.0,75.15424474569399,470.4883717054141,16.855784493620394
3507.0,74.83560289668004,470.4670780027362,16.85596892957402
3508.0,77.20917011152547,470.44587458191546,16.856153262352812
3509.0,74.88284303030153,470.42399865038385,16.85633749193958
3510.0,74.22590620483788,470.40278184485857,16.85652161831714
3511.0,75.74795934679591,470.38175117143385,16.856705641468313
3512.0,74.8389664470995,470.360289249619,16.856889561375926
3513.0,74.7109801823315,470.3390848757923,16.857073378022825
3514.0,74.82245828934448,470.31791676474063,16.85725709139187
3515.0,74.38895024864534,470.2967170682253,16.857440701465908
3516.0,74.88921590537798,470.2756401989882,16.85762420822782
3517.0,75.82178288749087,470.254421587815,16.857807611660483
3518.0,75.45402256380967,470.2329387493302,16.85799091174679
3519.0,75.80091075642922,470.2115601096038,16.858174108469637
3520.0,75.23179652197624,470.1900831848895,16.858357201811938
3521.0,74.53255663488561,470.1687675092083,16.858540191756607
3522.0,75.16053686607069,470.14764995149505,16.858723078286584
3523.0,76.28596478948832,470.12635446604963,16.858905861384795
3524.0,75.12158599132003,470.1047401093593,16.859088541034197
3525.0,73.88726484141154,470.0834556599951,16.859271117217745
3526.0,75.27691935889298,470.0625209349567,16.859453589918406
3527.0,73.20293369089698,470.0411924744717,16.859635959119156
3528.0,74.80601074963171,470.0204516432592,16.859818224802986
3529.0,75.48106922070914,469.9992566068801,16.86000038695289
3530.0,75.61219236004354,469.9778703039343,16.86018244555187
3531.0,74.55893332471327,469.95644684943227,16.860364400582952
3532.0,74.70162246584883,469.93532181832364,16.860546252029152
3533.0,76.08564910661939,469.914156358625,16.860727999873514
3534.0,74.75919996782265,469.89259875804476,16.860909644099074
3535.0,75.57537837195889,469.87141698472055,16.861091184688895
3536.0,74.23387486151418,469.8500039608485,16.861272621626032
3537.0,75.38827526805109,469.8289710296377,16.86145395489357
3538.0,75.59581772476055,469.80761101831183,16.86163518447458
3539.0,73.38404504975695,469.7861922032898,16.861816310352168
3540.0,74.78826835675707,469.7654000571923,16.861997332509425
3541.0,74.40596344937612,469.7442100478246,16.862178250929475
3542.0,74.15045748381759,469.7231283581806,16.86235906559543
3543.0,75.56959227490614,469.7021190618935,16.86253977649043
3544.0,74.80402816072771,469.6807076774156,16.86272038359761
3545.0,73.38799980310614,469.65951320277003,16.862900886900125
3546.0,76.33752918588767,469.6387199361592,16.86308128638114
3547.0,74.54215318356304,469.6170909695565,16.863261582023814
3548.0,74.33272571552058,469.59597069282114,16.86344177381134
3549.0,73.9588987541344,469.5749097538684,16.8636218617269
3550.0,76.66076785672458,469.55395473255476,16.863801845753695
3551.0,75.22626792836307,469.53223418166203,16.86398172587494
3552.0,75.68423531177179,469.5109200724156,16.86416150207385
3553.0,76.29104193714234,469.489476205744,16.864341174333653
3554.0,74.0423147308846,469.4678604105285,16.864520742637588
3555.0,75.44533858239963,469.44688175468804,16.864700206968905
3556.0,76.21943807230944,469.425505575423,16.86487956731086
3557.0,75.61077886762959,469.4039100679692,16.86505882364672
3558.0,73.39257990978744,469.38248701395673,16.865237975959765
3559.0,74.39725105761453,469.36169244964896,16.86541702423328
3560.0,75.03200847373822,469.34061322851596,16.865595968450563
3561.0,75.48874146136038,469.31935415944844,16.86577480859492
3562.0,74.37415621227333,469.29796568270103,16.865953544649667
3563.0,75.08258440659858,469.2768930051075,16.86613217659813
3564.0,75.64272410760704,469.25561960619234,16.866310704423643
3565.0,74.55157451352102,469.2341875010285,16.866489128109553
3566.0,75.40689516913791,469.21306455491634,16.86666744763922
3567.0,74.65702518140584,469.1916992679518,16.866845662996
3568.0,74.95218629144725,469.1705464441504,16.86702377416327
3569.0,74.79543833799755,469.1493099913678,16.867201781124415
3570.0,75.50751325306014,469.1281179505054,16.86737968386283
3571.0,75.53144818737891,469.10672415508367,16.867557482361917
3572.0,75.25953386626789,469.08532357809725,16.86773517660509
3573.0,74.66841267300536,469.06400004350184,16.86791276657577
3574.0,75.32530979238324,469.0428439932445,16.8680902522574
3575.0,74.50927058523217,469.0215018221366,16.868267633633405
3576.0,75.14258574727658,469.00039086213746,16.868444910687252
3577.0,74.61972283367433,468.9791004628424,16.868622083402396
3578.0,75.31115405835119,468.95795820803954,16.86879915176231
3579.0,75.25571195461912,468.936620047723,16.868976115750478
3580.0,75.46489131091455,468.9152975960025,16.86915297535039
3581.0,75.16743009711902,468.8939158767978,16.86932973054554
3582.0,75.87895415416523,468.87261843827025,16.86950638131945
3583.0,74.2723740592952,468.8511194012599,16.86968292765563
3584.0,73.3852554028049,468.8300755619431,16.869859369537625
3585.0,75.91594855504475,468.8092830729123,16.870035706948958
3586.0,76.2796677231205,468.787773554155,16.870211939873187
3587.0,74.34936384719848,468.7661609816335,16.87038806829387
3588.0,76.18774271022593,468.74509532854347,16.870564092194574
3589.0,74.50273896586455,468.7235088014422,16.87074001155888
3590.0,74.8789702180457,468.7023996920685,16.870915826370382
3591.0,75.60030028758904,468.6811839838401,16.87109153661267
3592.0,75.21900217970632,468.6597638987586,16.871267142269353
3593.0,73.52934644787508,468.6384518481411,16.871442643324055
3594.0,76.17408342507558,468.61761853331416,16.8716180397604
3595.0,75.2927181985914,468.59603587634376,16.871793331562024
3596.0,74.76871713619438,468.57470293952076,16.871968518712578
3597.0,75.79724335815672,468.5535184696655,16.872143601195713
3598.0,74.28425419060383,468.5320425840474,16.8723185789951
3599.0,74.22747663966003,468.5109953786934,16.872493452094414
3600.0,75.01667399736603,468.48996426031215,16.872668220477344
3601.0,74.57329355945538,468.4687095360129,16.872842884127582
3602.0,74.53010690517605,468.44758043617105,16.87301744302884
3603.0,77.0407988993578,468.42646357254796,16.873191897164826
3604.0,75.81714988510498,468.4046353461931,16.873366246519264
3605.0,74.782618445535,468.38315382039235,16.873540491075904
3606.0,74.31576068041838,468.3619654118328,16.873714630818473
3607.0,77.1783279855907,468.34090927963996,16.873888665730735
3608.0,73.37151002163614,468.31904208671074,16.874062595796456
3609.0,75.58782352272948,468.29825349220454,16.874236420999406
3610.0,75.1744083421366,468.2768369422065,16.874410141323363
3611.0,75.27622011444146,468.2555375265095,16.874583756752134
3612.0,75.636297750913,468.2342092641438,16.87475726726952
3613.0,74.83913501103385,468.21277897978104,16.874930672859325
3614.0,74.07618942615566,468.1915745581946,16.87510397350538
3615.0,74.85469396048414,468.17058630452385,16.87527716919151
3616.0,74.06833751494922,468.1493774745683,16.87545025990157
3617.0,75.36104001725074,468.1283914456058,16.875623245619405
3618.0,74.40898119572786,468.1070391509342,16.87579612632888
3619.0,75.58296061491505,468.0859566062621,16.875968902013863
3620.0,75.41330507999425,468.0645414340879,16.876141572658238
3621.0,74.32545211660361,468.0431743309819,16.8763141382459
3622.0,74.96461085777315,468.0221154528822,16.876486598760746
3623.0,74.30991683584175,468.0008754798058,16.876658954186684
3624.0,75.17588206074036,467.979821003369,16.876831204507646
3625.0,75.35856430267,467.95852117011844,16.877003349707557
3626.0,75.11117937358425,467.9371695768994,16.877175389770354
3627.0,74.24184446840177,467.91588807607684,16.877347324679995
3628.0,74.53645177193428,467.89485288681084,16.877519154420437
3629.0,75.48768415082442,467.8737342254754,16.87769087897565
3630.0,73.95028898878127,467.85234604829935,16.87786249832961
3631.0,74.33725305828997,467.8313934664192,16.878034012466312
3632.0,74.39168917349396,467.8103312447193,16.878205421369753
3633.0,74.68963542336257,467.7892535994535,16.878376725023944
3634.0,74.76402391838462,467.76809153608355,16.87854792341291
3635.0,75.02050252120723,467.7469083959734,16.878719016520666
3636.0,75.02575447135135,467.72565258692566,16.878890004331264
3637.0,74.88601849683393,467.70439528982547,16.879060886828743
3638.0,73.8525341207307,467.68317758458466,16.879231663997167
3639.0,75.23970051891712,467.66225269991713,16.879402335820608
3640.0,75.25520855349889,467.64093478477014,16.879572902283137
3641.0,75.84310270210676,467.61961247567996,16.879743363368842
3642.0,75.02678642079414,467.59812359658105,16.879913719061825
3643.0,75.10079560538925,467.5768660070952,16.88008396934619
3644.0,75.70295489849184,467.55558744834025,16.88025411420606
3645.0,75.58170509150094,467.5341382777857,16.880424153625558
3646.0,73.8614331793865,467.51272346134317,16.880594087588822
3647.0,74.30561551655722,467.49179605527564,16.88076391608
3648.0,74.08706225915179,467.47074279754594,16.880933639083246
3649.0,74.168412441985,467.4497514632392,16.881103256582726
3650.0,74.4256533579444,467.4287370797139,16.881272768562624
3651.0,74.57970966119514,467.4076498112625,16.88144217500712
3652.0,75.81205960427268,467.3865188935252,16.88161147590041
3653.0,75.08173953874935,467.36503880997066,16.881780671226707
3654.0,75.25625532386282,467.3437656504347,16.88194976097022
3655.0,74.80597809490415,467.32244304475955,16.88211874511517
3656.0,74.02737724840738,467.3012480176327,16.88228762364581
3657.0,75.39572488059594,467.28027359407895,16.882456396546367
3658.0,74.84448268175741,467.25891147202947,16.882625063801104
3659.0,76.6580099327175,467.2377055352696,16.88279362539429
3660.0,75.10592099646442,467.21598576578873,16.882962081310193
3661.0,74.55231422927304,467.19470575483973,16.883130431533104
3662.0,74.98109433547332,467.17358259914135,16.88329867604731
3663.0,75.79913156195362,467.15233795574636,16.883466814837128
3664.0,74.35493922647626,467.1308615351371,16.88363484788686
3665.0,73.5400277798206,467.10979430235625,16.883802775180836
3666.0,75.1746171798206,467.088957961152,16.88397059670339
3667.0,73.90848264542747,467.06765848628436,16.884138312438864
3668.0,75.95187622495088,467.0467177495348,16.884305922371617
3669.0,73.7709142299485,467.02519805127116,16.884473426486007
3670.0,75.03498043922148,467.0042962922393,16.88464082476641
3671.0,75.49705711921055,466.98303638111486,16.88480811719721
3672.0,74.84225928538363,466.9616455482644,16.884975303762804
3673.0,74.67276094638329,466.9404402414669,16.885142384447583
3674.0,74.22719394646438,466.9192829591987,16.885309359235976
3675.0,75.62865152980686,466.8982519209139,16.885476228112395
3676.0,74.43943779094391,466.8768238029804,16.88564299106128
3677.0,74.15880470312831,466.85573262893973,16.88580964806707
3678.0,75.0248362582948,466.83472096760715,16.885976199114218
3679.0,74.30666114820659,466.81346393066724,16.88614264418718
3680.0,75.0984073019759,466.7924103766753,16.886308983270442
3681.0,75.23199624289309,466.77113249460643,16.886475216348483
3682.0,75.54881290977194,466.74981676233756,16.886641343405785
3683.0,74.46327291778246,466.72841126534644,16.88680736442686
3684.0,76.51870518928419,466.7073133380198,16.886973279396216
3685.0,74.06548442850118,466.68563303821617,16.88713908829838
3686.0,76.61319613338527,466.66464781762807,16.887304791117874
3687.0,74.26193909569398,466.6429407453903,16.88747038783925
3688.0,73.83072965562907,466.62189986264656,16.887635878447053
3689.0,75.41622133236878,466.60098115591074,16.887801262925848
3690.0,74.80588388307659,466.57961322653324,16.88796654126021
3691.0,74.87038411559764,466.5584182260997,16.888131713434706
3692.0,74.5537158178883,466.53720495060026,16.88829677943394
3693.0,76.09220298669194,466.51608139778523,16.888461739242512
3694.0,74.96829013159386,466.49452194027236,16.888626592845036
3695.0,75.38986534705633,466.47328092473504,16.88879134022612
3696.0,75.5542038827532,466.4519204628867,16.888955981370408
3697.0,74.9311961729066,466.43051343845326,16.88912051626253
3698.0,74.20601809390246,466.40928293287095,16.889284944887148
3699.0,75.65022730564766,466.38825789441097,16.889449267228915
3700.0,74.57650800115825,466.366823663341,16.889613483272505
3701.0,75.99061816746132,466.3456936527407,16.889777593002595
3702.0,74.64341882668626,466.32416297759323,16.88994159640388
3703.0,74.43680403860455,466.3030140089257,16.890105493461053
3704.0,75.6145206720502,466.28192358111477,16.89026928415883
3705.0,74.90030590887328,466.26049946692433,16.89043296848193
3706.0,73.99984283291336,466.2392777135835,16.890596546415086
3707.0,75.78534413711192,466.2183110914475,16.890760017943034
3708.0,74.66684334682799,466.19683857727534,16.890923383050524
3709.0,75.6641335021112,466.1756829716604,16.891086641722314
3710.0,74.35015811846208,466.1542448005015,16.891249793943178
3711.0,74.53708784765851,466.1331789223679,16.891412839697892
3712.0,75.3598512420468,466.1120600808111,16.89157577897125
3713.0,73.96933056838395,466.09070812295914,16.891738611748053
3714.0,75.25989661119385,466.0697501459648,16.8919013380131
3715.0,74.24789464962423,466.04842650859166,16.892063957751223
3716.0,73.86861934880187,466.0273896051076,16.89222647094724
3717.0,75.88941484802943,466.0064601629587,16.892388877585997
3718.0,73.3854996289347,465.9849581620851,16.89255117765234
3719.0,74.8145655164271,465.96416560385694,16.892713371131137
3720.0,74.74236059378727,465.9429681436273,16.892875458007243
3721.0,74.98345294420557,465.921791141459,16.893037438265548
3722.0,74.69381465493035,465.9005458297915,16.89319931189094
3723.0,75.87092534374803,465.87938258230594,16.89336107886831
3724.0,75.61161444021657,465.85788582012526,16.893522739182576
3725.0,74.77745075202513,465.83646252936717,16.89368429281865
3726.0,75.27669209682776,465.8152755849874,16.893845739761467
3727.0,75.14777431544033,465.7939471888933,16.89400707999596
3728.0,74.7583525629341,465.77265531950394,16.894168313507084
3729.0,75.58329134712916,465.75147378627776,16.894329440279787
3730.0,73.69913871961793,465.7300585203961,16.89449046029905
3731.0,74.69438128410023,465.70917709775887,16.894651373549845
3732.0,75.64563526695332,465.68801368972834,16.894812180017162
3733.0,72.7382483512889,465.66658075973606,16.894972879686
3734.0,75.10967830393784,465.6459715893699,16.895133472541364
3735.0,75.70094389303455,465.62469051385045,16.895293958568278
3736.0,76.09544107455629,465.60324191308075,16.89545433775177
3737.0,75.81501208620071,465.5816815381096,16.89561461007687
3738.0,75.30934651391046,465.5602006180185,16.895774775528633
3739.0,75.45627939896907,465.53886296983956,16.89593483409212
3740.0,76.37644823258974,465.5174836906765,16.896094785752393
3741.0,74.64658255894057,465.4958436970106,16.896254630494532
3742.0,75.1668964361915,465.47469383195227,16.89641436830363
3743.0,74.25934840892249,465.4533965446287,16.896573999164783
3744.0,74.3362178749293,465.43235639591285,16.896733523063094
3745.0,74.84088429418655,465.4112944675149,16.896892939983687
3746.0,75.48266824002113,465.3900895502982,16.897052249911688
3747.0,75.43235333261653,465.3687027942969,16.897211452832234
3748.0,74.13494626417574,465.34733029418595,16.897370548730475
3749.0,73.9971069727996,465.3263253927444,16.89752953759157
3750.0,75.63096728610091,465.3053595457688,16.897688419400684
3751.0,75.31203752553594,465.2839307717044,16.897847194142994
3752.0,75.03706351763078,465.26259236107217,16.898005861803693
3753.0,74.25363515207229,465.24133185974216,16.898164422367977
3754.0,74.48936125586522,465.2202933297824,16.898322875821055
3755.0,75.79478702722025,465.1991880107599,16.898481222148142
3756.0,73.46100435621656,465.1777128211022,16.898639461334465
3757.0,75.04232034004797,465.1568988698679,16.898797593365266
3758.0,74.79410891171125,465.13563687910494,16.898955618225795
3759.0,74.80308795719706,465.1144452149133,16.899113535901304
3760.0,76.65093534582684,465.09325100665876,16.899271346377066
3761.0,75.35471927281885,465.0715332416441,16.899429049638353
3762.0,75.56476185950692,465.05018273785015,16.899586645670457
3763.0,74.86939232787711,465.0287727219899,16.89974413445868
3764.0,76.45737573679894,465.00755972749704,16.899901515988322
3765.0,74.8321622364863,464.98589680437163,16.900058790244707
3766.0,75.94324351454596,464.96469435840464,16.90021595721316
3767.0,74.38600202172174,464.94317710607544,16.90037301687902
3768.0,74.7104347743729,464.92210107216926,16.900529969227634
3769.0,73.47361982973335,464.90093311564993,16.900686814244363
3770.0,73.95857810626028,464.8801155900315,16.90084355191457
3771.0,75.29647926718187,464.85916065956803,16.90100018222364
3772.0,75.47622869960092,464.837826657109,16.901156705156954
3773.0,74.09566653655514,464.8164417256441,16.901313120699914
3774.0,74.85514006036095,464.79544795345873,16.901469428837927
3775.0,74.71164052378808,464.77423899710834,16.901625629556413
3776.0,75.26272197099273,464.7530706989599,16.9017817228408
3777.0,75.10845335102263,464.7317462610681,16.90193770867652
3778.0,76.11002439300849,464.7104655326186,16.90209358704903
3779.0,73.9972104357442,464.68890102570737,16.902249357943788
3780.0,74.48224787484455,464.6679351494172,16.902405021346254
3781.0,74.63125007493639,464.64683184585266,16.90256057724191
3782.0,76.54214460060598,464.6256863249981,16.90271602561625
3783.0,75.03025019520288,464.60399938402793,16.902871366454765
3784.0,75.49222736518644,464.5827408131393,16.903026599742965
3785.0,74.6185332826538,464.5613513487192,16.90318172546637
3786.0,75.54070849441221,464.5402094309557,16.90333674361051
3787.0,74.14171177754788,464.51880623021566,16.90349165416092
3788.0,73.4792134519936,464.4977994118787,16.90364645710315
3789.0,73.6086202878852,464.47698030140066,16.90380115242276
3790.0,75.09339418777886,464.4561245256524,16.903955740105317
3791.0,74.32906536100745,464.43484806396583,16.9041102201364
3792.0,75.73299345759726,464.4137881621136,16.904264592501594
3793.0,74.96376778076777,464.3923304806339,16.904418857186506
3794.0,76.13183314971835,464.37109074642933,16.904573014176737
3795.0,75.8375017769288,464.3495200603703,16.904727063457912
3796.0,75.77764674323203,464.3280327682001,16.904881005015653
3797.0,75.71753152904387,464.30656243495616,16.905034838835608
3798.0,75.41429483060817,464.2851091343563,16.905188564903415
3799.0,74.22252005140474,464.263741750821,16.90534218320474
3800.0,74.81604485743829,464.24271203680644,16.905495693725257
3801.0,75.3508044084181,464.22151415743014,16.905649096450635
3802.0,74.99843868225098,464.20016476284775,16.905802391366564
3803.0,75.28362180236937,464.1789152052211,16.90595557845875
3804.0,74.47591202030718,464.1575848457104,16.906108657712902
3805.0,75.10630522166576,464.1364833373047,16.90626162911473
3806.0,75.06468453728458,464.1152032174919,16.906414492649972
3807.0,75.33928421428135,464.0939348902063,16.906567248304366
3808.0,75.23503095899449,464.072588759679,16.90671989606366
3809.0,73.60638754685965,464.05127216757387,16.906872435913613
3810.0,76.27015269364611,464.03041702443556,16.90702486784
3811.0,74.91875516830343,464.0088071478391,16.907177191828595
3812.0,74.7453644382414,463.987580167208,16.907329407865188
3813.0,75.67716689632347,463.96640231395054,16.907481515935583
3814.0,75.65049874663038,463.9449604499966,16.907633516025584
3815.0,73.7745273977339,463.9235261420184,16.90778540812102
3816.0,73.36565400340577,463.90262335925564,16.90793719220771
3817.0,75.90205413852165,463.8818364239547,16.908088868271502
3818.0,75.6304795795008,463.86033084194884,16.908240436298247
3819.0,74.78242100834859,463.838902206068,16.9083918962738
3820.0,74.98471935857789,463.81771385344894,16.90854324818403
3821.0,75.80050946777853,463.79646818296396,16.908694492014828
3822.0,74.81522345860648,463.77499137194815,16.908845627752076
3823.0,75.26084267861421,463.75379372530153,16.908996655381678
3824.0,75.73946836597437,463.7324698198759,16.90914757488954
3825.0,74.35066216610765,463.71101030383886,16.90929838626159
3826.0,75.58431014672216,463.6899442828918,16.909449089483754
3827.0,74.52667099616978,463.6685287283502,16.909599684541973
3828.0,74.55530757056981,463.6474128382347,16.909750171422203
3829.0,75.47932599694239,463.62628883442295,16.909900550110397
3830.0,75.11127219330623,463.6049030253905,16.910050820592534
3831.0,76.64745895898183,463.58362149826905,16.91020098285459
3832.0,75.01669451910708,463.56190471823066,16.910351036882563
3833.0,74.99612308069628,463.5406499881169,16.91050098266245
3834.0,74.95386467247208,463.5194010865774,16.910650820180262
3835.0,75.23595844355201,463.49816415825353,16.91080054942202
3836.0,74.33860317216596,463.4768473033612,16.91095017037376
3837.0,74.46572804140237,463.4557846991291,16.911099683021522
3838.0,74.66223533885729,463.434686076184,16.911249087351358
3839.0,75.99117805316898,463.41353177617134,16.911398383349333
3840.0,75.69683814302486,463.3920009423896,16.91154757100151
3841.0,74.5417745713894,463.37055350491573,16.911696650293983
3842.0,75.11149249517736,463.34943333545385,16.911845621212837
3843.0,75.28584047504098,463.32815174591354,16.911994483744177
3844.0,74.81039865507273,463.30682075777895,16.91214323787412
3845.0,75.05385229812859,463.28562447816,16.912291883588782
3846.0,75.05537596389914,463.2643592200089,16.912440420874297
3847.0,74.39909547235158,463.24309353015246,16.91258884971681
3848.0,74.43276688094579,463.2220137864353,16.912737170102478
3849.0,75.57462149594998,463.2009245024857,16.912885382017453
3850.0,74.57109968497683,463.1795116930618,16.913033485447926
3851.0,74.43096058075395,463.1583832148177,16.913181480380064
3852.0,76.5081265751301,463.1372944426532,16.913329366800067
3853.0,74.20617184458928,463.11561714012356,16.913477144694138
3854.0,73.75767781460175,463.09459205810094,16.913624814048497
3855.0,75.75031396233426,463.07369404938675,16.91377237484936
3856.0,75.08410162348967,463.0522314604308,16.913919827082964
3857.0,76.15277193457487,463.0309576316375,16.914067170735553
3858.0,74.48648174942214,463.0093810129227,16.91421440579338
3859.0,73.88516753319647,462.98827650976034,16.91436153224271
3860.0,75.65462277928066,462.96734237895924,16.91450855006983
3861.0,74.50097752794734,462.94590690250516,16.914655459261006
3862.0,73.27814919747516,462.9247982922056,16.91480225980254
3863.0,74.38167071200125,462.9040361499329,16.914948951680735
3864.0,74.6193790240492,462.88296134323116,16.915095534881917
3865.0,75.39760498645634,462.86181918584106,16.9152420093924
3866.0,75.3369383077901,462.8404565310949,16.915388375198525
3867.0,75.03388569251621,462.81911106524103,16.915534632286633
3868.0,75.57804465953397,462.7978514642948,16.915680780643083
3869.0,75.80032137119744,462.77643768497455,16.915826820254242
3870.0,74.05316860475206,462.75496092725274,16.915972751106487
3871.0,74.92860464415294,462.7339791961481,16.9161185731862
3872.0,74.4613534378813,462.7127494248322,16.91626428647978
3873.0,76.1082206888482,462.6916520413581,16.91640989097363
3874.0,75.13456389477946,462.67008804549636,16.91655538665417
3875.0,74.16923632456582,462.64879991905946,16.91670077350783
3876.0,74.89759495465965,462.62778530210085,16.91684605152104
3877.0,75.44919379985268,462.6065643168637,16.916991220680252
3878.0,74.65758952826782,462.58518704528706,16.917136280971924
3879.0,74.86829196582852,462.5640340615874,16.917281232382518
3880.0,74.79985760068129,462.5428213788637,16.917426074898515
3881.0,76.41928307225245,462.5216280858769,16.917570808506404
3882.0,73.10773745238615,462.4999759556731,16.91771543319268
3883.0,75.08245844244425,462.47926209672823,16.917859948943857
3884.0,76.32975918918974,462.45798873350293,16.918004355746447
3885.0,74.3669004908001,462.4363619683993,16.918148653586975
3886.0,75.42973295273606,462.41529134659356,16.91829284245199
3887.0,74.01896827700354,462.3939195889236,16.918436922328038
3888.0,74.79349335826683,462.3729475479118,16.91858089320167
3889.0,74.88923320720235,462.3517560581269,16.91872475505947
3890.0,74.98293538779551,462.33053744205154,16.918868507888
3891.0,74.8525591389856,462.309292277025,16.919012151673858
3892.0,74.5916584944259,462.2880840519357,16.91915568640365
3893.0,73.79009827029682,462.2669497486956,16.91929911206397
3894.0,75.97985579117488,462.24604255418564,16.91944242864145
3895.0,74.47447627648236,462.22451492837814,16.919585636122715
3896.0,76.62878194873726,462.2034138267665,16.919728734494413
3897.0,74.74861468553202,462.18170233854767,16.91987172374318
3898.0,75.30808788118318,462.1605235643868,16.920014603855694
3899.0,75.255031409031,462.13918627282044,16.920157374818615
3900.0,74.12984145603478,462.1178640139212,16.920300036618624
3901.0,74.357509466409,462.09686055884197,16.920442589242416
3902.0,75.11332707435055,462.0757925978265,16.92058503267669
3903.0,75.30006407922068,462.0545104884888,16.92072736690816
3904.0,74.66828579581174,462.03317547033294,16.920869591923545
3905.0,74.5315940511975,462.0120194560242,16.921011707709578
3906.0,75.77799290949794,461.990902171043,16.921153714253002
3907.0,75.06296317105405,461.96943173971863,16.921295611540568
3908.0,75.35993361419385,461.94816390015353,16.92143739955904
3909.0,75.05819711191366,461.92681191896287,16.92157907829519
3910.0,73.41423789199719,461.9055454297811,16.9217206477358
3911.0,75.05699084814373,461.88474472904505,16.921862107867664
3912.0,74.1830006605332,461.86347858163805,16.922003458677587
3913.0,74.11951619880938,461.84246006478423,16.922144700152376
3914.0,76.57074640295502,461.8214595351946,16.922285832278867
3915.0,75.34437907624839,461.7997644903804,16.92242685504388
3916.0,74.86023188776656,461.77841691630886,16.92256776843427
3917.0,74.6380730287319,461.75720651727397,16.922708572436886
3918.0,75.79504229762065,461.7360590632492,16.92284926703859
3919.0,74.19920596504899,461.7145838012648,16.922989852226262
3920.0,74.50904770961517,461.6935606929081,16.923130327986783
3921.0,74.32881744491999,461.67244979605704,16.923270694307057
3922.0,73.63408149133141,461.6513899644476,16.923410951173977
3923.0,75.5614560421725,461.6305269746917,16.923551098574464
3924.0,75.50721197180476,461.60911789547976,16.923691136495446
3925.0,75.5372002923034,461.5877241854211,16.923831064923856
3926.0,74.8045261271824,461.5663219786716,16.923970883846643
3927.0,74.58023793851467,461.54512736293555,16.924110593250756
3928.0,74.15187985542177,461.5239962955196,16.92425019312317
3929.0,73.52929731561896,461.5029865962273,16.92438968345086
3930.0,75.49980911219201,461.48215329532115,16.924529064220813
3931.0,76.1897045230188,461.4607616827394,16.924668335420026
3932.0,74.79802919413986,461.4391745997912,16.924807497035502
3933.0,76.17905063112859,461.41798182485286,16.924946549054265
3934.0,74.05174289835752,461.3963977605074,16.92508549146334
3935.0,74.3456043724843,461.3754164333529,16.925224324249765
3936.0,75.3428093852339,461.35435184544735,16.92536304740059
3937.0,74.5113776213203,461.33300471612154,16.925501660902874
3938.0,75.29364473108168,461.31189315912883,16.925640164743687
3939.0,75.02834525751193,461.29055995978837,16.9257785589101
3940.0,75.18703072672358,461.269301928632,16.92591684338921
3941.0,76.70572944172541,461.2479989365928,16.926055018168114
3942.0,74.08674083108906,461.22626564658435,16.926193083233926
3943.0,75.6087953496375,461.2052744033488,16.926331038573757
3944.0,75.5665246993787,461.1838519113331,16.92646888417475
3945.0,75.89797609770639,461.1624413960016,16.92660662002403
3946.0,74.39482197190058,461.1409369694406,16.926744246108765
3947.0,75.02710596346851,461.11985843654855,16.9268817624161
3948.0,75.6344401946512,461.09860075652557,16.927019168933217
3949.0,74.8382871839505,461.0771709984704,16.927156465647293
3950.0,73.4179231126881,461.05596681710165,16.927293652545522
3951.0,74.14556780427391,461.03516507221974,16.927430729615104
3952.0,75.33946205907077,461.01415716134187,16.92756769684325
3953.0,74.25807860288661,460.99281098042513,16.927704554217186
3954.0,75.32661426665591,460.9717711914876,16.92784130172414
3955.0,74.94018824885207,460.95042865077875,16.927977939351358
3956.0,76.82041881767425,460.92919559744155,16.928114467086097
3957.0,74.78388925569146,460.90742981210985,16.928250884915613
3958.0,74.04251032320354,460.8862410434875,16.928387192827184
3959.0,75.78630214990226,460.8652623322292,16.928523390808092
3960.0,74.9533033762958,460.84378954662003,16.928659478845635
3961.0,73.76258255750234,460.82255277733015,16.92879545692711
3962.0,74.5901591788605,460.8016533789388,16.92893132503984
3963.0,75.96336173036617,460.7805195005048,16.929067083171145
3964.0,74.83756209401778,460.7589965480145,16.929202731308365
3965.0,74.35239800576399,460.73779257208787,16.929338269438837
3966.0,75.21281790058522,460.7167260593196,16.929473697549927
3967.0,75.13771592163006,460.6954157609144,16.929609015628994
3968.0,74.91750650757642,460.67412674140326,16.929744223663416
3969.0,74.08517588421932,460.6529001145595,16.92987932164058
3970.0,75.24159494723864,460.6319093147256,16.930014309547882
3971.0,74.92414387807159,460.6105908628239,16.93014918737273
3972.0,75.00450082130315,460.58936235539176,16.930283955102546
3973.0,75.38966095054361,460.5681110801591,16.930418612724747
3974.0,75.31697973527923,460.5467506762231,16.93055316022678
3975.0,75.72029272665013,460.5254108652981,16.930687597596087
3976.0,74.85036600726161,460.5039567823589,16.930821924820133
3977.0,76.44895530485465,460.48274917865683,16.930956141886377
3978.0,76.21686234493079,460.46108864132043,16.93109024878231
3979.0,74.17723517311036,460.439493863656,16.931224245495414
3980.0,75.26739674233434,460.41847698035696,16.93135813201319
3981.0,75.78272979559074,460.39715121794666,16.93149190832315
3982.0,73.56319133591796,460.37567944450456,16.93162557441281
3983.0,76.23012892478434,460.35483654029275,16.9317591302697
3984.0,75.47292417774912,460.33323800376405,16.931892575881367
3985.0,74.92181341529962,460.3118540085804,16.932025911235357
3986.0,74.02972632646069,460.290626161446,16.932159136319232
3987.0,75.53094838580444,460.2696510723202,16.932292251120565
3988.0,74.7297814272751,460.2482506369442,16.93242525562693
3989.0,73.82427853969236,460.22707719887313,16.932558149825933
3990.0,75.87525346161942,460.2061603199536,16.93269093370517
3991.0,74.71772601392446,460.1846623314728,16.932823607252253
3992.0,74.68207814058766,460.1634923091022,16.9329561704548
3993.0,73.76326380347773,460.1423323869624,16.933088623300453
3994.0,74.74079224985304,460.12143279555136,16.93322096577685
3995.0,73.88707732983805,460.1002562377472,16.93335319787165
3996.0,76.44814709086374,460.0793215658371,16.93348531957251
3997.0,74.28456830093523,460.0576612574947,16.93361733086711
3998.0,75.42382131745043,460.03661396314277,16.933749231743136
3999.0,73.85301372758079,460.0152438804362,16.933881022188277
4000.0,74.44883011480054,459.99431885987997,16.934012702190245
4001.0,75.3547277602575,459.97322502468086,16.934144271736752
4002.0,74.68601352908148,459.9518745184821,16.93427573081552
4003.0,75.83141994743612,459.93071348131554,16.934407079414296
4004.0,75.19585667471145,459.90922791233044,16.934538317520815
4005.0,76.18740417430683,459.8879224196059,16.934669445122843
4006.0,74.41807370337435,459.86633598842315,16.93480046220814
4007.0,75.63860724159636,459.8452508675405,16.934931368764488
4008.0,74.60696129361251,459.8238199288221,16.935062164779676
4009.0,74.65499845987891,459.80268128978895,16.9351928502415
4010.0,76.42985677808558,459.7815290402253,16.935323425137767
4011.0,74.85758680597458,459.75987391413815,16.935453889456298
4012.0,74.35211741781771,459.73866426454316,16.935584243184923
4013.0,75.65255521214817,459.7175978312747,16.935714486311475
4014.0,74.1789664261175,459.69616294063127,16.93584461882381
4015.0,74.29903451397782,459.67514556681056,16.93597464070979
4016.0,74.7753376615102,459.6540941736983,16.936104551957282
4017.0,74.8923105162587,459.63290782802756,16.936234352554166
4018.0,76.54026373166653,459.6116883400479,16.93636404248833
4019.0,75.27932050233385,459.59000193199057,16.936493621747683
4020.0,74.56783859472581,459.56867279118165,16.93662309032013
4021.0,75.64773605316915,459.5475452369131,16.936752448193598
4022.0,75.38977722788802,459.52611171169804,16.936881695356018
4023.0,74.97492384283385,459.50475127481684,16.93701083179533
4024.0,73.7397623446618,459.48350837972805,16.93713985749949
4025.0,76.14709654194989,459.4626154470637,16.937268772456456
4026.0,75.23845555622574,459.4410404363768,16.93739757665421
4027.0,76.48128633217014,459.4197228739692,16.93752627008073
4028.0,73.86753562283373,459.3980531761751,16.937654852724012
4029.0,75.93548356004294,459.3771240410819,16.93778332457206
4030.0,74.40928286142663,459.3556089874066,16.937911685612892
4031.0,73.93713143704639,459.3345263572625,16.938039935834528
4032.0,75.10170604198338,459.31357750335536,16.93816807522501
4033.0,75.09968294989434,459.2922986866435,16.938296103772377
4034.0,74.70897871859407,459.271020443141,16.93842402146469
4035.0,75.55815799478519,459.2498528991708,16.938551828290016
4036.0,74.4088491484697,459.2284447544056,16.938679524236427
4037.0,75.11509532431216,459.2073622471468,16.938807109292018
4038.0,74.11472153319035,459.1860796368049,16.93893458344488
4039.0,74.6506205044405,459.16508046570385,16.939061946683122
4040.0,74.88457810140032,459.14392945656095,16.939189198994868
4041.0,75.25368290964204,459.1227121594322,16.939316340368244
4042.0,75.57205517248792,459.10139028260784,16.939443370791384
4043.0,74.34961119243285,459.079978200309,16.93957029025244
4044.0,76.1144597644414,459.0589124771377,16.93969709873958
4045.0,75.04098484823477,459.03734671353783,16.93982379624096
4046.0,74.30679958810065,459.0160851011642,16.939950382744772
4047.0,75.14329261698586,458.99503150794754,16.940076858239202
4048.0,75.6830700463172,458.97374090837275,16.94020322271245
4049.0,73.96430195228487,458.95229737185963,16.94032947615273
4050.0,74.13251261146615,458.9313408196398,16.940455618548267
4051.0,75.61362962638559,458.91033660773326,16.940581649887285
4052.0,74.15047225171247,458.88891274600576,16.940707570158036
4053.0,75.40828875378408,458.8679034455344,16.940833379348767
4054.0,73.82092451206688,458.8465377637209,16.94095907744774
4055.0,74.30671528158646,458.82562183510913,16.94108466444323
4056.0,74.23756991322213,458.8045682657793,16.941210140323527
4057.0,75.57852276043214,458.7835342876372,16.94133550507692
4058.0,75.99341561141767,458.7621203728551,16.941460758691715
4059.0,75.07857898542402,458.74058890509855,16.941585901156227
4060.0,74.43014210241724,458.71931664105267,16.94171093245878
4061.0,75.03553205824345,458.69822810079035,16.94183585258771
4062.0,75.63915944897025,458.67696803337384,16.941960661531372
4063.0,75.9589482582481,458.65553693819663,16.942085359278114
4064.0,75.24562265407812,458.6340152361901,16.9422099458163
4065.0,74.38629828480593,458.61269564310476,16.942334421134312
4066.0,74.51589088470722,458.59161952525744,16.94245878522054
4067.0,72.5776013290418,458.5705066895068,16.942583038063383
4068.0,75.49797906185873,458.54994303579684,16.942707179651244
4069.0,73.97456031360207,458.5285519417293,16.942831209972546
4070.0,74.02960735448109,458.5075924829738,16.94295512901571
4071.0,74.07271745951971,458.4866174275567,16.94307893676919
4072.0,76.06980297417894,458.46563015760984,16.94320263322143
4073.0,74.91825302153465,458.4440770467671,16.943326218360884
4074.0,74.54016172485494,458.42285020841103,16.94344969217603
4075.0,74.43946687950744,458.4017304959223,16.94357305465535
4076.0,73.79327043485272,458.3806393136398,16.94369630578733
4077.0,73.64287986465077,458.35973122034994,16.943819445560475
4078.0,75.5790953897567,458.33886573772156,16.9439424739633
4079.0,75.43687815237212,458.31745166069453,16.94406539098432
4080.0,74.83990954944696,458.2960778785514,16.944188196612078
4081.0,73.7135869345159,458.27487323751234,16.944310890835112
4082.0,74.88391308944618,458.25398772121423,16.944433473641975
4083.0,76.88977060229594,458.23277061250553,16.944555945021232
4084.0,74.67366500742293,458.2109851775015,16.944678304961464
4085.0,75.39380573574557,458.1898276390828,16.944800553451252
4086.0,75.0222050617796,458.16846606079105,16.944922690479185
4087.0,75.4458524445848,458.1472097693569,16.945044716033877
4088.0,75.19475994074595,458.1258334444976,16.94516663010394
4089.0,75.26642026287703,458.10452826251435,16.945288432678005
4090.0,74.76718843956462,458.0832027767732,16.945410123744708
4091.0,75.1705038985773,458.06201874004864,16.945531703292694
4092.0,75.38738951896681,458.0407204306107,16.945653171310624
4093.0,75.13207076358296,458.019360670247,16.94577452778716
4094.0,75.0769763595072,457.9980732501973,16.94589577271099
4095.0,75.95258237794005,457.97680144022877,16.9460169060708
4096.0,74.43652249343965,457.9552815418884,16.946137927855283
4097.0,74.67906009519798,457.93419119384856,16.946258838053158
4098.0,74.42462448665677,457.91303212682163,16.94637963665314
4099.0,75.60635376159607,457.8919451498837,16.94650032364396
4100.0,74.77773417219164,457.87052334965125,16.946620899014366
4101.0,74.39661417912822,457.84933632496916,16.9467413627531
4102.0,74.76240572562745,457.8282572842851,16.94686171484893
4103.0,75.59693714359446,457.8070746026628,16.946981955290628
4104.0,74.58063655729548,457.7856554704721,16.94710208406697
4105.0,74.85832428792094,457.7645242901142,16.947222101166762
4106.0,74.98029517867529,457.7433144315659,16.947342006578797
4107.0,75.76469400596048,457.72207001459867,16.947461800291897
4108.0,75.88086408646211,457.700603351297,16.947581482294876
4109.0,75.23655672517262,457.67910377313916,16.94770105257658
4110.0,76.15763612729272,457.65778674873366,16.947820511125848
4111.0,74.89148925215271,457.63620875183096,16.947939857931537
4112.0,75.7000377296442,457.6149894965429,16.948059092982515
4113.0,75.52236542512235,457.59354115251944,16.948178216267657
4114.0,74.76667254336958,457.57214314898226,16.948297227775853
4115.0,75.5249604409913,457.55095925842835,16.948416127495996
4116.0,76.16661103171327,457.52956051963673,16.948534915416992
4117.0,74.6395404232087,457.50797997984444,16.948653591527773
4118.0,74.03571111006512,457.48683211005783,16.94877215581725
4119.0,73.90261174240247,457.46585532524335,16.94889060827437
4120.0,74.35023904127455,457.44491625191637,16.949008948888093
4121.0,74.48492049148877,457.42385035085465,16.949127177647362
4122.0,74.99543702610784,457.4027462900487,16.949245294541157
4123.0,74.93149314276933,457.3814975828913,16.949363299558456
4124.0,75.3429333870597,457.36026699316756,16.949481192688253
4125.0,75.6820241889072,457.33891982870784,16.949598973919546
4126.0,76.45410986929062,457.317476588521,16.94971664324135
4127.0,75.49667776178967,457.2958145907247,16.949834200642687
4128.0,75.32891294777892,457.27442386535887,16.949951646112588
4129.0,74.59676009802905,457.25308067335703,16.950068979640104
4130.0,75.04795909256863,457.23194492466257,16.950186201214283
4131.0,74.78073918166875,457.210681336253,16.950303310824186
4132.0,74.83425639299975,457.1894934601515,16.950420308458895
4133.0,75.323691635483,457.16829042084015,16.950537194107493
4134.0,76.24998766625487,457.1469487082101,16.950653967759077
4135.0,75.06493194589142,457.125344545038,16.95077062940275
4136.0,75.26155738119748,457.10407614765336,16.95088717902763
4137.0,74.0086136146819,457.08275203972863,16.951003616622852
4138.0,75.74751358355735,457.0617829325379,16.951119942177538
4139.0,75.3501811609059,457.0403211370225,16.951236155680853
4140.0,76.50336735213874,457.0189719190269,16.951352257121943
4141.0,73.46372698336067,456.9972959649438,16.95146824648998
4142.0,74.54924601833393,456.9764812422985,16.951584123774143
4143.0,75.2985752458026,456.95535895592667,16.951699888963628
4144.0,74.55635383107631,456.934024359607,16.95181554204763
4145.0,74.20807104686024,456.91290005935485,16.95193108301536
4146.0,74.98998257713119,456.8918744392249,16.952046511856043
4147.0,75.403768586632,456.87062727749475,16.952161828558904
4148.0,74.9030224076181,456.8492628763952,16.952277033113187
4149.0,75.42483040991668,456.8280403533797,16.95239212550815
4150.0,73.61239781974366,456.8066699847636,16.952507105733055
4151.0,74.31539762991032,456.7858131387147,16.952621973777173
4152.0,75.38747173502095,456.76475710938615,16.952736729629784
4153.0,75.61141298106932,456.7433973257279,16.95285137328019
4154.0,75.70191562126736,456.72197409204995,16.952965904717693
4155.0,74.0557308833914,456.70052521595727,16.953080323931612
4156.0,74.87570653404215,456.6795427588736,16.953194630911266
4157.0,73.74353170119441,456.65832797535563,16.953308825645994
4158.0,73.89169566812303,456.63743397470694,16.953422908125145
4159.0,75.22074665145394,456.61649799426766,16.953536878338074
4160.0,74.5635115141986,456.59518544938305,16.953650736274152
4161.0,75.39640671253304,456.57405912112074,16.953764481922757
4162.0,72.60808997667449,456.55269680588555,16.953878115273273
4163.0,74.72621460308721,456.5321245137254,16.9539916363151
4164.0,75.52219668471228,456.5109520862546,16.954105045037654
4165.0,74.50084153685229,456.4895541305272,16.95421834143035
4166.0,75.45865219042646,456.46844555875845,16.95433152548262
4167.0,75.77295640341916,456.4470656073045,16.954444597183905
4168.0,75.0570646212975,456.42559660299025,16.954557556523657
4169.0,75.9329257130819,456.40433043468084,16.95467040349134
4170.0,75.36682675524425,456.3828161057288,16.95478313807642
4171.0,74.79929356541624,456.3614621714815,16.954895760268386
4172.0,73.79437048012186,456.34026903830465,16.95500827005673
4173.0,76.2341103800655,456.31936063333524,16.955120667430954
4174.0,76.45029025718418,456.2977609687276,16.95523295238058
4175.0,74.12446348265897,456.2761000531547,16.955345124895125
4176.0,75.00566441377782,456.25509812183464,16.955457184964125
4177.0,75.66760668938808,456.2338465169174,16.955569132577132
4178.0,75.49207095622268,456.21240736168875,16.955680967723698
4179.0,74.43892618929921,456.19101794158445,16.95579269039339
4180.0,74.73515338752122,456.16992691249754,16.95590430057579
4181.0,76.54665052671132,456.1487519523711,16.956015798260477
4182.0,75.0967124063885,456.1270637347218,16.956127183437054
4183.0,73.51866966966709,456.1057863328733,16.956238456095136
4184.0,74.11085886417125,456.0849560431336,16.956349616224333
4185.0,74.80319325547273,456.0639579664554,16.95646066381428
4186.0,74.24417089892053,456.04276372836637,16.95657159885462
4187.0,74.47340709640237,456.021727879945,16.956682421334996
4188.0,74.77444490626335,456.0006270812677,16.956793131245078
4189.0,74.46737774444018,455.9794409885443,16.95690372857453
4190.0,73.84745498614765,455.95834189818333,16.957014213313045
4191.0,74.78792349911303,455.93741845260394,16.957124585450305
4192.0,75.60068217226879,455.91622854094584,16.957234844976018
4193.0,75.48285893206445,455.89480834766374,16.957344991879896
4194.0,74.6542904762702,455.87342153763296,16.95745502615167
4195.0,74.96042853280807,455.85226948866466,16.957564947781073
4196.0,74.6805048185517,455.83103070058036,16.957674756757843
4197.0,75.60011263860014,455.80987122421516,16.95778445307174
4198.0,74.16508825277283,455.78845119230084,16.95789403671253
4199.0,75.9195749728466,455.76743775062926,16.958003507669996
4200.0,74.39576279680014,455.745927204387,16.958112865933924
4201.0,74.60684348452844,455.72484840492785,16.958222111494106
4202.0,74.20973891036171,455.7037097992739,16.958331244340354
4203.0,74.04163615399395,455.6826837065826,16.958440264462485
4204.0,74.27790938529029,455.66170524300566,16.95854917185033
4205.0,76.25275400843988,455.64065983534647,16.958657966493735
4206.0,74.15917522208221,455.61905488837743,16.95876664838254
4207.0,74.97600326620368,455.5980431220645,16.958875217506616
4208.0,75.62190801916624,455.57679992113907,16.958983673855826
4209.0,75.37510812498239,455.55537371386697,16.95909201742006
4210.0,74.63086018695309,455.5340174332316,16.959200248189205
4211.0,75.79920764364375,455.5128720228453,16.959308366153163
4212.0,74.83611111922866,455.4913955806795,16.959416371301856
4213.0,74.67023932809825,455.4701920158625,16.959524263625205
4214.0,73.56791530986312,455.4490354480528,16.95963204311314
4215.0,73.64417810513142,455.4281912053817,16.95973970975561
4216.0,75.31501336136073,455.4073253549186,16.95984726354257
4217.0,74.23135924984022,455.38598610113286,16.95995470446399
4218.0,75.59766924518364,455.3649538826788,16.96006203250984
4219.0,75.20718853217217,455.34353454305926,16.960169247670112
4220.0,75.5061244710261,455.3222258396418,16.9602763499348
4221.0,74.78813054568047,455.3008324377084,16.960383339293923
4222.0,74.56893018182777,455.27964246738713,16.96049021573749
4223.0,75.32333062258041,455.2585146038356,16.960596979255534
4224.0,74.42861951510561,455.23717299349255,16.960703629838093
4225.0,74.49162258625323,455.2160848846299,16.96081016747522
4226.0,74.50903747104238,455.1949789248971,16.960916592156973
4227.0,76.25667021955688,455.173868030947,16.96102290387343
4228.0,74.56566799501641,455.15226197438477,16.96112910261467
4229.0,75.49987303402362,455.13113503511954,16.961235188370782
4230.0,74.08128942352907,455.1097434044266,16.961341161131873
4231.0,74.10700800835775,455.0887537057566,16.96144702088806
4232.0,74.94421896933858,455.06775672015414,16.961552767629463
4233.0,76.58532838804253,455.04652252477956,16.961658401346217
4234.0,75.45553497180993,455.02482334840295,16.961763922028467
4235.0,74.635723283002,455.0034442801609,16.96186932966637
4236.0,72.81358281404556,454.9822974918974,16.961974624250097
4237.0,74.91900394590687,454.96166697676676,16.96207980576982
4238.0,75.95402233984652,454.9404399256488,16.962184874215726
4239.0,75.2086335052009,454.9189196193191,16.96228982957802
4240.0,74.76000341007487,454.8976105064927,16.962394671846898
4241.0,75.38820399990021,454.87642850552646,16.962499401012593
4242.0,75.65093711403289,454.85506851439317,16.962604017065328
4243.0,75.28306467865222,454.83363408221084,16.96270851999535
4244.0,75.46423449125913,454.8123038805519,16.962812909792902
4245.0,74.9042578350952,454.79092234744604,16.962917186448244
4246.0,75.40804434521904,454.7696994743928,16.963021349951653
4247.0,74.9271622912791,454.74833386182826,16.963125400293414
4248.0,75.29324162440474,454.7271044991791,16.963229337463822
4249.0,73.62561465191297,454.7057714140522,16.963333161453168
4250.0,74.78871389669358,454.68491082323413,16.96343687225178
4251.0,75.29673152076343,454.6637206876301,16.963540469849978
4252.0,75.41095412921318,454.6423866136992,16.963643954238094
4253.0,73.72203619459525,454.62102017669594,16.963747325406477
4254.0,75.55213938775675,454.6001322664408,16.963850583345486
4255.0,75.09741996812123,454.5787258269476,16.963953728045485
4256.0,75.24504538604322,454.55744822462333,16.964056759496852
4257.0,75.31549450087375,454.5361287950972,16.964159677689977
4258.0,75.56103934633775,454.5147894049887,16.964262482615258
4259.0,75.43722180465251,454.4933804438406,16.964365174263104
4260.0,74.1976202677025,454.47200656432926,16.964467752623932
4261.0,74.3631227411306,454.4509839052534,16.96457021768818
4262.0,76.51368232289087,454.4299143538101,16.964672569446282
4263.0,74.1526392298307,454.40823547715195,16.964774807888695
4264.0,75.59973238998742,454.3872255627035,16.964876933005876
4265.0,75.20233985198752,454.36580563852635,16.964978944788303
4266.0,74.33593724305463,454.3444983089016,16.965080843226456
4267.0,73.91088566628494,454.323436460016,16.96518262831083
4268.0,74.3156693999601,454.3024950424106,16.96528430003193
4269.0,74.86461123833936,454.28143893608063,16.96538585838027
4270.0,75.02939286814308,454.2602272962298,16.96548730334638
4271.0,74.57170621563206,454.23896896825045,16.965588634920785
4272.0,75.76915485236412,454.217840318156,16.965689853094045
4273.0,75.25128795640947,454.19637239094783,16.965790957856715
4274.0,76.70873171144443,454.1750511926935,16.965891949199357
4275.0,74.40818179359985,454.153317052042,16.96599282711255
4276.0,76.39846634530569,454.1322347338671,16.96609359158689
4277.0,74.80430738155069,454.11058850173595,16.966194242612968
4278.0,75.77828439114137,454.08939394797784,16.966294780181403
4279.0,75.11234100151565,454.067923434067,16.966395204282808
4280.0,74.34741641002938,454.04664160411653,16.966495514907823
4281.0,74.44952913869405,454.0255765028004,16.966595712047084
4282.0,74.9211978426359,454.00448246954437,16.966695795691244
4283.0,74.24276743419829,453.98325479682234,16.96679576583097
4284.0,74.12095565751098,453.9622193460493,16.966895622456935
4285.0,74.98182064714791,453.94121840861305,16.966995365559818
4286.0,76.32848946104671,453.91997355942965,16.967094995130317
4287.0,74.11301016038365,453.8983471540824,16.967194511159143
4288.0,74.7854568094697,453.87734846787026,16.967293913637004
4289.0,75.88261295813838,453.85615925510757,16.967393202554636
4290.0,75.95457371452937,453.8346591814361,16.967492377902765
4291.0,75.13701521828425,453.81313871888364,16.96759143967215
4292.0,75.67331970977352,453.79184989790514,16.96769038785354
4293.0,76.81486439122706,453.77040912398735,16.967789222437712
4294.0,75.51728556172748,453.7486449124099,16.967887943415445
4295.0,74.34127576952889,453.72724834816734,16.96798655077752
4296.0,75.37601310404536,453.7061849866993,16.96808504451475
4297.0,74.52044929326843,453.68482844965314,16.968183424617948
4298.0,74.9205450551519,453.6637143223534,16.96828169107792
4299.0,75.4451034056308,453.6424868345878,16.968379843885515
4300.0,75.3473533683911,453.62111072195626,16.968477883031568
4301.0,75.5092577564514,453.5997623051685,16.968575808506937
4302.0,75.06389758048068,453.57836801547086,16.968673620302482
4303.0,74.75936076421937,453.5570999111564,16.968771318409082
4304.0,75.64626067813425,453.53591809227316,16.968868902817626
4305.0,75.7919005941861,453.5144849850811,16.968966373519
4306.0,75.11975363737692,453.493010613246,16.96906373050412
4307.0,75.11567114575715,453.4717266830487,16.969160973763902
4308.0,74.6894998259369,453.45044390955746,16.969258103289274
4309.0,74.29046969404386,453.4292818846068,16.969355119071174
4310.0,75.39871758589119,453.40823291819345,16.96945202110055
4311.0,74.83449748862596,453.3868699482108,16.969548809368366
4312.0,75.27367080382285,453.365666840589,16.96964548386559
4313.0,74.74624936434112,453.34433930052796,16.969742044583203
4314.0,75.94604996191465,453.3231611965414,16.969838491512196
4315.0,74.94149799330728,453.30164314905215,16.969934824643577
4316.0,75.62438939260346,453.2804097246207,16.970031043968355
4317.0,75.04863268405911,453.25898281429284,16.970127149477555
4318.0,74.17086486233089,453.23771903503234,16.970223141162208
4319.0,74.62389614932641,453.21670395665467,16.970319019013363
4320.0,73.95588322625137,453.1955605194124,16.970414783022076
4321.0,74.2645492103671,453.1746063524983,16.97051043317941
4322.0,75.61219927456669,453.153564730222,16.970605969476445
4323.0,76.80171591727056,453.1321412737609,16.970701391904264
4324.0,75.05792392646536,453.11038078758435,16.97079670045397
4325.0,73.55262420867012,453.08911437580514,16.97089189511667
4326.0,74.54292024406243,453.06827446561266,16.970986975883484
4327.0,75.28169382871401,453.04715397154354,16.97108194274554
4328.0,74.8389843645053,453.0258241582921,16.97117679569398
4329.0,75.0305413457752,453.00461977938875,16.971271534719957
4330.0,73.9297998699207,452.9833611260075,16.97136615981463
4331.0,74.35747387667101,452.96241434937764,16.971460670969172
4332.0,74.70832196856423,452.94134639844594,16.97155506817477
4333.0,74.36938337926196,452.92017904055484,16.97164935142261
4334.0,74.43554829070727,452.8991077152641,16.971743520703903
4335.0,74.62308499587814,452.87801764324837,16.97183757600986
4336.0,75.96399806888552,452.8568744358328,16.97193151733171
4337.0,74.08972002137716,452.8353513030467,16.972025344660693
4338.0,74.89081178285156,452.8143592157073,16.972119057988046
4339.0,75.08472342650573,452.79314015236884,16.97221265730503
4340.0,74.69397381634342,452.771866147398,16.972306142602918
4341.0,74.6806093092701,452.7507028548166,16.972399513872986
4342.0,75.13427801064381,452.7295433488457,16.97249277110652
4343.0,73.7757338814465,452.7082553034094,16.97258591429482
4344.0,74.56959627088908,452.68735217880965,16.972678943429205
4345.0,74.45732803288665,452.6662241265329,16.97277185850099
4346.0,75.61065934514517,452.64512788359025,16.97286465950151
4347.0,74.40842938062289,452.62370486344247,16.972957346422106
4348.0,75.42239571570107,452.6026224751179,16.973049919254127
4349.0,75.34680170133575,452.5812527963318,16.973142377988943
4350.0,75.18718849685742,452.5599045358498,16.973234722617928
4351.0,75.55673721617383,452.538601499109,16.973326953132467
4352.0,74.93862333056441,452.5171937568977,16.973419069523956
4353.0,75.35806351893487,452.4959611469541,16.973511071783797
4354.0,74.82298478362911,452.47460969562377,16.97360295990341
4355.0,75.79323866939005,452.45340984993504,16.973694733874225
4356.0,75.07039102419024,452.43193509897867,16.973786393687682
4357.0,74.56912768497295,452.4106651548552,16.973877939335225
4358.0,75.46881326031381,452.38953723534445,16.973969370808316
4359.0,74.7628579984313,452.36815440492074,16.974060688098426
4360.0,74.565538521306,452.34697159515446,16.974151891197035
4361.0,74.94845090059749,452.3258446925734,16.974242980095635
4362.0,75.56834969595097,452.3046092981516,16.974333954785727
4363.0,76.48825570232448,452.2831982657377,16.97442481525883
4364.0,76.41285993230785,452.26152659328875,16.97451556150646
4365.0,75.9250130753691,452.23987628297454,16.974606193520156
4366.0,74.50339465187542,452.2183641959366,16.97469671129146
4367.0,74.3069798911579,452.1972549007852,16.974787114811935
4368.0,75.73201087646768,452.17620125648267,16.974877404073137
4369.0,74.74012461135482,452.15474385340104,16.974967579066647
4370.0,75.13415919444108,452.13356748476116,16.97505763978406
4371.0,75.5718901703697,452.1122794729894,16.97514758621696
4372.0,74.93073543382246,452.09086743744115,16.97523741835697
4373.0,74.57322893743242,452.06963706240157,16.9753271361957
4374.0,74.62850785444644,452.0485079808693,16.975416739724782
4375.0,75.10958855754168,452.0273632369772,16.97550622893586
4376.0,74.81688975047331,452.00608218688586,16.975595603820587
4377.0,75.92016805332285,451.9848840681233,16.97568486437062
4378.0,74.55198553043603,451.96337335384146,16.975774010577638
4379.0,74.40780855472023,451.9422502912745,16.975863042433318
4380.0,75.98613257418639,451.9211680788507,16.975951959929358
4381.0,75.11145448076955,451.8996386746214,16.976040763057465
4382.0,74.89252535405458,451.8783570958518,16.97612945180935
4383.0,74.74027484087141,451.85713754700146,16.976218026176742
4384.0,74.91377609552389,451.83596113579654,16.976306486151376
4385.0,73.74450772971433,451.8147355659029,16.976394831725003
4386.0,75.08549905050593,451.7938412887127,16.97648306288938
4387.0,73.9111227155023,451.77256706398174,16.976571179636274
4388.0,75.19789014811731,451.7516255792124,16.976659181957466
4389.0,74.65535743241885,451.7303195103371,16.976747069844745
4390.0,74.1642053295372,451.7091671590646,16.976834843289918
4391.0,75.04446919816554,451.6881539675545,16.97692250228479
4392.0,74.6675036663729,451.6668913679484,16.97701004682118
4393.0,75.25602183164537,451.6457355752429,16.977097476890936
4394.0,75.12622247720444,451.62441303572393,16.977184792485886
4395.0,73.75791734352116,451.6031272726887,16.977271993597892
4396.0,74.60836210364653,451.5822291961081,16.977359080218818
4397.0,76.24588710162932,451.5610901601787,16.97744605234054
4398.0,73.78167300148891,451.53948715883325,16.97753290995494
4399.0,76.155952285352,451.5185823514828,16.977619653053928
4400.0,75.17694895526427,451.4970048316687,16.977706281629395
4401.0,74.69846189392261,451.4757046961313,16.97779279567327
4402.0,74.71809077629797,451.454540131928,16.97787919517748
4403.0,74.24592534362519,451.43337000620807,16.977965480133967
4404.0,74.90189954969681,451.41233366069406,16.978051650534677
4405.0,74.6541195569484,451.39111145582166,16.978137706371573
4406.0,75.15945235468885,451.36995945528054,16.97822364763663
4407.0,74.651076845287,451.34866427711336,16.978309474321822
4408.0,75.18699156652961,451.32751313867385,16.97839518641915
4409.0,75.56416614764602,451.30621015773,16.97848078392062
4410.0,75.61628109993225,451.2848003106549,16.978566266818238
4411.0,74.00065897800812,451.2633756976765,16.978651635104036
4412.0,74.59242936272283,451.24240884429946,16.978736888770047
4413.0,75.14088322200206,451.22127432264665,16.978822027808324
4414.0,76.86726178774781,451.19998440573374,16.978907052210918
4415.0,74.90340085517585,451.1782053482272,16.978991961969893
4416.0,75.47317356301123,451.15698271798493,16.97907675707734
4417.0,74.64922802011681,451.13559865214205,16.979161437525338
4418.0,75.24748039854475,451.11444803753636,16.97924600330599
4419.0,74.14887551186241,451.0931279180901,16.97933045441141
4420.0,74.15031845406708,451.07211907002835,16.979414790833722
4421.0,75.52809479792225,451.0511098131331,16.979499012565054
4422.0,74.04984623238686,451.0297101862737,16.979583119597542
4423.0,75.76387826305513,451.0087293965078,16.97966711192335
4424.0,75.06337243845898,450.9872629643333,16.979750989534647
4425.0,74.77187652466756,450.9659950088091,16.979834752423592
4426.0,75.25825972096297,450.94480964379375,16.97991840058238
4427.0,76.8836841618994,450.92348647020617,16.98000193400321
4428.0,73.23383423071536,450.9017027596936,16.980085352678287
4429.0,74.32762422417878,450.88095317332824,16.980168656599826
4430.0,75.60635763086918,450.85989367979806,16.98025184576006
4431.0,75.68080453080039,450.83847187846936,16.98033492015122
4432.0,74.52698019327755,450.81702898385225,16.980417879765564
4433.0,75.47803935550937,450.79591300613083,16.980500724595355
4434.0,74.40101661842961,450.7745275616468,16.980583454632857
4435.0,75.88278695793576,450.7534472736049,16.980666069870356
4436.0,74.77014496270142,450.73194715063346,16.980748570300147
4437.0,75.06610396205963,450.71076227622734,16.980830955914527
4438.0,73.63689269056857,450.6894935467715,16.980913226705816
4439.0,75.7731179615805,450.66862976050913,16.980995382666343
4440.0,75.58848125217378,450.64716071042,16.981077423788435
4441.0,73.5437996767098,450.62574397406524,16.981159350064438
4442.0,76.26369708682488,450.6049065641568,16.981241161486714
4443.0,75.68261066658714,450.5832985166489,16.98132285804763
4444.0,74.43077163553684,450.5618551102934,16.981404439739567
4445.0,74.98871732997928,450.5407663916633,16.981485906554912
4446.0,76.43161687936333,450.51951958841977,16.98156725848606
4447.0,74.89334185928766,450.49786396363726,16.981648495525434
4448.0,75.30320274864806,450.47664418344385,16.98172961766544
4449.0,75.17049014590495,450.4553082759984,16.98181062489852
4450.0,74.74275401880686,450.43400997045705,16.981891517217118
4451.0,73.7254950197686,450.41283285681834,16.981972294613684
4452.0,75.31456429390639,450.3919439665628,16.98205295708068
4453.0,75.16737297599417,450.3706048400128,16.982133504610587
4454.0,74.44083114358959,450.34930741766965,16.982213937195887
4455.0,75.5713190748379,450.3282158488456,16.98229425482908
4456.0,76.27361761033636,450.30680397510775,16.982374457502665
4457.0,75.55470168158867,450.28519311678485,16.982454545209173
4458.0,74.65085780848806,450.26378595130836,16.982534517941115
4459.0,75.7093953397028,450.2426348749293,16.98261437569105
4460.0,75.447191290983,450.221183879583,16.982694118451516
4461.0,75.63551477258213,450.1998071753839,16.982773746215074
4462.0,74.48529268060291,450.17837711286506,16.982853258974302
4463.0,75.62638948577028,450.15727294660553,16.98293265672178
4464.0,75.43318210100603,450.1358454695846,16.983011939450094
4465.0,74.95146306704942,450.114472734656,16.983091107151857
4466.0,75.07697404308614,450.09323648678696,16.98317015981968
4467.0,75.20280131472626,450.07196467747474,16.983249097446187
4468.0,75.13721024516794,450.0506572171022,16.983327920024017
4469.0,74.60907857003623,450.0293683408661,16.983406627545815
4470.0,75.28691574915736,450.0082291019379,16.983485220004233
4471.0,74.65623980817577,449.98689780914236,16.98356369739195
4472.0,74.53080041010574,449.96574520786334,16.98364205970164
4473.0,74.59912463946992,449.94462814774715,16.983720306925992
4474.0,75.26412529235373,449.9234917290993,16.983798439057704
4475.0,75.144420045044,449.9021668935998,16.983876456089494
4476.0,75.33191580217999,449.880875974587,16.983954358014078
4477.0,74.0455179869741,449.8595319317764,16.984032144824184
4478.0,75.03642489414989,449.83855236834677,16.984109816512568
4479.0,74.18284911875581,449.81729204796005,16.984187373071975
4480.0,74.02736800708433,449.79627357404314,16.984264814495173
4481.0,75.83735258895818,449.77529915310777,16.984342140774938
4482.0,75.22992547538477,449.7538119032076,16.984419351904055
4483.0,75.47068289932143,449.73249675765624,16.98449644787532
4484.0,74.11461356759104,449.71111339750144,16.984573428681543
4485.0,74.55603589760972,449.6901142569906,16.98465029431554
4486.0,74.42510109743644,449.66899004681966,16.984727044770143
4487.0,75.03248643200637,449.647902934842,16.984803680038194
4488.0,76.22857399642808,449.62664373035295,16.984880200112535
4489.0,75.75450247008334,449.6050456343873,16.98495660498604
4490.0,75.64216840946314,449.5835818586874,16.985032894651567
4491.0,74.45915317153803,449.5621499109714,16.98510906910201
4492.0,76.24732821279757,449.5410531509062,16.985185128330258
4493.0,75.09697243538471,449.51944974124586,16.985261072329216
4494.0,74.85225680102981,449.49817226572253,16.985336901091806
4495.0,74.60331065058988,449.4769641262955,16.98541261461094
4496.0,75.58351032612427,449.4558265216112,16.985488212879567
4497.0,75.30577467644758,449.43441119368543,16.98556369589063
4498.0,76.31021708799356,449.4130745575271,16.985639063637088
4499.0,74.75127575681067,449.3914533293522,16.985714316111906
4500.0,74.73982159861171,449.3702738012211,16.98578945330807
4501.0,76.09077309575054,449.34909751843486,16.98586447521857
4502.0,74.04385694872764,449.3275384660578,16.9859393818364
4503.0,74.31325438823961,449.3065593732556,16.986014173154583
4504.0,75.5744251776675,449.2855039511789,16.98608884916613
4505.0,74.31568316084936,449.26409119737855,16.98616340986408
4506.0,74.80898694521044,449.2430350871497,16.986237855241484
4507.0,75.13040639226178,449.2218392075152,16.986312185291386
4508.0,74.42298127241709,449.2005522590374,16.98638640000686
4509.0,74.97492709271883,449.1794657476769,16.986460499380975
4510.0,75.99081740421629,449.15822285166723,16.986534483406825
4511.0,76.33875573805703,449.13669212006937,16.986608352077504
4512.0,75.03607974259931,449.11506280594364,16.986682105386127
4513.0,76.20992446974878,449.0938025833499,16.9867557433258
4514.0,74.66951580901406,449.0722097714168,16.98682926588967
4515.0,75.97551047775255,449.0510534086043,16.986902673070873
4516.0,74.50488149299645,449.0295270139689,16.986975964862555
4517.0,76.37495618774948,449.00841729754586,16.987049141257877
4518.0,74.42020772854333,448.98677772662603,16.987122202250028
4519.0,75.73070803038013,448.9656920011029,16.98719514783217
4520.0,75.49776820857569,448.944234967161,16.98726797799752
4521.0,74.04977474911652,448.9228439328352,16.987340692739267
4522.0,75.12127113478105,448.90186316332296,16.987413292050636
4523.0,75.84469393406708,448.88057880316813,16.987485775924856
4524.0,74.40313683578276,448.85908947322014,16.98755814435516
4525.0,74.89313015318076,448.83800858445,16.987630397334794
4526.0,75.27202153879026,448.8167888642399,16.987702534857025
4527.0,74.89993054413482,448.79546179147064,16.98777455691512
4528.0,74.32347365226978,448.7742401444831,16.987846463502358
4529.0,74.93719590545975,448.7531818269483,16.987918254612033
4530.0,76.0412649364916,448.73194962144174,16.987989930237454
4531.0,77.56701017937021,448.7104045963764,16.988061490371923
4532.0,74.85692719627649,448.6884272768256,16.98813293500877
4533.0,74.4578058924622,448.66721781411997,16.98820426414133
4534.0,73.37447159617689,448.64612143578375,16.98827547776295
4535.0,75.62330264560296,448.62533200216484,16.98834657586698
4536.0,74.49195266718775,448.60390539974856,16.9884175584468
4537.0,75.51226599739303,448.5827993464929,16.98848842549577
4538.0,75.0648966795567,448.5614042044603,16.988559177007296
4539.0,75.03118224504678,448.5401358170677,16.98862981297477
4540.0,76.7541408600011,448.51887698209833,16.988700333391606
4541.0,74.53389621592116,448.4971299755213,16.98877073825122
4542.0,75.71709721025161,448.47601203826014,16.988841027547043
4543.0,74.8656914891517,448.4545588607172,16.988911201272526
4544.0,75.06205294567341,448.4333469147953,16.988981259421113
4545.0,73.76066907567149,448.4120793331274,16.98905120198628
4546.0,73.51099081260047,448.39118047688925,16.98912102896149
4547.0,74.92907451475827,448.3703523628257,16.989190740340234
4548.0,75.77178206160505,448.34912245837984,16.98926033611601
4549.0,74.96932112708204,448.32765378679574,16.989329816282325
4550.0,76.4889519520295,448.3064124791431,16.989399180832695
4551.0,74.19063665146528,448.2847406094233,16.989468429760652
4552.0,74.27545460804137,448.2637199290387,16.989537563059734
4553.0,76.15145852654652,448.2426752168997,16.989606580723493
4554.0,74.45134656048562,448.22109897031726,16.989675482745486
4555.0,75.76511692392056,448.2000044221251,16.989744269119292
4556.0,75.97234676890504,448.17853763899666,16.98981293983849
4557.0,75.15676012293426,448.1570121407455,16.989881494896675
4558.0,74.15206260030288,448.13571772537733,16.989949934287452
4559.0,74.55106724155502,448.1147079743072,16.990018258004433
4560.0,74.81278942112709,448.09358517192214,16.990086466041245
4561.0,75.05126537859763,448.0723882149195,16.990154558391527
4562.0,74.91927930113339,448.05112368972885,16.99022253504893
4563.0,74.41799401519904,448.02989656059356,16.990290396007104
4564.0,75.20283860068922,448.00881146228926,16.990358141259726
4565.0,76.13318251695895,447.9875039913524,16.99042577080047
4566.0,76.8123748970112,447.9659329229726,16.99049328462303
4567.0,74.26459716855541,447.9441694167518,16.990560682721114
4568.0,74.152543335321,447.92312778088734,16.990627965088425
4569.0,74.90409080549846,447.902117893609,16.990695131718688
4570.0,74.59611480990048,447.8808950678808,16.99076218260564
4571.0,74.67778977640448,447.85975950201794,16.990829117743022
4572.0,74.89998282894948,447.8386007949146,16.99089593712459
4573.0,74.23599947666789,447.81737913311315,16.99096264074412
4574.0,74.82931713263937,447.7963455999281,16.991029228595377
4575.0,75.4450192179179,447.7751439600738,16.991095700672155
4576.0,75.0102357728946,447.7537678712954,16.99116205696825
4577.0,75.35247954983991,447.7325149711598,16.991228297477473
4578.0,73.92733487008928,447.711165101954,16.99129442219365
4579.0,74.83242732890713,447.6902190237408,16.991360431110607
4580.0,74.52077716881777,447.66901650266425,16.991426324222182
4581.0,74.99695834281108,447.6479022824664,16.991492101522233
4582.0,73.9130275925457,447.62665314426926,16.99155776300462
4583.0,74.9198701032269,447.60571111978476,16.99162330866323
4584.0,75.47775424394831,447.5844838232555,16.99168873849193
4585.0,75.53530086590371,447.56309845955303,16.99175405248463
4586.0,75.81688186608704,447.54169679097436,16.99181925063523
4587.0,74.13871192764975,447.52021534111236,16.991884332937648
4588.0,74.72232632108704,447.4992093727328,16.991949299385816
4589.0,75.77063705832138,447.47803804694183,16.99201414997367
4590.0,75.1763637499698,447.45656969977534,16.992078884695164
4591.0,75.35779496426402,447.4352697300462,16.992143503544252
4592.0,74.13540444117524,447.4139183548063,16.992208006514915
4593.0,74.34975676917452,447.39291332354793,16.992272393601127
4594.0,75.12987219591581,447.37184755913,16.992336664796888
4595.0,74.9682112626498,447.35056076200783,16.9924008200962
4596.0,76.8956883772396,447.32931976881673,16.992464859493076
4597.0,75.95684893730854,447.3075326571099,16.992528782981545
4598.0,74.97479100982443,447.286011549911,16.992592590555635
4599.0,75.11081479012935,447.26476869245823,16.99265628220941
4600.0,74.35846063322597,447.2434872949343,16.992719857936912
4601.0,75.5404060288204,447.2224190644216,16.99278331773222
4602.0,73.79210810258826,447.2010159493801,16.992846661589407
4603.0,74.38106798441709,447.1801081854177,16.99290988950257
4604.0,75.21612261811195,447.1590335494888,16.992973001465806
4605.0,76.71061396806792,447.13772231474695,16.99303599747323
4606.0,73.67439901685528,447.11598764078934,16.993098877518968
4607.0,74.65486460081738,447.09511322773454,16.993161641597144
4608.0,75.58071348499587,447.07396101609766,16.993224289701914
4609.0,75.86580363970681,447.0525464806102,16.99328682182743
4610.0,75.45126207093953,447.031051169579,16.993349237967852
4611.0,75.60777326334754,447.00967331199223,16.993411538117364
4612.0,75.90286837308678,446.9882511095676,16.993473722270153
4613.0,75.66397124683209,446.9667452968619,16.993535790420417
4614.0,74.23206001677981,446.9453071716753,16.993597742562365
4615.0,74.94980846913242,446.9242747546706,16.99365957869022
4616.0,76.2813961694009,446.9030389756043,16.993721298798214
4617.0,73.77579399899064,446.88142591335634,16.993782902880582
4618.0,73.35066371069681,446.86052277172325,16.993844390931585
4619.0,74.61851398673784,446.83974008367187,16.993905762945484
4620.0,75.12036257925645,446.81859817137564,16.993967018916557
4621.0,74.65827299649483,446.7973140686449,16.994028158839082
4622.0,74.946533672024,446.7761608912959,16.994089182707363
4623.0,75.27413797685345,446.75492604008883,16.9941500905157
4624.0,74.26761562106458,446.73359836766207,16.994210882258415
4625.0,74.56261612491008,446.7125558765694,16.99427155792984
4626.0,76.07847780149713,446.69142980200064,16.994332117524305
4627.0,75.22068609400114,446.6698742332903,16.99439256103617
4628.0,74.61973449833839,446.64856170556357,16.994452888459794
4629.0,75.50615965756091,446.62741944745574,16.994513099789547
4630.0,74.14505607243525,446.60602603555276,16.99457319501981
4631.0,74.17628630202572,446.58501826966557,16.994633174144983
4632.0,75.174388569844,446.56400165521336,16.994693037159465
4633.0,75.37423949567659,446.54270224511856,16.994752784057674
4634.0,74.6259018535425,446.52134621059474,16.994812414834037
4635.0,74.86691407566009,446.50020220506957,16.99487192948299
4636.0,75.25018254742075,446.4789899127482,16.99493132799898
4637.0,75.52334598069336,446.4576690276931,16.994990610376465
4638.0,76.22148389559938,446.4362707463319,16.99504977660992
4639.0,75.35342119429951,446.4146746592281,16.99510882669382
4640.0,74.6151575099686,446.3933245232231,16.995167760622657
4641.0,75.68096703434276,446.3721835619286,16.995226578390934
4642.0,75.76617186855981,446.35074062126887,16.995285279993166
4643.0,74.53042483446245,446.32927353923947,16.995343865423873
4644.0,75.621520381614,446.3081565855364,16.995402334677593
4645.0,76.00397646125478,446.28673048809486,16.99546068774887
4646.0,75.42096654879774,446.26519602809753,16.995518924632258
4647.0,75.3547194796854,446.24382675424204,16.995577045322328
4648.0,74.05985920648249,446.2224762503895,16.995635049813654
4649.0,74.98839474238592,446.2014926236143,16.995692938100827
4650.0,75.07770778829621,446.1802459117706,16.99575071017845
4651.0,75.2808640217438,446.1589738945639,16.995808366041132
4652.0,74.71583708645265,446.1376443164245,16.995865905683488
4653.0,75.57348136996782,446.11647482924997,16.995923329100158
4654.0,76.04691312676847,446.0950623428618,16.995980636285775
4655.0,75.73527986816929,446.07351571747586,16.996037827235007
4656.0,73.7685311434347,446.05205738817995,16.99609490194251
4657.0,74.40915903744484,446.03115630435593,16.99615186040296
4658.0,75.80872474258166,446.01007370929534,16.996208702611042
4659.0,74.7625410000147,445.98859457061826,16.996265428561458
4660.0,74.67031770791313,445.9674118506682,16.996322038248916
4661.0,75.90370116787777,445.946255260651,16.996378531668128
4662.0,74.39308655287886,445.9247492119868,16.996434908813832
4663.0,74.88638257541827,445.9036711707968,16.99649116968076
4664.0,75.00685276962432,445.88245336240044,16.996547314263672
4665.0,75.47208367330575,445.8612014207824,16.99660334255733
4666.0,75.21786467128894,445.8398176637416,16.996659254556498
4667.0,75.69520701561892,445.81850593541805,16.99671505025597
4668.0,75.40281677614401,445.797058960097,16.996770729650535
4669.0,76.19123810942645,445.7756948286771,16.996826292735
4670.0,74.82268637836886,445.75410731121275,16.996881739504186
4671.0,75.52248533191826,445.7329075500722,16.99693706995291
4672.0,75.00458681327349,445.71150951256146,16.996992284076022
4673.0,75.0642228735389,445.6902582129644,16.997047381868367
4674.0,75.21984966234496,445.6689900164835,16.9971023633248
4675.0,74.4542942821701,445.6476777257459,16.997157228440198
4676.0,74.93285013272433,445.62658234236596,16.997211977209435
4677.0,76.02269763928487,445.6053513681617,16.997266609627417
4678.0,74.50796006558618,445.58381160383055,16.997321125689034
4679.0,74.89563780233851,445.5627010151453,16.99737552538921
4680.0,73.93384093714612,445.5414805844346,16.997429808722863
4681.0,75.64270135124143,445.52053266283576,16.99748397568493
4682.0,74.76144216138671,445.4991005641196,16.997538026270362
4683.0,73.81334449399333,445.47791815550715,16.997591960474114
4684.0,74.6330633722882,445.4570043745672,16.997645778291155
4685.0,75.25649484615693,445.43585833994507,16.997699479716463
4686.0,76.13348846836513,445.41453566640536,16.99775306474503
4687.0,75.4928258830392,445.3929645113393,16.997806533371858
4688.0,76.60650787240485,445.37157487733907,16.997859885591954
4689.0,75.90217449848467,445.34986970010857,16.997913121400344
4690.0,76.38310953974941,445.32836408400067,16.997966240792067
4691.0,74.66890139898858,445.3067222029644,16.99801924376216
4692.0,75.17721955129421,445.28556601423475,16.998072130305676
4693.0,73.97311518314578,445.2642658020285,16.998124900417693
4694.0,76.1236453292712,445.2433067527266,16.998177554093278
4695.0,75.85630589934749,445.22173838655,16.99823009132752
4696.0,74.89030935935097,445.20024576654515,16.998282512115523
4697.0,75.88600088283683,445.17902684556,16.99833481645239
4698.0,76.53036297126982,445.1575258119766,16.998387004333253
4699.0,74.99079922975172,445.1358422091347,16.998439075753232
4700.0,75.32587846885413,445.1145948160196,16.998491030707473
4701.0,75.8089021097563,445.0932524837867,16.99854286919113
4702.0,75.77250060658116,445.07177329485563,16.998594591199364
4703.0,75.23972873278088,445.05030441968375,16.99864619672735
4704.0,74.15002426974505,445.02898649654287,16.99869768577028
4705.0,74.5030065127934,445.00797732299975,16.998749058323348
4706.0,74.160179424547,444.9868681378211,16.998800314381757
4707.0,74.5307347041224,444.96585608698416,16.99885145394073
4708.0,73.9050680393998,444.94473904548465,16.998902476995493
4709.0,74.61872721700168,444.9237992762068,16.99895338354129
4710.0,74.10419459778583,444.9026573034953,16.99900417357337
4711.0,75.95977238772097,444.88166111502596,16.99905484708699
4712.0,75.99022273585327,444.86013917951607,16.999105404077433
4713.0,74.89788225633451,444.8386086164076,16.99915584453997
4714.0,74.7341090818313,444.8173875497683,16.999206168469907
4715.0,73.58283535599122,444.79621288552846,16.999256375862547
4716.0,73.8712702901366,444.7753644155109,16.999306466713204
4717.0,74.2340694220124,444.75443422226203,16.999356441017202
4718.0,74.49786276634639,444.73340123592584,16.99940629876988
4719.0,75.26696498574091,444.71229350814207,16.999456039966592
4720.0,73.45686511997545,444.6909678680628,16.999505664602694
4721.0,73.98070434778303,444.67015508961214,16.999555172673556
4722.0,74.99911584951279,444.6491938900469,16.99960456417456
4723.0,75.1007048172257,444.6279441405562,16.9996538391011
4724.0,74.6469000949708,444.60666560752463,16.99970299744858
4725.0,75.04607897899267,444.58551565249775,16.99975203921241
4726.0,75.04172509671349,444.56425259678707,16.999800964388015
4727.0,74.73355770597468,444.5429907746763,16.999849772970833
4728.0,76.31845845293533,444.52181626665964,16.999898464956313
4729.0,75.3716817701094,444.50019270343125,16.99994704033991
4730.0,76.6138971837818,444.4788373935964,16.99999549911709
4731.0,75.88513314297431,444.4571301227277,17.000043841283336
4732.0,76.11654490850832,444.43562933500385,17.000092066834135
4733.0,75.31389705666751,444.4140629806131,17.000140175764997
4734.0,74.96808912640483,444.39272404311373,17.000188168071418
4735.0,75.31842772231357,444.37148308452794,17.000236043748934
4736.0,76.49969960636999,444.3501428633399,17.000283802793074
4737.0,74.18217552591763,444.3284679484514,17.000331445199386
4738.0,73.98954258998053,444.3074496653858,17.00037897096342
4739.0,75.03117222851581,444.2864859616519,17.000426380080746
4740.0,75.13767539694929,444.2652271295205,17.000473672546942
4741.0,74.38055560984853,444.2439381214914,17.00052084835759
4742.0,74.05894563539466,444.2228636307353,17.000567907508294
4743.0,75.9133631399061,444.2018802628053,17.00061484999467
4744.0,75.12631505861505,444.18037147658225,17.000661675812324
4745.0,73.35250052370367,444.15908568731567,17.000708384956898
4746.0,75.6367545311344,444.13830247883396,17.000754977424034
4747.0,74.57567917935143,444.11687206505013,17.000801453209384
4748.0,74.51559371936362,444.09574228928267,17.00084781230861
4749.0,74.60343242137269,444.0746295377288,17.00089405471739
4750.0,74.42353256368521,444.0534918985428,17.000940180431407
4751.0,74.97961941040019,444.0324052309831,17.000986189446365
4752.0,74.20098131639287,444.0111610054835,17.001032081757966
4753.0,76.17421671365763,443.99013739411055,17.001077857361928
4754.0,75.00595824500512,443.968554699375,17.001123516253983
4755.0,75.1343565362838,443.9473030112055,17.001169058429873
4756.0,75.51302856089546,443.9260149435203,17.001214483885345
4757.0,75.47960535124264,443.90461958542807,17.001259792616167
4758.0,76.4403301580449,443.8832336972452,17.001304984618105
4759.0,75.46878810538983,443.8615756037004,17.00135005988695
4760.0,75.78857080426738,443.84019278040387,17.001395018418492
4761.0,75.12405807059433,443.8187193520093,17.001439860208542
4762.0,74.32377630992815,443.79743420222263,17.00148458525291
4763.0,75.75568813682433,443.7763757989348,17.001529193547427
4764.0,76.41462329210157,443.75491168729604,17.001573685087937
4765.0,74.57878417369889,443.7332608773633,17.00161805987028
4766.0,75.31939480967306,443.7121302218474,17.00166231789032
4767.0,75.2246490948741,443.6907897266513,17.00170645914393
4768.0,76.07553876600718,443.6694760760745,17.001750483626996
4769.0,74.20824941694399,443.64792134009076,17.001794391335398
4770.0,74.95570577917518,443.6268956694226,17.00183818226505
4771.0,75.30505350659215,443.60565821945187,17.001881856411867
4772.0,74.93918886712869,443.584321787625,17.00192541377177
4773.0,75.24009053801014,443.563089017446,17.0019688543407
4774.0,73.22085256361534,443.54177099179356,17.0020121781146
4775.0,74.0520610453576,443.52102508356717,17.002055385089427
4776.0,75.6244235291012,443.500043666271,17.002098475261164
4777.0,75.84403367892268,443.4786167462711,17.002141448625775
4778.0,75.5484535940353,443.4571276033954,17.002184305179256
4779.0,74.36239330436922,443.43572220821045,17.00222704491761
4780.0,74.96999916828305,443.41465286344084,17.002269667836853
4781.0,76.41282755123815,443.39341136367653,17.002312173933003
4782.0,74.16730344301541,443.37176106253696,17.002354563202097
4783.0,74.35342724274214,443.3507469932281,17.002396835640187
4784.0,75.95570743960064,443.3296801888427,17.002438991243316
4785.0,75.73899412862103,443.3081594050681,17.002481030007562
4786.0,75.43262480693689,443.28670002339834,17.002522951928995
4787.0,75.95576468422982,443.2653274463697,17.002564757003714
4788.0,74.99894879511501,443.24380664637584,17.002606445227816
4789.0,75.97685043027853,443.2225569442172,17.002648016597405
4790.0,74.78545965649259,443.20103016992863,17.002689471108614
4791.0,74.57460777998385,443.17984095635927,17.002730808757562
4792.0,75.44799291078341,443.15871148415494,17.002772029540406
4793.0,75.69795970070535,443.1373345528302,17.002813133453294
4794.0,75.17763672592808,443.1158867975817,17.002854120492387
4795.0,74.88873366967677,443.09458646717604,17.002894990653875
4796.0,74.55793121499069,443.0733679926363,17.00293574393393
4797.0,74.55536915515994,443.0522432454587,17.002976380328757
4798.0,73.86346254999582,443.0311192241981,17.00301689983457
4799.0,74.91155031893398,443.01019124314223,17.003057302447584
4800.0,75.63482714164181,442.9889663038852,17.003097588164025
4801.0,75.5387394798351,442.9675364361951,17.00313775698014
4802.0,73.64775170075391,442.9461337933425,17.003177808892186
4803.0,74.02982483399869,442.9252669303606,17.00321774389642
4804.0,74.97411973118284,442.90429181332433,17.00325756198912
4805.0,75.44732100949983,442.88304914606715,17.003297263166566
4806.0,75.55506757344267,442.86167240511446,17.00333684742506
4807.0,74.44205838742528,442.8402651359686,17.003376314760906
4808.0,75.47964913351623,442.8191732194255,17.003415665170426
4809.0,75.25546121092484,442.7977873188377,17.00345489864995
4810.0,75.08703161898119,442.77646493816127,17.00349401519581
4811.0,75.47576161658654,442.75519027920257,17.003533014804358
4812.0,73.60180522455802,442.7338054800779,17.003571897471964
4813.0,73.91253373132966,442.7129516352643,17.003610663194994
4814.0,74.27858970336513,442.6920097507071,17.003649311969838
4815.0,74.07671031493652,442.6709641502911,17.00368784379288
4816.0,73.2077391435462,442.64997574903515,17.003726258660535
4817.0,74.42622226231519,442.6292335562779,17.003764556569212
4818.0,74.99121111842659,442.6081461266368,17.003802737515347
4819.0,74.66052373639381,442.58689861682,17.003840801495368
4820.0,74.11597600928398,442.56574480176135,17.003878748505734
4821.0,75.94966992445909,442.54474527522535,17.003916578542896
4822.0,75.321049773219,442.5232262020801,17.003954291603332
4823.0,75.4288465478749,442.50188523797766,17.003991887683515
4824.0,74.6724991073864,442.4805137314558,17.004029366779946
4825.0,73.9884468115134,442.4593565233754,17.004066728889132
4826.0,74.3042845734153,442.43839313011216,17.004103974007574
4827.0,75.42704692282622,442.41734024948295,17.004141102131808
4828.0,73.9166406833957,442.39596925285485,17.004178113258366
4829.0,74.89074992379696,442.3750262046612,17.0042150073838
4830.0,74.8431531096033,442.35380715884946,17.004251784504657
4831.0,75.00037136850642,442.3326015988018,17.004288444617522
4832.0,75.99372740058412,442.3113514935807,17.004324987718963
4833.0,75.69818388139385,442.28981993748386,17.004361413805576
4834.0,74.65566590103019,442.2683721187174,17.00439772287396
4835.0,75.65812601111,442.2472196800455,17.004433914920728
4836.0,73.6063852913048,442.225783211009,17.00446998994251
4837.0,75.73269253500823,442.20492806850984,17.004505947935936
4838.0,74.69529049903805,442.18347047229156,17.004541788897644
4839.0,74.74540443410721,442.1623068066502,17.0045775128243
4840.0,75.44452042135231,442.1411289420605,17.004613119712573
4841.0,73.88964235980256,442.1197529946078,17.004648609559133
4842.0,74.4894417349434,442.0988175959392,17.004683982360678
4843.0,75.0683337692066,442.07771225411426,17.0047192381139
4844.0,75.53474325972104,442.05644289287966,17.004754376815512
4845.0,74.62025442162549,442.03504138228936,17.004789398462243
4846.0,75.71263556718787,442.01389897686994,17.004824303050814
4847.0,74.19495904964708,441.9924470634592,17.004859090577977
4848.0,75.32666082536939,441.97142515839516,17.00489376104049
4849.0,74.25828957881862,441.95008260449464,17.004928314435105
4850.0,74.22412326522124,441.92904275578064,17.00496275075861
4851.0,74.6983698012084,441.9080125875222,17.004997070007793
4852.0,73.7851518947616,441.8868480494118,17.005031272179448
4853.0,75.91732092523117,441.865942256375,17.005065357270382
4854.0,74.9674863665183,441.8444323487795,17.00509932527742
4855.0,74.05551759803711,441.82319156097566,17.00513317619739
4856.0,74.97303556598808,441.80220916432285,17.00516691002714
4857.0,74.43953950192089,441.78096680424585,17.005200526763513
4858.0,74.34514633808838,441.75987560138697,17.005234026403382
4859.0,74.69190186523615,441.73881114325786,17.005267408943617
4860.0,74.5000269562367,441.71764843772934,17.005300674381107
4861.0,74.1130261181003,441.69654009675844,17.005333822712746
4862.0,74.57680787117664,441.675541406025,17.005366853935442
4863.0,74.16995365478036,441.65441131046146,17.00539976804611
4864.0,76.35879360611911,441.63339649025926,17.005432565041687
4865.0,74.67107163842533,441.6117614987375,17.00546524491911
4866.0,75.73193747331682,441.5906046951066,17.005497807675333
4867.0,75.29012619053886,441.5691473128225,17.005530253307313
4868.0,73.60815575130701,441.54781511040187,17.005562581812022
4869.0,75.35605859007333,441.52695946627233,17.005594793186454
4870.0,74.26074825616838,441.5056085830052,17.005626887427592
4871.0,75.50503795785856,441.4845680376659,17.005658864532453
4872.0,75.47067545053343,441.4631749435779,17.00569072449805
4873.0,74.52512064225083,441.4417915855335,17.0057224673214
4874.0,74.61938537291941,441.4206761346849,17.00575409299956
4875.0,74.26292038240717,441.3995339754959,17.005785601529567
4876.0,73.67995876810133,441.37849281472086,17.005816992908485
4877.0,75.223091113561,441.3576168264033,17.005848267133388
4878.0,75.06278818038558,441.3363036172545,17.005879424201353
4879.0,75.0088168159868,441.31503582727,17.005910464109483
4880.0,74.37625520605546,441.2937833291722,17.00594138685487
4881.0,74.81998130619878,441.2727100568638,17.00597219243464
4882.0,75.76668640384902,441.2515110621603,17.006002880845912
4883.0,73.28443019069734,441.2300438343459,17.006033452085823
4884.0,74.5647195352599,441.2092799124585,17.00606390615153
4885.0,73.71039357000669,441.18815324192354,17.00609424304018
4886.0,74.50793280376736,441.167268630412,17.006124462748954
4887.0,74.43730551745543,441.14615804945095,17.006154565275022
4888.0,74.69743409576348,441.1250674795544,17.006184550615583
4889.0,72.83375954076033,441.1039032065606,17.006214418767836
4890.0,75.88800702236638,441.08326697469073,17.006244169729
4891.0,75.58070355168138,441.061765372701,17.006273803496295
4892.0,75.3271162543776,441.040350840028,17.00630332006696
4893.0,76.61566805783015,441.01900815708933,17.006332719438234
4894.0,76.03770063206726,440.99730038447296,17.00636200160738
4895.0,74.4728940989596,440.97575636929383,17.006391166571667
4896.0,74.42871161106761,440.9546557159658,17.006420214328372
4897.0,76.25620191142951,440.9335675810093,17.00644914487479
4898.0,76.27333738147252,440.91196165713444,17.006477958208215
4899.0,74.0413110580908,440.8903508782097,17.00650665432596
4900.0,74.87188962998255,440.8693725067432,17.00653523322535
4901.0,75.01970006002762,440.8481588046814,17.006563694903722
4902.0,75.52290878208309,440.8269032229977,17.006592039358416
4903.0,75.0755677962226,440.80550506550946,17.006620266586793
4904.0,74.30798876815882,440.7842336546339,17.00664837658621
4905.0,75.28860911733511,440.7631797244829,17.006676369354057
4906.0,74.76312601862476,440.7418479518997,17.006704244887715
4907.0,75.14693726988898,440.7206650661944,17.00673200318458
4908.0,75.22636396724722,440.6993734339679,17.006759644242074
4909.0,74.72936966121453,440.6780592975105,17.00678716805761
4910.0,74.59530586907738,440.6568859761065,17.00681457462862
4911.0,72.7775504202672,440.6357506394436,17.006841863952552
4912.0,75.18872810965208,440.6151303334912,17.00686903602686
4913.0,75.54534475307008,440.5938268605268,17.006896090849004
4914.0,75.00806321751514,440.5724223461801,17.00692302841646
4915.0,74.6221286443518,440.5511700616018,17.00694984872672
4916.0,75.24953867190959,440.5300271251525,17.00697655177728
4917.0,73.8067688820103,440.50870642252886,17.007003137565647
4918.0,74.52405406015737,440.4877945046789,17.00702960608935
4919.0,72.95652491342226,440.4666793560286,17.007055957345905
4920.0,74.36562284612125,440.4460083406364,17.007082191332863
4921.0,76.33063466780371,440.42493808083003,17.007108308047776
4922.0,74.89319499964243,440.40331106767417,17.007134307488204
4923.0,74.4864844345157,440.3820913290909,17.007160189651724
4924.0,73.68663657832911,440.3609868251678,17.007185954535924
4925.0,75.08000924870356,440.34010894480394,17.007211602138394
4926.0,74.63988681713141,440.3188362755168,17.007237132456748
4927.0,74.48728376963126,440.29768830758525,17.0072625454886
4928.0,74.99812207630093,440.2765835771839,17.007287841231584
4929.0,75.10813255986159,440.25533410926226,17.007313019683334
4930.0,75.53598383903325,440.23405347170365,17.007338080841503
4931.0,74.59390689414167,440.21265160961593,17.007363024703757
4932.0,72.70096638766793,440.19151666932925,17.007387851267765
4933.0,74.86101371623919,440.1709180621861,17.00741256053121
4934.0,75.92234931663958,440.14970744163315,17.00743715249179
4935.0,75.7604860410068,440.1281961093268,17.00746162714721
4936.0,75.49321424044918,440.10673063828176,17.007485984495187
4937.0,75.11091959203593,440.085340894247,17.00751022453345
4938.0,75.29069464424937,440.06405946702927,17.007534347259732
4939.0,75.25306896027261,440.0427271035467,17.00755835267179
4940.0,74.7881075529319,440.0214054006746,17.007582240767377
4941.0,75.44328298822748,440.00021543686796,17.007606011544272
4942.0,75.33180831064954,439.9788398400213,17.007629665000252
4943.0,72.88745698451757,439.9574958276666,17.007653201133117
4944.0,75.21178858809392,439.936844381521,17.007676619940664
4945.0,75.01536556613172,439.9155343747544,17.00769992142071
4946.0,73.37195565813306,439.89428002117734,17.00772310557108
4947.0,74.87748241862674,439.87349130040747,17.00774617238962
4948.0,74.07329311709239,439.85227601372225,17.007769121874166
4949.0,73.83030553794984,439.8312885806724,17.007791954022583
4950.0,75.84504414654272,439.8103699941033,17.00781466883274
4951.0,74.16502025970517,439.78888056492843,17.007837266302523
4952.0,74.62877192801483,439.76786714252154,17.00785974642982
4953.0,75.12634136162868,439.74672232380857,17.007882109212527
4954.0,75.24986405002271,439.72543652708947,17.007904354648566
4955.0,75.15906185742313,439.7041157322753,17.007926482735865
4956.0,74.73121495990662,439.68282066474904,17.00794849347235
4957.0,75.20201195546802,439.6616468205104,17.00797038685597
4958.0,72.77991968633279,439.6403395837897,17.00799216288469
4959.0,75.4310102508013,439.6197186065452,17.008013821556474
4960.0,75.14258854599055,439.59834648697415,17.008035362869297
4961.0,74.25201714206247,439.5770560868861,17.008056786821154
4962.0,74.72727526438712,439.55601801536255,17.008078093410045
4963.0,76.12527622946693,439.5348452873709,17.008099282633985
4964.0,75.05628300174666,439.51327645910595,17.00812035449099
4965.0,74.1753185622026,439.49201051225543,17.00814130897911
4966.0,74.9012015345472,439.47099417199615,17.00816214609637
4967.0,74.36378441003906,439.4497721648947,17.00818286584084
4968.0,74.49020262306745,439.4287024259785,17.00820346821058
4969.0,74.42535915510445,439.40759686856865,17.008223953203675
4970.0,74.4948948575407,439.3865096834747,17.008244320818207
4971.0,74.89988480422872,439.3654027965984,17.00826457105228
4972.0,74.76517332202496,439.3441811625705,17.008284703904003
4973.0,74.78489834265373,439.32299769679594,17.0083047193715
4974.0,75.39122099362955,439.30180864226554,17.0083246174529
4975.0,75.94211558525639,439.28044779631733,17.00834439814635
4976.0,75.51757386315145,439.25893086356814,17.008364061450003
4977.0,74.5308236421493,439.2375342176403,17.008383607362028
4978.0,73.5152278541407,439.2164171509417,17.008403035880594
4979.0,74.56847326140941,439.195587836383,17.008422347003894
4980.0,76.06810799509518,439.17446010229224,17.008441540730132
4981.0,75.24817030303473,439.15290747169365,17.008460617057505
4982.0,74.5980020651943,439.13158715677446,17.008479575984243
4983.0,73.78631660297151,439.11045105618933,17.008498417508573
4984.0,76.05528250767425,439.08954493315184,17.008517141628737
4985.0,74.1151949164747,439.0679959364413,17.00853574834299
4986.0,73.29291338283375,439.046996631215,17.008554237649598
4987.0,75.66811320238945,439.0262303057565,17.008572609546828
4988.0,74.75661329102233,439.00479100701585,17.008590864032975
4989.0,74.86634401893112,438.98360996658334,17.008609001106336
4990.0,74.46778105165085,438.962397835778,17.008627020765214
4991.0,74.85368509973378,438.9412986311467,17.00864492300793
4992.0,74.59279439595926,438.9200900870351,17.008662707832816
4993.0,74.75930477797303,438.8989554619563,17.00868037523821
4994.0,74.61604127912464,438.87777365893584,17.008697925222464
4995.0,73.91424523819425,438.8566324472401,17.008715357783938
4996.0,74.97577326338899,438.83569007775594,17.008732672921017
4997.0,75.71703044597568,438.8144469419979,17.00874987063207
4998.0,73.48930357860661,438.79299378337157,17.008766950915504
4999.0,74.52618385737468,438.7721718140243,17.008783913769722
5000.0,75.42220622222379,438.7510560619314,17.00880075919314
5001.0,75.15478226036073,438.7296864368351,17.00881748718419
5002.0,75.72814057582468,438.70839258186135,17.008834097741307
5003.0,74.21156693804664,438.6869362753648,17.00885059086295
5004.0,75.40672016787815,438.6659096647324,17.008866966547572
5005.0,74.41075577913902,438.64454442735155,17.008883224793642
5006.0,74.54564888080218,438.6234613798807,17.008899365599653
5007.0,75.043337765735,438.60234011269785,17.0089153889641
5008.0,74.10822567543205,438.5810778336642,17.008931294885475
5009.0,74.00017801444676,438.56008050305616,17.008947083362305
5010.0,75.28770709125156,438.5391137859521,17.008962754393117
5011.0,74.62311635196778,438.51778226894294,17.008978307976445
5012.0,74.94486096171269,438.49663905264316,17.008993744110843
5013.0,73.6384659335604,438.47540467537067,17.009009062794863
5014.0,75.87311523246275,438.4545404433562,17.009024264027083
5015.0,75.47453666878816,438.433043060707,17.009039347806084
5016.0,74.53951948006325,438.4116586086508,17.009054314130452
5017.0,75.1140098404933,438.3905390781315,17.009069162998802
5018.0,74.39906835576997,438.36925677534333,17.00908389440974
5019.0,73.41252701469628,438.3481770393092,17.009098508361898
5020.0,74.28357190974444,438.32737682332174,17.00911300485391
5021.0,75.0058870004184,438.3063298112806,17.009127383884415
5022.0,74.99832206322317,438.2850781432972,17.00914164545209
5023.0,74.15890243390436,438.2638286187126,17.00915578955559
5024.0,73.88814689083996,438.24281692968964,17.009169816193594
5025.0,74.27628441469311,438.2218819547373,17.009183725364807
5026.0,74.5348239830203,438.2008370074864,17.009197517067918
5027.0,76.57834504468731,438.1797188073579,17.009211191301652
5028.0,75.23737288095734,438.15802160959527,17.00922474806472
5029.0,75.68495370866894,438.1367043539456,17.00923818735587
5030.0,74.59410977232517,438.1152602837282,17.00925150917384
5031.0,75.74405927785548,438.0941252859593,17.00926471351739
5032.0,74.69592541239629,438.0726644691639,17.00927780038529
5033.0,77.54758257987947,438.05150062363043,17.00929076977632
5034.0,76.12641903080102,438.0295288085661,17.009303621689263
5035.0,74.50129880156868,438.0079596565074,17.009316356122927
5036.0,74.88804410340694,437.9868509551803,17.00932897307612
5037.0,75.29475278918784,437.96563267601766,17.009341472547664
5038.0,74.98726026780889,437.9442991627274,17.0093538545364
5039.0,75.70384586979029,437.9230527723182,17.009366119041164
5040.0,76.00029192672176,437.90160334932176,17.00937826606082
5041.0,76.16264569310266,437.8800699332758,17.009390295594233
5042.0,75.33945572639152,437.85849051699614,17.009402207640274
5043.0,73.80015986160134,437.83714433787367,17.009414002197836
5044.0,75.12035314620898,437.81623429257957,17.009425679265824
5045.0,76.63610641645955,437.79495019252147,17.00943723884314
5046.0,75.80795461233122,437.7732366290368,17.009448680928713
5047.0,74.80315801992464,437.7517577085633,17.009460005521472
5048.0,75.2103167766552,437.73056348045765,17.009471212620358
5049.0,75.96202295585614,437.70925389070425,17.009482302224328
5050.0,76.35442159744215,437.6877313175334,17.00949327433235
5051.0,74.33292213035143,437.66609756474753,17.009504128943398
5052.0,73.7437164709991,437.6450365701439,17.009514866056456
5053.0,74.28357548757116,437.62414251714375,17.00952548567053
5054.0,74.08373020222407,437.60309550408897,17.00953598778462
5055.0,74.74792668429811,437.582105113865,17.009546372397754
5056.0,74.448182725644,437.56092653463776,17.009556639508965
5057.0,74.97457012729375,437.53983288286554,17.009566789117283
5058.0,75.87394690047873,437.51859008799613,17.00957682122177
5059.0,75.1215125461729,437.49709246970764,17.009586735821493
5060.0,74.86213387364273,437.4758080411529,17.009596532915523
5061.0,75.53169096194151,437.454597103222,17.009606212502945
5062.0,74.73853642231147,437.43319645744947,17.009615774582855
5063.0,75.37694442931513,437.4120205387965,17.009625219154366
5064.0,75.32255829913935,437.39066373787483,17.009634546216592
5065.0,74.22984507354516,437.36932234635674,17.009643755768668
5066.0,75.06704332788546,437.34829055691927,17.009652847809733
5067.0,76.1335416170217,437.32702156130966,17.009661822338927
5068.0,74.8769096665986,437.30545039118493,17.009670679355434
5069.0,74.89544322033503,437.2842352667793,17.009679418858415
5070.0,74.7345154686438,437.2630148912002,17.009688040847053
5071.0,74.2004849911183,437.24184011181745,17.00969654532055
5072.0,76.22050215497775,437.22081664107,17.00970493227811
5073.0,74.9070177427433,437.19922083212606,17.00971320171895
5074.0,77.03485919787057,437.1779971770989,17.0097213536423
5075.0,74.23189021379727,437.15617063365954,17.009729388047397
5076.0,76.59945336664545,437.13513826476566,17.009737304933495
5077.0,74.73936434602544,437.11343508631177,17.009745104299853
5078.0,75.18560102707828,437.09225893308036,17.009752786145746
5079.0,75.95998643856818,437.0709563461227,17.009760350470454
5080.0,75.55866262800299,437.0494343499651,17.00976779727327
5081.0,74.36710543277601,437.02802606222053,17.009775126553507
5082.0,74.99181207054893,437.00695538234794,17.009782338310472
5083.0,76.04781901625839,436.9857077022612,17.0097894325435
5084.0,75.33303236176296,436.96416082020664,17.009796409251926
5085.0,75.98497530356636,436.94281646103747,17.009803268435096
5086.0,74.51881374453619,436.9212873847015,17.009810010092373
5087.0,76.42117860251051,436.90017372080723,17.009816634223128
5088.0,74.80067777076476,436.8785210535365,17.009823140826743
5089.0,73.07439181197803,436.85732752816807,17.00982952990261
5090.0,75.69695687609152,436.8366231171547,17.009835801450137
5091.0,75.55310169837763,436.81517564603985,17.009841955468737
5092.0,76.07979878095108,436.79376893389195,17.009847991957834
5093.0,74.50743206986243,436.77221299090405,17.00985391091686
5094.0,75.04733404024597,436.75110255181755,17.009859712345275
5095.0,74.78182735542343,436.7298391405061,17.009865396242528
5096.0,75.65043986546479,436.7086509560888,17.009870962608094
5097.0,74.93899837762407,436.68721666479354,17.009876411441454
5098.0,76.4596088884369,436.6659839485866,17.009881742742095
5099.0,73.70959380042443,436.6443203927348,17.009886956509522
5100.0,75.02750102038624,436.6234360078247,17.009892052743247
5101.0,75.30236090803874,436.60217821586895,17.0098970314428
5102.0,75.42690003175656,436.58084254694495,17.00990189260771
5103.0,75.08066439456512,436.55947159193596,17.009906636237528
5104.0,75.04813614645461,436.5381987370242,17.009911262331812
5105.0,75.97717162909235,436.5169350984494,17.009915770890125
5106.0,76.16063544879124,436.4954082331545,17.00992016191205
5107.0,75.54711801200783,436.47382938644404,17.009924435397178
5108.0,74.4640547638345,436.45242436967396,17.00992859134511
5109.0,75.61247813325807,436.43132622082413,17.009932629755454
5110.0,74.32953277932658,436.4099026853531,17.00993655062784
5111.0,76.38210385285528,436.3888426510656,17.0099403539619
5112.0,74.66976947889012,436.367201054974,17.009944039757276
5113.0,75.42173499998486,436.34604462028824,17.00994760801363
5114.0,74.89052888709966,436.32467512870494,17.00995105873062
5115.0,74.53044233785783,436.3034561455203,17.009954391907936
5116.0,75.38824339360454,436.2823391868579,17.009957607545257
5117.0,74.07324153770892,436.260979184563,17.00996070564229
5118.0,74.0269026292752,436.23999176612733,17.009963686198738
5119.0,75.35769365067495,436.219017477049,17.00996654921433
5120.0,75.24238355356601,436.1976661305147,17.009969294688798
5121.0,75.80512601508677,436.1763474551745,17.009971922621883
5122.0,75.47904089714254,436.15486933613687,17.00997443301334
5123.0,74.39747786629106,436.1334836078827,17.00997682586294
5124.0,75.01968016012393,436.11240432248724,17.009979101170455
5125.0,74.67234675882831,436.0911487464419,17.00998125893567
5126.0,75.0167762259056,436.06999158152684,17.00998329915839
5127.0,74.26537205670134,436.04873682826286,17.009985221838424
5128.0,74.41736069506788,436.0276949728468,17.009987026975587
5129.0,75.06463654195834,436.0066100539832,17.00998871456972
5130.0,74.78331719109906,435.9853417402963,17.009990284620653
5131.0,74.9301785941758,435.9641531337588,17.00999173712825
5132.0,74.86956002389302,435.94292291649043,17.00999307209237
5133.0,75.32280006674547,435.9217098744837,17.00999428951289
5134.0,73.59761674578691,435.9003684144648,17.009995389389697
5135.0,74.52156608880587,435.87951575638687,17.009996371722693
5136.0,75.696987511751,435.85840131266167,17.009997236511776
5137.0,74.67805055190469,435.8369538328667,17.00999798375687
5138.0,74.27157241653184,435.815795051877,17.009998613457913
5139.0,74.3753792487691,435.7947514396923,17.009999125614836
5140.0,75.91655472419676,435.7736784155718,17.009999520227595
5141.0,75.43236336572707,435.7521687250666,17.009999797296153
5142.0,75.23782583171395,435.730796222113,17.009999956820483
5143.0,75.15593156995187,435.7094788381273,17.00999999880057
5144.0,74.6770098932054,435.6881846575158,17.009999923236414
5145.0,73.48140473872623,435.66702617137946,17.009999730128012
5146.0,75.44618923979894,435.64620644003674,17.0099994194754
5147.0,75.13489547264213,435.62483001975215,17.00999899127859
5148.0,75.31987427190155,435.60354179936826,17.009998445537626
5149.0,75.10596440192013,435.58220116832456,17.009997782252565
5150.0,76.27971248302384,435.5609211450773,17.00999700142346
5151.0,75.44669120207207,435.5393085598738,17.009996103050398
5152.0,75.69553322233386,435.5179319973666,17.009995087133447
5153.0,74.45119001903804,435.49648492962024,17.00999395367271
5154.0,75.98522862336223,435.4753904257815,17.009992702668292
5155.0,74.83736597206747,435.45386127767154,17.009991334120304
5156.0,76.56609790973904,435.4326573573128,17.009989848028884
5157.0,75.67232587699925,435.4109636295717,17.00998824439416
5158.0,75.30890130646716,435.3895231372399,17.00998652321629
5159.0,74.14202424724478,435.36818561520306,17.009984684495436
5160.0,75.09682358891192,435.347178708333,17.00998272823176
5161.0,75.93946884805747,435.3259012749828,17.009980654425448
5162.0,73.530599270139,435.3043850921425,17.009978463076695
5163.0,74.65310147725114,435.2835514223493,17.009976154185708
5164.0,75.63488672534591,435.2623997102641,17.009973727752698
5165.0,75.26580838920376,435.24096982569193,17.009971183777893
5166.0,74.48474561607864,435.219644513315,17.00996852226153
5167.0,75.72854868830841,435.1985405020571,17.009965743203857
5168.0,73.72860132035312,435.17708407992876,17.009962846605134
5169.0,74.68264104066587,435.1561943095546,17.00995983246563
5170.0,74.90558618937715,435.13503422792644,17.00995670078563
5171.0,75.50550935932701,435.11381097850614,17.009953451565423
5172.0,73.74933862130227,435.09241775085434,17.009950084805315
5173.0,75.60468832530852,435.0715221049116,17.009946600505614
5174.0,73.2703780276038,435.05010077655277,17.009942998666645
5175.0,75.00425105902399,435.0293408361116,17.009939279288755
5176.0,75.23279954113548,435.0080896316449,17.009935442372278
5177.0,74.02380031798432,434.9867736717749,17.00993148791758
5178.0,74.13973108166606,434.9658002616848,17.009927415925027
5179.0,74.61996183177152,434.94479400454503,17.009923226395003
5180.0,76.9850818103683,434.923651682026,17.00991891932789
5181.0,75.02123531154587,434.90183924217973,17.009914494724097
5182.0,74.52960487095827,434.88058322550813,17.009909952584035
5183.0,75.35986609948117,434.859466504128,17.009905292908126
5184.0,74.53384109842055,434.83811454206653,17.00990051569681
5185.0,75.58701510360171,434.81699662042195,17.009895620950523
5186.0,73.5031238463263,434.7955802994759,17.009890608669732
5187.0,73.71406515133421,434.7747544143861,17.0098854788549
5188.0,75.14829941937485,434.7538687625933,17.009880231506504
5189.0,75.12156232142038,434.7325767444245,17.009874866625037
5190.0,73.9925401778272,434.7112923017667,17.009869384210994
5191.0,74.48277692143945,434.69032774871636,17.009863784264894
5192.0,74.63761178675219,434.6692242952553,17.009858066787253
5193.0,74.24204720570762,434.6480769719157,17.00985223177861
5194.0,74.67852277463358,434.6270417252074,17.0098462792395
5195.0,76.5449115329068,434.60588281042124,17.00984020917049
5196.0,75.77872280595481,434.5841950854869,17.00983402157214
5197.0,73.69260969280691,434.56272444735856,17.009827716445027
5198.0,75.00684842519637,434.54184487461225,17.00982129378974
5199.0,74.13993751899858,434.52059293422514,17.00981475360688
5200.0,74.29975870338527,434.4995866185947,17.009808095897053
5201.0,74.64046639515604,434.47853502029545,17.009801320660884
5202.0,75.36532807819631,434.4573868881501,17.009794427899006
5203.0,74.8395618682117,434.43603337852795,17.009787417612056
5204.0,75.13346866615989,434.41482883599866,17.00978028980069
5205.0,75.2837645255124,434.3935410198766,17.009773044465582
5206.0,75.2622169632706,434.37221061992767,17.00976568160739
5207.0,75.81461101328088,434.3508863251214,17.00975820122682
5208.0,74.76032838518118,434.32940551866767,17.00975060332456
5209.0,74.58381005243602,434.3082234256252,17.009742887901318
5210.0,75.77910526951548,434.2870913461103,17.00973505495782
5211.0,75.15340480726539,434.2656205996173,17.009727104494786
5212.0,74.09834572878859,434.2443271349219,17.009719036512966
5213.0,75.12501914456932,434.2233326036321,17.009710851013114
5214.0,75.86389329526102,434.20204718154116,17.009702547995992
5215.0,74.89140861083192,434.18055241177416,17.009694127462367
5216.0,75.5102026645184,434.1593331793344,17.00968558941303
5217.0,75.41855452142724,434.1379386219128,17.009676933848787
5218.0,75.94103307840177,434.116570031465,17.009668160770428
5219.0,74.70471360904537,434.0950534054262,17.009659270178783
5220.0,74.9740004504054,434.0738870699036,17.00965026207468
5221.0,74.23913968493137,434.0526444364427,17.009641136458956
5222.0,75.05120246194453,434.0316100135319,17.009631893332468
5223.0,74.87456909197533,434.0103455061677,17.009622532696067
5224.0,75.05410916816048,433.989131044925,17.00961305455064
5225.0,75.09545809645051,433.967865713994,17.00960345889706
5226.0,75.71457797338503,433.9465886675334,17.009593745736233
5227.0,74.98214460776414,433.9251362037742,17.009583915069054
5228.0,75.91857467337448,433.903891262802,17.009573966896447
5229.0,74.98698974740398,433.8823809999779,17.009563901219337
5230.0,74.58648580493069,433.86113468621613,17.009553718038667
5231.0,75.55587698090451,433.8400018485714,17.00954341735538
5232.0,75.72827583250172,433.8185943500935,17.009532999170446
5233.0,76.51844360763822,433.7971380052743,17.00952246348483
5234.0,75.55599264686566,433.77545777958545,17.009511810299518
5235.0,74.90717881415023,433.7540502483355,17.0095010396155
5236.0,74.45777213297218,433.7328265476715,17.009490151433788
5237.0,75.40694141661028,433.7117301789005,17.009479145755392
5238.0,76.63887794183631,433.69036487883244,17.009468022581338
5239.0,75.61212815472396,433.66865053008223,17.009456781912665
5240.0,75.19960663411189,433.64722709377173,17.009445423750424
5241.0,75.19826339692835,433.6259205385588,17.009433948095676
5242.0,75.36148712069914,433.60461436392967,17.009422354949482
5243.0,76.67638988266778,433.58326194257876,17.009410644312933
5244.0,74.53830335803202,433.5615369654453,17.00939881618712
5245.0,76.69815843861298,433.54041777949385,17.009386870573145
5246.0,75.70350146009959,433.51868663460294,17.00937480747212
5247.0,77.15651885923792,433.4972373091893,17.009362626885174
5248.0,75.83992416069269,433.4753762955125,17.009350328813444
5249.0,74.23846127115502,433.4538883170003,17.009337913258072
5250.0,74.73054311289303,433.4328540863068,17.00932538022022
5251.0,74.72041738854617,433.4116804324248,17.00931272970106
5252.0,76.06202164210555,433.39050964749805,17.009299961701764
5253.0,74.66849067516978,433.3689587413661,17.00928707622353
5254.0,75.12330820829318,433.34780266900816,17.00927407326756
5255.0,74.51005783448697,433.3265177316825,17.00926095283506
5256.0,75.02907665147761,433.3054065486294,17.009247714927263
5257.0,74.70404507386908,433.28414831024475,17.009234359545403
5258.0,74.29338628628858,433.2629821641405,17.00922088669072
5259.0,74.43305487811386,433.2419323713594,17.009207296364472
5260.0,75.76097237480346,433.2208430058106,17.009193588567932
5261.0,74.9508288617151,433.1993773969711,17.009179763302374
5262.0,75.39602578548978,433.1781413287936,17.009165820569084
5263.0,75.94636821555372,433.1567791214877,17.009151760369377
5264.0,74.63358208951334,433.13526098382664,17.00913758270455
5265.0,75.92128269616634,433.1141148022346,17.00912328757593
5266.0,75.00010391122473,433.09260377213735,17.009108874984857
5267.0,74.77023849651731,433.07135374269586,17.009094344932667
5268.0,75.56023733707612,433.0501688417885,17.00907969742072
5269.0,74.02961692095103,433.02876010787634,17.00906493245038
5270.0,75.09805874776576,433.00778504974875,17.009050050023028
5271.0,75.78032226471417,432.98650726643683,17.009035050140042
5272.0,75.57648297387838,432.9650361751285,17.00901993280284
5273.0,74.66616705653985,432.9436228382859,17.009004698012816
5274.0,76.37721579464804,432.92246742428654,17.008989345771397
5275.0,73.77718739752768,432.90082721314474,17.008973876080017
5276.0,75.06543107583792,432.87992367671546,17.008958288940114
5277.0,74.6826799620866,432.85865513791066,17.00894258435315
5278.0,74.63356823092204,432.8374950452547,17.00892676232058
5279.0,75.5031636882167,432.8163488675893,17.00891082284389
5280.0,74.3690943418402,432.7949563045443,17.008894765924563
5281.0,74.84855430374917,432.77388506114744,17.008878591564095
5282.0,74.896661382425,432.75267797076134,17.008862299763994
5283.0,75.89859024075982,432.7314572500364,17.00884589052578
5284.0,74.76000378389908,432.70995264946816,17.008829363850992
5285.0,75.1218566608024,432.68877064839603,17.00881271974116
5286.0,74.60650705928795,432.66748612234215,17.008795958197847
5287.0,73.55081703701703,432.6463476120087,17.008779079222613
5288.0,74.67026839481241,432.62550821384815,17.008762082817025
5289.0,74.40694689878956,432.604351637803,17.00874496898268
5290.0,75.44700334316171,432.583269669515,17.00872773772117
5291.0,75.22200814594957,432.56189301856773,17.0087103890341
5292.0,74.5007280238993,432.5405801162597,17.008692922923093
5293.0,74.98329034475617,432.51947157665296,17.00867533938977
5294.0,75.48924322771671,432.49822631105525,17.008657638435785
5295.0,74.8319195124887,432.4768376921408,17.00863982006278
5296.0,73.9239392636341,432.45563531494554,17.00862188427242
5297.0,73.41835058751867,432.4346901988208,17.008603831066374
5298.0,75.67543376532683,432.41388833282105,17.00858566044633
5299.0,74.22879340290385,432.39244695992085,17.008567372413985
5300.0,74.60176645925453,432.37141546845675,17.008548966971038
5301.0,74.81025757178818,432.3502783012933,17.008530444119213
5302.0,74.63602655114995,432.3290820616479,17.008511803860237
5303.0,74.97174441784344,432.30793518745844,17.008493046195845
5304.0,75.5706078632574,432.2866931932067,17.00847417112779
5305.0,74.78637525596432,432.26528152097876,17.008455178657833
5306.0,74.71244371729647,432.24409204798957,17.008436068787745
5307.0,74.32730863477431,432.2229235222697,17.00841684151931
5308.0,75.28064097338928,432.2018641181565,17.008397496854318
5309.0,75.55085961709945,432.1805346032141,17.00837803479458
5310.0,74.93516143496885,432.15912852632255,17.008358455341902
5311.0,75.37907671082468,432.13789689724933,17.00833875849812
5312.0,73.13288423539456,432.11653949218123,17.008318944265064
5313.0,75.13185026385574,432.09581850831455,17.008299012644592
5314.0,75.87326158517625,432.0745311507398,17.008278963638553
5315.0,74.6770103343051,432.05303372662394,17.008258797248825
5316.0,75.2787697915368,432.0318752403626,17.008238513477284
5317.0,75.52781280455268,432.01054625558834,17.008218112325828
5318.0,74.06816016045393,431.989146708627,17.008197593796353
5319.0,74.92947417747841,431.96816072991487,17.008176957890775
5320.0,74.3520253411803,431.9469307122313,17.008156204611026
5321.0,74.6063872930959,431.9258643050513,17.008135333959036
5322.0,74.75273259879862,431.9047258286516,17.00811434593675
5323.0,76.10657528244522,431.88354588774854,17.008093240546135
5324.0,75.68171249687927,431.8619823580852,17.008072017789146
5325.0,74.5947118602061,431.8405392062111,17.008050677667775
5326.0,74.98702068617511,431.81940403785075,17.00802922018401
5327.0,75.16402071508098,431.798157715323,17.008007645339852
5328.0,73.5819619083256,431.77686124278705,17.007985953137307
5329.0,74.32461282602961,431.75601302024637,17.00796414357841
5330.0,75.27072103310195,431.73495437994563,17.00794221666519
5331.0,74.48782458622591,431.71362767565296,17.00792017239969
5332.0,74.8765460707149,431.69252279202016,17.007898010783972
5333.0,77.65633126188366,431.67130777063346,17.0078757318201
5334.0,74.68376016185209,431.6493051434426,17.007853335510152
5335.0,74.14243996787283,431.62814474473004,17.007830821856217
5336.0,74.19396539834457,431.6071377200725,17.0078081908604
5337.0,74.02999852149689,431.586116096543,17.007785442524806
5338.0,75.05319330470418,431.5651409302952,17.00776257685156
5339.0,74.8612075052269,431.5438758588589,17.007739593842796
5340.0,74.69323037035124,431.52266518339906,17.00771649350066
5341.0,74.93065591601938,431.5015021014608,17.007693275827304
5342.0,75.7035086850113,431.4802717489513,17.00766994082489
5343.0,75.73490867418857,431.4588224214905,17.007646488495602
5344.0,74.89431543890358,431.43736419736615,17.007622918841626
5345.0,75.033177139121,431.4161441413251,17.007599231865157
5346.0,75.2610334774693,431.3948847411357,17.00757542756841
5347.0,75.5982638056554,431.37356078165044,17.0075515059536
5348.0,75.23560154442944,431.35214127357216,17.007527467022964
5349.0,75.71829567249392,431.33082451980124,17.007503310778745
5350.0,74.3396439752391,431.30937100269404,17.007479037223188
5351.0,75.31656406734373,431.2883081035677,17.007454646358568
5352.0,75.40473701833824,431.26696841041525,17.007430138187154
5353.0,74.4879303508864,431.24560373492676,17.007405512711234
5354.0,76.37500729777693,431.22449882132736,17.007380769933107
5355.0,74.95635932030521,431.2028592359263,17.00735590985508
5356.0,75.10800259960047,431.1816216007856,17.00733093247947
5357.0,76.55694717746309,431.16034100004896,17.00730583780861
5358.0,76.38998210135357,431.13864986501534,17.007280625844835
5359.0,76.5808710339085,431.1170060367533,17.007255296590504
5360.0,75.52091335915935,431.09530812329376,17.007229850047985
5361.0,75.7163284996406,431.07391053117533,17.007204286219636
5362.0,75.17902925002755,431.05245757143376,17.007178605107857
5363.0,75.11166082273716,431.0311568464796,17.007152806715034
5364.0,75.75280842701113,431.0098752092465,17.00712689104358
5365.0,75.45279122611642,430.98841191352545,17.007100858095907
5366.0,74.9808569183891,430.96703362267806,17.007074707874448
5367.0,73.44950944276383,430.94578904655117,17.007048440381638
5368.0,75.86650667789243,430.92497835220905,17.007022055619935
5369.0,74.48974002481773,430.9034828419837,17.00699555359179
5370.0,75.06227310090766,430.8823774156433,17.006968934299685
5371.0,74.76358744322279,430.861109771598,17.0069421977461
5372.0,75.352429796995,430.8399267551558,17.006915343933525
5373.0,75.25396592285239,430.8185769000467,17.00688837286447
5374.0,74.96062355784524,430.7972549430352,17.00686128454145
5375.0,74.19879186597947,430.77601609969383,17.006834078966996
5376.0,76.01143720500903,430.75499310866513,17.00680675614364
5377.0,75.9517009133393,430.7334565347904,17.006779316073928
5378.0,75.44221267201598,430.71193688619826,17.00675175876043
5379.0,74.99795029619618,430.6905615926079,17.00672408420571
5380.0,75.56944748707403,430.6693121733573,17.00669629241235
5381.0,74.6225977279422,430.6479008299026,17.006668383382944
5382.0,74.91423812907276,430.62675776054635,17.006640357120098
5383.0,75.81587711722999,430.6055320597431,17.006612213626422
5384.0,74.8877149523434,430.5840508945599,17.006583952904545
5385.0,74.30822096119826,430.5628327086567,17.0065555749571
5386.0,75.0300174182472,430.5417787127177,17.006527079786736
5387.0,74.54995023254506,430.5205202077825,17.006498467396117
5388.0,75.27741212918261,430.4993977218833,17.0064697377879
5389.0,75.45053657351035,430.4780691217801,17.006440890964775
5390.0,75.03673467340312,430.45669146975087,17.00641192692943
5391.0,75.01609124578286,430.4354310615935,17.006382845684566
5392.0,75.70388499557193,430.41417650240714,17.0063536472329
5393.0,74.27555588864456,430.3927270683251,17.00632433157715
5394.0,76.0856950385013,430.37168232748996,17.006294898720057
5395.0,75.22257855459607,430.3501247138957,17.006265348664357
5396.0,73.87060641628322,430.32881164997184,17.00623568141282
5397.0,75.87367925840033,430.3078816448206,17.006205896968204
5398.0,75.12979668585783,430.2863841023641,17.006175995333294
5399.0,74.03038476399571,430.26509732663646,17.006145976510872
5400.0,74.36462817582455,430.24412205095325,17.00611584050374
5401.0,74.21006060047434,430.2230520729701,17.00608558731472
5402.0,75.17442925633232,430.2020258891333,17.006055216946617
5403.0,75.05935016355963,430.1807264675107,17.006024729402277
5404.0,74.57084519862711,430.15945965163104,17.00599412468454
5405.0,74.90342558648355,430.13833124549143,17.00596340279626
5406.0,74.23386796295391,430.11710860824195,17.00593256374031
5407.0,75.15974311356193,430.09607567898576,17.005901607519558
5408.0,76.41570496553624,430.0747804184369,17.005870534136896
5409.0,77.22501693006872,430.05312930202996,17.00583934359522
5410.0,75.04237147344105,430.0312488805665,17.00580803589744
5411.0,74.63818465214422,430.0099868753157,17.00577661104649
5412.0,73.53083007436082,429.98883938966424,17.00574506904528
5413.0,75.15431713021106,429.96800565447654,17.005713409896764
5414.0,75.72978798451965,429.9467119312896,17.005681633603896
5415.0,74.6018139106331,429.9252551580273,17.005649740169634
5416.0,75.01215774708812,429.90411797741933,17.005617729596963
5417.0,74.77243639053331,429.88286453272434,17.00558560188886
5418.0,74.86156703409826,429.86167900908026,17.005553357048328
5419.0,74.83413611443888,429.84046823175396,17.005520995078378
5420.0,74.39584879646708,429.8192652265215,17.00548851598202
5421.0,76.00682152687997,429.7981864026959,17.005455919762287
5422.0,74.89244430490751,429.77665113659657,17.005423206422222
5423.0,74.95822902400975,429.7554316107102,17.005390375964875
5424.0,75.0752210567162,429.7341934458201,17.005357428393314
5425.0,74.54735831977021,429.7129221331873,17.005324363710603
5426.0,75.42752065434392,429.6918003816634,17.005291181919837
5427.0,74.77750071651076,429.67042925081137,17.005257883024104
5428.0,75.55438409175358,429.649242292275,17.005224467026512
5429.0,75.9550152646588,429.62783521678233,17.00519093393018
5430.0,75.46988349865737,429.606314629124,17.005157283738235
5431.0,74.42401014067295,429.58493149546604,17.005123516453814
5432.0,73.71404988656381,429.56384469259285,17.005089632080075
5433.0,74.9347256532569,429.54295904512503,17.00505563062017
5434.0,74.47567536615851,429.5217275395232,17.005021512077278
5435.0,75.76278911325488,429.5006260981695,17.004987276454575
5436.0,74.75686163971099,429.4791599745874,17.004952923755262
5437.0,75.02528988723115,429.45797886378955,17.004918453982537
5438.0,73.96195067420567,429.4367216983215,17.00488386713962
5439.0,74.86664703677324,429.4157658122971,17.004849163229732
5440.0,74.20924466273443,429.3945535956367,17.00481434225612
5441.0,75.55388686798224,429.37352764298225,17.00477940422203
5442.0,75.00433496717986,429.3521207083696,17.004744349130714
5443.0,76.21272426195848,429.33086948012897,17.004709176985447
5444.0,76.6306378089724,429.3092758749214,17.00467388778951
5445.0,75.51147919688128,429.28756386087554,17.0046384815462
5446.0,74.70490471059425,429.2661689417697,17.00460295825881
5447.0,75.10768625070247,429.2450025521017,17.00456731793066
5448.0,74.53908000808286,429.22372204099736,17.004531560565077
5449.0,74.86274905873644,429.20260263499506,17.00449568616539
5450.0,75.62651960894544,429.1813915227617,17.00445969473495
5451.0,75.09167678488363,429.1599640088726,17.004423586277117
5452.0,75.85369781390986,429.1386880337835,17.004387360795253
5453.0,74.4786374992415,429.11719615273626,17.004351018292745
5454.0,75.5071886339977,429.09609387211145,17.00431455877298
5455.0,74.95673866984643,429.0747001686652,17.00427798223935
5456.0,74.1912707293916,429.053462426042,17.004241288695283
5457.0,75.14167840634612,429.03244156600203,17.004204478144192
5458.0,74.89626439148083,429.01115142378694,17.004167550589518
5459.0,75.77219049955262,428.98993081554266,17.0041305060347
5460.0,75.91794694081747,428.96846202823446,17.004093344483195
5461.0,75.36950069074764,428.94695194326783,17.00405606593847
5462.0,75.09116964351199,428.9255972514055,17.004018670404005
5463.0,74.45133723850863,428.9043214200065,17.003981157883285
5464.0,74.62443886692165,428.8832268744556,17.003943528379814
5465.0,74.97189992635626,428.86208328344327,17.003905781897096
5466.0,74.03384768496876,428.84084124513083,17.003867918438655
5467.0,74.57769947028702,428.8198649882868,17.00382993800803
5468.0,73.26470895538255,428.7987346401035,17.003791840608756
5469.0,75.522444207072,428.77797630589953,17.00375362624439
5470.0,74.99534373996549,428.7565782800408,17.003715294918496
5471.0,75.04538435114726,428.73532959931447,17.003676846634647
5472.0,74.90349481989192,428.714066740415,17.003638281396437
5473.0,74.53537806811441,428.69284408354935,17.003599599207462
5474.0,76.29340861389689,428.67172572643005,17.003560800071323
5475.0,72.89529551333804,428.6501092606561,17.00352188399165
5476.0,75.70433678792442,428.62945559359406,17.003482850972066
5477.0,74.85227783311286,428.6080060315041,17.003443701016216
5478.0,74.77421655126109,428.58679788611806,17.00340443412775
5479.0,74.89370535447544,428.5656118580952,17.003365050310336
5480.0,74.15257896072917,428.54439197491143,17.003325549567638
5481.0,75.824953699225,428.52338207753917,17.003285931903353
5482.0,76.04940896289692,428.50189834065776,17.003246197321168
5483.0,74.98494518307143,428.48035100811825,17.003206345824793
5484.0,74.39666263448746,428.45910527364975,17.003166377417948
5485.0,74.6848344035509,428.43802621923663,17.00312629210436
5486.0,74.86703231833425,428.4168655161556,17.003086089887766
5487.0,75.9762703459826,428.3956531903321,17.00304577077192
5488.0,76.53499151466701,428.37412658040074,17.00300533476058
5489.0,75.80276924521131,428.35244166613825,17.00296478185752
5490.0,75.75352922977855,428.3309642148521,17.002924112066527
5491.0,76.74717132026367,428.30950071490366,17.002883325391387
5492.0,74.72946675873011,428.28775568302956,17.00284242183591
5493.0,74.29675019045185,428.2665823341146,17.00280140140391
5494.0,74.22112069051285,428.2455315882273,17.002760264099216
5495.0,74.30141213695208,428.22450227069834,17.002719009925663
5496.0,75.50945098722201,428.2034502039262,17.002677638887103
5497.0,74.30910905221809,428.1820558594798,17.002636150987396
5498.0,75.19101352034373,428.161001611915,17.002594546230405
5499.0,73.84637593752859,428.1396974914176,17.002552824620015
5500.0,74.88401443608038,428.1187743515687,17.002510986160125
5501.0,74.63054531130935,428.0975572141451,17.002469030854627
5502.0,74.4707260933292,428.0764118929735,17.002426958707442
5503.0,75.05361891163092,428.0553118539138,17.002384769722493
5504.0,74.39612252292106,428.0340466618888,17.00234246390372
5505.0,74.64539998237035,428.0129677605073,17.002300041255058
5506.0,74.44035671288782,427.9918182305123,17.002257501780473
5507.0,74.17019446125559,427.9707267961103,17.00221484548394
5508.0,76.54874140715087,427.94971190767967,17.002172072369426
5509.0,74.1695533227108,427.92802309761424,17.002129182440928
5510.0,75.24484782954625,427.9070083908395,17.002086175702445
5511.0,74.60773822172727,427.8856890172878,17.002043052157987
5512.0,75.78372689331418,427.864550158125,17.00199981181158
5513.0,76.0294252448722,427.8430781021719,17.00195645466726
5514.0,74.5660600791985,427.8215364316858,17.001912980729063
5515.0,74.42357068323066,427.80040938133004,17.00186939000106
5516.0,75.0063728870829,427.7793227029698,17.0018256824873
5517.0,74.46818371528697,427.7580708973185,17.001781858191872
5518.0,74.73025353037387,427.73697157859914,17.001737917118863
5519.0,75.0479066127194,427.7157980067655,17.00169385927237
5520.0,75.56599628174378,427.6945344332253,17.001649684656503
5521.0,74.623072305478,427.6731240676121,17.00160539327538
5522.0,75.05827188858173,427.65198086379223,17.001560985133136
5523.0,75.39729298832295,427.6307143534238,17.001516460233915
5524.0,74.54748960164216,427.60935178707706,17.001471818581873
5525.0,75.66834130621875,427.5882299983566,17.001427060181168
5526.0,75.25784622042904,427.56679063498655,17.00138218503598
5527.0,75.79469171021172,427.54546757855746,17.001337193150494
5528.0,76.11377252726665,427.5239924159062,17.00129208452891
5529.0,75.50731201587003,427.5024268470235,17.00124685917543
5530.0,75.25658213531368,427.48103310861893,17.001201517094277
5531.0,75.56249503755657,427.45971041034727,17.00115605828968
5532.0,74.43133300597358,427.4383010367533,17.00111048276588
5533.0,75.54744579522576,427.41721215906836,17.00106479052713
5534.0,74.85244908016695,427.39580704942637,17.00101898157769
5535.0,76.11608259352359,427.3745988555203,17.00097305592184
5536.0,78.21876377590507,427.35303263211875,17.000927013563857
5537.0,74.82367521401203,427.33087064904896,17.000880854508036
5538.0,73.8379920628123,427.30967060773827,17.00083457875869
5539.0,75.04012472353438,427.28874984332055,17.000788186320126
5540.0,74.42864890955741,427.26748847464887,17.000741677196682
5541.0,75.18357792075211,427.24640035745784,17.00069505139269
5542.0,74.58601700297056,427.22509834371357,17.000648308912506
5543.0,74.82516030910732,427.2039656388961,17.000601449760484
5544.0,74.57110409197664,427.1827651768085,17.000554473940998
5545.0,74.13629590954221,427.16163669731577,17.00050738145843
5546.0,74.68197992772927,427.14063141347475,17.000460172317176
5547.0,74.80218096401839,427.1194715191619,17.000412846521638
5548.0,75.25078396818112,427.0982775678887,17.00036540407623
5549.0,75.32666008677872,427.0769565124311,17.000317844985375
5550.0,75.4918304954516,427.05561395873985,17.00027016925352
5551.0,74.38363013013621,427.0342246067661,17.000222376885098
5552.0,76.8111585203677,427.01314924489594,17.000174467884584
5553.0,75.31561080955206,426.99138608331515,17.000126442256434
5554.0,75.53229132198172,426.9700466602525,17.000078300005132
5555.0,74.87233959609702,426.9486458443779,17.000030041135176
5556.0,73.80525959937373,426.9274320148256,16.99998166565106
5557.0,74.8275975033667,426.9065205246058,16.999933173557295
5558.0,74.15181176184745,426.8853193719799,16.999884564858416
5559.0,74.41646950694329,426.86430969198074,16.999835839558948
5560.0,74.07990111017125,426.84322502562037,16.99978699766344
5561.0,73.89537661454492,426.8222357203058,16.999738039176446
5562.0,75.3868770415047,426.8012986969317,16.999688964102532
5563.0,74.5121238500956,426.77993908176995,16.999639772446283
5564.0,75.26845846198161,426.75882731334576,16.999590464212286
5565.0,75.30024711771334,426.7375012501149,16.999541039405134
5566.0,75.21365527011989,426.7161661800982,16.999491498029446
5567.0,74.68172564823455,426.6948556444383,16.99944184008984
5568.0,75.37731295168706,426.67369582217134,16.99939206559095
5569.0,74.25135217183855,426.652338916835,16.999342174537418
5570.0,74.02411442146573,426.63130103371964,16.9992921669339
5571.0,74.38851835564105,426.6103275346336,16.999242042785056
5572.0,73.98959053020025,426.58925078776616,16.99919180209557
5573.0,75.42947938891733,426.5682870704493,16.999141444870123
5574.0,74.87035948264723,426.54691538462237,16.999090971113418
5575.0,74.13667387467683,426.5257021161023,16.999040380830152
5576.0,73.47500243418683,426.50469672517113,16.99898967402506
5577.0,75.0469492700462,426.4838788078148,16.998938850702864
5578.0,74.21040508008834,426.4626155055216,16.99888791086831
5579.0,76.24826536006576,426.4415892240823,16.99883685452614
5580.0,74.45105387442815,426.41998554889693,16.998785681681127
5581.0,75.36786376377776,426.39889108363246,16.99873439233804
5582.0,76.9677906557158,426.3775368555661,16.99868298650167
5583.0,74.8575272206496,426.3557293148803,16.998631464176803
5584.0,76.31736835633984,426.3345196821678,16.998579825368253
5585.0,75.31013702323186,426.3128964278002,16.998528070080834
5586.0,74.77317758063799,426.2915585556436,16.998476198319374
5587.0,74.92942316337185,426.27037282199575,16.99842421008871
5588.0,75.22159283125237,426.24914281876613,16.998372105393702
5589.0,74.86454103971853,426.2278300341306,16.998319884239198
5590.0,74.76928823987836,426.2066184141693,16.99826754663008
5591.0,75.23151393523248,426.1854337825014,16.998215092571222
5592.0,73.5682834908101,426.16411818688636,16.99816252206752
5593.0,73.98096007185222,426.1432738398973,16.998109835123884
5594.0,73.11834332545595,426.122312567877,16.998057031745223
5595.0,74.63697190624471,426.1015957039347,16.998004111936464
5596.0,74.04446563844601,426.0804485618947,16.997951075702545
5597.0,74.68601552193196,426.0594692966304,16.997897923048413
5598.0,75.3524957761407,426.03830825889924,16.997844653979026
5599.0,74.83838840751568,426.016958385096,16.997791268499356
5600.0,75.29026492977408,425.9957541750472,16.997737766614378
5601.0,76.20936082107876,425.9744219333171,16.99768414832909
5602.0,74.10298571888187,425.95282928108446,16.99763041364849
5603.0,75.37531490080468,425.9318334351308,16.99757656257759
5604.0,76.32128063125205,425.91047709590885,16.997522595121414
5605.0,75.16892985636235,425.8888527330634,16.997468511285
5606.0,74.13903148368418,425.8675548696041,16.997414311073392
5607.0,75.77987176697847,425.84654881068366,16.997359994491642
5608.0,75.03033101037714,425.82507784701636,16.997305561544827
5609.0,74.07194684172156,425.80381925323013,16.997251012238014
5610.0,75.9057842333619,425.78283220162496,16.997196346576295
5611.0,74.33589619752262,425.7613255627588,16.997141564564775
5612.0,74.71675784207943,425.74026372550287,16.997086666208556
5613.0,75.72529847690416,425.7190939774476,16.99703165151277
5614.0,73.261159962411,425.69763847621243,16.996976520482537
5615.0,75.3871072307472,425.67688114755646,16.99692127312301
5616.0,74.7272585764349,425.6555214671745,16.99686590943934
5617.0,75.87865891441129,425.63434874391106,16.996810429436692
5618.0,75.21765213193825,425.612849790552,16.99675483312024
5619.0,74.68622862498215,425.59153812244796,16.99669912049517
5620.0,74.6664938744022,425.5703770243376,16.99664329156668
5621.0,74.68161546067239,425.5492215177398,16.996587346339982
5622.0,75.8682247520087,425.5280617266926,16.996531284820293
5623.0,75.80999359018608,425.50656572967955,16.99647510701284
5624.0,74.31189885016481,425.4850862314957,16.996418812922865
5625.0,73.44631685430763,425.4640311934881,16.996362402555626
5626.0,76.30981588733415,425.44322140371276,16.996305875916374
5627.0,75.4119971858633,425.4216002892113,16.996249233010392
5628.0,75.35671567078163,425.40023355667535,16.99619247384296
5629.0,75.61859343046719,425.3788824872353,16.99613559841937
5630.0,75.24903661407606,425.3574572190966,16.996078606744934
5631.0,75.48584829075637,425.33613665872264,16.996021498824966
5632.0,75.17545580577567,425.3147490017069,16.995964274664793
5633.0,74.62416007253493,425.29344928922865,16.995906934269758
5634.0,75.14735109091451,425.2723057772081,16.9958494776452
5635.0,75.30854273859961,425.2510140277323,16.99579190479649
5636.0,75.20558590959071,425.2296766072897,16.99573421572899
5637.0,75.43818368203169,425.2083683579487,16.99567641044809
5638.0,75.34643313841956,425.1869942059054,16.995618488959177
5639.0,74.73524604083998,425.1656460498495,16.995560451267654
5640.0,75.19872141573542,425.14447106347126,16.99550229737894
5641.0,75.10538868414508,425.12316475907016,16.995444027298458
5642.0,74.15927487541308,425.10188489894296,16.995385641031643
5643.0,75.70771233663969,425.080873104395,16.995327138583942
5644.0,74.52851516232715,425.0594225858996,16.995268519960813
5645.0,74.44084766242224,425.0383061732703,16.99520978516772
5646.0,74.69316604200876,425.0172145997659,16.995150934210155
5647.0,75.13768394507883,424.99605153605404,16.995091967093593
5648.0,74.63976896133471,424.9747625256029,16.995032883823544
5649.0,75.26460918045463,424.95361459106385,16.99497368440552
5650.0,74.32125657011827,424.93228961846273,16.994914368845034
5651.0,75.6299365346577,424.9112319291012,16.994854937147633
5652.0,73.60613672590806,424.88980344708307,16.994795389318853
5653.0,74.81368050483846,424.8689483750107,16.994735725364254
5654.0,75.08211502326212,424.84775116553436,16.994675945289394
5655.0,74.6897645036071,424.82647789961106,16.99461604909986
5656.0,75.00818111149773,424.8053157996684,16.99455603680123
5657.0,74.45754768185368,424.78406348168676,16.994495908399113
5658.0,75.09713489024604,424.7629671765103,16.99443566389911
5659.0,76.24481056438614,424.741689654958,16.994375303306843
5660.0,75.80294285027098,424.72008695863144,16.994314826627946
5661.0,75.5071161313637,424.69860945815725,16.994254233868055
5662.0,73.66994159394298,424.67721577525333,16.99419352503283
5663.0,74.99331503646147,424.65634262513504,16.994132700127928
5664.0,75.062604227033,424.63509451920805,16.994071759159027
5665.0,75.52995233762358,424.61382678134373,16.99401070213181
5666.0,75.47198097764516,424.5924266281814,16.993949529051974
5667.0,75.07357373676231,424.5710429002378,16.993888239925226
5668.0,74.178411578226,424.5497720543457,16.993826834757282
5669.0,74.26060372136264,424.5287548377318,16.993765313553876
5670.0,74.63504705674254,424.5077143333441,16.993703676320738
5671.0,74.3957246258657,424.486567736678,16.993641923063628
5672.0,75.71060881227325,424.465488948034,16.9935800537883
5673.0,77.0567457386821,424.4440376088706,16.993518068500528
5674.0,75.22697635571758,424.4222048642446,16.993455967206096
5675.0,76.35961080211854,424.40089055427717,16.99339374991079
5676.0,76.83338245304077,424.3792553312166,16.993331416620425
5677.0,73.41576806957438,424.3574858728549,16.99326896734081
5678.0,74.43621313139906,424.33668473856847,16.99320640207777
5679.0,76.55718178317512,424.31559447818125,16.993143720837146
5680.0,75.99280398934432,424.293903276676,16.99308092362478
5681.0,75.13650002252456,424.27237198221235,16.993018010446534
5682.0,75.17575226774186,424.251083307206,16.99295498130828
5683.0,75.68471714697553,424.2297835107301,16.99289183621589
5684.0,76.45244217879599,424.20833950753854,16.99282857517526
5685.0,75.64182216987751,424.1866779822545,16.99276519819229
5686.0,76.7502061877415,424.1652461326397,16.992701705272896
5687.0,75.78289963408972,424.1435002408865,16.992638096422997
5688.0,75.06698522271591,424.12202841932356,16.992574371648526
5689.0,74.44743816223409,424.1007594401771,16.992510530955432
5690.0,74.82360757779705,424.07966599936447,16.992446574349664
5691.0,73.48632835014722,424.0584659772174,16.9923825018372
5692.0,76.54598092045994,424.03764485085156,16.992318313424008
5693.0,74.19173055858306,424.01595682292407,16.992254009116074
5694.0,74.26757705075023,423.9949358325991,16.99218958891941
5695.0,75.5013213717336,423.97389335243474,16.99212505284001
5696.0,74.87162798539616,423.9525013113794,16.9920604008839
5697.0,74.80542424009418,423.93128768345025,16.99199563305712
5698.0,74.09171928207977,423.91009281324887,16.9919307493657
5699.0,73.67371018046276,423.88910015945225,16.991865749815695
5700.0,73.7544809100093,423.86822594156786,16.99180063441318
5701.0,75.3103100873071,423.8473288386433,16.991735403164213
5702.0,75.68865172439031,423.8259909174519,16.991670056074895
5703.0,75.56302191809867,423.8045457994633,16.991604593151308
5704.0,75.46496568180834,423.7831362765865,16.991539014399567
5705.0,76.25641236767154,423.76175453631,16.991473319825793
5706.0,76.26604625287044,423.74014855280586,16.991407509436108
5707.0,74.8596336560182,423.71853983970084,16.991341583236654
5708.0,75.21757575055616,423.69732961016496,16.99127554123358
5709.0,75.31232332302831,423.67601796370235,16.991209383433045
5710.0,73.33275137127276,423.65467947209413,16.991143109841225
5711.0,73.86599514909012,423.63390185920565,16.9910767204643
5712.0,76.2631622565166,423.61297316058005,16.991010215308467
5713.0,74.66193492870526,423.59136526460736,16.990943594379928
5714.0,73.93495508141895,423.57021104971085,16.990876857684896
5715.0,75.28023927629,423.54926281243786,16.990810005229598
5716.0,74.0048175339053,423.52793341130956,16.990743037020273
5717.0,74.09030184971222,423.5069653796749,16.990675953063167
5718.0,74.23903583976772,423.48597312748416,16.990608753364537
5719.0,75.17883527156695,423.46493873399623,16.99054143793065
5720.0,75.4266755225252,423.44363806400264,16.99047400676779
5721.0,74.72802254042892,423.42226717260456,16.990406459882248
5722.0,74.64670497785545,423.40109423288476,16.99033879728032
5723.0,76.37741829206908,423.37994433314105,16.990271018968322
5724.0,74.4682571195533,423.358304064625,16.99020312495258
5725.0,75.4184379176362,423.33720472510777,16.990135115239422
5726.0,74.58057017476955,423.3158361676978,16.9900669898352
5727.0,74.63755239145148,423.29470500614826,16.989998748746256
5728.0,76.59433682082741,423.27355769963737,16.98993039197897
5729.0,74.73806185251776,423.2518559708714,16.98986191953971
5730.0,75.37450874922087,423.23068018667993,16.989793331434868
5731.0,75.17947304811,423.20932407586764,16.989724627670846
5732.0,74.74260433912256,423.1880232251707,16.989655808254042
5733.0,73.02710181154778,423.16684615394126,16.989586873190888
5734.0,74.52393105810447,423.1461551417613,16.98951782248781
5735.0,74.14898068306451,423.1250400279615,16.989448656151247
5736.0,74.7823831240459,423.1040311501013,16.989379374187656
5737.0,74.76221035228706,423.0828428082162,16.989309976603497
5738.0,74.6842603712102,423.06166018194966,16.989240463405245
5739.0,76.97018462912254,423.0404996415112,16.98917083459939
5740.0,75.56684863300492,423.0186914225329,16.989101090192417
5741.0,74.63054096248274,422.9972808154202,16.98903123019084
5742.0,74.79623320345847,422.97613549548083,16.988961254601172
5743.0,74.36230113419275,422.9549432294065,16.988891163429948
5744.0,75.25388646344642,422.93387391075186,16.9888209566837
5745.0,75.08267330644031,422.9125519762539,16.98875063436898
5746.0,75.07246769625804,422.8912785521504,16.98868019649235
5747.0,74.78739739894706,422.8700080196365,16.98860964306037
5748.0,74.5974299952735,422.8488182570401,16.988538974079642
5749.0,75.99071359728329,422.8276823185414,16.98846818955674
5750.0,74.3646512167259,422.8061516163555,16.98839728949828
5751.0,74.54787003869566,422.78508163184415,16.988326273910868
5752.0,76.17293422462863,422.7639597353332,16.988255142801133
5753.0,74.32850371425228,422.74237740396956,16.988183896175713
5754.0,74.12240824452807,422.72131766125045,16.988112534041246
5755.0,75.04515592378657,422.70031631224794,16.988041056404395
5756.0,74.47287784180875,422.67905351806945,16.98796946327183
5757.0,75.31455345101756,422.6579528693476,16.987897754650227
5758.0,75.15731735651103,422.63661374586985,16.98782593054628
5759.0,75.3222774260234,422.61531917261885,16.987753990966684
5760.0,76.21010363982057,422.59397786068143,16.987681935918147
5761.0,76.06484848848639,422.5723849979835,16.987609765407402
5762.0,75.14698324549141,422.5508332909118,16.98753747944117
5763.0,74.89649296633091,422.52954164565887,16.987465078026204
5764.0,76.09532522805097,422.50832097265175,16.98739256116925
5765.0,75.04744179026909,422.4867606305038,16.987319928877085
5766.0,75.39634830385836,422.4654971886632,16.98724718115647
5767.0,75.40138764194609,422.44413488997714,16.9871743180142
5768.0,74.17474844240469,422.42277116347856,16.98710133945707
5769.0,75.62609428764848,422.4017549847532,16.987028245491896
5770.0,73.82257285233129,422.3803275913717,16.986955036125483
5771.0,73.85223875540474,422.3594111957302,16.98688171136467
5772.0,74.07329312461509,422.3384863947495,16.986808271216294
5773.0,74.3075478732714,422.3174989616976,16.98673471568721
5774.0,74.3078510821827,422.29644515646675,16.986661044784277
5775.0,74.52332459900008,422.27539126532685,16.986587258514362
5776.0,74.63251311371087,422.25427632335715,16.98651335688436
5777.0,76.4477902225089,422.2331304446416,16.986439339901157
5778.0,74.0186382271979,422.21147023741185,16.986365207571662
5779.0,74.7944574372892,422.19049828991416,16.98629095990279
5780.0,75.53143252187496,422.16930652697357,16.986216596901464
5781.0,74.36794831969968,422.14790595442577,16.986142118574623
5782.0,75.10462318540588,422.12683503573516,16.98606752492922
5783.0,75.0522477888588,422.1055553924993,16.985992815972207
5784.0,75.87044089305047,422.08429058895916,16.985917991710558
5785.0,73.32969817516823,422.0627939640394,16.985843052151246
5786.0,74.64346945262605,422.0420172162231,16.985767997301274
5787.0,74.96040572272696,422.02086823321156,16.985692827167636
5788.0,75.30765459505265,421.99962945159007,16.985617541757346
5789.0,74.94188051912988,421.9782922827882,16.985542141077428
5790.0,75.33197630934103,421.9570587499744,16.98546662513491
5791.0,75.39281329446362,421.9357146900201,16.985390993936846
5792.0,77.03674385197954,421.91435339292,16.98531524749029
5793.0,74.50118119661798,421.8925263154953,16.985239385802302
5794.0,74.25173969023457,421.8714176474896,16.985163408879966
5795.0,74.58023371102641,421.85037965457735,16.985087316730365
5796.0,74.62890419417643,421.82924858835923,16.9850111093606
5797.0,75.13463540377627,421.8081037321709,16.98493478677778
5798.0,75.56824369246749,421.78681558547316,16.984858348989025
5799.0,74.44188482400442,421.76540458309364,16.984781796001467
5800.0,75.63621347078222,421.74431271572683,16.984705127822245
5801.0,75.92329833730574,421.7228824552434,16.984628344458514
5802.0,75.82519503779092,421.7013708540478,16.984551445917432
5803.0,76.03475697512846,421.6798870487871,16.984474432206177
5804.0,76.38179350147803,421.6583438676442,16.984397303331935
5805.0,75.53619503017487,421.6367023594854,16.9843200593019
5806.0,75.36833127721219,421.6153004375602,16.984242700123275
5807.0,74.47290568693987,421.59394607703166,16.984165225803277
5808.0,75.89881243657497,421.5728454204204,16.98408763634914
5809.0,74.57217010595289,421.5513407568967,16.984009931768092
5810.0,74.0695124049009,421.5302119753666,16.983932112067393
5811.0,73.93827935002122,421.5092256135186,16.983854177254297
5812.0,74.44408252237909,421.4882764343694,16.983776127336075
5813.0,75.41219345932662,421.4671839443214,16.983697962320004
5814.0,75.65400003974372,421.44581715617466,16.983619682213387
5815.0,76.01234921145607,421.42438185616334,16.983541287023513
5816.0,74.89020511804227,421.40284502388675,16.983462776757705
5817.0,74.856460520316,421.3816261324366,16.98338415142328
5818.0,74.8701909009159,421.36041680195586,16.983305411027587
5819.0,74.64078285937647,421.3392035812006,16.983226555577954
5820.0,75.54579416891623,421.3180553593905,16.98314758508175
5821.0,73.50120181697459,421.29665071770927,16.98306849954633
5822.0,75.11291154863395,421.27582537719445,16.982989298979085
5823.0,74.93979422105633,421.254543385589,16.982909983387394
5824.0,74.60265490192228,421.23331044389306,16.982830552778662
5825.0,75.27028794641215,421.2121730250042,16.9827510071603
5826.0,75.48128124460455,421.19084644341933,16.98267134653972
5827.0,75.51701078256662,421.1694600804001,16.982591570924363
5828.0,75.16749992890679,421.14806359401166,16.982511680321664
5829.0,74.23508409126337,421.12676613569846,16.982431674739082
5830.0,76.23413977108304,421.1057328618726,16.982351554184078
5831.0,75.18845812340173,421.0841331889374,16.982271318664125
5832.0,74.39537373668927,421.0628297924692,16.98219096818671
5833.0,75.4227124285833,421.04175110324377,16.982110502759326
5834.0,74.84997895260719,421.02038133472234,16.982029922389486
5835.0,75.55542074742345,420.9991738406858,16.9819492270847
5836.0,74.85348045499082,420.977766471474,16.9818684168525
5837.0,75.45663629571114,420.95655798534506,16.981787491700423
5838.0,74.80906592718057,420.9351786050613,16.981706451636015
5839.0,73.60564274836659,420.9139827030486,16.98162529666685
5840.0,75.3397427121596,420.8931277709366,16.98154402680048
5841.0,73.34498225497262,420.8717815105014,16.981462642044498
5842.0,75.74759484053168,420.85100043219586,16.981381142406498
5843.0,75.66083131659475,420.8295386136577,16.981299527894077
5844.0,76.2232920573788,420.808101378118,16.981217798514848
5845.0,74.91169742312324,420.7865047787018,16.98113595427644
5846.0,75.28161500919607,420.7652797977652,16.98105399518649
5847.0,75.94535358108122,420.7439500068459,16.980971921252635
5848.0,74.93683517894421,420.72243215666464,16.98088973248254
5849.0,76.58374681057892,420.7012000533639,16.98080742888387
5850.0,75.57777017118981,420.67950132510094,16.9807250104643
5851.0,74.29029050389012,420.6580876235524,16.98064247723152
5852.0,75.8465899847179,420.63703870790965,16.980559829193233
5853.0,74.68610946437106,420.6155488407473,16.980477066357146
5854.0,74.11350005091552,420.5943877763991,16.98039418873098
5855.0,74.72152878108689,420.57338895138463,16.980311196322468
5856.0,75.50898340652176,420.55221785156334,16.98022808913935
5857.0,75.04195211517734,420.53082363959817,16.98014486718938
5858.0,74.91073181968497,420.50956175316554,16.980061530480324
5859.0,74.89196018047384,420.4883370458166,16.979978079019958
5860.0,74.341707246216,420.46711765709875,16.979894512816056
5861.0,75.61414827967657,420.446054173379,16.979810831876424
5862.0,74.80267078815534,420.4246301646998,16.979727036208864
5863.0,74.96565035573268,420.40343607464314,16.979643125821198
5864.0,75.80946563296348,420.38219580704236,16.97955910072125
5865.0,75.05270195217454,420.36071645844635,16.97947496091686
5866.0,74.30106464873434,420.3394515262266,16.97939070641588
5867.0,75.0440000468524,420.3183995579094,16.979306337226166
5868.0,74.58270151085298,420.2971370912295,16.979221853355586
5869.0,75.62942794993779,420.2760053258014,16.979137254812027
5870.0,73.91373026292001,420.2545769878823,16.97905254160338
5871.0,75.86974123407707,420.2336347643078,16.978967713737546
5872.0,74.33784931046358,420.21213833762476,16.97888277122244
5873.0,75.7930531580842,420.1910759469868,16.978797714065987
5874.0,75.41611612836927,420.1696012485921,16.978712542276117
5875.0,73.48416742841741,420.14823334902235,16.978627255860786
5876.0,74.69591300138114,420.1274128349176,16.978541854827938
5877.0,75.1761454642143,420.10624899290053,16.97845633918555
5878.0,73.44249537158476,420.08494908501905,16.97837070894159
5879.0,74.53411792478067,420.0641403779971,16.978284964104052
5880.0,74.77072315487759,420.04302237791836,16.97819910468094
5881.0,73.98861866535232,420.02183733969116,16.978113130680256
5882.0,74.14131110593314,420.00087389773597,16.97802704211002
5883.0,75.11319915745592,419.97986719292265,16.977940838978267
5884.0,76.6873456632478,419.958585119828,16.977854521293043
5885.0,74.73846264093716,419.9368570385568,16.97776808906239
5886.0,74.945277349614,419.9156811408085,16.977681542294377
5887.0,75.30935422570843,419.89444664555947,16.977594880997078
5888.0,74.98936051385127,419.87310899519554,16.977508105178575
5889.0,75.50997757989789,419.85186200971657,16.97742121484697
5890.0,74.42447995205335,419.8304675160689,16.977334210010365
5891.0,74.97514160002673,419.80938058008246,16.97724709067687
5892.0,75.20468094539518,419.7881376232958,16.97715985685462
5893.0,74.97676931326741,419.7668296303613,16.97707250855175
5894.0,75.54178909668467,419.7455862123892,16.97698504577641
5895.0,75.02305533905314,419.7241827054785,16.97689746853676
5896.0,74.97230041507883,419.70292617313237,16.976809776840966
5897.0,75.76677076594763,419.68168402134813,16.97672197069722
5898.0,75.62359114455846,419.6602167696311,16.976634050113695
5899.0,74.96859302394026,419.6387900854735,16.97654601509861
5900.0,76.12871675418772,419.6175489841167,16.976457865660166
5901.0,74.73372520773701,419.59597918103634,16.976369601806592
5902.0,75.79251004563021,419.57480462556083,16.97628122354612
5903.0,75.53827687979462,419.5533300810479,16.976192730886996
5904.0,74.78431088859244,419.53192756926524,16.97610412383748
5905.0,74.75037648128477,419.51073868118016,16.976015402405828
5906.0,72.76207320102564,419.48955940784384,16.975926566600325
5907.0,75.75469724019052,419.4689434871035,16.975837616429256
5908.0,74.97151595515058,419.4474796562188,16.975748551900917
5909.0,74.89114651086074,419.42623772669816,16.975659373023618
5910.0,74.11497491262094,419.4050185685201,16.975570079805678
5911.0,76.0931760131918,419.3840193256282,16.97548067225543
5912.0,74.51404803384725,419.36245959242444,16.97539115038121
5913.0,74.42340507374085,419.34134727881485,16.975301514191372
5914.0,75.1163834760297,419.32026064737727,16.975211763694283
5915.0,76.18697227346608,419.2989776720591,16.975121898898305
5916.0,74.3606989439336,419.2773913632482,16.97503191981183
5917.0,75.68644188866246,419.2563224985475,16.97494182644325
5918.0,75.90855201347333,419.234878006679,16.97485161880096
5919.0,75.32123154778246,419.21337058360854,16.974761296893398
5920.0,75.21932845766176,419.1920295680033,16.97467086072897
5921.0,74.27500980981384,419.17071742494034,16.974580310316117
5922.0,73.8300833568579,419.14967283882754,16.97448964566329
5923.0,76.14936104904957,419.12875431520973,16.974398866778948
5924.0,75.15545194303638,419.10717866291253,16.974307973671554
5925.0,77.05661680396722,419.0858846181954,16.97421696634959
5926.0,74.67126041134156,419.0640519101009,16.97412584482155
5927.0,75.30171955652179,419.04289505298436,16.97403460909593
5928.0,74.25104425011234,419.02155956577667,16.97394325918124
5929.0,76.21010877600358,419.0005217699058,16.973851795086006
5930.0,76.43713971388281,418.9789289057526,16.97376021681876
5931.0,75.24205276631275,418.957271716167,16.973668524388046
5932.0,74.48889688869208,418.93595313454983,16.973576717802413
5933.0,75.53840999927127,418.91484794709805,16.973484797070427
5934.0,74.67650647108252,418.89344539759827,16.973392762200668
5935.0,75.54334369774703,418.8722870540982,16.97330061320172
5936.0,75.83510839260298,418.8508831067171,16.973208350082174
5937.0,73.6871906512149,418.8293964926725,16.973115972850643
5938.0,76.12063164235715,418.8085184553214,16.973023481515746
5939.0,75.17866718866173,418.78695094302276,16.972930876086107
5940.0,75.3690178021811,418.76565032065264,16.972838156570365
5941.0,74.03064431862917,418.7442957656086,16.972745322977172
5942.0,74.39253935498928,418.723320416385,16.972652375315185
5943.0,74.32302758073892,418.70224253023446,16.972559313593084
5944.0,73.96177348266022,418.6811843390866,16.97246613781954
5945.0,75.76567459274685,418.6602285032665,16.97237284800325
5946.0,74.5808535005119,418.6387615621319,16.97227944415292
5947.0,73.55299877309119,418.6176303203068,16.972185926277255
5948.0,76.2670980016096,418.5967903039877,16.97209229438499
5949.0,74.56845558171443,418.5751812928873,16.97199854848485
5950.0,74.86113860530865,418.5540535638058,16.97190468858558
5951.0,74.84721303631993,418.53284290786763,16.971810714695952
5952.0,74.8524386395256,418.5116361975073,16.971716626824715
5953.0,74.34396630772866,418.49042800655945,16.97162242498065
5954.0,75.09365739708147,418.46936388277226,16.97152810917256
5955.0,74.94449286812106,418.44808734650974,16.97143367940922
5956.0,76.01596269487229,418.4268530735304,16.971339135699452
5957.0,75.86748474973447,418.40531521743355,16.97124447805208
5958.0,74.52791856973506,418.3838194300878,16.971149706475927
5959.0,75.83393021416212,418.36270318649304,16.971054820979834
5960.0,73.85619795213704,418.34121690626563,16.970959821572656
5961.0,75.10199633592983,418.32029098351256,16.970864708263253
5962.0,74.1165261114841,418.2990120845507,16.9707694810605
5963.0,75.51291230547665,418.27801240215246,16.970674139973287
5964.0,74.95281818853198,418.25661707699925,16.970578685010498
5965.0,74.78100803025254,418.23538044517915,16.970483116181036
5966.0,74.27052154960256,418.2141924929039,16.970387433493826
5967.0,74.5255840234805,418.19314917846486,16.97029163695779
5968.0,76.4036036853714,418.1720335963249,16.970195726581863
5969.0,75.2406606429832,418.150385908614,16.970099702375
5970.0,76.33426194633843,418.1290677214318,16.970003564346147
5971.0,74.48271819642771,418.10743968054703,16.969907312504283
5972.0,74.53548778180641,418.0863362437247,16.96981094685838
5973.0,76.44122289601118,418.06521785551985,16.96971446741743
5974.0,75.28290227380165,418.0435595090326,16.96961787419044
5975.0,74.6337088926931,418.02222935338835,16.96952116718641
5976.0,75.0846244774797,418.0010831358688,16.96942434641437
5977.0,75.36832727782188,417.9798091589335,16.969327411883352
5978.0,74.37654213403087,417.9584547995381,16.969230363602392
5979.0,74.45390621020317,417.9373814459335,16.96913320158055
5980.0,74.40406484887055,417.9162861725073,16.969035925826887
5981.0,74.08679939663969,417.89520502080006,16.96893853635048
5982.0,74.7566400940118,417.87421376097103,16.968841033160412
5983.0,75.33044119051475,417.85303271294435,16.968743416265784
5984.0,75.29408489195174,417.8316890879404,16.968645685675696
5985.0,74.78980982977806,417.8103557638877,16.96854784139927
5986.0,74.52896334692059,417.7891653177693,16.968449883445633
5987.0,75.1996537603851,417.7680487781543,16.96835181182392
5988.0,73.86804330371626,417.74674220958883,16.96825362654328
5989.0,75.04684738758401,417.7258129306528,16.968155327612877
5990.0,74.57117170177925,417.7045496572263,16.96805691504188
5991.0,75.53835404867009,417.68342115857746,16.96795838883947
5992.0,75.16788134606391,417.66201862493034,16.96785974901484
5993.0,74.44190177081175,417.640721058549,16.967760995577184
5994.0,74.60565632828997,417.61962918638056,16.96766212853572
5995.0,75.0100372525817,417.5984909170876,16.967563147899675
5996.0,74.9790821413709,417.57723807319934,16.967464053678277
5997.0,75.37628775339107,417.55599399992593,16.967364845880773
5998.0,73.93354024753711,417.53463738506247,16.96726552451642
5999.0,74.31355010922505,417.513689548659,16.96716608959448
6000.0,74.69805404772286,417.4926340427947,16.967066541124225
6001.0,75.11210126733283,417.4714695941479,16.96696687911495
6002.0,75.98171837271641,417.4501878321221,16.966867103575954
6003.0,74.57024136882295,417.4286596785832,16.966767214516537
6004.0,75.23556144988589,417.40753144352874,16.96666721194602
6005.0,75.77856008924928,417.3862147011179,16.966567095873735
6006.0,75.10045790203493,417.3647441090926,16.966466866309016
6007.0,73.98106159935028,417.3434656460204,16.96636652326122
6008.0,75.25958882577194,417.3225043452339,16.96626606673971
6009.0,74.84273294502941,417.3011807950666,16.966165496753845
6010.0,75.00834191739402,417.27997535406547,16.966064813313018
6011.0,75.91732924194032,417.25872299052224,16.965964016426618
6012.0,73.45678505099787,417.23721308057037,16.96586310610405
6013.0,75.61001781679815,417.2164003248059,16.965762082354725
6014.0,74.54005745540304,417.1949774864245,16.96566094518807
6015.0,76.31267211405931,417.17385780347877,16.965559694613518
6016.0,76.55878014730783,417.15223587971315,16.965458330640516
6017.0,75.9096340357163,417.1305442253381,16.965356853278518
6018.0,74.5317422002112,417.1090364956946,16.965255262536992
6019.0,74.6501961921813,417.0879191687379,16.965153558425417
6020.0,75.87564227666311,417.06676827981676,16.96505174095328
6021.0,75.24146779020145,417.0452701811717,16.96494981013008
6022.0,72.96881892687634,417.02395176529785,16.96484776596532
6023.0,75.4325326183888,417.00327726660186,16.96474560846853
6024.0,74.78741715927873,416.9819047156933,16.964643337649235
6025.0,74.68820806558469,416.96071494749816,16.964540953516973
6026.0,74.4981360052864,416.9395532885463,16.964438456081297
6027.0,74.71353603375185,416.9184454833448,16.964335845351773
6028.0,74.69658602511943,416.89727664813523,16.96423312133797
6029.0,76.92712642684677,416.8761126154281,16.964130284049467
6030.0,75.50216154262408,416.85431659627386,16.964027333495864
6031.0,75.28463446814104,416.8329243171701,16.96392426968676
6032.0,74.62779032875753,416.81159367073747,16.96382109263178
6033.0,75.079268873379,416.79044913014434,16.96371780234054
6034.0,74.06904710576933,416.7691766706302,16.96361439882267
6035.0,73.74709225395837,416.7481904406169,16.96351088208783
6036.0,74.76373389186845,416.7272954311449,16.963407252145675
6037.0,76.07272606376672,416.7061123732089,16.963303509005865
6038.0,74.93544351285314,416.6845584341575,16.963199652678085
6039.0,75.1346571617745,416.6633267251622,16.963095683172014
6040.0,74.77192227345986,416.6420385722997,16.96299160049736
6041.0,74.63436936280591,416.6208531943222,16.962887404663835
6042.0,75.82082640959563,416.5997067896694,16.962783095681154
6043.0,75.15653964832032,416.5782242221867,16.962678673559044
6044.0,75.92509454015355,416.55692986928636,16.962574138307257
6045.0,74.83839345776772,416.53541775916665,16.962469489935536
6046.0,75.11868994170477,416.51421354768695,16.962364728453647
6047.0,74.64243946029858,416.4929299188701,16.962259853871366
6048.0,74.15170579045423,416.4717812276897,16.962154866198468
6049.0,74.21353578990507,416.45077157771567,16.962049765444753
6050.0,75.4391120964717,416.42974440924195,16.961944551620032
6051.0,75.37267159598579,416.4083699941479,16.961839224734106
6052.0,74.68202453466866,416.3870144038624,16.961733784796813
6053.0,74.93654885462422,416.3658544969109,16.961628231817986
6054.0,74.42073590688794,416.34462247473544,16.961522565807474
6055.0,75.36190327764159,416.3235365995618,16.961416786775125
6056.0,75.68256797232651,416.3021840602998,16.961310894730815
6057.0,75.56221927443858,416.28074066604097,16.961204889684424
6058.0,74.57954258696165,416.2593313705799,16.961098771645833
6059.0,75.42932667718495,416.23820050018026,16.96099254062495
6060.0,74.44198380822948,416.2168288576217,16.960886196631684
6061.0,73.70757875583939,416.1957369622094,16.96077973967595
6062.0,75.00098228736263,416.1748531482286,16.960673169767684
6063.0,75.58051626949481,416.15360286991375,16.96056648691683
6064.0,74.38475333022352,416.1321883903041,16.96045969113333
6065.0,74.03181416413956,416.1111127101939,16.96035278242716
6066.0,74.52411375579575,416.09013702951404,16.960245760808288
6067.0,75.61064479172688,416.06902186394996,16.960138626286696
6068.0,75.40795254544045,416.0475988479256,16.96003137887238
6069.0,74.95563156529282,416.02623326137103,16.959924018575347
6070.0,75.6380271058429,416.00499583242754,16.959816545405605
6071.0,75.03853899888541,415.98356505808084,16.959708959373188
6072.0,75.092081576519,415.96230413869785,16.95960126048813
6073.0,74.5077706989,415.9410280489179,16.959493448760483
6074.0,73.70268849351358,415.9199175138865,16.959385524200297
6075.0,74.93039020889093,415.89903508548,16.95927748681764
6076.0,74.51913534687333,415.87780480825415,16.959169336622598
6077.0,75.52298729936189,415.8566910532392,16.959061073625254
6078.0,76.22383649546018,415.8352928735044,16.958952697835706
6079.0,76.04755268082273,415.81369611983075,16.958844209264075
6080.0,75.26271228235564,415.7921493132378,16.958735607920474
6081.0,74.96788433303759,415.77082487809116,16.958626893815033
6082.0,74.65686132220527,415.7495839775301,16.958518066957897
6083.0,74.01838628561238,415.7284312001555,16.958409127359218
6084.0,74.72976257636448,415.7074593240412,16.958300075029154
6085.0,74.06002232805533,415.68628589131123,16.958190909977887
6086.0,75.04717224039182,415.6653022183183,16.958081632215595
6087.0,75.74423756229433,415.6440388528502,16.957972241752476
6088.0,75.43178875619233,415.6225779855409,16.95786273859873
6089.0,74.03369909393192,415.6012056453933,16.957753122764576
6090.0,75.03467019351741,415.58022943065004,16.95764339426024
6091.0,75.23680516268688,415.55896960742854,16.95753355309596
6092.0,75.71427446560106,415.53765251263246,16.95742359928198
6093.0,75.4961193276248,415.5162001348671,16.957313532828557
6094.0,74.49806511469887,415.49480956772436,16.957203353745957
6095.0,75.24544789254932,415.4737017826085,16.957093062044468
6096.0,73.49380932352663,415.4523822390389,16.956982657734372
6097.0,74.20862904938235,415.43155899306396,16.956872140825965
6098.0,75.62242771856265,415.41053321483326,16.956761511329564
6099.0,75.29288511822459,415.389106860313,16.95665076925549
6100.0,75.01394265333981,415.3677738761962,16.956539914614066
6101.0,73.80018914609799,415.3465199257778,16.95642894741564
6102.0,73.43755899990828,415.32560987218636,16.956317867670563
6103.0,76.11600351354545,415.30480256380304,16.956206675389197
6104.0,74.7681574170761,415.28323636280754,16.956095370581913
6105.0,74.96910917416223,415.26205205153934,16.9559839532591
6106.0,75.2929818308115,415.24081080394,16.955872423431146
6107.0,73.30489526435176,415.2194777924213,16.955760781108463
6108.0,74.5780209559945,415.19870807209645,16.955649026301455
6109.0,73.87226323746683,415.17757763282555,16.955537159020558
6110.0,75.72942317812826,415.1566471582416,16.955425179276197
6111.0,75.5571428423805,415.13519048834115,16.95531308707883
6112.0,75.52121864798498,415.1137826312024,16.955200882438913
6113.0,75.80948816885603,415.0923849525855,16.955088565366903
6114.0,73.95897838615986,415.07090559760434,16.954976135873284
6115.0,74.42377704847668,415.04995055372825,16.95486359396855
6116.0,75.49048117345514,415.02886381689785,16.954750939663192
6117.0,75.24086467267234,415.007474847232,16.954638172967723
6118.0,77.33888696839988,414.9861566022414,16.95452529389266
6119.0,74.65198537086869,414.9642439176004,16.95441230244854
6120.0,74.16853525279588,414.94309252174537,16.9542991986459
6121.0,74.17867855155676,414.9220781034237,16.954185982495282
6122.0,74.35851667254545,414.90106081116744,16.954072654007266
6123.0,74.86502416159152,414.8799925647769,16.95395921319241
6124.0,73.26500125803544,414.8587808079311,16.953845660061305
6125.0,75.59111604633122,414.838022390908,16.953731994624537
6126.0,75.52333715186606,414.8166049080282,16.953618216892714
6127.0,75.09707306337913,414.79520662916855,16.953504326876455
6128.0,74.14375131806112,414.7739291251339,16.953390324586373
6129.0,73.1319568505512,414.7529217289271,16.953276210033113
6130.0,74.99768687021745,414.73220100781947,16.953161983227318
6131.0,75.17766287798803,414.71095166320623,16.953047644179644
6132.0,75.03942007022329,414.6896513253908,16.952933192900755
6133.0,74.89650296689324,414.6683901563709,16.95281862940133
6134.0,75.31466774200898,414.6471694805303,16.952703953692062
6135.0,75.56740659123928,414.62583032467006,16.952589165783642
6136.0,75.4798452632637,414.6044195594692,16.952474265686778
6137.0,74.70863266618761,414.58303360331126,16.95235925341219
6138.0,75.73057614101401,414.5618661573892,16.95224412897061
6139.0,74.51374226215687,414.5404091608159,16.952128892372777
6140.0,75.39559928297956,414.51929693384164,16.952013543629437
6141.0,74.67594221867189,414.49793484737813,16.95189808275136
6142.0,75.61364060055851,414.4767766637495,16.951782509749307
6143.0,75.3430486664467,414.45535279891266,16.951666824634067
6144.0,75.2558549027732,414.4340056017905,16.95155102741643
6145.0,74.64863504305737,414.4126831095681,16.951435118107195
6146.0,74.3506451513854,414.39153266297257,16.951319096717185
6147.0,73.91644022341399,414.37046664684635,16.95120296325721
6148.0,74.43838322149966,414.3495236554497,16.95108671773811
6149.0,74.60147454786049,414.32843278020357,16.950970360170736
6150.0,74.34600512069672,414.3072956957484,16.950853890565934
6151.0,76.0120462742347,414.2862309942975,16.950737308934574
6152.0,75.10038321890663,414.2646942478531,16.950620615287527
6153.0,75.07524112738965,414.24341580594114,16.950503809635688
6154.0,76.34610900820714,414.2221444876216,16.95038689198994
6155.0,74.17585353616634,414.20051309006936,16.950269862361207
6156.0,74.90998788499903,414.17949659823404,16.95015272076039
6157.0,75.44445445917727,414.1582721016667,16.95003546719843
6158.0,74.78548089927033,414.1368961729032,16.94991810168626
6159.0,75.53896749001778,414.1157069533151,16.94980062423483
6160.0,75.43674189332523,414.0943042458596,16.949683034855095
6161.0,74.85302169271276,414.0729305023231,16.94956533355803
6162.0,75.04190600704247,414.05172214617687,16.949447520354617
6163.0,74.93807224243251,414.0304602728082,16.94932959525584
6164.0,75.0069850947354,414.00922781900624,16.949211558272705
6165.0,75.36727335118759,413.987975839896,16.949093409416218
6166.0,75.12721005512947,413.96662177911315,16.94897514869741
6167.0,76.15311622523899,413.94533573626427,16.948856776127307
6168.0,75.56363954849826,413.92375902000043,16.948738291716953
6169.0,73.95517870994517,413.9023493221283,16.9486196954774
6170.0,74.31601046918715,413.88139535482713,16.948500987419717
6171.0,76.67329514465042,413.8603391518609,16.94838216755497
6172.0,73.61650339067971,413.8386150515699,16.948263235894256
6173.0,75.16428104591816,413.8177570422759,16.948144192448655
6174.0,74.29317064537962,413.7964604959795,16.948025037229286
6175.0,76.07487073287929,413.7754107642966,16.94790577024725
6176.0,74.36958538749685,413.753856217589,16.94778639151369
6177.0,76.26939794803398,413.73278483506255,16.94766690103973
6178.0,75.37346173179277,413.71117517231056,16.947547298836525
6179.0,75.84598065774654,413.6898193581532,16.94742758491523
6180.0,75.11395833226722,413.66832966363353,16.947307759287007
6181.0,73.5137540403295,413.64704737543934,16.94718782196304
6182.0,75.1747833255364,413.6262184784613,16.947067772954522
6183.0,76.1212110386444,413.6049189565191,16.946947612272645
6184.0,75.66123291577136,413.58335128005814,16.946827339928625
6185.0,74.28582614625253,413.56191393073203,16.946706955933674
6186.0,73.9042374436845,413.5408662799906,16.94658646029903
6187.0,75.17830120940961,413.51992674604816,16.94646585303593
6188.0,74.24161379608249,413.4986262273722,16.946345134155628
6189.0,74.74591003846119,413.4775911034633,16.946224303669382
6190.0,75.46275536698035,413.4564130956191,16.94610336158847
6191.0,75.28572944195497,413.43503198159846,16.94598230792417
6192.0,73.88748247002614,413.4137010249232,16.94586114268777
6193.0,75.64324016551777,413.3927662382234,16.945739865890584
6194.0,74.89345988649353,413.3713339868432,16.94561847754392
6195.0,75.01164454673025,413.3501141732087,16.945496977659108
6196.0,74.36823964698317,413.3288608739204,16.94537536624747
6197.0,74.40666866932204,413.3077898726871,16.945253643320363
6198.0,75.12291180710358,413.2867079832308,16.94513180888914
6199.0,76.06257217952337,413.2654231582188,16.94500986296516
6200.0,75.85938081012893,413.24387209610126,16.94488780555981
6201.0,75.42485509948652,413.2223786048718,16.944765636684473
6202.0,76.00954045992435,413.20100822926025,16.94464335635054
6203.0,75.2494193856192,413.17947219279665,16.94452096456942
6204.0,75.03258487319903,413.1581515239706,16.944398461352534
6205.0,75.69060998599981,413.13689229158996,16.944275846711314
6206.0,74.57218153969137,413.1154466187606,16.94415312065719
6207.0,74.9100879610306,413.09431783399106,16.944030283201617
6208.0,75.36974379636895,413.07309330906867,16.94390733435605
6209.0,74.47283434494375,413.0517385483264,16.943784274131964
6210.0,74.70939923598166,413.0306379119287,16.943661102540833
6211.0,75.39444208964113,413.0094702488118,16.94353781959416
6212.0,74.24397468034594,412.9881084902198,16.943414425303427
6213.0,74.10171292410392,412.9670726973937,16.943290919680162
6214.0,75.30436078060283,412.9460772120652,16.943167302735876
6215.0,75.71707731280169,412.9247409765107,16.943043574482104
6216.0,75.57270517859531,412.9032878046054,16.942919734930392
6217.0,75.85093031495546,412.8818755381381,16.942795784092294
6218.0,76.01021900115028,412.8603844412155,16.942671721979366
6219.0,75.58106290343201,412.83884821249853,16.942547548603184
6220.0,75.94090390389839,412.8174335780093,16.942423263975336
6221.0,73.86651710198792,412.79591698856984,16.94229886810741
6222.0,75.41033044134976,412.77498814205757,16.94217436101102
6223.0,74.70244686700573,412.75362188176587,16.942049742697773
6224.0,75.37787086424447,412.7324561884869,16.941925013179297
6225.0,75.77099227559535,412.71109912507535,16.941800172467232
6226.0,75.71105359189477,412.6896306772639,16.941675220573217
6227.0,75.03696307326267,412.66817921207956,16.941550157508914
6228.0,75.57852084662403,412.6469187392088,16.941424983285987
6229.0,74.68678775127836,412.6255048249689,16.94129969791611
6230.0,74.725246034473,412.60434356843933,16.94117430141098
6231.0,75.2650378000681,412.5831714153963,16.941048793782294
6232.0,74.75474676266421,412.5618463213529,16.940923175041753
6233.0,75.1027772962146,412.5406658097702,16.94079744520108
6234.0,74.04882682378567,412.5193866895362,16.940671604272
6235.0,75.66521751820306,412.49840618860287,16.940545652266263
6236.0,76.17592071466355,412.47696771030604,16.94041958919561
6237.0,75.16936859995057,412.4553845327702,16.940293415071807
6238.0,75.4566453417335,412.43408654500024,16.94016712990662
6239.0,73.9299339675078,412.4127071621534,16.94004073371183
6240.0,75.25314016147311,412.39176034752927,16.939914226499226
6241.0,74.10662530666876,412.37043862448354,16.939787608280618
6242.0,75.20411362902149,412.34944174731334,16.939660879067816
6243.0,75.40639927129519,412.32813391511837,16.939534038872637
6244.0,74.83492516692478,412.3067687686582,16.939407087706915
6245.0,74.6679574281002,412.28556553986084,16.939280025582498
6246.0,74.44339939265866,412.26440961858964,16.939152852511235
6247.0,74.34011393833325,412.24331732209504,16.939025568504995
6248.0,74.85274564809562,412.22225428981255,16.938898173575648
6249.0,74.55315555527135,412.2010460118789,16.938770667735078
6250.0,74.83376700987704,412.17992261780495,16.938643050995182
6251.0,74.94255774420982,412.15871971715205,16.938515323367863
6252.0,74.89814104515544,412.13748599245787,16.938387484865036
6253.0,74.52351796808125,412.1162648524951,16.938259535498634
6254.0,75.06008432477292,412.0951498557375,16.938131475280585
6255.0,74.3922520501274,412.0738828318455,16.938003304222843
6256.0,75.97803019525502,412.052805027098,16.937875022337355
6257.0,75.18962856433401,412.0312779185426,16.9377466296361
6258.0,75.52263543694414,412.0099741904494,16.937618126131042
6259.0,75.55477205185419,411.9885761104089,16.937489511834183
6260.0,74.46378656700412,411.96716892499427,16.937360786757512
6261.0,75.79534870480404,411.94607085213363,16.937231950913045
6262.0,74.7899793873582,411.92459550333393,16.937103004312796
6263.0,74.76356673453392,411.90340500917415,16.93697394696879
6264.0,75.69151721243124,411.8822219985994,16.936844778893075
6265.0,74.96874318341779,411.86077606872254,16.936715500097698
6266.0,75.6331426646267,411.83953492482055,16.936586110594718
6267.0,75.87086665895175,411.8181055343989,16.936456610396206
6268.0,73.40907777059094,411.7966087888455,16.936326999514247
6269.0,73.9031308360208,411.77580955014383,16.936197277960925
6270.0,75.74108291883381,411.7548703297403,16.936067445748346
6271.0,74.57350894822018,411.7334103562466,16.935937502888624
6272.0,74.62291796788674,411.7122811953779,16.935807449393874
6273.0,73.15289703818593,411.6911380352871,16.93567728527624
6274.0,74.52743764196893,411.67041138112626,16.935547010547854
6275.0,73.49623282050217,411.64929527379434,16.93541662522087
6276.0,76.63201073734963,411.6284713411619,16.935286129307457
6277.0,75.43180486605624,411.60675893811964,16.935155522819787
6278.0,76.11038050000013,411.5853865934076,16.935024805770045
6279.0,75.87953017731516,411.56382198559925,16.93489397817042
6280.0,75.89043078077275,411.54232278538234,16.93476304003313
6281.0,74.93166461564557,411.5208204966611,16.934631991370374
6282.0,76.51642762983141,411.4995898583533,16.934500832194384
6283.0,75.30648176274083,411.4779102038582,16.934369562517396
6284.0,75.4757887713257,411.4565733673587,16.934238182351663
6285.0,73.84392603466029,411.4351885605402,16.934106691709427
6286.0,73.8673051866456,411.41426611483035,16.933975090602967
6287.0,74.09105928750085,411.39333704502747,16.933843379044557
6288.0,75.06995002119092,411.37234457822933,16.93371155704648
6289.0,75.18093387204517,411.3510747590567,16.933579624621032
6290.0,75.30902004863115,411.3297734944596,16.933447581780527
6291.0,76.00756921554971,411.30843593877916,16.933315428537284
6292.0,75.61264211146606,411.2869004608348,16.933183164903628
6293.0,74.13480478655266,411.2654768789032,16.933050790891897
6294.0,75.29897422569108,411.244472017547,16.93291830651444
6295.0,74.85854038013107,411.223137308183,16.93278571178362
6296.0,75.15808586999736,411.20192738840865,16.932653006711803
6297.0,75.62169005033145,411.18063259741217,16.93252019131137
6298.0,75.09294838098886,411.1592064518979,16.93238726559471
6299.0,74.73879932772816,411.1379301165233,16.932254229574227
6300.0,75.48530371227756,411.1167541233805,16.93212108326233
6301.0,76.13450553930635,411.095366620662,16.931987826671442
6302.0,75.6445402344837,411.0737951774259,16.931854459813987
6303.0,74.28077306051375,411.0523625576928,16.931720982702416
6304.0,75.13221617928536,411.03131633865894,16.931587395349172
6305.0,75.29113290629356,411.01002887740816,16.931453697766727
6306.0,76.45533285873147,410.9886963897514,16.931319889967547
6307.0,75.01251664873215,410.96703404544144,16.931185971964116
6308.0,75.88554594720723,410.9457804990576,16.93105194376893
6309.0,75.9295693609347,410.92427959437254,16.930917805394486
6310.0,74.89234093484349,410.90276621638696,16.930783556853303
6311.0,74.5798114276209,410.88154671978873,16.93064919815791
6312.0,75.12801191271454,410.8604157732176,16.930514729320823
6313.0,75.65823052254763,410.8391295031757,16.930380150354605
6314.0,74.72183124045205,410.81769300452765,16.930245461271806
6315.0,73.91131249694641,410.79652181900946,16.930110662084985
6316.0,75.36945135736829,410.77558028046866,16.92997575280672
6317.0,75.3286379574273,410.7542256025841,16.929840733449602
6318.0,76.25054024010521,410.73288248849616,16.929705604026218
6319.0,74.4451914003092,410.71127816876145,16.929570364549182
6320.0,74.36382167281447,410.69018536453143,16.929435015031107
6321.0,74.0485335479306,410.66911561505736,16.92929955548462
6322.0,75.95670912189858,410.64813519721883,16.929163985922354
6323.0,73.71188835760042,410.6266141296343,16.92902830635696
6324.0,74.85178287553414,410.60572909459967,16.9288925168011
6325.0,75.15369503692345,410.5845210894516,16.928756617267435
6326.0,74.36162110072834,410.56322754252443,16.928620607768643
6327.0,76.22198339996179,410.5421584165459,16.928484488317416
6328.0,74.45578899332051,410.5205621879159,16.92834825892645
6329.0,74.83516604751146,410.4994663810345,16.928211919608454
6330.0,75.34878324231529,410.47826308398766,16.928075470376147
6331.0,75.9315941193213,410.456914262069,16.927938911242258
6332.0,74.91537221351588,410.4354003104019,16.927802242219528
6333.0,76.91551635742596,410.41417428827475,16.927665463320707
6334.0,75.85063415117887,410.3923815586401,16.92752857455855
6335.0,73.59285298364831,410.37089054563063,16.92739157594583
6336.0,74.2093450318931,410.3500392372853,16.92725446749533
6337.0,73.76225586369645,410.3290132561929,16.92711724921984
6338.0,74.24071260091058,410.3081139503649,16.926979921132162
6339.0,75.16840699906399,410.28707908179456,16.926842483245103
6340.0,75.44817112002671,410.2657813664782,16.926704935571486
6341.0,75.53205707234193,410.24440438466087,16.92656727812414
6342.0,73.91546348447203,410.22300363515706,16.926429510915916
6343.0,75.37182621942864,410.20206092050313,16.926291633959657
6344.0,74.65100521784542,410.18070556974095,16.92615364726823
6345.0,74.7766782157988,410.1595544515959,16.92601555085451
6346.0,74.4593136940239,410.13836772610136,16.92587734473137
6347.0,74.28731011339084,410.1172709205548,16.925739028911714
6348.0,74.89419989737652,410.09622284935597,16.925600603408437
6349.0,74.97487501966923,410.0750028260518,16.925462068234463
6350.0,75.6092349427834,410.0537599447961,16.925323423402702
6351.0,74.43801263422763,410.03233732822906,16.925184668926097
6352.0,75.75583416707816,410.01124655798264,16.925045804817593
6353.0,75.7538684208808,409.98978240496865,16.924906831090144
6354.0,75.13296310128115,409.9683188089161,16.924767747756707
6355.0,74.557959576832,409.94703113603737,16.924628554830267
6356.0,75.23210594441895,409.92590638082396,16.924489252323802
6357.0,74.13139826928014,409.90459061747305,16.924349840250315
6358.0,74.20488809072862,409.88358672129675,16.9242103186228
6359.0,75.20342775947162,409.86256200300437,16.924070687454286
6360.0,74.80218506834417,409.8412543651392,16.923930946757793
6361.0,74.6966240861827,409.8200604127032,16.923791096546353
6362.0,73.60086538722388,409.79889636921206,16.92365113683302
6363.0,75.41464476040602,409.7780427906857,16.923511067630848
6364.0,75.22794221827604,409.7566753080036,16.923370888952903
6365.0,74.92325706293803,409.7353607243751,16.923230600812257
6366.0,76.43134409398859,409.71413246820725,16.92309020322201
6367.0,74.4625519704671,409.69247692071394,16.922949696195246
6368.0,74.1478473499216,409.67137919765565,16.922809079745083
6369.0,75.04396853731046,409.6503706409065,16.922668353884635
6370.0,75.13524845748034,409.62910818315424,16.922527518627028
6371.0,76.43521882328861,409.607819862758,16.922386573985406
6372.0,74.57214684876699,409.58616321742477,16.92224551997291
6373.0,73.98155257062105,409.56503444248426,16.92210435660271
6374.0,75.01862048050565,409.5440730025893,16.921963083887963
6375.0,74.84185838451697,409.5228177267864,16.921821701841857
6376.0,75.47333038504868,409.5016125335775,16.921680210477575
6377.0,75.81218217973988,409.48022842330175,16.92153860980832
6378.0,75.4950403884824,409.4587483050175,16.9213968998473
6379.0,73.73303677515419,409.4373580435741,16.921255080607736
6380.0,75.15642810392306,409.4164670164878,16.92111315210286
6381.0,75.47415206656352,409.3951726951917,16.92097111434591
6382.0,74.4608359080269,409.3737883521062,16.920828967350133
6383.0,73.7866084193153,409.35269111526554,16.920686711128802
6384.0,74.67949966797129,409.33178490954674,16.920544345695173
6385.0,74.18008146322686,409.3106257179742,16.92040187106254
6386.0,75.40282337855942,409.28960802822627,16.920259287244182
6387.0,74.52369846751279,409.2682438949356,16.920116594253415
6388.0,73.98583946119844,409.24712884703655,16.919973792103537
6389.0,74.55838728081437,409.2261661925225,16.91983088080788
6390.0,75.09928562479504,409.20504131612626,16.919687860379764
6391.0,75.02883623019937,409.1837631851992,16.919544730832545
6392.0,73.65177270380248,409.162505014934,16.919401492179567
6393.0,75.61051866383951,409.14163701266796,16.919258144434195
6394.0,75.45518309412508,409.1202140323798,16.9191146876098
6395.0,74.00537623668484,409.0988350638365,16.91897112171977
6396.0,73.91142039454986,409.07786687390274,16.918827446777495
6397.0,73.50109296711786,409.05692530479104,16.918683662796376
6398.0,75.55725091476884,409.03609999511696,16.918539769789824
6399.0,74.7500906726583,409.0146921073578,16.918395767771273
6400.0,75.53024866936957,408.9935129150005,16.91825165675415
6401.0,75.21213863436002,408.9721126778776,16.918107436751903
6402.0,76.03673340657778,408.9508025719312,16.91796310777798
6403.0,73.71758881641962,408.9292588307993,16.917818669845847
6404.0,74.48483267682671,408.9083721806346,16.917674122968982
6405.0,76.353710762782,408.88726814470954,16.917529467160865
6406.0,74.21546583592402,408.8656345933268,16.917384702434997
6407.0,74.37614353004777,408.8446068780066,16.917239828804878
6408.0,75.94087117595804,408.8235336373397,16.917094846284026
6409.0,73.84787320546965,408.8020170571732,16.91694975488596
6410.0,74.11659801423696,408.7810934930983,16.916804554624225
6411.0,73.9192301593303,408.76009379032763,16.91665924551236
6412.0,75.69986404382196,408.73915000844914,16.91651382756392
6413.0,74.98987848445879,408.7177017136367,16.916368300792477
6414.0,74.5121913213382,408.69645458139945,16.916222665211603
6415.0,74.95108271018736,408.6753427938584,16.916076920834882
6416.0,74.21887093065912,408.65410665375714,16.915931067675917
6417.0,75.41050844809044,408.63307797366014,16.91578510574831
6418.0,75.08293007890086,408.6117116629332,16.915639035065677
6419.0,74.78945141383034,408.59043816607755,16.915492855641645
6420.0,75.7200415122278,408.56924782151026,16.915346567489856
6421.0,74.0378724992543,408.54779380974844,16.915200170623944
6422.0,74.30980826222796,408.52681641254037,16.91505366505758
6423.0,75.14567348972159,408.50576196686603,16.91490705080443
6424.0,74.6288988110826,408.4844706927106,16.914760327878167
6425.0,75.21454683485847,408.4633258380475,16.914613496292482
6426.0,74.27720263902026,408.4420150497776,16.914466556061065
6427.0,74.19866136525509,408.42096984236326,16.914319507197636
6428.0,75.72687091086293,408.3999468883098,16.9141723497159
6429.0,75.08328996665608,408.37849094155166,16.914025083629596
6430.0,74.7749312625136,408.3572173427278,16.913877708952455
6431.0,76.18801660742966,408.33603111220333,16.91373022569823
6432.0,75.64412518721235,408.3144445074979,16.91358263388068
6433.0,74.27309230640068,408.29301200536156,16.913434933513567
6434.0,75.37145366378329,408.27196796254134,16.91328712461068
6435.0,76.42874147195104,408.25061271733665,16.9131392071858
6436.0,74.96914231042561,408.22895790725295,16.912991181252732
6437.0,76.13498180261838,408.207716650265,16.91284304682528
6438.0,75.05710711957926,408.1861450720876,16.91269480391726
6439.0,73.75792019906677,408.1648788917371,16.912546452542514
6440.0,75.33648590326463,408.14398081434734,16.91239799271487
6441.0,75.387773785029,408.12263547667476,16.912249424448184
6442.0,73.95828877858102,408.10127560743564,16.912100747756313
6443.0,74.93388819753432,408.08032075894835,16.911951962653127
6444.0,74.54323940281373,408.05908949062575,16.91180306915251
6445.0,73.45434431101135,408.0379689061283,16.91165406726834
6446.0,75.10320010998932,408.01715684190685,16.911504957014536
6447.0,73.84002149745,407.9958776018757,16.911355738404993
6448.0,75.14357050283753,407.97495626245137,16.911206411453637
6449.0,75.24823690685547,407.95366558414224,16.9110569761744
6450.0,75.71972817925753,407.932345250352,16.910907432581222
6451.0,74.72925388600537,407.9108913273678,16.910757780688055
6452.0,74.2174806825293,407.88971803876683,16.910608020508853
6453.0,74.35641161778754,407.8686897525734,16.910458152057593
6454.0,75.46677436904963,407.84762210261505,16.910308175348252
6455.0,74.8175784645351,407.82623984987714,16.91015809039483
6456.0,75.67538149382915,407.80504153597883,16.91000789721132
6457.0,74.06316303136096,407.7836001778889,16.909857595811733
6458.0,74.16611596607632,407.76261561503,16.9097071862101
6459.0,74.83942714348929,407.741601882173,16.90955666842044
6460.0,74.97951345381745,407.72039737781563,16.9094060424568
6461.0,75.48946892163585,407.69915318233706,16.909255308333236
6462.0,75.49398789282095,407.6777644994759,16.909104466063802
6463.0,75.22388763626681,407.65637453623964,16.908953515662574
6464.0,74.80617505745431,407.63506110140935,16.908802457143636
6465.0,75.12849199837189,407.61386601847636,16.90865129052108
6466.0,74.96917614794104,407.59257961241025,16.908500015809008
6467.0,75.65449213455447,407.571338345835,16.908348633021525
6468.0,74.38285351790549,407.5499029063968,16.90819714217276
6469.0,75.96714885060896,407.52882776456676,16.90804554327685
6470.0,75.32570028529165,407.50730373905907,16.907893836347924
6471.0,74.2068353850374,407.48596145731153,16.907742021400146
6472.0,75.28958761282722,407.4649361872858,16.907590098447677
6473.0,74.87189849792546,407.44360413746216,16.907438067504685
6474.0,76.61502167998512,407.4223904328878,16.907285928585356
6475.0,76.37252792184873,407.4006828434118,16.907133681703886
6476.0,76.32704326419994,407.3790439605006,16.90698132687447
6477.0,74.28596944431807,407.3574179649091,16.90682886411133
6478.0,75.35008550625928,407.33637027356656,16.90667629342868
6479.0,75.2434853937064,407.31502108267307,16.90652361484076
6480.0,73.69934263658442,407.29370209514485,16.906370828361815
6481.0,74.03495829417949,407.27282061473113,16.906217934006094
6482.0,73.5508512712158,407.25184404321453,16.90606493178786
6483.0,74.93869487697327,407.2310046353543,16.905911821721382
6484.0,75.47111113218062,407.20977200513914,16.905758603820956
6485.0,74.93668896381139,407.18838852365167,16.905605278100865
6486.0,74.14338935221983,407.1671564617786,16.905451844575417
6487.0,75.89727193466052,407.14614916812883,16.90529830325892
6488.0,75.10222679117068,407.12464494108065,16.90514465416571
6489.0,74.19966895857893,407.10336597682317,16.90499089731011
6490.0,74.5329952692835,407.0823427372849,16.904837032706467
6491.0,76.74102763216558,407.0612250552919,16.904683060369134
6492.0,76.30497798225821,407.03948176412945,16.904528980312477
6493.0,74.39473497481444,407.01786202036783,16.904374792550872
6494.0,74.22865687318576,406.99678351212503,16.904220497098695
6495.0,74.84372580670488,406.97575205934425,16.904066093970343
6496.0,75.40521969038296,406.95454633703235,16.90391158318023
6497.0,75.05626532413002,406.93318152478673,16.903756964742758
6498.0,75.27957615730035,406.9119155829449,16.903602238672352
6499.0,76.50285348456147,406.8905863697004,16.903447404983453
6500.0,75.29073301672238,406.86891056121306,16.9032924636905
6501.0,74.26987132506535,406.8475781868583,16.903137414807954
6502.0,74.72888680303015,406.82653505664956,16.902982258350274
6503.0,75.08764215780096,406.80536187205536,16.902826994331935
6504.0,76.44621612343225,406.78408704011065,16.902671622767418
6505.0,75.25310095343588,406.76242727887563,16.90251614367122
6506.0,75.83879556909635,406.7411055669388,16.902360557057854
6507.0,75.06690134519751,406.7196179081943,16.902204862941822
6508.0,73.48038826821663,406.69834895281315,16.902049061337653
6509.0,75.30007134848974,406.6775295094705,16.901893152259884
6510.0,74.43976449758057,406.65619448925503,16.90173713572306
6511.0,73.90807122859086,406.6351032226474,16.90158101174173
6512.0,74.52864416752894,406.6141626024659,16.901424780330462
6513.0,74.56646910953194,406.5930461532852,16.901268441503834
6514.0,74.8598282738701,406.57191898703746,16.901111995276427
6515.0,74.87096574280413,406.5507087023599,16.900955441662834
6516.0,74.59929859080819,406.52949526206606,16.90079878067766
6517.0,74.73109139804855,406.508358794132,16.900642012335524
6518.0,75.53844768343208,406.48718498490257,16.900485136651053
6519.0,74.95754088329463,406.4657824247256,16.900328153638874
6520.0,75.30916403732415,406.44454445480864,16.900171063313635
6521.0,75.75773805052614,406.4232068583314,16.90001386568999
6522.0,75.22638558422003,406.4017421658837,16.899856560782606
6523.0,76.01331989222786,406.38042802330153,16.899699148606157
6524.0,75.3779757547625,406.35889091599876,16.899541629175324
6525.0,75.0163757740518,406.33753382286824,16.899384002504807
6526.0,76.79598757016495,406.3162791830656,16.899226268609315
6527.0,74.64060696781372,406.2945203199207,16.899068427503547
6528.0,74.73030280848985,406.2733721479465,16.898910479202247
6529.0,73.7766122307425,406.25219856215074,16.898752423720133
6530.0,75.38542872181378,406.23129518868535,16.898594261071963
6531.0,75.33491593398863,406.2099359838809,16.898435991272486
6532.0,75.12980287624369,406.1885910910329,16.898277614336465
6533.0,74.33555278685516,406.1673043135513,16.898119130278676
6534.0,74.63457477706433,406.14624257359503,16.89796053911391
6535.0,75.29646519464137,406.1250961107415,16.897801840856953
6536.0,74.19664640159911,406.10376211226975,16.897643035522616
6537.0,74.90997042473649,406.08273972912264,16.897484123125707
6538.0,75.52070818523244,406.0615152375023,16.897325103681055
6539.0,75.46772397186376,406.0401177035164,16.8971659772035
6540.0,75.65534821211594,406.0187351817244,16.89700674370788
6541.0,75.75363440649237,405.9972994997309,16.89684740320905
6542.0,74.69239604304488,405.9758359699824,16.896687955721877
6543.0,74.68705432863223,405.95467312443697,16.896528401261236
6544.0,74.20712148521504,405.93351179237715,16.896368739842007
6545.0,75.40613657474891,405.9124864412897,16.896208971479094
6546.0,74.08444861751096,405.89112136926013,16.896049096187394
6547.0,77.2669651925337,405.87013077548517,16.895889113981816
6548.0,74.98446466731951,405.8482384686807,16.8957290248773
6549.0,76.21324135788065,405.82699287035825,16.895568828888774
6550.0,75.71669450253736,405.80539911864025,16.895408526031176
6551.0,74.22119989441666,405.7839460551978,16.89524811631947
6552.0,74.0707087602292,405.7629167152277,16.895087599768612
6553.0,76.09411814845457,405.74193001441233,16.89492697639358
6554.0,75.14994563759983,405.7203700142703,16.894766246209365
6555.0,73.7630029146797,405.69907752967293,16.894605409230948
6556.0,74.43681697965012,405.67817801218047,16.894444465473345
6557.0,74.05186807691135,405.65708758070286,16.894283414951566
6558.0,75.0669589961372,405.63610621808107,16.894122257680635
6559.0,74.38645358875232,405.61483724636554,16.893960993675588
6560.0,76.89256397224617,405.5937610845154,16.893799622951466
6561.0,75.1099368545868,405.5719748580566,16.893638145523322
6562.0,73.63148207649256,405.5506937092811,16.893476561406228
6563.0,75.28287859621389,405.5298314560261,16.89331487061525
6564.0,75.53030699819165,405.50850130709057,16.893153073165475
6565.0,74.04187039487894,405.4871010534411,16.892991169071998
6566.0,73.67939195069762,405.4661225234958,16.892829158349922
6567.0,76.13485221832137,405.4452466957765,16.89266704101436
6568.0,75.09996419653869,405.42367515431465,16.892504817080436
6569.0,74.46922092164938,405.4023968311256,16.892342486563283
6570.0,76.03826218365197,405.3812972185312,16.89218004947805
6571.0,76.25617229049286,405.3597530442458,16.892017505839878
6572.0,74.8254267256588,405.33814712876347,16.891854855663947
6573.0,74.00971102678085,405.3169465911912,16.89169209896542
6574.0,75.00084719768242,405.29597717306694,16.891529235759478
6575.0,74.31950943675957,405.2747269330276,16.891366266061326
6576.0,74.20376602893087,405.25366973868717,16.89120318988616
6577.0,74.69408453991798,405.2326453383123,16.89104000724919
6578.0,73.98159765273319,405.2114820143593,16.890876718165647
6579.0,74.81892327647074,405.190520561691,16.89071332265075
6580.0,74.48847503761138,405.16932186676274,16.890549820719762
6581.0,75.07983790587683,405.1482167988354,16.890386212387924
6582.0,76.14094628696253,405.1269441780954,16.8902224976705
6583.0,74.65120573995571,405.1053709099807,16.89005867658276
6584.0,75.4713086577967,405.08421973502107,16.889894749139994
6585.0,75.44152074340741,405.062836197568,16.88973071535749
6586.0,74.82414469461807,405.04146110002404,16.889566575250555
6587.0,73.63859111208141,405.02026092569395,16.889402328834493
6588.0,75.17619412609962,404.9993966582121,16.889237976124633
6589.0,74.24454014761596,404.9780967365431,16.889073517136307
6590.0,75.09271366679509,404.9570607835013,16.888908951884854
6591.0,74.97853066288143,404.935784514629,16.888744280385627
6592.0,73.89614168468935,404.91454059760787,16.888579502653993
6593.0,74.45067380020832,404.8936033574638,16.88841461870532
6594.0,74.14957838044728,404.87250899988715,16.888249628554984
6595.0,75.48344563585451,404.8514999526793,16.888084532218386
6596.0,75.02712042393657,404.8301129764158,16.887919329710925
6597.0,76.10022038899425,404.8088552922957,16.88775402104801
6598.0,74.85603080938682,404.7872935631855,16.887588606245068
6599.0,74.9233013588421,404.7660843544562,16.887423085317526
6600.0,75.16825050086659,404.7448560857378,16.887257458280825
6601.0,75.27280238189333,404.7235584147626,16.887091725150416
6602.0,73.27864226681295,404.7022311207544,16.886925885941764
6603.0,73.6244383839988,404.6814688387788,16.886759940670338
6604.0,74.36319918406856,404.66060858123666,16.886593889351616
6605.0,74.69517344805965,404.63953900813453,16.886427732001092
6606.0,75.1212909315616,404.6183753756576,16.886261468634263
6607.0,75.11051740226556,404.59709100989363,16.886095099266644
6608.0,75.88677004645656,404.5758096966297,16.885928623913756
6609.0,73.92869210009391,404.5543084451165,16.88576204259113
6610.0,74.17204084474909,404.5333619823548,16.885595355314297
6611.0,74.88665154680363,404.5123465707821,16.885428562098813
6612.0,76.05039837554169,404.4911286861772,16.885261662960243
6613.0,74.74252802249642,404.4695810733041,16.88509465791415
6614.0,73.77104162765312,404.4484040236977,16.884927546976115
6615.0,74.85932402009439,404.42750222856995,16.88476033016173
6616.0,74.82245721495173,404.4062920867642,16.884593007486593
6617.0,75.19963235095628,404.3850923905533,16.88442557896631
6618.0,75.1126670113538,404.36378582805384,16.884258044616512
6619.0,76.44055264893481,404.342503905734,16.884090404452813
6620.0,75.7200726411758,404.3208457491501,16.883922658490864
6621.0,75.17313876161872,404.2993917285685,16.8837548067463
6622.0,74.52033751768516,404.278092672586,16.8835868492348
6623.0,74.26817348805189,404.256978576956,16.88341878597201
6624.0,74.66722834118553,404.23593592780105,16.883250616973626
6625.0,74.72613243088031,404.2147802131044,16.883082342255328
6626.0,76.60839220566913,404.1936078089156,16.882913961832816
6627.0,73.99047524063621,404.1719020977906,16.882745475721805
6628.0,74.58223383745965,404.1509381298058,16.882576883937997
6629.0,75.70390011996743,404.1298064968852,16.882408186497134
6630.0,75.86570409604529,404.1083570585179,16.882239383414944
6631.0,74.44442251841936,404.0868617756907,16.882070474707184
6632.0,74.777902876465,404.06576918931046,16.8819014603896
6633.0,75.24966065871807,404.04458211682885,16.88173234047797
6634.0,75.03659391280551,404.0232613796422,16.881563114988065
6635.0,73.99140998990093,404.0020010113668,16.88139378393568
6636.0,74.70039383963655,403.9810367785364,16.881224347336595
6637.0,74.93076023502798,403.9598716669485,16.88105480520663
6638.0,74.28808298128915,403.9386412848819,16.8808851575616
6639.0,75.57366766170584,403.9175929947039,16.880715404417327
6640.0,74.82022486106793,403.89618045553306,16.880545545789655
6641.0,74.96900412955848,403.8749813918224,16.88037558169442
6642.0,74.76413451482416,403.8537401739857,16.880205512147484
6643.0,75.15592554206162,403.83255700253983,16.880035337164706
6644.0,74.95715622925438,403.81126282363624,16.879865056761975
6645.0,75.10714781195792,403.79002496270465,16.87969467095516
6646.0,73.38193616534635,403.768744604158,16.879524179760168
6647.0,75.8290321205746,403.7479530555778,16.8793535831929
6648.0,73.98619680207345,403.72646816314364,16.87918288126927
6649.0,74.93521662010487,403.705505407383,16.8790120740052
6650.0,75.29122626049255,403.68427376267397,16.878841161416634
6651.0,74.78448429508772,403.6629412485668,16.878670143519503
6652.0,74.75967441338872,403.6417523113499,16.878499020329773
6653.0,74.08550614993841,403.6205704035994,16.8783277918634
6654.0,74.12918992347564,403.59957951019027,16.878156458136363
6655.0,75.00371425314032,403.57857623971194,16.877985019164644
6656.0,74.47390536690133,403.55732518734027,16.877813474964235
6657.0,75.88367451239652,403.5362242474863,16.877641825551137
6658.0,74.19622037425938,403.5147238730411,16.877470070941367
6659.0,75.64401921929559,403.4937016106017,16.87729821115095
6660.0,75.02668249535003,403.47226913848965,16.87712624619591
6661.0,74.10681367520498,403.4510115784492,16.8769541760923
6662.0,74.32391286172947,403.4300146479079,16.876782000856167
6663.0,75.13048780373543,403.40895620593045,16.87660972050357
6664.0,74.7921445656373,403.38766923438607,16.876437335050586
6665.0,76.1339354626708,403.3664781267591,16.87626484451329
6666.0,74.76387552217435,403.3449068450447,16.876092248907785
6667.0,75.1130814493663,403.32372374698014,16.875919548250163
6668.0,75.58667536783443,403.3024417072361,16.875746742556537
6669.0,74.5932084247058,403.2810254825485,16.875573831843028
6670.0,74.44468594493877,403.25989074016155,16.875400816125772
6671.0,74.99776889523747,403.2387980791438,16.875227695420897
6672.0,74.00502665487075,403.21754871129014,16.875054469744565
6673.0,75.85387003131784,403.19658062040463,16.87488113911293
6674.0,75.00594957513508,403.1750886905624,16.874707703542168
6675.0,75.98271147033734,403.1538370048495,16.87453416304845
6676.0,75.48033485788861,403.1323085699329,16.874360517647975
6677.0,76.00916620834823,403.11092247505644,16.87418676735693
6678.0,74.33293122371082,403.0893865446307,16.87401291219154
6679.0,74.23378504666398,403.0683255474507,16.873838952168008
6680.0,76.368693651294,403.0472926416875,16.87366488730257
6681.0,75.58272889595968,403.025654845153,16.873490717611464
6682.0,75.39148532623489,403.00423973863246,16.87331644311094
6683.0,75.27625584341271,402.98287881779,16.87314206381725
6684.0,74.36549516343386,402.961550545301,16.872967579746675
6685.0,74.56261515562277,402.9404803216714,16.872792990915475
6686.0,75.06526093254344,402.91935424737727,16.872618297339944
6687.0,74.51059749787667,402.8980857567798,16.872443499036386
6688.0,75.4541034359449,402.876974420822,16.872268596021097
6689.0,74.82468455378635,402.85559575818183,16.872093588310403
6690.0,76.90601788014546,402.8343954308916,16.871918475920626
6691.0,74.41844348318891,402.81260539249223,16.871743258868097
6692.0,74.43079907641555,402.79152016683867,16.87156793716917
6693.0,74.80107203550739,402.77043144043364,16.8713925108402
6694.0,73.54476595624267,402.7492378033569,16.871216979897543
6695.0,73.83508396795827,402.72840011966935,16.871041344357586
6696.0,73.89994694979174,402.70748017921176,16.870865604236705
6697.0,74.34620745489313,402.6865418609093,16.870689759551304
6698.0,75.68539498063625,402.6654771021304,16.870513810317775
6699.0,75.6027126628839,402.6440329068859,16.870337756552544
6700.0,75.43429717665505,402.6226121382981,16.87016159827203
6701.0,74.5826869037295,402.6012390874314,16.86998533549266
6702.0,75.34970545568277,402.580107326142,16.869808968230892
6703.0,75.25587031976274,402.55875824292957,16.869632496503165
6704.0,74.17176835312992,402.537435746339,16.869455920325954
6705.0,74.32525318294927,402.51642041197226,16.86927923971572
6706.0,74.60729074316077,402.49536159023705,16.869102454688953
6707.0,74.92337678149543,402.4742228578598,16.868925565262145
6708.0,73.76086538777196,402.4529945677717,16.868748571451793
6709.0,75.50204787025801,402.4320956559119,16.86857147327441
6710.0,73.71613455810451,402.4107034090153,16.868394270746524
6711.0,75.67057289729522,402.38981717089047,16.86821696388466
6712.0,74.6376714580743,402.3683771752362,16.868039552705355
6713.0,75.00615259290805,402.3472298349898,16.867862037225166
6714.0,74.70626452041225,402.32597809175513,16.86768441746065
6715.0,75.10293380346667,402.30481131680773,16.867506693428382
6716.0,74.66445102606569,402.28353215223,16.867328865144938
6717.0,75.15226429889464,402.2623772244393,16.867150932626906
6718.0,75.83831374849694,402.241084082888,16.866972895890886
6719.0,74.50631487711492,402.2195965606592,16.86679475495349
6720.0,75.45401512268674,402.1984864381107,16.86661650983133
6721.0,76.19600530450869,402.17710780049265,16.86643816054104
6722.0,75.58059510315454,402.155518932323,16.86625970709926
6723.0,75.02727205149996,402.13410443037714,16.866081149522632
6724.0,76.83840827033103,402.1128467032959,16.865902487827814
6725.0,74.40576891797078,402.0910758209526,16.865723722031476
6726.0,73.58233133487111,402.06999418642584,16.865544852150297
6727.0,73.60981009509587,402.04914585921426,16.865365878200958
6728.0,74.12549294628967,402.02828974635406,16.865186800200156
6729.0,75.17717684984105,402.00728752335255,16.8650076181646
6730.0,74.74447935363256,401.9859873232451,16.864828332111006
6731.0,75.65729711132641,401.9648097207616,16.8646489420561
6732.0,75.10565241771575,401.94337348658,16.86446944801661
6733.0,75.09500395080642,401.9220935517284,16.864289850009293
6734.0,74.99996840479976,401.90081663394227,16.86411014805089
6735.0,74.24775964229633,401.87956664289425,16.86393034215817
6736.0,75.14762746258847,401.8585297776623,16.863750432347917
6737.0,75.56887616337202,401.8372379498812,16.8635704186369
6738.0,75.84168775633799,401.8158267683016,16.863390301041917
6739.0,76.40854745691854,401.79433829010395,16.86321007957978
6740.0,75.25173583655076,401.77268920165784,16.863029754267288
6741.0,74.91655679394896,401.75136787650416,16.862849325121275
6742.0,75.45281399206722,401.7301415187459,16.862668792158562
6743.0,74.19644048447697,401.7087632214481,16.862488155396
6744.0,75.71673720818127,401.6877408966442,16.862307414850438
6745.0,74.34327372451243,401.6662878211019,16.86212657053873
6746.0,75.05541699647551,401.64522389354653,16.861945622477755
6747.0,74.27254946646082,401.62395819206426,16.861764570684397
6748.0,75.20386785919145,401.60291430304875,16.861583415175534
6749.0,74.85767561568915,401.5816065404887,16.861402155968076
6750.0,73.52790459838036,401.56039686573087,16.861220793078928
6751.0,74.61992032806555,401.539563959428,16.86103932652501
6752.0,74.69725704632873,401.5184216486684,16.86085775632325
6753.0,75.27453173247203,401.49725742583865,16.86067608249059
6754.0,74.68086638319596,401.4759296418477,16.86049430504397
6755.0,75.25663634096342,401.4547700630391,16.86031242400036
6756.0,77.02274287007323,401.4334473494092,16.860130439376718
6757.0,76.24935024843747,401.41162423892933,16.85994835119002
6758.0,73.81557060249322,401.3900202563589,16.859766159457262
6759.0,74.53816708336268,401.36910584468825,16.859583864195436
6760.0,74.1411372383123,401.34798669734795,16.859401465421545
6761.0,75.65354981795431,401.32698004179707,16.859218963152607
6762.0,74.68321710096474,401.3055448693487,16.85903635740565
6763.0,74.18424856378118,401.2843846245034,16.858853648197705
6764.0,75.92087858104328,401.263365754077,16.85867083554582
6765.0,74.15632836073728,401.241854838479,16.85848791946705
6766.0,75.49456069479906,401.2208438787768,16.858304899978453
6767.0,75.58589075898813,401.1994537532467,16.85812177709711
6768.0,74.10914299089639,401.178037750865,16.8579385508401
6769.0,75.36517024277572,401.15704016035085,16.85775522122452
6770.0,75.6755320841643,401.1356866954487,16.857571788267467
6771.0,76.8583737908591,401.11424529469156,16.85738825198606
6772.0,75.27378748521738,401.0924687554508,16.857204612397414
6773.0,75.5868927748521,401.07114118233,16.857020869518664
6774.0,74.58596055624835,401.0497248960438,16.85683702336695
6775.0,74.36792782766778,401.0285922072196,16.856653073959425
6776.0,74.87333397543645,401.00752129433505,16.85646902131325
6777.0,74.22102701451206,400.986307183042,16.85628486544559
6778.0,76.0882263636176,400.96527789205453,16.856100606373634
6779.0,74.84867500641,400.94371956125156,16.855916244114557
6780.0,72.99498138839,400.9225124366664,16.855731778685573
6781.0,75.46682765928578,400.901830525273,16.855547210103886
6782.0,75.84282443053617,400.8804482574362,16.855362538386707
6783.0,76.31000325862517,400.8589594571809,16.85517776355127
6784.0,75.36011830663264,400.83733828959095,16.854992885614813
6785.0,74.10730545927504,400.8159862560708,16.854807904594583
6786.0,74.40523411070669,400.79498918619066,16.85462282050783
6787.0,74.14593515657322,400.7739077031926,16.85443763337183
6788.0,75.20092110589125,400.7528996882316,16.854252343203857
6789.0,74.97849709378245,400.73159276058493,16.854066950021192
6790.0,75.32324983030925,400.71034885307506,16.853881453841133
6791.0,76.42905663008167,400.6890072656231,16.853695854680982
6792.0,75.44112504868693,400.6673523662446,16.85351015255806
6793.0,75.43982104676448,400.6459773808141,16.853324347489682
6794.0,74.66043151355892,400.62460276485086,16.85313843949319
6795.0,76.32419433383032,400.60344897592205,16.85295242858592
6796.0,74.6506649889634,400.5818237875274,16.852766314785228
6797.0,75.21899907736224,400.56067276578057,16.85258009810848
6798.0,75.79699689059906,400.539360716042,16.852393778573038
6799.0,74.37509363336717,400.5178849002563,16.852207356196296
6800.0,76.86688323830055,400.49681195706023,16.852020830995638
6801.0,74.69342137585618,400.4750330068094,16.851834202988467
6802.0,73.7103999910702,400.4538698707529,16.85164747219219
6803.0,75.06698465995665,400.43298525742205,16.851460638624232
6804.0,74.93754124069515,400.41171627843505,16.851273702302016
6805.0,73.60367818430902,400.39048397508355,16.851086663242988
6806.0,74.15889807344334,400.369629599598,16.850899521464594
6807.0,73.25629245689974,400.34861791181055,16.850712276984293
6808.0,76.02207492390761,400.3278619622811,16.85052492981955
6809.0,75.02422284938865,400.30632237438596,16.850337479987843
6810.0,74.9848167346313,400.2850655112453,16.85014992750666
6811.0,74.87822211683579,400.26381981317047,16.8499622723935
6812.0,73.7856890548633,400.2426043169041,16.849774514665867
6813.0,75.64546412249845,400.22169837167183,16.849586654341277
6814.0,73.34014624505326,400.20026549017047,16.849398691437255
6815.0,75.3411290340663,400.1794857820677,16.849210625971335
6816.0,74.89965074079119,400.1581391288414,16.849022457961063
6817.0,76.56007001520649,400.13691756113144,16.848834187423993
6818.0,75.4071031728447,400.1152255412939,16.848645814377686
6819.0,74.32731845393883,400.0938601953949,16.84845733883972
6820.0,74.42737963694361,400.07280078849965,16.848268760827676
6821.0,74.85784481894837,400.05171303093584,16.848080080359143
6822.0,73.40693524804259,400.03050330823714,16.84789129745172
6823.0,75.85246510437727,400.00970467658357,16.847702412123034
6824.0,75.49298528305793,399.988213144804,16.84751342439069
6825.0,75.02444120108206,399.96682346564046,16.847324334272322
6826.0,74.84734947232447,399.9455665406334,16.84713514178557
6827.0,74.7688736002054,399.92435979161627,16.846945846948092
6828.0,75.49168748082198,399.90317527742957,16.846756449777537
6829.0,73.79349502321494,399.8817859659767,16.846566950291578
6830.0,74.97188565608381,399.86087780905336,16.846377348507893
6831.0,76.31895537720146,399.8396357747842,16.846187644444168
6832.0,75.45988483618638,399.8180120707607,16.845997838118105
6833.0,74.42894796273215,399.79663177005705,16.845807929547405
6834.0,75.68926544959636,399.7755435681343,16.845617918749788
6835.0,75.22310652932785,399.7540982762569,16.84542780574298
6836.0,75.41677522372407,399.7327850627403,16.845237590544713
6837.0,73.5804956326759,399.7114169764269,16.84504727317273
6838.0,74.47899115923151,399.69056916933096,16.844856853644796
6839.0,75.19670646813024,399.6694667885025,16.844666331978672
6840.0,75.33492117764222,399.64816105500324,16.84447570819212
6841.0,75.17532935725704,399.6268161606696,16.844284982302938
6842.0,75.36129734557993,399.6055164840184,16.844094154328907
6843.0,75.34691956630083,399.58416411643714,16.84390322428784
6844.0,73.84750311521312,399.56281582255997,16.84371219219754
6845.0,74.83030519055427,399.541892363344,16.84352105807583
6846.0,74.5329588923198,399.52069044354,16.843329821940547
6847.0,75.0690993178389,399.4995727718539,16.84313848380952
6848.0,75.17957480324162,399.4783031937138,16.84294704370061
6849.0,74.55400157078508,399.4570023141862,16.84275550163167
6850.0,74.20034039670573,399.4358786804078,16.84256385762057
6851.0,75.45371874492483,399.41485525062876,16.842372111685187
6852.0,76.72172753114411,399.39347669698435,16.84218026384341
6853.0,75.61300261336177,399.37173887418385,16.84198831411314
6854.0,75.08005017734118,399.3503151901101,16.841796262512275
6855.0,74.63178481893596,399.3290425092265,16.841604109058743
6856.0,75.99739915783465,399.3078968368612,16.84141185377046
6857.0,75.29075336510834,399.2863642404331,16.841219496665364
6858.0,76.39817431650012,399.26503186031294,16.841027037761403
6859.0,76.53322620765644,399.2433857109233,16.840834477076527
6860.0,74.46644444298722,399.2217012968311,16.840641814628704
6861.0,76.00226782388275,399.2006024709056,16.840449050435904
6862.0,74.52228789953021,399.17906849502214,16.84025618451611
6863.0,74.06116324818473,399.157953846784,16.840063216887316
6864.0,75.56622517453478,399.13696985053036,16.83987014756752
6865.0,75.84718716263372,399.1155594200642,16.83967697657474
6866.0,75.62615368927659,399.09406938370154,16.83948370392699
6867.0,75.26740541752565,399.07264197348957,16.839290329642306
6868.0,74.68364877385982,399.0513162086212,16.839096853738724
6869.0,74.35662083908095,399.0301558414686,16.83890327623429
6870.0,75.55959515792556,399.0090881322309,16.838709597147073
6871.0,74.74571039375634,398.9876795802695,16.838515816495132
6872.0,75.45934321306332,398.96650162899124,16.838321934296548
6873.0,73.95986234589478,398.9451214817475,16.838127950569408
6874.0,73.67459802030346,398.92416618741623,16.837933865331806
6875.0,74.85924541177141,398.90329171797714,16.837739678601853
6876.0,75.2723435724331,398.88208159844373,16.837545390397658
6877.0,75.31029317335957,398.8607544344316,16.837351000737353
6878.0,74.85983359901664,398.83941651803246,16.83715650963907
6879.0,74.43809226221664,398.8182062318461,16.836961917120945
6880.0,74.32580519901386,398.79711543903846,16.836767223201143
6881.0,73.23548220877923,398.7760564608987,16.836572427897824
6882.0,75.20350841441892,398.7553064076062,16.836377531229157
6883.0,75.43961301123737,398.73399874688886,16.836182533213325
6884.0,74.71049694366204,398.71262418986896,16.835987433868517
6885.0,74.87393618346576,398.69145621573495,16.83579223321294
6886.0,73.59031262374981,398.67024193381627,16.8355969312648
6887.0,73.85493746588877,398.64939134523956,16.83540152804231
6888.0,74.58187016500554,398.6284657796242,16.835206023563714
6889.0,75.38353686616344,398.6073342497441,16.835010417847236
6890.0,74.9814663824307,398.58597558096534,16.834814710911132
6891.0,74.71139283020861,398.564730832157,16.834618902773656
6892.0,76.27044980151103,398.5435626041884,16.834422993453078
6893.0,74.87245042143198,398.52195264341134,16.83422698296767
6894.0,76.1643608629506,398.5007387824586,16.834030871335724
6895.0,75.54001989170389,398.4791588802141,16.83383465857553
6896.0,74.44704715281435,398.45775587457814,16.83363834470539
6897.0,75.08352299250308,398.43666254455155,16.83344192974362
6898.0,75.84943532069168,398.4153888797036,16.83324541370855
6899.0,75.36013669454556,398.39389820636273,16.833048796618506
6900.0,76.41904711839643,398.3725461676326,16.832852078491833
6901.0,74.87125139106804,398.3508941042824,16.83265525934688
6902.0,75.09101032385801,398.32968058305494,16.832458339202006
6903.0,73.26843069360302,398.30840479679654,16.832261318075588
6904.0,74.15794463557425,398.28764540810005,16.832064195986003
6905.0,74.69161206489301,398.2666339904533,16.83186697295164
6906.0,75.12037448230443,398.2454713670349,16.831669648990896
6907.0,75.28438683598014,398.22418726093156,16.831472224122184
6908.0,74.2902803558074,398.20285668466136,16.831274698363917
6909.0,74.52376552562798,398.1818077718939,16.831077071734526
6910.0,74.53305980817771,398.1606927049949,16.830879344252445
6911.0,74.4852947641431,398.13957500471594,16.830681515936117
6912.0,74.31950728053933,398.1184708378661,16.830483586804
6913.0,74.89788662639444,398.0974136441367,16.830285556874564
6914.0,76.12625459906991,398.07619257625913,16.830087426166273
6915.0,73.49388884184623,398.05462347078947,16.829889194697618
6916.0,75.90740520267325,398.0338002022843,16.829690862487087
6917.0,76.36273545719627,398.0122931041435,16.829492429553188
6918.0,74.81198822154661,397.99065699576397,16.829293895914425
6919.0,74.75817492380945,397.96946026576785,16.829095261589323
6920.0,75.83056538325509,397.94827878287276,16.828896526596413
6921.0,74.91699804883413,397.9267934560142,16.828697690954236
6922.0,75.07876217364321,397.90556697323365,16.828498754681338
6923.0,74.63450082117062,397.8842946572845,16.828299717796277
6924.0,74.95434967022008,397.86314821538514,16.828100580317628
6925.0,74.5282536067225,397.8419111496452,16.82790134226396
6926.0,73.85856950708056,397.82079481112333,16.82770200365386
6927.0,74.83707594853806,397.7998682164296,16.827502564505934
6928.0,76.16198425305805,397.77866437824423,16.827303024838777
6929.0,75.87342369329795,397.75708514937253,16.82710338467101
6930.0,74.64444024067926,397.7355876793261,16.82690364402125
6931.0,75.8346854737483,397.71443842125785,16.82670380290814
6932.0,75.71397166548816,397.6929519270403,16.826503861350314
6933.0,73.4012630440703,397.6714996350684,16.826303819366434
6934.0,75.21265915560318,397.65070261053927,16.82610367697515
6935.0,75.58608551890663,397.62939235711184,16.825903434195148
6936.0,74.13610034504549,397.60797629954817,16.825703091045092
6937.0,74.30802419190731,397.5869710711171,16.825502647543686
6938.0,75.04954626838288,397.56591713092934,16.82530210370962
6939.0,74.25022393720798,397.54465309282,16.82510145956161
6940.0,73.47037287702014,397.5236155293711,16.82490071511836
6941.0,75.56563420832087,397.50279892372265,16.82469987039861
6942.0,74.53605413433343,397.48138866069695,16.8244989254211
6943.0,75.54362181438344,397.46027011202557,16.824297880204565
6944.0,75.20636051304625,397.43886608584484,16.824096734767764
6945.0,75.02351607614406,397.4175576170328,16.823895489129463
6946.0,74.79992822062108,397.3963009541446,16.823694143308437
6947.0,75.48391561096155,397.3751076411487,16.823492697323466
6948.0,74.46031158189619,397.3537205317256,16.823291151193345
6949.0,74.55161188830063,397.33262344344405,16.823089504936878
6950.0,73.99829812395683,397.3115004867424,16.82288775857287
6951.0,75.26893344246508,397.29053430227395,16.822685912120146
6952.0,74.60253012873774,397.26920810446524,16.822483965597538
6953.0,75.41732794752456,397.24807072092875,16.82228191902388
6954.0,73.93419875490392,397.2267024780103,16.822079772418025
6955.0,74.69909020757683,397.2057544550297,16.821877525798833
6956.0,76.14460928659338,397.1845897128042,16.821675179185167
6957.0,75.13373049024756,397.16301540683975,16.821472732595904
6958.0,74.51015846645687,397.1417275165341,16.821270186049933
6959.0,75.0584723443387,397.1206163049686,16.821067539566148
6960.0,75.04555937098719,397.0993497378044,16.820864793163448
6961.0,74.73793398624909,397.0780868293159,16.820661946860756
6962.0,75.26915869941233,397.0569110813531,16.82045900067699
6963.0,74.34507288793401,397.0355848197217,16.820255954631087
6964.0,74.79391112421412,397.0145203824035,16.820052808741984
6965.0,73.67873987259705,396.99332877425155,16.819849563028633
6966.0,74.51521420782449,396.9724531312877,16.81964621751
6967.0,75.9161800225736,396.95134048726214,16.81944277220505
6968.0,74.69351576757508,396.9298309029224,16.819239227132766
6969.0,74.70481538979786,396.9086677401216,16.81903558231213
6970.0,75.60868702736165,396.88750137576113,16.818831837762144
6971.0,74.80529855916996,396.86607891443674,16.818627993501813
6972.0,76.31915925468424,396.844884079845,16.81842404955016
6973.0,74.6820059745035,396.82326031805616,16.818220005926204
6974.0,76.1404976545009,396.8021004163634,16.81801586264898
6975.0,74.23791303690363,396.7805272753613,16.817811619737537
6976.0,74.48656555425342,396.7594932000008,16.817607277210925
6977.0,74.7983702855291,396.73838867309377,16.817402835088206
6978.0,75.21675483092852,396.7171958015129,16.817198293388458
6979.0,73.82551370125482,396.6958843876441,16.816993652130755
6980.0,75.93324604463496,396.6749671587621,16.816788911334193
6981.0,74.1131278690258,396.65345273904944,16.81658407101787
6982.0,74.91091165851303,396.63245401948654,16.816379131200897
6983.0,75.28922857437823,396.6112292611834,16.816174091902393
6984.0,75.27625251760539,396.58989731308725,16.815968953141482
6985.0,75.10249278646066,396.56856904154057,16.815763714937304
6986.0,75.34117292679827,396.5472900019178,16.815558377309006
6987.0,73.4389191729925,396.5259433362552,16.81535294027574
6988.0,75.58608244430594,396.50513564248945,16.815147403856677
6989.0,75.52377792340492,396.4837195857969,16.814941768070987
6990.0,75.591091632841,396.462321182052,16.814736032937855
6991.0,75.18356767095977,396.44090370608933,16.814530198476476
6992.0,75.29453533607946,396.41960169524924,16.81432426470605
6993.0,76.6922115127722,396.39826824357067,16.814118231645786
6994.0,74.86557494475645,396.3765387836421,16.813912099314905
6995.0,75.54945703860932,396.35532687074107,16.813705867732644
6996.0,76.0733576613625,396.3339211912468,16.813499536918233
6997.0,74.58340638303292,396.31236707324274,16.81329310689092
6998.0,75.25830364289898,396.29123510810086,16.813086577669974
6999.0,74.88210199780893,396.26991192206873,16.812879949274656
7000.0,75.41733111900773,396.2486953265027,16.812673221724236
7001.0,75.6717510218211,396.22732708268563,16.812466395038008
7002.0,75.02722729603376,396.2058867532294,16.812259469235258
7003.0,75.98153999911393,396.18462903882886,16.8120524443353
7004.0,76.29768050071883,396.1631009358291,16.811845320357442
7005.0,74.51166004289787,396.1414832596873,16.811638097321005
7006.0,75.06512642395235,396.1203716226751,16.81143077524532
7007.0,75.15711183541748,396.0991031701883,16.811223354149735
7008.0,73.71323110139684,396.07780865516827,16.811015834053592
7009.0,75.08480812518908,396.0569232396895,16.810808214976255
7010.0,75.26723241873611,396.0356492107207,16.81060049693709
7011.0,75.60471386516608,396.0143234948688,16.810392679955477
7012.0,75.26951951832712,395.9929021592736,16.810184764050803
7013.0,75.06549166969349,395.9715757954101,16.809976749242463
7014.0,75.41255103089051,395.95030723943705,16.809768635549865
7015.0,74.78239477263446,395.9289403499783,16.80956042299242
7016.0,75.66001505769599,395.9077520047927,16.80935211158955
7017.0,74.73333217596803,395.8863150005264,16.809143701360693
7018.0,75.14693080356962,395.8651405564098,16.80893519232529
7019.0,77.04041591256305,395.84384892601554,16.808726584502796
7020.0,74.47597924426213,395.82202080817365,16.808517877912667
7021.0,74.1825847908776,395.8009192807211,16.808309072574374
7022.0,74.07419265661223,395.779900881697,16.808100168507398
7023.0,73.85386130824266,395.75891319377763,16.807891165731224
7024.0,74.41299450753401,395.7379879330736,16.807682064265357
7025.0,74.61203869565657,395.71690425129646,16.8074728641293
7026.0,75.35416007190899,395.695764173666,16.80726356534256
7027.0,75.46318200707667,395.6744138283123,16.807054167924672
7028.0,73.66789811676337,395.6530325934104,16.806844671895174
7029.0,75.01803177922238,395.6321600222773,16.8066350772736
7030.0,73.83636324783073,395.61090491327315,16.80642538407951
7031.0,74.99937589641931,395.58998461035293,16.806215592332464
7032.0,75.02134476160079,395.5687347871823,16.806005702052033
7033.0,74.05836099798638,395.5474787394998,16.805795713257794
7034.0,74.98440007133433,395.5264955372171,16.805585625969343
7035.0,75.30720768442978,395.5052499571969,16.805375440206273
7036.0,75.59951107700618,395.48391291501963,16.805165155988195
7037.0,73.68201784477127,395.46249305354775,16.80495477333473
7038.0,74.13169330521978,395.44161648182506,16.804744292265497
7039.0,75.82362477040803,395.42061250205523,16.804533712800136
7040.0,74.75696952577762,395.39912914170367,16.804323034958294
7041.0,75.3940439958265,395.377948000338,16.804112258759616
7042.0,75.43122156394078,395.35658635453916,16.803901384223774
7043.0,75.62356543719503,395.3352141750961,16.803690411370436
7044.0,75.64323922261977,395.31378749822215,16.803479340219287
7045.0,73.77226749440716,395.2923552471092,16.803268170790012
7046.0,75.17062421783034,395.2714531046524,16.803056903102316
7047.0,73.73102336250861,395.250154761124,16.802845537175905
7048.0,76.18126492838235,395.2292643045047,16.802634073030497
7049.0,74.80658141189997,395.20767961277494,16.802422510685822
7050.0,75.05244551236927,395.1864844147082,16.802210850161618
7051.0,74.23678741421942,395.1652195551464,16.801999091477622
7052.0,75.17544650031263,395.14418579871233,16.801787234653595
7053.0,74.87177256233097,395.1228860888706,16.801575279709304
7054.0,75.25302191767263,395.1016724199779,16.801363226664517
7055.0,74.61161230324099,395.08035073043453,16.801151075539018
7056.0,75.12653261096487,395.0592107736153,16.800938826352596
7057.0,74.34073394760686,395.03792492270884,16.800726479125053
7058.0,75.98239466138068,395.016861714757,16.8005140338762
7059.0,75.04970294478129,394.9953333696029,16.800301490625856
7060.0,76.77538317237023,394.97406928710194,16.80008884939385
7061.0,75.4078971072318,394.9523162618697,16.799876110200014
7062.0,76.01388453355557,394.9309506910227,16.799663273064198
7063.0,76.37819081268998,394.90941342373816,16.799450338006253
7064.0,74.06085090170787,394.8877729363412,16.799237305046052
7065.0,74.56069607104908,394.86678902858574,16.79902417420346
7066.0,75.30939596899587,394.84566349803225,16.79881094549837
7067.0,74.28875411402386,394.82432583584114,16.798597618950662
7068.0,74.89911469679922,394.8032773555088,16.798384194580244
7069.0,74.21265734695602,394.782055939678,16.79817067240702
7070.0,76.05704803913247,394.7610290200964,16.797957052450922
7071.0,75.41306417572108,394.73947952315194,16.79774333473187
7072.0,75.7961220907424,394.71811248830215,16.797529519269798
7073.0,74.65769811524,394.6966369203764,16.797315606084656
7074.0,76.26142336354161,394.6754839059104,16.797101595196402
7075.0,75.41366168033169,394.65387650262414,16.796887486625
7076.0,75.4787301325374,394.63250929848135,16.796673280390422
7077.0,75.03285174031485,394.61112365827717,16.796458976512653
7078.0,75.87993623620343,394.589864350284,16.796244575011684
7079.0,75.07809045570814,394.5683650350171,16.796030075907517
7080.0,75.90082709207557,394.54709290938797,16.79581547922016
7081.0,75.40588655625648,394.52558767504524,16.79560078496964
7082.0,74.5972193616009,394.5042226738543,16.795385993175977
7083.0,75.96844564645913,394.48308679503515,16.795171103859214
7084.0,75.45550695708555,394.461562402102,16.794956117039394
7085.0,75.44171729474957,394.44018334179754,16.794741032736578
7086.0,74.33666755981965,394.41880818856396,16.794525850970825
7087.0,74.14443646669162,394.3977461327554,16.79431057176221
7088.0,74.70080624272863,394.3767385424232,16.794095195130826
7089.0,74.22280581591053,394.35557331398775,16.79387972109675
7090.0,76.01994089949737,394.33454351900656,16.793664149680094
7091.0,75.1544300215812,394.3130045357517,16.793448480900967
7092.0,74.87483845152536,394.29171078057885,16.79323271477948
7093.0,75.28673960548133,394.2704962430176,16.793016851335775
7094.0,75.50718620518197,394.2491650001294,16.792800890589984
7095.0,73.18183754728832,394.2277712973713,16.79258483256225
7096.0,76.25074419718631,394.20703644339955,16.792368677272734
7097.0,74.6168648350349,394.185432065877,16.792152424741598
7098.0,74.63728868325595,394.1642906208404,16.791936074989017
7099.0,75.53615611152416,394.1431433890468,16.79171962803517
7100.0,75.00535321275954,394.1217414781485,16.791503083900256
7101.0,75.25610401570842,394.10048996140495,16.791286442604477
7102.0,74.86822943649148,394.0791673986004,16.791069704168034
7103.0,74.36795361135432,394.0579547335935,16.790852868611157
7104.0,75.65885594207744,394.03688381340356,16.790635935954064
7105.0,76.05150911823881,394.01544713755334,16.790418906217
7106.0,73.69017188016855,393.9938992099698,16.790201779420208
7107.0,75.09615014456593,393.97302032793715,16.789984555583942
7108.0,75.22895152793247,393.95174308539623,16.78976723472848
7109.0,74.37213841787681,393.93042821579655,16.789549816874075
7110.0,74.26817820320896,393.9093561099115,16.78933230204102
7111.0,74.66041285211625,393.88831345942066,16.789114690249612
7112.0,74.68924799447576,393.8671596757792,16.788896981520143
7113.0,75.55986766389749,393.84599772218075,16.788679175872925
7114.0,73.81681563825296,393.82458909300937,16.78846127332828
7115.0,74.79146814114367,393.8036743285785,16.788243273906534
7116.0,74.99242570168789,393.7824834126052,16.788025177628025
7117.0,76.3438269327544,393.7612355586563,16.787806984513093
7118.0,74.26499340839118,393.73960480769205,16.7875886945821
7119.0,75.13360743225621,393.7185630595597,16.78737030785541
7120.0,74.59531945303682,393.6972752041205,16.787151824353394
7121.0,75.06191737434835,393.67613986360885,16.786933244096435
7122.0,76.78103559956287,393.6548723203528,16.786714567104926
7123.0,75.00584436326226,393.6331176935996,16.786495793399258
7124.0,75.42867325889844,393.61186603769664,16.78627692299985
7125.0,74.9776391505488,393.5904945802733,16.786057955927117
7126.0,75.10353862832619,393.5692509158473,16.785838892201486
7127.0,74.01498254590916,393.5479715799026,16.78561973184339
7128.0,75.66427821305061,393.5270006681813,16.78540047487328
7129.0,75.37989969367987,393.5055624560209,16.785181121311613
7130.0,75.04005491848291,393.48420481777435,16.784961671178845
7131.0,75.09148198886,393.46294346888084,16.784742124495448
7132.0,75.86301211971823,393.44166754898396,16.784522481281904
7133.0,75.3331996659751,393.42017302888337,16.78430274155871
7134.0,74.85279195719272,393.3988286223113,16.78408290534636
7135.0,74.17714289222933,393.3776203312568,16.78386297266536
7136.0,75.29756111283176,393.35660347410396,16.783642943536233
7137.0,75.85621215011858,393.335269165122,16.7834228179795
7138.0,74.42162652493408,393.31377657167945,16.783202596015702
7139.0,75.734050863605,393.29269044416407,16.78298227766538
7140.0,75.64641720152642,393.27123246308605,16.782761862949084
7141.0,74.0142699371291,393.24979931154564,16.78254135188738
7142.0,75.16321386945513,393.22882860173013,16.782320744500844
7143.0,74.97458913545847,393.2075323578004,16.782100040810043
7144.0,74.12484376129437,393.1862895575454,16.781879240835583
7145.0,74.24693245064117,393.16528751847966,16.78165834459805
7146.0,74.32489458513173,393.1442508876187,16.781437352118054
7147.0,74.46583453494284,393.1231921674862,16.781216263416212
7148.0,74.20032616284531,393.10209351436805,16.780995078513154
7149.0,74.100126488947,393.0810700886218,16.780773797429504
7150.0,75.72453902187452,393.0600750527833,16.780552420185913
7151.0,75.10348741491069,393.0386197667271,16.78033094680303
7152.0,74.42121265162857,393.01734044529286,16.780109377301518
7153.0,74.94113504790862,392.9962544350416,16.77988771170204
7154.0,75.74524271508359,392.97502111344465,16.77966595002529
7155.0,74.25211866170768,392.9535599613421,16.77944409229194
7156.0,75.82744824677218,392.93252186105457,16.779222138522695
7157.0,74.7809943236126,392.9110374173847,16.77900008873826
7158.0,73.7472667450401,392.889849468993,16.778777942959348
7159.0,73.85695585092091,392.8689544100819,16.778555701206685
7160.0,74.99428997109412,392.8480282725908,16.778333363501
7161.0,74.40124503685564,392.8267798904323,16.778110929863043
7162.0,76.71140556330352,392.8056995376719,16.777888400313554
7163.0,74.44664484645484,392.783964639429,16.7776657748733
7164.0,76.59919343791086,392.7628714233891,16.777443053563044
7165.0,75.24960587065739,392.7411683185817,16.777220236403572
7166.0,74.05401585200448,392.7198475969184,16.77699732341566
7167.0,75.43268737589514,392.6988656257603,16.776774314620113
7168.0,74.71754998469046,392.6774930310038,16.77655121003773
7169.0,74.60886659833052,392.6563230585081,16.77632800968932
7170.0,75.83258008318198,392.6351838796386,16.776104713595714
7171.0,74.59746322358518,392.61369798194835,16.775881321777735
7172.0,75.9756213535889,392.59256203403504,16.775657834256233
7173.0,74.23684331021566,392.5710356079848,16.775434251052047
7174.0,74.55097581206476,392.5500018357136,16.775210572186044
7175.0,75.50229060367927,392.52887905923353,16.774986797679077
7176.0,74.4312346409757,392.5074867435625,16.77476292755204
7177.0,74.73927805064396,392.4863978937476,16.7745389618258
7178.0,75.35131036062735,392.46522176496654,16.774314900521265
7179.0,74.01244658268736,392.4438722270311,16.77409074365933
7180.0,75.66884965509247,392.4229020338326,16.773866491260904
7181.0,76.2497883244325,392.4014625264303,16.773642143346912
7182.0,74.743118139352,392.3798584197384,16.77341769993828
7183.0,74.67850488437603,392.35868120293225,16.773193161055953
7184.0,76.03157230474423,392.337522293215,16.77296852672087
7185.0,73.85468077512324,392.31598001439534,16.77274379695399
7186.0,75.26710179348218,392.29505452150903,16.77251897177628
7187.0,75.66135382781869,392.27372884266754,16.772294051208707
7188.0,75.3361162669186,392.252291459083,16.772069035272263
7189.0,75.01305049336176,392.23094622614076,16.771843923987937
7190.0,74.94520523548744,392.20969252850097,16.77161871737672
7191.0,73.71471653812218,392.1884580536842,16.771393415459634
7192.0,75.18281939166492,392.1675722173318,16.77116801825769
7193.0,75.87503431532392,392.1462704185041,16.770942525791916
7194.0,75.40247576501915,392.1247724921148,16.770716938083353
7195.0,74.38832393381371,392.1034084573147,16.770491255153036
7196.0,75.39103241785473,392.08233176553347,16.77026547702203
7197.0,74.36685355809851,392.06097097301506,16.770039603711385
7198.0,74.54622079617313,392.03990036450693,16.769813635242187
7199.0,74.82421243380509,392.0187789352813,16.769587571635505
7200.0,74.73726203943693,391.99757874175845,16.769361412912435
7201.0,74.30836464688387,391.9764031841806,16.76913515909407
7202.0,73.5663996728739,391.9553491475307,16.76890881020152
7203.0,73.32709642522121,391.93450533429007,16.7686823662559
7204.0,70.49467351051999,391.91372932363623,16.768455827278338
7205.0,72.4469983306689,391.89375583280827,16.76822919328996
7206.0,70.80850098811494,391.8732291832812,16.768002464311916
7207.0,71.41481999615027,391.8531667746679,16.767775640365354
7208.0,69.8190026441437,391.83293257566896,16.767548721471435
7209.0,69.89352298290304,391.81315052491976,16.767321707651327
7210.0,70.56370392357533,391.7933473600746,16.76709459892621
7211.0,68.67571058215812,391.7733543106296,16.766867395317266
7212.0,67.14951558285038,391.7538961926313,16.766640096845695
7213.0,69.92382718390442,391.73487049654955,16.766412703532705
7214.0,68.01977370831946,391.7150587455141,16.766185215399503
7215.0,68.20248928370643,391.69578647629675,16.765957632467313
7216.0,66.2015136610144,391.6764624376664,16.76572995475736
7217.0,65.89557404803621,391.65770534212913,16.765502182290895
7218.0,65.0201942902733,391.63903492948214,16.765274315089165
7219.0,64.08990701876537,391.6206125410999,16.765046353173418
7220.0,63.98785075525397,391.60245373411124,16.76481829656493
7221.0,64.82748322498102,391.5843238430639,16.764590145284973
7222.0,63.049958252147796,391.5659560561502,16.764361899354828
7223.0,62.806299243514076,391.54809190131203,16.76413355879579
7224.0,60.7812141639977,391.5302967831931,16.76390512362916
7225.0,60.7579655093633,391.51307543917994,16.76367659387626
7226.0,61.62054933671941,391.49586068228564,16.76344796955839
7227.0,61.14132737806786,391.47840152664025,16.763219250696885
7228.0,60.25091057526718,391.4610781505497,16.76299043731309
7229.0,58.687197477406144,391.4440070592201,16.76276152942834
7230.0,58.011845993344096,391.42737901993485,16.762532527064
7231.0,58.856347843507216,391.4109423302367,16.76230343024142
7232.0,57.18313432882851,391.3942663650144,16.762074238981988
7233.0,56.63268324770606,391.37806447695453,16.761844953307076
7234.0,57.220411740308585,391.3620185500344,16.76161557323807
7235.0,55.644666266696184,391.34580610004133,16.76138609879638
7236.0,55.44605371697545,391.33004011126576,16.761156530003404
7237.0,54.82838223498285,391.314330396046,16.760926866880563
7238.0,54.98274466848515,391.298795687746,16.76069710944928
7239.0,54.30753067511856,391.28321724342334,16.760467257730987
7240.0,55.755828227004145,391.267830109732,16.76023731174713
7241.0,53.025779259462446,391.25203262506767,16.76000727151916
7242.0,53.531416703622234,391.23700865427753,16.759777137068536
7243.0,51.48912534267846,391.2218414195448,16.75954690841673
7244.0,51.37110898389992,391.20725283403107,16.759316585585214
7245.0,51.586957750662684,391.19269768648564,16.75908616859548
7246.0,48.99441906097226,391.17808138178964,16.758855657469024
7247.0,50.25949077401762,391.1641996297223,16.758625052227348
7248.0,50.68221524143102,391.1499594406697,16.758394352891962
7249.0,48.761823002310464,391.13559947968463,16.758163559484387
7250.0,48.429617465010615,391.121783629834,16.75793267202616
7251.0,48.77314150693413,391.1080619048856,16.75770169053882
7252.0,47.35946200504439,391.09424284812525,16.75747061504391
7253.0,47.10001727510958,391.08082433389046,16.75723944556299
7254.0,45.366989522307705,391.0674793289959,16.757008182117627
7255.0,46.56076968923937,391.0546253486312,16.75677682472939
7256.0,45.02346466616285,391.04143313055266,16.756545373419865
7257.0,44.182549268127744,391.02867648223054,16.75631382821064
7258.0,44.813894305299755,391.0161580932712,16.75608218912333
7259.0,43.77698187388422,391.00346082321806,16.755850456179523
7260.0,43.27647914731126,390.99105734502047,16.755618629400853
7261.0,43.238483002851545,390.9787956759288,16.755386708808945
7262.0,42.569760212254735,390.9665447724113,16.75515469442543
7263.0,41.45112288118252,390.95448334035115,16.75492258627195
7264.0,41.379652075032475,390.9427388555348,16.754690384370168
7265.0,38.492123297183554,390.9310146207802,16.75445808874174
7266.0,39.4919719772091,390.92010851917934,16.75422569940833
7267.0,39.76766767997748,390.90891912711913,16.75399321639163
7268.0,38.947630931425216,390.89765162127645,16.75376063971332
7269.0,39.4697596649029,390.8866164591792,16.7535279693951
7270.0,36.79616125217194,390.87543336060753,16.753295205458677
7271.0,36.183818651204625,390.8650077815861,16.753062347925763
7272.0,37.044491944787914,390.85475569963484,16.75282939681808
7273.0,36.47497270562186,390.8442597602505,16.75259635215736
7274.0,35.73250918916447,390.83392518465064,16.752363213965346
7275.0,34.21328168354342,390.8238009737137,16.752129982263785
7276.0,33.96827895452193,390.81410721057006,16.75189665707444
7277.0,34.787941205090895,390.80448286486626,16.751663238419066
7278.0,32.28390582514477,390.79462628152476,16.751429726319454
7279.0,32.171886114069196,390.78547917487435,16.751196120797374
7280.0,29.64852424330693,390.776363807142,16.75096242187463
7281.0,31.852122079442015,390.7679633919397,16.75072862957301
7282.0,31.778678697717403,390.7589386240172,16.750494743914338
7283.0,30.02528382333002,390.7499346650529,16.75026076492043
7284.0,30.07157614585772,390.74142750130295,16.750026692613112
7285.0,28.97313611812963,390.7329072213949,16.749792527014215
7286.0,28.364538545002326,390.72469816616143,16.74955826814559
7287.0,28.1921963541825,390.71666154690706,16.74932391602909
7288.0,28.24778168382706,390.70867375794006,16.749089470686577
7289.0,26.57684577041088,390.7006702197963,16.748854932139924
7290.0,27.320767966944963,390.6931401134947,16.74862030041101
7291.0,26.852867718128806,390.68539922923736,16.74838557552172
7292.0,25.658077934863996,390.67779091671724,16.748150757493956
7293.0,25.66146582436213,390.670521127969,16.74791584634962
7294.0,24.389537414164217,390.66325037931875,16.74768084211063
7295.0,24.695704652155335,390.6563400103848,16.74744574479891
7296.0,23.42330506600914,390.6493428940667,16.747210554436386
7297.0,23.711723713544664,390.6427062909646,16.746975271045006
7298.0,22.069010489728726,390.6359879692458,16.746739894646712
7299.0,21.3507746323716,390.6297350829404,16.74650442526347
7300.0,20.39058859095211,390.6236856967945,16.746268862917244
7301.0,20.00924026485243,390.61790836336036,16.746033207630006
7302.0,21.12265976667622,390.61223907861876,16.74579745942374
7303.0,19.4326284960191,390.60625432501814,16.745561618320444
7304.0,18.09032957795789,390.6007484136109,16.745325684342117
7305.0,17.926397564841427,390.5956228202305,16.745089657510768
7306.0,19.247006732105707,390.5905436742538,16.744853537848417
7307.0,17.74967787378697,390.58509035567977,16.74461732537709
7308.0,16.71004905710789,390.58006128028217,16.744381020118823
7309.0,18.269225133466673,390.57532676638266,16.744144622095657
7310.0,15.824366843890472,390.57015048592814,16.743908131329658
7311.0,16.033206668138554,390.56566691532237,16.743671547842876
7312.0,14.217836745513623,390.5611241734331,16.743434871657385
7313.0,14.759604478719053,390.5570957863552,16.74319810279527
7314.0,13.904653668899792,390.55291389841955,16.742961241278604
7315.0,13.327375048295389,390.5489742465467,16.742724287129498
7316.0,11.854247362260569,390.5451981569497,16.742487240370053
7317.0,13.325502899767402,390.5418394535304,16.742250101022385
7318.0,12.22141246967025,390.53806389437545,16.742012869108606
7319.0,11.985517585372198,390.5346011608424,16.74177554465086
7320.0,11.71197540418804,390.53120526419315,16.741538127671287
7321.0,12.45574805959915,390.527886871162,16.74130061819202
7322.0,10.926626965620597,390.52435774254513,16.741063016235234
7323.0,9.92092896411408,390.5212618649049,16.74082532182309
7324.0,12.163649408848263,390.5184509350317,16.74058753497775
7325.0,9.870308332199047,390.5150045676992,16.74034965572141
7326.0,11.347502836870012,390.5122079803384,16.740111684076254
7327.0,9.984900424067549,390.50899285453465,16.739873620064493
7328.0,12.141221026304347,390.5061637994145,16.739635463708325
7329.0,10.991523703519022,390.5027237867904,16.739397215029967
7330.0,11.895469332443467,390.499609521741,16.739158874051654
7331.0,10.106772298745867,390.49623913876354,16.738920440795614
7332.0,10.999310959092421,390.4933755532789,16.738681915284094
7333.0,9.483428723381223,390.49025908184046,16.738443297539344
7334.0,10.877986513490926,390.48757211036883,16.73820458758362
7335.0,11.060902059889276,390.48449001419,16.737965785439197
7336.0,11.264631176346594,390.4813560919397,16.73772689112835
7337.0,11.33195046040665,390.47816444643973,16.73748790467337
7338.0,12.10355765223195,390.47495372714263,16.737248826096547
7339.0,12.51297831606751,390.4715243858078,16.73700965542018
7340.0,13.167947710865494,390.46797904195165,16.73677039266659
7341.0,11.71428283444717,390.4642481234335,16.736531037858093
7342.0,11.053720855066652,390.46092907663046,16.736291591017018
7343.0,10.759849349319051,390.4577971890548,16.736052052165704
7344.0,11.092527733202479,390.4547485650725,16.7358124213265
7345.0,11.00736814851729,390.4516056822148,16.735572698521757
7346.0,10.736327582345586,390.44848692790606,16.73533288377384
7347.0,11.626159770016452,390.4454449684244,16.735092977105122
7348.0,11.8766914096643,390.44215088982287,16.73485297853798
7349.0,12.266717364297755,390.43878582725677,16.7346128880948
7350.0,11.32055267105849,390.4353102573369,16.734372705797995
7351.0,11.512071046884323,390.4321027674134,16.73413243166996
7352.0,11.214993495758696,390.4288410139501,16.73389206573311
7353.0,11.25749449732262,390.42566343245966,16.733651608009872
7354.0,9.603671677074491,390.42247380901875,16.733411058522673
7355.0,10.236189868452698,390.4197527687103,16.73317041729396
7356.0,11.409693714530158,390.4168525149142,16.73292968434618
7357.0,11.862118575163107,390.41361976836174,16.73268885970179
7358.0,11.518121903728286,390.4102588347654,16.73244794338325
7359.0,10.140987460012088,390.4069953668927,16.73220693541305
7360.0,11.79859711251196,390.4041220871124,16.731965835813657
7361.0,11.203402796063468,390.40077915126375,16.731724644607574
7362.0,11.588572920702203,390.3976048538049,16.731483361817297
7363.0,10.60891444254319,390.39432142481076,16.73124198746534
7364.0,9.504683937544915,390.3913155657187,16.731000521574213
7365.0,9.902850374526587,390.38862257193637,16.730758964166448
7366.0,12.606083889093302,390.38581676433023,16.730517315264574
7367.0,11.601002891155408,390.38224504056166,16.73027557489114
7368.0,11.48316598537152,390.3789580897425,16.7300337430687
7369.0,10.335411055635095,390.37570452604666,16.729791819819805
7370.0,10.921754752778124,390.37277615958095,16.729549805167025
7371.0,11.281068119534645,390.3696816624009,16.72930769913295
7372.0,11.418709803921102,390.3664853597671,16.72906550174015
7373.0,10.259276913959267,390.363250058656,16.728823213011225
7374.0,10.429620176610097,390.36034326353035,16.72858083296878
7375.0,11.138794382778297,390.3573882044803,16.728338361635426
7376.0,11.913724885484523,390.35423221273857,16.728095799033788
7377.0,10.744902119511455,390.35085665735426,16.727853145186483
7378.0,11.650813932817721,390.3478122684204,16.727610400116156
7379.0,11.238164679836302,390.3445112044728,16.727367563845448
7380.0,11.338878133590867,390.3413270578135,16.72712463639702
7381.0,10.792598147726777,390.3381143756757,16.72688161779352
7382.0,10.336834733376776,390.33505647286717,16.726638508057633
7383.0,10.367157814485607,390.332127703026,16.72639530721204
7384.0,12.00828716300756,390.3291903416453,16.726152015279418
7385.0,10.885257593624525,390.32578799361573,16.72590863228247
7386.0,9.260960603139313,390.3227038372975,16.725665158243896
7387.0,10.101056869083237,390.32007989846,16.725421593186415
7388.0,12.010106249174218,390.3172179323471,16.72517793713275
7389.0,11.148823027330304,390.31381506890983,16.724934190105625
7390.0,10.746316821127127,390.3106562357187,16.724690352127784
7391.0,10.65237384701323,390.3076114459527,16.724446423221973
7392.0,11.08070607488614,390.30459327336274,16.724202403410946
7393.0,11.34102268050074,390.3014537399749,16.72395829271747
7394.0,11.569934992350575,390.2982404502154,16.723714091164318
7395.0,12.471085530369415,390.29496230196753,16.723469798774268
7396.0,10.025931025012223,390.2914288277339,16.723225415570113
7397.0,11.079964582107738,390.28858814727687,16.72298094157465
7398.0,10.176342698752636,390.2854488239786,16.722736376810687
7399.0,11.295124972688551,390.2825655268806,16.72249172130104
7400.0,11.419079563189934,390.2793652414716,16.722246975068526
7401.0,11.220321412233055,390.27612983559544,16.722002138135988
7402.0,11.314979943804962,390.27295074452866,16.721757210526256
7403.0,10.766147611890773,390.2697448335445,16.72151219226219
7404.0,11.753198904002227,390.26669442505454,16.721267083366634
7405.0,10.685684692188739,390.2633643520317,16.721021883862463
7406.0,11.176374355788871,390.260336741369,16.720776593772555
7407.0,10.507762656568989,390.25717010196814,16.72053121311978
7408.0,12.317583360346426,390.25419290254877,16.720285741927043
7409.0,11.57542946296828,390.25070292059667,16.72004018021724
7410.0,9.865342318666801,390.24742321558216,16.71979452801327
7411.0,10.260289270980644,390.24462803525853,16.719548785338063
7412.0,11.491995208981313,390.2417209532984,16.719302952214534
7413.0,12.338158317738593,390.2384648879892,16.71905702866562
7414.0,10.97852106475935,390.2349690764659,16.718811014714266
7415.0,11.281178580825673,390.23185849549753,16.718564910383417
7416.0,8.817427393732254,390.22866216156626,16.71831871569604
7417.0,10.826721799540667,390.2261638904714,16.71807243067509
7418.0,10.28126325089531,390.2230963192948,16.71782605534355
7419.0,9.896669087048782,390.2201832947071,16.71757958972441
7420.0,11.761067225600412,390.21737923846575,16.71733303384065
7421.0,11.779218300135941,390.2140469360852,16.71708638771528
7422.0,11.703629478368992,390.2107094909002,16.71683965137131
7423.0,11.979710007495221,390.20739346254794,16.716592824831746
7424.0,10.415427965852633,390.20399921137914,16.71634590811963
7425.0,10.458352006083365,390.2010481734555,16.71609890125799
7426.0,11.369629096671009,390.1980849737205,16.715851804269864
7427.0,12.543409437664714,390.19486357880976,16.715604617178307
7428.0,11.935218872904178,390.1913096128024,16.715357340006385
7429.0,10.81224770076943,390.18792796745504,16.715109972777157
7430.0,11.760741378519024,390.18486449727317,16.714862515513705
7431.0,11.154056382695108,390.1815322872159,16.71461496823911
7432.0,11.820352687339156,390.1783719712408,16.71436733097647
7433.0,11.034580187586476,390.1750228713127,16.714119603748887
7434.0,10.46549724360767,390.1718964069263,16.713871786579467
7435.0,11.786840751959744,390.1689311827072,16.71362387949133
7436.0,9.796592917432358,390.16559157782746,16.713375882507606
7437.0,11.817220379380128,390.16281587650093,16.713127795651427
7438.0,10.86079944619422,390.15946766406006,16.71287961894594
7439.0,11.619421422442787,390.1563904375503,16.712631352414295
7440.0,11.528242850829805,390.15309826814735,16.712382996079647
7441.0,10.172360513202124,390.1498319326729,16.712134549965178
7442.0,11.177130454581851,390.1469497638608,16.711886014094055
7443.0,11.89967723886402,390.143782910232,16.711637388489464
7444.0,11.454886802327769,390.1404113350144,16.711388673174607
7445.0,11.662984517376763,390.1371657837537,16.711139868172683
7446.0,11.977371210716873,390.13386127147373,16.710890973506896
7447.0,8.697362505954684,390.130467682964,16.71064198920047
7448.0,10.786486296516527,390.128003430254,16.710392915276632
7449.0,11.242601674250214,390.12494725913666,16.710143751758622
7450.0,11.294688141833708,390.121761855329,16.709894498669684
7451.0,12.515232803416843,390.1185616936888,16.709645156033062
7452.0,11.5058988302456,390.1150157110612,16.70939572387202
7453.0,10.795671788237508,390.11175570639256,16.709146202209833
7454.0,11.53616246976975,390.1086969327192,16.708896591069777
7455.0,12.822100106723575,390.10542835335286,16.708646890475134
7456.0,9.756352297748737,390.10179542498923,16.7083971004492
7457.0,12.903002307737854,390.09903112517156,16.708147221015277
7458.0,11.300808986486462,390.09537527451766,16.707897252196684
7459.0,11.50034701781963,390.0921733786382,16.70764719401673
7460.0,11.255666670845855,390.08891494698315,16.707397046498745
7461.0,12.115918613723295,390.08572584142644,16.707146809666067
7462.0,11.330579655917957,390.0822929978192,16.70689648354204
7463.0,11.07807218098362,390.0790826669167,16.706646068150015
7464.0,10.928714110936896,390.0759438797988,16.706395563513357
7465.0,11.554710934553647,390.07284741080065,16.70614496965543
7466.0,10.532691788704241,390.06957357603585,16.70589428659962
7467.0,11.503769395797919,390.0665893133624,16.705643514369303
7468.0,10.149944329833746,390.06332991203357,16.70539265298788
7469.0,12.146878648539479,390.06045409447347,16.70514170247875
7470.0,11.168820239266703,390.0570124788564,16.704890662865324
7471.0,11.435241798594033,390.0538479797886,16.704639534171026
7472.0,11.38549371990799,390.0506079946123,16.704388316419276
7473.0,11.394698364873053,390.04738210472505,16.704137009633516
7474.0,11.132497668168327,390.044153606855,16.70388561383719
7475.0,11.086892134503026,390.04099939918234,16.70363412905375
7476.0,10.849202367646159,390.03785811307756,16.703382555306654
7477.0,11.04194614816585,390.0347841724067,16.70313089261937
7478.0,11.908614228603843,390.0316556209981,16.70287914101538
7479.0,12.23154585431024,390.0282815136334,16.702627300518166
7480.0,11.970200411736322,390.02481590897463,16.702375371151224
7481.0,10.53349630000691,390.0214243521913,16.70212335293806
7482.0,12.274345319304668,390.0184398615729,16.701871245902176
7483.0,10.943259448565009,390.01496213039917,16.701619050067098
7484.0,11.251821790010563,390.011861540222,16.70136676545635
7485.0,11.300062567224085,390.0086735240482,16.701114392093466
7486.0,10.739659213573354,390.00547183965415,16.700861930001995
7487.0,10.11534397111652,390.0024289362103,16.70060937920548
7488.0,10.296362153589005,389.9995629220852,16.70035673972749
7489.0,10.188653328322248,389.996645619475,16.70010401159159
7490.0,10.741686509318624,389.99375883436534,16.69985119482136
7491.0,10.31322374865639,389.990715356521,16.699598289440377
7492.0,11.185109387375162,389.9877932764589,16.69934529547224
7493.0,11.68818277491404,389.9846241621325,16.699092212940553
7494.0,11.670063069392349,389.98131251034624,16.698839041868922
7495.0,10.884395372083468,389.9780059924766,16.698585782280965
7496.0,11.308518141383885,389.9749220804545,16.698332434200307
7497.0,11.794857382127535,389.9717180003144,16.698078997650587
7498.0,12.64357225988019,389.96837612405614,16.697825472655445
7499.0,11.108379260321335,389.96479377858253,16.697571859238536
7500.0,11.810997121952617,389.96164640445875,16.69731815742351
7501.0,12.015201137915481,389.95829995527424,16.697064367234045
7502.0,10.937516684141094,389.9548956482852,16.696810488693814
7503.0,12.18120981750662,389.9517966852247,16.696556521826498
7504.0,11.606249455256199,389.948345342443,16.696302466655787
7505.0,9.818591802534854,389.9450569050973,16.69604832320539
7506.0,10.502476679746097,389.94227497075326,16.695794091499014
7507.0,11.474576142367882,389.93929926902734,16.695539771560366
7508.0,11.480353660321573,389.9360481391204,16.695285363413184
7509.0,10.502126338179854,389.9327953722499,16.695030867081194
7510.0,10.74810866453648,389.92981976978746,16.694776282588144
7511.0,12.039358707030015,389.9267744723325,16.69452160995778
7512.0,11.877497974738453,389.9233633206988,16.694266849213854
7513.0,9.893922123859763,389.91999802960595,16.69401200038014
7514.0,9.231053518899394,389.9171947516709,16.69375706348041
7515.0,11.099552443126314,389.9145792865072,16.693502038538455
7516.0,11.460318390782941,389.911434413315,16.693246925578052
7517.0,11.923694729436402,389.90818732310424,16.692991724623013
7518.0,12.180934301107786,389.9048089429309,16.692736435697135
7519.0,10.866898009896621,389.9013576782123,16.692481058824242
7520.0,10.655999669508104,389.8982787237762,16.69222559402815
7521.0,10.947613611233322,389.8952595238698,16.6919700413327
7522.0,12.247019936052713,389.8921577000133,16.69171440076172
7523.0,11.246365051452145,389.88868771103137,16.691458672339074
7524.0,10.559030391120123,389.8855012409335,16.69120285608861
7525.0,11.14561575147659,389.88250951565595,16.69094695203419
7526.0,12.130315587262555,389.87935159119303,16.690690960199692
7527.0,11.445263241239294,389.87591466844333,16.690434880608997
7528.0,11.659521670354472,389.8726718438583,16.69017871328599
7529.0,10.888322729374762,389.86936831271834,16.68992245825458
7530.0,10.936404196007071,389.86628328794507,16.689666115538657
7531.0,11.424474801903969,389.8631846400895,16.689409685162143
7532.0,10.534526203076783,389.8599477055623,16.689153167148962
7533.0,10.847374637991422,389.85696292313816,16.688896561523045
7534.0,9.509835426722281,389.85388950032404,16.68863986830832
7535.0,11.865826271280458,389.85119504695314,16.68838308752875
7536.0,11.770586234505235,389.8478330628429,16.68812621920828
7537.0,11.963233439904894,389.8444980634098,16.687869263370867
7538.0,10.435156877098523,389.8411084806018,16.687612220040496
7539.0,11.196085896569796,389.83815185282,16.68735508924114
7540.0,10.688736846236786,389.8349796284826,16.687097870996784
7541.0,11.14550257627264,389.8319511530428,16.686840565331426
7542.0,10.962785356604305,389.82879326064625,16.68658317226907
7543.0,9.980135191274828,389.82568713812856,16.68632569183373
7544.0,12.071944814862794,389.82285943315765,16.686068124049417
7545.0,11.871781527965227,389.81943904879347,16.68581046894017
7546.0,11.481017276510583,389.8160753773605,16.685552726530023
7547.0,11.856499031640858,389.8128224224655,16.68529489684302
7548.0,11.181484527984841,389.80946308107326,16.68503697990321
7549.0,10.929037018791691,389.8062949937903,16.684778975734655
7550.0,12.245552871664525,389.80319843330165,16.68452088436143
7551.0,11.144767482757153,389.799728859988,16.6842627058076
7552.0,10.942171316657703,389.7965711758679,16.68400444009727
7553.0,11.6036233226548,389.7934708939949,16.683746087254512
7554.0,10.958936729379364,389.7901832007201,16.68348764730344
7555.0,10.985209212222806,389.78707816864676,16.68322912026816
7556.0,10.649103872684272,389.78396569270336,16.68297050617279
7557.0,11.742989348746763,389.78094844660603,16.682711805041453
7558.0,11.436566110562897,389.77762126629057,16.68245301689829
7559.0,11.489934189046238,389.77438090589254,16.68219414176744
7560.0,10.64840865855848,389.771125424539,16.681935179673047
7561.0,11.161847426376054,389.7681083754191,16.68167613063928
7562.0,10.65996537325225,389.7649458519816,16.681416994690295
7563.0,11.091791718144622,389.76192552845924,16.681157771850277
7564.0,10.901654381670028,389.7587828541391,16.6808984621434
7565.0,10.97262381531698,389.75569405206426,16.680639065593862
7566.0,11.538106989909755,389.7525851419833,16.680379582225854
7567.0,11.29209579510383,389.74931601166946,16.680120012063586
7568.0,12.166447598084352,389.7461165845275,16.679860355131275
7569.0,12.412569102950807,389.74266942437475,16.679600611453147
7570.0,11.373804075297095,389.7391525297956,16.679340781053423
7571.0,11.239598110894429,389.7359299519742,16.679080863956354
7572.0,10.283889297191537,389.7327453991761,16.678820860186182
7573.0,12.446742538716197,389.72983163054187,16.67856076976716
7574.0,11.124922801405205,389.7263050534892,16.678300592723556
7575.0,11.72326505166274,389.7231529920288,16.67804032907964
7576.0,11.150707408025049,389.71983140026424,16.67777997885969
7577.0,11.460212272664904,389.7166720331653,16.677519542087996
7578.0,11.26367087852239,389.7134249730214,16.677259018788853
7579.0,11.52218343373241,389.7102335996058,16.67699840898657
7580.0,11.207368556947523,389.7069689809662,16.67673771270545
7581.0,13.47703001895977,389.70379355987507,16.67647692996982
7582.0,12.471662218339755,389.6999750680364,16.676216060804002
7583.0,10.298579426304439,389.69644143040784,16.675955105232337
7584.0,10.387943414127115,389.69352349957035,16.67569406327917
7585.0,11.42513550163664,389.6905802489364,16.675432934968853
7586.0,10.930617620009233,389.68734312721097,16.67517172032574
7587.0,12.488438318972197,389.68424611888526,16.67491041937421
7588.0,12.565460558389363,389.6807077280282,16.674649032138632
7589.0,11.129905785424102,389.67714751420334,16.674387558643392
7590.0,10.890843776906681,389.67399404089747,16.674125998912885
7591.0,10.481394862731378,389.67090830182735,16.67386435297151
7592.0,10.873042347336206,389.66793857328287,16.673602620843674
7593.0,10.737123124340537,389.66485787795114,16.673340802553795
7594.0,11.808240928364498,389.66181569306593,16.6730788981263
7595.0,11.012933172188253,389.6584700248029,16.67281690758562
7596.0,9.407179118738261,389.65534969373743,16.672554830956198
7597.0,11.70720762922562,389.6526843263205,16.67229266826248
7598.0,9.765277556546746,389.6493672841589,16.67203041952892
7599.0,11.84017621192206,389.6466004555179,16.671768084779988
7600.0,11.82230752901501,389.64324573892446,16.671505664040154
7601.0,11.75736460756599,389.6398960851246,16.6712431573339
7602.0,11.561578031777056,389.6365648318191,16.67098056468572
7603.0,12.880659667752727,389.6332890513768,16.67071788612011
7604.0,10.407120179688494,389.62963953113757,16.67045512166157
7605.0,10.181819655052717,389.62669084708665,16.670192271334606
7606.0,10.750765662612478,389.6238059981844,16.669929335163754
7607.0,10.703704919800403,389.6207599479133,16.669666313173536
7608.0,11.64706166737953,389.6177272315194,16.66940320538849
7609.0,11.614700998152555,389.61442723071366,16.669140011833164
7610.0,12.404374316331209,389.6111363987642,16.6688767325321
7611.0,11.870115144999875,389.6076218260412,16.668613367509877
7612.0,11.656061379088557,389.60425862675015,16.668349916791048
7613.0,11.417389595262367,389.600956076026,16.6680863804002
7614.0,11.838555696787823,389.5977211489741,16.66782275836191
7615.0,9.943434015219799,389.59436689152665,16.66755905070078
7616.0,12.61583534729158,389.59154958522237,16.667295257441406
7617.0,13.243088006150227,389.58797509854065,16.667031378608396
7618.0,11.466740616346067,389.5842228902722,16.66676741422637
7619.0,9.795891094574289,389.58097398043094,16.66650336431995
7620.0,10.445664361879334,389.5781984779542,16.666239228913774
7621.0,12.479418271514563,389.5752388730516,16.665975008032476
7622.0,11.87285576280032,389.57170303787467,16.665710701700707
7623.0,11.538794867404242,389.56833906207527,16.66544630994313
7624.0,11.109112346837053,389.56506973686277,16.665181832784402
7625.0,11.038688570743,389.56192215503114,16.6649172702492
7626.0,11.499739303060347,389.5587945266028,16.66465262236221
7627.0,10.372361651353891,389.5555362671336,16.664387889148102
7628.0,12.297074866731514,389.5525974313324,16.664123070631593
7629.0,10.463197387057892,389.5491132601201,16.66385816683738
7630.0,10.988651935246212,389.54614868752714,16.663593177790176
7631.0,12.081243873972126,389.5430352361455,16.6633281035147
7632.0,10.841496283180584,389.5396122170479,16.66306294403568
7633.0,10.848908453132776,389.53654045976765,16.662797699377855
7634.0,11.202400013146612,389.5334666023726,16.66253236956597
7635.0,11.310896311077025,389.5302925890355,16.662266954624776
7636.0,11.08949954029205,389.52708783508075,16.66200145457903
7637.0,12.458996626392274,389.523945810211,16.661735869453505
7638.0,9.845071854966193,389.52041576116676,16.66147019927298
7639.0,10.035971316610556,389.5176263241412,16.661204444062232
7640.0,12.194740014942582,389.51478279893485,16.660938603846056
7641.0,11.302304126477173,389.5113276225973,16.660672678649252
7642.0,11.071260365738663,389.5081253030948,16.66040666849663
7643.0,11.65362059584845,389.5049884459912,16.660140573413
7644.0,10.711429847385084,389.50168658682236,16.65987439342319
7645.0,11.672173668221948,389.49865168169896,16.659608128552037
7646.0,12.432341115721503,389.49534456582626,16.659341778824366
7647.0,9.44334059642746,389.4918220691768,16.65907534426504
7648.0,10.411841037901224,389.48914645600786,16.658808824898905
7649.0,11.75283884025652,389.4861964343805,16.658542220750828
7650.0,11.62348279030598,389.4828664633757,16.65827553184568
7651.0,10.693447225376644,389.47957314325174,16.65800875820834
7652.0,11.363197210965012,389.4765433332046,16.657741899863687
7653.0,10.886723705466567,389.47332376066146,16.657474956836634
7654.0,11.405934230797449,389.4702391889449,16.65720792915207
7655.0,11.231948259631446,389.4670075075795,16.656940816834904
7656.0,9.539456384309066,389.46382512223926,16.656673619910066
7657.0,11.115291906468924,389.4611222762637,16.656406338402476
7658.0,11.47737233065147,389.45797294355685,16.656138972337065
7659.0,12.632390203382794,389.4547210213965,16.65587152173878
7660.0,11.0819884790002,389.45114184417224,16.655603986632574
7661.0,11.621543034110573,389.4480019474365,16.6553363670434
7662.0,9.971230279949715,389.4447091769102,16.655068662996225
7663.0,11.944919546062632,389.4418839949975,16.654800874516024
7664.0,11.650727285636426,389.4384996011261,16.65453300162778
7665.0,10.864319064071832,389.4351985617285,16.654265044356475
7666.0,11.864494811525654,389.4321203379937,16.653997002727117
7667.0,10.407498070326305,389.4287587311305,16.653728876764706
7668.0,11.888273844346813,389.4258099400105,16.653460666494254
7669.0,10.983649861921027,389.4224415957546,16.653192371940786
7670.0,11.379032728598347,389.419329561627,16.652923993129328
7671.0,11.149748089141367,389.416105502354,16.652655530084918
7672.0,10.960768739500306,389.412946407062,16.6523869828326
7673.0,11.406118225532671,389.40984085591913,16.652118351397426
7674.0,10.773318349558862,389.40660912242197,16.65184963580446
7675.0,11.25678144648564,389.40355668222287,16.651580836078764
7676.0,10.480026211120876,389.400367260813,16.651311952245422
7677.0,10.937355964077616,389.39739792005327,16.65104298432951
7678.0,11.0563051521127,389.39429900253003,16.65077393235612
7679.0,10.83415462521785,389.39116638273697,16.65050479635036
7680.0,12.30674826995371,389.38809670559317,16.650235576337334
7681.0,11.138931555815526,389.3846097935833,16.64996627234215
7682.0,11.554573993028493,389.38145376297587,16.649696884389943
7683.0,11.18348211483036,389.3781799670112,16.649427412505833
7684.0,11.827760061822016,389.3750113137453,16.649157856714965
7685.0,9.337790287010751,389.3716601150611,16.648888217042483
7686.0,12.10855548966459,389.3690144078131,16.648618493513542
7687.0,11.035797891577955,389.36558365042436,16.64834868615331
7688.0,10.590418508822825,389.36245684102175,16.648078794986947
7689.0,10.841735501774442,389.35945622244424,16.647808820039636
7690.0,14.000437562193326,389.3563843973854,16.647538761336563
7691.0,10.468167904489102,389.3524176067428,16.64726861890292
7692.0,11.333187648684294,389.34945162583654,16.646998392763912
7693.0,11.00542145314193,389.3462405560027,16.646728082944744
7694.0,10.806129361258778,389.3431223532576,16.646457689470637
7695.0,11.220358688879916,389.34006061660534,16.646187212366808
7696.0,13.215961035366158,389.3368815149768,16.645916651658496
7697.0,11.81846068307082,389.3331369926834,16.645646007370946
7698.0,11.931000251319299,389.32978842882324,16.645375279529393
7699.0,11.980451845623461,389.326407978752,16.645104468159104
7700.0,11.701533714796545,389.32301351739574,16.64483357328534
7701.0,12.630439172712776,389.3196980828432,16.64456259493337
7702.0,11.338490036557905,389.316119458411,16.644291533128474
7703.0,11.085240354617932,389.312906886234,16.644020387895942
7704.0,13.50708865591607,389.30976606813346,16.643749159261066
7705.0,11.361154918477784,389.30593905968095,16.643477847249148
7706.0,12.06762932429039,389.3027200657874,16.643206451885504
7707.0,11.606212422123699,389.29930090414547,16.642934973195445
7708.0,10.431541162274927,389.29601247729255,16.642663411204296
7709.0,10.58217588158745,389.2930568739632,16.642391765937404
7710.0,10.582744660638507,389.2900585907968,16.642120037420096
7711.0,12.798252963137575,389.2870601464763,16.64184822567773
7712.0,13.54806677487285,389.2834339748034,16.641576330735653
7713.0,11.926624231902966,389.2795953558839,16.641304352619244
7714.0,9.619677747474519,389.2762161456848,16.641032291353866
7715.0,10.790886860504914,389.273490570323,16.6407601469649
7716.0,11.24091128356576,389.2704331523792,16.64048791947774
7717.0,10.649164463600568,389.26724822751555,16.640215608917774
7718.0,11.610679779601275,389.2642309642508,16.639943215310407
7719.0,11.308148179076854,389.26094127164663,16.63967073868106
7720.0,11.458885250718911,389.25773729632925,16.63939817905514
7721.0,12.007260247410033,389.25449061217483,16.639125536458078
7722.0,11.817736331721283,389.2510885551048,16.63885281091531
7723.0,12.044457314351373,389.2477401964774,16.638580002452276
7724.0,11.756968230646084,389.2443276002384,16.638307111094427
7725.0,11.70905466054368,389.24099645923974,16.638034136867223
7726.0,9.908548837751319,389.23767889375256,16.63776107979613
7727.0,10.649304419827878,389.23487147158187,16.637487939906613
7728.0,11.969642673870506,389.2318541686629,16.63721471722417
7729.0,11.05519423301815,389.22846276990526,16.636941411774266
7730.0,12.333203250607799,389.2253304648726,16.636668023582416
7731.0,10.3441300232315,389.221836057285,16.63639455267412
7732.0,11.406176154097736,389.21890522044504,16.636120999074883
7733.0,9.925183943781843,389.21567347053474,16.63584736281023
7734.0,11.789904962108038,389.21286133508397,16.63557364390569
7735.0,11.233434162582347,389.2095208620114,16.6352998423868
7736.0,10.910202421897134,389.20633805566536,16.63502595827909
7737.0,10.917200814388828,389.2032468316458,16.634751991608127
7738.0,10.872966880149129,389.2001536247484,16.634477942399457
7739.0,12.926311379880692,389.19707295079905,16.63420381067865
7740.0,12.088476176288822,389.19341049590804,16.63392959647128
7741.0,12.593386277965731,389.1899854276581,16.63365529980293
7742.0,10.378622137002012,389.18641730154604,16.63338092069918
7743.0,12.022205544898892,389.18347669194054,16.633106459185637
7744.0,11.63423923488112,389.18007040036946,16.6328319152879
7745.0,10.829155145751416,389.1767740325863,16.63255728903158
7746.0,11.043267244649694,389.17370577196164,16.632282580442308
7747.0,11.294784642265103,389.17057684624234,16.632007789545693
7748.0,10.93689420585929,389.1673766572604,16.631732916367383
7749.0,11.00494678842955,389.1642778705687,16.631457960933016
7750.0,12.452906815706068,389.161159802312,16.63118292326824
7751.0,10.159343229377626,389.15763147871417,16.63090780339872
7752.0,10.77614439194687,389.15475299813255,16.63063260135012
7753.0,10.58693722960986,389.15169975722154,16.63035731714811
7754.0,10.46710996588647,389.1487001250065,16.63008195081837
7755.0,11.257670699091783,389.14573444384945,16.62980650238659
7756.0,10.456390907860655,389.1425447704847,16.62953097187847
7757.0,11.006166025781411,389.13958212639415,16.629255359319707
7758.0,11.950493300076346,389.13646371268686,16.628979664736022
7759.0,11.233417528144656,389.13307773958513,16.628703888153126
7760.0,11.807485281437536,389.12989493795214,16.628428029596755
7761.0,10.05853857307886,389.1265494837891,16.62815208909263
7762.0,10.452463862660863,389.1236995645267,16.627876066666502
7763.0,11.159035400956988,389.120738033099,16.627599962344124
7764.0,11.227663707918415,389.11757630640204,16.627323776151243
7765.0,10.858527065723994,389.11439513501807,16.627047508113634
7766.0,11.636916863502057,389.11131855234953,16.62677115825707
7767.0,12.209791259128027,389.10802142590484,16.626494726607326
7768.0,9.692168148430557,389.10456198504806,16.62621821319019
7769.0,11.577924196831994,389.10181587073936,16.625941618031458
7770.0,11.33915296587845,389.09853545888353,16.625664941156934
7771.0,10.974191198009013,389.0953226988766,16.62538818259243
7772.0,11.306003610487531,389.0922133447038,16.62511134236377
7773.0,10.530415292440741,389.08900997701414,16.62483442049677
7774.0,12.98152168744846,389.086026359348,16.624557417017268
7775.0,10.177346176426346,389.08234826153654,16.62428033195111
7776.0,11.11978931558485,389.0794646801199,16.624003165324133
7777.0,13.53491451219632,389.07631407314716,16.623725917162208
7778.0,10.787105869278843,389.07247918070203,16.62344858749119
7779.0,11.468172387483932,389.0694228340391,16.62317117633695
7780.0,10.707689669607586,389.06617351852924,16.622893683725373
7781.0,11.706598487595613,389.06313967312286,16.622616109682344
7782.0,10.990169905477417,389.0598228035514,16.62233845423376
7783.0,11.939344334556926,389.0567089220782,16.622060717405517
7784.0,9.841369941329651,389.05332610785007,16.62178289922353
7785.0,11.522004956135678,389.05053771970006,16.621504999713714
7786.0,10.77698318543932,389.04727315162916,16.621227018901997
7787.0,10.969706433200802,389.04421967305996,16.62094895681431
7788.0,11.263630117772804,389.0411115895705,16.620670813476586
7789.0,12.063040227200307,389.0379202277038,16.620392588914786
7790.0,11.024014180905825,389.0345023663061,16.620114283154855
7791.0,11.261703546792479,389.03137889562146,16.61983589622276
7792.0,11.25984219822391,389.0281880796166,16.61955742814447
7793.0,11.868659999486225,389.0249977909938,16.61927887894597
7794.0,11.094614736032355,389.02163500399394,16.619000248653233
7795.0,12.035720665341978,389.0184915298187,16.61872153729226
7796.0,10.915284755097918,389.0150814089635,16.61844274488905
7797.0,11.856698770085032,389.01198874494963,16.618163871469616
7798.0,10.247287424839348,389.0086293469647,16.617884917059968
7799.0,13.216470149118729,389.005725948861,16.617605881686124
7800.0,11.176096253023184,389.0019812823188,16.61732676537413
7801.0,10.856397434344158,388.99881472171376,16.617047568150014
7802.0,10.807195940639645,388.99573874244066,16.616768290039825
7803.0,11.895778611797276,388.9926767035908,16.616488931069615
7804.0,12.160286725802216,388.9893062329842,16.616209491265447
7805.0,11.06661058534686,388.9858608184118,16.615929970653387
7806.0,9.648605068696169,388.982725278746,16.61565036925952
7807.0,12.093179321737306,388.9799915073098,16.615370687109912
7808.0,11.635096555566205,388.97656510650205,16.615090924230675
7809.0,11.822327440322256,388.9732684958113,16.614811080647893
7810.0,10.4482664708087,388.96991883636986,16.614531156387677
7811.0,11.50137465732752,388.96695849420314,16.614251151476143
7812.0,10.239425527913975,388.9636997713835,16.613971065939413
7813.0,10.990309237824192,388.96079860081727,16.613690899803608
7814.0,11.551116723575957,388.9576846798666,16.613410653094874
7815.0,11.632291673928647,388.9544118634616,16.61313032583935
7816.0,9.057905153038735,388.9511160474873,16.612849918063187
7817.0,11.905504337616359,388.9485496410273,16.612569429792547
7818.0,9.866292416085917,388.9451764147983,16.6122888610536
7819.0,11.031852290479458,388.94238096528045,16.612008211872507
7820.0,10.390500881986542,388.9392552737981,16.61172748227546
7821.0,10.32026964923043,388.9363112985482,16.611446672288643
7822.0,10.19091775316756,388.93338722214764,16.61116578193826
7823.0,10.637394306327554,388.9304997954509,16.610884811250507
7824.0,11.348323437272475,388.9274858670641,16.6106037602516
7825.0,10.026539392863757,388.9242705087569,16.610322628967754
7826.0,10.543646488735108,388.9214296559289,16.6100414174252
7827.0,11.870123509073629,388.91844228942375,16.60976012565017
7828.0,11.569831472717384,388.9150790877629,16.609478753668906
7829.0,12.203089854115268,388.91180096884557,16.609197301507653
7830.0,11.623368822660682,388.90834342672025,16.608915769192674
7831.0,11.074386929156466,388.9050501388872,16.608634156750227
7832.0,11.53972737467781,388.9019123959239,16.60835246420659
7833.0,11.73068311917988,388.8986428065011,16.608070691588033
7834.0,11.083803503416712,388.89531911295063,16.607788838920847
7835.0,11.777348493377245,388.89217870195796,16.60750690623133
7836.0,11.722146784027725,388.88884178655155,16.607224893545776
7837.0,11.108926317351742,388.8855205116294,16.606942800890497
7838.0,9.994841161350815,388.8823729825062,16.606660628291813
7839.0,10.704099070503926,388.8795411108438,16.60637837577604
7840.0,11.441340912238656,388.87650828277384,16.60609604336951
7841.0,11.598589055089505,388.87326656951535,16.605813631098567
7842.0,10.515728530409612,388.8699803026164,16.60553113898956
7843.0,11.036333738087253,388.86700084619946,16.605248567068827
7844.0,9.913411843919517,388.86387388497366,16.60496591536274
7845.0,11.106718918440935,388.86106508495124,16.60468318389767
7846.0,10.944819146727045,388.8579181812577,16.604400372699992
7847.0,11.254684296284957,388.854817149166,16.604117481796077
7848.0,8.933298830741458,388.8516283219488,16.60383451121233
7849.0,12.233572910275653,388.84909722061343,16.60355146097514
7850.0,10.163212455925263,388.8456310416222,16.603268331110918
7851.0,9.992204318060455,388.8427514647596,16.60298512164608
7852.0,12.317042838483538,388.83992034020287,16.60270183260703
7853.0,9.90543391529201,388.8364305113986,16.602418464020214
7854.0,11.108968658889388,388.83362397178934,16.602135015912058
7855.0,11.08359855933592,388.8304764306693,16.60185148830901
7856.0,11.053227354474885,388.8273360777441,16.601567881237514
7857.0,10.661217777429401,388.82420432999373,16.601284194724034
7858.0,11.990033379088299,388.82118365162347,16.60100042879503
7859.0,12.120087884121988,388.81778647549936,16.600716583476974
7860.0,11.884457084000058,388.81435245059885,16.600432658796343
7861.0,11.276842533743386,388.8109851877584,16.600148654779634
7862.0,10.649584416804524,388.80779008237386,16.59986457145333
7863.0,10.382299732000432,388.80477270012244,16.599580408843945
7864.0,11.25046169805257,388.80183104853165,16.59929616697798
7865.0,14.351590310365957,388.79864341771724,16.599011845881954
7866.0,10.845617845867512,388.794577133796,16.59872744558239
7867.0,12.319869716795083,388.7915042087397,16.598442966105818
7868.0,10.823629391548781,388.7880135789865,16.598158407478778
7869.0,10.15368333906877,388.7849468839923,16.597873769727823
7870.0,11.924239926034984,388.7820700070462,16.597589052879496
7871.0,12.0026512963825,388.7786914724005,16.59730425696036
7872.0,10.795570186612693,388.7752907211999,16.59701938199699
7873.0,12.766200873862964,388.77223197631366,16.596734428015957
7874.0,11.285074997701791,388.7686148860661,16.596449395043845
7875.0,12.025297819554535,388.76541744815006,16.596164283107242
7876.0,12.945691605565296,388.76201028043454,16.59587909223275
7877.0,11.740973348167946,388.75834233447955,16.595593822446975
7878.0,13.55023943214615,388.7550157253643,16.595308473776523
7879.0,11.268845664625545,388.7511764908585,16.595023046248016
7880.0,10.483009627692404,388.7479836512535,16.594737539888087
7881.0,11.353460538994797,388.7450134651923,16.594451954723365
7882.0,10.978707034958278,388.7417966513729,16.594166290780493
7883.0,10.240560850526176,388.738686017713,16.593880548086123
7884.0,9.331353468318383,388.735784525472,16.593594726666907
7885.0,10.77919734518507,388.7331406419894,16.593308826549514
7886.0,11.424540596476461,388.73008653607485,16.59302284776061
7887.0,11.759546880001926,388.7268495829059,16.59273679032688
7888.0,10.840938331869317,388.7235177112899,16.592450654275005
7889.0,11.404910455700364,388.7204461120959,16.59216443963168
7890.0,10.627650350973868,388.7172147208001,16.591878146423607
7891.0,12.011024628689484,388.71420355320066,16.59159177467749
7892.0,11.963197878890556,388.7108004295559,16.59130532442005
7893.0,11.302389608936501,388.7074108568235,16.591018795678007
7894.0,10.042083808824444,388.704208513101,16.590732188478093
7895.0,10.286148783216678,388.70136325602175,16.590445502847036
7896.0,13.108150834778765,388.6984488471999,16.590158738811592
7897.0,10.75509108947898,388.6947348711301,16.589871896398506
7898.0,11.862735687208895,388.69168759532135,16.589584975634544
7899.0,12.104157749960603,388.68832648687663,16.589297976546465
7900.0,11.668535832191251,388.68489697551416,16.58901089916105
7901.0,11.739243361412802,388.6815908903617,16.588723743505078
7902.0,12.813843976219406,388.6782647714093,16.58843650960533
7903.0,11.532493889470524,388.6746341822827,16.588149197488615
7904.0,9.973867851693615,388.6713666423474,16.587861807181724
7905.0,11.903782374433836,388.6685407131227,16.587574338711473
7906.0,11.178263588390307,388.6651679747833,16.58728679210468
7907.0,11.3884482307371,388.6620008000999,16.58699916738817
7908.0,10.44230448542749,388.6587740731012,16.586711464588774
7909.0,10.78903671324625,388.65581542016366,16.586423683733333
7910.0,11.891683983211038,388.6527585264283,16.58613582484869
7911.0,11.830950098990654,388.6493892159664,16.5858478879617
7912.0,12.328024520700652,388.6460371134383,16.58555987309923
7913.0,10.184449702023246,388.6425441731575,16.585271780288142
7914.0,10.394893507050112,388.6396585790752,16.58498360955532
7915.0,11.802974893624457,388.63671335924823,16.584695360927633
7916.0,11.88919378850819,388.6333691830284,16.584407034431987
7917.0,11.188070855726517,388.6300005781216,16.584118630095272
7918.0,12.21400788129623,388.6268306247125,16.583830147944393
7919.0,11.18230187329358,388.62336998914617,16.583541588006263
7920.0,10.72931111778188,388.62020167028203,16.583252950307802
7921.0,11.628883761687117,388.6171616987987,16.582964234875938
7922.0,11.840057060240701,388.61386684839954,16.5826754417376
7923.0,12.59184926981591,388.6105121655658,16.582386570919734
7924.0,11.251617522827473,388.6069444749394,16.58209762244929
7925.0,10.677066212022394,388.6037565166412,16.58180859635322
7926.0,11.170794938513172,388.60073134788115,16.581519492658483
7927.0,12.070539402180923,388.59756628931524,16.58123031139206
7928.0,10.8263549216752,388.59414630315126,16.58094105258092
7929.0,11.123002565857732,388.5910788359235,16.580651716252053
7930.0,9.919894355752142,388.5879273185298,16.580362302432444
7931.0,11.197687601885793,388.5851166817957,16.580072811149098
7932.0,11.289303601414218,388.58194400364187,16.57978324242902
7933.0,11.851481932556858,388.5787453676214,16.579493596299223
7934.0,11.787866480639321,388.5753874477406,16.57920387278673
7935.0,11.771936126763606,388.5720475522377,16.57891407191856
7936.0,10.571102470255955,388.5687121703351,16.578624193721765
7937.0,10.802158931546785,388.5657170246352,16.578334238223373
7938.0,12.523995924397651,388.5626564129379,16.578044205450443
7939.0,11.148650321350312,388.55910794742607,16.57775409543002
7940.0,11.557286757062622,388.55594916316824,16.57746390818918
7941.0,10.84824239678062,388.5526745985871,16.57717364375499
7942.0,11.701845326245042,388.549600929908,16.576883302154528
7943.0,11.39469633250477,388.5462854070656,16.57659288341488
7944.0,11.766669732975137,388.54305690977134,16.57630238756314
7945.0,10.642061854702012,388.5397230200137,16.57601181462641
7946.0,11.349040271486835,388.5367077691549,16.575721164631787
7947.0,10.815853511888625,388.53349220774464,16.575430437606396
7948.0,11.189120492025442,388.5304277159163,16.575139633577354
7949.0,11.78060856328055,388.52725746511015,16.574848752571796
7950.0,10.223431849512668,388.52391962601723,16.57455779461685
7951.0,10.999867206012299,388.5210229869932,16.574266759739665
7952.0,11.770191266104288,388.5179063579515,16.573975647967384
7953.0,11.020815437841177,388.5145714704261,16.573684459327175
7954.0,11.606610052737857,388.51144890605207,16.573393193846194
7955.0,12.326533879444165,388.5081603665371,16.573101851551616
7956.0,11.66582744017287,388.50466784860464,16.57281043247062
7957.0,10.563786149913899,388.5013625308299,16.572518936630395
7958.0,11.217425078386485,388.49836945808744,16.57222736405813
7959.0,11.87280907662406,388.4951911876486,16.571935714781027
7960.0,11.67553809361689,388.4918272250768,16.571643988826295
7961.0,11.599743536572742,388.4885191559503,16.571352186221148
7962.0,11.160625753840762,388.4852325619483,16.571060306992806
7963.0,10.86261652785888,388.4820703846514,16.570768351168503
7964.0,11.186208318559725,388.47899264330186,16.57047631877547
7965.0,12.17993027370006,388.47582321761155,16.570184209840953
7966.0,11.625195617870656,388.4723722373673,16.5698920243922
7967.0,10.362173141036285,388.46907843194225,16.569599762456473
7968.0,10.05965050430315,388.46614248288563,16.569307424061037
7969.0,12.499712937999604,388.46329224857607,16.56901500923316
7970.0,10.90634276149919,388.45975066324365,16.568722518000122
7971.0,11.539781536512681,388.45666053279456,16.568429950389213
7972.0,11.940437579242298,388.45339092802584,16.568137306427722
7973.0,9.89091049710942,388.4500078040451,16.56784458614295
7974.0,11.811273954764031,388.44720537940424,16.567551789562206
7975.0,11.631301432579955,388.4438588517837,16.567258916712806
7976.0,10.455329882657102,388.44056331637785,16.566965967622068
7977.0,12.260827299851035,388.43760097291107,16.566672942317325
7978.0,11.315453115328296,388.4341270718428,16.566379840825906
7979.0,10.574309761346635,388.43092102679344,16.566086663175167
7980.0,12.43927968470179,388.42792497236104,16.565793409392445
7981.0,10.458098933069529,388.42440050978377,16.565500079505107
7982.0,13.05928001202954,388.4214373817527,16.565206673540512
7983.0,11.414458898795774,388.417737252416,16.564913191526035
7984.0,11.39935313491927,388.414503155728,16.56461963348905
7985.0,11.219455330727087,388.4112733390064,16.564325999456948
7986.0,11.951195221791455,388.40809449332943,16.564032289457117
7987.0,11.923006716839504,388.40470832134986,16.563738503516955
7988.0,10.837635859862443,388.4013301361135,16.56344464166388
7989.0,9.692080405570394,388.3982594726198,16.5631507039253
7990.0,10.257590525835948,388.3955133831716,16.56285669032863
7991.0,13.569545923664343,388.392607065856,16.56256260090131
7992.0,11.921845882708162,388.3887623611776,16.562268435670767
7993.0,11.836127034604944,388.3853845048441,16.561974194664444
7994.0,10.30541026783093,388.38203093551766,16.561679877909793
7995.0,11.340285619072672,388.37911106927515,16.56138548543427
7996.0,9.370724998756414,388.3758979883498,16.561091017265337
7997.0,11.430335030836897,388.37324294960007,16.560796473430468
7998.0,10.693456174980323,388.3700043546747,16.56050185395714
7999.0,12.469334399848377,388.3669745420917,16.56020715887283
8000.0,12.2261019101697,388.3634415640118,16.559912388205042
8001.0,9.543674077211213,388.35997750180394,16.559617541981268
8002.0,10.031320224556332,388.3572734608154,16.55932262022901
8003.0,10.951454530983183,388.35443125341845,16.55902762297579
8004.0,13.223886388435957,388.3513283413013,16.558732550249125
8005.0,11.002835638020851,388.3475815734913,16.55843740207654
8006.0,11.785470867648487,388.3444641033938,16.55814217848557
8007.0,13.424138515267966,388.341124886648,16.55784687950376
8008.0,11.966643889874863,388.3373213807353,16.55755150515865
8009.0,11.214407196535625,388.33393083163315,16.5572560554778
8010.0,10.064569797101994,388.33075341626085,16.556960530488777
8011.0,12.089015649459585,388.3279017881516,16.55666493021914
8012.0,12.02516181311178,388.32447656705097,16.55636925469647
8013.0,11.592273564151037,388.32106943787056,16.55607350394835
8014.0,11.487268491624464,388.31778496036077,16.55577767800238
8015.0,10.675167920012239,388.3145302342881,16.55548177688614
8016.0,11.344432849504628,388.31150560337744,16.555185800627243
8017.0,11.81293262021882,388.3082913474034,16.554889749253302
8018.0,11.654854202078484,388.3049443498277,16.554593622791938
8019.0,11.892023076145282,388.30164214113705,16.554297421270764
8020.0,12.238111686491697,388.29827273459875,16.554001144717425
8021.0,10.557148843494517,388.294805269621,16.553704793159554
8022.0,11.649789596956758,388.29181407744863,16.5534083666248
8023.0,10.56903657751231,388.28851330372953,16.553111865140814
8024.0,11.029773353447814,388.28551874336586,16.55281528873526
8025.0,11.306584294579425,388.2823936409157,16.5525186374358
8026.0,10.755409869655951,388.2791901086989,16.552221911270113
8027.0,10.310176637491208,388.27614274256916,16.551925110265877
8028.0,9.236854666563566,388.2732215258552,16.551628234450785
8029.0,12.349723620046788,388.27060441703304,16.551331283852527
8030.0,11.223816177761353,388.26710532867406,16.55103425849881
8031.0,12.07590523258177,388.26392524742363,16.550737158417338
8032.0,12.721566591213803,388.26050374094103,16.550439983635833
8033.0,11.162735073583757,388.2568992970736,16.55014273418201
8034.0,11.370001326578707,388.2537365221361,16.549845410083606
8035.0,10.864552371513788,388.2505150217602,16.549548011368355
8036.0,11.452904250534955,388.2474367319216,16.54925053806401
8037.0,11.631297263970882,388.24419174238386,16.548952990198305
8038.0,10.341217610044756,388.2408962081591,16.548655367799014
8039.0,10.525213299619956,388.23796619650295,16.548357670893893
8040.0,12.242298870235922,388.2349840527347,16.548059899510715
8041.0,11.436279368222285,388.23151540138815,16.54776205367726
8042.0,11.48017418632065,388.2282751222338,16.54746413342131
8043.0,10.250921300220963,388.22502240621435,16.54716613877067
8044.0,11.294473114952616,388.2221179785126,16.546868069753128
8045.0,10.542188838943252,388.2189178777967,16.54656992639649
8046.0,11.323842848770841,388.2159309242923,16.546271708728575
8047.0,11.496599264608834,388.21272250215185,16.545973416777205
8048.0,11.306292474543278,388.2094651323602,16.5456750505702
8049.0,11.694631495353663,388.20626168282575,16.5453766101354
8050.0,11.92828379418201,388.20294820390205,16.54507809550064
8051.0,11.987060695245258,388.1995685234937,16.54477950669378
8052.0,11.000174306122386,388.1961721896301,16.544480843742665
8053.0,11.738682686969565,388.19305547357663,16.544182106675155
8054.0,11.189848167900118,388.189729513482,16.543883295519127
8055.0,11.134535956936025,388.1865590565011,16.543584410302458
8056.0,11.006569024651288,388.18340427131324,16.543285451053023
8057.0,11.75399028751297,388.180285743423,16.542986417798712
8058.0,11.392067733905861,388.1769554461748,16.54268731056743
8059.0,11.771260062199927,388.1737276936503,16.54238812938707
8060.0,10.936130954461941,388.1703925032993,16.542088874285547
8061.0,11.89659912006089,388.16729393286215,16.541789545290783
8062.0,11.496121602608898,388.16392322977816,16.541490142430693
8063.0,11.76869306744762,388.1606659953241,16.541190665733215
8064.0,12.085694126573298,388.1573315322883,16.54089111522628
8065.0,10.734686390053195,388.1539072522858,16.540591490937846
8066.0,11.4834615185563,388.15086575780856,16.54029179289585
8067.0,10.530394786459638,388.14761211037836,16.539992021128256
8068.0,10.905706070252467,388.1446284985222,16.53969217566303
8069.0,11.294200767897125,388.14153854846893,16.539392256528146
8070.0,11.477543579408959,388.1383385249181,16.539092263751584
8071.0,11.09750294797004,388.1350865542372,16.538792197361325
8072.0,10.282728639847072,388.1319422617353,16.538492057385362
8073.0,10.581129596612215,388.12902882195397,16.5381918438517
8074.0,10.222282678013247,388.1260308352349,16.537891556788338
8075.0,11.428826469937837,388.1231345218095,16.5375911962233
8076.0,11.396453945467336,388.1198963543097,16.5372907621846
8077.0,10.174095730344822,388.11666735902514,16.536990254700264
8078.0,12.736203240423496,388.1137846985682,16.536689673798325
8079.0,9.470692296036741,388.1101761076501,16.53638901950683
8080.0,11.908235895232622,388.10749274483294,16.536088291853826
8081.0,11.272030663900301,388.10411874466257,16.535787490867364
8082.0,10.479714201635614,388.1009250026412,16.535486616575508
8083.0,12.198362212880433,388.0979557502841,16.53518566900632
8084.0,12.854578569453222,388.094499547657,16.534884648187884
8085.0,12.036715814968277,388.0908574170624,16.534583554148277
8086.0,10.987717982799944,388.08744701424814,16.53428238691559
8087.0,12.059618628373814,388.0843338274864,16.533981146517917
8088.0,10.42447494647017,388.0809169355416,16.53367983298336
8089.0,10.828515197282288,388.07796333430684,16.53337844634003
8090.0,9.584765054658506,388.0748952550009,16.533076986616038
8091.0,12.33330627006999,388.07217957156877,16.532775453839516
8092.0,11.493549967821242,388.06868513479225,16.53247384803859
8093.0,11.271360193736122,388.06542862896805,16.53217216924139
8094.0,11.826326794796934,388.0622350769131,16.53187041747607
8095.0,10.145235488046037,388.05888428432127,16.53156859277077
8096.0,12.295083053927451,388.056009800933,16.531266695153658
8097.0,10.58125437542157,388.05252619406775,16.530964724652886
8098.0,11.060441200466958,388.04952817199467,16.530662681296633
8099.0,10.542323665801021,388.04639438032126,16.530360565113075
8100.0,10.63060715689452,388.043407388616,16.53005837613039
8101.0,11.587879241394957,388.0403953832548,16.529756114376777
8102.0,9.97482990357784,388.0371121508031,16.52945377988043
8103.0,12.03162564581952,388.0342859489971,16.529151372669553
8104.0,10.977688120551141,388.0308769883975,16.528848892772356
8105.0,12.101523351883785,388.02776664342997,16.528546340217062
8106.0,11.46913122125523,388.0243378784803,16.52824371503189
8107.0,12.013287732635119,388.02108829130094,16.52794101724508
8108.0,9.25719529201063,388.01768452644325,16.527638246884862
8109.0,10.195635670032718,388.0150616544439,16.527335403979485
8110.0,11.360092870906728,388.01217289100407,16.5270324885572
8111.0,11.100578039329205,388.00895419802396,16.526729500646265
8112.0,11.743588460341075,388.00580903424617,16.526426440274946
8113.0,11.630559793168048,388.0024816841823,16.526123307471515
8114.0,11.926522878379297,387.99918635890765,16.525820102264255
8115.0,10.628305732307183,387.99580717742543,16.525516824681443
8116.0,12.066299069176884,387.99279582413465,16.525213474751382
8117.0,10.993975231480151,387.9893770393984,16.52491005250236
8118.0,11.098329008936243,387.9862620797494,16.524606557962695
8119.0,12.455187274492733,387.9831175531969,16.52430299116069
8120.0,11.271616487450157,387.97958858346914,16.52399935212467
8121.0,11.013309429092043,387.97639495879764,16.523695640882956
8122.0,13.022199906993501,387.97327452112614,16.52339185746389
8123.0,11.48466944925997,387.9695848978191,16.5230880018958
8124.0,11.005081009342362,387.96633090814186,16.522784074207046
8125.0,10.369472690969014,387.9632128018559,16.522480074425964
8126.0,11.181252739240263,387.9602747845934,16.52217600258093
8127.0,11.84236773092701,387.9571067629839,16.5218718587003
8128.0,11.57994823937051,387.9537514254602,16.521567642812453
8129.0,10.733897615822524,387.9504704401257,16.52126335494577
8130.0,10.666306561635917,387.9474291691345,16.520958995128634
8131.0,11.81623671174903,387.944407048942,16.52065456338944
8132.0,11.833116572417046,387.94105911520705,16.52035005975658
8133.0,12.739743000142514,387.9377063988449,16.520045484258475
8134.0,10.464233442409544,387.93409680499485,16.519740836923532
8135.0,10.970871193925145,387.93113193885284,16.519436117780174
8136.0,10.532266512304387,387.9280235253479,16.51913132685682
8137.0,10.756206775381989,387.92503938316935,16.51882646418191
8138.0,11.825375793196926,387.92199179124975,16.518521529783886
8139.0,10.826600720461254,387.9186412681083,16.51821652369119
8140.0,11.88813786143457,387.9155737312375,16.517911445932278
8141.0,10.575269175757244,387.9122054255101,16.51760629653561
8142.0,9.657117074687157,387.90920909924364,16.51730107552966
8143.0,11.489974348971856,387.90647291607246,16.516995782942885
8144.0,13.901879059679574,387.90321742334027,16.516690418803783
8145.0,11.207987739254778,387.8992785576067,16.516384983140835
8146.0,11.528215596008897,387.89610296108054,16.51607947598253
8147.0,11.959212202340433,387.89283663332833,16.515773897357374
8148.0,11.26292048249791,387.8894481898711,16.51546824729387
8149.0,11.517640373704905,387.8862570290677,16.515162525820536
8150.0,11.573489332104282,387.8829936976285,16.514856732965892
8151.0,11.02811242314324,387.8797145423177,16.514550868758466
8152.0,11.121559478556463,387.8765899104645,16.514244933226784
8153.0,12.041369887495614,387.87343880194555,16.513938926399398
8154.0,11.752080753916132,387.8700270804774,16.513632848304848
8155.0,11.429425304625964,387.86669732426384,16.51332669897168
8156.0,10.148251941173534,387.8634589870942,16.513020478428473
8157.0,10.803274856488745,387.8605836490442,16.512714186703786
8158.0,11.79548311296503,387.85752272116815,16.512407823826187
8159.0,11.211287650941246,387.8541806676195,16.51210138982426
8160.0,10.451795488208546,387.8510041361184,16.511794884726594
8161.0,10.970890354008189,387.8480427940634,16.511488308561777
8162.0,10.689498699214585,387.84493437512975,16.51118166135842
8163.0,11.405009474622734,387.8419056838316,16.510874943145115
8164.0,10.32262124246514,387.8386742644805,16.510568153950487
8165.0,9.666202402891194,387.83574952179515,16.510261293803154
8166.0,10.243547036387678,387.8330107644477,16.50995436273174
8167.0,9.672265927315316,387.83010842612066,16.50964736076488
8168.0,13.067349214240187,387.82736795077466,16.509340287931217
8169.0,11.278717606403571,387.8236655351639,16.50903314425939
8170.0,10.528095241735254,387.82046989850875,16.508725929778056
8171.0,11.964311252717668,387.81748693819026,16.508418644515874
8172.0,10.733139965192423,387.814097050002,16.508111288501514
8173.0,11.707123513260992,387.8110559936785,16.507803861763648
8174.0,10.453652631034394,387.80773897534976,16.507496364330947
8175.0,10.3324041489326,387.8047771071043,16.50718879623211
8176.0,12.412789098785414,387.80184959259543,16.50688115749582
8177.0,9.897844394278087,387.7983326356841,16.506573448150785
8178.0,12.490516619249522,387.79552824643906,16.5062656682257
8179.0,11.230756793708503,387.7919892667303,16.505957817749287
8180.0,11.29887779545294,387.78880721897207,16.50564989675026
8181.0,10.99633983653261,387.78560587026334,16.505341905257346
8182.0,10.040069135916687,387.782490240643,16.505033843299277
8183.0,11.996431029841823,387.7796455543878,16.504725710904797
8184.0,10.787048099074704,387.776246565596,16.50441750810264
8185.0,10.551845506609205,387.77319023530134,16.50410923492157
8186.0,11.10534522143875,387.7702005457411,16.50380089139034
8187.0,9.899645412163549,387.7670540312617,16.503492477537712
8188.0,12.916732485240939,387.76424913172826,16.503183993392465
8189.0,11.337186099982551,387.76058939085743,16.50287543898337
8190.0,11.531442119466963,387.75737718812906,16.502566814339215
8191.0,12.12155269209691,387.75410994619523,16.502258119488793
8192.0,12.720086654386078,387.7506755062658,16.501949354460898
8193.0,10.472713409435599,387.7470714817137,16.501640519284337
8194.0,10.142215085153646,387.7441042129144,16.50133161398792
8195.0,12.62360630732394,387.7412305853069,16.501022638600467
8196.0,12.933046339556128,387.73765389685315,16.500713593150795
8197.0,12.037335057206645,387.7339895337237,16.500404477667743
8198.0,11.241400142392106,387.73057895545736,16.50009529218015
8199.0,10.651290430990471,387.72739389208374,16.499786036716845
8200.0,10.527751877802626,387.72437602646164,16.49947671130669
8201.0,11.230213805197003,387.7213931634296,16.49916731597854
8202.0,11.890862575971376,387.7182112695181,16.498857850761258
8203.0,10.838327560460167,387.71484219178825,16.49854831568371
8204.0,10.947866511169247,387.71177133231276,16.498238710774782
8205.0,10.69281210067909,387.7086694368013,16.497929036063343
8206.0,10.921824466488895,387.70563980670613,16.497619291578292
8207.0,10.751842010082887,387.7025452897739,16.497309477348523
8208.0,11.301945763299763,387.69949893453776,16.496999593402933
8209.0,11.459448335385366,387.69629671657145,16.49668963977044
8210.0,11.409502697230632,387.69304987287643,16.496379616479953
8211.0,11.36279884541832,387.6898171804456,16.496069523560397
8212.0,11.16184152341956,387.6865977207727,16.495759361040694
8213.0,11.619507415183072,387.6834351990077,16.495449128949787
8214.0,10.33735728491814,387.6801430052401,16.49513882731661
8215.0,11.053167812528702,387.6772140873427,16.494828456170115
8216.0,10.473071480034555,387.67408235646246,16.49451801553926
8217.0,12.101326280307463,387.6711149862098,16.494207505452998
8218.0,11.28005191169825,387.667686277097,16.493896925940298
8219.0,11.842318369400944,387.6644902623887,16.493586277030136
8220.0,9.997313978278708,387.6611349388507,16.493275558751495
8221.0,11.647590961657402,387.6583023665569,16.492964771133355
8222.0,12.217425190487734,387.6550022157844,16.492653914204713
8223.0,11.204316917178446,387.65154061198047,16.492342987994565
8224.0,12.422224876398074,387.64836605552057,16.49203199253192
8225.0,10.92516987793629,387.64484642513895,16.49172092784579
8226.0,12.71072404401225,387.64175096034023,16.491409793965197
8227.0,11.559857267820881,387.6381495885277,16.49109859091916
8228.0,11.303761894659713,387.6348742956352,16.490787318736718
8229.0,10.223512783260299,387.6316715630984,16.490475977446902
8230.0,11.604822299877743,387.6287749011431,16.490164567078764
8231.0,12.818331317240883,387.6254868681582,16.489853087661345
8232.0,11.607375450283588,387.62185500761825,16.489541539223715
8233.0,10.531159688474412,387.6185662512407,16.48922992179493
8234.0,11.584646772022408,387.6155824226623,16.488918235404064
8235.0,11.536208878098144,387.6123001060769,16.48860648008019
8236.0,11.04806021268302,387.6090315135614,16.4882946558524
8237.0,11.841599191172735,387.6059012298345,16.487982762749773
8238.0,11.076272631524548,387.6025461100637,16.48767080080141
8239.0,12.676037867286352,387.5994078328181,16.487358770036412
8240.0,11.214582090290397,387.59581628875566,16.487046670483892
8241.0,10.93314174765023,387.5926388238301,16.48673450217296
8242.0,11.020812223937535,387.58954110033494,16.486422265132745
8243.0,11.760301888299269,387.58641853687146,16.486109959392373
8244.0,11.868381633031682,387.58308645133644,16.485797584980975
8245.0,10.750608083045348,387.5797237432071,16.48548514192769
8246.0,11.980982706266902,387.57667773758357,16.485172630261676
8247.0,10.931468259172764,387.5732831258168,16.484860050012074
8248.0,12.02730901347326,387.5701858764767,16.484547401208058
8249.0,10.171590480987613,387.56677813892287,16.484234683878785
8250.0,11.893420914116042,387.5638961882866,16.48392189805343
8251.0,10.078109110698588,387.5605263856943,16.483609043761177
8252.0,12.17944223302456,387.5576709214463,16.483296121031202
8253.0,10.846012861241233,387.5542200794803,16.48298312989271
8254.0,11.570551808475669,387.55114704250286,16.48267007037489
8255.0,12.317394064521737,387.5478687194905,16.482356942506946
8256.0,11.308436337278795,387.5443787911722,16.4820437463181
8257.0,10.392875991271305,387.54117473420996,16.48173048183756
8258.0,10.279201822636182,387.53823008601245,16.481417149094554
8259.0,11.110434518117845,387.53531764549604,16.481103748118315
8260.0,10.215987758761763,387.5321696890492,16.480790278938073
8261.0,9.322537582630806,387.52927515918424,16.48047674158308
8262.0,11.73141625787337,387.5266337735358,16.480163136082574
8263.0,11.123407872784638,387.52330987226276,16.479849462465825
8264.0,11.176725584734553,387.5201582400321,16.479535720762083
8265.0,12.36656486815879,387.5169915011165,16.47922191100062
8266.0,12.186670911608966,387.51348764107047,16.478908033210722
8267.0,11.67762501539732,387.51003475097883,16.478594087421655
8268.0,12.296436192971182,387.50672609055783,16.47828007366271
8269.0,11.336330121468135,387.50324210030317,16.47796599196319
8270.0,11.253863491338045,387.50003014010207,16.477651842352383
8271.0,9.74018656268975,387.4968415454462,16.477337624859608
8272.0,10.84283739277431,387.49408182592015,16.47702333951417
8273.0,11.067505563915839,387.49100968865883,16.47670898634539
8274.0,11.569808533780064,387.4878738954157,16.4763945653826
8275.0,11.338438257488141,387.4845957829978,16.47608007665512
8276.0,10.584072581669002,387.4813832254915,16.475765520192294
8277.0,11.351832982090325,387.4783844049267,16.475450896023467
8278.0,11.017157390311771,387.4751680522485,16.475136204177996
8279.0,10.892157673928576,387.4720465243212,16.474821444685226
8280.0,11.380857706613316,387.46896041298027,16.47450661757453
8281.0,11.185765814054859,387.4657358366301,16.474191722875275
8282.0,11.10036237267031,387.4625665363161,16.47387676061684
8283.0,11.256269843461318,387.45942143364385,16.473561730828603
8284.0,11.904170589242547,387.4562321571882,16.473246633539954
8285.0,11.595047555895366,387.4528593088545,16.472931468780292
8286.0,11.071079423084143,387.4495740453803,16.472616236579015
8287.0,10.516168719546025,387.44643723954385,16.472300936965528
8288.0,11.294928170466594,387.44345765840666,16.47198556996925
8289.0,11.513986320377782,387.44025742875834,16.4716701356196
8290.0,11.606647827954424,387.4369951326342,16.471354633946003
8291.0,10.371497612892913,387.4337065824163,16.471039064977894
8292.0,10.276522817303846,387.43076799142597,16.47072342874471
8293.0,11.24882116391895,387.4278563099611,16.470407725275894
8294.0,11.201189293767595,387.42466914396465,16.470091954600907
8295.0,10.651479360957895,387.4214954736647,16.4697761167492
8296.0,12.404915851016579,387.41847755451244,16.46946021175024
8297.0,11.966783933271289,387.4149628283547,16.46914423963349
8298.0,10.52942557620664,387.4115722395736,16.468828200428433
8299.0,12.74977362110228,387.40858890232704,16.46851209416456
8300.0,11.546506363481356,387.40497646646776,16.46819592087134
8301.0,9.842207505351409,387.40170495633134,16.467879680578285
8302.0,11.96002155108683,387.3989163308715,16.4675633733149
8303.0,11.065073514044464,387.39552765809873,16.467246999110678
8304.0,11.460828156415326,387.39239255393636,16.466930557995138
8305.0,11.299516244153866,387.3891453192921,16.46661404999781
8306.0,10.658774626887189,387.3859437896895,16.466297475148206
8307.0,10.198541252594357,387.3829238035452,16.465980833475868
8308.0,11.540125182250097,387.380034216857,16.46566412501034
8309.0,11.72873699688294,387.3767645147221,16.465347349781155
8310.0,10.640514312687765,387.373441372573,16.465030507817875
8311.0,10.495653959139318,387.3704265601844,16.464713599150052
8312.0,9.870937657741926,387.36745279156264,16.46439662380725
8313.0,12.00482343455214,387.36465602589294,16.464079581819046
8314.0,11.772113377273076,387.3612546592531,16.463762473215006
8315.0,11.723298224812726,387.35791922712957,16.463445298024723
8316.0,11.067430545176444,387.3545976259659,16.463128056277778
8317.0,9.933890420486186,387.3514618539781,16.462810748003772
8318.0,11.992266618680127,387.3486472516923,16.462493373232306
8319.0,11.076473231082904,387.34524944281696,16.462175931992984
8320.0,11.45494501808687,387.34211110873485,16.461858424315423
8321.0,12.463012688912528,387.3388655409797,16.461540850229238
8322.0,11.072179161540367,387.33533435405127,16.46122320976406
8323.0,11.160721069058242,387.3321972366221,16.460905502949522
8324.0,13.442424921792725,387.3290350323192,16.460587729815263
8325.0,9.870201366852228,387.3252263452581,16.460269890390922
8326.0,11.627582933775,387.3224297882041,16.45995198470615
8327.0,11.483070915590256,387.31913530637286,16.459634012790616
8328.0,10.02973699577423,387.31588176961344,16.45931597467397
8329.0,10.547908483459205,387.313040010798,16.458997870385886
8330.0,10.511352982953795,387.3100514367277,16.458679699956043
8331.0,11.941318442788571,387.3070732200491,16.458361463414118
8332.0,11.719463437449821,387.30368984649033,16.4580431607898
8333.0,11.561850474554763,387.3003693318498,16.457724792112785
8334.0,10.725294255923522,387.29709347421533,16.457406357412772
8335.0,12.284087662487131,387.2940546408428,16.45708785671947
8336.0,12.096520539902329,387.2905741493384,16.456769290062585
8337.0,11.51670438343664,387.2871468018522,16.45645065747184
8338.0,9.688566320594179,387.28388373561023,16.456131958976965
8339.0,11.896944330077257,387.2811386418194,16.455813194607686
8340.0,10.28807385138129,387.27776784092583,16.45549436439374
8341.0,10.628790869987776,387.274852886668,16.455175468364867
8342.0,9.52366891857627,387.27184139592146,16.454856506550822
8343.0,10.908067679467079,387.2691430230612,16.45453747898136
8344.0,10.699553153524734,387.2660524038854,16.454218385686243
8345.0,9.014113863552097,387.2630208638252,16.45389922669524
8346.0,11.301739671293133,387.2604668648972,16.453580002038116
8347.0,12.598371455023225,387.2572647053237,16.453260711744665
8348.0,11.32727210508076,387.25369516674476,16.45294135584466
8349.0,11.35273934357384,387.2504857729816,16.452621934367905
8350.0,12.113591700372544,387.24726916350096,16.45230244734419
8351.0,10.2276782319874,387.24383697918586,16.451982894803326
8352.0,11.670227562182225,387.2409391370201,16.45166327677512
8353.0,12.505415693464467,387.23763257254416,16.451343593289383
8354.0,10.81746148242236,387.234089371431,16.451023844375953
8355.0,11.675965152303283,387.23102442401097,16.45070403006465
8356.0,11.997762955107204,387.2277162338845,16.450384150385307
8357.0,11.08900022451583,387.2243168677139,16.450064205367767
8358.0,12.91885024267041,387.2211749843169,16.449744195041877
8359.0,10.794464834786975,387.21751464341486,16.449424119437495
8360.0,11.618483006422812,387.21445621171165,16.449103978584482
8361.0,11.802795245554833,387.21116430819313,16.44878377251269
8362.0,11.44668269991791,387.2078201828736,16.448463501252007
8363.0,11.643138696792903,387.2045769561086,16.4481431648323
8364.0,10.349432256701707,387.20127806681114,16.447822763283458
8365.0,11.301523403081159,387.1983457276718,16.44750229663537
8366.0,11.308059328609312,387.19514362937423,16.44718176491793
8367.0,11.376040752886663,387.1919396792311,16.446861168161043
8368.0,11.431395908272226,387.18871646768446,16.446540506394616
8369.0,12.15129090665741,387.18547757217715,16.446219779648562
8370.0,10.62325422718032,387.1820347064202,16.445898987952802
8371.0,11.12352249497469,387.17902478438924,16.445578131337264
8372.0,11.766438971111583,387.17587311968236,16.44525720983188
8373.0,12.06309407218737,387.17253929530716,16.444936223466588
8374.0,10.520559919064302,387.1691214186534,16.44461517227133
8375.0,11.349160751527863,387.166140593343,16.44429405627606
8376.0,11.82565286554849,387.1629249977967,16.443972875510735
8377.0,11.65925709662078,387.1595743961515,16.443651630005313
8378.0,10.780470764156437,387.15627093997415,16.44333031978977
8379.0,11.720974384839273,387.15321647325766,16.44300894489407
8380.0,10.913423921813488,387.14989553051527,16.442687505348204
8381.0,10.566484548492495,387.14680339373746,16.442366001182155
8382.0,10.870798959086208,387.1438095564487,16.442044432425917
8383.0,11.494180946407445,387.14072949674363,16.441722799109485
8384.0,12.091304044453208,387.1374728121421,16.44140110126287
8385.0,11.307378782305468,387.13404694266285,16.44107933891608
8386.0,11.004180441529863,387.1308431853412,16.440757512099125
8387.0,11.986162945926408,387.1277253342161,16.44043562084204
8388.0,11.563325682855956,387.1243292547148,16.440113665174845
8389.0,11.192528809298217,387.1210529791046,16.43979164512758
8390.0,11.41624314406651,387.11788176260865,16.439469560730284
8391.0,12.988053960123151,387.11464716038444,16.439147412013007
8392.0,10.579255442323483,387.1109672117624,16.438825199005795
8393.0,10.321712897561765,387.10796975605376,16.438502921738714
8394.0,10.893764490419905,387.10504527073283,16.438180580241823
8395.0,11.872467681230173,387.1019587041271,16.4378581745452
8396.0,11.849574028301353,387.0985948382841,16.437535704678915
8397.0,11.083201305363461,387.0952374589761,16.437213170673054
8398.0,11.103918275701808,387.0920972186062,16.436890572557704
8399.0,10.758244937017839,387.0889511084282,16.436567910362964
8400.0,11.334647425913822,387.08590293902927,16.436245184118935
8401.0,11.329938862020917,387.08269145559194,16.435922393855716
8402.0,11.702568480621522,387.0794813062477,16.43559953960343
8403.0,11.155618251464055,387.07616557851156,16.43527662139219
8404.0,11.200544362612757,387.073004820007,16.43495363925212
8405.0,11.938489254485962,387.0698313324376,16.434630593213353
8406.0,11.475763918531186,387.06644876048216,16.434307483306025
8407.0,10.81877666560886,387.0631972940385,16.433984309560277
8408.0,10.283560039145021,387.0601319739833,16.43366107200626
8409.0,10.559247242538413,387.0572182986389,16.433337770674125
8410.0,11.541869143452729,387.05422651192015,16.433014405594044
8411.0,10.010883614955116,387.05095631566286,16.432690976796167
8412.0,12.638154982718408,387.0481198986386,16.432367484310674
8413.0,12.291784243319695,387.04453908806016,16.432043928167747
8414.0,10.8563090996109,387.0410564158579,16.431720308397566
8415.0,11.240777260175648,387.03798046161296,16.431396625030324
8416.0,10.030814914532433,387.03479557472264,16.43107287809621
8417.0,10.248173554427133,387.0319535104968,16.43074906762543
8418.0,10.221032780536564,387.029049861323,16.430425193648198
8419.0,9.407008108705458,387.0261539020352,16.430101256194725
8420.0,11.352696641787295,387.0234885830711,16.42977725529522
8421.0,11.824573805097945,387.02027198568925,16.429453190979924
8422.0,10.862103521348216,387.01692168977786,16.42912906327906
8423.0,10.20433539691932,387.01384409378016,16.42880487222287
8424.0,11.01211348424949,387.01095286541766,16.428480617841593
8425.0,10.710685407726661,387.0078327665971,16.428156300165483
8426.0,10.007230291998127,387.0047980723983,16.42783191922479
8427.0,11.202843622772411,387.0019626904822,16.427507475049776
8428.0,9.914414042911561,386.99878855145573,16.427182967670714
8429.0,11.320344668095835,386.9959794674769,16.426858397117872
8430.0,10.880060757430877,386.9927720364876,16.42653376342153
8431.0,11.362090763805421,386.9896893526063,16.426209066611975
8432.0,12.183636418661916,386.9864700935566,16.425884306719492
8433.0,11.513705006823953,386.983018063238,16.425559483774382
8434.0,11.719106013682675,386.9797558468194,16.42523459780695
8435.0,10.964801040276349,386.9764354334488,16.424909648847496
8436.0,11.114542101082321,386.9733287398207,16.42458463692634
8437.0,11.06963168231176,386.97017961955885,16.424259562073804
8438.0,10.04833504896391,386.9670432239155,16.42393442432021
8439.0,10.917155809656863,386.9641961956516,16.423609223695887
8440.0,13.130197797208025,386.96110300150553,16.42328396023118
8441.0,10.670880579300617,386.95738277879633,16.42295863395643
8442.0,11.27201721458815,386.9543593626322,16.422633244901984
8443.0,11.210551734766568,386.9511656244214,16.4223077930982
8444.0,11.27884137112639,386.94798930142986,16.421982278575435
8445.0,11.660787900970746,386.94479362970804,16.421656701364057
8446.0,11.339372860220966,386.94148973980276,16.42133106149445
8447.0,10.559186385942995,386.93827691749243,16.421005358996975
8448.0,10.714162190729185,386.93528514801636,16.420679593902026
8449.0,11.502169769084842,386.93224946872897,16.420353766239995
8450.0,10.40363073980126,386.9289905206278,16.420027876041267
8451.0,10.804280434177594,386.9260428252515,16.41970192333626
8452.0,11.007834189127227,386.92298161246185,16.41937590815537
8453.0,10.968349635111686,386.91986272610825,16.41904983052902
8454.0,11.324688194851463,386.9167550270449,16.41872369048762
8455.0,10.778352350213305,386.9135463653897,16.418397488061597
8456.0,9.982336622077042,386.9104924988905,16.418071223281387
8457.0,12.07479187294141,386.9076641701809,16.417744896177425
8458.0,10.455192777772146,386.90424297915024,16.41741850678015
8459.0,10.575258533477617,386.90128067452986,16.41709205512002
8460.0,11.334719516042847,386.89828435127873,16.41676554122748
8461.0,11.205034172292713,386.89507284741586,16.416438965132993
8462.0,11.223876645111353,386.89189808773375,16.416112326867026
8463.0,11.03995435759577,386.8887179893509,16.41578562646005
8464.0,10.740772960863127,386.8855900022829,16.41545886394254
8465.0,11.217534107228655,386.8825467832774,16.415132039344986
8466.0,11.414821905214541,386.879368481947,16.414805152697873
8467.0,12.612014531482421,386.8761342824072,16.414478204031695
8468.0,10.878950018092063,386.8725608782899,16.414151193376956
8469.0,11.534324856081097,386.86947850911815,16.413824120764158
8470.0,11.43005761363058,386.86621045040886,16.413496986223816
8471.0,11.32305600472813,386.86297193408507,16.413169789786448
8472.0,10.829751260108432,386.85976373488364,16.412842531482575
8473.0,11.189213349900374,386.85669530535995,16.412515211342733
8474.0,9.821579783617787,386.8535250282442,16.412187829397453
8475.0,12.148721329515467,386.8507422473055,16.41186038567728
8476.0,11.561984044122797,386.84730010959544,16.411532880212754
8477.0,10.784948863681242,386.8440242141163,16.41120531303443
8478.0,11.738434088945617,386.8409684786049,16.41087768417287
8479.0,11.453439434226208,386.8376425889464,16.410549993658638
8480.0,10.785916931587968,386.8343974477733,16.4102222415223
8481.0,11.461003048366159,386.83134143797605,16.409894427794434
8482.0,11.382015063664575,386.828094153779,16.40956655250562
8483.0,11.757952411606448,386.8248692495109,16.409238615686448
8484.0,10.813796768029903,386.821537829661,16.40891061736751
8485.0,10.322902916014387,386.8184739205767,16.408582557579404
8486.0,12.32141362147107,386.81554909808386,16.40825443635273
8487.0,11.141559846840652,386.81205803089114,16.40792625371811
8488.0,11.4228167044729,386.80890125560114,16.407598009706145
8489.0,11.344151837303839,386.80566479086826,16.40726970434747
8490.0,11.890236411166391,386.8024506145143,16.406941337672706
8491.0,11.49871508783559,386.7990817141978,16.406612909712482
8492.0,11.188409364005551,386.7958237449229,16.406284420497446
8493.0,10.742887419782546,386.7926536956031,16.405955870058232
8494.0,11.666101940820019,386.7896098775009,16.4056272584255
8495.0,11.108142616053035,386.786304481951,16.4052985856299
8496.0,10.971305434259374,386.78315717487646,16.404969851702095
8497.0,10.889766982995555,386.7800486383367,16.40464105667275
8498.0,11.762445243992971,386.7769632043582,16.404312200572544
8499.0,12.598847241016024,386.77363051153907,16.40398328343215
8500.0,10.651382609766108,386.7700608381541,16.403654305282256
8501.0,11.334370621731763,386.7670429464147,16.40332526615355
8502.0,11.331211776234088,386.7638315414052,16.40299616607673
8503.0,11.371742026355628,386.7606210314019,16.402667005082495
8504.0,11.789297564309079,386.7573990378278,16.40233778320155
8505.0,10.42499582102205,386.7540587368512,16.402008500464614
8506.0,10.231529148024908,386.75110498803525,16.4016791569024
8507.0,12.35514070038828,386.74820605477663,16.401349752545638
8508.0,9.541454947635861,386.7447054315782,16.401020287425048
8509.0,11.52885109617689,386.74200201934303,16.400690761571376
8510.0,10.718876783902463,386.73873551153247,16.40036117501536
8511.0,12.523110751549215,386.7356984964437,16.400031527787743
8512.0,10.882449352926576,386.7321502817307,16.39970181991928
8513.0,10.26650504219004,386.7290669210808,16.39937205144073
8514.0,11.926140652589115,386.7261580779855,16.399042222382857
8515.0,11.487362251980455,386.72277900480054,16.398712332776427
8516.0,11.975157613919757,386.7195242521625,16.39838238265222
8517.0,11.503041328747056,386.7161312908386,16.398052372041015
8518.0,10.806756651564857,386.71287209579543,16.397722300973594
8519.0,10.882684361249876,386.7098101814109,16.397392169480753
8520.0,12.006900540705441,386.7067267541751,16.397061977593292
8521.0,11.182493560221717,386.7033247990219,16.396731725342015
8522.0,11.884424362669344,386.70015642584656,16.396401412757722
8523.0,11.744317580331753,386.6967891722771,16.396071039871238
8524.0,10.93829044608905,386.69346161562936,16.395740606713375
8525.0,10.326474605313066,386.6903624333363,16.395410113314963
8526.0,10.558481022080255,386.6874365988648,16.395079559706833
8527.0,10.600944319081758,386.6844450292419,16.39474894591982
8528.0,10.524199294739718,386.6814414283515,16.394418271984772
8529.0,11.487483652909889,386.6784595718846,16.39408753793253
8530.0,11.45191363279638,386.6752047848496,16.393756743793954
8531.0,11.26955384924274,386.67196007598704,16.393425889599897
8532.0,11.822175385155585,386.66876703572973,16.393094975381235
8533.0,11.649002449392125,386.66541741937056,16.392764001168825
8534.0,11.255192658422601,386.66211686867655,16.392432966993553
8535.0,11.29642649665798,386.6589278974233,16.392101872886297
8536.0,11.765902474934448,386.6557272432493,16.391770718877947
8537.0,10.691509595744845,386.6523935708815,16.391439504999394
8538.0,10.696988761179721,386.6493643098293,16.391108231281535
8539.0,11.623928027152825,386.646333496347,16.39077689775528
8540.0,10.640898595953095,386.64304005007267,16.390445504451534
8541.0,10.847810869571312,386.64002512880376,16.390114051401213
8542.0,11.556886416266723,386.6369515823908,16.389782538635238
8543.0,11.037826110522838,386.63367713123944,16.389450966184537
8544.0,10.2759421704589,386.6305497471748,16.38911933408004
8545.0,12.32941687335048,386.6276382302265,16.388787642352685
8546.0,11.266951980321688,386.62414489544574,16.388455891033413
8547.0,12.399296191067197,386.62095259238464,16.388124080153183
8548.0,10.739757872179153,386.6174394584639,16.387792209742937
8549.0,10.856559687194027,386.61439652706673,16.387460279833643
8550.0,11.81127559035116,386.61132050182204,16.38712829045626
8551.0,10.710150696856632,386.60797397373807,16.386796241641765
8552.0,11.336092694288368,386.60493943104063,16.386464133421132
8553.0,10.284999314126237,386.60172753811065,16.386131965825342
8554.0,11.737162511504776,386.5988134549716,16.38579973888538
8555.0,10.20054245257103,386.5954879255934,16.38546745263225
8556.0,9.938901670796698,386.59259777189845,16.385135107096936
8557.0,11.79741483996498,386.5897817497584,16.384802702310456
8558.0,11.820732280000321,386.5864391488871,16.38447023830381
8559.0,11.431909705947326,386.58308994140776,16.384137715108018
8560.0,10.849789204051106,386.5798509003244,16.383805132754095
8561.0,11.202108967216681,386.57677679338326,16.383472491273075
8562.0,11.744941007837125,386.5736028625092,16.38313979069599
8563.0,12.307266200998692,386.5702751292236,16.38280703105387
8564.0,12.254959946436086,386.5667880704667,16.38247421237776
8565.0,12.182703661962933,386.5633158318152,16.382141334698712
8566.0,12.205601842512246,386.5598640657776,16.381808398047777
8567.0,11.356637491782356,386.5564058119222,16.38147540245602
8568.0,10.454082151220323,386.55318809796626,16.381142347954498
8569.0,11.614933394083621,386.5502261080234,16.380809234574283
8570.0,10.618068841338008,386.5469352102284,16.38047606234645
8571.0,11.495443888206703,386.54392675739,16.380142831302084
8572.0,10.025256162634443,386.540669714955,16.379809541472277
8573.0,10.70737441008179,386.53782922570895,16.379476192888106
8574.0,11.882729834467488,386.5347954696261,16.379142785580683
8575.0,11.574743730447482,386.531428696173,16.378809319581105
8576.0,11.856350895096186,386.52814918544937,16.37847579492048
8577.0,10.449748345808061,386.5247898860291,16.37814221162992
8578.0,11.420240935643845,386.52182912399786,16.377808569740555
8579.0,11.035732214365296,386.5185933890661,16.3774748692835
8580.0,12.241355765994673,386.515466598272,16.377141110289894
8581.0,12.289573039667355,386.51199821413826,16.376807292790865
8582.0,10.670064611743815,386.5085161684437,16.376473416817554
8583.0,10.9280665706237,386.5054929834704,16.37613948240112
8584.0,12.065800895830005,386.50239669794206,16.3758054895727
8585.0,10.546840297379875,386.49897805435484,16.37547143836346
8586.0,11.641809198891735,386.4959897829373,16.375137328804563
8587.0,10.718165635092998,386.49269127033097,16.374803160927176
8588.0,10.991941987995874,386.4896544567343,16.37446893476248
8589.0,12.210393795712951,386.48654007317106,16.374134650341645
8590.0,11.180211007077988,386.48308046159565,16.37380030769586
8591.0,10.962117313497895,386.47991273514356,16.373465906856314
8592.0,11.551310429354313,386.47680680190473,16.373131447854206
8593.0,11.726873714986997,386.47353393061644,16.37279693072074
8594.0,10.818879145929984,386.4702113163972,16.372462355487112
8595.0,12.025589143973793,386.46714596730584,16.372127722184548
8596.0,11.493756743302193,386.4637387170484,16.371793030844252
8597.0,10.188300629391795,386.4604821526378,16.371458281497457
8598.0,10.401637786084159,386.4575954674594,16.371123474175388
8599.0,11.991280135095455,386.4546483367534,16.37078860890928
8600.0,11.905634408894038,386.45125080738177,16.370453685730368
8601.0,11.370012939651678,386.44787754429916,16.370118704669903
8602.0,10.65688921921137,386.444656040633,16.369783665759133
8603.0,11.262451721524268,386.4416365886875,16.36944856902931
8604.0,10.294485736148104,386.4384455606998,16.369113414511695
8605.0,11.635662696188222,386.4355287897412,16.36877820223756
8606.0,10.186823674248911,386.43223201864396,16.36844293223817
8607.0,10.517566558357569,386.42934575193624,16.36810760454481
8608.0,10.833384955459769,386.4263657747447,16.36777221918876
8609.0,10.204276808677333,386.423296315674,16.3674367762013
8610.0,11.400762490633099,386.42040510391155,16.367101275613727
8611.0,12.456540981184572,386.41717488787253,16.366765717457344
8612.0,11.586450425845943,386.41364553459454,16.366430101763452
8613.0,11.400195510564947,386.41036270697384,16.366094428563365
8614.0,11.725376418722151,386.4071326515792,16.365758697888385
8615.0,11.649317898766293,386.40381046159393,16.365422909769848
8616.0,12.1841326117864,386.4005098215226,16.365087064239063
8617.0,12.102850086151125,386.3970576506159,16.364751161327373
8618.0,10.967680868583573,386.3936285097582,16.364415201066112
8619.0,10.887484641133973,386.39052100017875,16.364079183486616
8620.0,11.316506579916336,386.38743621286375,16.363743108620238
8621.0,11.459983026398774,386.3842298693328,16.36340697649833
8622.0,11.878238379655128,386.380982874142,16.363070787152243
8623.0,11.532758635567408,386.37761737326775,16.362734540613342
8624.0,10.80920687452846,386.374349758321,16.362398236913002
8625.0,11.975082092025904,386.3712871497065,16.36206187608259
8626.0,11.26185838420276,386.36789420978045,16.361725458153483
8627.0,12.24306524163001,386.3647033499049,16.36138898315707
8628.0,11.769628777438509,386.3612344814198,16.361052451124742
8629.0,12.347326460970596,386.3578997532662,16.360715862087886
8630.0,11.698542245119782,386.35440134410226,16.36037921607791
8631.0,11.079751793966665,386.3510867571328,16.360042513126213
8632.0,12.033972132402017,386.3479474941245,16.359705753264212
8633.0,11.309976041941756,386.344537868687,16.359368936523317
8634.0,10.05345612208949,386.3413333754751,16.35903206293495
8635.0,11.711589281590905,386.3384848962405,16.358695132530546
8636.0,10.124389270251399,386.3351666126107,16.35835814534153
8637.0,10.86841197589157,386.3322980356508,16.358021101399334
8638.0,11.448899164290616,386.3292186522577,16.357684000735407
8639.0,10.56991981773007,386.32597479749444,16.3573468433812
8640.0,10.661209701955448,386.3229799868794,16.35700962936816
8641.0,11.330469054899142,386.3199593107972,16.35667235872775
8642.0,10.300441250230088,386.3167490112317,16.35633503149143
8643.0,10.669780220710635,386.31383055287745,16.35599764769067
8644.0,11.509453048527234,386.3108074484815,16.355660207356944
8645.0,11.51018279855441,386.3075464367845,16.355322710521733
8646.0,10.409429515905467,386.3042852183249,16.35498515721652
8647.0,10.985822928291023,386.301335879962,16.354647547472798
8648.0,11.303630072685644,386.2982232301323,16.354309881322056
8649.0,12.578528407904264,386.2950205349451,16.353972158795802
8650.0,11.798058628762341,386.29145661856285,16.353634379925534
8651.0,11.559005009498529,386.28811383528466,16.353296544742772
8652.0,11.27256094025137,386.2848387838653,16.35295865327903
8653.0,12.039896709244807,386.28164489159894,16.352620705565823
8654.0,11.506475045568942,386.27823358753125,16.35228270163468
8655.0,12.270354814848956,386.2749734196018,16.351944641517143
8656.0,11.189231765260095,386.2714968190709,16.351606525244737
8657.0,11.03170899461388,386.26832653673733,16.35126835284901
8658.0,10.168098015572367,386.2652008858555,16.35093012436151
8659.0,11.774357300065102,386.2623199247511,16.350591839813788
8660.0,11.066816170056567,386.25898385684945,16.350253499237404
8661.0,10.129344258273633,386.25584825893463,16.349915102663918
8662.0,10.43289349930135,386.25297827806145,16.349576650124906
8663.0,11.674786992871692,386.25002229156996,16.349238141651934
8664.0,10.111092068862312,386.2467144352553,16.348899577276587
8665.0,11.517866701184783,386.24384962583576,16.348560957030443
8666.0,8.729503843540364,386.2405862302705,16.348222280945098
8667.0,11.115733974855356,386.2381128708481,16.347883549052145
8668.0,11.868507706981747,386.23496341288865,16.347544761383187
8669.0,11.20046804646391,386.2316006690383,16.34720591796982
8670.0,11.0497564821501,386.22842720309177,16.346867018843664
8671.0,12.27473111095929,386.22529643875515,16.346528064036324
8672.0,10.1216866450299,386.22181859827367,16.346189053579433
8673.0,10.251055487340826,386.2189507870576,16.34584998750461
8674.0,10.655254558046213,386.2160463213362,16.345510865843487
8675.0,10.801142819521967,386.21302733254475,16.3451716886277
8676.0,11.510489349212722,386.20996700874593,16.344832455888895
8677.0,11.069899086271112,386.2067057034303,16.34449316765871
8678.0,12.337621372444199,386.2035692320226,16.344153823968803
8679.0,8.691437795781155,386.20007357263364,16.343814424850834
8680.0,11.224496540243491,386.19761099859153,16.343474970336455
8681.0,10.11074805620834,386.1944307245718,16.343135460457344
8682.0,10.947677227433017,386.19156601262256,16.34279589524517
8683.0,10.389242347540069,386.18846417074144,16.342456274731603
8684.0,11.736217334853123,386.1855205520763,16.34211659894834
8685.0,11.796439870161295,386.1821952904981,16.34177686792706
8686.0,10.470015102083288,386.1788529658682,16.341437081699457
8687.0,12.391629646440677,386.1758864615893,16.34109724029723
8688.0,11.15605510408873,386.1723754998561,16.340757343752085
8689.0,12.577986127894146,386.1692146175766,16.340417392095727
8690.0,10.157192711470614,386.1656508548404,16.340077385359873
8691.0,11.676117006133524,386.16277298357215,16.339737323576237
8692.0,10.854138147753316,386.1594647504204,16.339397206776546
8693.0,11.731499388539408,386.15638941127855,16.339057034992532
8694.0,9.771190202085158,386.1530654864518,16.338716808255928
8695.0,11.879774921774123,386.15029698256126,16.33837652659847
8696.0,12.029814708047308,386.1469310463334,16.338036190051906
8697.0,12.730837535105685,386.14352259883276,16.337695798647978
8698.0,9.787891767083236,386.13991552819783,16.337355352418456
8699.0,11.314995719123978,386.13714229219715,16.337014851395086
8700.0,12.024375994182929,386.1339363767434,16.33667429560964
8701.0,11.391703104796791,386.1305294702117,16.336333685093887
8702.0,10.977467792755563,386.1273018209987,16.335993019879602
8703.0,11.73733500372603,386.1241915384574,16.33565229999856
8704.0,11.847269781750759,386.1208659602064,16.33531152548256
8705.0,11.186927956055717,386.1175092337682,16.334970696363374
8706.0,11.227689314234546,386.1143396041806,16.334629812672816
8707.0,12.251424197064098,386.1111584255416,16.334288874442674
8708.0,11.074447452715669,386.10768718868576,16.333947881704756
8709.0,10.849966456580173,386.10454942857416,16.33360683449088
8710.0,11.677570120620416,386.10147527141146,16.333265732832853
8711.0,11.124926748668146,386.0981666265439,16.3329245767625
8712.0,10.3903239507398,386.09501456396515,16.332583366311653
8713.0,12.588813893325765,386.09207063884577,16.332242101512133
8714.0,9.23265672483935,386.0885038082426,16.331900782395778
8715.0,11.960888858870886,386.08588788883725,16.331559408994433
8716.0,12.222718674236607,386.08249897032726,16.331217981339943
8717.0,11.882084865603845,386.0790358667029,16.330876499464164
8718.0,11.096861210496513,386.07566927599095,16.330534963398947
8719.0,10.852298192484968,386.0725251653147,16.330193373176154
8720.0,12.654606144423251,386.0694503474935,16.329851728827652
8721.0,11.760575149360129,386.06586487575254,16.329510030385315
8722.0,10.575495967276428,386.06253271279354,16.329168277881017
8723.0,10.509341504206535,386.0595363222695,16.32882647134664
8724.0,10.91952910562616,386.05655867550996,16.328484610814073
8725.0,11.09753679629796,386.05346480893,16.328142696315208
8726.0,11.342188006593588,386.05032050683775,16.327800727881936
8727.0,11.098654929710474,386.04710688690255,16.327458705546167
8728.0,11.18920093630565,386.0439622680058,16.327116629339802
8729.0,11.456693830415137,386.0407919944072,16.32677449929476
8730.0,12.536490927306685,386.03754593115525,16.32643231544295
8731.0,12.20825551259542,386.03399392539245,16.326090077816296
8732.0,10.585848267753002,386.0305349196639,16.325747786446726
8733.0,9.621936395818711,386.027535595988,16.325405441366176
8734.0,10.680305820691597,386.0248093806759,16.325063042606576
8735.0,10.968724632955896,386.02178329402665,16.324720590199874
8736.0,10.723863013479146,386.018675488714,16.324378084178008
8737.0,11.515434956209056,386.01563706086023,16.324035524572945
8738.0,10.194421155320487,386.01237435428925,16.32369291141663
8739.0,11.571838809073387,386.00948593496196,16.32335024474103
8740.0,11.593209856825695,386.00620724729936,16.32300752457811
8741.0,10.799067998691106,386.0029225045066,16.32266475095984
8742.0,12.095719757124307,385.9998627685736,16.322321923918203
8743.0,10.416781042086605,385.9964356479758,16.32197904348518
8744.0,10.610199939493626,385.99348422668055,16.32163610969275
8745.0,10.564021405425619,385.99047800336433,16.321293122572918
8746.0,12.813645743815723,385.98748486396613,16.320950082157665
8747.0,11.823637942180374,385.98385433100543,16.320606988479007
8748.0,12.053588781290578,385.9805043002551,16.32026384156895
8749.0,11.986383931100104,385.9770891167671,16.319920641459493
8750.0,12.682662563613205,385.9736929746533,16.31957738818267
8751.0,11.183942863529976,385.97009955359357,16.319234081770485
8752.0,11.313993710261677,385.96693076978227,16.31889072225498
8753.0,10.76428256704563,385.96372513823104,16.31854730966818
8754.0,11.438775330511486,385.9606752581704,16.31820384404212
8755.0,11.513325490181293,385.95743427182674,16.317860325408844
8756.0,8.984577142761905,385.9541721629379,16.3175167538004
8757.0,11.569487228655664,385.9516265327474,16.31717312924884
8758.0,9.797296581127867,385.94834851136596,16.316829451786212
8759.0,10.94788733866993,385.94557261066797,16.31648572144459
8760.0,10.116216324703723,385.9424707092553,16.31614193825603
8761.0,11.051648251088663,385.93960444796335,16.315798102252607
8762.0,12.104953341050647,385.9364731476256,16.3154542134664
8763.0,10.437223212830318,385.9330434108456,16.315110271929484
8764.0,11.22226360456591,385.93008619760195,16.31476627767395
8765.0,10.868349091788286,385.92690655624733,16.31442223073189
8766.0,11.696800708203487,385.9238271906713,16.314078131135393
8767.0,10.744958727293806,385.92051309713736,16.313733978916567
8768.0,10.707857587953281,385.9174686921646,16.313389774107513
8769.0,11.60732177898681,385.9144347991814,16.31304551674034
8770.0,10.267522714771703,385.9111460580106,16.312701206847166
8771.0,10.51684621236325,385.9082369265748,16.31235684446012
8772.0,11.171988103876991,385.9052571534813,16.31201242961131
8773.0,11.092453203407157,385.90209175685186,16.31166796233288
8774.0,11.740804814268357,385.8989488951109,16.311323442656963
8775.0,11.53845811133766,385.8956223337468,16.31097887061569
8776.0,10.945489287074095,385.89235310394866,16.310634246241214
8777.0,11.348812706479446,385.88925188198397,16.310289569565683
8778.0,11.186293348805144,385.88603638505043,16.30994484062125
8779.0,12.08727148978894,385.8828669352683,16.30960005944008
8780.0,10.403832260766327,385.8794422083462,16.30925522605433
8781.0,10.740357338953457,385.8764944558723,16.308910340496173
8782.0,10.652647333632991,385.87345135462624,16.30856540279778
8783.0,11.18786882482328,385.8704331045484,16.308220412991336
8784.0,11.218497420620613,385.86726320838136,16.307875371109013
8785.0,12.22675361745901,385.8640846341122,16.307530277183016
8786.0,11.645593679684534,385.86062038725396,16.30718513124553
8787.0,12.090300276744735,385.857320802378,16.30683993332875
8788.0,10.555426336709747,385.8538952172996,16.30649468346488
8789.0,10.852072050418633,385.85090451317086,16.306149381686136
8790.0,10.149010609898744,385.84782975942323,16.305804028024724
8791.0,10.440508106602717,385.84495420641707,16.305458622512862
8792.0,10.54911877376493,385.8419960624536,16.305113165182775
8793.0,11.23416248569851,385.8390071454677,16.304767656066687
8794.0,10.219971174265655,385.8358241327634,16.304422095196834
8795.0,12.012059120289914,385.832928474264,16.304076482605456
8796.0,12.227048243851078,385.8295250575132,16.303730818324784
8797.0,10.926558830759536,385.8260607271775,16.303385102387075
8798.0,11.615172664417628,385.82296486884206,16.303039334824575
8799.0,11.965007415291481,385.81967390325383,16.302693515669542
8800.0,11.503916832220916,385.81628381781945,16.302347644954235
8801.0,11.280131944744086,385.8130243747171,16.302001722710926
8802.0,11.117221877682873,385.80982833733276,16.301655748971882
8803.0,11.022463130438164,385.8066784578007,16.301309723769375
8804.0,11.718991189395805,385.80355542658043,16.300963647135692
8805.0,10.698875819341183,385.8002350457434,16.300617519103113
8806.0,11.077811182445744,385.79720369759457,16.30027133970393
8807.0,11.122058399752449,385.79406498442626,16.29992510897044
8808.0,11.62086177523514,385.79091373454634,16.29957882693494
8809.0,10.527323638456936,385.7876211570433,16.29923249362973
8810.0,10.80052661460445,385.7846384153458,16.298886109087128
8811.0,10.863675192455236,385.7815782661383,16.298539673339445
8812.0,11.620436364108642,385.77850022483375,16.298193186418995
8813.0,11.287522943921708,385.775207767864,16.297846648358107
8814.0,12.454359758341838,385.7720096363632,16.297500059189105
8815.0,10.843679686075728,385.7684809010983,16.297153418944323
8816.0,11.165061451027896,385.7654085251873,16.2968067276561
8817.0,11.0931482065733,385.7622450911095,16.29645998535678
8818.0,10.356829402255045,385.759102032451,16.296113192078707
8819.0,10.132830995921813,385.7561675974536,16.295766347854236
8820.0,10.974123281630824,385.7532966286714,16.29541945271572
8821.0,11.082482010764155,385.75018729374165,16.295072506695526
8822.0,10.72186036503094,385.74704725717197,16.294725509826016
8823.0,11.73578441552954,385.7440093967352,16.294378462139562
8824.0,10.386188688373512,385.74068425781746,16.294031363668537
8825.0,10.578639891435644,385.73774150435577,16.29368421444533
8826.0,9.967173930784746,385.7347442230532,16.293337014502317
8827.0,11.906060958913526,385.7319201904395,16.29298976387189
8828.0,10.41245307183754,385.72854680650113,16.292642462586446
8829.0,10.877152293246867,385.72559661146414,16.292295110678385
8830.0,10.942638109038587,385.72251475164774,16.29194770818011
8831.0,11.744745041980169,385.7194143375168,16.29160025512403
8832.0,10.639275655315732,385.71608665975486,16.29125275154256
8833.0,11.690258717870387,385.7130721983192,16.290905197468113
8834.0,11.921186121806947,385.70975995834914,16.290557592933116
8835.0,10.956178070361855,385.70638228894796,16.29020993797
8836.0,11.493075383106953,385.7032780384947,16.28986223261119
8837.0,10.60354178218435,385.7000216671361,16.289514476889128
8838.0,12.459666869200756,385.6970173302978,16.289166670836256
8839.0,11.386060731197897,385.6934870913516,16.288818814485015
8840.0,11.862927639628818,385.6902610408111,16.28847090786786
8841.0,11.369057752123416,385.68689987797984,16.28812295101725
8842.0,11.857007225088957,385.6836786449501,16.287774943965644
8843.0,10.977468663900064,385.68031915956965,16.287426886745504
8844.0,12.463278554637757,385.67720887678155,16.287078779389304
8845.0,11.34146231620161,385.67367761452437,16.286730621929514
8846.0,10.346865273618072,385.6704642002015,16.28638241439862
8847.0,11.830212376967687,385.6675325883739,16.2860341568291
8848.0,10.79098729536199,385.6641806948671,16.285685849253444
8849.0,11.472291386734435,385.66112324846677,16.285337491704144
8850.0,10.615843581737298,385.6578727659072,16.2849890842137
8851.0,11.931400884661624,385.65486494355906,16.284640626814614
8852.0,11.49240070517072,385.65148437997505,16.284292119539398
8853.0,10.003075978113715,385.64822819977525,16.283943562420554
8854.0,9.646043629270835,385.6453939949148,16.283594955490607
8855.0,11.678623246485252,385.64266094921976,16.283246298782075
8856.0,11.670294025838828,385.63935200596666,16.282897592327483
8857.0,11.921723528573052,385.6360454226593,16.282548836159364
8858.0,11.833692072970628,385.6326676009929,16.28220003031025
8859.0,11.159666635651583,385.6293147215722,16.281851174812687
8860.0,12.523878106430793,385.62615281602547,16.28150226969921
8861.0,10.759716497047169,385.62260438389535,16.281153315002374
8862.0,13.465839901156942,385.6195557975545,16.280804310754736
8863.0,11.04282079751073,385.61574047624913,16.280455256988844
8864.0,10.962267468150586,385.61261167702315,16.28010615373727
8865.0,9.934108399758223,385.6095057012405,16.27975700103258
8866.0,11.211116463499348,385.6066910371939,16.279407798907343
8867.0,10.011943891106732,385.60351455419595,16.279058547394136
8868.0,10.181166560213791,385.6006778367601,16.278709246525544
8869.0,10.238081893308081,385.5977931729014,16.27835989633415
8870.0,10.789034777041305,385.5948923830316,16.278010496852545
8871.0,11.328687046223262,385.5918354898448,16.277661048113323
8872.0,11.33756705988224,385.5886256951817,16.277311550149086
8873.0,11.086253729006305,385.58541338451477,16.276962002992438
8874.0,11.439385217841462,385.5822722792915,16.276612406675987
8875.0,10.729984269584858,385.57903112014645,16.27626276123235
8876.0,9.563363547515271,385.57599095793677,16.275913066694137
8877.0,11.601045330471724,385.57328133826496,16.275563323093976
8878.0,11.277278065977686,385.56999437542135,16.275213530464498
8879.0,11.167925785314164,385.566799146636,16.27486368883833
8880.0,12.672603722886361,385.5636349009968,16.274513798248105
8881.0,11.036777229155629,385.560044329942,16.27416385872647
8882.0,10.652804827480747,385.55691724306035,16.27381387030607
8883.0,11.331312155261378,385.55389894835923,16.273463833019555
8884.0,12.65988917280871,385.55068840991527,16.27311374689958
8885.0,12.230800885071671,385.5471014413163,16.272763611978796
8886.0,10.519472271516797,385.5436360477322,16.272413428289877
8887.0,10.43935409820642,385.5406555305886,16.27206319586549
8888.0,11.02240574772452,385.53769771359407,16.2717129147383
8889.0,11.306853246436196,385.53457469863224,16.271362584940995
8890.0,10.153155503957358,385.5313710902124,16.27101220650625
8891.0,11.883046198670472,385.52849436281963,16.270661779466757
8892.0,12.877320939707557,385.52512749973005,16.2703113038552
8893.0,12.62438041669137,385.5214789254637,16.269960779704277
8894.0,10.799114358506268,385.5179020176791,16.26961020704669
8895.0,10.919573443885861,385.51484226861083,16.269259585915144
8896.0,11.5275175030468,385.5117483894684,16.268908916342347
8897.0,11.034282603696818,385.5084822595092,16.26855819836101
8898.0,11.964308123271007,385.5053558794381,16.268207432003855
8899.0,11.45796963951011,385.50196599213655,16.2678566173036
8900.0,10.332371217246003,385.4987195674054,16.267505754292984
8901.0,11.993150751004032,385.4957920622271,16.26715484300472
8902.0,11.21000748418124,385.4923940028477,16.26680388347156
8903.0,10.83696923366196,385.48921783406047,16.26645287572624
8904.0,11.34446257239014,385.4861473594443,16.266101819801506
8905.0,12.257574171397964,385.4829330950488,16.2657507157301
8906.0,11.104435740688665,385.4794601157002,16.265399563544786
8907.0,11.440456859258651,385.476313858907,16.265048363278314
8908.0,11.70092208004973,385.4730723961302,16.26469711496346
8909.0,11.333277568121702,385.46975713487416,16.264345818632975
8910.0,10.323641835715918,385.46654603956324,16.263994474319645
8911.0,11.139710363448078,385.46362100770983,16.26364308205624
8912.0,10.876733545967394,385.46046475644016,16.263291641875544
8913.0,11.325087241248822,385.45738301526876,16.262940153810337
8914.0,12.01586779070518,385.45417424055046,16.262588617893417
8915.0,11.851494911460247,385.4507697446764,16.26223703415757
8916.0,10.607157357011433,385.4474118211182,16.261885402635603
8917.0,10.55237398568428,385.444406459867,16.261533723360316
8918.0,10.29560359959953,385.4414166205711,16.261181996364517
8919.0,11.829365646353525,385.4384995328845,16.26083022168101
8920.0,10.775847643789053,385.4351478792847,16.260478399342627
8921.0,13.3723350640659,385.43209472245235,16.260126529382177
8922.0,11.883227388213015,385.4283058941842,16.259774611832494
8923.0,10.552926149491668,385.4249389797575,16.259422646726406
8924.0,11.402498873830188,385.42194898401516,16.25907063409674
8925.0,12.008740347228887,385.4187182760009,16.258718573976346
8926.0,10.872530863560637,385.4153157995692,16.25836646639806
8927.0,10.338451751442166,385.41223524915785,16.25801431139473
8928.0,11.456217018036616,385.4093060211617,16.257662108999213
8929.0,11.262614787052557,385.40606009300654,16.257309859244366
8930.0,10.899152450044859,385.4028690188169,16.25695756216304
8931.0,11.285452442727715,385.3997809256227,16.256605217788113
8932.0,10.07970281209213,385.3965833807639,16.256252826152448
8933.0,11.219069362071043,385.3937274649672,16.255900387288918
8934.0,11.082060477330316,385.39054872864784,16.255547901230404
8935.0,11.128009914193047,385.3874088115126,16.255195368009794
8936.0,11.234069157762734,385.3842558753703,16.254842787659964
8937.0,11.24272984168357,385.3810728891089,16.25449016021382
8938.0,11.893251718769967,385.37788744898705,16.254137485704245
8939.0,12.419347073290012,385.3745176943334,16.25378476416415
8940.0,11.87451848494957,385.3709988793293,16.25343199562643
8941.0,10.82553834014097,385.36763443242523,16.253079180124008
8942.0,11.073960928291974,385.3645671965622,16.25272631768978
8943.0,10.046694622466354,385.3614295742992,16.252373408356686
8944.0,11.721208553977437,385.35858301082277,16.25202045215763
8945.0,11.812540122017603,385.3552620017325,16.251667449125545
8946.0,10.39715193146103,385.35191511536465,16.251314399293367
8947.0,10.847761843717207,385.34896925565073,16.250961302694027
8948.0,12.03399012457095,385.3458957231283,16.250608159360464
8949.0,11.444160278035765,385.34248609259305,16.250254969325624
8950.0,11.828883159804187,385.3392435805143,16.249901732622458
8951.0,10.371117592623795,385.335892063619,16.249548449283918
8952.0,10.740026999289123,385.332953580301,16.24919511934296
8953.0,11.856570272585365,385.3299105726513,16.248841742832543
8954.0,11.56498737438612,385.32655121107405,16.24848831978564
8955.0,9.878567088239766,385.32327446465126,16.24813485023522
8956.0,10.884968136134383,385.3204755373096,16.247781334214253
8957.0,11.253269599221605,385.31739146300436,16.247427771755724
8958.0,11.876126691939557,385.31420303661787,16.24707416289261
8959.0,11.287425805157977,385.31083813405525,16.246720507657905
8960.0,9.556037574294727,385.30764003007704,16.2463668060846
8961.0,12.725773616597602,385.3049324860977,16.24601305820569
8962.0,10.985879018666632,385.30132685023966,16.245659264054172
8963.0,11.455562647824154,385.2982141845177,16.24530542366306
8964.0,9.373160926213242,385.2949684417675,16.244951537065354
8965.0,11.277225443673334,385.2923127128384,16.24459760429408
8966.0,10.169172343939692,385.2891174989627,16.24424362538224
8967.0,11.9867417325898,385.2862362334653,16.243889600362866
8968.0,11.080929295517668,385.2828399899743,16.24353552926899
8969.0,11.534144117658803,385.27970039334053,16.24318141213363
8970.0,11.572322196857781,385.27643238584056,16.242827248989833
8971.0,10.652539884088117,385.2731535612182,16.242473039870628
8972.0,10.334401213447375,385.2701353415843,16.24211878480907
8973.0,11.98366236076039,385.26720726124046,16.241764483838196
8974.0,12.666519547695401,385.2638118902383,16.241410136991068
8975.0,12.500148125346625,385.2602230430331,16.241055744300734
8976.0,12.263321801241203,385.2566813343976,16.240701305800265
8977.0,12.580152355519356,385.2532067265539,16.240346821522714
8978.0,9.536656049830555,385.2496423500532,16.23999229150116
8979.0,12.333272868230306,385.2469402975057,16.239637715768676
8980.0,9.849612282711044,385.24344587019306,16.239283094358335
8981.0,11.822264591085126,385.240655146713,16.238928427303225
8982.0,12.928391473390295,385.23730550507884,16.238573714636427
8983.0,11.697764951919593,385.2336424608281,16.238218956391037
8984.0,11.680227046817391,385.2303280940917,16.237864152600146
8985.0,9.898071720244445,385.2270186964284,16.237509303296854
8986.0,10.555762946150741,385.22421424277434,16.23715440851427
8987.0,12.311848595242425,385.2212234432729,16.236799468285497
8988.0,11.310658297541902,385.21773508617093,16.23644448264364
8989.0,11.797191991392749,385.2145303996533,16.236089451621833
8990.0,11.81207685102054,385.21118786192244,16.235734375253177
8991.0,10.933261857344922,385.2078411068146,16.235379253570812
8992.0,12.163846022033939,385.2047433492883,16.23502408660786
8993.0,10.357910880118189,385.20129692624874,16.234668874397453
8994.0,11.593984873622276,385.1983621848328,16.234313616972734
8995.0,11.72061675717869,385.19507722245186,16.23395831436684
8996.0,12.513364679128658,385.1917563810373,16.233602966612917
8997.0,11.645139439637877,385.1882109277116,16.233247573744116
8998.0,9.654340761710476,385.1849114715371,16.232892135793595
8999.0,12.686199300397869,385.1821760749879,16.232536652794504
9000.0,11.05393064826266,385.17858165185277,16.232181124780013
9001.0,10.969368858693858,385.17544970483584,16.231825551783285
9002.0,10.34255070488527,385.17234171699255,16.231469933837495
9003.0,10.895671758853936,385.1694113276261,16.231114270975816
9004.0,11.910655532332195,385.16632422062776,16.230758563231426
9005.0,10.609792164933532,385.16294953489364,16.23040281063751
9006.0,11.576041294141818,385.1599434271136,16.230047013227253
9007.0,11.899848004182669,385.15666354874685,16.229691171033853
9008.0,11.640727043833655,385.15329192514565,16.229335284090507
9009.0,11.83099693195753,385.1499937191499,16.228979352430404
9010.0,10.267930912138555,385.1466416033526,16.22862337608676
9011.0,10.310326220895785,385.1437323562608,16.228267355092775
9012.0,12.022669438036392,385.1408110971649,16.227911289481675
9013.0,11.242363209387019,385.1374046741574,16.22755517928666
9014.0,11.471745992736398,385.1342193379147,16.227199024540965
9015.0,12.239319495523537,385.1309690098835,16.22684282527781
9016.0,10.685025775478648,385.1275012026931,16.226486581530423
9017.0,10.95314166448551,385.1244737787233,16.226130293332037
9018.0,10.455652267725856,385.1213703885851,16.225773960715895
9019.0,12.84979938547554,385.11840795377594,16.225417583715238
9020.0,11.165453057674936,385.11476717728334,16.225061162363307
9021.0,11.417931705883175,385.11160363225036,16.224704696693355
9022.0,10.81104823426738,385.10836855160034,16.224348186738638
9023.0,11.06718770111161,385.10530542126725,16.22399163253241
9024.0,11.23034092961653,385.1021697180853,16.22363503410794
9025.0,10.792862397977554,385.0989877881553,16.22327839149849
9026.0,12.055582960483727,385.0959298104758,16.222921704737335
9027.0,12.478968645264965,385.09251406197035,16.222564973857743
9028.0,10.838695240687795,385.08897835418753,16.222208198893
9029.0,10.974094072993411,385.08590739053597,16.221851379876387
9030.0,10.713673402979351,385.0827980638819,16.22149451684119
9031.0,10.751605282735834,385.0797625230844,16.2211376098207
9032.0,10.474012873239118,385.076716234921,16.220780658848216
9033.0,10.917932163170228,385.07374859794027,16.220423663957035
9034.0,11.832330996884053,385.07065518382734,16.22006662518046
9035.0,10.98792398892196,385.06730269004487,16.2197095425518
9036.0,11.7417988169333,385.0641894449147,16.21935241610437
9037.0,11.059503546754252,385.0608626019166,16.218995245871483
9038.0,11.577612718930212,385.05772907591165,16.218638031886456
9039.0,9.886246969718897,385.05444875230796,16.21828077418262
9040.0,12.459330120594673,385.0516476489999,16.217923472793295
9041.0,10.461179851788454,385.04811750546565,16.21756612775182
9042.0,10.1069093494364,385.0451535045077,16.217208739091532
9043.0,11.881252444327831,385.0422898801921,16.216851306845765
9044.0,12.627780876164756,385.0389235253328,16.216493831047867
9045.0,11.577164935294908,385.03534565408455,16.216136311731187
9046.0,10.27806172927634,385.0320654573529,16.215778748929083
9047.0,11.823660335662106,385.029153339863,16.215421142674895
9048.0,11.743056634283498,385.0258033027678,16.215063493002003
9049.0,11.07364686342037,385.0224761033881,16.21470579994376
9050.0,11.505965568092211,385.01933857011016,16.214348063533542
9051.0,10.86178333645243,385.0160785465325,16.21399028380472
9052.0,10.509328482974588,385.0130010412538,16.213632460790663
9053.0,9.50600524272849,385.01002339818365,16.213274594524762
9054.0,11.52892019079285,385.00733003003154,16.212916685040398
9055.0,11.198421677366486,385.00406350264416,16.21255873237096
9056.0,10.22991960140466,385.00089061650226,16.212200736549843
9057.0,10.098508981980757,384.99799213928185,16.21184269761044
9058.0,10.354721358176175,384.9951308950703,16.21148461558616
9059.0,11.322956507281592,384.9921970573521,16.211126490510395
9060.0,11.381488255746023,384.98898888634176,16.21076832241657
9061.0,11.215064053309494,384.9857641313359,16.210410111338085
9062.0,12.231135759172187,384.9825865298542,16.21005185730836
9063.0,10.939491111458914,384.9791210413891,16.209693560360826
9064.0,11.771821018435714,384.9760215189075,16.2093352205289
9065.0,11.528180495073864,384.97268616961895,16.20897683784601
9066.0,12.01547135425147,384.969419851812,16.208618412345587
9067.0,11.401704146388397,384.9660154682617,16.208259944061076
9068.0,11.648372405533312,384.9627849854202,16.207901433025917
9069.0,10.850310886689865,384.9594846132386,16.20754287927355
9070.0,10.549480080477828,384.9564103584874,16.207184282837424
9071.0,10.706005419220753,384.9534213391313,16.206825643750996
9072.0,11.465845460122683,384.95038797092917,16.206466962047728
9073.0,11.669965875012654,384.94713931471546,16.20610823776107
9074.0,11.368103685643758,384.94383282438423,16.205749470924495
9075.0,10.255389134708047,384.9406118616733,16.205390661571467
9076.0,12.790235294467411,384.9377061680851,16.205031809735463
9077.0,9.81371621826574,384.93408226808504,16.204672915449958
9078.0,11.36296593127647,384.9313017151565,16.20431397874843
9079.0,11.76240363475876,384.92808220814265,16.20395499966437
9080.0,11.346521348112093,384.9247495271128,16.203595978231267
9081.0,10.421017228577831,384.9215346793975,16.203236914482602
9082.0,11.413796762307651,384.91858205784945,16.202877808451888
9083.0,12.11431786659195,384.9153481487668,16.202518660172615
9084.0,11.085009181912282,384.9119157587046,16.202159469678293
9085.0,11.435928039423837,384.908775006103,16.201800237002423
9086.0,10.087828814769619,384.9055348264918,16.20144096217853
9087.0,11.757841005799188,384.9026766083277,16.201081645240116
9088.0,11.995623125669413,384.8993452200427,16.200722286220714
9089.0,11.430101592680833,384.8959464601571,16.20036288515384
9090.0,10.51842596451063,384.8927079313725,16.200003442073022
9091.0,11.29495751928428,384.8897277106825,16.1996439570118
9092.0,11.109943089675516,384.8865274727188,16.199284430003704
9093.0,10.624899362861875,384.88337965551,16.198924861082276
9094.0,11.014293077796129,384.8803692673572,16.198565250281057
9095.0,10.431080721625818,384.87724855098514,16.198205597633596
9096.0,9.839826268396383,384.874293078114,16.197845903173448
9097.0,10.892627598663763,384.87150512733797,16.197486166934166
9098.0,11.150594741907476,384.8684188828517,16.197126388949304
9099.0,10.74685334618791,384.86525954767484,16.196766569252436
9100.0,12.899860147345585,384.86221460589337,16.19640670787712
9101.0,10.735369372769952,384.8585596455183,16.196046804856934
9102.0,10.357228896250843,384.85551795752934,16.19568686022545
9103.0,10.950607576684847,384.8525834093421,16.195326874016246
9104.0,10.659234425784682,384.8494807371954,16.194966846262908
9105.0,11.202538219392766,384.84646062077474,16.19460677699902
9106.0,10.829903958880934,384.84328656827927,16.194246666258174
9107.0,11.117256136632871,384.8402180954909,16.193886514073956
9108.0,12.32186000320083,384.8370682062522,16.19352632047998
9109.0,10.831965164751344,384.8335770125846,16.193166085509837
9110.0,9.82467682940688,384.8305079557879,16.192805809197132
9111.0,11.739789534606519,384.8277242973529,16.192445491575484
9112.0,11.68042133218208,384.82439802365144,16.1920851326785
9113.0,11.461225375984489,384.8210885709407,16.191724732539797
9114.0,11.840444407878167,384.81784122375086,16.191364291192997
9115.0,11.437957287124108,384.8144864311685,16.191003808671734
9116.0,11.25094426174155,384.81124567660385,16.19064328500962
9117.0,11.663694329373499,384.80805790906305,16.190282720240305
9118.0,11.774363010096652,384.8047531956697,16.189922114397415
9119.0,11.858838383227475,384.8014171261502,16.189561467514597
9120.0,12.501328552691607,384.79805712194167,16.189200779625487
9121.0,10.550544375251045,384.79451507885176,16.18884005076374
9122.0,10.29948384875808,384.79152575794535,16.18847928096301
9123.0,10.164454478708675,384.78860757085494,16.188118470256946
9124.0,10.552293738661334,384.78572764208593,16.187757618679214
9125.0,10.704957631228448,384.7827378255267,16.187396726263472
9126.0,10.753188273194358,384.77970475419784,16.187035793043393
9127.0,11.564716861209016,384.7766580175204,16.18667481905264
9128.0,11.219390202437111,384.77338134774305,16.1863138043249
9129.0,10.783651403782304,384.7702025205191,16.18595274889384
9130.0,10.573523705325591,384.76714715262136,16.185591652793146
9131.0,10.971534657132505,384.76415132090483,16.18523051605651
9132.0,11.31355989247089,384.7610427194187,16.18486933871762
9133.0,11.796859398885205,384.7578372107825,16.18450812081016
9134.0,12.160258327938147,384.75449476728613,16.18414686236784
9135.0,10.828167250087493,384.75104936075985,16.183785563424358
9136.0,11.888865209584106,384.74798138003905,16.183424224013415
9137.0,11.518001576170555,384.7446128682296,16.183062844168724
9138.0,12.357902796751581,384.7413494344497,16.182701423923994
9139.0,9.198052545218427,384.7378480286573,16.182339963312952
9140.0,11.441747440242002,384.7352419137695,16.181978462369305
9141.0,10.918258969735362,384.7320000853281,16.181616921126782
9142.0,11.28605881477306,384.72890657862,16.181255339619117
9143.0,11.547595271404584,384.72570886195587,16.180893717880036
9144.0,11.02054836177931,384.72243704329554,16.18053205594327
9145.0,11.317114047636052,384.7193145545931,16.180170353842563
9146.0,12.166432040850394,384.7161080389463,16.179808611611662
9147.0,11.722091835775338,384.71266088320135,16.179446829284306
9148.0,12.770749967930067,384.7093396238479,16.179085006894248
9149.0,11.452395246287397,384.7057212446903,16.178723144475246
9150.0,11.02477349850654,384.70247639937054,16.178361242061055
9151.0,10.301540355652591,384.699352713546,16.177999299685432
9152.0,11.862835651438484,384.6964339437785,16.17763731738215
9153.0,10.501475745544228,384.69307280701065,16.17727529518497
9154.0,11.615669216691016,384.6900973888827,16.17691323312767
9155.0,11.204672142791358,384.6868062826046,16.176551131244032
9156.0,10.66319517878663,384.68363162549747,16.176188989567823
9157.0,11.07698306309207,384.6806103868635,16.175826808132836
9158.0,11.508167130675313,384.6774719083289,16.175464586972854
9159.0,11.140108239540762,384.67421126097526,16.175102326121674
9160.0,11.381678628114361,384.67105489697406,16.174740025613083
9161.0,11.978634113673413,384.6678300880294,16.174377685480888
9162.0,11.683827928248744,384.66443614169725,16.174015305758886
9163.0,11.19628792223058,384.6611257237842,16.173652886480884
9164.0,12.354974645961224,384.6579534422063,16.17329042768069
9165.0,11.514081417056795,384.6544528660566,16.172927929392124
9166.0,11.79827810499384,384.6511905429884,16.172565391648995
9167.0,9.750552023103877,384.6478476975254,16.172202814485132
9168.0,10.82609643588869,384.6450850411188,16.17184019793435
9169.0,10.210370114122629,384.64201764712857,16.171477542030487
9170.0,9.41812730373926,384.6391247089296,16.171114846807367
9171.0,11.370287082137104,384.63645623952686,16.170752112298832
9172.0,13.176552467600029,384.6332346581869,16.170389338538715
9173.0,11.382580349638156,384.62950130165444,16.170026525560864
9174.0,11.825021928233202,384.62627623722204,16.169663673399118
9175.0,11.497509730354759,384.62292581434235,16.169300782087337
9176.0,10.734118994441728,384.6196681865855,16.16893785165937
9177.0,10.175880227623406,384.6166268528703,16.16857488214907
9178.0,11.520265754237732,384.6137436868059,16.168211873590305
9179.0,10.05241916248142,384.6104796115088,16.167848826016943
9180.0,11.939543839376514,384.60763142607954,16.16748573946284
9181.0,9.639630112049492,384.60424855532494,16.167122613961876
9182.0,10.301009282618878,384.6015173267932,16.166759449547925
9183.0,11.687204548443317,384.5985987074965,16.16639624625487
9184.0,11.329911126249817,384.5952873328745,16.16603300411659
9185.0,11.308574370921598,384.5920771913887,16.16566972316697
9186.0,11.496071373641907,384.5888730953169,16.1653064034399
9187.0,10.800495762499388,384.5856158750944,16.16494304496928
9188.0,11.380027521417503,384.5825557346283,16.164579647789
9189.0,11.106270740112798,384.5793313934973,16.164216211932967
9190.0,11.127655899907653,384.5761846167876,16.163852737435086
9191.0,12.22711803794608,384.5730317809493,16.163489224329258
9192.0,10.91281270478413,384.5695674308385,16.1631256726494
9193.0,11.823598764728397,384.56647546723883,16.162762082429424
9194.0,10.782191572011286,384.5631254475888,16.162398453703254
9195.0,11.036602104696678,384.56007049331004,16.16203478650481
9196.0,11.087131509835851,384.5569434560471,16.161671080868015
9197.0,10.122758056725129,384.55380210211933,16.16130733682681
9198.0,11.468290933911984,384.5509339873366,16.160943554415113
9199.0,11.589032525346443,384.54768463823865,16.160579733666868
9200.0,11.798492897267785,384.54440107902315,16.160215874616018
9201.0,11.43823667649071,384.5410581727022,16.159851977296505
9202.0,11.550259735014555,384.5378173389773,16.15948804174228
9203.0,11.726821544573625,384.53454476538565,16.159124067987282
9204.0,9.897703985048077,384.53122216594795,16.15876005606548
9205.0,10.415556781423064,384.5284178164855,16.158396006010825
9206.0,10.764294621790773,384.5254667420641,16.158031917857283
9207.0,10.68123255770852,384.522416858588,16.15766779163881
9208.0,11.02001496216892,384.5193905093633,16.15730362738939
9209.0,11.32830015207388,384.51626817179067,16.156939425142987
9210.0,10.47471227221405,384.5130584867476,16.156575184933576
9211.0,11.129483158666114,384.5100906516038,16.15621090679514
9212.0,11.022978175330614,384.50693729804215,16.155846590761655
9213.0,12.129850931589484,384.50381412089246,16.15548223686712
9214.0,10.501417548955132,384.50037732979524,16.15511784514551
9215.0,10.644467660599371,384.49740192815636,16.154753415630836
9216.0,12.754993573460364,384.49438599565246,16.154388948357084
9217.0,11.748737443913885,384.49077208080666,16.15402444335826
9218.0,12.20247479320104,384.4874432718642,16.153659900668362
9219.0,12.22793486528507,384.48398590400615,16.1532953203214
9220.0,12.144632739569449,384.480521322461,16.152930702351387
9221.0,11.819003944477288,384.47708034318475,16.152566046792344
9222.0,10.110904153841545,384.4737316254005,16.152201353678276
9223.0,10.682651644186953,384.4708668692236,16.15183662304322
9224.0,12.016329741960652,384.46784011792437,16.151471854921184
9225.0,10.691589043538077,384.46443549116424,16.151107049346212
9226.0,10.495197868688436,384.46140620760184,16.150742206352334
9227.0,11.32960378475991,384.45843256820575,16.150377325973572
9228.0,11.968848452957788,384.45522251380004,16.150012408243985
9229.0,9.81168281450067,384.4518313400717,16.149647453197606
9230.0,11.21282573983054,384.44905136327424,16.14928246086848
9231.0,12.410052170360192,384.4458743959813,16.14891743129066
9232.0,11.185616960720404,384.4423582145331,16.148552364498197
9233.0,10.505111299484962,384.4391889563942,16.148187260525148
9234.0,10.456524491800725,384.4362125081927,16.14782211940558
9235.0,11.927898668888755,384.43324982625336,16.14745694117354
9236.0,12.124674050675392,384.4298702549638,16.147091725863117
9237.0,11.377497429450917,384.42643493064946,16.146726473508366
9238.0,11.700267871457966,384.42321130637777,16.146361184143363
9239.0,11.140570200095738,384.4198962304809,16.14599585780219
9240.0,10.64923846847694,384.4167397355909,16.14563049451893
9241.0,10.852296979528194,384.4137224513581,16.145265094327662
9242.0,10.054469976491555,384.4106476338806,16.14489965726247
9243.0,11.138076066468189,384.40779886738727,16.144534183357457
9244.0,11.287861442089316,384.4046430791684,16.14416867264671
9245.0,12.784524451974828,384.40144485175983,16.14380312516433
9246.0,11.55307886789948,384.3978225698318,16.14343754094441
9247.0,11.802725065972007,384.3945491974859,16.143071920021068
9248.0,10.496096968623164,384.3912050920505,16.142706262428405
9249.0,12.45841140599047,384.3882311979094,16.142340568200538
9250.0,10.729868136077586,384.3847013146777,16.141974837371574
9251.0,12.720704843850697,384.3816611853725,16.14160906997564
9252.0,10.29747756476076,384.3780569856667,16.141243266046853
9253.0,11.543903731466669,384.37513936702334,16.14087742561934
9254.0,10.698202316574994,384.3718685942995,16.14051154872723
9255.0,11.479252913756332,384.3688374369765,16.140145635404654
9256.0,11.429033872620929,384.3655849819842,16.13977968568575
9257.0,12.6955585612645,384.3623467557203,16.139413699604656
9258.0,11.273718783971502,384.3587496807946,16.139047677195514
9259.0,12.483393270571156,384.3555554604725,16.138681618492473
9260.0,11.68583029846682,384.35201849904587,16.138315523529677
9261.0,10.425356337565313,384.34870751379464,16.137949392341284
9262.0,9.842695701998382,384.34575366283224,16.137583224961446
9263.0,11.761076712937099,384.34296489905,16.137217021424323
9264.0,10.824262968694248,384.3396325939813,16.13685078176408
9265.0,11.153733427168909,384.3365657194736,16.13648450601488
9266.0,10.467713984447062,384.3334054950025,16.136118194210898
9267.0,10.724280895996198,384.3304396427069,16.1357518463863
9268.0,10.8115253412428,384.32740109645306,16.135385462575268
9269.0,11.811536524103095,384.32433783093967,16.135019042811976
9270.0,11.06647610426453,384.3209912289246,16.134652587130613
9271.0,11.821110061500866,384.3178557273617,16.13428609556536
9272.0,11.414516961514925,384.3145064128443,16.133919568150414
9273.0,11.444193154459246,384.31127229970514,16.13355300491996
9274.0,10.847262838887817,384.3080297783114,16.133186405908198
9275.0,9.477496601021391,384.3049563871737,16.132819771149325
9276.0,11.054882704413119,384.3022710964701,16.132453100677548
9277.0,10.86291998352164,384.29913887970383,16.13208639452707
9278.0,11.469928285515982,384.2960610523752,16.13171965273211
9279.0,11.994214024570555,384.2928112393609,16.13135287532686
9280.0,11.452251077395202,384.2894128787206,16.13098606234556
9281.0,11.826626234756853,384.28616807424874,16.130619213822417
9282.0,12.008990351792376,384.28281719681553,16.130252329791652
9283.0,11.152742875691535,384.2794146495492,16.1298854102875
9284.0,11.418330057846958,384.2762547057344,16.129518455344186
9285.0,10.392159358388701,384.27301951221807,16.12915146499594
9286.0,10.863530286540806,384.2700750670665,16.128784439277002
9287.0,11.101803840360118,384.26699706681865,16.128417378221613
9288.0,13.063222035646556,384.2638515557306,16.128050281864006
9289.0,9.850224197439465,384.2601503094871,16.12768315023844
9290.0,10.5181072637797,384.25735941263116,16.12731598337916
9291.0,11.15230646442154,384.25437928223977,16.12694878132042
9292.0,9.543623817177215,384.25121946207486,16.126581544096467
9293.0,10.996553510626395,384.2485154353267,16.12621427174157
9294.0,11.08097786005736,384.2453997451654,16.125846964289984
9295.0,10.050270820546848,384.2422601347717,16.125479621775984
9296.0,10.212068513452817,384.23941255803925,16.12511224423383
9297.0,10.134198651021899,384.2365191386271,16.124744831697804
9298.0,11.049776224805537,384.2336477823426,16.12437738420217
9299.0,11.108443447147424,384.23051701241224,16.124009901781218
9300.0,11.176342173110632,384.2273696201022,16.123642384469218
9301.0,11.569691061872197,384.22420298981984,16.123274832300467
9302.0,9.887913468551487,384.22092491068565,16.122907245309246
9303.0,11.67896962607794,384.21812333520285,16.122539623529853
9304.0,10.850335763006168,384.2148142938088,16.122171966996582
9305.0,10.90847042677242,384.2117400320093,16.121804275743724
9306.0,11.77402263831031,384.20864929872164,16.121436549805587
9307.0,11.795644823044048,384.2053133256409,16.121068789216476
9308.0,11.287898022626669,384.20197122627434,16.120700994010694
9309.0,12.287345094676882,384.1987729885012,16.120333164222558
9310.0,11.693596126139505,384.19529157405776,16.119965299886378
9311.0,9.87809298326105,384.1919783884886,16.11959740103648
9312.0,11.983154726337421,384.18917959547673,16.11922946770717
9313.0,11.706091750750405,384.1857843683043,16.118861499932787
9314.0,10.779338400476666,384.1824676423082,16.118493497747654
9315.0,11.792019393326584,384.1794134964281,16.1181254611861
9316.0,11.324210369379244,384.17607242426664,16.117757390282456
9317.0,11.674737104199252,384.17286389799534,16.117389285071063
9318.0,10.732644636800055,384.1695560558158,16.117021145586257
9319.0,11.367550162740146,384.1665151398354,16.116652971862386
9320.0,11.485558734267878,384.16329433395595,16.1162847639338
9321.0,11.260016623334481,384.1600400923146,16.11591652183484
9322.0,11.394667978083755,384.1568497542713,16.11554824559986
9323.0,11.116857846163098,384.1536212650108,16.115179935263225
9324.0,10.800718969644329,384.15047148862106,16.114811590859283
9325.0,10.157996980805505,384.14741128491306,16.114443212422405
9326.0,11.346683818042306,384.14453318576847,16.114074799986952
9327.0,11.27160124458195,384.14131829202,16.113706353587297
9328.0,10.864895605597724,384.13812467166736,16.113337873257805
9329.0,12.097084734502994,384.1350462845792,16.11296935903286
9330.0,12.132527814942147,384.1316187772377,16.112600810946834
9331.0,10.819417803309857,384.12818122769016,16.11223222903411
9332.0,10.054294423002055,384.1251157259792,16.11186361332907
9333.0,12.045732925895415,384.12226700922605,16.111494963866114
9334.0,10.636796895632044,384.11885405156374,16.111126280679613
9335.0,11.093109546543483,384.11584029244324,16.110757563803983
9336.0,9.694119255216501,384.1126972447384,16.1103888132736
9337.0,10.808372616972958,384.10995057761613,16.110020029122882
9338.0,11.220259336082899,384.1068882053747,16.109651211386222
9339.0,10.362515142318088,384.10370913189604,16.10928236009803
9340.0,11.702145659996017,384.10077308593907,16.108913475292717
9341.0,11.547495429467984,384.09745747800207,16.108544557004695
9342.0,11.919813877110048,384.0941856876304,16.10817560526838
9343.0,10.522839731120431,384.09080840703183,16.10780662011819
9344.0,10.871886816373769,384.08782693577473,16.107437601588547
9345.0,10.516977821836829,384.0847465678434,16.107068549713876
9346.0,11.721590303464344,384.0817667574606,16.106699464528607
9347.0,10.274221448467316,384.0784456402079,16.106330346067175
9348.0,12.223993192998176,384.07553461079755,16.10596119436401
9349.0,11.400383935170403,384.0720711460595,16.10559200945355
9350.0,10.822151660106222,384.0688410372779,16.10522279137024
9351.0,11.097745117578896,384.06577476097425,16.10485354014852
9352.0,10.474925415969102,384.0626303998576,16.104484255822836
9353.0,11.739877074982033,384.05966250432306,16.104114938427646
9354.0,10.6938513233832,384.05633620581847,16.103745587997395
9355.0,10.76401092002542,384.05330628127683,16.10337620456654
9356.0,11.28199604265921,384.0502564781828,16.10300678816954
9357.0,11.459917128235617,384.0470599126374,16.102637338840868
9358.0,12.934009135272818,384.0438129361177,16.102267856614976
9359.0,12.190408773908988,384.0401483001961,16.10189834152634
9360.0,12.238960244608956,384.0366943510435,16.101528793609432
9361.0,10.81803257741272,384.03322664564087,16.101159212898718
9362.0,11.411720373918476,384.03016153641056,16.10078959942869
9363.0,10.93391524354234,384.0269282156379,16.100419953233818
9364.0,11.425171223802092,384.0238302729856,16.10005027434859
9365.0,10.67989628649972,384.0205931411389,16.099680562807492
9366.0,11.175381056199873,384.01756717052433,16.099310818645016
9367.0,11.004089256994991,384.01440081255845,16.098941041895653
9368.0,11.663376318571222,384.01128298726894,16.0985712325939
9369.0,11.922587353036736,384.0079783639787,16.098201390774257
9370.0,11.006704175238099,384.004600297562,16.097831516471224
9371.0,12.430013080839116,384.00148173137904,16.097461609719307
9372.0,11.504225871846334,383.99795989433943,16.097091670553016
9373.0,11.357209079929575,383.99470036367575,16.09672169900686
9374.0,11.363202717112591,383.9914824877698,16.096351695115352
9375.0,11.679461438718613,383.9882629136666,16.095981658913015
9376.0,11.576662664802411,383.98495373292565,16.095611590434366
9377.0,10.712866992080976,383.9816736785039,16.095241489713924
9378.0,10.169833957100533,383.97863836618956,16.094871356786225
9379.0,10.646447246631858,383.97575691323505,16.09450119168579
9380.0,10.667619751968148,383.97274041984844,16.094130994447156
9381.0,12.126202293712097,383.9697179275854,16.093760765104857
9382.0,9.982300777658953,383.96628217026887,16.093390503693428
9383.0,11.299741788250943,383.9634538517152,16.093020210247417
9384.0,12.565854619328427,383.9602522582085,16.09264988480136
9385.0,10.705993925518918,383.956691932733,16.092279527389817
9386.0,11.41240051839173,383.9536585677875,16.09190913804732
9387.0,11.761748215630506,383.95042505430723,16.09153871680844
9388.0,10.806683197087503,383.9470925589795,16.091168263707726
9389.0,10.142307760313473,383.944030665407,16.090797778779734
9390.0,12.220106717334676,383.9411570115416,16.090427262059034
9391.0,10.786836065619037,383.9376946479717,16.090056713580182
9392.0,10.227842140800005,383.93463837775306,16.08968613337775
9393.0,9.621765004598945,383.93174048914653,16.089315521486313
9394.0,10.667578066679447,383.9290143223952,16.08894487794044
9395.0,12.32121664553064,383.92599184194296,16.08857420277471
9396.0,11.677661653410524,383.9225008305601,16.088203496023706
9397.0,12.158211061347956,383.91919215975827,16.087832757722
9398.0,9.614972660576182,383.9157473332909,16.08746198790419
9399.0,11.336436411337768,383.91302309103713,16.08709118660486
9400.0,11.290852192085238,383.90981110072056,16.086720353858606
9401.0,12.38337032186854,383.90661202593276,16.086349489700012
9402.0,11.260506894367108,383.90310340434155,16.085978594163688
9403.0,10.772274988088153,383.89991292738813,16.085607667284222
9404.0,11.013510480072139,383.89686078280823,16.08523670909623
9405.0,11.540872487377884,383.8937402881721,16.08486571963431
9406.0,11.108734322652975,383.8904703743008,16.08449469893307
9407.0,11.749049902829498,383.887322899576,16.084123647027134
9408.0,11.125823210874348,383.8839940021036,16.0837525639511
9409.0,11.228132001585296,383.8808416855271,16.083381449739605
9410.0,10.268939624597662,383.87766038146,16.083010304427255
9411.0,10.350698999316204,383.87475084856635,16.082639128048676
9412.0,11.502082144082129,383.87181815051656,16.0822679206385
9413.0,10.602141857552823,383.8685592272424,16.081896682231356
9414.0,10.856750180564763,383.8655552870494,16.081525412861872
9415.0,11.908626724125282,383.8624792078316,16.081154112564686
9416.0,11.30333688695232,383.85910509692644,16.080782781374435
9417.0,11.496958089894695,383.85590248480844,16.080411419325763
9418.0,12.222824274551995,383.8526450133497,16.08004002645331
9419.0,11.975798505686996,383.8491818798052,16.07966860279173
9420.0,10.836845223343612,383.8457887368952,16.079297148375662
9421.0,10.256557416895449,383.8427182974153,16.078925663239772
9422.0,10.805768549617012,383.8398122728138,16.078554147418703
9423.0,11.347108236908198,383.83675063839144,16.07818260094712
9424.0,11.296014891253604,383.83353562439095,16.07781102385968
9425.0,12.70098682433337,383.83033508683843,16.077439416191055
9426.0,12.246752783157405,383.82673647390493,16.077067777975902
9427.0,10.799428041403246,383.8232665606164,16.0766961092489
9428.0,10.997808789221382,383.8202067226713,16.076324410044712
9429.0,10.675132891691476,383.81709067684767,16.07595268039802
9430.0,11.683837926084488,383.8140660558617,16.0755809203435
9431.0,11.461876953172094,383.810755635116,16.07520912991584
9432.0,11.62420338849884,383.80750810331256,16.074837309149714
9433.0,11.492880784884967,383.8042145790192,16.074465458079818
9434.0,12.100573777749595,383.8009582627968,16.07409357674083
9435.0,11.009272583823927,383.79752976689304,16.07372166516745
9436.0,10.978656489903939,383.7944104729943,16.073349723394376
9437.0,11.963889145934269,383.79129985365546,16.0729777514563
9438.0,10.036419964240169,383.7879100850642,16.072605749387925
9439.0,12.013159593966487,383.785066432741,16.072233717223952
9440.0,9.593318969174087,383.78166270418933,16.071861654999097
9441.0,10.661234091832227,383.7789445971481,16.07148956274806
9442.0,10.714885738392947,383.77592391415544,16.071117440505557
9443.0,12.095849555092627,383.7728880298628,16.070745288306302
9444.0,12.365376630264777,383.7694608724889,16.070373106185013
9445.0,10.607758966082395,383.7659573491103,16.07000089417641
9446.0,11.950604955996548,383.76295181740323,16.069628652315213
9447.0,12.249466252365496,383.75956581266576,16.069256380636155
9448.0,10.422206143588644,383.75609513056094,16.068884079173962
9449.0,12.639545006846163,383.75314217215356,16.068511747963367
9450.0,10.985068314043689,383.74956096773496,16.068139387039096
9451.0,10.855587563867429,383.7464485317127,16.0677669964359
9452.0,11.318504877971177,383.7433727819029,16.067394576188512
9453.0,11.251504438335024,383.7401658721875,16.067022126331672
9454.0,11.380831414076239,383.73697794592994,16.066649646900128
9455.0,11.896749048196897,383.7337533770293,16.06627713792863
9456.0,12.688143929125566,383.73038263146566,16.065904599451926
9457.0,10.62094880848685,383.7267876573524,16.065532031504773
9458.0,10.80536699640441,383.72377838852333,16.065159434121924
9459.0,11.315912017118563,383.7207168678744,16.06478680733814
9460.0,11.654846153451276,383.7175106928029,16.064414151188185
9461.0,11.227465867868464,383.7142084863927,16.064041465706822
9462.0,10.53460613149834,383.7110273710635,16.063668750928812
9463.0,10.936832527792795,383.7080425659929,16.063296006888937
9464.0,11.087510929047117,383.7049437967767,16.062923233621966
9465.0,12.461723556117118,383.70180233534677,16.06255043116267
9466.0,11.924941981067867,383.6982715136725,16.062177599545834
9467.0,10.488849082634541,383.6948927801112,16.06180473880623
9468.0,9.877138228002153,383.69192093953785,16.06143184897865
9469.0,10.936906319296195,383.68912241703987,16.06105893009788
9470.0,10.224349522151929,383.68602362691604,16.06068598219871
9471.0,11.953220484497006,383.6831267278848,16.060313005315923
9472.0,11.048951289299612,383.67973998208083,16.05993999948432
9473.0,11.978951456798352,383.6766094458822,16.059566964738703
9474.0,11.225535780338843,383.6732154096361,16.059193901113865
9475.0,10.517214963538285,383.670034841165,16.05882080864461
9476.0,11.413730242911234,383.667054963592,16.05844768736575
9477.0,9.907994957525034,383.6638210733565,16.058074537312077
9478.0,11.169898670496059,383.6610138081185,16.057701358518422
9479.0,11.722316929992667,383.65784900349524,16.057328151019586
9480.0,12.129014776578344,383.65452768036505,16.056954914850387
9481.0,10.960806267770595,383.65109112617836,16.056581650045647
9482.0,12.03155911195384,383.6479855644025,16.056208356640184
9483.0,10.312051879374094,383.64457662265414,16.05583503466883
9484.0,11.578957488084615,383.6416548746216,16.0554616841664
9485.0,11.293351110804617,383.63837417,16.05508830516773
9486.0,11.332189978743461,383.6351743871852,16.054714897707647
9487.0,11.319380710490487,383.63196360002456,16.054341461821
9488.0,11.636695917516052,383.62875644215666,16.05396799754261
9489.0,13.81098857814422,383.62545937831334,16.053594504907327
9490.0,12.958002000956988,383.6215462648829,16.053220983949988
9491.0,11.976336501823566,383.6178748309826,16.052847434705445
9492.0,10.192117767121605,383.6144815356404,16.052473857208536
9493.0,12.347753707764888,383.6115937689397,16.052100251494124
9494.0,10.703181284644948,383.6080952387225,16.051726617597055
9495.0,11.275405969515958,383.60506267069184,16.051352955552183
9496.0,11.383424757350985,383.6018679723338,16.050979265394375
9497.0,11.436304814492662,383.5986426686526,16.05060554715848
9498.0,10.71745515577878,383.59540238228846,16.050231800879374
9499.0,12.648548489678433,383.5923657699944,16.049858026591913
9500.0,12.048791039742381,383.588782014589,16.04948422433098
9501.0,11.540617784031413,383.585368190461,16.049110394131432
9502.0,12.077208792052089,383.58209834875555,16.04873653602815
9503.0,10.581627224611234,383.57867647293114,16.04836265005601
9504.0,11.584727258719754,383.5756783452175,16.047988736249895
9505.0,11.637305492153368,383.57239600582756,16.04761479464468
9506.0,11.320757300340773,383.5690987692715,16.047240825275253
9507.0,11.129436222242093,383.56589122136967,16.046866828176505
9508.0,10.451702531046994,383.5627378811067,16.04649280338332
9509.0,11.833802811104704,383.5597765653896,16.046118750930596
9510.0,11.624723535836576,383.5564236545931,16.04574467085322
9511.0,11.738118961842453,383.55312998292464,16.0453705631861
9512.0,12.305646873814723,383.54980418255207,16.044996427964126
9513.0,10.854485107671781,383.54631758260456,16.044622265222205
9514.0,10.523530391827494,383.5432421451573,16.044248074995245
9515.0,10.725329274730589,383.54026047821304,16.043873857318154
9516.0,10.977940691269911,383.5372216349185,16.043499612225837
9517.0,11.05074587899763,383.53411121838934,16.043125339753207
9518.0,11.54512613585428,383.5309801737236,16.04275103993519
9519.0,11.272728890986249,383.52770905465184,16.042376712806693
9520.0,11.441911049459387,383.5245151147994,16.04200235840264
9521.0,11.29344438351083,383.52127324000196,16.041627976757955
9522.0,11.194863940499152,383.51807343076,16.04125356790756
9523.0,10.763159854242739,383.5149015526435,16.04087913188639
9524.0,12.267915814378398,383.5118519906849,16.040504668729373
9525.0,11.2404856443832,383.5083760812041,16.040130178471436
9526.0,12.331718570171468,383.5051912769382,16.039755661147524
9527.0,10.666360042833684,383.50169729001,16.039381116792573
9528.0,11.644382404221831,383.4986751546645,16.03900654544152
9529.0,11.218514025215141,383.4953759129833,16.038631947129314
9530.0,11.88570717318172,383.4921973340096,16.0382573218909
9531.0,11.781647232940738,383.48882971697714,16.03788266976122
9532.0,11.721655400897417,383.48549158359447,16.03750799077523
9533.0,12.597846570942966,383.4821704478975,16.03713328496788
9534.0,10.890721607442966,383.47860105803574,16.03675855237413
9535.0,12.041744117233424,383.47551535358036,16.036383793028943
9536.0,12.403764291201103,383.47210352608045,16.03600900696727
9537.0,12.610772681029067,383.468589126198,16.03563419422408
9538.0,10.873145614336508,383.46501607393833,16.035259354834338
9539.0,12.098385124532282,383.46193534934764,16.03488448883301
9540.0,10.622960234914363,383.4585074735623,16.034509596255074
9541.0,10.565319570728416,383.4554976348291,16.03413467713549
9542.0,10.538387671977,383.45250412761743,16.033759731509246
9543.0,10.58785923113824,383.4495182511103,16.03338475941132
9544.0,11.4880425896328,383.4465183576615,16.033009760876688
9545.0,10.972223033994826,383.44326341226116,16.032634735940334
9546.0,10.931980971186166,383.44015461573485,16.03225968463724
9547.0,10.891766632237406,383.43705722112634,16.031884607002404
9548.0,11.21739887756789,383.43397122058053,16.031509503070808
9549.0,9.851082710985162,383.43079295756525,16.03113437287745
9550.0,11.748786791925795,383.4280018174638,16.030759216457323
9551.0,11.776169098972876,383.4246729945394,16.030384033845426
9552.0,10.845697862683537,383.42133641329474,16.03000882507676
9553.0,11.050961083904017,383.41826346556695,16.02963359018633
9554.0,11.088801550707178,383.41513235992653,16.02925832920913
9555.0,10.942424323759873,383.4119905328205,16.028883042180183
9556.0,10.677947490982891,383.40889017926213,16.028507729134493
9557.0,11.09039067103598,383.4058647608063,16.028132390107068
9558.0,11.860947513456544,383.4027224834495,16.027757025132928
9559.0,11.628975171961368,383.39936188165404,16.027381634247092
9560.0,9.179447319475685,383.3960670053553,16.027006217484576
9561.0,10.581436835194898,383.39346616194814,16.026630774880402
9562.0,11.74369621541202,383.3904680881782,16.0262553064696
9563.0,11.77056604000157,383.3871407075838,16.02587981228719
9564.0,11.434190792838338,383.3838057138725,16.025504292368208
9565.0,10.401752513218923,383.3805660264812,16.02512874674768
9566.0,10.346348741124164,383.37761886326905,16.024753175460646
9567.0,10.22627100707545,383.3746873977924,16.024377578542136
9568.0,11.881947961628052,383.3717899543404,16.0240019560272
9569.0,11.776178063862991,383.36842340241793,16.023626307950863
9570.0,13.026063741410608,383.36508681863324,16.023250634348184
9571.0,11.82810522860715,383.3613961005731,16.022874935254205
9572.0,13.784388857198815,383.3580448040917,16.02249921070397
9573.0,9.745823977988852,383.3541392272488,16.022123460732537
9574.0,11.558019596529483,383.351377910455,16.02174768537495
9575.0,10.310854716621172,383.348103138236,16.021371884666276
9576.0,10.657064074461974,383.3451817293996,16.020996058641565
9577.0,11.253103432685993,383.3421622279119,16.020620207335877
9578.0,10.529741548617649,383.338973848606,16.020244330784283
9579.0,10.487824637069819,383.33599042183386,16.019868429021837
9580.0,11.773712542956646,383.33301887152004,16.019492502083615
9581.0,11.113849329441567,383.32968298629953,16.019116550004686
9582.0,11.738317048865236,383.3265340623228,16.01874057282012
9583.0,11.596881212299332,383.32320820582567,16.01836457056499
9584.0,11.600486393726266,383.3199224228155,16.01798854327438
9585.0,11.828821850654894,383.31663561833733,16.01761249098336
9586.0,10.778693237826026,383.313284118813,16.017236413727016
9587.0,11.384204349156217,383.3102301557289,16.016860311540434
9588.0,10.342729336077614,383.3070046311633,16.016484184458697
9589.0,10.858432725475726,383.3040741911847,16.01610803251689
9590.0,11.452474209766926,383.30099763524584,16.015731855750115
9591.0,11.107289559495898,383.2977527675531,16.015355654193456
9592.0,11.626127338494555,383.2946057021779,16.01497942788201
9593.0,11.270064388999756,383.2913116327653,16.01460317685088
9594.0,11.269181885280297,383.2881184478551,16.014226901135157
9595.0,11.909792071127212,383.2849255129876,16.01385060076995
9596.0,11.181910675530089,383.2815510719008,16.01347427579036
9597.0,11.655278974244775,383.27838286387606,16.013097926231502
9598.0,10.736375298620331,383.2750805348333,16.012721552128475
9599.0,12.134131247440113,383.27203856183206,16.012345153516396
9600.0,10.800798505775115,383.26860055797863,16.01196873043038
9601.0,11.775669092312029,383.26554033173534,16.01159228290554
9602.0,9.806428926257938,383.26220389215916,16.01121581097699
9603.0,11.459309269519403,383.2594254039634,16.010839314679863
9604.0,11.402491570636396,383.2561785996704,16.01046279404927
9605.0,10.789669022821519,383.2529478937254,16.010086249120345
9606.0,10.458255917593489,383.2498908208356,16.00970967992821
9607.0,10.729066521988099,383.24692764832565,16.009333086508
9608.0,11.04102880928007,383.2438877461443,16.008956468894844
9609.0,12.362050355655043,383.2407594546484,16.008579827123874
9610.0,10.18465485449938,383.2372568737143,16.008203161230227
9611.0,10.487021924230126,383.2343712215055,16.00782647124905
9612.0,10.686716738648826,383.231399898627,16.00744975721547
9613.0,10.888907658584053,383.2283719955511,16.00707301916464
9614.0,11.366864974781036,383.22528680504774,16.006696257131708
9615.0,12.464109863150256,383.22206619330495,16.006319471151812
9616.0,12.348202424595094,383.21853469551036,16.00594266126011
9617.0,11.283570509473732,383.2150360381567,16.00556582749175
9618.0,8.811678829013264,383.2118390265124,16.00518896988189
9619.0,10.562170951961146,383.2093423841775,16.004812088465684
9620.0,10.306151027446813,383.20634976907445,16.004435183278293
9621.0,10.94019267008544,383.20342969295,16.004058254354874
9622.0,10.051461203295776,383.20032997169346,16.003681301730595
9623.0,12.722762188488456,383.1974820576859,16.003304325440617
9624.0,11.335797635371696,383.1938772750658,16.002927325520112
9625.0,10.204762284763381,383.1906654657358,16.00255030200425
9626.0,11.39983615754314,383.18777411642174,16.002173254928202
9627.0,10.525229990084041,383.18454416284385,16.00179618432714
9628.0,11.052587222558031,383.18156201434664,16.001419090236244
9629.0,12.148944860862752,383.17843044796695,16.00104197269069
9630.0,10.227052876417318,383.174988246923,16.00066483172566
9631.0,12.958604260817403,383.17209058194135,16.000287667376337
9632.0,10.676443730939743,383.16841897740073,15.999910479677908
9633.0,10.910125089392729,383.1653939850104,15.99953326866556
9634.0,10.473211784560672,383.1623027829017,15.999156034374483
9635.0,10.332535151445267,383.15933537289607,15.998778776839865
9636.0,10.97797927093034,383.1564078212698,15.998401496096903
9637.0,11.131747544027524,383.15329739380974,15.998024192180795
9638.0,12.628798014246996,383.15014339867224,15.997646865126734
9639.0,10.542031666932713,383.14656523923486,15.997269514969927
9640.0,10.736607462558673,383.1435783302625,15.996892141745573
9641.0,11.767182180047746,383.1405362914815,15.996514745488875
9642.0,11.702183448132399,383.13720225653054,15.996137326235043
9643.0,10.66561741240305,383.13388663788686,15.995759884019288
9644.0,11.287884702660282,383.1308647129534,15.995382418876813
9645.0,11.370297595406472,383.12766647895427,15.995004930842843
9646.0,10.771375952089883,383.1244448946356,15.994627419952586
9647.0,11.137180628031272,383.1213930047825,15.994249886241258
9648.0,11.655231249535856,383.11823747027125,15.993872329744084
9649.0,11.036378749818615,383.1149351547505,15.993494750496282
9650.0,10.732378857471824,383.1118081807714,15.99311714853308
9651.0,12.361004018707405,383.10876734009514,15.992739523889702
9652.0,10.879001647985968,383.1052650556232,15.992361876601374
9653.0,11.419171672218042,383.1021826718229,15.99198420670333
9654.0,12.068316029105596,383.0989472398491,15.991606514230801
9655.0,11.992777447502675,383.09552788364084,15.99122879921902
9656.0,10.675614029721263,383.09212993003075,15.990851061703227
9657.0,10.379508069546509,383.08910517272227,15.990473301718659
9658.0,11.661562561435119,383.08616431210254,15.990095519300555
9659.0,11.968745630479173,383.08286020271015,15.989717714484163
9660.0,10.496546091491364,383.0794690581149,15.989339887304723
9661.0,11.712274072494829,383.0764950367223,15.988962037797483
9662.0,11.959559014995682,383.0731765590684,15.988584165997695
9663.0,11.359765280555777,383.0697880173475,15.988206271940609
9664.0,10.757317435544,383.06656941718467,15.98782835566148
9665.0,13.30788423369964,383.0635215105779,15.987450417195557
9666.0,12.034641740031937,383.05975094337845,15.987072456578105
9667.0,11.584177773412206,383.0563411282187,15.98669447384438
9668.0,11.117683397708415,383.05305894451624,15.986316469029644
9669.0,11.614787883534376,383.04990893422024,15.98593844216916
9670.0,12.554799585003908,383.04661807765325,15.985560393298195
9671.0,11.66770437771649,383.04306088443747,15.98518232245202
9672.0,10.491171129771423,383.03975503486373,15.984804229665896
9673.0,10.992614321266707,383.036782536377,15.984426114975108
9674.0,11.52321933180615,383.03366796231927,15.984047978414916
9675.0,11.275003047771818,383.03040305017527,15.983669820020605
9676.0,10.041840118508158,383.02720846597845,15.983291639827451
9677.0,10.807161775064328,383.0243632779449,15.982913437870733
9678.0,11.213883392303641,383.0213012487753,15.98253521418573
9679.0,11.06530178601998,383.01812398181414,15.982156968807736
9680.0,11.50307801189915,383.01498881297476,15.98177870177203
9681.0,11.699000196724178,383.01172960753803,15.981400413113898
9682.0,11.572726333909005,383.00841489081563,15.981022102868636
9683.0,10.318527614558352,383.00513595168763,15.98064377107153
9684.0,11.340352654388145,383.0022123688635,15.980265417757881
9685.0,11.920547424722006,382.9989992689448,15.97988704296298
9686.0,11.397182642602614,382.99562178050775,15.979508646722131
9687.0,12.701213803320941,382.99239257875905,15.979130229070629
9688.0,11.808136876558416,382.9887939015147,15.978751790043775
9689.0,11.893133246967729,382.9854482627331,15.978373329676879
9690.0,10.525076823533901,382.98207854164644,15.977994848005244
9691.0,11.016944948050607,382.9790964365464,15.97761634506418
9692.0,10.082764085528552,382.97597496881116,15.977237820888993
9693.0,10.905895609937764,382.97311818565356,15.976859275514995
9694.0,11.91299004574833,382.9700281818974,15.976480708977508
9695.0,11.291559607548919,382.96665283471776,15.976102121311841
9696.0,11.562761367830499,382.96345355949563,15.975723512553314
9697.0,10.256827308664782,382.96017744377474,15.97534488273725
9698.0,10.56768960206593,382.9572713427039,15.974966231898966
9699.0,10.738120252417934,382.9542771639833,15.974587560073786
9700.0,10.832702221073648,382.9512346965785,15.97420886729704
9701.0,10.946365818339311,382.9481654309492,15.973830153604055
9702.0,11.09745525407341,382.945063960634,15.97345141903016
9703.0,11.753745716735546,382.9419196816453,15.973072663610688
9704.0,9.693101482885385,382.93858945369226,15.97269388738097
9705.0,11.225021532347302,382.93584307493876,15.972315090376345
9706.0,11.661192877263423,382.93266265217125,15.971936272632146
9707.0,11.637162725978364,382.92935864752275,15.971557434183715
9708.0,12.74724052317194,382.926061451417,15.971178575066396
9709.0,10.723041370188211,382.92244973326876,15.97079969531553
9710.0,11.12550689847071,382.9194115382139,15.970420794966463
9711.0,11.880802868935305,382.9162593112593,15.970041874054541
9712.0,12.27913196343864,382.91289308377986,15.969662932615112
9713.0,10.81735803875057,382.9094139963902,15.969283970683533
9714.0,9.979157024755194,382.9063490782792,15.968904988295153
9715.0,10.124338534248361,382.9035216504555,15.968525985485323
9716.0,12.165823376156487,382.90065308787086,15.968146962289408
9717.0,10.459837437779898,382.89720610458096,15.967767918742762
9718.0,10.978805604344332,382.8942424839736,15.967388854880745
9719.0,11.445916459814411,382.8911318223856,15.967009770738722
9720.0,11.415852876444742,382.88788881272205,15.966630666352058
9721.0,10.007378912145997,382.8846543210737,15.966251541756112
9722.0,11.245930536560927,382.88181889704856,15.965872396986263
9723.0,12.377863715221348,382.8786325500633,15.965493232077874
9724.0,11.171673866927236,382.87512548867727,15.96511404706632
9725.0,12.085334142355299,382.8719601810816,15.964734841986973
9726.0,11.26644224481866,382.86853600307467,15.96435561687521
9727.0,11.102744314556068,382.86534384443866,15.963976371766403
9728.0,9.405288975497278,382.8621980668828,15.963597106695943
9729.0,10.396771318959903,382.8595332350065,15.963217821699198
9730.0,11.619973775353873,382.8565874831328,15.962838516811562
9731.0,11.915904824536202,382.85329515722975,15.962459192068414
9732.0,11.400380452399707,382.8499189841961,15.962079847505144
9733.0,10.524795106716729,382.8466888764013,15.961700483157138
9734.0,11.39092395812835,382.843706851121,15.961321099059791
9735.0,11.701993149010907,382.8404794226662,15.960941695248486
9736.0,11.075676331001011,382.83716385794065,15.96056227175863
9737.0,11.583089440524171,382.83402574964686,15.960182828625609
9738.0,10.157326928355342,382.83074387430537,15.959803365884826
9739.0,11.230643279740436,382.827865965009,15.959423883571676
9740.0,12.082257256946672,382.8246839494131,15.959044381721569
9741.0,12.071793905807825,382.82126064319027,15.958664860369899
9742.0,10.879770388988131,382.8178403015836,15.958285319552076
9743.0,11.012712903208268,382.8147576999734,15.957905759303506
9744.0,11.786331584263355,382.81163743131754,15.957526179659597
9745.0,10.915712971798087,382.80829797070203,15.957146580655763
9746.0,9.807636031523504,382.80520518535997,15.956766962327416
9747.0,10.33757456734827,382.80242635515106,15.956387324709965
9748.0,10.94849565694384,382.7994973756903,15.95600766783883
9749.0,10.623049860072104,382.79639530192077,15.95562799174943
9750.0,10.691324552035029,382.7933854377938,15.955248296477182
9751.0,11.559649275322515,382.7903562291707,15.95486858205751
9752.0,12.062233886943936,382.7870809952094,15.954488848525834
9753.0,10.830443278959837,382.78366336227475,15.95410909591758
9754.0,11.27244418560922,382.7805947366791,15.953729324268174
9755.0,11.86037189631928,382.7774008774931,15.95334953361305
9756.0,12.159453692150617,382.7740404387892,15.952969723987634
9757.0,11.153059617805388,382.77059526024306,15.952589895427355
9758.0,12.025854522322467,382.7674352266847,15.952210047967652
9759.0,11.353076712926033,382.7640279012367,15.95183018164396
9760.0,11.63539117400177,382.76081119616805,15.951450296491712
9761.0,11.008870424722174,382.7575145020021,15.951070392546352
9762.0,12.016802823863886,382.7543953220484,15.95069046984332
9763.0,11.362636562635693,382.75099056124833,15.950310528418058
9764.0,11.165574164619445,382.74777114755557,15.94993056830601
9765.0,10.641261901941155,382.74460756820895,15.949550589542621
9766.0,10.832381748827094,382.74159254400337,15.949170592163341
9767.0,10.255888498333672,382.7385233691745,15.948790576203619
9768.0,10.813405674936991,382.7356175341,15.948410541698905
9769.0,11.47673473887091,382.73255373582543,15.948030488684658
9770.0,10.991988337876984,382.7293019943161,15.947650417196323
9771.0,12.751715042422429,382.72618759762037,15.947270327269365
9772.0,11.92898378137427,382.72257461169164,15.946890218939236
9773.0,10.535953845204611,382.7191947329536,15.9465100922414
9774.0,11.685341567349147,382.71620954603077,15.94612994721132
9775.0,11.826617424325818,382.7128986992534,15.945749783884454
9776.0,11.364502932161104,382.70954782431653,15.945369602296267
9777.0,11.234976864041581,382.7063278818191,15.944989402482234
9778.0,10.072437657615568,382.7031446383743,15.944609184477816
9779.0,10.571025205465286,382.70029078103795,15.944228948318488
9780.0,11.926919370199347,382.69729565722974,15.943848694039714
9781.0,11.613544367768572,382.69391636340816,15.943468421676979
9782.0,10.97516884820159,382.69062585917067,15.943088131265748
9783.0,12.081488489441487,382.68751622799704,15.942707822841506
9784.0,10.774205011408094,382.68409313959165,15.942327496439724
9785.0,11.493443391742824,382.68104044817176,15.941947152095885
9786.0,11.472092247029456,382.67778397254415,15.941566789845472
9787.0,10.005960633318999,382.6745335464074,15.941186409723972
9788.0,12.031585909064765,382.671698524228,15.940806011766867
9789.0,11.233211602242346,382.66828957488707,15.940425596009641
9790.0,12.850830318452973,382.66510683159976,15.940045162487788
9791.0,11.112021327860285,382.6614657630095,15.939664711236796
9792.0,11.193932099009725,382.6583173569667,15.939284242292157
9793.0,12.240716302270823,382.6551457428719,15.93890375568936
9794.0,11.547568429933756,382.65167753991955,15.938523251463906
9795.0,12.181119641020622,382.6484057288644,15.938142729651293
9796.0,9.783240612727356,382.64495441163285,15.937762190287017
9797.0,11.225035116565119,382.6421824934592,15.937381633406577
9798.0,11.106418341863925,382.63900206684286,15.937001059045478
9799.0,11.06317189613859,382.6358552483126,15.936620467239221
9800.0,10.508107836834181,382.6327206829421,15.936239858023312
9801.0,10.738430158009779,382.62974338572167,15.935859231433255
9802.0,11.814153850171504,382.6267008305102,15.935478587504559
9803.0,11.085905796478295,382.6233534869193,15.93509792627274
9804.0,9.424054790032084,382.62021248027696,15.9347172477733
9805.0,11.430453432165908,382.6175423314198,15.934336552041762
9806.0,11.945224752077287,382.6143037029474,15.933955839113633
9807.0,11.0451852927191,382.61091922260096,15.933575109024435
9808.0,9.989901880353056,382.60778975343464,15.933194361809681
9809.0,11.637451601551378,382.6049592812352,15.932813597504891
9810.0,12.337793593794121,382.60166200328143,15.93243281614559
9811.0,12.396305903558638,382.5981662950965,15.932052017767303
9812.0,11.725767449917388,382.5946540084239,15.931671202405541
9813.0,10.819869812968937,382.59133170764636,15.931290370095844
9814.0,11.639527618558452,382.5882660778661,15.930909520873735
9815.0,11.864168892710635,382.58496821170746,15.930528654774742
9816.0,10.67408822894183,382.58160669718785,15.930147771834397
9817.0,10.667482826684727,382.5785823721897,15.929766872088228
9818.0,11.758367210047997,382.5755599187221,15.929385955571776
9819.0,10.406660256799306,382.57222838134595,15.92900502232057
9820.0,11.473102862901062,382.5692798276065,15.928624072370148
9821.0,11.766352380124054,382.56602911512874,15.928243105756055
9822.0,10.805819473382458,382.56269531528767,15.92786212251382
9823.0,10.623775081643869,382.5596336664369,15.927481122678998
9824.0,11.033466075321043,382.55662359683043,15.927100106287119
9825.0,12.200577702598723,382.55349744810906,15.926719073373732
9826.0,11.233391001029698,382.55004061776,15.926338023974388
9827.0,11.912375482157646,382.546857823643,15.92595695812463
9828.0,11.12041409384938,382.54348265058974,15.925575875860009
9829.0,11.694973705562298,382.5403318665965,15.925194777216076
9830.0,11.979227400799731,382.53701829071326,15.92481366222838
9831.0,11.48123745266815,382.533624176283,15.92443253093248
9832.0,11.784711974809488,382.5303711590048,15.924051383363928
9833.0,11.112681249110747,382.5270321572786,15.923670219558282
9834.0,10.91060303021082,382.52388356425797,15.9232890395511
9835.0,10.90740047028368,382.52079222673274,15.922907843377946
9836.0,10.603481204665314,382.5177017965995,15.922526631074371
9837.0,11.784923327717145,382.5146974769249,15.92214540267595
9838.0,11.670991836929018,382.5113584153154,15.921764158218238
9839.0,11.536003827046896,382.5080516342949,15.921382897736807
9840.0,10.530645005973138,382.50478309987716,15.921001621267225
9841.0,10.843785304003278,382.50179941712554,15.920620328845056
9842.0,12.026293530519814,382.49872701128936,15.92023902050587
9843.0,11.632318119733474,382.4953195614557,15.919857696285247
9844.0,10.001462930109732,382.49202373798846,15.91947635621875
9845.0,10.735327285601745,382.4891899901583,15.919095000341963
9846.0,10.92300495006438,382.486148314094,15.918713628690456
9847.0,11.140852547558364,382.4830534626915,15.918332241299808
9848.0,11.350455530392967,382.47989688780297,15.917950838205602
9849.0,12.521800900816652,382.4766809254027,15.917569419443417
9850.0,10.883233447837734,382.4731330818142,15.917187985048832
9851.0,11.302233252557935,382.47004949900395,15.916806535057432
9852.0,11.817774135848504,382.4668471995824,15.916425069504804
9853.0,13.28087569285898,382.46349883024385,15.916043588426534
9854.0,10.186269079769447,382.45973591546425,15.915662091858215
9855.0,11.319655763420915,382.4568498058917,15.915280579835423
9856.0,11.71833599974427,382.45364257009203,15.914899052393762
9857.0,11.437958147574241,382.4503223748921,15.914517509568816
9858.0,10.38334610621364,382.44708162008357,15.914135951396185
9859.0,10.715418274418445,382.4441396720202,15.913754377911461
9860.0,11.028806816960783,382.4411036368424,15.913372789150241
9861.0,12.401213687829237,382.4379788082443,15.91299118514812
9862.0,11.30580892468208,382.4344651310327,15.912609565940706
9863.0,11.190489732891168,382.431261818504,15.912227931563592
9864.0,12.402459069500999,382.4280911797464,15.911846282052382
9865.0,11.556495542003784,382.42457714967674,15.911464617442682
9866.0,10.599565913619434,382.4213028092731,15.911082937770095
9867.0,10.883298980618362,382.4182995989309,15.910701243070227
9868.0,10.402295799079328,382.41521599755305,15.91031953337869
9869.0,10.437215352595524,382.41226868041,15.909937808731089
9870.0,10.131970192670032,382.40931146939346,15.909556069163035
9871.0,11.188682519658927,382.4064407445055,15.909174314710143
9872.0,12.948479179609183,382.40327061779163,15.908792545408025
9873.0,10.648650554267512,382.39960188202406,15.908410761292298
9874.0,10.282118486457886,382.396584764367,15.908028962398571
9875.0,11.639739340447628,382.39367149746255,15.907647148762473
9876.0,11.792395996210624,382.39037357131605,15.907265320419611
9877.0,10.818187209403229,382.38703239245046,15.906883477405616
9878.0,10.980736962374536,382.38396723940787,15.906501619756101
9879.0,11.138886091472866,382.3808560306018,15.906119747506695
9880.0,11.229457788991112,382.3777000128759,15.905737860693021
9881.0,11.47181123631714,382.3745183331691,15.905355959350706
9882.0,11.676621822740664,382.3712679866521,15.904974043515374
9883.0,10.721960410384568,382.367959610469,15.904592113222655
9884.0,11.346236126071982,382.3649217216861,15.90421016850818
9885.0,11.104164405617128,382.36170695478364,15.90382820940758
9886.0,10.547090185611818,382.35856077486875,15.903446235956487
9887.0,11.725329067585255,382.35557243264947,15.903064248190534
9888.0,10.549140450846222,382.3522502560803,15.902682246145362
9889.0,10.58285351334295,382.34926133295255,15.902300229856598
9890.0,10.068296277506807,382.3462628577905,15.901918199359887
9891.0,11.233480307999928,382.34341017384514,15.901536154690866
9892.0,10.925021721074176,382.3402273544246,15.901154095885179
9893.0,11.83736755915528,382.3371319316036,15.900772022978458
9894.0,10.242235808812705,382.33377801079513,15.90038993600636
9895.0,11.67891513089452,382.3308760439827,15.900007835004516
9896.0,12.595875459438936,382.32756701802896,15.899625720008583
9897.0,12.136529160861253,382.3239981866488,15.899243591054205
9898.0,12.031489786737056,382.3205595033865,15.898861448177026
9899.0,11.290549391628518,382.31715058128026,15.898479291412698
9900.0,10.576672441235548,382.313951592286,15.898097120796875
9901.0,10.929115236779877,382.31095486842764,15.897714936365208
9902.0,11.254498401497306,382.3078582857773,15.897332738153347
9903.0,9.809496685314883,382.30466951123014,15.896950526196953
9904.0,12.157801308754713,382.301890153836,15.896568300531678
9905.0,10.32641141311272,382.29844544346514,15.89618606119318
9906.0,9.963350431616727,382.2955196268981,15.895803808217117
9907.0,11.173068674098309,382.2926966776091,15.895421541639154
9908.0,11.7277582786912,382.28953097481815,15.895039261494944
9909.0,11.749290454248419,382.2862081099725,15.894656967820156
9910.0,11.086809120911749,382.2828791443438,15.894274660650453
9911.0,11.728724147104236,382.27973788175956,15.893892340021496
9912.0,10.704131308866495,382.2764147432512,15.89351000596896
9913.0,11.744847646281222,382.27338190604706,15.893127658528504
9914.0,11.321195966653583,382.2700541992139,15.892745297735797
9915.0,11.720238200150392,382.2668465270234,15.892362923626514
9916.0,11.27956078788759,382.26352579286663,15.891980536236325
9917.0,10.7604725289816,382.2603299173101,15.891598135600901
9918.0,9.454348274558164,382.2572811167602,15.891215721755918
9919.0,10.261355186614894,382.2546023847491,15.89083329473705
9920.0,10.518142460625976,382.25169500077953,15.89045085457997
9921.0,10.671079917309655,382.24871486041576,15.890068401320361
9922.0,10.934437508570726,382.2456913877725,15.8896859349939
9923.0,12.639442584584975,382.24259329714505,15.889303455636261
9924.0,10.480524546506208,382.2390121217461,15.888920963283134
9925.0,11.732009170525217,382.23604263979126,15.888538457970196
9926.0,10.96424022449996,382.23271857052634,15.888155939733133
9927.0,10.453320272394384,382.22961203579604,15.88777340860763
9928.0,11.732491617772467,382.2266502617189,15.88739086462937
9929.0,10.94452032305005,382.2233260557604,15.887008307834044
9930.0,11.514079800933478,382.2202251083356,15.886625738257338
9931.0,10.798631658740284,382.21696278572534,15.886243155934942
9932.0,10.047724907248735,382.21390317342207,15.885860560902547
9933.0,10.870279151175307,382.2110563180317,15.885477953195844
9934.0,10.417164080572082,382.2079764056055,15.885095332850526
9935.0,10.605181093175501,382.20502487578267,15.88471269990229
9936.0,10.973626275460324,382.20202007447296,15.884330054386828
9937.0,10.20088307659805,382.19891088036155,15.88394739633984
9938.0,10.058344789715818,382.1960206301565,15.883564725797019
9939.0,11.772106648840515,382.19317076579944,15.883182042794072
9940.0,11.135990050117236,382.18983533558225,15.882799347366689
9941.0,11.942559254767136,382.1866801384014,15.882416639550579
9942.0,12.407207502059386,382.18329641327927,15.88203391938144
9943.0,12.166968327581753,382.17978103782025,15.881651186894983
9944.0,10.404513618636654,382.1763337301275,15.881268442126903
9945.0,11.83064321439802,382.1733857846022,15.88088568511291
9946.0,12.527842618330853,382.17003376902477,15.880502915888712
9947.0,11.707395548763834,382.1664842136163,15.880120134490017
9948.0,11.15969791176563,382.1631671182108,15.87973734095253
9949.0,10.307993807286328,382.1600052038025,15.879354535311972
9950.0,10.977311763112947,382.1570846055571,15.878971717604044
9951.0,11.011467680434665,382.1539743672242,15.878588887864465
9952.0,13.106754117545323,382.15085445138146,15.878206046128943
9953.0,12.0218915757177,382.1471408710481,15.877823192433198
9954.0,11.167922303265422,382.143734668435,15.877440326812945
9955.0,11.081588337499415,382.1405704237824,15.877057449303901
9956.0,9.925078590423853,382.1374306404201,15.876674559941783
9957.0,11.987612154082226,382.1346185348195,15.876291658762312
9958.0,12.164638097577226,382.1312220447092,15.875908745801208
9959.0,11.747573201250392,382.1277753972482,15.875525821094191
9960.0,11.947447009483396,382.1244469181745,15.875142884676986
9961.0,10.866902436796003,382.12106180818853,15.874759936585313
9962.0,11.229818221028765,382.1179828524981,15.874376976854906
9963.0,12.173377332296042,382.1148010706688,15.87399400552148
9964.0,11.44279403404835,382.1113519470913,15.87361102262077
9965.0,11.697847179419952,382.10810982211495,15.8732280281885
9966.0,11.454972053528254,382.1047954320808,15.872845022260396
9967.0,11.008956242957252,382.10154985666566,15.872462004872197
9968.0,12.395673082663349,382.0984306523968,15.872078976059628
9969.0,11.518497728267263,382.09491854502335,15.871695935858423
9970.0,12.206055451700685,382.09165497066704,15.871312884304315
9971.0,11.285457866325821,382.08819658828907,15.870929821433043
9972.0,10.808918789554477,382.0849990418936,15.870546747280333
9973.0,12.46056205055999,382.0819365149032,15.870163661881932
9974.0,12.319922080421463,382.0784060223222,15.86978056527357
9975.0,10.828569312129105,382.0749153777328,15.86939745749099
9976.0,10.640144471386737,382.07184728309437,15.86901433856993
9977.0,12.311597729195105,382.0688325754941,15.868631208546134
9978.0,11.57651387005413,382.06534428947083,15.868248067455339
9979.0,10.736848051858344,382.0620642772077,15.867864915333291
9980.0,9.602548317670092,382.05902217025965,15.86748175221573
9981.0,9.825647041358987,382.0563014482363,15.867098578138407
9982.0,11.738434979938907,382.0535175149079,15.866715393137062
9983.0,11.789416723666829,382.05019162499696,15.866332197247447
9984.0,9.95549892038343,382.0468512902586,15.86594899050531
9985.0,11.928856499211573,382.04403056556447,15.865565772946393
9986.0,12.025941757527077,382.0406507228897,15.865182544606457
9987.0,11.222738191245048,382.0372433727251,15.864799305521242
9988.0,11.20101048348478,382.0340635969042,15.864416055726505
9989.0,10.693629946319248,382.03088997726724,15.864032795258003
9990.0,11.651874154084467,382.0278601154491,15.863649524151482
9991.0,11.416547934260844,382.0245587511055,15.863266242442702
9992.0,11.661655892576396,382.02132406252406,15.86288295016742
9993.0,11.882987720135027,382.0180199266879,15.862499647361387
9994.0,11.636968284818014,382.01465308016714,15.862116334060369
9995.0,11.021423538008193,382.0113559391531,15.861733010300119
9996.0,11.578525040794501,382.008233202484,15.861349676116399
9997.0,11.307239295000471,382.00495262038913,15.86096633154497
9998.0,12.155590149524071,382.0017489025889,15.860582976621593
9999.0,11.141374742641904,381.9983048187132,15.860199611382031
10000.0,10.102568302848839,381.9951480958694,15.859816235862048
10001.0,10.090162338163415,381.9922857015169,15.859432850097411
10002.0,11.927286766972511,381.9894268221878,15.859049454123882
10003.0,10.558546297115738,381.9860474242705,15.858666047977229
10004.0,11.94680605526584,381.98305583615297,15.858282631693221
10005.0,10.9370885694553,381.9796709077707,15.857899205307625
10006.0,10.621738973773631,381.9765720660094,15.857515768856212
10007.0,11.820011272681006,381.9735625733001,15.857132322374753
10008.0,11.471390131296001,381.97021357010624,15.856748865899013
10009.0,12.403522456664557,381.9669633429023,15.85636539946477
10010.0,12.793938543865117,381.9634490115396,15.8559819231078
10011.0,11.734258391286222,381.9598240622855,15.855598436863868
10012.0,11.715782897532023,381.95649935574136,15.85521494076876
10013.0,11.66163569993131,381.9531798839203,15.854831434858244
10014.0,10.163026004214458,381.9498757538053,15.854447919168097
10015.0,11.24644380892338,381.94699622977083,15.854064393734104
10016.0,12.59909683948548,381.9438097373583,15.853680858592039
10017.0,10.362178493072461,381.9402399932538,15.853297313777675
10018.0,11.621608828512855,381.93730404268075,15.852913759326807
10019.0,13.021757009683434,381.9340112535127,15.852530195275206
10020.0,12.452462456319484,381.9303217556933,15.852146621658656
10021.0,11.720294473843547,381.9267935579973,15.851763038512942
10022.0,11.212969958623345,381.9234728078964,15.851379445873846
10023.0,11.393116781553438,381.92029579974144,15.850995843777154
10024.0,11.84830403289917,381.91706774998664,15.850612232258655
10025.0,11.317659811892009,381.9137107305107,15.850228611354131
10026.0,10.461812157674828,381.9105040602306,15.849844981099372
10027.0,10.468327538989321,381.90753988011926,15.849461341530168
10028.0,11.262040975940993,381.9045738539832,15.849077692682304
10029.0,10.749309179637935,381.90138294237335,15.848694034591574
10030.0,11.612099321286856,381.89833730477244,15.848310367293767
10031.0,10.203334172186265,381.8950472099648,15.847926690824677
10032.0,12.346861479492889,381.89215626528267,15.847543005220095
10033.0,10.170022149493022,381.88865798786344,15.847159310515817
10034.0,11.432125315149438,381.88577648158775,15.846775606747633
10035.0,11.282666735246204,381.8825373794151,15.846391893951344
10036.0,12.24524307102175,381.87934062384016,15.846008172162742
10037.0,10.778375106745584,381.87587113830335,15.845624441417623
10038.0,11.699563889031293,381.87281726535645,15.845240701751793
10039.0,12.703183069981637,381.86950238892126,15.844856953201042
10040.0,12.43655766744951,381.8659031537181,15.844473195801173
10041.0,11.667015970310352,381.8623794623789,15.844089429587985
10042.0,10.718287290323614,381.85907380785403,15.843705654597283
10043.0,11.642104156955003,381.8560369597884,15.843321870864866
10044.0,11.02073473745597,381.8527383636106,15.842938078426535
10045.0,11.734760057069648,381.8496158221016,15.842554277318097
10046.0,11.417612463727187,381.84629097341883,15.842170467575357
10047.0,10.830198228548051,381.8430559832207,15.841786649234114
10048.0,11.184605562573084,381.839987427056,15.841402822330181
10049.0,12.945121397969649,381.83681845547994,15.84101898689936
10050.0,10.328913151413026,381.83315067108384,15.840635142977467
10051.0,10.860028256097513,381.8302241456909,15.8402512906003
10052.0,11.717181131314511,381.8271471376851,15.839867429803675
10053.0,12.315813460800166,381.82382726969786,15.8394835606234
10054.0,12.679934578689478,381.82033778921726,15.839099683095284
10055.0,11.612732407634617,381.81674514108664,15.838715797255137
10056.0,11.350042397994034,381.81345486690446,15.83833190313878
10057.0,10.657760902309146,381.81023902155835,15.837948000782017
10058.0,11.174842996916187,381.80721932263606,15.83756409022067
10059.0,12.158115521942872,381.80405311712025,15.837180171490546
10060.0,11.258221981031854,381.8006083177224,15.836796244627465
10061.0,11.46716753114117,381.7974184881611,15.83641230966724
10062.0,11.988380656789149,381.79416945736057,15.836028366645692
10063.0,12.170592396190266,381.7907727495078,15.835644415598633
10064.0,11.464152156135055,381.78732441499557,15.835260456561887
10065.0,10.245518491778101,381.7840762385513,15.834876489571272
10066.0,10.966328499913478,381.78117334164534,15.834492514662603
10067.0,11.178635534989422,381.778066215237,15.834108531871712
10068.0,10.831614241416764,381.7748989351687,15.833724541234407
10069.0,11.780508905446357,381.7718299778004,15.833340542786521
10070.0,11.577660238953463,381.7684921669438,15.832956536563866
10071.0,11.894773983892845,381.7652118298761,15.832572522602275
10072.0,10.157000955858999,381.761841643914,15.83218850093757
10073.0,10.260850720145523,381.7589638269765,15.831804471605572
10074.0,11.45551464475689,381.7560565859392,15.831420434642114
10075.0,11.644363051300138,381.75281085678984,15.831036390083018
10076.0,11.041757274323535,381.749511620592,15.830652337964107
10077.0,11.222217140966082,381.7463831226975,15.830268278321215
10078.0,11.80759986346529,381.74320349450755,15.829884211190171
10079.0,11.540673706352061,381.73985800787966,15.8295001366068
10080.0,11.700946581746637,381.7365881503295,15.829116054606933
10081.0,11.36125764794378,381.73327288213136,15.828731965226407
10082.0,10.85987453812152,381.7300538591311,15.828347868501044
10083.0,11.240678215954752,381.72697689467867,15.827963764466679
10084.0,10.782879747586067,381.7237920358508,15.827579653159146
10085.0,10.856441322797217,381.720736886589,15.827195534614283
10086.0,10.42903513837205,381.71766089488085,15.826811408867913
10087.0,11.671649127079421,381.7147060015917,15.826427275955881
10088.0,11.88703285459847,381.71139903433897,15.826043135914018
10089.0,12.676125363515238,381.70803104169687,15.825658988778159
10090.0,10.579225639632048,381.70443947284383,15.825274834584143
10091.0,12.172064450130557,381.7014420255793,15.824890673367808
10092.0,12.540907322020198,381.6979932739851,15.824506505164988
10093.0,11.387155535645595,381.6944400169105,15.824122330011527
10094.0,11.109622818726628,381.6912136561754,15.823738147943262
10095.0,11.166120501340254,381.6880659297101,15.823353958996028
10096.0,10.826905534865682,381.68490219556804,15.822969763205677
10097.0,10.286233895369628,381.6818345723332,15.82258556060804
10098.0,13.751903808329352,381.6789201393962,15.822201351238963
10099.0,11.461606601072162,381.6750237666505,15.821817135134287
10100.0,13.01412313827407,381.6717763114468,15.821432912329856
10101.0,11.42750640162399,381.6680889765576,15.821048682861514
10102.0,10.899944349002048,381.6648511830772,15.820664446765107
10103.0,12.141911710573202,381.66176286551166,15.820280204076479
10104.0,11.729657423410226,381.65832265719365,15.819895954831473
10105.0,12.580361910591112,381.654999254257,15.81951169906594
10106.0,11.137538422031204,381.65143481838237,15.819127436815723
10107.0,11.82880898013444,381.6482791824961,15.818743168116669
10108.0,12.451930479334605,381.6449276866184,15.818358893004632
10109.0,10.575879817455895,381.6413996396493,15.817974611515453
10110.0,10.170264848066964,381.63840314036764,15.817590323684984
10111.0,10.82727922002367,381.63552156532734,15.817206029549078
10112.0,10.4930903284238,381.632453836215,15.816821729143584
10113.0,10.364111332752053,381.62948079395534,15.81643742250435
10114.0,11.61056696071645,381.6265442957444,15.816053109667228
10115.0,12.113493799114435,381.6232546351055,15.815668790668074
10116.0,11.817386581250437,381.61982247852904,15.815284465542739
10117.0,11.830644308737355,381.6164742189977,15.814900134327075
10118.0,11.403373324893202,381.61312220311027,15.814515797056936
10119.0,10.996010944558046,381.6098912473349,15.814131453768182
10120.0,10.723111633661945,381.6067757109006,15.813747104496658
10121.0,11.576153028152183,381.6037374959377,15.813362749278228
10122.0,11.520421615561034,381.60045758591303,15.812978388148744
10123.0,12.666799212816217,381.59719346645534,15.812594021144067
10124.0,11.22040384894605,381.5936045400117,15.812209648300044
10125.0,10.40970779715235,381.59042542558785,15.811825269652548
10126.0,11.206844557068107,381.58747600837864,15.811440885237426
10127.0,11.733693325608288,381.58430073575414,15.81105649509054
10128.0,10.766649764714085,381.5809761893119,15.810672099247748
10129.0,10.453821827847376,381.5779256385452,15.810287697744913
10130.0,11.430042969053574,381.5749637223607,15.809903290617893
10131.0,10.938089128172393,381.5717252101862,15.80951887790255
10132.0,11.019736672317439,381.5686260849331,15.809134459634747
10133.0,11.681452874445053,381.56550382620935,15.808750035850341
10134.0,13.142746372978724,381.56219408122826,15.8083656065852
10135.0,11.80450303957913,381.5584703030892,15.807981171875184
10136.0,12.574341222543472,381.5551256938947,15.807596731756163
10137.0,10.757024955957416,381.5515629638816,15.80721228626399
10138.0,10.636325500476204,381.54851514014416,15.806827835434534
10139.0,13.248573726963144,381.5455015145857,15.806443379303664
10140.0,12.053885243270939,381.54174775202966,15.806058917907242
10141.0,10.55736501695532,381.5383324845441,15.805674451281138
10142.0,11.230613406892225,381.5353412311226,15.805289979461215
10143.0,10.184718387292945,381.5321592239906,15.804905502483335
10144.0,11.466035299102272,381.5292735537809,15.804521020383376
10145.0,12.472323740486186,381.5260248437795,15.804136533197198
10146.0,12.466636148422458,381.52249101871973,15.803752040960676
10147.0,12.260260462820527,381.5189588051443,15.80336754370967
10148.0,11.603080141793445,381.51548506467986,15.80298304148006
10149.0,11.99602132691494,381.51219752530636,15.802598534307707
10150.0,11.41107690075184,381.5087986525971,15.802214022228487
10151.0,11.113364096945412,381.5055655141418,15.801829505278269
10152.0,11.623818697997514,381.5024167276477,15.801444983492924
10153.0,10.966052934759364,381.4991233123499,15.80106045690832
10154.0,9.497462215828081,381.4960162640184,15.800675925560338
10155.0,11.448769515528546,381.49332531639055,15.800291389484842
10156.0,10.846061107670893,381.4900814983612,15.79990684871771
10157.0,10.356371806436508,381.487008447714,15.79952230329481
10158.0,11.976807127855334,381.48407414236885,15.799137753252026
10159.0,10.636939101552093,381.4806807136826,15.79875319862522
10160.0,12.397653591124223,381.4776669142705,15.798368639450276
10161.0,12.49028236719682,381.474154245753,15.797984075763065
10162.0,11.376859910113366,381.47061533241566,15.797599507599463
10163.0,10.953466681591507,381.4673918887744,15.797214934995347
10164.0,11.68203385172531,381.46428840654795,15.796830357986593
10165.0,9.996535924293902,381.46097849695667,15.796445776609078
10166.0,10.968470791296786,381.4581461451114,15.796061190898678
10167.0,11.626354576896789,381.4550384117205,15.795676600891277
10168.0,11.782695602905346,381.45174427792375,15.79529200662274
10169.0,11.507114881520033,381.44840584750295,15.794907408128957
10170.0,12.332920108744625,381.44514549828654,15.794522805445805
10171.0,12.312614745398852,381.4416511709224,15.794138198609158
10172.0,10.38309804185404,381.43816259674446,15.793753587654898
10173.0,9.764636415892952,381.435220718966,15.793368972618909
10174.0,11.83278672879324,381.4324540719815,15.792984353537067
10175.0,10.784776732074473,381.429101449075,15.792599730445255
10176.0,10.450018956124303,381.4260457623343,15.792215103379352
10177.0,12.211821506939769,381.42308492363003,15.791830472375242
10178.0,11.930058607405273,381.4196249075364,15.791445837468801
10179.0,10.950149080198475,381.4162447242643,15.79106119869592
10180.0,11.575784983451037,381.4131421820249,15.790676556092476
10181.0,11.496268109912329,381.4098623762796,15.790291909694355
10182.0,11.557195389164283,381.4066051003151,15.789907259537438
10183.0,11.847578666434709,381.4033305616215,15.789522605657607
10184.0,11.612707693312895,381.3999737476661,15.789137948090751
10185.0,11.531802088889663,381.39668348048633,15.78875328687275
10186.0,10.980966614413493,381.3934161365611,15.788368622039492
10187.0,11.801687794598367,381.390304862687,15.78798395362686
10188.0,10.821630388404975,381.38696105114525,15.787599281670738
10189.0,10.38906307177954,381.38389492253515,15.787214606207014
10190.0,10.134470032197516,381.3809513546649,15.786829927271576
10191.0,11.58662619198087,381.3780799214891,15.786445244900307
10192.0,11.102138662165336,381.3747970440679,15.78606055912909
10193.0,10.611178162039165,381.3716514381137,15.785675869993824
10194.0,11.318825869412207,381.36864493763443,15.785291177530382
10195.0,11.674444011394016,381.36543793697143,15.784906481774662
10196.0,10.29287793970087,381.3621301778349,15.784521782762546
10197.0,11.128303298914775,381.3592138624187,15.784137080529925
10198.0,10.508240624666996,381.3560608431506,15.78375237511269
10199.0,10.646670036474454,381.35308350830695,15.783367666546727
10200.0,11.553475470962482,381.3500669517967,15.78298295486792
10201.0,10.650042699739272,381.3467934670799,15.782598240112168
10202.0,11.30620529513589,381.3437759549816,15.782213522315352
10203.0,12.15999341131895,381.340572530148,15.78182880151337
10204.0,11.953624618007016,381.3371271986814,15.781444077742107
10205.0,11.609672402616361,381.333740338373,15.78105935103745
10206.0,10.32106226845625,381.33045093119233,15.7806746214353
10207.0,12.22016939729447,381.32752663021625,15.780289888971543
10208.0,11.639106876174072,381.32406424888694,15.779905153682067
10209.0,11.16406313249355,381.32076650193875,15.779520415602772
10210.0,11.404256743405197,381.3176033507179,15.779135674769536
10211.0,12.26026996001815,381.3143721446406,15.778750931218266
10212.0,10.080134999311829,381.3108984014852,15.778366184984847
10213.0,11.734675035189756,381.3080423632354,15.777981436105168
10214.0,10.023130345962873,381.30471753864214,15.777596684615133
10215.0,12.336144917171717,381.30187765171075,15.777211930550624
10216.0,11.526865539145703,381.29838241065096,15.776827173947542
10217.0,9.857781715568512,381.2951164654149,15.776442414841775
10218.0,11.057855640803448,381.2923234272621,15.776057653269223
10219.0,10.913516351858775,381.2891903681639,15.775672889265772
10220.0,11.130577167390323,381.2860982051975,15.775288122867323
10221.0,11.373204970066507,381.2829445416667,15.774903354109766
10222.0,11.95560190059881,381.27972213359186,15.774518583029
10223.0,10.233828494183173,381.2763347130534,15.774133809660919
10224.0,10.343921162101175,381.2734351283134,15.773749034041414
10225.0,11.006677841429049,381.27050435065075,15.773364256206385
10226.0,11.315989834200288,381.26738579192903,15.772979476191727
10227.0,10.587609246361033,381.2641795948093,15.772594694033334
10228.0,11.318449656540784,381.2611797721896,15.7722099097671
10229.0,11.329316552413975,381.2579728781202,15.771825123428927
10230.0,12.023122724878505,381.25476290509704,15.771440335054708
10231.0,10.88629690592009,381.2513563536583,15.771055544680337
10232.0,12.378305856658521,381.24827190286834,15.770670752341715
10233.0,10.223553461876854,381.244764716209,15.770285958074737
10234.0,12.014388120020858,381.24186804272813,15.769901161915305
10235.0,12.045092537951678,381.2384639660941,15.769516363899308
10236.0,11.002297662721947,381.235051189875,15.769131564062647
10237.0,11.072924918203382,381.2319338722039,15.76874676244122
10238.0,11.278507578638447,381.2287965434771,15.768361959070926
10239.0,8.782850224898345,381.2256009663298,15.76797715398766
10240.0,10.961017927576847,381.22311249209935,15.767592347227321
10241.0,10.211073902984015,381.22000687035325,15.767207538825811
10242.0,10.023640653578614,381.2171137327474,15.766822728819024
10243.0,10.303576651608166,381.2142737012289,15.766437917242863
10244.0,9.974218727347566,381.21135435451095,15.76605310413322
10245.0,11.030395810865853,381.2085283258715,15.765668289525998
10246.0,11.2045902607965,381.20540304705844,15.765283473457096
10247.0,9.827088065514438,381.2022284131512,15.764898655962412
10248.0,11.39873971947916,381.1994440715326,15.76451383707785
10249.0,10.899233893892225,381.1962144286121,15.764129016839298
10250.0,12.699839829335712,381.1931263123422,15.763744195282671
10251.0,12.289178133214024,381.18952802439054,15.763359372443855
10252.0,10.729255031221928,381.1860460905861,15.76297454835876
10253.0,10.744865088570265,381.1830061349939,15.762589723063275
10254.0,11.208225601260546,381.17996175655213,15.762204896593312
10255.0,12.901944114816285,381.1767860926318,15.761820068984765
10256.0,11.591447663426868,381.1731305417993,15.761435240273531
10257.0,11.064959755518489,381.16984629829466,15.761050410495514
10258.0,12.986232555673295,381.1667112263639,15.760665579686616
10259.0,11.169914662711527,381.1630317938065,15.760280747882737
10260.0,11.052101478069018,381.15986698465207,15.759895915119777
10261.0,11.694393774046036,381.1567355558999,15.759511081433635
10262.0,11.609970881372327,381.15342214433065,15.759126246860212
10263.0,12.153864710776636,381.1501326525809,15.758741411435409
10264.0,12.33878622756573,381.1466890575795,15.75835657519513
10265.0,12.235462978645591,381.1431930681483,15.757971738175273
10266.0,12.556016324193978,381.13972635363774,15.757586900411738
10267.0,11.329334615688094,381.13616881567924,15.757202061940431
10268.0,10.318834304716976,381.1329588375381,15.756817222797249
10269.0,12.817396900023228,381.1300351678185,15.756432383018094
10270.0,11.607073833913212,381.1264035720301,15.756047542638868
10271.0,11.929376851618164,381.1231149011105,15.755662701695472
10272.0,10.959638412061594,381.1197349110026,15.75527786022381
10273.0,10.715955029212687,381.11662968011916,15.754893018259777
10274.0,12.327691271807549,381.11359349286096,15.754508175839284
10275.0,11.105129388093294,381.1101006470006,15.754123332998226
10276.0,10.629815090951396,381.1069541936739,15.753738489772504
10277.0,10.59887928246285,381.1039424127315,15.753353646198024
10278.0,11.215549296243926,381.1009393969348,15.752968802310683
10279.0,11.72076233013178,381.0977616579675,15.752583958146385
10280.0,11.236843919747654,381.0944407753073,15.752199113741032
10281.0,10.684462874006737,381.0912570028634,15.751814269130527
10282.0,11.270026757309896,381.08822973838244,15.75142942435077
10283.0,11.583345673160501,381.0850365641346,15.751044579437663
10284.0,11.26075362888498,381.08175461619385,15.750659734427112
10285.0,10.616856759711347,381.07856406933234,15.75027488935501
10286.0,11.150488401211947,381.07555595991704,15.749890044257265
10287.0,10.021228798190435,381.07239665487003,15.749505199169777
10288.0,11.370278657654689,381.0695573067105,15.749120354128449
10289.0,12.753296211693185,381.06633572775746,15.748735509169183
10290.0,11.457530066727129,381.06272229383086,15.748350664327882
10291.0,10.908438946376265,381.0594759936453,15.747965819640445
10292.0,11.564299997457683,381.05638526927714,15.747580975142773
10293.0,10.731679755634048,381.0531087176112,15.747196130870769
10294.0,10.620521100227888,381.05006807501377,15.74681128686034
10295.0,11.538678212369312,381.0470589273687,15.74642644314738
10296.0,11.517444223941093,381.04378963520855,15.746041599767791
10297.0,11.577956087014844,381.04052635934517,15.745656756757482
10298.0,11.550061642380657,381.0372459384538,15.745271914152347
10299.0,11.924290036599057,381.03397342098845,15.744887071988295
10300.0,11.06015621888958,381.0305948721447,15.744502230301219
10301.0,10.906750409453124,381.027461161216,15.744117389127029
10302.0,11.928404740537667,381.0243709152667,15.743732548501617
10303.0,12.38796735852493,381.0209912005902,15.743347708460893
10304.0,10.971434032448444,381.0174812765053,15.742962869040756
10305.0,11.640652185049595,381.0143727035295,15.742578030277107
10306.0,11.100551262758522,381.01107451874367,15.742193192205844
10307.0,12.261659110932616,381.00792936255255,15.741808354862874
10308.0,10.013894741470711,381.0044552258044,15.741423518284092
10309.0,10.969502027232963,381.0016179556277,15.741038682505405
10310.0,11.20956847957594,380.99850993005333,15.740653847562708
10311.0,13.445321589055043,380.9953338856508,15.740269013491908
10312.0,11.451745385680253,380.99152437786717,15.739884180328902
10313.0,10.72358252011758,380.9882797166746,15.73949934810959
10314.0,11.975685343037133,380.9852413682938,15.739114516869876
10315.0,12.297448648314615,380.98184825744664,15.738729686645657
10316.0,11.1459842710812,380.9783639803297,15.738344857472836
10317.0,10.437132213731623,380.97520595145284,15.737960029387313
10318.0,10.705927242733123,380.9722487639923,15.737575202424988
10319.0,10.823813478906484,380.9692154179402,15.73719037662176
10320.0,11.406748029127494,380.96614867078785,15.736805552013532
10321.0,11.628487840285688,380.96291675884623,15.7364207286362
10322.0,10.01624797932815,380.9596220206248,15.736035906525665
10323.0,11.149800411768894,380.95678408369736,15.73565108571783
10324.0,10.380784485489372,380.95362497358065,15.73526626624859
10325.0,11.649633826960802,380.9506837513098,15.734881448153848
10326.0,8.740536553902341,380.94738302172544,15.7344966314695
10327.0,12.025935627209094,380.9449065363686,15.734111816231449
10328.0,10.997372502902383,380.94149918794085,15.733727002475591
10329.0,11.704820015208853,380.93838326573166,15.733342190237828
10330.0,12.815163484749027,380.9350669000607,15.732957379554053
10331.0,12.175254337422704,380.9314359370734,15.73257257046017
10332.0,11.44777898249062,380.9279862816778,15.73218776299208
10333.0,9.273479621039844,380.92474274429935,15.731802957185673
10334.0,11.463526826030177,380.92211525840673,15.731418153076854
10335.0,10.259306648246838,380.91886725913935,15.731033350701516
10336.0,11.376444907782577,380.915960455589,15.730648550095559
10337.0,12.440222983005059,380.9127371295318,15.730263751294883
10338.0,11.163581287316928,380.9092123996866,15.729878954335382
10339.0,11.15714738830691,380.90604938498853,15.729494159252956
10340.0,12.634998849072053,380.90288819322853,15.729109366083502
10341.0,11.281879842515627,380.8993082768879,15.728724574862914
10342.0,10.321876653034211,380.89611174426585,15.728339785627092
10343.0,11.312912035060545,380.8931872125475,15.727954998411931
10344.0,11.158233033252783,380.8899818874709,15.727570213253328
10345.0,10.804725028464933,380.8868203881115,15.72718543018718
10346.0,10.475372838601661,380.88375904935344,15.726800649249382
10347.0,10.707051029324289,380.88079102704916,15.726415870475831
10348.0,11.012963364514935,380.8777573625909,15.726031093902423
10349.0,10.889619655876611,380.87463702297094,15.72564631956505
10350.0,11.132274145204477,380.8715516307351,15.72526154749961
10351.0,9.781741239725864,380.868397486394,15.724876777741995
10352.0,11.585992503803011,380.86562599304267,15.724492010328106
10353.0,11.553220014472235,380.8623432951666,15.724107245293833
10354.0,11.257594740454985,380.85906988282915,15.72372248267507
10355.0,11.643127325301098,380.85588023098603,15.723337722507715
10356.0,10.914641243515417,380.8525813449105,15.722952964827659
10357.0,10.498248998020559,380.84948886322485,15.722568209670795
10358.0,10.745577461818206,380.8465143593421,15.722183457073019
10359.0,11.887469952204409,380.84346977906125,15.72179870707022
10360.0,11.293690587803008,380.84010166257485,15.721413959698296
10361.0,10.521569919163955,380.83690178357494,15.721029214993138
10362.0,10.472175344356547,380.8339206720978,15.720644472990635
10363.0,10.668100939617673,380.8309535557502,15.720259733726685
10364.0,11.919859736785408,380.8279309271507,15.719874997237177
10365.0,12.067118131771112,380.82455363355865,15.719490263558002
10366.0,10.559599127100574,380.82113461675465,15.719105532725054
10367.0,11.776648656746572,380.81814273033524,15.718720804774222
10368.0,11.46267034109325,380.8148060132158,15.718336079741395
10369.0,10.807874717245543,380.81155825661915,15.717951357662468
10370.0,11.649039726527793,380.8084960254493,15.71756663857333
10371.0,11.625219521544574,380.80519546419345,15.717181922509868
10372.0,10.04702157203306,380.80190165199565,15.716797209507979
10373.0,13.258554061911429,380.79905499588364,15.716412499603544
10374.0,10.05190523675685,380.7952984055661,15.716027792832458
10375.0,11.076711125139695,380.792450365749,15.715643089230607
10376.0,11.103730869285839,380.7893119642635,15.715258388833883
10377.0,11.36243220026813,380.78616590718383,15.714873691678168
10378.0,12.670561332154662,380.7829465513938,15.714488997799357
10379.0,11.344836998474587,380.7793565590163,15.714104307233333
10380.0,11.913276290647504,380.77614218853347,15.71371962001599
10381.0,11.070921156101784,380.7727667602511,15.713334936183205
10382.0,10.817785756563273,380.7696299992569,15.712950255770874
10383.0,12.41777430769444,380.7665649599592,15.712565578814875
10384.0,11.75253750076181,380.763046590572,15.712180905351104
10385.0,10.882121436792428,380.75971670494675,15.71179623541544
10386.0,11.852950537148516,380.7566334372064,15.71141156904377
10387.0,11.705357433629946,380.7532751012209,15.711026906271977
10388.0,12.231210069890832,380.74995858328134,15.71064224713595
10389.0,11.12443833238598,380.74649307376154,15.710257591671574
10390.0,10.831814073847356,380.74334114956736,15.70987293991473
10391.0,10.807632494327267,380.74027213557974,15.7094882919013
10392.0,11.842469399030175,380.7372099730397,15.709103647667174
10393.0,12.422975841474738,380.73385460670994,15.708719007248227
10394.0,11.756224990681485,380.7303347635549,15.70833437068035
10395.0,11.492969746981327,380.7270038331408,15.707949737999417
10396.0,11.212210677111202,380.72374749171246,15.707565109241317
10397.0,11.181987752014216,380.7205706986873,15.70718048444193
10398.0,11.573095525782447,380.7174024688242,15.706795863637135
10399.0,11.90536001184106,380.71412342509194,15.706411246862814
10400.0,12.071487648408253,380.7107502397552,15.70602663415485
10401.0,11.409659461448152,380.70732998492156,15.705642025549118
10402.0,12.156554176439473,380.70409724807416,15.705257421081503
10403.0,12.66188143213644,380.70065289105753,15.70487282078788
10404.0,11.317270083640471,380.697065357985,15.704488224704134
10405.0,11.9396907195716,380.693858798128,15.704103632866136
10406.0,10.735834522328911,380.6904758857575,15.70371904530977
10407.0,10.798204531292438,380.6874340659761,15.703334462070913
10408.0,11.371569466843452,380.6843745746923,15.702949883185438
10409.0,10.755305886387893,380.68115263001,15.702565308689229
10410.0,11.574854387076044,380.6781052933422,15.702180738618155
10411.0,11.09135797096498,380.67482575126587,15.701796173008098
10412.0,11.732000457577751,380.67168319984074,15.701411611894933
10413.0,11.253366154898938,380.6683591330445,15.701027055314535
10414.0,9.728556574283449,380.66517067930056,15.700642503302774
10415.0,12.070388805438135,380.66241425493786,15.70025795589553
10416.0,10.791705018908143,380.65899431144294,15.699873413128678
10417.0,11.406393643106075,380.65593666168763,15.69948887503809
10418.0,10.988770666363529,380.6527048501554,15.699104341659636
10419.0,11.820866285283081,380.64959136513323,15.698719813029191
10420.0,10.849933633786861,380.6462421196857,15.69833528918263
10421.0,12.330817464610524,380.6431679718229,15.69795077015582
10422.0,11.942196637127344,380.6396742402079,15.697566255984638
10423.0,11.781979485688204,380.63629061782734,15.697181746704949
10424.0,10.572961426527423,380.6329523903064,15.696797242352629
10425.0,11.439967121121263,380.62995671790225,15.696412742963542
10426.0,11.964774876382123,380.6267153938846,15.696028248573565
10427.0,10.2236058087377,380.6233253743363,15.69564375921856
10428.0,11.842763847312705,380.62042868602384,15.695259274934402
10429.0,11.569897584945954,380.6170732362671,15.694874795756954
10430.0,11.200098606377097,380.613795098618,15.694490321722087
10431.0,11.389756549197163,380.6106217373462,15.694105852865667
10432.0,11.214309403153074,380.60739463965734,15.69372138922356
10433.0,10.906909563565996,380.6042172519931,15.693336930831634
10434.0,10.064057943958947,380.60112696095007,15.692952477725752
10435.0,11.076231134560615,380.59827547786597,15.692568029941784
10436.0,12.178756512554187,380.59513721237784,15.692183587515588
10437.0,11.501039214405331,380.5916865646993,15.691799150483035
10438.0,11.74586198005763,380.5884279369218,15.691414718879985
10439.0,11.682788356212306,380.58509994269417,15.691030292742303
10440.0,11.33373169704265,380.58178981932656,15.69064587210585
10441.0,10.895740936121602,380.57857859534573,15.69026145700649
10442.0,11.052758748891609,380.57549146874715,15.689877047480085
10443.0,11.037414210535573,380.57235985376826,15.689492643562494
10444.0,10.146634255622065,380.56923258640865,15.689108245289578
10445.0,11.162512612875975,380.5663577067029,15.6887238526972
10446.0,11.99443156517349,380.5631949947959,15.688339465821215
10447.0,11.318030241803209,380.5597965725191,15.687955084697485
10448.0,10.706027897818613,380.5565897972839,15.687570709361868
10449.0,11.426250200187729,380.5535564227129,15.687186339850227
10450.0,11.64623215740591,380.55031898515614,15.686801976198412
10451.0,11.028018435029512,380.54701921937817,15.686417618442281
10452.0,10.61577887428361,380.54389461415496,15.686033266617693
10453.0,10.111073487632986,380.5408868101406,15.685648920760505
10454.0,11.17356945325255,380.53802200598574,15.685264580906567
10455.0,11.507208334431121,380.5348561613073,15.68488024709174
10456.0,11.836911286480737,380.5315957856125,15.684495919351875
10457.0,10.145493483744419,380.52824199408144,15.684111597722824
10458.0,12.099790298856094,380.5253674375943,15.68372728224044
10459.0,11.508791307916635,380.5219391636763,15.683342972940581
10460.0,11.085939189118088,380.51867833947244,15.682958669859092
10461.0,13.031005383688134,380.51553732336885,15.68257437303183
10462.0,10.14631885371076,380.51184520517677,15.682190082494643
10463.0,12.139333413181927,380.5089704148349,15.681805798283378
10464.0,11.428398216553028,380.5055309370345,15.681421520433888
10465.0,10.995447678539007,380.50229289087315,15.681037248982022
10466.0,10.513343262970068,380.49917751403086,15.68065298396363
10467.0,11.932233250764888,380.49619873343966,15.680268725414559
10468.0,11.376773072562246,380.49281793401866,15.67988447337065
10469.0,11.142043166279198,380.48959451498143,15.679500227867756
10470.0,9.863773937059252,380.486437602751,15.67911598894172
10471.0,10.833862310503747,380.48364286680214,15.678731756628391
10472.0,11.948311314923261,380.48057327248085,15.678347530963611
10473.0,12.538039425099427,380.47718791760826,15.677963311983223
10474.0,9.856497576064024,380.4736354731045,15.677579099723072
10475.0,10.039137743222378,380.4708427987913,15.677194894219
10476.0,10.71235166982228,380.4679983764307,15.67681069550685
10477.0,11.330914535401257,380.46496321012427,15.676426503622464
10478.0,10.998699993062722,380.46175278433924,15.67604231860168
10479.0,11.99627825333145,380.4586364860079,15.675658140480344
10480.0,10.991419539075768,380.4552375405027,15.675273969294288
10481.0,10.771590146521627,380.4521233049666,15.674889805079358
10482.0,10.423005980829174,380.4490713544252,15.674505647871387
10483.0,11.554434891463268,380.44611816939727,15.674121497706217
10484.0,13.228304056338409,380.4428444128447,15.673737354619682
10485.0,11.98166201150846,380.43909639336204,15.673353218647618
10486.0,11.669972880592256,380.4357015891254,15.672969089825862
10487.0,11.43156582357712,380.43239509680933,15.672584968190252
10488.0,10.704270737345652,380.4291561531593,15.672200853776616
10489.0,12.2310623928479,380.4261232764503,15.671816746620795
10490.0,10.17260982772456,380.4226578087724,15.671432646758614
10491.0,12.280287284974778,380.4197755693212,15.671048554225912
10492.0,11.16043406046409,380.41629615459044,15.670664469058517
10493.0,11.553463589588933,380.4131340316067,15.670280391292263
10494.0,11.676965391118557,380.40986055025627,15.669896320962975
10495.0,10.917107413992559,380.4065520767288,15.669512258106488
10496.0,10.148935780220995,380.40345889629486,15.66912820275863
10497.0,10.942203552796178,380.40058336449044,15.668744154955224
10498.0,11.480058195841814,380.3974830734838,15.668360114732105
10499.0,12.667203381961436,380.39423039032835,15.667976082125094
10500.0,11.69578547519318,380.39064134937007,15.667592057170019
10501.0,11.103625517026128,380.38732754348547,15.667208039902707
10502.0,11.134025831706662,380.38418151625564,15.666824030358981
10503.0,10.779850362539191,380.38102687560337,15.666440028574666
10504.0,11.273971619727513,380.37797258466736,15.666056034585582
10505.0,10.215774936964582,380.3747782927084,15.665672048427554
10506.0,12.178852775743897,380.371883823143,15.665288070136402
10507.0,10.804125088894867,380.3684331481898,15.664904099747952
10508.0,10.419099321776867,380.3653719794146,15.664520137298018
10509.0,10.792384333642788,380.3624199012734,15.664136182822423
10510.0,12.422861368450004,380.35936205904557,15.663752236356984
10511.0,10.294132229235887,380.35584224832456,15.66336829793752
10512.0,11.222701667530838,380.35292557752626,15.662984367599849
10513.0,9.77647875788296,380.3497458120538,15.662600445379788
10514.0,10.760649846504792,380.3469758097391,15.662216531313147
10515.0,10.00104553997107,380.3439269589492,15.66183262543575
10516.0,10.958226918844664,380.34109332937953,15.661448727783403
10517.0,11.269675844217739,380.3379884984192,15.661064838391926
10518.0,11.132095335459189,380.3347954235967,15.660680957297126
10519.0,11.075929422388999,380.33164132991834,15.66029708453482
10520.0,9.181917784799223,380.3285031499153,15.659913220140817
10521.0,10.586258250592572,380.3259016065429,15.659529364150925
10522.0,11.257352645796363,380.3229021667053,15.659145516600956
10523.0,10.639029544498198,380.31971258345567,15.658761677526721
10524.0,10.512179892672357,380.31669819175136,15.658377846964024
10525.0,10.636805095121597,380.3137197407818,15.657994024948673
10526.0,11.166344683734177,380.31070597933814,15.657610211516475
10527.0,10.403403487391172,380.3075421816778,15.657226406703238
10528.0,10.53054650253713,380.30459455068967,15.656842610544764
10529.0,10.501541398036789,380.3016108958473,15.656458823076855
10530.0,10.374470927318914,380.29863545911786,15.65607504433532
10531.0,10.687706840652238,380.2956960256884,15.655691274355956
10532.0,10.750452691295207,380.2926678420836,15.655307513174566
10533.0,11.077889256321477,380.28962188048774,15.654923760826954
10534.0,9.733205641692082,380.2864831451984,15.654540017348916
10535.0,10.778091595803184,380.28372540359993,15.65415628277625
10536.0,10.509203076641116,380.28067161098113,15.65377255714476
10537.0,11.368859242088789,380.2776940034428,15.65338884049024
10538.0,9.271854708184046,380.27447282665753,15.653005132848484
10539.0,11.117449977109574,380.2718458011568,15.652621434255291
10540.0,12.702620247210975,380.26869585699666,15.652237744746458
10541.0,12.243875214809513,380.26509678125996,15.651854064357773
10542.0,12.575175646125162,380.2616276832824,15.651470393125035
10543.0,9.91359433747883,380.2580647168494,15.651086731084032
10544.0,10.102342254725158,380.25525586512043,15.650703078270558
10545.0,11.914274972067435,380.2523935348149,15.650319434720402
10546.0,11.392950528140332,380.24901782357284,15.649935800469354
10547.0,11.934746124871028,380.24578982092316,15.649552175553207
10548.0,10.471409276873572,380.2424083095211,15.649168560007743
10549.0,10.875993492516816,380.239441410226,15.648784953868748
10550.0,11.821907703975356,380.23635987873644,15.64840135717202
10551.0,10.34840924252353,380.2330103382203,15.64801776995333
10552.0,11.164218400481538,380.2300782889349,15.64763419224847
10553.0,10.431501670395303,380.22691509372146,15.647250624093225
10554.0,11.070711531399747,380.22395950158153,15.646867065523374
10555.0,9.46061743509111,380.22082279998097,15.6464835165747
10556.0,11.340525124184875,380.21814229170775,15.646099977282983
10557.0,11.220556518226774,380.21492914292253,15.645716447684004
10558.0,11.193727389623666,380.21174998524236,15.645332927813541
10559.0,10.491826269105614,380.20857842914864,15.644949417707377
10560.0,10.907430609364722,380.205605745039,15.644565917401282
10561.0,10.452794897448335,380.20251530636637,15.644182426931037
10562.0,11.528104443055037,380.19955368114535,15.643798946332417
10563.0,9.691106813700753,380.19628738488655,15.643415475641197
10564.0,11.333040049337805,380.19354157128936,15.64303201489315
10565.0,12.342996467012604,380.1903305432753,15.642648564124046
10566.0,9.31709763343164,380.186833360943,15.64226512336966
10567.0,11.743099405436721,380.1841935166135,15.641881692665763
10568.0,10.64517495382321,380.18086630511533,15.641498272048121
10569.0,11.491843850564997,380.17785017221183,15.64111486155251
10570.0,11.049721829103214,380.1745941497875,15.64073146121469
10571.0,11.462673249973458,380.1714633952692,15.640348071070434
10572.0,11.590561620642237,380.1682156378484,15.639964691155505
10573.0,11.527470564903174,380.16493164538923,15.63958132150567
10574.0,10.935685590642505,380.16166552872915,15.639197962156691
10575.0,10.246481421558514,380.1585670844784,15.638814613144335
10576.0,11.950691417691056,380.1556639147424,15.638431274504361
10577.0,11.849046910734916,380.1522778855073,15.638047946272529
10578.0,11.429106433122964,380.14892065554926,15.637664628484606
10579.0,10.511829625246314,380.1456824087266,15.637281321176342
10580.0,10.630557707315893,380.1427040569994,15.636898024383504
10581.0,10.845346031661714,380.139692065649,15.636514738141843
10582.0,11.42331215768077,380.13661921760666,15.63613146248712
10583.0,12.509431939064592,380.1333826124953,15.635748197455088
10584.0,10.561761622270835,380.12983827344596,15.635364943081504
10585.0,10.69236184007053,380.12684577431963,15.634981699402116
10586.0,12.645604312216976,380.1238162717983,15.634598466452681
10587.0,11.988433698125537,380.1202333505765,15.634215244268951
10588.0,11.74060946468104,380.1168366276953,15.633832032886673
10589.0,11.372755251486954,380.11351012168035,15.633448832341598
10590.0,11.523605238075222,380.11028784102575,15.633065642669475
10591.0,11.379413717403565,380.1070228195416,15.632682463906052
10592.0,11.925138554557865,380.10379865232164,15.632299296087075
10593.0,11.478703274017398,380.1004198630646,15.631916139248288
10594.0,10.02745347641846,380.0971675638036,15.631532993425436
10595.0,13.15999766462174,380.0943264519853,15.631149858654263
10596.0,11.948214962236511,380.0905977859803,15.63076673497051
10597.0,10.443863846663259,380.0872124584077,15.63038362240992
10598.0,11.063900131873021,380.08425336365116,15.630000521008231
10599.0,11.51562722525738,380.08111859194713,15.629617430801186
10600.0,9.94108620451306,380.0778558309,15.629234351824518
10601.0,10.791691412527395,380.0750391898087,15.628851284113969
10602.0,11.682503709372313,380.07198154390846,15.62846822770527
10603.0,11.951774966104388,380.0686715011908,15.62808518263416
10604.0,11.949834207071211,380.0652851649504,15.627702148936374
10605.0,10.7452809448034,380.06189937859176,15.627319126647638
10606.0,10.460554442754527,380.05885488232406,15.626936115803693
10607.0,11.471997162671,380.0558910585653,15.626553116440261
10608.0,11.065646469873025,380.05264065936916,15.626170128593078
10609.0,11.548227377023188,380.04950539286943,15.62578715229787
10610.0,11.700316453126163,380.04623339511255,15.625404187590364
10611.0,10.643664965417727,380.0429183054508,15.625021234506288
10612.0,11.348276986298702,380.03990260037733,15.624638293081366
10613.0,10.635920987213305,380.0366872552312,15.624255363351324
10614.0,10.4457042378327,380.03367374428484,15.623872445351882
10615.0,9.25424113066045,380.03071412808407,15.623489539118765
10616.0,11.40568583089159,380.0280920930971,15.623106644687695
10617.0,10.664464657345366,380.02486048211165,15.622723762094386
10618.0,11.54335663079297,380.02183888379204,15.622340891374565
10619.0,10.910533584388483,380.01856826607997,15.621958032563942
10620.0,11.974317100989895,380.015476948231,15.621575185698235
10621.0,11.642030072765186,380.01208422505243,15.621192350813168
10622.0,11.77485438692825,380.0087856498651,15.620809527944445
10623.0,10.329833966636336,380.00544944112215,15.620426717127781
10624.0,10.57417350333485,380.00252265483164,15.62004391839889
10625.0,10.806646544599586,379.9995266390057,15.619661131793485
10626.0,12.632014469240987,379.99646475581807,15.619278357347273
10627.0,10.882569761174468,379.9928856850518,15.618895595095964
10628.0,11.447843711708826,379.98980229028615,15.618512845075266
10629.0,13.040670175343202,379.9865587345678,15.61813010732088
10630.0,12.390012407043983,379.9828638780181,15.617747381868517
10631.0,12.104878577154354,379.9793533745028,15.617364668753883
10632.0,11.461211910696136,379.97592365890597,15.616981968012675
10633.0,11.196597040831053,379.97267631553126,15.616599279680596
10634.0,11.653154032218454,379.96950394636974,15.61621660379335
10635.0,11.662192845179042,379.96620221939395,15.615833940386635
10636.0,11.750787550570672,379.96289793142114,15.615451289496146
10637.0,10.415323198024215,379.9595685416151,15.615068651157586
10638.0,10.97079898424519,379.95661753337566,15.614686025406646
10639.0,12.735389865802219,379.95350914033014,15.614303412279025
10640.0,10.96717370558747,379.94990077986813,15.613920811810411
10641.0,10.845545228395546,379.9467934139849,15.613538224036501
10642.0,10.694278523083584,379.9437205095035,15.613155648992988
10643.0,12.136832401135393,379.94069046392195,15.612773086715555
10644.0,10.983127564128308,379.9372516947417,15.612390537239897
10645.0,11.071869026874452,379.93413980859845,15.612008000601701
10646.0,11.015898437215471,379.9310027790408,15.61162547683665
10647.0,12.199049439093024,379.927881607817,15.611242965980432
10648.0,11.203391232048526,379.92442521047593,15.610860468068733
10649.0,11.2192448605778,379.9212509162935,15.610477983137232
10650.0,12.201900588936768,379.91807213024964,15.61009551122161
10651.0,11.315479990751074,379.9146149250828,15.609713052357552
10652.0,10.348210553848878,379.9114088724187,15.609330606580734
10653.0,11.318809286860343,379.90847687942846,15.608948173926835
10654.0,10.814719926075101,379.9052698834638,15.608565754431533
10655.0,12.601064407058908,379.9022057128181,15.608183348130499
10656.0,9.98517831213571,379.8986354112361,15.607800955059412
10657.0,11.16898217358184,379.895806277381,15.607418575253945
10658.0,11.820552905110302,379.8926417324318,15.607036208749768
10659.0,10.63111459478462,379.88929257577536,15.606653855582552
10660.0,10.981945301946329,379.8862804266402,15.606271515787967
10661.0,11.514118416316842,379.8831688754713,15.60588918940168
10662.0,11.776234724356183,379.87990654192,15.605506876459359
10663.0,10.755071048483424,379.87656994208146,15.605124576996667
10664.0,12.193246114475837,379.87352267195104,15.604742291049273
10665.0,11.262828551207566,379.8700679188853,15.604360018652837
10666.0,11.351639701060307,379.8668767841291,15.603977759843021
10667.0,9.570744170253564,379.86366048621386,15.603595514655487
10668.0,11.405030816781672,379.86094877536556,15.603213283125893
10669.0,11.600104193118067,379.8577173499675,15.602831065289896
10670.0,11.983913709794749,379.85443065377945,15.602448861183156
10671.0,10.267962052429102,379.8510352115617,15.602066670841326
10672.0,10.685091984835887,379.84812595564676,15.601684494300061
10673.0,10.432432255606097,379.84509851291773,15.601302331595011
10674.0,11.215662564537407,379.84214265711205,15.600920182761833
10675.0,10.259597784012993,379.838964886052,15.600538047836174
10676.0,12.46085789563037,379.8360580000132,15.600155926853686
10677.0,12.687946756067461,379.8325274236094,15.59977381985001
10678.0,11.281504254050196,379.8289325053619,15.5993917268608
10679.0,11.261668368742306,379.8257360791566,15.599009647921697
10680.0,11.123745890236583,379.82254527311875,15.598627583068346
10681.0,11.59911348975705,379.8193935451165,15.598245532336387
10682.0,11.140407567113206,379.8161071296277,15.597863495761466
10683.0,11.547632761135244,379.8129506808171,15.597481473379219
10684.0,10.472957104244834,379.8096788515347,15.597099465225286
10685.0,11.52511592238694,379.8067115136885,15.596717471335301
10686.0,10.475261302861702,379.8034460641772,15.596335491744906
10687.0,11.824059131822592,379.8004780734747,15.595953526489732
10688.0,11.83261705169078,379.79712792338734,15.595571575605412
10689.0,10.480025872883086,379.79377534855604,15.595189639127577
10690.0,11.21658565572659,379.79080600789206,15.594807717091859
10691.0,12.005867781878669,379.7876279752896,15.59442580953389
10692.0,11.076572655958131,379.7842263127514,15.59404391648929
10693.0,11.35853170153837,379.7810879504989,15.593662037993695
10694.0,11.939602780451287,379.7778696998501,15.593280174082723
10695.0,12.345541866718024,379.7744868123956,15.592898324792
10696.0,10.228358650719725,379.77098890886674,15.592516490157148
10697.0,11.66036872919245,379.76809087391564,15.59213467021379
10698.0,11.73002739169063,379.76478710277576,15.591752864997542
10699.0,11.791460626029973,379.7614635950148,15.591371074544025
10700.0,10.657838968659636,379.75812268117073,15.590989298888855
10701.0,12.474355712414255,379.75510296012965,15.590607538067648
10702.0,12.01050465757494,379.75156855934443,15.590225792116016
10703.0,11.278557016970115,379.7481655830248,15.589844061069577
10704.0,11.629595339959003,379.74496999186994,15.589462344963936
10705.0,10.562886692198438,379.741674939857,15.589080643834707
10706.0,11.82241188286428,379.73868212196084,15.588698957717497
10707.0,11.12549822727115,379.73533243859407,15.588317286647914
10708.0,10.602974464347286,379.73218021409633,15.587935630661564
10709.0,10.987618667136633,379.72917603799806,15.58755398979405
10710.0,11.653833598939014,379.7260628793757,15.587172364080974
10711.0,11.417227848659914,379.72276095985603,15.58679075355794
10712.0,10.47223612048776,379.7195260786322,15.586409158260546
10713.0,11.577366440574728,379.7165589450648,15.586027578224392
10714.0,12.490198954021043,379.7132786912399,15.585646013485078
10715.0,11.546965912080974,379.70973980153633,15.585264464078195
10716.0,11.681177128026956,379.7064681611946,15.584882930039338
10717.0,9.806397190474543,379.7031584943416,15.584501411404103
10718.0,11.57620515511569,379.7003800151377,15.584119908208079
10719.0,10.85398027870332,379.69710009034367,15.583738420486858
10720.0,10.84181045836009,379.6940247959314,15.583356948276027
10721.0,11.635882019555028,379.6909529496349,15.582975491611172
10722.0,12.39948769688596,379.687656116396,15.58259405052788
10723.0,10.965976769399747,379.68414292821524,15.58221262506174
10724.0,10.745646837815977,379.6810359014639,15.581831215248325
10725.0,11.145490915289455,379.6779913015265,15.581449821123226
10726.0,11.12540936512934,379.67483341243377,15.581068442722017
10727.0,11.493531594471232,379.67168121311374,15.58068708008028
10728.0,10.909711503913881,379.6684247124953,15.580305733233589
10729.0,10.895406668902188,379.6653336275692,15.57992440221752
10730.0,10.50888043048771,379.6622465956796,15.579543087067648
10731.0,11.184272713634162,379.6592690795577,15.579161787819547
10732.0,10.931627162602718,379.6561002022888,15.578780504508785
10733.0,11.468266387026278,379.65300290792607,15.578399237170931
10734.0,11.986610070722126,379.6497535657831,15.578017985841559
10735.0,12.03793586784327,379.64635735959644,15.577636750556227
10736.0,11.9849747796743,379.6429466111005,15.577255531350508
10737.0,10.797383270705536,379.63955086824626,15.576874328259962
10738.0,10.148230193542224,379.6364916096529,15.576493141320151
10739.0,11.081803089942039,379.63361627776476,15.576111970566634
10740.0,11.378573789793746,379.63047643355594,15.575730816034975
10741.0,11.053765611240719,379.6272525043155,15.575349677760725
10742.0,10.750386693875157,379.62412060405904,15.574968555779446
10743.0,10.215491469094623,379.6210746611624,15.57458745012669
10744.0,10.418546215454098,379.6181802719129,15.57420636083801
10745.0,11.96062438238186,379.6152283504851,15.573825287948958
10746.0,9.09073423818754,379.6118395069101,15.573444231495083
10747.0,10.791321493923018,379.60926379887593,15.573063191511935
10748.0,12.21281341875414,379.60620625778597,15.57268216803506
10749.0,11.84498147613327,379.6027459606507,15.572301161100002
10750.0,12.029725985741765,379.5993898825658,15.571920170742304
10751.0,12.251327394427806,379.5959814602032,15.571539196997513
10752.0,12.554370221599294,379.59251025077475,15.571158239901166
10753.0,10.97403208789013,379.58895317921196,15.570777299488803
10754.0,9.853998604765547,379.5858438701204,15.570396375795962
10755.0,12.239482240272054,379.5830519038491,15.570015468858179
10756.0,11.09024003463888,379.5795840505476,15.569634578710986
10757.0,11.831666503890345,379.5764418158712,15.569253705389919
10758.0,10.948608190669313,379.57308951036174,15.568872848930509
10759.0,11.564495843943522,379.56998740470766,15.568492009368283
10760.0,11.893645091117387,379.56671079755193,15.568111186738776
10761.0,9.87771332198609,379.5633409314428,15.567730381077505
10762.0,11.679388298832688,379.56054224600155,15.567349592420001
10763.0,12.298371116202562,379.55723308598357,15.566968820801787
10764.0,11.956640704811303,379.5537485475006,15.566588066258383
10765.0,11.620498420929371,379.5503608326343,15.56620732882531
10766.0,11.614759812845648,379.5470683580816,15.565826608538089
10767.0,12.623252567372559,379.543777509468,15.565445905432233
10768.0,11.440104827447502,379.54020092124057,15.56506521954326
10769.0,11.45426056202692,379.53695955820615,15.564684550906685
10770.0,10.493797886677601,379.53371418438024,15.564303899558018
10771.0,11.43100315257468,379.5307409416457,15.563923265532768
10772.0,11.498989368703231,379.5275021574191,15.563542648866447
10773.0,12.530830170103298,379.52424411043137,15.563162049594562
10774.0,11.52534586732313,379.52069370854986,15.562781467752618
10775.0,12.302429699476056,379.51742819388744,15.562400903376119
10776.0,10.967674998026459,379.5139425054725,15.562020356500568
10777.0,13.226881815144903,379.51083499755646,15.561639827161468
10778.0,12.149274832886979,379.50708738104214,15.561259315394313
10779.0,11.26207538287186,379.5036450865062,15.560878821234605
10780.0,11.419283262702283,379.5004541651477,15.560498344717837
10781.0,10.916747574033003,379.4972187015566,15.560117885879508
10782.0,10.950908747415857,379.49412562307725,15.559737444755104
10783.0,11.285810599608542,379.49102286559884,15.559357021380123
10784.0,11.030114212932107,379.48782521926233,15.558976615790048
10785.0,10.445091305410566,379.48470002023527,15.558596228020372
10786.0,10.588770357473877,379.48174057769876,15.558215858106575
10787.0,10.982587982571559,379.4787404260975,15.557835506084148
10788.0,11.927954413038918,379.4756286928357,15.557455171988568
10789.0,11.534413267364503,379.47224910575204,15.557074855855323
10790.0,11.777522169176402,379.46898102199293,15.556694557719883
10791.0,9.93348906146482,379.46564405737837,15.556314277617735
10792.0,12.657674698636907,379.46282956881095,15.555934015584349
10793.0,12.020781170287837,379.45924322764637,15.5555537716552
10794.0,9.812721131501668,379.4558373396481,15.555173545865763
10795.0,11.152348824149549,379.4530570686608,15.554793338251507
10796.0,9.71388903622119,379.449897236494,15.554413148847901
10797.0,11.825163838304556,379.4471449679337,15.554032977690415
10798.0,11.475508336136414,379.4437945048462,15.553652824814508
10799.0,9.785568984995166,379.44054311081766,15.553272690255653
10800.0,11.860690287934558,379.43777053293854,15.55289257404931
10801.0,10.709923803040354,379.4344100040237,15.552512476230936
10802.0,10.593287035553534,379.43137552561274,15.552132396835992
10803.0,11.344858662638186,379.428374094286,15.551752335899936
10804.0,12.729975185629193,379.42515971766494,15.551372293458224
10805.0,12.037631776463844,379.42155289136235,15.550992269546306
10806.0,11.351747170421689,379.4181422290257,15.550612264199641
10807.0,11.792383842784842,379.41492590066076,15.550232277453674
10808.0,10.319032294310041,379.4115847252386,15.549852309343853
10809.0,10.664992321775888,379.4086609994219,15.549472359905627
10810.0,11.08107216875059,379.4056392515974,15.549092429174442
10811.0,11.735784089742669,379.4024996144829,15.548712517185741
10812.0,13.093189152589982,379.3991744756575,15.548332623974963
10813.0,10.473794498168239,379.39546473873094,15.54795274957755
10814.0,12.661728556732944,379.39249716362315,15.54757289402894
10815.0,9.24630497370906,379.3889096738654,15.54719305736457
10816.0,10.93472478873446,379.3862898874562,15.546813239619874
10817.0,11.817722363238698,379.38319171543276,15.546433440830285
10818.0,12.29136044160764,379.3798433607631,15.546053661031234
10819.0,11.791939775603712,379.376360808638,15.545673900258148
10820.0,12.184007734448349,379.3730197590349,15.545294158546458
10821.0,10.54490559721375,379.3695676235102,15.54491443593159
10822.0,11.610583538762647,379.3665799002576,15.544534732448964
10823.0,11.985490822042992,379.3632902349216,15.544155048134007
10824.0,9.367171344938246,379.35989434585537,15.543775383022135
10825.0,10.017207588176182,379.3572403139743,15.54339573714877
10826.0,12.24044129729513,379.35440210515765,15.543016110549328
10827.0,11.890437487422165,379.3509339801234,15.54263650325922
10828.0,10.786203112547845,379.3475650228353,15.542256915313867
10829.0,11.944587238335863,379.3445089319534,15.541877346748674
10830.0,9.80353570031927,379.3411246322359,15.541497797599051
10831.0,10.818432315630798,379.33834696378744,15.541118267900412
10832.0,12.41608238287745,379.33528174129805,15.540738757688153
10833.0,9.658784166554263,379.3317638512895,15.540359266997688
10834.0,12.29005793572264,379.3290271957757,15.539979795864413
10835.0,10.638016424984722,379.3255450126939,15.53960034432373
10836.0,12.056991699731785,379.3225309080402,15.53922091241104
10837.0,11.44759814645194,379.3191147603919,15.538841500161737
10838.0,10.072230226000581,379.3158712742504,15.538462107611217
10839.0,10.364082572093206,379.3130174756864,15.538082734794873
10840.0,9.779005966711782,379.3100809856243,15.537703381748097
10841.0,10.942267688097235,379.3073102672671,15.53732404850628
10842.0,11.190268081844598,379.3042099580888,15.536944735104804
10843.0,10.72297669094308,379.3010393821323,15.53656544157906
10844.0,11.771175476607361,379.2980012054032,15.53618616796443
10845.0,12.303763316622671,379.2946660390181,15.535806914296296
10846.0,12.348874813079892,379.29117997274506,15.535427680610042
10847.0,10.483871308369553,379.28768112488143,15.535048466941042
10848.0,11.288914220318599,379.2847106946773,15.53466927332467
10849.0,10.587661444101794,379.28151216898164,15.534290099796308
10850.0,12.633116491636963,379.2785123315725,15.533910946391325
10851.0,10.344030862088216,379.27493294856646,15.53353181314509
10852.0,10.839578150387194,379.27200213982223,15.533152700092977
10853.0,10.655369637236173,379.26893092601296,15.532773607270347
10854.0,11.155456155892146,379.2659119046158,15.53239453471257
10855.0,11.10596301159913,379.26275119203825,15.532015482455005
10856.0,11.047363266070443,379.2596045025183,15.53163645053302
10857.0,12.564336320668048,379.2564744162596,15.531257438981966
10858.0,11.077688145099398,379.2529145209687,15.530878447837209
10859.0,10.13074852634959,379.24977584266094,15.530499477134098
10860.0,10.27241494517499,379.2469054639118,15.530120526907991
10861.0,11.081869525684764,379.243994946344,15.529741597194237
10862.0,11.184817707031543,379.2408550833117,15.52936268802819
10863.0,11.121716227352916,379.23768605162803,15.528983799445196
10864.0,11.512359912881024,379.23453489869695,15.528604931480599
10865.0,10.546105740865979,379.2312730633883,15.528226084169747
10866.0,11.197003479029238,379.22828500009507,15.527847257547979
10867.0,11.24078713714482,379.22511251577606,15.527468451650636
10868.0,10.599403953849034,379.2219276260871,15.52708966651306
10869.0,9.665511374866343,379.21892446163355,15.526710902170585
10870.0,10.823145370539093,379.21618590007733,15.526332158658542
10871.0,11.647917386054562,379.21311934222234,15.52595343601227
10872.0,11.206750040127568,379.20981909896295,15.525574734267096
10873.0,12.536829508801612,379.20664385311824,15.525196053458348
10874.0,10.943604718660023,379.2030917514241,15.524817393621356
10875.0,10.907000400936141,379.19999106342044,15.524438754791444
10876.0,10.274906948395792,379.1969007466402,15.524060137003932
10877.0,11.472335436603087,379.1939895230048,15.523681540294143
10878.0,11.998192348150376,379.19073902796447,15.523302964697395
10879.0,11.866255745707683,379.1873395401325,15.52292441024901
10880.0,12.11656297857662,379.18397743433786,15.522545876984294
10881.0,12.798239794705161,379.1805444081606,15.522167364938568
10882.0,11.78070556065798,379.1769182402188,15.52178887414714
10883.0,11.455006288981636,379.1735803736433,15.521410404645316
10884.0,10.789091462726496,379.17033478852807,15.521031956468406
10885.0,12.063693162044682,379.1672778792803,15.520653529651717
10886.0,10.902638358386442,379.1638598328844,15.520275124230551
10887.0,11.217826733808717,379.16077075201616,15.519896740240206
10888.0,11.225018364207548,379.15759236777495,15.519518377715984
10889.0,10.84805013926212,379.1544119459051,15.519140036693182
10890.0,10.133711003570323,379.1513383316989,15.518761717207095
10891.0,10.22792258255382,379.1484671135813,15.518383419293013
10892.0,11.744568260804064,379.14556920218286,15.518005142986233
10893.0,11.589279151600373,379.14224157450894,15.51762688832204
10894.0,11.441730852839497,379.13895794541605,15.517248655335719
10895.0,12.216777260145639,379.13571612167436,15.51687044406256
10896.0,12.701616905188168,379.1322547014507,15.516492254537845
10897.0,11.179768612220494,379.12865590999417,15.51611408679685
10898.0,11.090113798161156,379.1254883088874,15.515735940874862
10899.0,10.193017416696007,379.1223461099779,15.515357816807152
10900.0,12.330937989746436,379.1194580883765,15.514979714628995
10901.0,11.024716712298817,379.11596432261274,15.514601634375666
10902.0,12.260372342281036,379.1128406528776,15.514223576082435
10903.0,10.450261315081088,379.10936688071394,15.51384553978457
10904.0,9.484979660435183,379.1064059733413,15.513467525517338
10905.0,10.351035189672944,379.10371856243756,15.513089533316005
10906.0,12.222734337017991,379.10078576913384,15.512711563215833
10907.0,10.262089234408132,379.09732266107164,15.51233361525208
10908.0,10.585897840385563,379.0944150691219,15.511955689460008
10909.0,12.43272308582053,379.09141573140045,15.51157778587487
10910.0,10.603989442402234,379.0878931265262,15.511199904531924
10911.0,10.55820248705848,379.0848886628508,15.51082204546642
10912.0,11.32757976449626,379.08189717214617,15.510444208713606
10913.0,11.779890914196946,379.07868769121285,15.510066394308735
10914.0,11.054857052526106,379.07535005545384,15.50968860228705
10915.0,11.001860374527388,379.0722178459556,15.509310832683793
10916.0,12.416369534158399,379.06910065218284,15.50893308553421
10917.0,10.239059050376696,379.0655826808148,15.508555360873538
10918.0,10.260395561557447,379.0626816140839,15.508177658737015
10919.0,12.093951389155311,379.0597745020081,15.507799979159877
10920.0,11.378749490598924,379.0563478824479,15.507422322177357
10921.0,12.310054857054775,379.05312390342556,15.507044687824688
10922.0,10.535553282607344,379.04963605454935,15.506667076137095
10923.0,10.561130748574538,379.0466509811193,15.506289487149807
10924.0,11.220840205183125,379.04365866074056,15.505911920898052
10925.0,10.428538386809922,379.0404794226824,15.50553437741705
10926.0,10.595893653481962,379.0375246701395,15.50515685674202
10927.0,11.923803502054334,379.034522500271,15.504779358908186
10928.0,10.561250986719628,379.0311440892787,15.504401883950758
10929.0,10.063787489030439,379.0281517348325,15.504024431904956
10930.0,12.415124750836632,379.0253003283772,15.503647002805986
10931.0,11.510925675009991,379.0217827096979,15.503269596689064
10932.0,10.776338821009565,379.01852128075666,15.502892213589394
10933.0,10.82719114523704,379.0154679847574,15.502514853542184
10934.0,11.120249071937893,379.01240028059954,15.502137516582636
10935.0,11.004709005392932,379.0092495433625,15.501760202745952
10936.0,11.06461488000863,379.0061315424776,15.501382912067333
10937.0,10.558731595762143,379.0029965682616,15.501005644581975
10938.0,10.18166106840012,379.0000049276428,15.500628400325068
10939.0,11.32063880307012,378.9971201236734,15.500251179331814
10940.0,10.808410549365187,378.9939126093459,15.499873981637394
10941.0,12.273150049926183,378.9908502263569,15.499496807277005
10942.0,12.756393947249554,378.98737283384276,15.499119656285828
10943.0,12.94430385491629,378.9837585222244,15.498742528699049
10944.0,9.988502584605996,378.98009096946544,15.498365424551848
10945.0,12.030122534936222,378.97726089373316,15.497988343879406
10946.0,10.794089947311797,378.9738523590149,15.497611286716904
10947.0,11.362395643326954,378.9707940335299,15.49723425309951
10948.0,11.696656323806536,378.9675746880976,15.4968572430624
10949.0,11.112585905281062,378.9642606354725,15.49648025664075
10950.0,10.610844067151483,378.9611120694661,15.496103293869723
10951.0,10.568031875243182,378.958105663647,15.495726354784487
10952.0,11.66189363426484,378.95511138794905,15.495349439420206
10953.0,11.25924768571912,378.9518071847526,15.494972547812043
10954.0,11.695484908034777,378.948617064575,15.49459567999516
10955.0,11.078617910805995,378.94530334385104,15.494218836004709
10956.0,11.744039630146089,378.9421644021097,15.493842015875849
10957.0,11.300580310790494,378.9388369242144,15.493465219643733
10958.0,11.791841752275163,378.9356350931264,15.493088447343512
10959.0,11.19835718945743,378.9322940712966,15.492711699010332
10960.0,10.426563431284436,378.92912120342623,15.492334974679345
10961.0,11.780841134245055,378.92616701045404,15.49195827438569
10962.0,11.967163437473083,378.922829105466,15.491581598164514
10963.0,11.825078901210954,378.9194384091587,15.491204946050953
10964.0,10.865579223771247,378.91608797013674,15.490828318080144
10965.0,10.21093429300312,378.91300938935666,15.490451714287225
10966.0,11.493636629375855,378.91011629130696,15.490075134707325
10967.0,10.488829340288497,378.9068597609287,15.489698579375583
10968.0,10.622256462571576,378.90388792594894,15.489322048327118
10969.0,11.04659184716079,378.90087828661785,15.488945541597062
10970.0,11.021468030028869,378.8977484189278,15.488569059220538
10971.0,10.429051239338394,378.89462566965267,15.488192601232665
10972.0,10.728512322193554,378.89167077180156,15.487816167668566
10973.0,10.103191217894398,378.88863102664357,15.487439758563358
10974.0,10.671550831821746,378.8857684557985,15.487063373952152
10975.0,11.399324952444832,378.88274484972953,15.48668701387006
10976.0,11.829403675837757,378.87951504099294,15.4863106783522
10977.0,10.822335032743037,378.87616337661814,15.485934367433677
10978.0,11.189795412827744,378.8730970483589,15.485558081149591
10979.0,11.270291947638945,378.8699266063253,15.48518181953505
10980.0,10.824249173377808,378.8667333569401,15.484805582625155
10981.0,11.76493418353282,378.86366648634095,15.484429370455004
10982.0,10.115375663120558,378.8603330883223,15.484053183059693
10983.0,9.554622342021588,378.85746706521775,15.48367702047432
10984.0,10.801375636753937,378.85475992222086,15.483300882733973
10985.0,10.537285986987314,378.8516995324571,15.48292476987374
10986.0,9.544588615806806,378.8487139680941,15.482548681928712
10987.0,11.405369663668866,378.8460096679863,15.482172618933973
10988.0,11.255899084497933,378.8427781465817,15.481796580924604
10989.0,9.061642605093702,378.83958897517437,15.481420567935686
10990.0,10.359496716505932,378.83702150976956,15.4810445800023
10991.0,10.245064062004154,378.83408631903325,15.480668617159516
10992.0,13.023668171413085,378.8311835508824,15.480292679442412
10993.0,11.16495209624196,378.8274935115671,15.479916766886054
10994.0,9.811745468295952,378.82433010847325,15.479540879525516
10995.0,11.746791707192312,378.8215501139238,15.47916501739586
10996.0,12.295476849746905,378.81822185627345,15.478789180532154
10997.0,10.483481300631258,378.81473813783276,15.478413368969456
10998.0,12.117876429994416,378.8117678181309,15.478037582742822
10999.0,11.288568709425121,378.808334419809,15.477661821887317
11000.0,10.82268926264942,378.80513599200805,15.477286086437992
11001.0,10.543940645059413,378.8020695633836,15.476910376429895
11002.0,12.363054664338655,378.79908211353415,15.476534691898081
11003.0,10.508044043644203,378.7955792480459,15.476159032877595
11004.0,11.428614309654922,378.7926019689002,15.47578339940348
11005.0,11.29078328638073,378.7893638615125,15.475407791510783
11006.0,11.838876455455724,378.78616480624805,15.47503220923454
11007.0,11.109438434044499,378.78281045791897,15.474656652609793
11008.0,10.33671641985916,378.779662783696,15.47428112167157
11009.0,12.232824730991004,378.7767340473771,15.473905616454914
11010.0,10.716116801141045,378.7732680803699,15.473530136994846
11011.0,11.203726090893493,378.77023184727625,15.473154683326399
11012.0,12.611811169171855,378.76705745821715,15.4727792554846
11013.0,11.50077973505034,378.76348411171927,15.472403853504469
11014.0,10.84792629632834,378.760225557461,15.472028477421029
11015.0,9.920868237004743,378.7571519783437,15.471653127269295
11016.0,11.05780713560683,378.7543410656765,15.47127780308429
11017.0,11.920004523459145,378.7512080203214,15.470902504901021
11018.0,12.686427505973976,378.74783068570645,15.470527232754502
11019.0,10.500470181792847,378.74423619791304,15.470151986679742
11020.0,10.977054650349126,378.7412610646949,15.469776766711744
11021.0,11.337235476072536,378.73815089921067,15.46940157288552
11022.0,11.100883867929682,378.73493868249244,15.469026405236061
11023.0,11.636609617466014,378.73179343206317,15.468651263798375
11024.0,11.14134754776311,378.72849639267156,15.468276148607455
11025.0,12.620932174970555,378.72533967753304,15.467901059698294
11026.0,11.007736182330484,378.7217637467501,15.467525997105882
11027.0,12.077573508213405,378.71864488816516,15.467150960865213
11028.0,11.357121120767827,378.71522290900447,15.466775951011273
11029.0,12.439225752315652,378.7120050580202,15.466400967579045
11030.0,9.489734099674326,378.7084806107237,15.46602601060351
11031.0,9.612691280555433,378.7057918527288,15.46565108011965
11032.0,10.5440173908657,378.703068256866,15.465276176162439
11033.0,11.212746946361488,378.7000807852719,15.464901298766852
11034.0,10.872890034634628,378.6969038403038,15.464526447967863
11035.0,12.404887400439893,378.6938231881273,15.464151623800438
11036.0,9.643227841349894,378.6903084700305,15.463776826299549
11037.0,12.632452686074862,378.6875762221421,15.463402055500156
11038.0,11.626729379981068,378.68399702721445,15.463027311437225
11039.0,11.031592354002363,378.6807027872234,15.46265259414571
11040.0,10.777900124135241,378.6775771693898,15.462277903660572
11041.0,11.814486489486981,378.6745234310212,15.461903240016769
11042.0,11.001523564490473,378.6711759931826,15.461528603249246
11043.0,10.394877570325047,378.66805889483925,15.461153993392953
11044.0,12.094886044582843,378.6651136795277,15.460779410482843
11045.0,11.418193223062868,378.6616867951484,15.460404854553854
11046.0,12.317250619261959,378.65845164040184,15.460030325640933
11047.0,10.98471330368648,378.65496175272636,15.459655823779016
11048.0,9.756968426866854,378.65184941729035,15.459281349003042
11049.0,10.27284879932764,378.64908494290273,15.458906901347945
11050.0,10.984953568742936,378.6461743024096,15.458532480848657
11051.0,10.615141204577453,378.6430618988985,15.458158087540104
11052.0,12.137235053165252,378.64005427555713,15.457783721457218
11053.0,11.362239937195927,378.6366153922921,15.457409382634921
11054.0,11.859762863353282,378.63339609097653,15.457035071108134
11055.0,11.21698218074526,378.6300358248319,15.456660786911778
11056.0,10.506852933861595,378.62685767988074,15.456286530080767
11057.0,12.432492106967075,378.62388073821614,15.455912300650017
11058.0,11.333319977147182,378.6203581987858,15.45553809865444
11059.0,11.559064402997585,378.617147091459,15.455163924128945
11060.0,12.190075991879473,378.6138720232115,15.454789777108434
11061.0,11.76592333065949,378.61041816834717,15.454415657627818
11062.0,10.481398636636625,378.6070844900701,15.454041565721992
11063.0,10.919426542212943,378.6041147604564,15.453667501425858
11064.0,12.862899762915152,378.60102092293613,15.453293464774312
11065.0,10.912824134012592,378.59737643466997,15.452919455802247
11066.0,11.39345153527989,378.594284467832,15.452545474544552
11067.0,11.938560471846099,378.5910563232303,15.452171521036119
11068.0,11.404392548611103,378.58767373109663,15.451797595311831
11069.0,12.511171269019123,378.5844424865412,15.451423697406574
11070.0,11.540102671504506,378.5808976546816,15.451049827355225
11071.0,11.991064787273618,378.5776279589247,15.450675985192664
11072.0,11.175037177735373,378.5742304905683,15.450302170953767
11073.0,11.66050940754964,378.5710642300346,15.449928384673406
11074.0,12.44721627897672,378.5677604190358,15.44955462638645
11075.0,12.116882000849454,378.56423370775684,15.449180896127768
11076.0,10.863100316317958,378.5608005911899,15.448807193932225
11077.0,10.790566629883983,378.5577227127669,15.448433519834683
11078.0,11.497452386301594,378.5546653855551,15.448059873870003
11079.0,10.356377412317606,378.5514077740457,15.44768625607304
11080.0,10.618666204035003,378.54847346711216,15.447312666478647
11081.0,10.988385328961222,378.545464845021,15.44693910512168
11082.0,11.024870606448065,378.54235146917785,15.446565572036988
11083.0,10.729563495209682,378.5392277558393,15.446192067259414
11084.0,12.436088823130275,378.536187712849,15.445818590823803
11085.0,10.788228839229552,378.53266415434916,15.445445142765
11086.0,10.798671791670937,378.52960748951136,15.445071723117836
11087.0,11.598974260721384,378.526547865837,15.444698331917154
11088.0,11.892455987520233,378.52326148979654,15.444324969197787
11089.0,10.095137337600903,378.51989196060003,15.443951634994562
11090.0,10.375268343786871,378.5170316716877,15.443578329342309
11091.0,11.343469758255257,378.51409201232366,15.443205052275854
11092.0,10.988171538687906,378.51087802922547,15.442831803830016
11093.0,10.399241622034733,378.5077647139562,15.442458584039619
11094.0,10.041965215383316,378.5048182621633,15.442085392939479
11095.0,11.040704299688409,378.5019730386856,15.441712230564411
11096.0,13.256126253921632,378.498844839134,15.441339096949227
11097.0,11.645308821759047,378.4950889366954,15.440965992128733
11098.0,9.991102724328426,378.4917894325292,15.44059291613774
11099.0,11.50173259048303,378.48895862009067,15.440219869011054
11100.0,11.79089367279759,378.4856997958567,15.439846850783468
11101.0,10.850710325083513,378.48235904264936,15.43947386148979
11102.0,11.606415916160824,378.479284674724,15.439100901164807
11103.0,12.216481052237643,378.47599619021435,15.438727969843317
11104.0,12.021309414786552,378.4725348539163,15.43835506756011
11105.0,11.137683414735497,378.46912881624877,15.437982194349974
11106.0,11.5573426968182,378.46597313928123,15.437609350247692
11107.0,10.822923028466107,378.4626985588505,15.437236535288047
11108.0,9.863321972182767,378.45963206399244,15.43686374950582
11109.0,10.644054010595006,378.45683745610035,15.43649099293579
11110.0,11.178026605268188,378.45382164079734,15.436118265612723
11111.0,10.645907479070393,378.4506545332591,15.4357455675714
11112.0,11.346433121955204,378.4476381928067,15.435372898846584
11113.0,11.49688588162691,378.4444233700888,15.43500025947304
11114.0,11.416041901437591,378.44116591908903,15.434627649485535
11115.0,10.260373089849804,378.4379313738836,15.434255068918826
11116.0,10.979276126131337,378.43502426817486,15.433882517807675
11117.0,11.59286947179255,378.43191347327246,15.433509996186833
11118.0,10.647178988687015,378.4286288269221,15.433137504091052
11119.0,10.062083307881716,378.4256121262086,15.432765041555086
11120.0,10.721956046778903,378.4227612026047,15.432392608613677
11121.0,12.327219628577526,378.4197233150581,15.432020205301571
11122.0,10.817339844390432,378.41623060283,15.43164783165351
11123.0,10.524398032981876,378.4131656898742,15.43127548770423
11124.0,11.51382739981586,378.4101837770981,15.430903173488467
11125.0,10.723230399251213,378.4069215260015,15.430530889040956
11126.0,10.348427949534544,378.4038832773884,15.430158634396424
11127.0,11.949837730627165,378.40095122280263,15.429786409589601
11128.0,11.609670606246139,378.39756543544564,15.429414214655212
11129.0,11.36112377289426,378.3942760287739,15.429042049627975
11130.0,12.374117930622587,378.3910570437049,15.428669914542613
11131.0,11.698297703516925,378.38755104362457,15.42829780943384
11132.0,10.494479059124718,378.3842365259419,15.42792573433637
11133.0,12.313302431600512,378.38126309020845,15.427553689284913
11134.0,11.068257900657386,378.37777432118617,15.427181674314175
11135.0,11.472469383953387,378.37463831478095,15.426809689458866
11136.0,9.441318394370333,378.3713877817889,15.426437734753684
11137.0,12.038865954850124,378.3687127415771,15.426065810233327
11138.0,10.284647544935462,378.3653017295566,15.425693915932497
11139.0,10.112988622119314,378.3623877460856,15.425322051885885
11140.0,11.104454384681542,378.35952239930924,15.42495021812818
11141.0,11.587491855315236,378.3563761372336,15.42457841469407
11142.0,11.606532351447317,378.3530930145413,15.424206641618243
11143.0,10.517471304335139,378.34980449704165,15.42383489893538
11144.0,11.70475876357789,378.34682454683883,15.423463186680161
11145.0,10.795124520988509,378.34350819852244,15.42309150488726
11146.0,11.577393482827237,378.3404495799082,15.422719853591357
11147.0,11.60825132810144,378.3371693184214,15.422348232827117
11148.0,11.522405382461125,378.3338803138784,15.42197664262921
11149.0,10.26640601925434,378.33061563235344,15.4216050830323
11150.0,12.023427887194048,378.3277068173146,15.421233554071055
11151.0,12.065202927276488,378.3243001794132,15.420862055780129
11152.0,11.90597433904485,378.32088170525054,15.420490588194179
11153.0,11.521972159258311,378.31750834585443,15.42011915134786
11154.0,10.476013812101627,378.31424378707607,15.419747745275824
11155.0,11.741553442890483,378.31127558316257,15.419376370012719
11156.0,11.095281655591037,378.3079488096871,15.419005025593188
11157.0,12.179481835114785,378.30480514655136,15.418633712051877
11158.0,9.762610763830411,378.30135429336474,15.418262429423423
11159.0,10.73407590731451,378.29858822031497,15.417891177742463
11160.0,10.11510536987911,378.2955468988079,15.41751995704363
11161.0,11.548476512913778,378.2926809522864,15.417148767361557
11162.0,11.629743422500855,378.2894088839411,15.41677760873087
11163.0,11.969561451095572,378.2861137899714,15.416406481186195
11164.0,10.792944248384256,378.28272241422695,15.416035384762154
11165.0,11.374045375418508,378.27966441335656,15.415664319493365
11166.0,10.288368527205161,378.27644176716683,15.415293285414446
11167.0,11.694068500168557,378.2735267294175,15.414922282560008
11168.0,10.64477106715734,378.2702134100091,15.414551310964667
11169.0,10.086838316152399,378.26719739154004,15.414180370663024
11170.0,11.68005272280778,378.26433945401715,15.413809461689688
11171.0,10.761814582247439,378.26103010574565,15.413438584079259
11172.0,10.602723913611557,378.25798092494733,15.413067737866337
11173.0,11.013686531558136,378.25497681983853,15.412696923085516
11174.0,11.414145948934964,378.25185627532124,15.412326139771391
11175.0,11.571451971685864,378.2486222673024,15.41195538795855
11176.0,10.119221237804084,378.2453436892438,15.411584667681582
11177.0,11.414429880762922,378.2424765765597,15.41121397897507
11178.0,11.442281549146292,378.2392424880935,15.410843321873596
11179.0,10.445767441711006,378.23600050832124,15.410472696411738
11180.0,10.631293738787301,378.23304087421275,15.410102102624073
11181.0,12.620648565420359,378.2300286743201,15.409731540545168
11182.0,11.524922049613814,378.2264528238932,15.409361010209597
11183.0,11.687726567568008,378.2231874293125,15.408990511651927
11184.0,10.780256117811104,378.21987590678503,15.408620044906717
11185.0,12.071892700042676,378.216821500885,15.408249610008534
11186.0,11.825156460683065,378.21340113128656,15.407879206991929
11187.0,10.347552999212402,378.21005067028943,15.407508835891461
11188.0,11.425477652903727,378.2071188636063,15.407138496741679
11189.0,11.296403012158963,378.20388164493795,15.406768189577132
11190.0,9.887142936502995,378.2006809974179,15.406397914432368
11191.0,11.684876927233136,378.19787964025255,15.406027671341926
11192.0,12.02533646616087,378.1945689251231,15.405657460340349
11193.0,11.54819557050203,378.19116174645774,15.405287281462172
11194.0,11.547442078544533,378.18788975771275,15.404917134741929
11195.0,9.876624754608855,378.1846179824572,15.404547020214148
11196.0,11.022194289851862,378.18181960544337,15.40417693791336
11197.0,12.152378808620744,378.17869665039456,15.40380688787409
11198.0,10.515736721634527,378.1752534763988,15.403436870130859
11199.0,11.195047658535785,378.172274017661,15.403066884718184
11200.0,9.63568117748991,378.16910208749107,15.402696931670581
11201.0,12.477872249026356,378.1663719778241,15.402327011022564
11202.0,11.099946264996648,378.1628365806869,15.401957122808641
11203.0,9.927391375149817,378.1596915959118,15.40158726706332
11204.0,10.518245120008622,378.1568788350222,15.401217443821103
11205.0,10.344448939982637,378.15389866557155,15.400847653116491
11206.0,10.358971051504955,378.1509677383719,15.400477894983982
11207.0,12.298982975968,378.1480326965739,15.400108169458072
11208.0,10.716716035766348,378.1445479847307,15.39973847657325
11209.0,10.145130346667582,378.14151158185393,15.399368816364001
11210.0,11.14524548765489,378.13863712825565,15.398999188864817
11211.0,11.44819147165919,378.13547930870084,15.398629594110176
11212.0,11.704583828963344,378.1322356544506,15.398260032134559
11213.0,10.55993763705058,378.128919355699,15.39789050297244
11214.0,10.808395297026808,378.12592737336854,15.397521006658296
11215.0,11.317564751072826,378.12286499470105,15.397151543226594
11216.0,10.424798746000343,378.11965835135493,15.396782112711799
11217.0,10.96448331746084,378.1167046583769,15.39641271514838
11218.0,12.56201862926298,378.1135980547703,15.396043350570793
11219.0,11.81675050842935,378.11003881615864,15.395674019013498
11220.0,11.84653806173479,378.1066907368479,15.39530472051095
11221.0,11.501044739380468,378.1033342177304,15.394935455097599
11222.0,10.36216209058871,378.1000755883876,15.394566222807894
11223.0,11.653523351170803,378.09713964246185,15.39419702367628
11224.0,11.705619528237591,378.0938378108457,15.3938278577372
11225.0,10.552830957202115,378.090521218646,15.393458725025095
11226.0,11.207489100111745,378.0875312498748,15.3930896255744
11227.0,9.931481454620563,378.08435579462974,15.392720559419542
11228.0,11.026742519739832,378.0815418748843,15.39235152659496
11229.0,12.709675323257345,378.0784176311704,15.391982527135074
11230.0,11.00255621314927,378.0748165564955,15.391613561074312
11231.0,10.23104933643342,378.0716991655684,15.39124462844709
11232.0,11.23336769274066,378.06880036825646,15.390875729287831
11233.0,10.236871779352253,378.0656175807435,15.390506863630945
11234.0,11.150629265701676,378.0627171337393,15.390138031510844
11235.0,12.121315987454972,378.0595577887807,15.389769232961935
11236.0,11.492921812873199,378.05612341591757,15.389400468018628
11237.0,11.831144464828373,378.0528670880706,15.38903173671532
11238.0,10.969007888370605,378.0495149304723,15.38866303908641
11239.0,11.946416704562433,378.0464070449039,15.388294375166293
11240.0,11.3794145307784,378.0430222268376,15.387925744989362
11241.0,11.324746859391738,378.03979805938724,15.387557148590009
11242.0,11.854036851331355,378.0365893811104,15.387188586002617
11243.0,11.507187165342764,378.0332307373358,15.38682005726157
11244.0,11.64918407529889,378.02997036763895,15.386451562401247
11245.0,10.174231134016575,378.02666976548437,15.386083101456022
11246.0,11.219828323481703,378.02378706666303,15.385714674460274
11247.0,11.941452078848565,378.0206081153047,15.385346281448369
11248.0,9.496215170871228,378.0172247038824,15.384977922454677
11249.0,12.164899481656139,378.01453410958396,15.38460959751356
11250.0,12.03505668122836,378.01108738806414,15.384241306659376
11251.0,11.328024129244909,378.0076774553378,15.383873049926489
11252.0,12.123127887757585,378.0044678485011,15.38350482734925
11253.0,10.673520586367795,378.00103296226627,15.383136638962007
11254.0,10.690995842943828,377.99800879810016,15.382768484799115
11255.0,10.474853606173687,377.99497968261136,15.382400364894911
11256.0,11.369290522697884,377.99201180742295,15.382032279283742
11257.0,11.130325392326462,377.98879050844147,15.381664227999945
11258.0,12.648622484581779,377.985636916247,15.381296211077853
11259.0,10.874199520705046,377.98205313987637,15.3809282285518
11260.0,12.395667375173334,377.97897211667885,15.380560280456116
11261.0,11.606978535899875,377.9754600109225,15.380192366825126
11262.0,10.98830617705134,377.9721713670041,15.37982448769315
11263.0,10.288262924324526,377.9690580135872,15.379456643094507
11264.0,11.689135727669127,377.9661430057586,15.379088833063514
11265.0,11.211021423069054,377.96283108396915,15.378721057634486
11266.0,13.130627786116554,377.9596546278993,15.378353316841732
11267.0,12.626432029671673,377.95593428335985,15.377985610719554
11268.0,12.253683374342803,377.95235679428475,15.377617939302258
11269.0,10.560536311926914,377.9488849173287,15.377250302624144
11270.0,12.974713498695216,377.9458927653737,15.376882700719507
11271.0,11.233779649916233,377.94221659654903,15.376515133622643
11272.0,10.636916043088826,377.9390336923149,15.376147601367839
11273.0,10.922114062856213,377.936019899436,15.375780103989381
11274.0,11.662403907898046,377.93292530045153,15.375412641521557
11275.0,10.52763888196822,377.9296209526776,15.375045213998645
11276.0,11.116890355196077,377.9266381216611,15.374677821454918
11277.0,10.700990729714379,377.9234883360605,15.374310463924656
11278.0,10.543288531566128,377.920456388687,15.373943141442128
11279.0,10.753093638519603,377.91746912360304,15.373575854041597
11280.0,11.101346806665212,377.9144224137388,15.373208601757332
11281.0,11.37940868371809,377.9112770321436,15.37284138462359
11282.0,11.189774061813582,377.9080528663499,15.372474202674628
11283.0,11.430626573320867,377.9048824303657,15.372107055944706
11284.0,10.329679300518029,377.90164375283655,15.371739944468068
11285.0,12.092224587528252,377.89871701036805,15.371372868278966
11286.0,12.02361750901756,377.8952908800683,15.37100582741164
11287.0,11.706476972132293,377.89188418844077,15.370638821900334
11288.0,12.245681084402372,377.88856735329864,15.370271851779286
11289.0,11.888750832849674,377.88509774365804,15.369904917082728
11290.0,11.13300960809399,377.8817292642554,15.369538017844892
11291.0,10.946011433683566,377.8785749115331,15.369171154100007
11292.0,11.900524487222512,377.8754735416269,15.368804325882294
11293.0,11.588895323158079,377.8721017263555,15.368437533225979
11294.0,10.793561996521083,377.86881820601394,15.368070776165276
11295.0,11.488694463220623,377.8657600301149,15.367704054734402
11296.0,12.309159011631161,377.86250490001703,15.367337368967563
11297.0,11.920332582130664,377.85901730496374,15.366970718898973
11298.0,11.86590447773017,377.8556398773988,15.366604104562834
11299.0,11.49951441397099,377.8522778711301,15.366237525993345
11300.0,11.305873017170974,377.8490196753795,15.365870983224708
11301.0,10.217990705544342,377.8458163446913,15.365504476291113
11302.0,10.7553771684889,377.8429212473247,15.365138005226754
11303.0,11.102664949460507,377.8398738904603,15.364771570065818
11304.0,12.049086410741292,377.8367281353913,15.364405170842488
11305.0,10.932564250442109,377.83331422757493,15.364038807590951
11306.0,11.469005663279116,377.83021666770395,15.363672480345375
11307.0,11.36444729136769,377.8269671160993,15.363306189139943
11308.0,11.420970111099477,377.8237471893668,15.36293993400882
11309.0,10.983395086498314,377.82051124783527,15.362573714986178
11310.0,12.060113564671397,377.8173992858941,15.362207532106178
11311.0,12.307614729428224,377.8139822537175,15.361841385402982
11312.0,11.853046281448501,377.8104950962108,15.361475274910749
11313.0,11.75207591118303,377.8071367330977,15.36110920066363
11314.0,11.524151128316582,377.80380697825626,15.360743162695776
11315.0,11.321680011491793,377.80054180210317,15.36037716104134
11316.0,11.513069285951271,377.7973339927666,15.36001119573446
11317.0,11.742275050264244,377.79407195646894,15.359645266809279
11318.0,11.249336698159894,377.79074497853804,15.359279374299932
11319.0,11.040983654622035,377.7875576664735,15.358913518240556
11320.0,11.747754251009063,377.7844293877714,15.358547698665278
11321.0,11.463540846360033,377.78110085740025,15.358181915608228
11322.0,11.775745096333662,377.77785285416047,15.357816169103527
11323.0,9.742468105394927,377.77451639304985,15.357450459185298
11324.0,10.4024091022167,377.77175602708667,15.357084785887656
11325.0,11.817915452000381,377.76880867784104,15.356719149244713
11326.0,12.339853727734168,377.76546026846296,15.356353549290581
11327.0,11.819089045555636,377.76196397657344,15.355987986059365
11328.0,12.717357683345245,377.7586152346772,15.35562245958517
11329.0,11.22842992886145,377.75501198333365,15.355256969902095
11330.0,12.349875392989436,377.75183059485374,15.354891517044235
11331.0,11.96264406322094,377.74833146349243,15.354526101045682
11332.0,12.84473594733894,377.7449420476745,15.354160721940529
11333.0,10.968014297600995,377.74130270582276,15.353795379762857
11334.0,10.649687281213977,377.73819510177174,15.353430074546756
11335.0,13.206759776405043,377.73517769037545,15.353064806326296
11336.0,12.119473049434493,377.73143577510547,15.352699575135558
11337.0,12.888570071514616,377.7280019244081,15.352334381008612
11338.0,11.471822668199035,377.72435016288784,15.351969223979527
11339.0,11.036746077515055,377.72109981313184,15.351604104082371
11340.0,11.170831011779367,377.71797273507656,15.351239021351203
11341.0,10.614955201881727,377.7148076662899,15.350873975820079
11342.0,11.788018139045084,377.7118000956494,15.350508967523059
11343.0,10.726354349513246,377.7084601571766,15.350143996494188
11344.0,11.053968976725056,377.7054210234443,15.349779062767519
11345.0,11.832681637461437,377.7022890655676,15.349414166377095
11346.0,10.54162576978846,377.6989364724369,15.349049307356958
11347.0,11.778723520462266,377.69594967846876,15.348684485741142
11348.0,11.30027198084296,377.6926123734713,15.348319701563682
11349.0,10.81124922128699,377.6894106297434,15.347954954858611
11350.0,12.258194918389677,377.68634744246407,15.347590245659953
11351.0,12.687247481246052,377.68287428723715,15.347225574001731
11352.0,10.90642313998273,377.6792795671175,15.34686093991797
11353.0,11.01390006544498,377.6761894138945,15.34649634344268
11354.0,11.71426859862737,377.67306880887594,15.346131784609879
11355.0,9.824084290931665,377.66974976610635,15.34576726345357
11356.0,11.890706269108643,377.66696627555723,15.345402780007765
11357.0,11.732786618375213,377.66359724211435,15.345038334306464
11358.0,11.922196535063625,377.6602729525725,15.344673926383665
11359.0,10.245374545985774,377.65689499688756,15.344309556273368
11360.0,10.909629944436606,377.6539921407662,15.343945224009557
11361.0,11.809115298149612,377.6509010789486,15.343580929626224
11362.0,10.819157996108194,377.64755516294747,15.343216673157354
11363.0,11.510113845270123,377.6444897348486,15.342852454636931
11364.0,12.457164267189233,377.64122853592573,15.342488274098928
11365.0,11.316784417761031,377.63769900605007,15.342124131577318
11366.0,11.141593962782279,377.6344925837983,15.341760027106078
11367.0,11.929360496592164,377.6313357988422,15.341395960719167
11368.0,10.248268086334436,377.62795581336815,15.341031932450555
11369.0,10.154339392420125,377.6250521374103,15.340667942334202
11370.0,10.956312272099105,377.6221750745825,15.340303990404058
11371.0,12.026815304383208,377.6190707861054,15.33994007669408
11372.0,11.51565146479035,377.6156631884358,15.339576201238216
11373.0,11.13709611355539,377.6124004205208,15.339212364070415
11374.0,10.723259760746272,377.6092449099553,15.338848565224616
11375.0,11.092548065184296,377.6062066530231,15.338484804734756
11376.0,10.738162714457435,377.6030637644046,15.338121082634775
11377.0,11.969871277042886,377.6000212849688,15.337757398958596
11378.0,13.145523957639648,377.59662982144033,15.337393753740153
11379.0,11.717132148393462,377.592905256319,15.33703014701337
11380.0,11.761763354992576,377.58958540221033,15.336666578812169
11381.0,9.137492328479281,377.58625290259306,15.33630304917046
11382.0,12.086786343895366,377.5836639464333,15.335939558122162
11383.0,10.56665724570178,377.5802393569692,15.335576105701183
11384.0,10.59631132799173,377.5772454707496,15.335212691941429
11385.0,11.71942029425043,377.57424318254,15.334849316876804
11386.0,10.976382440479624,377.57092268012326,15.334485980541208
11387.0,11.8281608568594,377.5678127050985,15.33412268296853
11388.0,10.5646898759207,377.56446139285566,15.33375942419267
11389.0,11.022860298788876,377.5614680640575,15.33339620424751
11390.0,12.039705930974376,377.5583449203062,15.333033023166937
11391.0,10.230759124704935,377.55493367029237,15.332669880984831
11392.0,12.69148656456066,377.55203495520703,15.33230677773507
11393.0,10.522317381787346,377.54843903401377,15.331943713451526
11394.0,11.555435697950681,377.5454577107556,15.33158068816807
11395.0,12.482940529128529,377.5421836706411,15.33121770191857
11396.0,11.925045913716588,377.5386468374912,15.330854754736887
11397.0,11.389388825776905,377.53526807448236,15.33049184665688
11398.0,12.55977504769172,377.5320410809817,15.330128977712405
11399.0,12.014859172041179,377.52848247805156,15.329766147937312
11400.0,12.874551627087559,377.5250782679528,15.329403357365448
11401.0,11.124523130786745,377.5214304783251,15.329040606030663
11402.0,11.520607314008311,377.51827853010474,15.328677893966793
11403.0,11.658379531128606,377.5150143580325,15.328315221207678
11404.0,11.32537937019888,377.5117111504986,15.327952587787147
11405.0,9.752132723399772,377.5085022930104,15.327589993739032
11406.0,11.45165086495015,377.50573918873874,15.327227439097161
11407.0,10.497394086384745,377.50249455432703,15.326864923895357
11408.0,12.020204220642743,377.4995202926693,15.326502448167433
11409.0,12.134146201316481,377.49611456814006,15.326140011947212
11410.0,11.341030297442634,377.4926765600497,15.325777615268498
11411.0,11.252474094411895,377.4894632681321,15.325415258165101
11412.0,11.298290600969626,377.48627506713865,15.325052940670828
11413.0,10.717961100063468,377.48307388480174,15.324690662819476
11414.0,9.448856514647424,377.4800371291567,15.324328424644843
11415.0,10.225460487045343,377.4773599531442,15.32396622618072
11416.0,10.572565720790612,377.4744627393395,15.323604067460899
11417.0,11.567672434527218,377.47146717905196,15.323241948519165
11418.0,10.642148962438247,377.4681896718622,15.322879869389295
11419.0,11.496250107974644,377.4651743963229,15.322517830105074
11420.0,11.845024671980733,377.4619171254589,15.322155830700272
11421.0,11.782283327612978,377.45856103513523,15.32179387120866
11422.0,13.10576370147578,377.4552227215257,15.321431951664007
11423.0,11.482412891500234,377.4515094218103,15.321070072100074
11424.0,11.08683874296616,377.448256071491,15.320708232550622
11425.0,11.49309452735824,377.44511480051386,15.320346433049405
11426.0,9.435097056051353,377.4418584237311,15.319984673630175
11427.0,11.117183227274085,377.4391851462319,15.319622954326682
11428.0,11.849386414472232,377.43603527765083,15.31926127517267
11429.0,10.285847138161673,377.4326779515,15.318899636201877
11430.0,10.135358516954058,377.42976362814426,15.318538037448043
11431.0,11.164548154738258,377.42689194323106,15.3181764789449
11432.0,10.317138511303563,377.42372865458725,15.31781496072618
11433.0,9.877438566108987,377.4208054653424,15.317453482825602
11434.0,10.643417734140604,377.41800685774865,15.317092045276897
11435.0,10.935878582859068,377.414991222724,15.316730648113777
11436.0,11.338197760650598,377.4118927237922,15.316369291369957
11437.0,11.462626090037451,377.4086802344267,15.31600797507915
11438.0,11.6823135183584,377.40543249036784,15.31564669927506
11439.0,11.387351356199265,377.40212250153763,15.315285463991394
11440.0,10.36173190466515,377.39889608531996,15.314924269261846
11441.0,12.377120732379067,377.3959602612803,15.314563115120116
11442.0,10.518340394249897,377.3924534104062,15.314202001599895
11443.0,13.070963085738862,377.38947321396114,15.313840928734868
11444.0,10.820876762481275,377.38576977442017,15.313479896558723
11445.0,10.990266772777435,377.3827038593375,15.313118905105139
11446.0,12.272791251362323,377.3795899504185,15.31275795440779
11447.0,11.47742973988167,377.37611265956394,15.312397044500353
11448.0,11.62315722182196,377.37286072113767,15.312036175416493
11449.0,10.133184277551257,377.3695674932581,15.311675347189878
11450.0,11.417634083697962,377.36669642437954,15.311314559854168
11451.0,12.553305512366906,377.36346142805576,15.310953813443023
11452.0,11.806019201957593,377.3599046581606,15.310593107990092
11453.0,11.903665194539577,377.35655961938676,15.31023244352903
11454.0,11.145066552333365,377.3531869142483,15.309871820093479
11455.0,12.017607339528878,377.35002914539183,15.309511237717082
11456.0,10.794972178749314,377.3466241566456,15.309150696433479
11457.0,11.33830049985411,377.343565581195,15.308790196276306
11458.0,10.908438886747831,377.34035306272,15.308429737279189
11459.0,11.31568959949832,377.33726233836876,15.308069319475756
11460.0,12.51162778187664,377.33405622631557,15.307708942899634
11461.0,11.404769301956025,377.33051126511066,15.307348607584439
11462.0,11.415698270984441,377.32727991380847,15.306988313563785
11463.0,10.145784716420366,377.324045465965,15.306628060871288
11464.0,11.177916344371898,377.321170826962,15.306267849540552
11465.0,10.774916732746906,377.31800375066445,15.305907679605182
11466.0,11.681759220419842,377.3149508575902,15.305547551098778
11467.0,12.172496913768883,377.31164102581107,15.305187464054937
11468.0,11.284027219889639,377.3081921516855,15.304827418507248
11469.0,11.585482406866234,377.3049950106399,15.304467414489302
11470.0,10.912907546596083,377.3017124572912,15.304107452034684
11471.0,10.31896521565193,377.2986204668197,15.303747531176972
11472.0,11.65691481214424,377.2956967600086,15.303387651949746
11473.0,10.981367355031459,377.2923939674785,15.303027814386574
11474.0,11.571269456386762,377.2892825800613,15.30266801852103
11475.0,11.898112844263391,377.28600405371526,15.302308264386676
11476.0,11.54559420760069,377.2826329217428,15.301948552017075
11477.0,12.35101082523574,377.2793616700506,15.301588881445781
11478.0,11.567725880129546,377.2758622169834,15.301229252706351
11479.0,10.530582266907995,377.27258469465073,15.300869665832334
11480.0,12.500224599474647,377.26960102967513,15.300510120857272
11481.0,12.069360757656877,377.2660592993719,15.30015061781471
11482.0,12.259141112249543,377.26263964715724,15.299791156738186
11483.0,11.192522673517411,377.2591662238421,15.299431737661232
11484.0,11.23518102725685,377.25599500908453,15.299072360617378
11485.0,10.935216221926206,377.25281170779357,15.298713025640152
11486.0,10.073629220770812,377.24971339653064,15.298353732763072
11487.0,10.222184780942923,377.2468592015848,15.29799448201966
11488.0,11.173394718507444,377.2439629158969,15.297635273443431
11489.0,11.727768690013297,377.2407971207266,15.29727610706789
11490.0,12.735091087816205,377.23747425293107,15.296916982926547
11491.0,11.521204350012706,377.23386597712283,15.296557901052903
11492.0,11.592573248081177,377.23060163589037,15.296198861480459
11493.0,11.398897190767851,377.22731707347003,15.295839864242707
11494.0,11.174130608017425,377.22408738593265,15.295480909373136
11495.0,10.975279933675203,377.22092138226037,15.295121996905237
11496.0,10.099473043948056,377.2178117196125,15.29476312687249
11497.0,12.715532225522313,377.21495020225,15.294404299308374
11498.0,11.5682366791268,377.21134746811947,15.294045514246363
11499.0,10.954061904807544,377.2080698010604,15.293686771719928
11500.0,12.597881851783407,377.2049661501874,15.293328071762534
11501.0,11.435750290578188,377.20139675032937,15.29296941440765
11502.0,10.970297570471804,377.1981566210804,15.292610799688731
11503.0,9.940808717393242,377.1950483701021,15.29225222763923
11504.0,11.369617190188233,377.19223180763214,15.291893698292597
11505.0,10.575929468315524,377.18901041609496,15.291535211682284
11506.0,10.451691184715813,377.1860139027456,15.291176767841732
11507.0,9.858448285496266,377.1830525902432,15.290818366804377
11508.0,11.04012666866754,377.180259363229,15.290460008603658
11509.0,11.64651200882816,377.17713132733957,15.290101693273002
11510.0,10.508626883582902,377.1738314822704,15.289743420845838
11511.0,11.884033714963525,377.1708540379867,15.289385191355588
11512.0,11.254796008921243,377.1674868951008,15.289027004835676
11513.0,11.273929884489723,377.1642980362316,15.288668861319508
11514.0,12.512887408144469,377.1611037560977,15.288310760840501
11515.0,12.573093932403543,377.1575584379987,15.28795270343206
11516.0,10.194967706463709,377.15399606138453,15.287594689127587
11517.0,12.175964815718952,377.15110748720105,15.287236717960482
11518.0,11.075957662750017,377.14765763050326,15.286878789964142
11519.0,11.289554594860265,377.14451944249885,15.286520905171953
11520.0,11.781822328581534,377.1413207353636,15.286163063617307
11521.0,10.204914457786028,377.1379825523705,15.28580526533358
11522.0,12.462347512717164,377.13509115994077,15.285447510354158
11523.0,11.536846637515648,377.13156016147883,15.285089798712411
11524.0,11.527113342790743,377.1282913882649,15.284732130441713
11525.0,11.910378091206198,377.1250253728178,15.284374505575427
11526.0,10.42296353527179,377.1216507656919,15.284016924146917
11527.0,12.117467643222156,377.1186975926903,15.28365938618954
11528.0,10.520784445949099,377.1152643101914,15.28330189173665
11529.0,10.83312004926485,377.11228342126503,15.282944440821604
11530.0,10.858654843867273,377.1092140372511,15.282587033477741
11531.0,11.909093190787187,377.1061374183786,15.282229669738406
11532.0,12.72762819515519,377.1027631753079,15.281872349636936
11533.0,10.08145967122968,377.099157013986,15.281515073206664
11534.0,11.889453828088634,377.0963006004124,15.281157840480924
11535.0,11.544021384948854,377.0929319218278,15.280800651493042
11536.0,12.47422520676505,377.08966111576876,15.280443506276333
11537.0,11.151857279533825,377.08612675196014,15.28008640486412
11538.0,10.3406793055995,377.0829670590643,15.279729347289717
11539.0,10.082000465296426,377.08003719992774,15.279372333586432
11540.0,10.617946200890444,377.0771806331292,15.279015363787572
11541.0,11.833474784743986,377.07417221503897,15.278658437926437
11542.0,10.164969889141785,377.07081939718336,15.278301556036325
11543.0,11.67482236887896,377.0679393223814,15.277944718150527
11544.0,11.017971350164082,377.0646314560435,15.277587924302333
11545.0,11.395345303043294,377.0615096974944,15.277231174525033
11546.0,11.603100696787136,377.05828101632517,15.2768744688519
11547.0,10.695072237683029,377.0549934711277,15.276517807316216
11548.0,11.09710465927174,377.05196320066034,15.276161189951251
11549.0,11.570802993959157,377.0488190210069,15.275804616790277
11550.0,11.833601864819055,377.04554062682536,15.275448087866556
11551.0,11.758211183080196,377.04218777296364,15.275091603213344
11552.0,10.321513352296883,377.0388562797951,15.274735162863905
11553.0,11.359792503394296,377.0359318510119,15.274378766851488
11554.0,12.860412503624417,377.032713243136,15.274022415209338
11555.0,9.668706882143908,377.02906945959325,15.273666107970701
11556.0,10.877652732453935,377.0263299926433,15.273309845168818
11557.0,11.405718695569785,377.0232479910358,15.272953626836921
11558.0,11.417674861264926,377.0200163707387,15.272597453008245
11559.0,10.459485001723946,377.01678136286137,15.272241323716017
11560.0,11.260387082328833,377.0138178421109,15.271885238993455
11561.0,11.547764857730499,377.0106273991042,15.27152919887378
11562.0,11.051377372967732,377.0073555323945,15.27117320339021
11563.0,10.1578353117652,377.00422430880553,15.270817252575954
11564.0,11.034778688193008,377.0013462554671,15.270461346464218
11565.0,11.649065351742173,376.9982197348388,15.270105485088202
11566.0,12.460482698444267,376.9949191663225,15.269749668481106
11567.0,11.616937738839074,376.99138869622465,15.269393896676123
11568.0,11.717877741598134,376.9880972305319,15.269038169706445
11569.0,10.978195416270992,376.9847771651718,15.268682487605256
11570.0,11.246585760980862,376.9816666764706,15.268326850405735
11571.0,12.306568937467087,376.9784801438383,15.267971258141062
11572.0,11.603615450064465,376.97499328263933,15.267615710844408
11573.0,11.27258274453866,376.97170559159514,15.267260208548942
11574.0,11.136840450095058,376.96851169315084,15.266904751287829
11575.0,10.28101683412162,376.96535625502327,15.266549339094231
11576.0,10.264076634369978,376.9624433002536,15.266193972001302
11577.0,12.341370082224827,376.9595351452072,15.265838650042195
11578.0,12.004099783457434,376.95603842368394,15.265483373250055
11579.0,10.744618082295181,376.9526372620786,15.265128141658028
11580.0,12.045677835605025,376.94959295362196,15.264772955299252
11581.0,10.941534380500414,376.9461800115685,15.264417814206864
11582.0,11.987138143030874,376.94307991016075,15.26406271841399
11583.0,11.30259987186399,376.9396835543535,15.263707667953764
11584.0,12.183863175700695,376.93648115105646,15.263352662859303
11585.0,9.014329951481518,376.93302905649,15.262997703163725
11586.0,10.762587206269172,376.93047499633707,15.262642788900147
11587.0,11.28771747259776,376.92742559662867,15.262287920101677
11588.0,10.79616995129785,376.9242274100114,15.261933096801418
11589.0,11.09425945186133,376.92116849519186,15.261578319032475
11590.0,12.34140336499575,376.91802512168056,15.261223586827944
11591.0,11.9696971305268,376.9145283907271,15.260868900220915
11592.0,10.289146096209477,376.9111369765401,15.260514259244479
11593.0,11.13874812577592,376.9082217184796,15.26015966393172
11594.0,11.207272341397022,376.9050657398439,15.259805114315716
11595.0,11.85756360057561,376.9018903460139,15.259450610429544
11596.0,10.714244279025628,376.89853070299375,15.259096152306277
11597.0,9.038368109601988,376.89549500044797,15.25874173997898
11598.0,12.259646314895603,376.8929341294836,15.258387373480716
11599.0,12.65197526011044,376.8894605630277,15.258033052844542
11600.0,11.664705770623344,376.885875836704,15.257678778103516
11601.0,11.078642067122622,376.8825708367357,15.257324549290685
11602.0,10.786875569960863,376.87943188815,15.256970366439095
11603.0,10.984476454674496,376.8763756067385,15.256616229581788
11604.0,11.549250316597549,376.8732633384097,15.256262138751802
11605.0,11.150237309548157,376.86999105082,15.255908093982168
11606.0,10.795070803514935,376.86683181691564,15.255554095305916
11607.0,10.528489436116155,376.86377321352126,15.25520014275607
11608.0,11.642445375682716,376.86079014151437,15.254846236365648
11609.0,11.102224562839199,376.8574914486579,15.254492376167667
11610.0,11.95035581054761,376.8543458183651,15.25413856219514
11611.0,11.602062696000102,376.85095988421887,15.25378479448107
11612.0,10.73555311220972,376.84767263312165,15.253431073058465
11613.0,12.346576782974175,376.84463089307314,15.253077397960318
11614.0,10.114784518972176,376.841132696318,15.252723769219628
11615.0,12.21590228703847,376.83826684070425,15.25237018686938
11616.0,10.839991223859643,376.8348056683896,15.252016650942561
11617.0,10.790893120640314,376.83173433754285,15.251663161472154
11618.0,10.559144914841205,376.82867691782536,15.251309718491134
11619.0,11.09947838324827,376.8256851600995,15.250956322032474
11620.0,11.77743718311061,376.82254030789085,15.25060297212914
11621.0,11.26120211669371,376.81920336735567,15.250249668814098
11622.0,10.79642368215259,376.8160126934226,15.249896412120307
11623.0,12.537794966170239,376.8129537067127,15.249543202080723
11624.0,11.448900865835089,376.8094013314722,15.249190038728294
11625.0,8.714610601976084,376.80615747622693,15.248836922095967
11626.0,11.658402747915076,376.8036883365564,15.248483852216685
11627.0,12.001263762252245,376.8003851224444,15.248130829123387
11628.0,10.78455435778908,376.79698476437846,15.247777852849
11629.0,11.630625264507785,376.7939291406438,15.24742492342646
11630.0,11.878893215789907,376.79063379681884,15.247072040888687
11631.0,10.507313251158438,376.7872681104077,15.246719205268604
11632.0,11.945750001577597,376.78429103831985,15.246366416599125
11633.0,10.130076021737237,376.78090640915275,15.246013674913163
11634.0,11.380086745006448,376.7780362209466,15.245660980243622
11635.0,11.158246390313373,376.7748118630355,15.245308332623406
11636.0,10.882023656665817,376.7716503598916,15.244955732085414
11637.0,12.127615306458585,376.76856711985556,15.24460317866254
11638.0,11.88514480350482,376.76513096218537,15.244250672387672
11639.0,11.188231230820703,376.76176350449106,15.243898213293695
11640.0,10.229292131588545,376.75859350564235,15.243545801413491
11641.0,10.908702310582829,376.7556952062051,15.243193436779935
11642.0,11.227345467984089,376.752604407217,15.242841119425899
11643.0,12.724226150546961,376.74942332600114,15.24248884938425
11644.0,11.831965216351215,376.7458181285918,15.242136626687852
11645.0,12.420529318971166,376.74246573844715,15.241784451369563
11646.0,12.628313816751138,376.7389465884734,15.241432323462234
11647.0,11.325235162929685,376.7353685662254,15.241080242998724
11648.0,11.208432050212895,376.7321597495959,15.240728210011866
11649.0,11.348962062840439,376.7289840271817,15.24037622453451
11650.0,11.180884244224126,376.72576848793057,15.24002428659949
11651.0,10.461648251836017,376.722600570728,15.239672396239635
11652.0,11.292894517786312,376.7196364370567,15.239320553487776
11653.0,13.307638292897915,376.71643678360994,15.238968758376734
11654.0,10.832584324024687,376.7126662860936,15.238617010939329
11655.0,10.677377846317775,376.70959705386855,15.238265311208375
11656.0,10.785962515592997,376.70657179681206,15.23791365921668
11657.0,10.214767520271591,376.70351577409934,15.237562054997053
11658.0,11.39705332007507,376.7006215899686,15.237210498582291
11659.0,10.916128159949206,376.6973924248612,15.23685899000519
11660.0,10.612057912385,376.6942995218825,15.236507529298546
11661.0,9.90673432696742,376.6912927721406,15.236156116495145
11662.0,11.51429437882318,376.6884858640814,15.23580475162777
11663.0,10.542863929129334,376.685223480674,15.235453434729195
11664.0,12.092496409340615,376.6822363358941,15.2351021658322
11665.0,11.525526957217426,376.67881012857816,15.234750944969553
11666.0,10.47141191922367,376.6755445626069,15.234399772174017
11667.0,11.76024969557354,376.6725776625632,15.234048647478357
11668.0,10.922600762101501,376.66924559181604,15.233697570915323
11669.0,10.648006211916904,376.66615085493345,15.23334654251767
11670.0,10.706789094784234,376.6631339198401,15.232995562318145
11671.0,10.993121321222493,376.66010032959656,15.23264463034949
11672.0,10.294067858695684,376.6569856118889,15.232293746644446
11673.0,11.735214222142833,376.654068959329,15.231942911235743
11674.0,10.741910387552863,376.650743981966,15.23159212415611
11675.0,10.510097568156683,376.64770044068956,15.231241385438274
11676.0,10.786317811813486,376.6447225797119,15.230890695114955
11677.0,10.951124462669453,376.6416664563319,15.230540053218867
11678.0,10.997542945339463,376.63856363773414,15.23018945978272
11679.0,11.602859005278825,376.63544766723294,15.229838914839224
11680.0,11.277777350107122,376.63216019051475,15.229488418421077
11681.0,10.39877705647525,376.62896482026565,15.22913797056098
11682.0,11.669589148697497,376.6260185000996,15.228787571291626
11683.0,9.821364885355038,376.6227121165075,15.228437220645702
11684.0,11.1194639897209,376.61992939645654,15.22808691865589
11685.0,11.360003648565423,376.6167788816595,15.227736665354874
11686.0,11.362323460340841,376.6135602139591,15.227386460775323
11687.0,10.198394360486908,376.6103408889786,15.227036304949912
11688.0,11.124192615913916,376.6074513439098,15.226686197911304
11689.0,11.759451870323305,376.60429948933535,15.226336139692163
11690.0,11.733148292491506,376.60096764463873,15.225986130325142
11691.0,10.580711928606311,376.5976432526225,15.225636169842897
11692.0,10.114774341764432,376.5946453842427,15.225286258278073
11693.0,10.882453712955536,376.59177953151254,15.224936395663313
11694.0,11.485587644165403,376.58869616962727,15.224586582031256
11695.0,10.580442374568195,376.58544191979473,15.224236817414535
11696.0,12.748035460452229,376.5824441277886,15.22388710184578
11697.0,10.600592391570054,376.57883218440816,15.223537435357615
11698.0,11.2543140060295,376.57582868323055,15.22318781798266
11699.0,10.874675395057718,376.5726399609288,15.222838249753533
11700.0,10.27534155272187,376.56955880290025,15.222488730702839
11701.0,12.652943331130958,376.56664745612704,15.222139260863194
11702.0,10.198888644532676,376.5630624555165,15.22178984026719
11703.0,12.127775482059812,376.5601727704006,15.221440468947428
11704.0,11.301786309420462,376.55673656734734,15.221091146936502
11705.0,11.356264486867671,376.5535343945596,15.220741874266997
11706.0,11.87168759495449,376.55031678628836,15.220392650971498
11707.0,11.840486114160052,376.5469531414698,15.220043477082584
11708.0,11.142693723904346,376.54359833707076,15.219694352632828
11709.0,10.931766630912955,376.54044124051563,15.219345277654801
11710.0,10.66881562983399,376.5373439066369,15.218996252181068
11711.0,11.235554609891816,376.53432107554175,15.218647276244186
11712.0,11.77023045556434,376.5311376684023,15.218298349876713
11713.0,11.377063386236268,376.52780276977325,15.217949473111203
11714.0,12.663822752759511,376.5245792684804,15.217600645980195
11715.0,12.136884574850816,376.52099118536717,15.21725186851624
11716.0,11.372593715231073,376.5175524014043,15.216903140751866
11717.0,11.596056922287632,376.5143301665184,15.21655446271961
11718.0,10.32298853628325,376.51104461705705,15.216205834452003
11719.0,10.97060604369595,376.5081197703051,15.215857255981563
11720.0,10.668967822725016,376.505011431926,15.215508727340808
11721.0,11.556765921349589,376.5019885577096,15.215160248562258
11722.0,11.288589563715496,376.49871414069855,15.214811819678417
11723.0,11.804011856831004,376.49551570698884,15.21446344072179
11724.0,11.625198957352044,376.4921712369627,15.214115111724878
11725.0,11.307041043877966,376.48887743059146,15.213766832720179
11726.0,11.38082794907191,376.48567376896233,15.213418603740179
11727.0,12.32440456837265,376.48244920104344,15.213070424817365
11728.0,10.821992306371875,376.4789572864158,15.212722295984221
11729.0,11.589582146285593,376.47589105526225,15.212374217273222
11730.0,12.58230868290288,376.4726073403208,15.21202618871684
11731.0,11.649469294323467,376.46904235286064,15.211678210347543
11732.0,10.949174753314962,376.46574166989393,15.21133028219779
11733.0,10.577622433769935,376.46263940371387,15.210982404300044
11734.0,10.763700767653534,376.45964241069095,15.210634576686754
11735.0,11.383869596422885,376.45659269547343,15.21028679939037
11736.0,11.316307656233311,376.4533672657545,15.209939072443339
11737.0,10.898351656716793,376.4501609785852,15.209591395878094
11738.0,10.26782565618041,376.44707311228245,15.209243769727076
11739.0,11.714523767722497,376.4441638950132,15.20889619402271
11740.0,11.785488840738335,376.4408447799457,15.208548668797421
11741.0,11.019692026160357,376.4375055581075,15.208201194083632
11742.0,10.247960670656195,376.4343833120334,15.207853769913758
11743.0,11.857629501576692,376.4314797231768,15.207506396320209
11744.0,11.402264849767993,376.4281200614846,15.20715907333539
11745.0,9.35848265542732,376.4248894197772,15.206811800991705
11746.0,10.808167666044445,376.42223784969144,15.206464579321548
11747.0,12.358485441503497,376.41917553551946,15.206117408357315
11748.0,12.703052061255734,376.4156739646443,15.205770288131388
11749.0,10.27359012540764,376.4120747665603,15.205423218676156
11750.0,11.773099610842026,376.4091639160248,15.20507620002399
11751.0,11.968811943079945,376.40582820446843,15.204729232207269
11752.0,11.738792046683155,376.40243704108457,15.204382315258357
11753.0,12.108692815976841,376.39911105000465,15.204035449209618
11754.0,11.215899479162362,376.3956802537068,15.203688634093412
11755.0,11.619752065674417,376.39250241552105,15.203341869942095
11756.0,11.10268240173602,376.3892101524358,15.202995156788013
11757.0,10.731017603395463,376.38606439242193,15.202648494663512
11758.0,10.982598245878679,376.3830239374343,15.202301883600931
11759.0,12.622376085113725,376.3799122012647,15.201955323632607
11760.0,11.864954493571057,376.37633586137383,15.201608814790868
11761.0,13.813976218824848,376.37297412426733,15.20126235710804
11762.0,11.759376077689987,376.3690601643387,15.200915950616444
11763.0,11.36447944294391,376.36572834111666,15.200569595348398
11764.0,10.993954250379584,376.3625084052745,15.20022329133621
11765.0,11.440172825302348,376.3593934515702,15.199877038612186
11766.0,11.374294389062134,376.35615206926974,15.199530837208632
11767.0,11.905379564964203,376.3529293525262,15.19918468715784
11768.0,9.504126846871392,376.3495561616494,15.198838588492105
11769.0,12.417552828229882,376.3468633257095,15.198492541243713
11770.0,11.114489491129802,376.34334501907483,15.198146545444947
11771.0,12.126221360328529,376.340195913719,15.197800601128083
11772.0,11.057216835469076,376.33676015100025,15.197454708325397
11773.0,10.879720248274628,376.3336272728969,15.197108867069154
11774.0,10.81402609481192,376.3305446854932,15.19676307739162
11775.0,10.707607132701725,376.327480711433,15.196417339325048
11776.0,10.770495041537554,376.32444688941206,15.196071652901699
11777.0,9.799891670260067,376.32139524915027,15.195726018153815
11778.0,10.813474680431751,376.318618613177,15.195380435113647
11779.0,11.53899712102047,376.3155547953509,15.195034903813427
11780.0,10.722396905564487,376.3122854128333,15.194689424285395
11781.0,11.31118828067874,376.3092474003767,15.194343996561775
11782.0,11.386359392841847,376.3060425636972,15.1939986206748
11783.0,11.454487426153172,376.3028164285359,15.193653296656679
11784.0,11.389519462677054,376.29957099043185,15.193308024539634
11785.0,9.74347535544908,376.2963439599174,15.192962804355872
11786.0,12.525487173275767,376.29358330856667,15.192617636137603
11787.0,10.411979693322781,376.29003442053425,15.192272519917022
11788.0,10.994882354053683,376.2870843596212,15.191927455726328
11789.0,10.491560990376184,376.2839691429542,15.191582443597712
11790.0,11.282710293349265,376.2809965340069,15.191237483563356
11791.0,11.707521730066363,376.2777997660905,15.190892575655443
11792.0,11.04610374810735,376.2744826349336,15.19054771990615
11793.0,11.306078401258107,376.2713529055383,15.190202916347648
11794.0,10.935862561957158,376.268149516658,15.189858165012105
11795.0,12.229952749352062,376.2650510222654,15.189513465931677
11796.0,10.492860759304989,376.2615858689864,15.189168819138528
11797.0,11.100847875786123,376.2586128917713,15.188824224664803
11798.0,10.78376666237377,376.2554676515398,15.188479682542654
11799.0,11.93439557067358,376.25241225098546,15.188135192804221
11800.0,11.768983745625018,376.2490308389071,15.187790755481641
11801.0,11.009126986152934,376.2456962935126,15.187446370607047
11802.0,11.421793841532946,376.2425770408664,15.187102038212565
11803.0,10.784301809897801,376.23934086594465,15.18675775833032
11804.0,11.479680345282205,376.2362853137652,15.186413530992425
11805.0,11.906618508628195,376.23303273766743,15.186069356230998
11806.0,9.897073680371186,376.2296591957566,15.185725234078145
11807.0,12.266074470641732,376.22685502488054,15.185381164565966
11808.0,12.040006874341325,376.22337963711385,15.185037147726561
11809.0,11.302897721415263,376.21996830183275,15.184693183592021
11810.0,11.891518632305317,376.21676581414505,15.184349272194439
11811.0,11.48282962334847,376.21339655053254,15.184005413565895
11812.0,11.346881905344391,376.21014308213927,15.183661607738468
11813.0,10.83629876040641,376.2069281322661,15.18331785474423
11814.0,11.5327281640619,376.2038578476173,15.18297415461525
11815.0,12.14676785357797,376.20059024130416,15.182630507383594
11816.0,11.280816051958569,376.19714865707897,15.182286913081317
11817.0,11.395276184123333,376.1939524258643,15.181943371740473
11818.0,11.199689647560358,376.19072376427874,15.181599883393112
11819.0,10.952965777542955,376.18755051887865,15.181256448071277
11820.0,10.63174179981905,376.18444717857506,15.180913065807008
11821.0,11.182532081863986,376.18143485173175,15.180569736632336
11822.0,11.260335586253007,376.17826646764183,15.180226460579293
11823.0,11.364983754369009,376.17507603922576,15.179883237679903
11824.0,11.055435228871447,376.17185596049535,15.179540067966183
11825.0,11.19559914085123,376.1687235871805,15.179196951470146
11826.0,10.602904364037425,376.16555150075726,15.178853888223804
11827.0,10.840705984911498,376.1625473445208,15.178510878259159
11828.0,11.31899993678002,376.1594758111584,15.178167921608209
11829.0,11.9128806390737,376.1562687611763,15.177825018302952
11830.0,11.121460314162963,376.15289344499524,15.177482168375377
11831.0,10.882360398089462,376.1497423645729,15.17713937185746
11832.0,10.937371839912897,376.1466590291268,15.176796628781192
11833.0,11.539670550678181,376.14356010710543,15.17645393917854
11834.0,11.162265104507727,376.1402905337828,15.176111303081475
11835.0,10.934588087299971,376.1371278920032,15.175768720521958
11836.0,11.441430112582447,376.13402975871173,15.175426191531953
11837.0,10.245159289140311,376.13078802017986,15.175083716143414
11838.0,10.39325332144692,376.1278852250479,15.174741294388287
11839.0,11.63301169968367,376.1249404699402,15.174398926298517
11840.0,11.011455993864944,376.1216444499586,15.174056611906046
11841.0,12.121435131860412,376.118524537427,15.173714351242804
11842.0,10.693911586570612,376.11509013080627,15.173372144340725
11843.0,12.316295741048599,376.1120601891902,15.17302999123173
11844.0,10.800974355409704,376.1085705720635,15.172687891947735
11845.0,12.195653209870981,376.10551029599617,15.17234584652066
11846.0,11.222072259315041,376.10205486092,15.172003854982412
11847.0,11.762679632287721,376.0988752737799,15.171661917364897
11848.0,11.005627495358908,376.09554251455074,15.17132003370001
11849.0,10.520144160755125,376.09242425342705,15.170978204019645
11850.0,11.244175276416165,376.08944354591483,15.170636428355696
11851.0,9.643582451962736,376.08625769625314,15.170294706740043
11852.0,11.5831124396965,376.0835253478918,15.169953039204568
11853.0,11.090223197680947,376.0802434660339,15.16961142578114
11854.0,9.576600009829699,376.0771012361279,15.169269866501631
11855.0,10.343149637406087,376.0743878661251,15.168928361397905
11856.0,11.881784131915644,376.07145730706117,15.16858691050182
11857.0,9.986049640884984,376.0680908015572,15.16824551384523
11858.0,10.515960016027858,376.06526142082555,15.167904171459982
11859.0,10.312869612845137,376.062281898821,15.16756288337792
11860.0,9.80749479702645,376.0593599190974,15.167221649630884
11861.0,11.417824663649334,376.05658112890495,15.166880470250707
11862.0,12.532483745154464,376.0533460785836,15.166539345269216
11863.0,10.603976495273887,376.0497952081891,15.166198274718234
11864.0,10.365909394306653,376.04679074818205,15.165857258629583
11865.0,11.429477829469226,376.0438537405204,15.165516297035072
11866.0,9.519963771455348,376.0406153884687,15.16517538996651
11867.0,11.19741874090981,376.03791806540016,15.164834537455702
11868.0,11.281127661165645,376.0347454634235,15.164493739534441
11869.0,10.78484440331112,376.0315491439195,15.164152996234524
11870.0,11.236435160387858,376.0284934380053,15.16381230758774
11871.0,10.637891358853087,376.02530978137656,15.163471673625866
11872.0,11.254800674701261,376.02229571215815,15.163131094380683
11873.0,9.93461037889295,376.019106851967,15.162790569883962
11874.0,12.873843223671457,376.01629204569304,15.162450100167472
11875.0,12.713293358675116,376.01264445677964,15.162109685262974
11876.0,11.872411960209574,376.0090423569947,15.161769325202224
11877.0,11.518225551094469,376.00567850693926,15.161429020016977
11878.0,10.056802094987551,376.0024150096998,15.161088769738976
11879.0,11.072845103861923,375.9995655824396,15.160748574399964
11880.0,10.558463563848454,375.9964282763268,15.160408434031678
11881.0,11.65045104958183,375.99343671165036,15.16006834866585
11882.0,11.68150980105446,375.9901357505196,15.159728318334205
11883.0,12.791253591260421,375.9868259894093,15.159388343068462
11884.0,10.869163573017067,375.9832018008918,15.159048422900343
11885.0,11.964657508061224,375.98012220454615,15.158708557861555
11886.0,10.312550871747781,375.97673221825215,15.158368747983804
11887.0,10.76996508995472,375.9738103288385,15.158028993298789
11888.0,11.696421296335133,375.97075883872964,15.157689293838208
11889.0,11.970943310916336,375.9674448526957,15.157349649633751
11890.0,10.628026162864511,375.96405308542427,15.1570100607171
11891.0,11.244944111536944,375.9610418113448,15.15667052711994
11892.0,10.65448556564572,375.95785574384655,15.156331048873941
11893.0,10.745557285534469,375.9548369729362,15.155991626010778
11894.0,10.677956441871485,375.951792398372,15.155652258562109
11895.0,9.86168498071443,375.94876697738016,15.155312946559597
11896.0,10.285805751520302,375.9459728333023,15.154973690034897
11897.0,10.19777641228513,375.94305852167264,15.154634489019655
11898.0,12.115209944685171,375.9401691516892,15.154295343545517
11899.0,10.893376705267041,375.93673650887155,15.153956253644118
11900.0,10.630162187726857,375.9336500521384,15.153617219347097
11901.0,10.158575071758651,375.93063817285184,15.15327824068608
11902.0,9.595530887050018,375.9277599099148,15.152939317692686
11903.0,10.414756219610528,375.9250411761635,15.15260045039854
11904.0,11.129966214697662,375.92209032856795,15.15226163883525
11905.0,10.989492291489999,375.91893683814044,15.151922883034423
11906.0,11.48881401486376,375.91582314865786,15.151584183027664
11907.0,10.862191996433687,375.91256798468703,15.151245538846565
11908.0,10.913573265041256,375.90949036362133,15.150906950522725
11909.0,12.368360651316353,375.9063981845296,15.150568418087726
11910.0,11.559536088048212,375.9028938156784,15.15022994157315
11911.0,10.342041347430255,375.8996186137868,15.149891521010572
11912.0,10.363091949387524,375.89668836873835,15.149553156431567
11913.0,10.992091746847944,375.8937521593527,15.149214847867697
11914.0,9.68924263711812,375.8906377333577,15.148876595350522
11915.0,11.320887036358526,375.8878924479439,15.148538398911601
11916.0,11.096231624766235,375.8846848632836,15.14820025858248
11917.0,12.17839786267981,375.88154093098996,15.147862174394707
11918.0,10.751195878883165,375.87809038492884,15.147524146379821
11919.0,10.11333885967682,375.87504421276316,15.147186174569352
11920.0,10.479218459728203,375.8721787667529,15.146848258994837
11921.0,11.700166140942011,375.869209654856,15.146510399687793
11922.0,11.795192616264787,375.8658946077827,15.14617259667974
11923.0,12.649821037689735,375.86255263654147,15.145834850002196
11924.0,11.283389899923062,375.8589685205808,15.145497159686663
11925.0,11.864191512695335,375.8557715601091,15.145159525764647
11926.0,11.123544394136264,375.8524100391805,15.144821948267644
11927.0,11.346616951733864,375.84925836826886,15.144484427227148
11928.0,11.500630396015794,375.84604349346586,15.144146962674647
11929.0,10.925561358956452,375.8427849815203,15.143809554641617
11930.0,11.428653470907097,375.83968940580195,15.14347220315954
11931.0,11.891817335553739,375.8364512873185,15.143134908259887
11932.0,9.660192277287397,375.8330819390735,15.142797669974122
11933.0,11.454169528435873,375.8303448845949,15.142460488333706
11934.0,10.683114647169896,375.82709953656183,15.142123363370093
11935.0,11.128209989632863,375.8240726540785,15.141786295114736
11936.0,12.469151936076333,375.82091966124807,15.141449283599078
11937.0,11.62779836921361,375.8173867348662,15.14111232885456
11938.0,10.698480841187925,375.8140921919949,15.140775430912615
11939.0,10.971159560508823,375.8110609557566,15.140438589804672
11940.0,10.637249310922394,375.80795246054777,15.140101805562153
11941.0,10.606825015876348,375.804938573243,15.13976507821648
11942.0,10.478296195307605,375.80193330615515,15.139428407799064
11943.0,10.835670629930174,375.79896445556653,15.13909179434131
11944.0,12.063974998776217,375.795894348888,15.138755237874625
11945.0,11.586050456517299,375.79247622263836,15.138418738430406
11946.0,11.684091044426996,375.7891935083424,15.13808229604004
11947.0,11.887795194938061,375.78588301587985,15.137745910734914
11948.0,9.915804639024815,375.7825148072412,15.137409582546415
11949.0,10.706682254820999,375.7797053292602,15.137073311505914
11950.0,10.715416487832696,375.77667176928804,15.136737097644783
11951.0,11.223405507382989,375.77363573461645,15.136400940994385
11952.0,10.632578069808648,375.7704557697227,15.136064841586082
11953.0,12.096586685625867,375.7674432059363,15.135728799451227
11954.0,11.52286885815579,375.76401583970863,15.13539281462117
11955.0,10.81609644551659,375.7607510268655,15.135056887127256
11956.0,11.572973818029158,375.75768646620594,15.134721017000821
11957.0,9.80480454862714,375.7544074569575,15.134385204273196
11958.0,10.264004853535788,375.75162942900204,15.134049448975714
11959.0,11.498220433446782,375.74872129429355,15.133713751139695
11960.0,12.817385840884835,375.74546346517076,15.133378110796453
11961.0,11.15476621324271,375.74183187251583,15.133042527977304
11962.0,10.721741077999072,375.73867135542207,15.132707002713556
11963.0,11.473388954102782,375.7356335287833,15.132371535036501
11964.0,10.84289732361369,375.7323827352463,15.132036124977441
11965.0,11.21529019439245,375.72931058100465,15.131700772567667
11966.0,11.043700464870035,375.7261329154495,15.131365477838461
11967.0,11.371135197732935,375.7230038669844,15.1310302408211
11968.0,11.024651822722827,375.7197820453451,15.130695061546865
11969.0,10.650715182918283,375.7166583939954,15.130359940047018
11970.0,10.143148916680111,375.7136406913602,15.130024876352826
11971.0,12.88981091260717,375.7107667991671,15.129689870495545
11972.0,10.366873470381229,375.7071146860752,15.129354922506428
11973.0,11.222376742826086,375.7041774052586,15.12902003241672
11974.0,9.929965565303688,375.70099773184813,15.128685200257667
11975.0,10.874099816537946,375.6981842416046,15.1283504260605
11976.0,11.641595096678172,375.69510324665663,15.128015709856454
11977.0,9.50177315856439,375.69180479471254,15.127681051676754
11978.0,11.544487887354306,375.689112625651,15.127346451552617
11979.0,11.42739391268969,375.6858416874162,15.12701190951526
11980.0,10.935441958610449,375.68260392580754,15.12667742559589
11981.0,11.805834140226203,375.67950555058604,15.126342999825713
11982.0,11.914486246565332,375.67616056424623,15.126008632235926
11983.0,12.796097066929555,375.6727847931431,15.125674322857723
11984.0,11.442359780766967,375.66915923230744,15.12534007172229
11985.0,13.228261679570352,375.6659172303696,15.12500587886081
11986.0,11.152150346484323,375.6621692228936,15.12467174430446
11987.0,11.566424071409928,375.6590094469621,15.124337668084408
11988.0,12.048648842495094,375.65573229347524,15.124003650231822
11989.0,11.045139440891012,375.65231850963653,15.123669690777863
11990.0,10.380313258410014,375.64918905346167,15.123335789753684
11991.0,10.892814617161918,375.6462479647051,15.123001947190437
11992.0,11.547505942737997,375.64316166723023,15.122668163119263
11993.0,11.851143807332743,375.63988987387984,15.122334437571302
11994.0,10.648845649337957,375.6365320498011,15.122000770577685
11995.0,10.238741172513558,375.6335148768671,15.121667162169542
11996.0,9.171425860367478,375.6306139002015,15.121333612377994
11997.0,11.699010262614143,375.6280153295411,15.121000121234157
11998.0,10.725445202346792,375.6247006099666,15.120666688769143
11999.0,11.418834896239465,375.621661733826,15.120333315014058
12000.0,12.31243601592052,375.61842639727206,15.12
12001.0,12.162278859732659,375.61493787373416,15.119666743758067
12002.0,11.712574853390128,375.611491894724,15.119333546319343
12003.0,11.924193245194326,375.6081733318488,15.119000407714918
12004.0,11.829271055002698,375.6047948104294,15.118667327975864
12005.0,10.974559831096695,375.60144318363047,15.118334307133258
12006.0,9.546185771378266,375.5983337250116,15.118001345218167
12007.0,11.852474652684519,375.5956289723764,15.117668442261651
12008.0,11.568107801636321,375.5922707712248,15.117335598294767
12009.0,11.48970265446682,375.588993140681,15.117002813348563
12010.0,10.570611085347691,375.5857377249289,15.116670087454091
12011.0,11.149976450849408,375.58274271845477,15.116337420642385
12012.0,11.398337789347655,375.57958355846034,15.116004812944476
12013.0,12.464134906308747,375.57635402942,15.115672264391405
12014.0,12.365973753198602,375.57282252452984,15.115339775014183
12015.0,11.442654178818614,375.5693188319664,15.115007344843832
12016.0,11.015091057626085,375.5660767466158,15.114674973911365
12017.0,12.069725286658887,375.56295580414945,15.114342662247788
12018.0,11.590041998952705,375.55953604865164,15.114010409884102
12019.0,11.824992197796615,375.5562522034185,15.113678216851303
12020.0,9.43185045769405,375.5529017889625,15.11334608318038
12021.0,10.292682009794792,375.5502294313328,15.113014008902317
12022.0,11.131914752263713,375.54731317143006,15.112681994048092
12023.0,11.377939381186703,375.5441591289169,15.112350038648682
12024.0,12.749698859097432,375.54093537942555,15.112018142735055
12025.0,11.286467051569272,375.5373229647488,15.111686306338168
12026.0,11.75887365170437,375.53412513241756,15.111354529488981
12027.0,9.988167238208671,375.5307934515496,15.111022812218446
12028.0,11.621292930720136,375.5279634708321,15.110691154557507
12029.0,11.33470151256941,375.52467077116836,15.110359556537105
12030.0,11.321723048620443,375.5214592724065,15.110028018188174
12031.0,11.71693692341119,375.51825145087605,15.109696539541643
12032.0,11.055605505013997,375.5149316520811,15.109365120628436
12033.0,10.456949892175086,375.5117992305213,15.10903376147947
12034.0,10.228535969003715,375.5088364280519,15.108702462125656
12035.0,10.575367974396169,375.50593834286065,15.108371222597903
12036.0,10.722093920862655,375.50294198860126,15.108040042927112
12037.0,10.118779165926957,375.4999040619903,15.107708923144175
12038.0,10.718433819571562,375.49703707455996,15.107377863279986
12039.0,11.303870532490198,375.49400018497784,15.107046863365428
12040.0,10.848883937521357,375.4907974216603,15.106715923431377
12041.0,11.466717205616261,375.4877235712113,15.10638504350871
12042.0,12.44884930156067,375.484474668003,15.106054223628291
12043.0,11.197161944650903,375.48094749403424,15.105723463820986
12044.0,10.746667286127343,375.4777749648166,15.105392764117648
12045.0,11.717547250245156,375.47473007575223,15.105062124549129
12046.0,10.84254317994413,375.4714101040313,15.104731545146274
12047.0,10.466686229262237,375.4683380501303,15.104401025939922
12048.0,12.229330561597088,375.46537248903206,15.104070566960907
12049.0,10.979665511504873,375.46190751203955,15.103740168240055
12050.0,12.051805714665413,375.4587966068113,15.103409829808193
12051.0,10.041696670752845,375.45538192852547,15.103079551696135
12052.0,11.600719920565473,375.45253678113545,15.102749333934693
12053.0,11.850301827358404,375.44924991049123,15.102419176554674
12054.0,10.89100716037223,375.4458923249735,15.102089079586875
12055.0,11.55819233687452,375.4428065396114,15.101759043062094
12056.0,10.188038269371146,375.4395317184493,15.101429067011116
12057.0,10.83197435816431,375.43664510760624,15.101099151464728
12058.0,9.062999527382242,375.43357604820477,15.100769296453706
12059.0,11.636327910611941,375.4310081983387,15.100439502008822
12060.0,12.135986056029848,375.427711238764,15.100109768160841
12061.0,11.993176977248782,375.42427270938146,15.099780094940524
12062.0,11.365140320884532,375.4208746425713,15.099450482378627
12063.0,11.67209764393393,375.4176545194803,15.099120930505899
12064.0,10.624556799710165,375.4143474251479,15.098791439353084
12065.0,12.412679952162094,375.4113371340547,15.098462008950918
12066.0,9.97269926255402,375.4078202080682,15.098132639330133
12067.0,11.454778272081555,375.4049946099438,15.09780333052146
12068.0,11.598348833664291,375.40174908943334,15.097474082555614
12069.0,10.552580788652488,375.3984628905972,15.097144895463314
12070.0,11.053912768571,375.3954729927071,15.09681576927527
12071.0,12.00662962064566,375.392341050756,15.096486704022185
12072.0,11.093457014729681,375.38893917236345,15.096157699734757
12073.0,10.957096459349563,375.3857960262093,15.095828756443677
12074.0,12.448274270849636,375.3826915155458,15.095499874179632
12075.0,11.078817015323501,375.3791645045024,15.095171052973306
12076.0,11.790488619493054,375.376025506348,15.094842292855374
12077.0,10.572406603982973,375.37268486790583,15.094513593856503
12078.0,11.501788285478732,375.3696893527014,15.094184956007357
12079.0,11.472012722954673,375.3664305126872,15.093856379338597
12080.0,11.105331217802156,375.36318010908235,15.093527863880874
12081.0,9.857198038722004,375.3600335985706,15.093199409664837
12082.0,10.569054216338358,375.35724072579296,15.092871016721123
12083.0,12.077403622713872,375.35424616043167,15.092542685080371
12084.0,11.273923389626985,375.35082422940525,15.09221441477321
12085.0,10.2118041353879,375.3476299511115,15.091886205830264
12086.0,11.528464557114372,375.3447366066065,15.09155805828215
12087.0,10.838375529788108,375.3414702083153,15.091229972159484
12088.0,9.979350350019624,375.33839933524854,15.090901947492869
12089.0,11.327215615072921,375.33557185264937,15.090573984312908
12090.0,11.423159393957407,375.3323624748918,15.090246082650195
12091.0,11.097894933514393,375.3291259130635,15.08991824253532
12092.0,10.948317999328681,375.325981509499,15.089590463998869
12093.0,10.716443573382993,375.32287948606586,15.08926274707142
12094.0,11.027116337778454,375.3198431603867,15.088935091783544
12095.0,10.755144777551285,375.3167188107577,15.088607498165803
12096.0,9.939304417205307,375.31367151973734,15.088279966248768
12097.0,11.32735612977353,375.31085538348583,15.087952496062986
12098.0,12.187882772157472,375.3076459659157,15.087625087639012
12099.0,11.132442064488615,375.30419273246355,15.087297741007385
12100.0,10.400542884917211,375.30103854054533,15.086970456198644
12101.0,10.784847796599943,375.29809172006134,15.086643233243324
12102.0,12.729972353249016,375.29503601318555,15.086316072171948
12103.0,11.42040134142888,375.2914291876855,15.085988973015038
12104.0,11.75131746010355,375.2881934073054,15.085661935803108
12105.0,11.636614201630817,375.2848638673584,15.085334960566668
12106.0,11.077285686293385,375.281566826668,15.08500804733622
12107.0,11.084423083329389,375.27842826239015,15.084681196142263
12108.0,11.323272921528968,375.2752876758499,15.084354407015288
12109.0,11.933788643708828,375.2720794151888,15.08402767998578
12110.0,10.980249603523545,375.26869817507304,15.083701015084221
12111.0,9.879699436754901,375.26558710435205,15.083374412341085
12112.0,12.68471205877316,375.26278785617836,15.083047871786837
12113.0,11.601849623019305,375.2591938544283,15.08272139345194
12114.0,11.19890811082354,375.2559066637018,15.082394977366858
12115.0,10.620954365123806,375.25273363973713,15.082068623562034
12116.0,12.177666112824861,375.24972436933365,15.081742332067918
12117.0,10.788130100184427,375.2462740306017,15.081416102914947
12118.0,11.703944361602685,375.24321739374,15.081089936133557
12119.0,12.784677560929742,375.2399012761709,15.08076383175417
12120.0,11.05879687261377,375.2362789508619,15.080437789807215
12121.0,11.539856109786179,375.2331456250813,15.080111810323107
12122.0,10.89003915914006,375.22987599918355,15.079785893332252
12123.0,10.520163712125603,375.22679048808845,15.079460038865058
12124.0,11.96191111848395,375.2238097750367,15.079134246951922
12125.0,11.423035777664126,375.2204205668865,15.078808517623239
12126.0,9.979871228899405,375.2171840400828,15.078482850909394
12127.0,10.095224359242716,375.2143564099013,15.078157246840767
12128.0,11.510971912804914,375.2114960963329,15.077831705447739
12129.0,11.926164908070032,375.20823465429083,15.077506226760674
12130.0,11.10605231097673,375.20485557423353,15.077180810809935
12131.0,11.920105581058138,375.2017088594121,15.076855457625884
12132.0,10.787822945026793,375.19833149616414,15.076530167238872
12133.0,11.198880440505672,375.19527494632973,15.076204939679242
12134.0,11.584803413749786,375.1921019302049,15.075879774977336
12135.0,10.722285695893493,375.1888195692377,15.075554673163488
12136.0,10.58588082687353,375.1857815882905,15.075229634268027
12137.0,11.502551443026642,375.1827822553896,15.074904658321277
12138.0,10.4719377628433,375.17952319914735,15.074579745353551
12139.0,11.712740543203628,375.17655615011455,15.074254895395164
12140.0,12.877651205916026,375.173237540294,15.073930108476416
12141.0,11.559578038704428,375.1695888724523,15.073605384627612
12142.0,9.955568183336759,375.1663136586747,15.07328072387904
12143.0,11.482812493070893,375.1634929143561,15.07295612626099
12144.0,10.918950790768381,375.1602394508164,15.072631591803743
12145.0,9.912352783916072,375.1571457480924,15.072307120537577
12146.0,10.802993561692714,375.1543372481369,15.071982712492757
12147.0,11.410444166594255,375.1512763999611,15.071658367699547
12148.0,10.89819557907202,375.1480434407805,15.071334086188209
12149.0,10.349756388832626,375.14495561869984,15.07100986798899
12150.0,10.407379133936885,375.142023187723,15.07068571313214
12151.0,11.18232207951964,375.1390744303017,15.070361621647898
12152.0,11.508720826402913,375.13590610571254,15.070037593566497
12153.0,9.86172890249141,375.13264530147836,15.069713628918167
12154.0,11.403130868782856,375.129851144956,15.069389727733128
12155.0,12.148121970021045,375.12662025787654,15.0690658900416
12156.0,11.405014265987585,375.12317828998505,15.068742115873789
12157.0,11.926706224351046,375.11994686927636,15.068418405259905
12158.0,12.246248152486865,375.1165676358461,15.068094758230142
12159.0,11.057753654409737,375.1130978655362,15.067771174814693
12160.0,10.933890153415364,375.1099648353341,15.067447655043747
12161.0,11.477603647308138,375.10686689979065,15.067124198947486
12162.0,10.774748600695974,375.10361491209056,15.066800806556083
12163.0,12.547305658474004,375.10056206665377,15.066477477899705
12164.0,11.487222804422858,375.0970069967172,15.066154213008518
12165.0,10.483078012722155,375.09375228358925,15.065831011912678
12166.0,12.631782606665578,375.0907820781523,15.065507874642336
12167.0,9.470885169591021,375.08720307308045,15.065184801227637
12168.0,11.77241670549133,375.08451965561574,15.064861791698721
12169.0,10.248482187928232,375.08118413754914,15.064538846085721
12170.0,10.24465595334902,375.07828040092926,15.064215964418766
12171.0,11.892796618260967,375.0753777484091,15.063893146727974
12172.0,9.730490011123749,375.0720081227006,15.063570393043461
12173.0,10.828264370975779,375.0692511505308,15.063247703395339
12174.0,10.133792809686486,375.06618314229235,15.06292507781371
12175.0,11.81626610960318,375.06331190099627,15.06260251632867
12176.0,10.446902425946247,375.05996395893186,15.062280018970311
12177.0,11.416751749248021,375.0570040032445,15.06195758576872
12178.0,10.87432847495282,375.0537692569156,15.061635216753977
12179.0,12.212138082121662,375.05068819718105,15.061312911956152
12180.0,9.956882381826142,375.04722809139105,15.060990671405316
12181.0,10.96559219173485,375.04440697471614,15.060668495131528
12182.0,10.984380066592005,375.04130005692855,15.060346383164847
12183.0,11.63754618819173,375.0381878159097,15.060024335535317
12184.0,10.869657002028305,375.03489051115633,15.059702352272986
12185.0,12.109695470415879,375.0318107750058,15.059380433407892
12186.0,11.282607447554241,375.0283796946225,15.059058578970062
12187.0,10.394627241544796,375.02518295584565,15.058736788989528
12188.0,11.476127847589375,375.02223781146057,15.058415063496302
12189.0,11.724082382020967,375.01898624190375,15.058093402520402
12190.0,11.803081994639768,375.01566441856215,15.057771806091836
12191.0,10.438026667819303,375.01232021199706,15.057450274240605
12192.0,11.136352655825087,375.0093627711078,15.057128806996703
12193.0,10.359609725861816,375.0062074711887,15.05680740439012
12194.0,10.837296939910926,375.00327224843306,15.056486066450837
12195.0,11.671076463395673,375.0002016809667,15.056164793208836
12196.0,12.532713667855985,374.99689487596874,15.055843584694086
12197.0,10.703978805614478,374.9933439404295,15.055522440936551
12198.0,10.947986424365508,374.99031114643464,15.055201361966192
12199.0,11.72349740716623,374.98720921694775,15.054880347812963
12200.0,10.445793260695785,374.983887559349,15.054559398506806
12201.0,12.444274576305098,374.98092791792516,15.054238514077669
12202.0,11.41457691087686,374.97740204012854,15.053917694555484
12203.0,10.10556392900011,374.9741679100038,15.053596939970177
12204.0,10.584759656274496,374.97130466689055,15.053276250351676
12205.0,10.859262703679999,374.96830565165465,15.052955625729894
12206.0,10.157226619472878,374.96522886055527,15.052635066134744
12207.0,11.535678268957746,374.96235097967974,15.05231457159613
12208.0,10.870616380891382,374.95908253750355,15.05199414214395
12209.0,11.559487964510387,374.9560025295289,15.0516737778081
12210.0,10.295849551765693,374.95272734127235,15.051353478618458
12211.0,9.881520550063435,374.94981018389933,15.051033244604914
12212.0,11.3280646641451,374.9470104197435,15.050713075797338
12213.0,12.237298846514049,374.943800801422,15.050392972225598
12214.0,12.266111558744468,374.9403335667488,15.050072933919557
12215.0,10.009769235180704,374.93685816847386,15.049752960909071
12216.0,12.224355955718353,374.9340220671906,15.04943305322399
12217.0,11.779509450217779,374.93055849966976,15.04911321089416
12218.0,11.397998948460446,374.9272209719922,15.048793433949413
12219.0,10.846111728859936,374.9239915389568,15.048473722419587
12220.0,12.657640172435222,374.92091847396694,15.048154076334502
12221.0,10.628851558259912,374.91733214258477,15.047834495723983
12222.0,11.42878014858685,374.9143206346433,15.047514980617839
12223.0,11.987119542709946,374.9110824802679,15.047195531045881
12224.0,11.201622329587698,374.90768612973073,15.046876147037906
12225.0,11.382512975285813,374.90451233673735,15.046556828623713
12226.0,10.950941845999852,374.9012872913944,15.046237575833088
12227.0,11.807984306332722,374.898184524538,15.045918388695815
12228.0,10.580683743126073,374.8948389289846,15.045599267241672
12229.0,10.586941465941553,374.8918410685907,15.045280211500428
12230.0,12.4845082623605,374.8888414351754,15.044961221501845
12231.0,11.05512664158582,374.8853041578343,15.044642297275686
12232.0,10.54319328641618,374.88217187195255,15.044323438851702
12233.0,12.606873999831869,374.8791846338548,15.044004646259635
12234.0,11.226566931770572,374.8756126862215,15.043685919529231
12235.0,10.313432559248708,374.87243182559075,15.043367258690218
12236.0,9.991415369633813,374.86950968636563,15.043048663772328
12237.0,11.23508874029116,374.8666787853443,15.042730134805282
12238.0,10.7880124245268,374.8634955102012,15.04241167181879
12239.0,11.530669506913572,374.86043890668094,15.04209327484257
12240.0,10.393356853702018,374.8571718836539,15.041774943906315
12241.0,11.281569085214093,374.85422709921204,15.04145667903973
12242.0,9.716048215941004,374.85103065463795,15.041138480272501
12243.0,10.19191331774169,374.8482777743101,15.040820347634314
12244.0,9.71286450322764,374.8453900655367,15.040502281154849
12245.0,12.0669091046299,374.84263808726075,15.040184280863775
12246.0,11.267326270147402,374.83921912968117,15.03986634679076
12247.0,11.189408883338716,374.8360267205712,15.039548478965461
12248.0,11.209954883588468,374.8328563880543,15.039230677417535
12249.0,10.824779105218479,374.8296802341706,15.038912942176628
12250.0,11.235154673234732,374.82661321342414,15.038595273272383
12251.0,10.578180822916927,374.8234299196001,15.03827767073443
12252.0,11.922852470592488,374.82043276836686,15.037960134592403
12253.0,11.28908766120147,374.81705462683357,15.037642664875923
12254.0,11.347183154225126,374.8138560519962,15.037325261614606
12255.0,11.155232065940432,374.8106410167692,15.037007924838065
12256.0,10.418287556176288,374.8074803676838,15.036690654575898
12257.0,11.57590738367452,374.8045285195429,15.036373450857708
12258.0,11.263583604483982,374.8012486791175,15.036056313713084
12259.0,11.582817339791706,374.7980573304296,15.035739243171616
12260.0,11.739649159040662,374.79477553218334,15.035422239262877
12261.0,11.112214779374678,374.7914492982549,15.035105302016444
12262.0,11.701193061813612,374.78830083740075,15.034788431461882
12263.0,12.026657902367807,374.7849854993666,15.034471627628752
12264.0,11.399130874794572,374.78157794629425,15.034154890546608
12265.0,12.04077308279497,374.7783481925464,15.033838220244998
12266.0,10.907193294579015,374.7749366401729,15.033521616753466
12267.0,11.166843956714922,374.77184626873947,15.033205080101547
12268.0,10.306442898181547,374.7686823296184,15.03288861031877
12269.0,11.067827995744672,374.76576217079725,15.032572207434654
12270.0,11.321375815798943,374.76262628619844,15.032255871478723
12271.0,10.969564855648104,374.75941856305064,15.031939602480483
12272.0,10.847099258733913,374.7563105196749,15.031623400469439
12273.0,10.725293061218302,374.7532371748849,15.031307265475093
12274.0,11.03151462986415,374.75019834185093,15.03099119752693
12275.0,9.763919397450257,374.74707274603907,15.03067519665444
12276.0,10.672638817333953,374.7443063022098,15.030359262887105
12277.0,11.486923080071067,374.7412823878782,15.030043396254394
12278.0,10.409331842358018,374.7380277596722,15.029727596785776
12279.0,11.240058395434747,374.7350784489836,15.029411864510708
12280.0,11.138959359784838,374.7318937657715,15.02909619945865
12281.0,11.44608811363122,374.7287377272863,15.028780601659046
12282.0,10.943549312498051,374.7254946689874,15.028465071141339
12283.0,11.910203439035717,374.7223939966822,15.028149607934965
12284.0,10.932925249642778,374.7190194390411,15.027834212069354
12285.0,10.9128763229903,374.71592177688706,15.027518883573926
12286.0,11.350434219252001,374.7128297952623,15.027203622478101
12287.0,11.10424216540188,374.7096138389001,15.026888428811287
12288.0,11.248640628577784,374.7064676369532,15.02657330260289
12289.0,11.278306729832007,374.70328052210846,15.026258243882307
12290.0,11.142203419683966,374.70008500186833,15.02594325267893
12291.0,11.450185633847648,374.6969280442328,15.025628329022142
12292.0,11.222879627008366,374.69368382496987,15.025313472941324
12293.0,11.061983819426775,374.69050400907554,15.02499868446585
12294.0,11.15012192391476,374.68736978032666,15.024683963625083
12295.0,12.551223054141687,374.6842105791149,15.024369310448385
12296.0,11.668318504383251,374.6806543992496,15.02405472496511
12297.0,12.136528338933953,374.6773483756733,15.023740207204606
12298.0,11.130104338736583,374.6739096926439,15.02342575719621
12299.0,10.996999135128739,374.6707561630813,15.02311137496926
12300.0,9.61399484429501,374.6676403466597,15.022797060553087
12301.0,11.508184386972756,374.6649163814538,15.022482813977009
12302.0,10.858113374103578,374.66165572921085,15.02216863527034
12303.0,10.580994732770634,374.65857926375486,15.021854524462395
12304.0,11.239718235137433,374.6555813152473,15.021540481582475
12305.0,11.12255695906508,374.652396728414,15.021226506659875
12306.0,10.847952878068558,374.64924533727554,15.020912599723887
12307.0,10.346206673420568,374.64617175062676,15.020598760803797
12308.0,11.216397608113185,374.64324032540264,15.020284989928877
12309.0,11.350490201243248,374.6400623460803,15.019971287128403
12310.0,11.459624899092914,374.6368463738566,15.019657652431638
12311.0,9.850809650094272,374.6335994801352,15.019344085867845
12312.0,11.69439438932143,374.630808417401,15.01903058746627
12313.0,11.048930204833054,374.62749500565735,15.018717157256162
12314.0,11.566216315732431,374.6243644754326,15.018403795266764
12315.0,11.825335045930952,374.62108738080985,15.018090501527302
12316.0,10.701131795148438,374.6177368692135,15.017777276067008
12317.0,11.516683943655178,374.6147048818716,15.017464118915102
12318.0,10.94446940524388,374.6114418214208,15.017151030100798
12319.0,11.47046608658111,374.6083408884227,15.016838009653302
12320.0,11.031122976747119,374.6050909230315,15.016525057601815
12321.0,11.44904069327171,374.6019654381881,15.016212173975536
12322.0,10.831631711155666,374.598721543325,15.01589935880365
12323.0,11.401747729771259,374.59565258100685,15.01558661211534
12324.0,10.581675584737882,374.59242208581674,15.015273933939785
12325.0,11.020025500009721,374.58942394440106,15.01496132430615
12326.0,11.188909371493425,374.58630160384274,15.014648783243599
12327.0,12.810641048670599,374.5831314128542,15.01433631078129
12328.0,10.467417879547607,374.5795017312237,15.014023906948374
12329.0,10.041295789502339,374.57653596282444,15.013711571773992
12330.0,11.26145356024998,374.5736909290174,15.013399305287283
12331.0,11.445362735581414,374.570500183842,15.01308710751738
12332.0,11.454631304043863,374.5672573310669,15.012774978493404
12333.0,9.424745234077694,374.5640118521974,15.012462918244475
12334.0,10.19941058163746,374.5613415077145,15.012150926799706
12335.0,12.258715685333687,374.55845167471637,15.0118390041882
12336.0,10.552466881494855,374.55497837193883,15.01152715043906
12337.0,10.827267796632354,374.5519885063224,15.011215365581373
12338.0,11.668354104528047,374.5489207804466,15.010903649644229
12339.0,11.342327526440988,374.5456147467837,15.010592002656706
12340.0,10.903649186365342,374.5424010873179,15.010280424647878
12341.0,11.985548581245956,374.53931172004843,15.009968915646812
12342.0,11.934536672626528,374.535915814617,15.009657475682566
12343.0,10.44494761404692,374.53253436255983,15.0093461047842
12344.0,10.38290876999587,374.5295749607358,15.009034802980755
12345.0,12.447497458631652,374.5266331365843,15.008723570301274
12346.0,11.716146402376985,374.5231063456377,15.008412406774791
12347.0,11.315204315418255,374.51978677082366,15.008101312430338
12348.0,12.42764085653548,374.5165807962677,15.007790287296935
12349.0,11.522438884618136,374.51305963135826,15.007479331403594
12350.0,12.52516232423287,374.509794940341,15.007168444779325
12351.0,10.623226000780415,374.5062461443491,15.006857627453137
12352.0,9.927514432040761,374.5032362303156,15.006546879454016
12353.0,11.701736279924715,374.5004234345599,15.006236200810955
12354.0,11.921949846390797,374.4971079426138,15.005925591552938
12355.0,12.868398741224496,374.49373005682406,15.005615051708942
12356.0,11.804603132198102,374.49008401051407,15.005304581307934
12357.0,11.54809858133188,374.4867393729599,15.004994180378882
12358.0,10.70987789644592,374.4834674116952,15.00468384895074
12359.0,10.21409832408464,374.48043294629116,15.004373587052461
12360.0,9.8697052106373,374.47753895176606,15.004063394712983
12361.0,12.151792252016953,374.47474253528964,15.003753271961251
12362.0,11.575561918204945,374.471299527485,15.00344321882619
12363.0,9.991763725231506,374.4680197849415,15.00313323533673
12364.0,11.72438621663806,374.46518878521937,15.002823321521786
12365.0,9.933528580640681,374.4618668757913,15.002513477410268
12366.0,11.407276484333842,374.45905237602676,15.002203703031084
12367.0,12.38146034278404,374.4558203143562,15.00189399841313
12368.0,11.1772720741666,374.45231223392574,15.001584363585305
12369.0,10.38726918433656,374.4491453401714,15.001274798576487
12370.0,11.376988332818383,374.44620228056914,15.000965303415555
12371.0,12.486489981444194,374.4429788005415,15.000655878131385
12372.0,11.669767055293288,374.43944096171344,15.00034652275284
12373.0,11.65318870298511,374.43613452771444,15.000037237308783
12374.0,11.0289991352648,374.43283279091526,14.999728021828066
12375.0,12.227484102541577,374.4297079078269,14.999418876339535
12376.0,12.17923196960625,374.4262434539979,14.999109800872027
12377.0,12.133539676549894,374.42279267160654,14.99880079545438
12378.0,12.119295704460933,374.4193548353648,14.998491860115418
12379.0,12.351859215915404,374.4159210349152,14.998182994883964
12380.0,12.327177397145306,374.4124213414707,14.997874199788827
12381.0,9.545083003509397,374.40892864120815,14.997565474858819
12382.0,11.099048486913011,374.40622420102386,14.997256820122736
12383.0,12.101870336458916,374.4030794706193,14.996948235609377
12384.0,10.644188323867722,374.3996506073573,14.996639721347526
12385.0,12.279190374247513,374.3966347539988,14.996331277365966
12386.0,11.934360913872043,374.3931556500594,14.996022903693472
12387.0,10.522271467286032,374.3897742478005,14.99571460035881
12388.0,10.871520054874873,374.38679293755143,14.995406367390741
12389.0,11.510946963528482,374.38371267353585,14.995098204818023
12390.0,11.390336718569914,374.3804512385629,14.994790112669401
12391.0,10.967295436904754,374.37722397649264,14.994482090973616
12392.0,12.161097154961507,374.37411657611887,14.994174139759407
12393.0,11.343343233124576,374.37067093192496,14.9938662590555
12394.0,11.787405326932554,374.3674569846755,14.993558448890616
12395.0,12.619473273665632,374.36411721983296,14.993250709293472
12396.0,10.118762951156473,374.3605417024054,14.992943040292777
12397.0,11.08252855818006,374.3576747195693,14.992635441917232
12398.0,10.730149782202707,374.3545346698111,14.992327914195531
12399.0,10.841218842745455,374.35149446070614,14.992020457156366
12400.0,11.975777755479516,374.348422782034,14.99171307082842
12401.0,10.009886337071366,374.3450296450033,14.991405755240365
12402.0,10.732528481193802,374.3421935105411,14.991098510420874
12403.0,12.083583969426277,374.3391526274715,14.990791336398607
12404.0,11.97353219462757,374.3357289453467,14.99048423320222
12405.0,12.161654023992439,374.3323364445582,14.990177200860366
12406.0,12.344938290071084,374.32889064258484,14.98987023940168
12407.0,12.002960519945288,374.3253929100693,14.989563348854807
12408.0,10.777587703080217,374.3219920712553,14.989256529248372
12409.0,10.923757759538395,374.31893842140613,14.988949780611
12410.0,12.063788533419807,374.3158433567076,14.988643102971306
12411.0,11.613252525909365,374.31242528328977,14.988336496357896
12412.0,11.005020590693398,374.3091348617408,14.988029960799379
12413.0,11.583508080395065,374.3060167725734,14.987723496324348
12414.0,10.764201172477977,374.30273477861726,14.987417102961395
12415.0,11.993002520914313,374.29968492161845,14.987110780739101
12416.0,11.697953043449644,374.29628690423755,14.986804529686045
12417.0,11.70651039040312,374.2929724842086,14.986498349830795
12418.0,12.31840237698097,374.289655639598,14.986192241201914
12419.0,11.858791051241825,374.2861654255911,14.98588620382796
12420.0,11.900295148032981,374.2828054347933,14.98558023773748
12421.0,11.593800729589852,374.2794336845013,14.985274342959022
12422.0,10.863290290993035,374.2761487742946,14.98496851952112
12423.0,11.588580770763485,374.2730708420455,14.984662767452303
12424.0,11.54416179023688,374.2697874108271,14.984357086781094
12425.0,11.459053359362034,374.26651656498655,14.984051477536013
12426.0,11.769532541962908,374.26326983320143,14.983745939745571
12427.0,11.96923711888831,374.25993513231447,14.983440473438264
12428.0,10.763915638199588,374.25654384846416,14.983135078642594
12429.0,10.596750990138863,374.2534940723667,14.982829755387051
12430.0,11.135668442629733,374.25049165958615,14.982524503700118
12431.0,10.505744601372317,374.2473365535274,14.982219323610268
12432.0,10.621778541668627,374.2443599258903,14.981914215145977
12433.0,12.033751689293453,374.2413504219702,14.981609178335706
12434.0,12.942655003137238,374.2379408589915,14.98130421320791
12435.0,10.662314271399156,374.2342737734073,14.980999319791037
12436.0,12.788161657441508,374.2312527843638,14.980694498113538
12437.0,12.373886576654208,374.2276294718941,14.98038974820384
12438.0,11.146419407319419,374.22412353736405,14.980085070090382
12439.0,11.16988356265972,374.2209653851986,14.97978046380158
12440.0,11.420848671049693,374.2178005848559,14.979475929365854
12441.0,11.371730157060234,374.2145646777324,14.97917146681161
12442.0,10.295035394223184,374.2113426875213,14.978867076167257
12443.0,12.153680375248811,374.20842576082623,14.978562757461187
12444.0,11.091276688533549,374.20498221805326,14.978258510721792
12445.0,10.893007232590824,374.2018396896582,14.977954335977454
12446.0,11.67103520665794,374.19875333760893,14.977650233256547
12447.0,11.060100320441515,374.19544654430035,14.977346202587443
12448.0,10.77739575417183,374.1923128492096,14.977042243998502
12449.0,11.7101257880288,374.1892592537459,14.976738357518087
12450.0,11.208926527146248,374.1859413847726,14.97643454317454
12451.0,11.66590481309675,374.1827655222566,14.976130800996204
12452.0,10.153931823646245,374.1794601825595,14.975827131011417
12453.0,11.935252630769154,374.1765832352095,14.975523533248511
12454.0,10.633825344906656,374.1732015802975,14.975220007735803
12455.0,10.913221437085996,374.1701886631164,14.974916554501611
12456.0,11.319767324139454,374.1670965837092,14.974613173574244
12457.0,11.203229995320214,374.16388931630075,14.974309864982004
12458.0,10.889661895829965,374.160715067802,14.974006628753187
12459.0,11.45498242548525,374.15762966359824,14.97370346491608
12460.0,10.942222153923971,374.1543840852443,14.973400373498965
12461.0,11.739169024556151,374.15128378896736,14.973097354530118
12462.0,11.189442189351404,374.1479576910771,14.972794408037808
12463.0,10.675587621713998,374.1447873491234,14.972491534050295
12464.0,11.36723774549919,374.1417625992973,14.972188732595836
12465.0,11.040127234693998,374.1385418819361,14.971886003702677
12466.0,12.379261462040223,374.13541384588626,14.97158334739906
12467.0,10.791904297287786,374.131906388472,14.971280763713219
12468.0,10.908208364169473,374.1288486822544,14.970978252673381
12469.0,10.298488755858454,374.1257580232179,14.970675814307771
12470.0,12.253860020818161,374.1228401180704,14.970373448644601
12471.0,11.172813192974967,374.1193681910645,14.970071155712075
12472.0,11.261868233160877,374.1162025606598,14.969768935538399
12473.0,12.12540481727347,374.1130116979938,14.969466788151763
12474.0,10.720152069383087,374.10957616662887,14.969164713580357
12475.0,11.709035094793606,374.1065387902092,14.968862711852358
12476.0,10.73831838397532,374.10322123026566,14.968560782995942
12477.0,11.27129551217893,374.10017870672357,14.968258927039274
12478.0,11.053940903005113,374.09698517299506,14.967957144010516
12479.0,11.200660287239083,374.0938532230726,14.967655433937818
12480.0,10.221419314659364,374.0906797026578,14.96735379684933
12481.0,11.965787582326833,374.08778363385204,14.967052232773188
12482.0,12.3485847067641,374.0843933273704,14.966750741737526
12483.0,11.27789077670563,374.0808945617034,14.966449323770473
12484.0,12.857997272028783,374.07769915931675,14.96614797890014
12485.0,11.731602575646969,374.0740560600897,14.965846707154647
12486.0,11.641510063703436,374.0707321060265,14.965545508562094
12487.0,11.71280584073016,374.0674336781752,14.965244383150585
12488.0,11.021070184045403,374.0641150498536,14.964943330948207
12489.0,10.329164005911688,374.06099241330145,14.964642351983047
12490.0,11.388341312750494,374.05806581683316,14.964341446283184
12491.0,11.890914941052337,374.05483912012784,14.964040613876687
12492.0,10.768088875776126,374.05147002756115,14.963739854791621
12493.0,11.083218811057833,374.0484190690464,14.963439169056045
12494.0,12.169987303403373,374.04527882371656,14.963138556698006
12495.0,11.018896070912401,374.0418306606473,14.962838017745552
12496.0,11.82960685869293,374.0387086400939,14.962537552226717
12497.0,10.975202848473288,374.03535691815057,14.962237160169535
12498.0,10.142392441609221,374.0322472773435,14.961936841602025
12499.0,12.055135111134687,374.02937359948504,14.961636596552205
12500.0,11.318039724535465,374.0259579778703,14.961336425048085
12501.0,11.71124877131803,374.0227511999483,14.961036327117668
12502.0,12.068140692632205,374.0194330127964,14.96073630278895
12503.0,12.026767570126093,374.01601370626685,14.96043635208992
12504.0,11.061597136730544,374.01260612212195,14.960136475048557
12505.0,11.490399930530339,374.00947200293325,14.959836671692841
12506.0,12.017320635299743,374.00621638961957,14.959536942050736
12507.0,11.12742682418803,374.00281148210627,14.95923728615021
12508.0,10.555563646514434,373.99965871117274,14.958937704019208
12509.0,12.512452520428631,373.9966679681395,14.958638195685685
12510.0,11.088806663576614,373.99312277325873,14.958338761177583
12511.0,11.590079020214343,373.9899809447041,14.958039400522829
12512.0,12.336626186150605,373.98669708898166,14.957740113749352
12513.0,9.95080337470462,373.98320171156223,14.95744090088508
12514.0,11.881080022671421,373.9803823172727,14.957141761957919
12515.0,11.293342455665098,373.97701601126636,14.956842696995773
12516.0,11.633338852989844,373.9738162309039,14.956543706026547
12517.0,11.570355732824497,373.9705201182289,14.956244789078134
12518.0,11.46371409902922,373.96724185077125,14.955945946178417
12519.0,11.82927208877034,373.96399379844314,14.955647177355276
12520.0,10.473455465420972,373.9606421713513,14.95534848263658
12521.0,11.883577392949777,373.95767469230276,14.955049862050197
12522.0,11.108251597211133,373.9543076787081,14.954751315623986
12523.0,12.382619108427335,373.9511603407556,14.954452843385793
12524.0,11.650489843719614,373.94765193200817,14.954154445363468
12525.0,11.235202936651232,373.9443509598858,14.953856121584845
12526.0,10.595131159208506,373.9411676523871,14.953557872077756
12527.0,11.069955387413986,373.93816569855863,14.953259696870024
12528.0,12.103734300364408,373.93502921119887,14.952961595989462
12529.0,11.067359068318696,373.93159981981375,14.952663569463887
12530.0,12.141974279036836,373.92846406807774,14.952365617321094
12531.0,11.175072046587943,373.92502384203203,14.952067739588884
12532.0,10.842094056398917,373.9218575716188,14.951769936295044
12533.0,11.602529985009747,373.9187856449695,14.951472207467354
12534.0,12.478334043275868,373.9154982614737,14.95117455313359
12535.0,10.403407750121453,373.9119627334948,14.950876973321522
12536.0,10.655150505310274,373.90901510129896,14.950579468058908
12537.0,11.45145083380521,373.90599614198914,14.950282037373505
12538.0,12.269425637968434,373.90275156425287,14.949984681293056
12539.0,11.718341753042958,373.8992752269888,14.949687399845304
12540.0,11.297244319796501,373.89595503015875,14.949390193057981
12541.0,11.863066837367148,373.8927541442681,14.949093060958816
12542.0,10.529918852367889,373.8893929419975,14.948796003575524
12543.0,9.75288741013508,373.88640946498936,14.94849902093582
12544.0,10.877996981706263,373.8836461468898,14.948202113067406
12545.0,11.978294671637887,373.88056404774505,14.947905279997984
12546.0,10.557148783960045,373.87717019758804,14.947608521755244
12547.0,11.11764578814141,373.87417900543267,14.94731183836687
12548.0,10.687424401583982,373.87102900579265,14.94701522986054
12549.0,10.79536043160972,373.8680009022122,14.946718696263922
12550.0,9.902302493138722,373.8649422167566,14.946422237604683
12551.0,12.220871557464756,373.86213656438355,14.946125853910475
12552.0,12.461265674440115,373.8586739841089,14.945829545208952
12553.0,11.615025807206884,373.8551432921678,14.945533311527754
12554.0,11.629007771952207,373.8518523681891,14.945237152894515
12555.0,9.937385532351339,373.84855748265375,14.944941069336867
12556.0,13.378774034794885,373.84574189008623,14.944645060882428
12557.0,12.462802168726826,373.841951237443,14.944349127558814
12558.0,11.24792009140138,373.8384201101619,14.944053269393631
12559.0,10.322958891399882,373.83523319946926,14.943757486414482
12560.0,11.222487482601071,373.8323083611167,14.943461778648956
12561.0,12.249544464287512,373.82912865633,14.943166146124645
12562.0,11.28293070453517,373.82565795206517,14.942870588869123
12563.0,12.294682290357699,373.82246112169884,14.942575106909965
12564.0,11.712666947979661,373.81897762838327,14.942279700274737
12565.0,12.637337805876518,373.81565903941464,14.941984368990996
12566.0,11.251475590916542,373.81207846036966,14.94168911308629
12567.0,10.967062308389389,373.80889054228555,14.94139393258817
12568.0,11.650174357342708,373.80578320796485,14.941098827524167
12569.0,12.078941598262292,373.80248232523024,14.940803797921815
12570.0,11.627640580789114,373.79905995844405,14.940508843808635
12571.0,10.687710865017788,373.79576546027954,14.940213965212143
12572.0,10.726902744094776,373.7927372755344,14.93991916215985
12573.0,9.987085645150247,373.78969798642356,14.939624434679255
12574.0,12.22956853961506,373.7868683121574,14.939329782797854
12575.0,10.582831055192608,373.7834032677379,14.939035206543137
12576.0,11.389316053855621,373.78040479893895,14.93874070594258
12577.0,10.869065602520125,373.77717782605697,14.938446281023662
12578.0,11.71256986123095,373.77409825746963,14.938151931813845
12579.0,10.537720225759495,373.7707796960089,14.937857658340594
12580.0,12.03037123513492,373.76779400861165,14.937563460631354
12581.0,9.983750606993508,373.7643854034284,14.937269338713577
12582.0,10.649606299720665,373.7615566740897,14.936975292614699
12583.0,11.83866449371256,373.75853928563805,14.936681322362151
12584.0,12.226323610227372,373.7551849973649,14.936387427983357
12585.0,11.235361040758729,373.751720872342,14.936093609505736
12586.0,9.643138203131759,373.74853752004714,14.935799866956694
12587.0,11.651380205537153,373.7458052975563,14.93550620036364
12588.0,11.458352100552075,373.74250407316464,14.935212609753965
12589.0,12.05714990885377,373.7392575400695,14.93491909515506
12590.0,11.098418135568293,373.73584134759534,14.934625656594305
12591.0,10.51389359260559,373.7326967957903,14.934332294099075
12592.0,10.893793844442062,373.7297178592724,14.934039007696741
12593.0,10.846546330090437,373.72663128434976,14.933745797414659
12594.0,9.969264402980125,373.7235580962229,14.933452663280184
12595.0,11.468037375099994,373.7207334713087,14.933159605320661
12596.0,10.612859001134845,373.7174841940525,14.93286662356343
12597.0,11.033146969988854,373.71447721733546,14.932573718035826
12598.0,11.5154499719376,373.71135115902734,14.93228088876517
12599.0,11.706967329575265,373.7080884482019,14.93198813577878
12600.0,12.916051352305447,373.70477147412527,14.93169545910397
12601.0,10.577279031973724,373.70111192624205,14.931402858768038
12602.0,11.490314471321385,373.69811503051636,14.931110334798285
12603.0,10.836138212272537,373.6948594414161,14.930817887221998
12604.0,11.956573630739976,373.69178920225596,14.930525516066462
12605.0,10.38233714562748,373.6884015063939,14.930233221358948
12606.0,12.302825186976762,373.6854598442027,14.929941003126727
12607.0,10.180567413149586,373.681974043733,14.929648861397057
12608.0,10.944543863627283,373.67908954963264,14.929356796197197
12609.0,10.036770528924109,373.67598859553794,14.929064807554386
12610.0,11.305029494482561,373.6731448438881,14.928772895495872
12611.0,10.922192522343526,373.669941752198,14.928481060048878
12612.0,10.903302096144854,373.6668471309833,14.928189301240634
12613.0,12.007324149408092,373.66375786205606,14.927897619098358
12614.0,11.104929348606808,373.6603557868804,14.92760601364926
12615.0,11.101608250233076,373.6572093902316,14.927314484920544
12616.0,11.860245419039876,373.6540639345608,14.927023032939408
12617.0,10.067241942117455,373.650703531692,14.926731657733036
12618.0,10.695460321494949,373.6478511464751,14.926440359328614
12619.0,11.238834199287501,373.6448207660506,14.926149137753319
12620.0,10.161930681263874,373.6416364296942,14.925857993034315
12621.0,11.129115790545402,373.6387572160012,14.925566925198764
12622.0,11.381418130727289,373.6356039665271,14.92527593427382
12623.0,10.916381185871337,373.63237923139013,14.924985020286629
12624.0,11.57616139111217,373.6292862567208,14.924694183264329
12625.0,10.832106870029147,373.62600634432664,14.924403423234052
12626.0,11.372675256380338,373.62293724738015,14.924112740222924
12627.0,10.438577704318286,373.61971498939084,14.923822134258062
12628.0,10.685977331146185,373.61675739237455,14.923531605366579
12629.0,11.556237207869332,373.61372969879744,14.923241153575573
12630.0,10.10562027002149,373.61045543158855,14.922950778912142
12631.0,10.708672122248084,373.607592172512,14.922660481403375
12632.0,12.562509393283321,373.6045580487441,14.922370261076356
12633.0,10.58645992682813,373.60099867108266,14.922080117958156
12634.0,10.236530844104673,373.5979991741034,14.921790052075844
12635.0,12.169242189892307,373.5950988236975,14.921500063456481
12636.0,11.601587361618265,373.5916508717437,14.921210152127117
12637.0,10.77585068016653,373.5883637553246,14.920920318114797
12638.0,12.243599098154029,373.58531059763186,14.920630561446561
12639.0,11.076754311908855,373.58184157788736,14.920340882149445
12640.0,11.14368256488857,373.5787031641657,14.920051280250462
12641.0,11.708230091337349,373.575545787439,14.919761755776639
12642.0,12.134394760262476,373.5722284555798,14.919472308754981
12643.0,11.420905836426662,373.5687903770644,14.919182939212488
12644.0,10.491952148448755,373.5655544537441,14.91889364717616
12645.0,9.912273135177871,373.56258173396867,14.918604432672982
12646.0,11.93947472132671,373.5597732565804,14.918315295729936
12647.0,9.679410027711414,373.55639040540933,14.918026236373992
12648.0,11.665701484465082,373.5536479059015,14.91773725463212
12649.0,9.94702759975404,373.55034262381423,14.917448350531277
12650.0,11.106102372532586,373.5475242993277,14.917159524098416
12651.0,11.980123349908535,373.544377570322,14.916870775360477
12652.0,11.588571856106816,373.54098320203957,14.916582104344403
12653.0,10.587095702823094,373.537699773347,14.916293511077122
12654.0,10.183016054309217,373.5347000962312,14.916004995585553
12655.0,11.590222345486254,373.53181490834913,14.915716557896614
12656.0,12.596221213206134,373.52853101201794,14.915428198037215
12657.0,10.785499608185333,373.5249620826742,14.915139916034255
12658.0,11.058348928572086,373.52190619111855,14.914851711914627
12659.0,11.802415828894404,373.51877299225544,14.914563585705219
12660.0,11.983234901459635,373.5154289744372,14.914275537432907
12661.0,10.34893302216079,373.51203372454853,14.913987567124565
12662.0,11.575362740513977,373.5091015268589,14.913699674807058
12663.0,12.041849134358422,373.5058218407491,14.913411860507242
12664.0,10.284737093363256,373.5024099834944,14.913124124251967
12665.0,10.396772124699472,373.4994959746512,14.912836466068075
12666.0,11.819388253633445,373.4965502225492,14.912548885982405
12667.0,9.63298250588446,373.4932013958774,14.91226138402178
12668.0,11.474048141004243,373.490472050834,14.911973960213023
12669.0,11.703113924683398,373.48722107052737,14.91168661458295
12670.0,11.05761279474359,373.4839051882488,14.911399347158365
12671.0,10.931871143399434,373.4807721979569,14.911112157966064
12672.0,9.491491595953324,373.4776748344663,14.910825047032843
12673.0,12.349924402418814,373.4749855785141,14.910538014385486
12674.0,11.712779844696959,373.4714864332667,14.910251060050767
12675.0,11.575922858107534,373.46816781231075,14.909964184055458
12676.0,11.449220879763756,373.464887967501,14.909677386426319
12677.0,11.16258450943059,373.46164402158496,14.90939066719011
12678.0,10.827962061033723,373.4584812893073,14.909104026373575
12679.0,10.505751898087421,373.45541336672335,14.908817464003453
12680.0,10.690568589255543,373.4524367370189,14.908530980106482
12681.0,12.296581082216909,373.4494077425852,14.908244574709384
12682.0,11.117689716760554,373.4459237112786,14.907958247838877
12683.0,10.497161294781346,373.4427736991922,14.907671999521677
12684.0,10.346958379520784,373.43979950349205,14.907385829784483
12685.0,10.561129051195955,373.4368678652845,14.907099738653994
12686.0,11.765034207834422,373.4338755453867,14.906813726156898
12687.0,10.751040906103606,373.43054211902773,14.906527792319876
12688.0,11.012192680310822,373.4274959907711,14.906241937169604
12689.0,10.854703083968806,373.4243758695116,14.905956160732751
12690.0,11.458122955789285,373.42130037030455,14.905670463035973
12691.0,11.983023602415637,373.4180539021337,14.905384844105924
12692.0,10.95724738127066,373.414658712113,14.90509930396925
12693.0,11.74302420974674,373.4115541586883,14.904813842652588
12694.0,11.474557550606175,373.4082269684955,14.904528460182568
12695.0,11.041227271889637,373.4049758438563,14.904243156585812
12696.0,10.780850189134439,373.40184749612916,14.903957931888941
12697.0,11.75832854925914,373.3987929219089,14.903672786118557
12698.0,11.710016720888333,373.3954613954866,14.903387719301264
12699.0,12.102429039537821,373.39214355741575,14.903102731463656
12700.0,10.724759464431846,373.38871453585455,14.902817822632318
12701.0,10.551282895484816,373.3856758540063,14.902532992833828
12702.0,12.13053338739229,373.38268632385257,14.902248242094762
12703.0,10.850931149091927,373.37924933939286,14.901963570441682
12704.0,11.173047366036862,373.3761749089006,14.901678977901138
12705.0,12.874157455136627,373.3730092121469,14.90139446449969
12706.0,10.124723561407016,373.36936153420123,14.901110030263872
12707.0,11.694406282580509,373.36649286252555,14.900825675220224
12708.0,12.60241949324591,373.3631794474121,14.90054139939527
12709.0,11.648565601988647,373.35960876188904,14.900257202815531
12710.0,11.56301708340057,373.35630833496845,14.89997308550752
12711.0,12.435107772473122,373.3530321467948,14.89968904749774
12712.0,10.904172282111686,373.34950886625927,14.89940508881269
12713.0,10.237335744533546,373.34641935077934,14.899121209478864
12714.0,10.551910119090248,373.3435187723184,14.898837409522736
12715.0,11.157164731065107,373.34052906445135,14.898553688970788
12716.0,10.441037643091423,373.3373678677775,14.898270047849486
12717.0,11.892998455162639,373.3344095737786,14.897986486185292
12718.0,9.758115516647532,373.33103989088295,14.897703004004658
12719.0,11.91889476452902,373.3282750914866,14.89741960133403
12720.0,12.469892193757603,373.3248980713033,14.897136278199847
12721.0,12.800168174847622,373.32136493518175,14.89685303462854
12722.0,10.79068363131271,373.3177382208655,14.89656987064653
12723.0,12.320728782403156,373.31468086050336,14.896286786280239
12724.0,10.340033123750402,373.3111899873483,14.896003781556068
12725.0,12.07564745727567,373.30826031129664,14.895720856500423
12726.0,10.95503121196976,373.3048388778504,14.895438011139698
12727.0,10.874542185680161,373.3017349523403,14.895155245500277
12728.0,12.385928468580742,373.2986538320544,14.89487255960854
12729.0,11.974275474516167,373.29514448565493,14.89458995349086
12730.0,10.87243475848808,373.29175177427044,14.8943074271736
12731.0,10.918783272550852,373.2886712510889,14.894024980683113
12732.0,11.410223431188049,373.2855775958284,14.893742614045754
12733.0,11.087145013017478,373.2823446991895,14.893460327287862
12734.0,9.1001336431727,373.27920334143585,14.893178120435772
12735.0,10.771997846676724,373.2766249702369,14.89289599351581
12736.0,11.667503275103238,373.27357290418036,14.892613946554297
12737.0,11.499080156566464,373.2702671115857,14.892331979577541
12738.0,11.746835654666523,373.26700903887473,14.89205009261185
12739.0,10.6005976760858,373.2636807687726,14.89176828568352
12740.0,11.2570295527052,373.2606772660977,14.891486558818842
12741.0,11.156105630072831,373.2574877743911,14.891204912044097
12742.0,12.23226621652275,373.25432687779596,14.890923345385557
12743.0,10.937531816694467,373.25086106903456,14.890641858869492
12744.0,11.196953619368422,373.2477621016865,14.890360452522161
12745.0,11.755588377279526,373.24458963149436,14.890079126369816
12746.0,11.240728719379003,373.2412588814541,14.889797880438701
12747.0,11.409189677269575,373.2380740083169,14.889516714755056
12748.0,12.333389603096895,373.2348414045751,14.889235629345107
12749.0,12.100503120393054,373.2313469441875,14.888954624235078
12750.0,11.932093379693498,373.2279184683034,14.888673699451182
12751.0,9.872829783024088,373.22453770851246,14.88839285501963
12752.0,12.344590625285656,373.22174040674065,14.888112090966617
12753.0,10.464589555120844,373.2182427727301,14.88783140731834
12754.0,12.503763640244975,373.2152778056895,14.88755080410098
12755.0,11.071664964642762,373.21173507265814,14.887270281340717
12756.0,11.227122419776833,373.20859810091815,14.886989839063718
12757.0,10.936984638817165,373.2054170828992,14.886709477296147
12758.0,10.430742389036554,373.2023182705848,14.886429196064157
12759.0,12.125776036410217,373.1993628935746,14.886148995393896
12760.0,11.228621735043465,373.1959272570309,14.885868875311507
12761.0,11.002345102894047,373.19274581420603,14.885588835843116
12762.0,10.481140031450058,373.18962848309354,14.885308877014852
12763.0,10.402351367710757,373.18665882675134,14.885028998852832
12764.0,12.198702398520709,373.18371149386377,14.884749201383164
12765.0,11.013669247480312,373.1802551948509,14.88446948463195
12766.0,12.190982885422544,373.1771346552308,14.884189848625285
12767.0,8.848194876944294,373.1736805434133,14.883910293389254
12768.0,11.016430554205813,373.17117355486477,14.883630818949943
12769.0,11.052314747594611,373.16805223287446,14.883351425333414
12770.0,11.367037352635416,373.1649207436959,14.88307211256574
12771.0,10.765685360750208,373.16170008311275,14.882792880672975
12772.0,11.139544235940207,373.1586498055939,14.882513729681168
12773.0,11.016034677129376,373.1554936013937,14.882234659616358
12774.0,11.409859822365002,373.15237239156846,14.881955670504585
12775.0,11.377537936416843,373.1491395979521,14.881676762371871
12776.0,11.166031321924024,373.1459159622035,14.881397935244236
12777.0,11.405692715680718,373.1427522533289,14.881119189147691
12778.0,11.533366351641323,373.13952064039285,14.880840524108244
12779.0,10.024661345470253,373.13625285325986,14.880561940151885
12780.0,10.938796026647458,373.1334125325453,14.88028343730461
12781.0,11.916367601396194,373.1303132070044,14.880005015592394
12782.0,11.817857600371052,373.12693690285073,14.879726675041216
12783.0,11.449927620213765,373.1235885098639,14.879448415677036
12784.0,11.755644109702647,373.1203443637048,14.879170237525818
12785.0,11.844490218800665,373.1170135978737,14.878892140613509
12786.0,10.944570510066393,373.1136576589784,14.878614124966056
12787.0,12.078925875479008,373.1105566973339,14.878336190609392
12788.0,11.437539658490744,373.1071343350025,14.878058337569449
12789.0,10.658731618236622,373.10389369876594,14.877780565872143
12790.0,10.775824863434902,373.10087372480746,14.877502875543389
12791.0,11.571216778886962,373.0978205744295,14.877225266609093
12792.0,11.64714298457981,373.09454206300876,14.87694773909515
12793.0,11.849792255846584,373.09124203916315,14.876670293027457
12794.0,10.46842179924113,373.087884598024,14.87639292843189
12795.0,11.618741709892571,373.0849185451809,14.876115645334329
12796.0,11.626476594905615,373.0816265683631,14.875838443760637
12797.0,11.821993183031294,373.0783323999945,14.875561323736676
12798.0,10.543411770800057,373.07498283525933,14.875284285288298
12799.0,11.085739321649024,373.0719955352576,14.875007328441349
12800.0,11.051185893855612,373.0688545757831,14.874730453221662
12801.0,10.973222292321795,373.0657234064465,14.874453659655074
12802.0,11.429471739329953,373.062614326797,14.874176947767399
12803.0,9.85181221930922,373.05937597647085,14.873900317584456
12804.0,10.53420702862592,373.0565846296754,14.873623769132047
12805.0,11.116894268548043,373.05359993768394,14.873347302435977
12806.0,11.569430001289387,373.05045015097454,14.873070917522034
12807.0,12.223343745788423,373.0471721458075,14.872794614416001
12808.0,11.86812166929539,373.04370886507957,14.872518393143654
12809.0,10.174127376742673,373.0403462306066,14.872242253730763
12810.0,11.701273195664697,373.03746356118313,14.87196619620309
12811.0,10.131313011824957,373.0341482004444,14.871690220586384
12812.0,11.813948297879437,373.0312776617577,14.871414326906393
12813.0,10.995367102138035,373.02793037640663,14.871138515188857
12814.0,11.396850993132789,373.02481502239436,14.870862785459503
12815.0,12.375651202541178,373.02158591461296,14.870587137744053
12816.0,10.269338379749275,373.0180794801056,14.870311572068225
12817.0,12.001549615871443,373.01516983423136,14.870036088457724
12818.0,11.271543368617444,373.01176939517353,14.86976068693825
12819.0,10.448252042024272,373.0085757912191,14.869485367535496
12820.0,10.979821208395544,373.00561545314054,14.869210130275146
12821.0,11.209958051887412,373.0025045037981,14.868934975182874
12822.0,11.143788383980969,372.99932834901676,14.868659902284355
12823.0,12.1172869932882,372.9961709423079,14.868384911605244
12824.0,12.55037621401972,372.99273771099314,14.868110003171196
12825.0,11.294271942625022,372.98918177106583,14.86783517700786
12826.0,11.484753892850376,372.98598172734876,14.867560433140872
12827.0,10.530019287690985,372.98272771374576,14.867285771595862
12828.0,10.96764001634084,372.979744208281,14.867011192398456
12829.0,11.900954036907255,372.9766367102763,14.866736695574266
12830.0,11.791888444933356,372.97326477329926,14.866462281148902
12831.0,12.291655565725703,372.96992373823986,14.86618794914796
12832.0,10.72108333487628,372.9664411024962,14.865913699597035
12833.0,10.698561589797883,372.96340346221797,14.865639532521712
12834.0,11.920104287986762,372.96037220310086,14.865365447947568
12835.0,10.828184417599093,372.95699484021924,14.86509144590017
12836.0,10.87550451717688,372.95392685463423,14.864817526405078
12837.0,11.098772422911862,372.9508454616878,14.864543689487853
12838.0,11.132095568706333,372.9477008095012,14.864269935174034
12839.0,11.085794081671441,372.94454671575676,14.86399626348916
12840.0,11.256651998226934,372.941405740767,14.863722674458765
12841.0,11.84337978011978,372.9382163560342,14.863449168108371
12842.0,10.432729180240884,372.93486073176314,14.86317574446349
12843.0,11.069880217169736,372.9319047918287,14.862902403549633
12844.0,11.108684456107097,372.9287683257672,14.862629145392296
12845.0,12.208086759388392,372.9256208651713,14.862355970016976
12846.0,11.585716284851511,372.9221619072561,14.862082877449154
12847.0,11.346846653800581,372.91887928764214,14.861809867714303
12848.0,12.093121144119277,372.91566434775683,14.861536940837901
12849.0,11.380719718873872,372.9122379634327,14.861264096845403
12850.0,10.801970088159186,372.909013426179,14.860991335762261
12851.0,11.506395116635508,372.9059528679874,14.860718657613925
12852.0,10.87992533840908,372.90269272270433,14.860446062425831
12853.0,10.314978096360356,372.8996100771918,14.86017355022341
12854.0,12.644143624244983,372.89668750006456,14.859901121032081
12855.0,10.036461193410736,372.8931049927043,14.859628774877262
12856.0,12.234842757551853,372.89026132869947,14.85935651178436
12857.0,12.902174832187148,372.88679478991816,14.859084331778774
12858.0,11.922075169294654,372.88313917371573,14.85881223488589
12859.0,10.60886256750496,372.8797612524177,14.858540221131102
12860.0,10.654387642486373,372.87675540802366,14.858268290539778
12861.0,10.970846609255265,372.8737366648582,14.857996443137287
12862.0,10.76147307950163,372.870628258319,14.857724678948994
12863.0,12.152606125873628,372.8675791742798,14.857452998000246
12864.0,11.14578820960358,372.8641359358774,14.857181400316392
12865.0,10.991153817157093,372.86097796255143,14.856909885922766
12866.0,10.965058547241522,372.8578638023032,14.856638454844699
12867.0,11.36503903491716,372.8547570357148,14.856367107107513
12868.0,10.884893773700464,372.85153694132157,14.85609584273652
12869.0,11.084165670573844,372.8484528880858,14.85582466175703
12870.0,12.29256341031137,372.845312374479,14.855553564194334
12871.0,11.885995178385391,372.8418294815128,14.85528255007373
12872.0,11.241751066701033,372.8384617828789,14.855011619420495
12873.0,10.880639599303592,372.8352766200767,14.854740772259909
12874.0,12.150342894766442,372.83219377219024,14.854470008617234
12875.0,10.115092708126964,372.8287511750367,14.854199328517732
12876.0,10.301551671251746,372.8258852321027,14.853928731986656
12877.0,11.033925355262781,372.82296645912925,14.853658219049246
12878.0,10.553680662420245,372.8198401802785,14.853387789730741
12879.0,11.350153599499036,372.8168499707575,14.853117444056366
12880.0,10.914004765486446,372.8136340939043,14.852847182051345
12881.0,11.55682051132872,372.8105417925541,14.852577003740889
12882.0,11.748476767823014,372.80726736007585,14.8523069091502
12883.0,11.963094451412621,372.80393862499164,14.852036898304478
12884.0,10.720890026074104,372.80054908156376,14.851766971228914
12885.0,11.328501454580506,372.79751149605636,14.851497127948683
12886.0,11.258806518013369,372.79430175397755,14.851227368488965
12887.0,10.54038044179608,372.79111175879746,14.85095769287492
12888.0,11.479631677145413,372.7881253176723,14.85068810113171
12889.0,9.984080019514234,372.7848727553637,14.850418593284482
12890.0,11.596745713036112,372.7820439326915,14.850149169358382
12891.0,9.283402789288601,372.77875818807286,14.849879829378539
12892.0,10.506454225497677,372.7761278906159,14.849610573370082
12893.0,11.091698518699149,372.77315106191867,14.849341401358133
12894.0,10.524007003808592,372.7700084140051,14.849072313367797
12895.0,9.978458967501393,372.7670266120207,14.84880330942418
12896.0,11.051896719594893,372.7641993819799,14.84853438955238
12897.0,10.52826765826479,372.7610680112427,14.848265553777479
12898.0,11.261998265369535,372.7580850020728,14.847996802124557
12899.0,11.027771944898989,372.75489410256426,14.847728134618688
12900.0,11.545481472233567,372.75176956717985,14.847459551284937
12901.0,12.017997560556715,372.7484983474294,14.847191052148355
12902.0,11.208549347999407,372.74509324812055,14.846922637233993
12903.0,11.214578563623826,372.741917492472,14.846654306566894
12904.0,11.366031293007305,372.73874002854564,14.846386060172085
12905.0,9.966557448608294,372.73551965301255,14.846117898074592
12906.0,10.697130689443442,372.7326957950688,14.845849820299435
12907.0,11.919384748409199,372.72966494137347,14.84558182687162
12908.0,11.248446728543101,372.72628778236145,14.845313917816146
12909.0,10.9273916133961,372.72310072245506,14.845046093158007
12910.0,10.589914574094376,372.72000462816453,14.844778352922193
12911.0,11.714981964396786,372.7170041523686,14.844510697133675
12912.0,11.698548257989575,372.71368490747864,14.844243125817425
12913.0,12.097044584347643,372.71037031880553,14.843975638998403
12914.0,10.295841788906102,372.70694282283995,14.843708236701564
12915.0,12.113512903509433,372.70402566766643,14.843440918951856
12916.0,12.245229282503011,372.70059350567715,14.843173685774213
12917.0,11.634677758669323,372.69712402404707,14.842906537193565
12918.0,11.135891589235602,372.69382753201546,14.842639473234838
12919.0,11.32523842161833,372.69067236273185,14.842372493922941
12920.0,11.994596773766958,372.687463545179,14.842105599282784
12921.0,10.594954163770408,372.68406507609313,14.841838789339263
12922.0,12.12611633749728,372.6810631724135,14.84157206411727
12923.0,12.790669704627305,372.67762743945116,14.841305423641689
12924.0,11.867267426513664,372.6740034163681,14.84103886793739
12925.0,10.114472822844455,372.6706410239306,14.840772397029243
12926.0,11.042864697865708,372.6677752566308,14.840506010942109
12927.0,10.542890481211005,372.6646464449664,14.840239709700834
12928.0,11.947976023711396,372.66165929266344,14.839973493330264
12929.0,11.404245222608207,372.6582740327901,14.83970736185523
12930.0,11.540619153193177,372.655042829977,14.839441315300567
12931.0,12.005220030625189,372.65177298788353,14.839175353691086
12932.0,10.468335613248,372.6483715088749,14.838909477051605
12933.0,10.473290762721378,372.64540548045113,14.838643685406923
12934.0,11.048749076579638,372.6424380480684,14.838377978781837
12935.0,11.238623510998583,372.63930756916335,14.838112357201133
12936.0,10.00916813938183,372.6361232925019,14.837846820689593
12937.0,11.503865942310693,372.6332873615291,14.837581369271991
12938.0,10.948174481913583,372.6300279328454,14.837316002973084
12939.0,11.202678198095576,372.62692595007553,14.837050721817631
12940.0,11.7852196628663,372.6237518579194,14.836785525830381
12941.0,10.908328145623774,372.62041271234824,14.836520415036073
12942.0,11.898470094129241,372.6173220193736,14.836255389459437
12943.0,11.514503097318363,372.6139507861803,14.8359904491252
12944.0,10.312017663120503,372.61068834363607,14.835725594058077
12945.0,10.975232012974256,372.6077666052982,14.835460824282775
12946.0,12.386895193413496,372.6046569562278,14.835196139823996
12947.0,10.971633921146912,372.60114733592303,14.834931540706432
12948.0,10.922846576928942,372.598038706312,14.834667026954765
12949.0,10.757322151246466,372.59494389978187,14.834402598593675
12950.0,11.708161093392183,372.591895991839,14.834138255647826
12951.0,10.74886824466467,372.58857867952923,14.833873998141879
12952.0,10.266118127056396,372.5855331668599,14.833609826100489
12953.0,13.057503494008575,372.58262443339055,14.8333457395483
12954.0,9.875177383021539,372.5789248074006,14.833081738509946
12955.0,11.464530058813402,372.57612684047535,14.832817823010057
12956.0,11.857268419177108,372.57287855695876,14.832553993073253
12957.0,11.151262848933023,372.56951899757325,14.83229024872415
12958.0,11.390122338080396,372.5663594730994,14.832026589987345
12959.0,10.403546067298818,372.5631322717703,14.83176301688744
12960.0,10.773286408837997,372.5601846003845,14.831499529449022
12961.0,11.658748459087688,372.55713216923544,14.831236127696672
12962.0,11.60000265087796,372.553828857172,14.830972811654961
12963.0,11.66603161189902,372.55054218975425,14.830709581348456
12964.0,12.260338432830238,372.5472368141309,14.830446436801711
12965.0,12.632424396352043,372.5437630515749,14.830183378039278
12966.0,10.777814549778169,372.5401838646626,14.82992040508569
12967.0,9.37882312174265,372.5371301505402,14.829657517965492
12968.0,10.459649275803569,372.53447281732235,14.829394716703197
12969.0,11.183082793292304,372.5315092500275,14.829132001323325
12970.0,10.93640246373345,372.52834070990275,14.828869371850386
12971.0,10.408035826777722,372.52524206253804,14.82860682830888
12972.0,11.741715372026333,372.52229311905376,14.8283443707233
12973.0,10.45648963591928,372.5189662996984,14.82808199911813
12974.0,10.023216862042231,372.51600362763486,14.827819713517842
12975.0,11.212535594845733,372.51316371619066,14.82755751394691
12976.0,10.954232261267844,372.5099868311054,14.827295400429794
12977.0,10.9573441683123,372.5068831319647,14.827033372990945
12978.0,10.504599295195819,372.5037785511171,14.826771431654807
12979.0,10.262677526201989,372.5008022479834,14.826509576445815
12980.0,11.145242477073637,372.4978944893509,14.826247807388398
12981.0,11.515336891985005,372.4947366706491,14.825986124506981
12982.0,12.146033849658217,372.491473991863,14.82572452782597
12983.0,10.995086472088742,372.4880326156057,14.82546301736977
12984.0,11.923606279172349,372.4849173411052,14.825201593162781
12985.0,11.776145373712126,372.4815389859928,14.824940255229386
12986.0,11.246599634653611,372.4782024114702,14.82467900359397
12987.0,11.892129432296286,372.4750158749071,14.8244178382809
12988.0,10.698333157006617,372.47164643823464,14.82415675931454
12989.0,10.066784162457228,372.46861524384013,14.823895766719252
12990.0,10.172761647973456,372.4657629883274,14.823634860519379
12991.0,11.553128744865049,372.46288070586047,14.82337404073926
12992.0,11.644614720043384,372.45960731938277,14.823113307403228
12993.0,10.805763746039323,372.4563080118788,14.822852660535608
12994.0,11.166365447552854,372.45324637881737,14.822592100160712
12995.0,10.852213516240678,372.4500825752739,14.822331626302853
12996.0,11.653881497502365,372.4470077814443,14.822071238986323
12997.0,11.434895012998853,372.4437058483533,14.82181093823542
12998.0,11.51604401658853,372.440465961433,14.821550724074424
12999.0,11.561231233636775,372.43720308229496,14.821290596527607
13000.0,11.581663489627704,372.4339274001121,14.821030555619243
13001.0,10.916022699795624,372.43064592879006,14.820770601373589
13002.0,9.855504778381107,372.4275530556917,14.820510733814892
13003.0,11.665612775682678,372.4247606626712,14.820250952967399
13004.0,10.473381445234757,372.4214554057181,14.81999125885534
13005.0,11.311522727541533,372.41848794764195,14.819731651502947
13006.0,12.12164808405926,372.41528301620247,14.819472130934436
13007.0,11.445292891792182,372.41184854924535,14.819212697174018
13008.0,10.071771502583191,372.40860571625933,14.818953350245895
13009.0,11.641383188383026,372.4057520476669,14.81869409017426
13010.0,11.799665824677973,372.40245365576357,14.818434916983302
13011.0,11.649309781177621,372.39911041711326,14.818175830697195
13012.0,10.554653898444775,372.39580977934196,14.817916831340114
13013.0,9.497158354203236,372.3928192940707,14.817657918936215
13014.0,10.094031098530337,372.39012843253704,14.817399093509657
13015.0,11.774404515285003,372.3872684570591,14.817140355084584
13016.0,11.53264231361321,372.3839323757798,14.81688170368513
13017.0,10.84348108452665,372.3806647937909,14.81662313933543
13018.0,9.400797800974132,372.3775924741504,14.816364662059602
13019.0,11.64030865198983,372.3749289147734,14.816106271881758
13020.0,12.580238836945414,372.37163082732195,14.815847968826006
13021.0,12.349960373724725,372.3680664263182,14.815589752916441
13022.0,9.504483544181598,372.3645672708789,14.815331624177151
13023.0,10.932545097183159,372.36187433387477,14.815073582632218
13024.0,11.903642465998539,372.35877677943057,14.814815628305714
13025.0,11.214226701861582,372.35540408073183,14.814557761221707
13026.0,9.408208352545344,372.3522267164997,14.814299981404245
13027.0,11.638682463606422,372.3495610574665,14.814042288877383
13028.0,11.136719385527574,372.3462634307684,14.813784683665158
13029.0,11.428893417190416,372.3431080269425,14.813527165791605
13030.0,10.632673842771409,372.33986984047425,14.813269735280741
13031.0,12.129134219099159,372.3368572495522,14.813012392156587
13032.0,11.913909981950923,372.3334206615234,14.81275513644315
13033.0,11.15411842507606,372.3300450536952,14.812497968164426
13034.0,12.114036119142675,372.32688472014144,14.812240887344409
13035.0,11.74060183582255,372.3234524099077,14.81198389400708
13036.0,11.981972233425065,372.3201259060542,14.811726988176414
13037.0,11.394580977903612,372.31673101392136,14.811470169876378
13038.0,10.686929234004772,372.31350254931095,14.811213439130931
13039.0,10.530335425185429,372.310474586028,14.810956795964023
13040.0,12.046335855314798,372.3074909909909,14.810700240399592
13041.0,11.432774601192756,372.3040778624985,14.810443772461579
13042.0,10.490747916883986,372.30083857636157,14.810187392173907
13043.0,11.847383223698367,372.2978661977851,14.80993109956049
13044.0,11.460597548704408,372.29450943920506,14.809674894645237
13045.0,10.568310940865942,372.2912622698996,14.809418777452056
13046.0,9.63370345220971,372.288267915133,14.809162748004836
13047.0,10.800076503355836,372.2855383658216,14.808906806327458
13048.0,11.904847824842125,372.2824783441456,14.808650952443804
13049.0,11.505488005877318,372.2791053039286,14.808395186377743
13050.0,10.951465085312549,372.2758454156602,14.808139508153129
13051.0,11.525443653451088,372.2727425005528,14.807883917793818
13052.0,10.083224609468463,372.26947695818427,14.807628415323656
13053.0,12.469344285754813,372.26662004454494,14.807373000766471
13054.0,9.646489429473222,372.26308706366393,14.8071176741461
13055.0,10.322156465555238,372.26035389165895,14.806862435486357
13056.0,11.466572186300048,372.25742928066035,14.806607284811053
13057.0,10.678300185996576,372.2541804185409,14.806352222143989
13058.0,11.870680148505578,372.25115490015486,14.806097247508964
13059.0,12.363791309958938,372.2477915407794,14.805842360929764
13060.0,11.320915353846727,372.244288466575,14.805587562430162
13061.0,9.500909397300044,372.24108087389135,14.805332852033933
13062.0,11.337277970227982,372.23838894956214,14.805078229764836
13063.0,11.861879120743767,372.2351767208039,14.804823695646627
13064.0,11.434156683776486,372.231815855053,14.804569249703048
13065.0,10.415305623706306,372.228576177326,14.80431489195784
13066.0,11.977615631310549,372.22562517406584,14.80406062243473
13067.0,11.401214304472767,372.2222315163037,14.803806441157436
13068.0,10.06612315274825,372.2190011722507,14.80355234814967
13069.0,11.442462437378495,372.2161491040241,14.803298343435145
13070.0,10.677692801220548,372.21290707300017,14.803044427037545
13071.0,11.36947253828676,372.2098817267065,14.802790598980565
13072.0,11.458023305017775,372.20666037615405,14.802536859287883
13073.0,10.866350554355035,372.2034139362176,14.80228320798317
13074.0,10.28779381085126,372.20033513689384,14.802029645090087
13075.0,12.192275187633035,372.19742026198077,14.80177617063229
13076.0,12.212632835777846,372.1939657840109,14.801522784633427
13077.0,10.68388040478987,372.1905055380408,14.801269487117134
13078.0,12.465948996924693,372.1874784385928,14.801016278107042
13079.0,11.754110862213956,372.1839464197103,14.800763157626772
13080.0,11.070389612070615,372.1806160882993,14.800510125699937
13081.0,10.79007597050523,372.1774794779093,14.800257182350142
13082.0,10.597009139572235,372.1744222897176,14.800004327600988
13083.0,10.524968748442099,372.1714198037948,14.799751561476056
13084.0,11.369296442207126,372.168437729316,14.799498883998934
13085.0,9.951576362863204,372.1652164286574,14.799246295193187
13086.0,11.795246689599308,372.1623968153545,14.798993795082385
13087.0,11.441143359310677,372.1590548287925,14.79874138369008
13088.0,10.080713457900274,372.15581317150736,14.79848906103982
13089.0,12.635059009399187,372.15295696936096,14.798236827155144
13090.0,11.365287961631386,372.14937703597496,14.797984682059584
13091.0,11.947954827121128,372.1461568710525,14.797732625776659
13092.0,12.503938623599756,372.1427716171848,14.797480658329885
13093.0,12.056134879197927,372.1392288345748,14.797228779742769
13094.0,13.260266605300194,372.13581292969235,14.796976990038809
13095.0,10.498214864260873,372.13205585415415,14.79672528924149
13096.0,14.144395608679979,372.12908135994263,14.796473677374296
13097.0,11.957902778705847,372.1250737811868,14.7962221544607
13098.0,11.378745536900315,372.12168570873285,14.795970720524165
13099.0,10.027783586371461,372.1184617308307,14.795719375588149
13100.0,10.383049806526326,372.11562052548123,14.795468119676098
13101.0,11.768793244526822,372.11267866136944,14.795216952811451
13102.0,10.452229626185867,372.1093441699501,14.794965875017642
13103.0,11.48178466691942,372.10638270488937,14.794714886318088
13104.0,12.190055788309273,372.1031295325671,14.794463986736211
13105.0,11.105713983744687,372.09967568342705,14.794213176295411
13106.0,10.570258610719053,372.09652906446496,14.79396245501909
13107.0,9.42637393774359,372.09353415785864,14.793711822930636
13108.0,11.217253639511565,372.0908633519096,14.79346128005343
13109.0,10.759613349854154,372.0876851300451,14.793210826410844
13110.0,12.802754638975603,372.08463657292936,14.792960462026246
13111.0,11.223133975648281,372.0810091257816,14.792710186922985
13112.0,10.951947361322595,372.0778292378219,14.79246000112442
13113.0,11.309470482403245,372.0747261860695,14.79220990465388
13114.0,11.788553972052481,372.07152183609946,14.791959897534703
13115.0,10.936253781143977,372.0681817458074,14.791709979790207
13116.0,10.500586841780683,372.0650831405694,14.791460151443713
13117.0,11.697348734950314,372.0621079742976,14.791210412518522
13118.0,11.744792317875445,372.05879372548935,14.790960763037932
13119.0,9.49519383423453,372.0554660343326,14.790711203025234
13120.0,11.478914740242635,372.0527757294129,14.790461732503712
13121.0,10.99576847412434,372.0495233702365,14.790212351496635
13122.0,9.711139508957059,372.04640790250215,14.789963060027269
13123.0,11.640728829008111,372.0436564129746,14.78971385811887
13124.0,11.714265310286764,372.04035820647306,14.789464745794682
13125.0,9.638405437604739,372.03703916463513,14.789215723077952
13126.0,11.134642665703945,372.03430828309445,14.788966789991905
13127.0,10.466725864109444,372.03115346767254,14.788717946559768
13128.0,10.681902634224555,372.02818789534433,14.788469192804753
13129.0,10.558424420511297,372.0251613562646,14.788220528750065
13130.0,11.434140978349967,372.02216980267883,14.787971954418902
13131.0,12.505033690269846,372.0189301294016,14.787723469834456
13132.0,12.218894310772969,372.01538703652267,14.787475075019906
13133.0,10.900137310498359,372.01192501646796,14.787226769998426
13134.0,11.25512622212653,372.00883664423,14.786978554793174
13135.0,11.99610581089796,372.0056476918004,14.786730429427315
13136.0,10.50332884036168,372.002248795154,14.786482393923992
13137.0,11.883334917352023,371.99927285198254,14.786234448306343
13138.0,10.388459180686686,371.9959059070893,14.7859865925975
13139.0,11.865316627045377,371.9929625103214,14.785738826820584
13140.0,12.859246457756068,371.98960067061046,14.78549115099871
13141.0,11.522708175454738,371.98595721744744,14.785243565154982
13142.0,9.92056015486237,371.98269245013097,14.7849960693125
13143.0,12.322589588190034,371.9798816247538,14.784748663494348
13144.0,11.315444253489042,371.9763902243705,14.784501347723612
13145.0,10.19412620370954,371.973184181832,14.784254122023361
13146.0,11.968433820911702,371.97029584607424,14.784006986416657
13147.0,10.472972812813143,371.96690478982504,14.783759940926558
13148.0,10.117540772060401,371.96393744752805,14.783512985576106
13149.0,11.588612296332302,371.96107081097597,14.783266120388346
13150.0,11.187700122513144,371.9577873708254,14.783019345386302
13151.0,11.667907979687355,371.9546175224573,14.782772660592999
13152.0,10.074753534687066,371.95131161519635,14.782526066031448
13153.0,10.92305831987863,371.9484571016949,14.782279561724653
13154.0,11.398383167879473,371.9453622351709,14.782033147695612
13155.0,10.59666506254974,371.9421326932733,14.781786823967312
13156.0,10.789922177814281,371.93913030483895,14.781540590562734
13157.0,11.285426270668458,371.9360731602219,14.781294447504846
13158.0,10.42423810244619,371.93287562277857,14.781048394816612
13159.0,11.446019900441394,371.92992208864956,14.780802432520986
13160.0,12.131984898661193,371.9266790496778,14.780556560640914
13161.0,11.057333448078534,371.9232416539565,14.780310779199331
13162.0,11.852036199373439,371.92010874281283,14.780065088219166
13163.0,10.032095273228018,371.9167506658897,14.779819487723344
13164.0,12.19661707175925,371.9139082388956,14.77957397773477
13165.0,10.730400517740264,371.9104525307253,14.779328558276354
13166.0,12.347041142621858,371.9074122505786,14.779083229370986
13167.0,11.896618609267694,371.90391392225484,14.778837991041554
13168.0,12.26124554809851,371.9005432136489,14.778592843310937
13169.0,10.42078347230496,371.8970691940769,14.778347786202003
13170.0,12.269092412264818,371.8941166387598,14.778102819737613
13171.0,11.814166220265896,371.8906403959096,14.777857943940624
13172.0,10.799293753256391,371.8872930488139,14.777613158833876
13173.0,10.943272771728731,371.8842332489171,14.777368464440205
13174.0,10.47908281395437,371.88113265496514,14.77712386078244
13175.0,11.187776276485204,371.87816358150116,14.7768793478834
13176.0,11.111893670109907,371.87499371155616,14.77663492576589
13177.0,9.223274508806925,371.871845341683,14.77639059445272
13178.0,11.420409305678048,371.86923208057215,14.776146353966679
13179.0,10.727383680759225,371.8659962979355,14.775902204330553
13180.0,10.549117233372067,371.8629568725593,14.775658145567117
13181.0,11.626493520540777,371.8599679560098,14.77541417769914
13182.0,10.408811942133104,371.85667378284575,14.775170300749384
13183.0,12.261402698267863,371.85372461946207,14.774926514740596
13184.0,10.188801557689485,371.85025055536425,14.77468281969552
13185.0,11.191921558563688,371.8473637282562,14.77443921563689
13186.0,11.316103717944102,371.84419268381464,14.774195702587434
13187.0,12.104744653249089,371.8409864544279,14.773952280569866
13188.0,11.62436209724813,371.8375567767761,14.773708949606895
13189.0,11.459316734668107,371.8342632075153,14.773465709721224
13190.0,9.905291748101174,371.8310164011071,14.77322256093554
13191.0,11.036600405324487,371.82820990177845,14.772979503272532
13192.0,12.631403556183527,371.82508286499694,14.772736536754868
13193.0,11.19047694487102,371.8215039673227,14.77249366140522
13194.0,10.616842440170224,371.81833333218833,14.772250877246242
13195.0,12.13681905667584,371.8153252268303,14.772008184300581
13196.0,10.991353606785133,371.8118864614309,14.771765582590886
13197.0,10.448415251929609,371.80877224457566,14.77152307213978
13198.0,11.105056901596216,371.8058118602542,14.771280652969892
13199.0,12.347877516957974,371.80266542746546,14.771038325103836
13200.0,11.400818087600536,371.799166862169,14.770796088564216
13201.0,10.473847206241375,371.79593663037747,14.770553943373635
13202.0,11.670113125247747,371.79296904033566,14.770311889554678
13203.0,12.806472175726299,371.7896625082836,14.770069927129926
13204.0,12.010815547174701,371.78603400783373,14.769828056121955
13205.0,10.200877313896829,371.7826309434287,14.769586276553326
13206.0,10.326789911796924,371.77974069485646,14.769344588446595
13207.0,10.206612888828097,371.77681477104807,14.769102991824308
13208.0,11.550527324619425,371.77392289739623,14.768861486709008
13209.0,13.295266704014256,371.77065024798765,14.76862007312322
13210.0,10.544378829729254,371.76688325575475,14.768378751089466
13211.0,11.113261630930737,371.76389568175307,14.768137520630258
13212.0,11.708656426677855,371.76074692429097,14.767896381768102
13213.0,11.615158360804225,371.7574294716367,14.767655334525495
13214.0,10.789305184347903,371.75413851010114,14.76741437892492
13215.0,10.233444380758927,371.7510815402989,14.767173514988858
13216.0,11.673954138340672,371.748182064391,14.766932742739778
13217.0,11.227082155298929,371.74487444405185,14.766692062200143
13218.0,11.84776161584558,371.7416934374412,14.766451473392406
13219.0,10.777037011710474,371.73833657165005,14.766210976339009
13220.0,10.403719601143573,371.73528307783,14.76597057106239
13221.0,11.388789731539946,371.7323353572763,14.765730257584973
13222.0,10.746550006948583,371.7291085335191,14.76549003592918
13223.0,10.217552448177635,371.72606367768384,14.765249906117418
13224.0,11.864002488152897,371.72316870449015,14.765009868172092
13225.0,11.947348252377406,371.71980723711846,14.764769922115596
13226.0,10.164867635361555,371.7164221551137,14.764530067970307
13227.0,10.558135522304964,371.71354210928365,14.764290305758607
13228.0,11.878784405273109,371.7105506375524,14.764050635502862
13229.0,11.849544076189648,371.70718498197084,14.763811057225428
13230.0,10.133550870419421,371.7038276111492,14.76357157094866
13231.0,11.020886285761252,371.70095643840267,14.763332176694897
13232.0,10.820732652609882,371.69783385395505,14.763092874486468
13233.0,10.453621682398794,371.6947679797034,14.762853664345705
13234.0,10.288387495478778,371.6918061202267,14.762614546294916
13235.0,10.829575471383032,371.68889107710305,14.762375520356414
13236.0,10.723518461454262,371.68582269738613,14.762136586552494
13237.0,10.538796144084113,371.6827843671554,14.761897744905447
13238.0,11.30895706608737,371.6797983749146,14.761658995437557
13239.0,10.553965349898078,371.67659417041256,14.761420338171089
13240.0,10.467206506798,371.67360388023,14.761181773128316
13241.0,11.043106917728505,371.6706381717198,14.760943300331489
13242.0,10.430875290933534,371.6675092914264,14.760704919802855
13243.0,10.701225985079454,371.66455387676064,14.760466631564652
13244.0,10.863299433707764,371.66152186273155,14.760228435639112
13245.0,12.899320481868171,371.65844392789205,14.759990332048456
13246.0,9.918411399703029,371.6547891204222,14.759752320814894
13247.0,11.391901877155064,371.6519789038589,14.75951440196063
13248.0,11.341182723526359,371.6487511983271,14.759276575507862
13249.0,11.811352046826451,371.64553786322205,14.759038841478773
13250.0,10.79516334274474,371.64219131347545,14.758801199895542
13251.0,11.30580030161518,371.6391326838617,14.758563650780342
13252.0,11.290503825029715,371.6359293737762,14.75832619415533
13253.0,11.355788745517785,371.63273039769246,14.75808883004266
13254.0,10.070915066386997,371.6295129242145,14.757851558464472
13255.0,11.925031544264893,371.6266594982791,14.757614379442904
13256.0,10.796258090100855,371.62328073934157,14.757377293000083
13257.0,11.503665021189159,371.6202217995493,14.757140299158124
13258.0,11.68603573296096,371.61696242779334,14.756903397939137
13259.0,10.670405732146056,371.61365138433564,14.756666589365224
13260.0,11.473230533680313,371.6106281027116,14.756429873458474
13261.0,10.343224007406338,371.60737735406036,14.75619325024097
13262.0,11.786374627587577,371.6044467739249,14.75595671973479
13263.0,12.05077375062886,371.60110730111376,14.755720281961995
13264.0,11.81762194326467,371.5976929152178,14.755483936944644
13265.0,10.94944698060843,371.59434458900057,14.755247684704788
13266.0,11.146922105688189,371.59124224568933,14.755011525264463
13267.0,10.797179732537966,371.58808395109276,14.754775458645703
13268.0,12.3891529543158,371.5850247501685,14.754539484870527
13269.0,10.973594005839074,371.58151449016486,14.75430360396095
13270.0,11.083508566842797,371.5784053051965,14.75406781593898
13271.0,8.496709345991128,371.5752649777692,14.753832120826608
13272.0,12.582171702921869,371.57285757678784,14.75359651864583
13273.0,11.144506559396868,371.56929262813867,14.753361009418617
13274.0,12.417664181063685,371.56613501794686,14.753125593166942
13275.0,12.685745796794954,371.56261667976224,14.752890269912768
13276.0,11.848387875353492,371.5590223851198,14.752655039678048
13277.0,13.127722934561152,371.55566534188847,14.752419902484725
13278.0,10.876229417833438,371.55194582039036,14.752184858354738
13279.0,10.165481572392693,371.5488642220553,14.75194990731001
13280.0,11.092034793945938,371.54598400227644,14.75171504937246
13281.0,11.46877156402149,371.5428412590848,14.751480284563998
13282.0,11.427269227009479,371.53959177380835,14.75124561290653
13283.0,10.670548084853476,371.5363540475273,14.751011034421941
13284.0,10.365014585675198,371.53333072557,14.750776549132118
13285.0,12.226432931864846,371.5303939714374,14.750542157058934
13286.0,9.841939583017279,371.52692981544,14.750307858224259
13287.0,10.59082554373043,371.52414126589144,14.750073652649947
13288.0,11.815021923174744,371.5211405319874,14.749839540357849
13289.0,11.279848604478975,371.5177929424425,14.749605521369805
13290.0,11.257153234825212,371.5145969853379,14.749371595707643
13291.0,12.174239784179049,371.51140745858805,14.74913776339319
13292.0,11.38050187805845,371.5079580906492,14.748904024448258
13293.0,10.301454679934801,371.50473361511706,14.748670378894653
13294.0,11.19548495106587,371.50181486962447,14.74843682675417
13295.0,11.880676926403973,371.49864281555494,14.7482033680486
13296.0,13.117644685909763,371.4952766237592,14.74797000279972
13297.0,11.301931898952246,371.4915599577648,14.747736731029299
13298.0,10.542608069796334,371.4883577437268,14.7475035527591
13299.0,10.986919056849745,371.48537067144036,14.747270468010878
13300.0,10.845281558430662,371.4822577110409,14.747037476806376
13301.0,10.170294262309723,371.479184881266,14.746804579167328
13302.0,11.217339226480476,371.4763032978917,14.746571775115465
13303.0,11.58954149518639,371.4731250517775,14.746339064672497
13304.0,11.10886831601703,371.4698413483539,14.746106447860141
13305.0,11.1925868529905,371.46669383566433,14.745873924700096
13306.0,10.650651804228284,371.46352260272266,14.745641495214052
13307.0,10.888381030006801,371.4605049180448,14.745409159423692
13308.0,10.357464420737616,371.45741987675297,14.745176917350692
13309.0,9.688259351680717,371.4544852618338,14.744944769016717
13310.0,11.696794021564008,371.45174025501746,14.744712714443423
13311.0,11.966408815576923,371.44842616337803,14.74448075365246
13312.0,12.075805395986642,371.44503568088027,14.744248886665469
13313.0,10.772450022755677,371.4416142026847,14.744017113504075
13314.0,11.305424953297635,371.4385620085116,14.743785434189904
13315.0,10.976460033410264,371.43535880477486,14.743553848744568
13316.0,12.963611641395813,371.43224880776535,14.743322357189673
13317.0,11.502159951159712,371.428575784467,14.743090959546812
13318.0,11.232927958688425,371.4253168391475,14.742859655837574
13319.0,10.994342243200672,371.4221341762258,14.742628446083534
13320.0,11.350793294546593,371.41901911259026,14.742397330306266
13321.0,12.111543212508746,371.4158030544902,14.742166308527327
13322.0,11.902046673142545,371.41237145057994,14.74193538076827
13323.0,12.528740825070395,371.40899920402256,14.74170454705064
13324.0,10.225310883396197,371.4054493941221,14.741473807395968
13325.0,11.096683705224628,371.4025522227052,14.74124316182578
13326.0,10.558733468034859,371.39940816232206,14.741012610361592
13327.0,10.543115956698415,371.39641652117274,14.740782153024917
13328.0,11.878726274073186,371.39342930498503,14.740551789837248
13329.0,11.074177274463718,371.39006366587404,14.740321520820078
13330.0,10.120335134801486,371.3869259823129,14.740091345994891
13331.0,11.667067671839822,371.38405855402476,14.739861265383157
13332.0,10.474934157108084,371.38075288485106,14.739631279006339
13333.0,11.942003394889595,371.37778498683986,14.739401386885891
13334.0,11.12120198454226,371.3744014192113,14.739171589043266
13335.0,12.34305201324103,371.3712504119823,14.738941885499896
13336.0,11.712195042306844,371.36775321391195,14.738712276277212
13337.0,11.696001809056327,371.3644347586499,14.738482761396634
13338.0,11.365629778904808,371.3611208914707,14.738253340879572
13339.0,11.156305497828114,371.3579006297,14.73802401474743
13340.0,12.84841656710269,371.3547396764756,14.737794783021599
13341.0,10.79365421802497,371.3510992917816,14.737565645723466
13342.0,11.95149391674315,371.3480410897532,14.737336602874407
13343.0,11.437773927665459,371.34465483314347,14.737107654495789
13344.0,12.364704096528143,371.3414141305306,14.73687880060897
13345.0,9.825206212710178,371.3379107977032,14.736650041235299
13346.0,11.831216146948279,371.3351269892763,14.73642137639612
13347.0,10.806763556252134,371.331774811368,14.736192806112761
13348.0,12.063827059926393,371.3287128950271,14.735964330406548
13349.0,11.308931151330121,371.3252948106935,14.73573594929879
13350.0,11.470427382619356,371.32209061353393,14.735507662810798
13351.0,12.174500928153048,371.3188406591089,14.735279470963869
13352.0,11.240349203336267,371.3153912171792,14.735051373779287
13353.0,10.393359238571714,371.3122064515716,14.734823371278333
13354.0,12.75143053474347,371.30926166645395,14.734595463482277
13355.0,11.453989672814721,371.30564876113584,14.73436765041238
13356.0,11.845497792295626,371.30240346406185,14.734139932089894
13357.0,10.8442132423611,371.29904723968735,14.733912308536064
13358.0,11.348526953577775,371.295974712602,14.733684779772124
13359.0,11.820939009208473,371.29275929663186,14.7334573458193
13360.0,12.200184709732484,371.2894100305792,14.73323000669881
13361.0,10.925968461208173,371.28595331157817,14.73300276243186
13362.0,11.677676736824125,371.28285762051416,14.732775613039653
13363.0,11.765766984572519,371.2795489454387,14.732548558543375
13364.0,11.606895603949514,371.27621531145974,14.732321598964212
13365.0,10.203453236895697,371.2729266910386,14.732094734323331
13366.0,10.307104463382883,371.2700357126215,14.731867964641905
13367.0,11.534591175389348,371.26711536635685,14.73164128994108
13368.0,11.768677560861835,371.2638472321905,14.73141471024201
13369.0,10.98273144120671,371.26051277354827,14.731188225565827
13370.0,12.372244349454874,371.25740099963997,14.73096183593366
13371.0,10.229777534406296,371.2538955304076,14.730735541366633
13372.0,12.608756294143854,371.2509970934395,14.730509341885849
13373.0,9.562368864742933,371.2474246124895,14.730283237512419
13374.0,12.207256384675066,371.2447152746445,14.73005722826743
13375.0,10.368467365030348,371.24125655200214,14.72983131417197
13376.0,12.052488238986365,371.2383188195821,14.72960549524711
13377.0,11.553015159270263,371.2349039479144,14.72937977151392
13378.0,10.939804094715761,371.23163059361923,14.729154142993455
13379.0,12.232790368231056,371.2285309824591,14.728928609706767
13380.0,11.437246721974821,371.2250650251881,14.728703171674892
13381.0,11.930996154052808,371.2218244719502,14.728477828918864
13382.0,10.491747684158735,371.21844402303986,14.728252581459701
13383.0,12.692649066667023,371.2154713611961,14.728027429318422
13384.0,11.905969719295333,371.2118751106272,14.727802372516027
13385.0,13.073362710273534,371.20850175254003,14.727577411073511
13386.0,11.545676942484244,371.20479763310544,14.727352545011863
13387.0,9.400704017364424,371.2015263579717,14.727127774352063
13388.0,10.897485623290995,371.19886282516677,14.726903099115072
13389.0,11.485466156539875,371.19577520424025,14.726678519321853
13390.0,11.126274049320838,371.19252098882924,14.72645403499336
13391.0,12.254522312269062,371.1893685445152,14.726229646150532
13392.0,9.650405191866918,371.18589642986007,14.726005352814303
13393.0,10.433853614752108,371.183162148389,14.725781155005595
13394.0,10.769216650292682,371.18020588986485,14.725557052745327
13395.0,10.399632115586527,371.17715461181393,14.7253330460544
13396.0,10.745832866787799,371.17420804938115,14.725109134953717
13397.0,10.814636661783881,371.17116339673555,14.724885319464166
13398.0,12.42618272670197,371.16809924968146,14.724661599606621
13399.0,12.391793016930178,371.16457849790885,14.724437975401958
13400.0,11.38491449466624,371.1610674898874,14.724214446871038
13401.0,11.115983331844317,371.1578417641139,14.723991014034711
13402.0,11.149502838705926,371.1546922355032,14.723767676913823
13403.0,10.115023260755303,371.1515332096989,14.723544435529211
13404.0,10.816001002101567,371.1486672864417,14.723321289901694
13405.0,11.419985116289242,371.14560275282446,14.723098240052096
13406.0,11.484076739643614,371.1423670903748,14.722875286001221
13407.0,11.73089588089503,371.13911326863195,14.722652427769873
13408.0,11.035045158163946,371.135789514799,14.722429665378836
13409.0,13.240939884519253,371.13266291867086,14.722206998848895
13410.0,12.045678784079513,371.12891131903694,14.721984428200823
13411.0,10.790530594004363,371.1254983767148,14.721761953455381
13412.0,11.575339327748264,371.1224410597132,14.721539574633324
13413.0,11.504408870557306,371.119161380237,14.721317291755401
13414.0,10.944687518501775,371.11590179772367,14.721095104842343
13415.0,11.305520047881222,371.1128008029267,14.720873013914881
13416.0,11.812757450820012,371.1095975722465,14.720651018993733
13417.0,12.08428122357206,371.1062506243021,14.720429120099608
13418.0,11.23653595449022,371.10282674462206,14.720207317253207
13419.0,10.797124893960978,371.099643059435,14.719985610475225
13420.0,11.543480907755152,371.09658387404835,14.71976399978634
13421.0,11.645011051274462,371.09331322112445,14.719542485207228
13422.0,10.403310193564897,371.09001380132656,14.719321066758553
13423.0,12.38692551477263,371.08706619677173,14.719099744460971
13424.0,10.568960515077489,371.08355656787586,14.718878518335131
13425.0,11.932088694256104,371.0805620290633,14.71865738840167
13426.0,11.659755344530005,371.0771812705999,14.718436354681216
13427.0,11.494894256116739,371.0738776732523,14.71821541719439
13428.0,11.5625996127592,371.07062078654644,14.717994575961802
13429.0,12.529247039515925,371.0673447166561,14.717773831004058
13430.0,12.209552336303517,371.0637947633282,14.717553182341744
13431.0,10.431135346887627,371.0603353901663,14.717332629995449
13432.0,10.595903545926078,371.05737990181797,14.717112173985747
13433.0,11.645993552097906,371.05437772914667,14.716891814333206
13434.0,12.63912283999901,371.05107803097354,14.716671551058377
13435.0,11.520934074564304,371.0474969461689,14.716451384181818
13436.0,11.156896679951986,371.0442326815144,14.716231313724059
13437.0,10.308650065567969,371.0410715607885,14.716011339705634
13438.0,11.84639222438415,371.03815077660323,14.715791462147067
13439.0,9.957435562312288,371.0347942988063,14.715571681068864
13440.0,12.050912456744387,371.031973025397,14.715351996491533
13441.0,11.427447025551583,371.02855860020094,14.715132408435567
13442.0,11.632954233440522,371.02532082354367,14.71491291692145
13443.0,11.036615043277635,371.02202481984415,14.714693521969657
13444.0,11.109967068695376,371.01889777891523,14.71447422360066
13445.0,9.558311713039815,371.01574995491245,14.714255021834914
13446.0,12.374082189587233,371.01304176659374,14.714035916692868
13447.0,12.8712764006624,371.00953577664006,14.713816908194962
13448.0,10.902734586599665,371.0058889149932,14.713597996361628
13449.0,12.14244438755837,371.0027998068603,14.71337918121329
13450.0,11.630121481639964,370.99935944761717,14.713160462770354
13451.0,11.889211799061558,370.9960642465307,14.712941841053231
13452.0,11.27341454976491,370.992695636521,14.712723316082315
13453.0,10.521556789885208,370.9895015023985,14.712504887877987
13454.0,11.997483138244514,370.9865203946414,14.712286556460631
13455.0,11.591735933751519,370.98312110775225,14.712068321850612
13456.0,11.990256215319054,370.97983678257106,14.711850184068288
13457.0,11.836820710670837,370.97643954331005,14.71163214313401
13458.0,11.371303118799444,370.973085777442,14.711414199068116
13459.0,11.674259658865365,370.96986390822497,14.711196351890942
13460.0,11.141238109156024,370.9665562013217,14.710978601622807
13461.0,11.82424606179726,370.96339951719074,14.71076094828403
13462.0,10.831225251059784,370.9600493141399,14.710543391894909
13463.0,11.189569153668513,370.95698046698544,14.710325932475744
13464.0,11.27895519309409,370.95381008905855,14.71010857004682
13465.0,11.47628088004182,370.9506143850872,14.709891304628416
13466.0,12.076559725762841,370.9473627721712,14.7096741362408
13467.0,10.707932993666164,370.94394108024886,14.70945706490423
13468.0,11.140822211499875,370.9409071659006,14.709240090638957
13469.0,11.145922780984202,370.9377505996074,14.709023213465224
13470.0,10.868036717863914,370.9345925881527,14.70880643340326
13471.0,11.272809404660643,370.9315133110827,14.708589750473292
13472.0,11.13342898194552,370.92831934841803,14.708373164695534
13473.0,12.549519241553512,370.92516487687317,14.708156676090185
13474.0,12.938805582053305,370.9216091797547,14.707940284677447
13475.0,10.24517214344054,370.91794318483977,14.707723990477508
13476.0,10.309547470075827,370.9150403860658,14.70750779351054
13477.0,11.172023982281459,370.91211934761594,14.707291693796716
13478.0,11.463069054578305,370.908953940821,14.707075691356197
13479.0,11.78349946078251,370.90570607125557,14.706859786209128
13480.0,11.228264964171313,370.90236741307496,14.706643978375658
13481.0,10.629120180935239,370.8991860713351,14.706428267875912
13482.0,10.817520560241318,370.8961744872839,14.70621265473002
13483.0,11.79515185144458,370.89310952312513,14.705997138958091
13484.0,10.352777276713645,370.88976756343385,14.705781720580234
13485.0,11.791546826471773,370.8868342765388,14.705566399616544
13486.0,9.163282227765254,370.88349333827125,14.705351176087108
13487.0,10.409080765533623,370.88089707497346,14.705136050012003
13488.0,11.663183146739078,370.8779478354232,14.7049210214113
13489.0,10.814196461463396,370.87464326686495,14.704706090305057
13490.0,9.961134331426884,370.8715792445342,14.704491256713325
13491.0,12.153632531867865,370.86875692314027,14.704276520656148
13492.0,11.82037044121582,370.8653133939229,14.704061882153555
13493.0,10.421477594181038,370.86196428896454,14.70384734122557
13494.0,12.76103779875957,370.85901153697955,14.703632897892211
13495.0,11.514653164142008,370.85539590960326,14.703418552173478
13496.0,11.520522028366186,370.8521334245401,14.70320430408937
13497.0,11.80632969638803,370.84886927663206,14.702990153659876
13498.0,10.097929429721718,370.84552414988474,14.70277610090497
13499.0,10.132658051986073,370.8426630698796,14.702562145844622
13500.0,10.754965357791155,370.8397921500983,14.702348288498793
13501.0,11.731151876209081,370.83674490991353,14.702134528887433
13502.0,11.189565202800932,370.83342108354856,14.70192086703048
13503.0,10.649992116619982,370.83025070674114,14.701707302947872
13504.0,10.180493884246957,370.82723320897475,14.70149383665953
13505.0,11.418920456504498,370.82434873570753,14.701280468185368
13506.0,11.146622627714851,370.8211133749116,14.701067197545289
13507.0,12.039958317767471,370.81795516516706,14.700854024759192
13508.0,10.40580018291885,370.81454384364366,14.70064094984696
13509.0,12.021023405227417,370.81159553359186,14.700427972828473
13510.0,11.922560200248522,370.8081895769604,14.7002150937236
13511.0,11.584047284386317,370.804811518237,14.700002312552199
13512.0,10.741548163511029,370.80152937150643,14.69978962933412
13513.0,11.001603735464608,370.7984859328601,14.699577044089205
13514.0,11.594783515640511,370.7953688118017,14.699364556837287
13515.0,10.931242774974411,370.7920836231389,14.699152167598184
13516.0,11.182613413348431,370.788986437686,14.698939876391716
13517.0,10.66036915974211,370.78581803055226,14.698727683237683
13518.0,12.496355085928101,370.78279759262364,14.69851558815588
13519.0,10.987965991745359,370.77925695868265,14.698303591166098
13520.0,10.441892599956649,370.7761437016516,14.698091692288108
13521.0,12.0802395298166,370.773185165415,14.697879891541682
13522.0,11.581877716060019,370.76976243088154,14.697668188946576
13523.0,10.71702520596049,370.76648089886197,14.697456584522541
13524.0,10.737951973108736,370.763444408387,14.697245078289319
13525.0,11.669233405356655,370.7604019886613,14.697033670266638
13526.0,11.564000171507123,370.75709570586304,14.696822360474222
13527.0,11.704677039078739,370.75381923914784,14.696611148931781
13528.0,11.435334285949581,370.7505029139867,14.696400035659025
13529.0,10.868543024576317,370.74726290260566,14.696189020675641
13530.0,11.18775587644017,370.7441834820821,14.695978104001322
13531.0,12.252692459975805,370.7410136179171,14.695767285655736
13532.0,11.256420022481304,370.73754202172006,14.695556565658556
13533.0,11.579747656892742,370.7343527027137,14.69534594402944
13534.0,10.80776509802999,370.73107177421093,14.695135420788032
13535.0,10.93102872136416,370.7280095740999,14.694924995953976
13536.0,11.54095470910738,370.72491244929546,14.6947146695469
13537.0,13.068855629069375,370.72164251212786,14.69450444158643
13538.0,10.652562349171507,370.71793966969966,14.694294312092168
13539.0,10.79828464652109,370.71492144370075,14.694084281083725
13540.0,11.818582938395057,370.71186192971754,14.693874348580692
13541.0,11.579994947570562,370.70851333121834,14.693664514602656
13542.0,10.703964824181208,370.70523233264987,14.693454779169187
13543.0,10.588385967460225,370.70219954261637,14.693245142299856
13544.0,11.720222202837292,370.6991994999256,14.693035604014216
13545.0,12.570632312003987,370.6958787703015,14.692826164331818
13546.0,11.540606574625889,370.6923170911464,14.692616823272198
13547.0,11.148151180026272,370.6890472526169,14.692407580854885
13548.0,12.208167897710531,370.6858886097826,14.692198437099401
13549.0,11.169616250942472,370.68242962887814,14.691989392025258
13550.0,11.03504384944166,370.67926490427374,14.691780445651954
13551.0,12.096225050845295,370.6761383085164,14.691571597998982
13552.0,9.697624629200677,370.67271104475196,14.691362849085827
13553.0,12.968609445427752,370.6699633844404,14.691154198931963
13554.0,10.545917006790193,370.6662889450975,14.690945647556852
13555.0,12.577977734494649,370.6633009352789,14.690737194979954
13556.0,11.042729163096551,370.65973717492085,14.69052884122071
13557.0,9.859836125773022,370.65660840165793,14.690320586298562
13558.0,11.49377937827524,370.6538147814223,14.690112430232936
13559.0,11.636360222977709,370.65055821059843,14.68990437304325
13560.0,10.75477882606069,370.64726124186865,14.689696414748914
13561.0,11.497563251207762,370.64421405453453,14.68948855536933
13562.0,10.917163238471927,370.64095641161333,14.689280794923885
13563.0,11.198833727759038,370.6378632153625,14.689073133431965
13564.0,11.831513965788787,370.63469021247295,14.688865570912938
13565.0,10.15682363212532,370.6313379501827,14.688658107386171
13566.0,10.671231245335221,370.6284601834869,14.688450742871018
13567.0,10.336072046575556,370.6254366679674,14.688243477386823
13568.0,11.48441246336954,370.62250811422086,14.68803631095292
13569.0,10.655759977882964,370.6192541973562,14.68782924358864
13570.0,11.112230956437017,370.6162350653625,14.687622275313295
13571.0,11.653879344814476,370.6130865999248,14.687415406146195
13572.0,11.465476305607929,370.6097846674439,14.687208636106638
13573.0,11.596932490505173,370.6065361158239,14.687001965213915
13574.0,12.158626639365288,370.6032503182849,14.686795393487303
13575.0,10.530488454103214,370.5998053740704,14.686588920946075
13576.0,9.782651092007365,370.5968217356751,14.686382547609496
13577.0,9.900180541420697,370.5940499845324,14.686176273496812
13578.0,12.387534905593494,370.59124493337896,14.68597009862727
13579.0,10.211985796916714,370.5877351318224,14.685764023020104
13580.0,10.357315564933826,370.5848417358466,14.685558046694535
13581.0,12.731806984488278,370.58190716310315,14.685352169669782
13582.0,10.25581522778774,370.57829981779093,14.68514639196505
13583.0,10.512999871069015,370.57539400347633,14.684940713599538
13584.0,10.107811046827356,370.5724153201796,14.684735134592428
13585.0,12.427095613249879,370.569551440383,14.684529654962903
13586.0,12.407764254575081,370.56603042995926,14.68432427473013
13587.0,10.237925006818804,370.56251489675384,14.684118993913271
13588.0,12.071576030134784,370.55961415133515,14.683913812531472
13589.0,11.14443210817489,370.55619387146004,14.683708730603879
13590.0,10.073017838822766,370.55303628236265,14.683503748149622
13591.0,11.647642208617375,370.5501822606417,14.683298865187822
13592.0,10.249797703264166,370.54688209534925,14.683094081737597
13593.0,12.909648399767583,370.543977986,14.682889397818045
13594.0,10.775380329789249,370.54032025228673,14.682684813448265
13595.0,12.054734932877386,370.5372672278599,14.68248032864734
13596.0,11.337979647548304,370.53385171962896,14.682275943434348
13597.0,11.597174014233401,370.53063929206223,14.682071657828356
13598.0,11.961261059897094,370.52735342609145,14.68186747184842
13599.0,10.89831713414592,370.5239644021245,14.68166338551359
13600.0,11.45824220931705,370.52087654560313,14.681459398842904
13601.0,10.675088916873358,370.5176300436438,14.68125551185539
13602.0,11.741347021670347,370.51460543511735,14.681051724570073
13603.0,11.875283343747578,370.5112787201279,14.68084803700596
13604.0,10.470171857633401,370.50791405651387,14.680644449182058
13605.0,11.542357363885912,370.5049475078208,14.680440961117352
13606.0,9.955944208432978,370.5016771732344,14.68023757283083
13607.0,11.379583863041288,370.49885632237533,14.680034284341463
13608.0,10.81556074003573,370.4956321069474,14.67983109566822
13609.0,10.716259813651162,370.4925676980712,14.679628006830054
13610.0,11.32934202317278,370.48953142445725,14.679425017845912
13611.0,11.370942581894935,370.48632144421737,14.679222128734727
13612.0,10.575661179660393,370.4830996771525,14.67901933951543
13613.0,10.908487220444753,370.4801032398183,14.678816650206938
13614.0,12.295618514115523,370.4770125017725,14.67861406082816
13615.0,10.331195628544693,370.4735287431935,14.678411571397994
13616.0,12.534015754175956,370.4706015710987,14.678209181935332
13617.0,10.709523032101844,370.46705026663506,14.678006892459052
13618.0,10.682563510072438,370.46401590177595,14.677804702988029
13619.0,12.06477345014679,370.4609891754481,14.677602613541122
13620.0,10.82521601812192,370.4575708229705,14.677400624137185
13621.0,11.093008537243993,370.4545036784321,14.677198734795063
13622.0,10.370607709110693,370.45136065934656,14.676996945533588
13623.0,10.678630018705846,370.44842232049564,14.676795256371584
13624.0,10.840417716863175,370.445396708657,14.676593667327868
13625.0,11.839595925903346,370.4423252569706,14.676392178421244
13626.0,11.590178143280113,370.43897070479153,14.676190789670512
13627.0,12.32218033488179,370.43568682098424,14.67598950109446
13628.0,9.666439240398452,370.4321955365561,14.67578831271186
13629.0,11.605163495623962,370.42945671210464,14.675587224541486
13630.0,11.750248377457057,370.4261685824476,14.675386236602094
13631.0,10.129169517303223,370.4228393454072,14.67518534891244
13632.0,12.39328889137746,370.419969414044,14.674984561491257
13633.0,11.181139441891203,370.41645798219145,14.67478387435728
13634.0,10.892843634013959,370.41328999268296,14.67458328752923
13635.0,10.37520125726133,370.4102036869866,14.674382801025821
13636.0,10.455294556892333,370.4072640466304,14.674182414865756
13637.0,10.572375426828867,370.4043017131726,14.673982129067728
13638.0,10.80661752272087,370.4013062068017,14.673781943650422
13639.0,11.073430371465745,370.3982443318369,14.673581858632511
13640.0,10.904740884598562,370.3951068598983,14.673381874032662
13641.0,11.131677613611037,370.3920171833143,14.673181989869533
13642.0,11.195554053290152,370.3888632079905,14.672982206161771
13643.0,13.033348243937116,370.3856911343421,14.672782522928012
13644.0,10.457000806151187,370.3819983523396,14.672582940186885
13645.0,10.461031420729386,370.3790355354446,14.672383457957007
13646.0,11.132370951372614,370.37607157654196,14.672184076256992
13647.0,12.135561139876948,370.37291740477247,14.671984795105434
13648.0,12.21328781267368,370.3694789957828,14.671785614520928
13649.0,10.235547605120807,370.3660185642359,14.671586534522056
13650.0,11.303144916881141,370.36311849241446,14.671387555127389
13651.0,10.763125774328115,370.359915934688,14.671188676355488
13652.0,10.210633757244766,370.35686638238525,14.670989898224907
13653.0,10.445387226363154,370.3539733694874,14.67079122075419
13654.0,11.842380695651554,370.3510138431066,14.67059264396187
13655.0,11.598693407008879,370.3476585019095,14.670394167866476
13656.0,11.96437676426196,370.34437220544413,14.67019579248652
13657.0,11.060318408669659,370.34098229869426,14.66999751784051
13658.0,11.676641875596868,370.3378485418118,14.669799343946943
13659.0,10.475928090228903,370.33454015994704,14.669601270824305
13660.0,11.429020777439986,370.3315719803215,14.669403298491076
13661.0,11.564504539582186,370.3283337577679,14.669205426965723
13662.0,12.039480256772023,370.32505714814835,14.669007656266706
13663.0,10.461296204430901,370.3216459620756,14.668809986412473
13664.0,10.31394794633821,370.3186819281511,14.668612417421466
13665.0,10.773374663514817,370.3157596428996,14.668414949312119
13666.0,10.373793671930958,370.31270718674494,14.668217582102848
13667.0,10.46728631875186,370.30976794520456,14.66802031581207
13668.0,11.21594425616204,370.3068022140809,14.667823150458185
13669.0,11.411217556527982,370.3036243632083,14.667626086059586
13670.0,11.648138746922893,370.3003911849006,14.667429122634658
13671.0,9.713695068410138,370.29709087892235,14.667232260201777
13672.0,10.840765711389267,370.29433866531963,14.667035498779308
13673.0,10.746088729414069,370.2912671150347,14.666838838385605
13674.0,11.902722900922186,370.28822238989477,14.666642279039012
13675.0,12.12967313758966,370.2848499517395,14.66644582075787
13676.0,13.169752599720194,370.28141321101714,14.666249463560504
13677.0,11.373593366367766,370.2776817811139,14.666053207465234
13678.0,10.584885246135705,370.27445926299345,14.665857052490367
13679.0,12.176671481014326,370.27146021217374,14.665660998654204
13680.0,11.546573131278631,370.2680101552541,14.665465045975031
13681.0,11.631899358946777,370.26473862620026,14.665269194471131
13682.0,11.035536615683023,370.26144292138184,14.665073444160775
13683.0,10.899568329177447,370.2583161860074,14.664877795062223
13684.0,11.380671583467846,370.2552279749808,14.66468224719373
13685.0,11.419318615851102,370.2520034513655,14.664486800573535
13686.0,10.773709843545907,370.24876797775767,14.664291455219871
13687.0,11.672392661014397,370.24571542663534,14.664096211150964
13688.0,11.572814303236433,370.2424082487147,14.663901068385025
13689.0,11.35491128723279,370.2391292846621,14.663706026940261
13690.0,11.211762109193478,370.23591205979744,14.663511086834868
13691.0,12.121026948076421,370.23273539386645,14.66331624808703
13692.0,12.297214544337915,370.22930110289786,14.663121510714925
13693.0,11.747515655777809,370.2258168921103,14.662926874736717
13694.0,10.520113703427748,370.2224884293411,14.662732340170566
13695.0,11.349307383809789,370.21950773045853,14.66253790703462
13696.0,11.223082799868909,370.21629209336646,14.662343575347014
13697.0,11.440711359979883,370.21311221990646,14.662149345125881
13698.0,10.48173949888522,370.20987068502114,14.66195521638934
13699.0,10.135752984781591,370.20690085882984,14.6617611891555
13700.0,10.985817156147345,370.20402906215077,14.661567263442462
13701.0,10.958332928928534,370.2009164139566,14.661373439268315
13702.0,11.38279897089742,370.19781155296,14.661179716651146
13703.0,10.61436102905556,370.1945864265849,14.660986095609024
13704.0,11.796726731206975,370.1915790242934,14.66079257616001
13705.0,10.983299311511283,370.18823661838616,14.660599158322158
13706.0,10.752497357420115,370.18512468358125,14.660405842113514
13707.0,10.417570123376906,370.1820781426633,14.660212627552111
13708.0,11.243706070839941,370.17912649779504,14.660019514655975
13709.0,11.241186634046404,370.1759407810749,14.659826503443117
13710.0,11.111161101310145,370.1727557781953,14.659633593931549
13711.0,11.04277984003651,370.1696076158833,14.659440786139262
13712.0,11.355176022226871,370.1664788282619,14.659248080084247
13713.0,11.552965739047588,370.163261528389,14.659055475784479
13714.0,10.24676823221331,370.15998818809624,14.658862973257927
13715.0,11.103065268000742,370.1570849370971,14.65867057252255
13716.0,11.372328519296811,370.15393906860453,14.658478273596293
13717.0,12.22970832231585,370.1507169088574,14.658286076497099
13718.0,11.868422778934594,370.1472518248327,14.658093981242896
13719.0,10.779176049789637,370.14388910504533,14.657901987851607
13720.0,11.648543298185114,370.1408350051646,14.657710096341141
13721.0,9.732069869930768,370.13753458456347,14.657518306729399
13722.0,12.046764445008616,370.134777164767,14.657326619034274
13723.0,9.395634355344793,370.13136391484096,14.657135033273649
13724.0,12.34553267110695,370.1287018184402,14.656943549465392
13725.0,11.190876254085381,370.1252039175167,14.656752167627376
13726.0,11.288713284452465,370.12203316924473,14.656560887777445
13727.0,11.063174556711502,370.1188347004808,14.656369709933447
13728.0,10.101199909684839,370.1157001343564,14.656178634113218
13729.0,11.344647030143744,370.11283812771535,14.655987660334583
13730.0,11.285330537154035,370.1096238110568,14.655796788615357
13731.0,13.003278826944602,370.10642630073795,14.655606018973346
13732.0,12.708377856620855,370.1027420384036,14.655415351426347
13733.0,12.054086002185057,370.0991413313443,14.655224785992147
13734.0,10.560293699938061,370.095726006977,14.655034322688525
13735.0,10.613194354012846,370.092733923762,14.654843961533247
13736.0,11.132790588717933,370.0897268520284,14.654653702544074
13737.0,11.581088227854973,370.08657256136155,14.654463545738754
13738.0,10.59995935726602,370.0832912530303,14.654273491135026
13739.0,11.542802316524286,370.08028793121247,14.65408353875062
13740.0,11.496497759620418,370.07701747055614,14.653893688603256
13741.0,10.561201269633923,370.0737601295242,14.653703940710647
13742.0,11.913094316707042,370.0707677891645,14.653514295090494
13743.0,11.789572086991834,370.06739241244145,14.653324751760488
13744.0,11.329492454060953,370.0640520336835,14.653135310738309
13745.0,12.006498831243103,370.0608420108215,14.652945972041634
13746.0,12.025821502604249,370.057440169486,14.652756735688124
13747.0,10.011922760541912,370.05403285339355,14.652567601695432
13748.0,11.248540327953542,370.05119614194473,14.652378570081206
13749.0,12.097432335440102,370.0480090555185,14.652189640863076
13750.0,10.72341788568487,370.0445814496901,14.65200081405867
13751.0,11.238841513743148,370.04154314795585,14.651812089685603
13752.0,11.757621094636658,370.0383588095269,14.65162346776148
13753.0,10.815975166629977,370.03502748355015,14.651434948303898
13754.0,11.464474107973905,370.03196295725286,14.651246531330441
13755.0,10.201775640771702,370.028714689589,14.65105821685869
13756.0,9.939795134395927,370.0258241864908,14.65087000490621
13757.0,11.673569804803417,370.0230079112027,14.650681895490564
13758.0,11.30157909103614,370.019700399758,14.650493888629294
13759.0,11.792039178996484,370.0164982856822,14.650305984339944
13760.0,11.591857840375033,370.01315720791484,14.650118182640039
13761.0,11.882833737086887,370.00987284819337,14.649930483547104
13762.0,10.007647467769882,370.0065060453012,14.649742887078645
13763.0,11.340950654086509,370.00367054518534,14.649555393252164
13764.0,11.696248305722659,370.0004572758333,14.649368002085156
13765.0,11.891804901631232,369.99714333881343,14.649180713595097
13766.0,11.182246342382612,369.99377399409127,14.648993527799458
13767.0,9.615805631654014,369.9906056909609,14.648806444715708
13768.0,11.928812624663081,369.98788121269865,14.648619464361294
13769.0,11.352055840460977,369.984501382455,14.648432586753662
13770.0,11.061269143614178,369.9812849666335,14.648245811910247
13771.0,10.851485294250695,369.97815094037617,14.648059139848469
13772.0,10.320785412905629,369.97507635287616,14.647872570585745
13773.0,11.69336880237731,369.97215213034247,14.64768610413948
13774.0,11.149481760207212,369.96883900918175,14.647499740527069
13775.0,11.096940480981898,369.9656799893497,14.647313479765897
13776.0,10.684931124146377,369.96253585621344,14.647127321873338
13777.0,11.034961571349,369.9595084590616,14.646941266866763
13778.0,10.525179656398842,369.9563818866164,14.646755314763526
13779.0,11.53579271012575,369.95339975238045,14.646569465580978
13780.0,10.297687247935883,369.95013127777924,14.646383719336452
13781.0,12.256911070260124,369.9472135997256,14.646198076047279
13782.0,11.209060229119205,369.9437408082557,14.646012535730774
13783.0,10.608443488479017,369.94056490785744,14.64582709840425
13784.0,9.70004039770706,369.9375591822024,14.645641764085006
13785.0,12.336630932157043,369.9348108374231,14.645456532790329
13786.0,11.66390971718613,369.93131545865896,14.6452714045375
13787.0,10.45392424948987,369.92801068423904,14.64508637934379
13788.0,11.931618068783353,369.92504873903505,14.64490145722646
13789.0,11.19740186897674,369.9216681139156,14.64471663820276
13790.0,10.595188382420412,369.91849551671936,14.644531922289932
13791.0,11.353391000432394,369.9154935466777,14.644347309505212
13792.0,10.340284987755087,369.91227675256096,14.644162799865816
13793.0,10.07635580823511,369.9093470051477,14.64397839338896
13794.0,12.814481645322562,369.9064920376687,14.643794090091847
13795.0,11.653190698495784,369.9028612678692,14.64360988999167
13796.0,11.12901517009199,369.8995595305046,14.643425793105612
13797.0,10.539483077319915,369.89640630953977,14.643241799450848
13798.0,9.551917196247329,369.89342012266786,14.643057909044545
13799.0,10.731017265285224,369.8907137461289,14.642874121903855
13800.0,9.878588531757407,369.8876732912371,14.642690438045925
13801.0,11.127725486561758,369.88487435781974,14.642506857487886
13802.0,12.264051013839023,369.88172150226524,14.642323380246872
13803.0,10.542186103542234,369.87824668781127,14.642140006339995
13804.0,11.754321821189105,369.87525973508195,14.64195673578436
13805.0,11.809607755028603,369.8719293438993,14.641773568597067
13806.0,11.360561791554861,369.8685832883687,14.641590504795204
13807.0,12.12910866494045,369.8653644625278,14.641407544395847
13808.0,12.4660537890553,369.8619278817394,14.641224687416063
13809.0,12.43739937535699,369.8583958331658,14.641041933872913
13810.0,10.059407646377892,369.85487190334277,14.640859283783447
13811.0,11.550826049678001,369.85202173784296,14.640676737164702
13812.0,10.013988639345905,369.8487490037956,14.640494294033708
13813.0,11.041757935159177,369.84591170701447,14.640311954407485
13814.0,11.259689999689972,369.8427832089329,14.640129718303042
13815.0,12.074434952804046,369.83959296343295,14.639947585737382
13816.0,10.133545691513355,369.8361718735297,14.639765556727495
13817.0,11.113854775524606,369.83330070225037,14.639583631290364
13818.0,11.732258341895715,369.8301517767307,14.639401809442957
13819.0,12.258354746597636,369.8268276368671,14.639220091202239
13820.0,10.301029955128232,369.8233544363556,14.63903847658516
13821.0,10.41686632006733,369.82043581120166,14.638856965608664
13822.0,11.123574700861898,369.8174843657443,14.638675558289686
13823.0,9.485076476080275,369.8143326862457,14.638494254645146
13824.0,12.549200528905295,369.8116452479108,14.63831305469196
13825.0,11.501463576586792,369.8080896410943,14.63813195844703
13826.0,12.45627670059967,369.8048308930809,14.637950965927251
13827.0,11.127371528806218,369.8013016146824,14.637770077149506
13828.0,11.211090687947445,369.7981488594159,14.637589292130675
13829.0,10.566385756342541,369.794972383721,14.637408610887618
13830.0,10.846124376203816,369.79197857442335,14.637228033437195
13831.0,12.171568325225886,369.7889055058501,14.637047559796247
13832.0,11.215784364751926,369.7854568948246,14.636867189981613
13833.0,9.999855861399306,369.78227908925464,14.636686924010123
13834.0,9.766456182308385,369.77944579676057,14.636506761898586
13835.0,11.403136565667294,369.77667863417554,14.636326703663816
13836.0,12.90016946657686,369.773447745482,14.636146749322604
13837.0,12.618531040440653,369.7697926974664,14.635966898891745
13838.0,12.132674685802582,369.7662174470049,14.635787152388012
13839.0,10.269867081806746,369.76277985584403,14.635607509828175
13840.0,11.45627932232416,369.75987006017084,14.635427971228994
13841.0,12.1797595168026,369.75662411436286,14.635248536607216
13842.0,11.441730391960649,369.7531731824997,14.635069205979581
13843.0,10.791739702628096,369.74993135888866,14.63488997936282
13844.0,11.024168144721369,369.74687369930626,14.63471085677365
13845.0,10.972990356048205,369.74375018499865,14.634531838228783
13846.0,11.736889393267287,369.7406411710644,14.634352923744919
13847.0,11.43932919936373,369.7373157190696,14.634174113338748
13848.0,11.50136281497028,369.7340745757965,14.633995407026951
13849.0,12.83884563828782,369.73081585633224,14.633816804826203
13850.0,10.57218550645362,369.7271781834014,14.633638306753163
13851.0,11.85787694061407,369.7241827308413,14.633459912824481
13852.0,12.590485107286153,369.72082299904145,14.633281623056803
13853.0,12.567711562146394,369.7172556949277,14.633103437466758
13854.0,11.24487818139157,369.7136948433184,14.632925356070972
13855.0,12.354880887184693,369.71050879450036,14.632747378886053
13856.0,11.088972380899868,369.70700824491564,14.632569505928613
13857.0,10.648902201865617,369.7038663694077,14.632391737215237
13858.0,11.537924203631281,369.7008491804506,14.632214072762512
13859.0,10.66793869517622,369.6975801019261,14.632036512587012
13860.0,11.364970556476509,369.6945575192958,14.631859056705302
13861.0,12.795127234584546,369.69133744430485,14.63168170513394
13862.0,11.723400455035016,369.68771215825507,14.631504457889463
13863.0,12.06689690235518,369.68439052812613,14.631327314988411
13864.0,12.430020480485808,369.68097157400376,14.631150276447311
13865.0,10.975977902717503,369.67744973486765,14.630973342282678
13866.0,11.494085595986805,369.67433987446185,14.630796512511015
13867.0,12.333796143041049,369.67108321687635,14.63061978714882
13868.0,11.846664571210578,369.66758864130253,14.63044316621258
13869.0,11.961213288802954,369.66423208634063,14.630266649718772
13870.0,10.822738120794709,369.6608430759088,14.630090237683863
13871.0,13.008437114103149,369.65777663344124,14.62991393012431
13872.0,10.820905145597495,369.65409090959224,14.629737727056561
13873.0,11.773742516261848,369.65102498646763,14.629561628497052
13874.0,10.984491982914586,369.64768909275466,14.629385634462214
13875.0,11.467226717701191,369.6445768200262,14.629209744968461
13876.0,11.308700735721757,369.6413277724562,14.629033960032206
13877.0,12.345092817540827,369.63812364058106,14.628858279669847
13878.0,12.900133824331178,369.6346258642827,14.628682703897772
13879.0,12.429495622425613,369.63097082636585,14.628507232732359
13880.0,11.65049971626017,369.6274491359395,14.628331866189981
13881.0,11.894110733677643,369.6241481610199,14.628156604286994
13882.0,12.206383211113064,369.6207781629787,14.627981447039751
13883.0,9.934460114911976,369.6173196877356,14.627806394464592
13884.0,9.975401287834062,369.61450492403634,14.627631446577844
13885.0,11.648267078596398,369.6116785603381,14.627456603395833
13886.0,11.48072813332941,369.6083782179992,14.627281864934867
13887.0,11.353436847894361,369.60512534502806,14.627107231211246
13888.0,10.574585620599397,369.60190853792113,14.626932702241264
13889.0,10.746763469708622,369.59891240532863,14.626758278041201
13890.0,12.080742168109614,369.5958674890122,14.626583958627329
13891.0,12.144504504115199,369.5924446120646,14.626409744015913
13892.0,10.610489688967293,369.5890036691217,14.626235634223201
13893.0,11.625313281727875,369.5859973637099,14.626061629265436
13894.0,11.505695248322123,369.58270352494674,14.625887729158855
13895.0,10.905038966248224,369.57944357795975,14.625713933919677
13896.0,11.924435839986103,369.5763538169193,14.625540243564116
13897.0,10.332860390689609,369.57297522676464,14.625366658108375
13898.0,10.296644025819997,369.5700475829873,14.625193177568649
13899.0,12.132012510564541,369.5671302005133,14.625019801961123
13900.0,11.37365420608206,369.5636927969686,14.624846531301968
13901.0,10.560026299544003,369.56047026161025,14.624673365607348
13902.0,12.173495838312078,369.5574782541587,14.62450030489342
13903.0,10.98055831797112,369.5540290970045,14.62432734917633
13904.0,11.540360478924846,369.5509179388144,14.624154498472208
13905.0,10.620339647515369,369.54764817001205,14.623981752797183
13906.0,11.262102493578809,369.54463907377857,14.623809112167368
13907.0,12.325920265380251,369.54144814473875,14.62363657659887
13908.0,11.783393717014564,369.53795580066355,14.623464146107784
13909.0,10.682668383514827,369.53461717244375,14.623291820710197
13910.0,10.558600031772606,369.5315904164017,14.62311960042218
13911.0,13.038293566757307,369.5285988130594,14.622947485259807
13912.0,12.568837152835865,369.5249046298822,14.62277547523913
13913.0,12.305616586667547,369.52134345935553,14.622603570376198
13914.0,11.820040374346501,369.5178568679893,14.622431770687044
13915.0,11.574581292729096,369.51450785654987,14.622260076187699
13916.0,11.356201360908093,369.5112283918503,14.622088486894178
13917.0,10.242893526917532,369.5080108014647,14.621917002822489
13918.0,10.46494850200128,369.50510864829874,14.621745623988629
13919.0,11.942732798358067,369.5021435795565,14.621574350408586
13920.0,11.751501652216946,369.4987598052637,14.62140318209834
13921.0,12.442304562318647,369.4954302131288,14.621232119073856
13922.0,11.562117155782385,369.4919048935029,14.621061161351093
13923.0,11.009506518071351,369.4886289603088,14.620890308946004
13924.0,12.320133731227946,369.48550960012864,14.620719561874521
13925.0,10.9026668595377,369.48201889557146,14.620548920152576
13926.0,12.044236010122926,369.4789298066279,14.620378383796089
13927.0,11.080400074099503,369.4755172730917,14.620207952820966
13928.0,12.501868812518987,369.472377826404,14.620037627243109
13929.0,11.386009968114497,369.4688356302405,14.619867407078408
13930.0,11.869904684790217,369.4656095940829,14.61969729234274
13931.0,10.650150394021907,369.4622464544222,14.619527283051976
13932.0,10.752976303276004,369.45922891181056,14.619357379221977
13933.0,10.41989731471626,369.45618223519125,14.619187580868592
13934.0,11.611458037615057,369.4532299309521,14.619017888007663
13935.0,11.542194875651868,369.4499400178414,14.618848300655019
13936.0,11.118673667762504,369.4466697292933,14.618678818826481
13937.0,10.485846827881335,369.44351943842076,14.61850944253786
13938.0,11.15675012422503,369.44054844848625,14.618340171804956
13939.0,11.770251409389504,369.4373873692844,14.61817100664356
13940.0,11.436850454886628,369.43405246471843,14.618001947069457
13941.0,11.363124866591422,369.4308120237562,14.617832993098414
13942.0,9.429066501560222,369.4275924717107,14.617664144746193
13943.0,10.803204596986479,369.42492090286856,14.617495402028549
13944.0,10.396023206826134,369.4218599948994,14.61732676496122
13945.0,11.459088943310162,369.4189144549908,14.617158233559941
13946.0,12.752372598301275,369.4156677131235,14.616989807840433
13947.0,11.729310536668793,369.41205454088737,14.616821487818406
13948.0,11.51716004628828,369.40873123623527,14.616653273509565
13949.0,12.232352224014589,369.4054680408888,14.616485164929603
13950.0,10.831289178505475,369.4020022077587,14.616317162094202
13951.0,10.919540443184763,369.39893334249143,14.616149265019033
13952.0,11.383615207557975,369.3958394726992,14.615981473719762
13953.0,11.660797376279326,369.3926141150571,14.61581378821204
13954.0,12.04654422512989,369.38931022246715,14.61564620851151
13955.0,10.73588371651646,369.38589703493665,14.61547873463381
13956.0,10.607914256450272,369.38285520121696,14.615311366594556
13957.0,10.829271466355143,369.379849625511,14.615144104409366
13958.0,11.623229829431772,369.3767813319288,14.614976948093842
13959.0,10.15785541255046,369.3734880834772,14.614809897663582
13960.0,11.810690653824036,369.37061002444364,14.614642953134165
13961.0,12.521080137488664,369.3672636620917,14.614476114521167
13962.0,11.55283141879205,369.3637160227194,14.614309381840153
13963.0,10.7099725242099,369.3604427204841,14.614142755106677
13964.0,11.936190712365404,369.3574082282689,14.613976234336281
13965.0,11.758950062732685,369.3540263075671,14.613809819544503
13966.0,11.019137263951073,369.3506946050493,14.613643510746867
13967.0,10.922222550942582,369.34757251615787,14.613477307958885
13968.0,11.45433168190141,369.3444778864351,14.613311211196065
13969.0,11.760934145280638,369.3412324924586,14.613145220473902
13970.0,10.221140855638629,369.3379002277841,14.612979335807877
13971.0,10.314366359361292,369.33500423787495,14.612813557213471
13972.0,11.154604470104006,369.33208183407316,14.612647884706146
13973.0,10.7484519027977,369.32892136280657,14.612482318301359
13974.0,10.470871991301244,369.32587596810083,14.612316858014553
13975.0,10.565708924203541,369.3229092210366,14.612151503861167
13976.0,11.924522198851381,369.3199156035081,14.611986255856623
13977.0,10.654137514979668,369.31653698888505,14.611821114016342
13978.0,11.183285626748003,369.3135183165891,14.611656078355725
13979.0,11.034195305165518,369.31034971899487,14.611491148890169
13980.0,10.8739361288344,369.3072233636584,14.611326325635062
13981.0,11.657766539127739,369.30414241508856,14.61116160860578
13982.0,11.739993629150694,369.30083938123585,14.610996997817686
13983.0,12.56073038662233,369.29751304970756,14.610832493286141
13984.0,9.86309524528643,369.293954176098,14.610668095026487
13985.0,10.619056935712923,369.29115963244516,14.610503803054065
13986.0,10.620206757565121,369.2881508996467,14.610339617384199
13987.0,11.32032173595051,369.2851418410654,14.610175538032207
13988.0,12.215073145418287,369.28193441657356,14.610011565013393
13989.0,11.578674345057921,369.27847347918237,14.609847698343058
13990.0,10.976651608026293,369.2751928547846,14.609683938036486
13991.0,10.91620228565514,369.27208280349566,14.609520284108955
13992.0,11.20239400432715,369.2689898795147,14.609356736575732
13993.0,11.289900582129553,369.2658158678802,14.609193295452075
13994.0,11.83083700787957,369.2626170627152,14.60902996075323
13995.0,10.703668809517405,369.2592649922297,14.608866732494436
13996.0,10.644119303987917,369.25623228606696,14.608703610690917
13997.0,10.03377997457752,369.25321645226416,14.608540595357894
13998.0,10.330301280858484,369.25037354793807,14.608377686510575
13999.0,11.29250597828047,369.2474466292418,14.608214884164154
14000.0,12.083728249251093,369.24424708588134,14.60805218833382
14001.0,10.473050931343646,369.24082336287734,14.607889599034754
14002.0,10.862954322547033,369.2378559984468,14.607727116282119
14003.0,12.131013645146032,369.2347781613887,14.607564740091076
14004.0,12.456113792864475,369.23134104085597,14.607402470476774
14005.0,10.565148131617171,369.22781180861466,14.607240307454346
14006.0,11.69544848203411,369.22481834997734,14.607078251038924
14007.0,10.116952910630868,369.2215046395741,14.606916301245626
14008.0,12.18019996226901,369.2186381695828,14.606754458089558
14009.0,11.799835828249833,369.2151871129268,14.60659272158582
14010.0,11.173468762298585,369.21184382610875,14.606431091749501
14011.0,11.705481818236558,369.20867800995944,14.606269568595675
14012.0,10.855390086052907,369.2053614567776,14.606108152139416
14013.0,10.843376594235947,369.2022857629199,14.60594684239578
14014.0,9.803130499600533,369.1992134728849,14.605785639379812
14015.0,11.500168377390112,369.1964359192433,14.605624543106558
14016.0,11.651429849989174,369.19317753820303,14.605463553591038
14017.0,9.500679017725119,369.18987629974555,14.605302670848278
14018.0,13.366947373431678,369.18718444069054,14.605141894893283
14019.0,10.638459478605888,369.18339713893477,14.604981225741051
14020.0,9.660618711241991,369.18038290874915,14.604820663406572
14021.0,11.678215831989698,369.17764573344755,14.604660207904825
14022.0,10.66876308108932,369.17433690562854,14.604499859250778
14023.0,11.42784269185405,369.17131408942225,14.60433961745939
14024.0,12.381640963973156,369.1680762006595,14.604179482545607
14025.0,9.999550888364615,369.1645680690531,14.604019454524373
14026.0,10.935317160936721,369.1617348629681,14.603859533410615
14027.0,11.332764106358542,369.1586365231058,14.60369971921925
14028.0,10.600765733403556,369.1554255732757,14.60354001196519
14029.0,10.306960890865168,369.1524220229845,14.60338041166333
14030.0,10.302556260599417,369.14950171739883,14.603220918328564
14031.0,9.671474403519943,369.14658265979165,14.603061531975767
14032.0,12.257909153998435,369.14384240871067,14.602902252619808
14033.0,11.529489385608862,369.1403693344503,14.602743080275548
14034.0,11.16558901303652,369.13710264579106,14.602584014957836
14035.0,11.859452188391625,369.1339390622374,14.60242505668151
14036.0,11.500895856557218,369.13057888411737,14.602266205461397
14037.0,11.936621939954975,369.12732029695803,14.602107461312322
14038.0,11.845215076966376,369.123938254075,14.601948824249087
14039.0,10.677518692751912,369.1205821098032,14.601790294286499
14040.0,12.123829798555711,369.11755681284023,14.60163187143934
14041.0,13.700880522170127,369.1141217277306,14.601473555722393
14042.0,10.932305678625546,369.1102398115827,14.601315347150424
14043.0,11.42711289980833,369.1071423249738,14.601157245738195
14044.0,11.729652394840073,369.1039046429855,14.600999251500456
14045.0,12.326570711772288,369.10058124147366,14.600841364451943
14046.0,11.66051036238963,369.0970887131053,14.600683584607387
14047.0,10.530313519808058,369.09378490183593,14.600525911981507
14048.0,11.532360385814744,369.09080131300533,14.60036834658901
14049.0,10.40896194593079,369.08753381089605,14.600210888444598
14050.0,11.012552985669501,369.0845846050113,14.60005353756296
14051.0,10.887239737108239,369.0814643816654,14.599896293958775
14052.0,11.225371481865196,369.07837966373984,14.59973915764671
14053.0,11.706413445450586,369.07519914182,14.599582128641424
14054.0,11.071789977897568,369.0718823246771,14.59942520695757
14055.0,11.565501271282837,369.0687453175167,14.599268392609783
14056.0,12.652814359629456,369.0654684254898,14.599111685612694
14057.0,10.629685675274557,369.0618834614213,14.598955085980924
14058.0,11.334557172743944,369.05887171714664,14.598798593729077
14059.0,11.889844619574237,369.05566025928107,14.598642208871755
14060.0,11.547804753330416,369.05229146997215,14.598485931423546
14061.0,10.280396304939092,369.0490195919587,14.598329761399032
14062.0,10.44915729044338,369.0461068130057,14.59817369881278
14063.0,12.054083192751666,369.04314621844003,14.598017743679346
14064.0,10.301053133324887,369.03973089486874,14.597861896013285
14065.0,11.730763614860827,369.03681226314757,14.59770615582913
14066.0,11.92441270236798,369.03348854679007,14.597550523141413
14067.0,11.876997850224926,369.0301099631911,14.597394997964653
14068.0,11.503306405419305,369.0267448138002,14.597239580313357
14069.0,11.865591126469035,369.023485543652,14.597084270202025
14070.0,11.342611482050252,369.02012362616614,14.596929067645144
14071.0,10.723127718280063,369.01690988624625,14.596773972657196
14072.0,10.881142589946718,369.01387166672606,14.596618985252647
14073.0,11.53671116309936,369.0107886763256,14.596464105445957
14074.0,12.190098288917346,369.00751994149607,14.596309333251574
14075.0,10.422634748273634,369.0040660803142,14.596154668683937
14076.0,11.888091988459953,369.0011130004688,14.596000111757471
14077.0,10.746439761315388,368.9977447077388,14.595845662486601
14078.0,12.45889508994249,368.99469988313973,14.59569132088573
14079.0,12.667314516685288,368.9911698628642,14.595537086969262
14080.0,10.916801653088172,368.98758079041784,14.595382960751579
14081.0,10.631960749674104,368.98448769661616,14.595228942247061
14082.0,10.4519469271977,368.98147530773707,14.59507503147008
14083.0,11.105508634813578,368.9785139227743,14.59492122843499
14084.0,11.11294568911388,368.9753673619945,14.59476753315614
14085.0,11.124975923976859,368.9722186940492,14.59461394564787
14086.0,10.718725942017889,368.9690666175374,14.594460465924506
14087.0,12.805592701970474,368.9660296451872,14.594307094000367
14088.0,10.446750563358947,368.9624013939216,14.59415382988976
14089.0,10.904577829420566,368.959441481262,14.594000673606986
14090.0,10.340895838749715,368.956351850877,14.593847625166328
14091.0,12.754073640796873,368.95342193038937,14.593694684582069
14092.0,9.876109267288113,368.9498082761911,14.59354185186847
14093.0,11.541531344710167,368.947010045232,14.593389127039794
14094.0,9.165062105976405,368.94373994468435,14.593236510110287
14095.0,12.487248829100903,368.94114317708767,14.593084001094187
14096.0,10.071930364830147,368.93760512325275,14.59293160000572
14097.0,11.704719080605349,368.9347514096494,14.592779306859104
14098.0,10.705681670668419,368.93143507257656,14.59262712166855
14099.0,10.755715738993963,368.92840179610323,14.592475044448246
14100.0,10.677649708735622,368.9253543433105,14.59232307521239
14101.0,12.672002508057089,368.9223290092263,14.59217121397515
14102.0,11.040516394419452,368.91873860851575,14.592019460750699
14103.0,11.484839088872267,368.91561046220403,14.59186781555319
14104.0,11.877594559962235,368.91235642446213,14.591716278396776
14105.0,10.912655617032529,368.90899110600344,14.591564849295587
14106.0,12.928223636659641,368.905899186912,14.591413528263752
14107.0,10.051310511662038,368.902236190215,14.591262315315388
14108.0,10.920168321584393,368.89938831890333,14.5911112104646
14109.0,9.919913958164678,368.8962942712122,14.590960213725488
14110.0,11.42033310198062,368.89348362892406,14.590809325112135
14111.0,11.794314405057088,368.8902478678785,14.590658544638618
14112.0,9.956187402109688,368.8869061454637,14.590507872319003
14113.0,11.66816778621173,368.88408522569983,14.590357308167349
14114.0,11.059738357395913,368.880779244827,14.590206852197696
14115.0,10.931118379121406,368.8776456522924,14.590056504424087
14116.0,10.692375214782876,368.874548502085,14.589906264860543
14117.0,10.608750215105356,368.8715189957741,14.58975613352108
14118.0,10.259839795854994,368.86851318321317,14.589606110419707
14119.0,11.080823184287151,368.86560622860435,14.589456195570413
14120.0,11.724156619332964,368.8624666620355,14.589306388987191
14121.0,10.975231780460188,368.85914481766,14.589156690684012
14122.0,11.137442118339257,368.8560351686555,14.589007100674843
14123.0,10.329054585903057,368.8528795600553,14.588857618973638
14124.0,11.210839194500897,368.84995299458933,14.58870824559434
14125.0,11.03878938547956,368.84677659015085,14.588558980550888
14126.0,11.15144319432224,368.8436489331583,14.588409823857205
14127.0,12.62333352201318,368.84048935758665,14.588260775527205
14128.0,10.896313719961643,368.83691274642206,14.588111835574793
14129.0,11.619306310651547,368.8338254575347,14.587963004013863
14130.0,11.102483827834574,368.8305333207467,14.587814280858302
14131.0,10.29790502282722,368.8273876169955,14.587665666121982
14132.0,10.880036570192786,368.82446987723904,14.587517159818766
14133.0,11.471451807548192,368.82138720021084,14.587368761962512
14134.0,11.087883320346315,368.81813695553205,14.587220472567058
14135.0,10.828453341515544,368.8149953885913,14.587072291646244
14136.0,11.539959400720527,368.81192732681114,14.586924219213888
14137.0,11.358896262370882,368.8086576716476,14.586776255283809
14138.0,11.648404538440666,368.8054393177066,14.586628399869806
14139.0,10.758169024253892,368.8021389364207,14.586480652985674
14140.0,11.407214418055489,368.7990907885305,14.586333014645195
14141.0,11.66138708751937,368.7958587444454,14.586185484862146
14142.0,10.791977935963283,368.7925546847706,14.586038063650285
14143.0,9.38893378153695,368.78949695768875,14.585890751023369
14144.0,10.71901724676334,368.786836759784,14.585743546995138
14145.0,10.980710614303465,368.7837997048974,14.585596451579326
14146.0,11.659821294917844,368.7806885035567,14.585449464789653
14147.0,12.135614375244133,368.77738488752317,14.585302586639832
14148.0,10.548558462989238,368.77394646345016,14.585155817143567
14149.0,12.01638360319341,368.77095770521896,14.585009156314548
14150.0,11.922039010872577,368.767553063198,14.58486260416646
14151.0,11.677802318142803,368.76417515214496,14.58471616071297
14152.0,11.211648751551577,368.76086644148825,14.584569825967744
14153.0,12.763409552084234,368.75768980767526,14.584423599944431
14154.0,11.023494815144668,368.75407350830216,14.584277482656672
14155.0,10.850815672569404,368.7509501847712,14.5841314741181
14156.0,11.209363147722113,368.7478757869974,14.583985574342336
14157.0,11.009579119807979,368.74469980077214,14.583839783342986
14158.0,10.428833745278276,368.74158042002153,14.583694101133657
14159.0,11.330562412274872,368.7386255837937,14.583548527727938
14160.0,11.241308761316844,368.7354152577769,14.583403063139407
14161.0,11.769860290437595,368.7322302202945,14.583257707381636
14162.0,10.44260267007861,368.72889542654553,14.583112460468184
14163.0,10.2635542887913,368.72593668912236,14.582967322412603
14164.0,10.602968585253182,368.7230286820738,14.582822293228432
14165.0,10.73763700623006,368.7200245076413,14.582677372929199
14166.0,11.484564332051958,368.71698217715624,14.582532561528424
14167.0,11.287594369632057,368.7137282172622,14.58238785903962
14168.0,12.25466270181104,368.7105300655241,14.58224326547628
14169.0,11.498567649617438,368.7070579110919,14.582098780851899
14170.0,11.367835299752988,368.7037999835912,14.581954405179951
14171.0,12.625417732520397,368.7005790969229,14.581810138473907
14172.0,10.543792291783873,368.697001895232,14.581665980747227
14173.0,10.659002124040558,368.69401448741604,14.581521932013356
14174.0,10.236918159276142,368.6909944368142,14.581377992285734
14175.0,13.034793995911452,368.6880939766691,14.581234161577788
14176.0,11.565969420856755,368.6844007850369,14.581090439902937
14177.0,10.730191044814134,368.6811237603676,14.580946827274587
14178.0,10.418930223580643,368.6780835395717,14.580803323706139
14179.0,12.299542567726643,368.67513150934167,14.580659929210979
14180.0,10.7107328769362,368.6716466389474,14.58051664380248
14181.0,11.947934648298293,368.6686119312989,14.580373467494015
14182.0,10.499140685197961,368.6652266831486,14.580230400298936
14183.0,10.995636701073055,368.66225192662114,14.580087442230592
14184.0,12.97437154754839,368.6591364962225,14.579944593302319
14185.0,11.9251425583308,368.65546042428406,14.579801853527442
14186.0,10.964096651900217,368.6520816338925,14.579659222919279
14187.0,11.493574533158622,368.6489751398411,14.579516701491137
14188.0,10.844253629751336,368.64571862705674,14.579374289256307
14189.0,11.782669322739551,368.64264608852835,14.579231986228079
14190.0,10.046159032961846,368.63930766555353,14.579089792419728
14191.0,11.774238950918207,368.6364612538275,14.578947707844515
14192.0,11.156758308361441,368.63312521945807,14.5788057325157
14193.0,10.237177002264653,368.6299641379374,14.578663866446524
14194.0,11.47030416569423,368.62706360445344,14.578522109650224
14195.0,11.462892370182479,368.6238136849398,14.578380462140023
14196.0,10.871138564705243,368.6205658654349,14.578238923929137
14197.0,9.551019368916807,368.61748570950823,14.578097495030768
14198.0,11.247020859969398,368.61477958735367,14.577956175458107
14199.0,10.077385684766282,368.6115929314434,14.577814965224345
14200.0,10.32980969708867,368.60873767216606,14.57767386434265
14201.0,11.841399390495146,368.6058108927519,14.577532872826186
14202.0,10.646511236432216,368.60245582959124,14.577391990688106
14203.0,11.312990027223808,368.59943931807425,14.577251217941555
14204.0,10.906275425653037,368.59623397089985,14.577110554599662
14205.0,11.057809645472293,368.5931438595293,14.576970000675551
14206.0,10.0465057374817,368.59001081346304,14.576829556182334
14207.0,12.535621496350354,368.5871643035041,14.576689221133115
14208.0,10.11813917980831,368.5836125440801,14.576548995540982
14209.0,12.196252002344973,368.58074573797916,14.57640887941902
14210.0,10.187124760138484,368.5772901332452,14.576268872780298
14211.0,11.164455563759025,368.5744037812298,14.576128975637879
14212.0,12.11470908583104,368.57124051882005,14.57598918800481
14213.0,12.569772870481001,368.5678080179124,14.575849509894137
14214.0,11.587668349378898,368.5642465822658,14.575709941318886
14215.0,10.41748902897377,368.5609634095668,14.575570482292079
14216.0,11.284190922764042,368.5580117876753,14.57543113282673
14217.0,11.601731452773512,368.55481460024714,14.57529189293583
14218.0,10.986311688812357,368.55152744300216,14.575152762632374
14219.0,11.127707040925916,368.54841465469036,14.575013741929343
14220.0,10.315686652819672,368.5452618043621,14.574874830839702
14221.0,10.862685682197455,368.5423390264771,14.574736029376412
14222.0,11.736539002487602,368.5392612655338,14.57459733755242
14223.0,11.411230966985695,368.53593591281646,14.57445875538067
14224.0,12.456954430899051,368.5327027307092,14.574320282874083
14225.0,11.586835211025631,368.5291732602871,14.57418192004558
14226.0,12.161885181625737,368.525890323644,14.574043666908068
14227.0,10.18688084696263,368.52244445617583,14.573905523474446
14228.0,11.4250821234481,368.5195581732692,14.573767489757602
14229.0,11.472393735910282,368.5163210666675,14.57362956577041
14230.0,10.020048264081284,368.51307055510904,14.57349175152574
14231.0,10.875486187385642,368.5102315414342,14.573354047036446
14232.0,10.28251591823392,368.50715015368115,14.573216452315375
14233.0,11.871256948164561,368.5042367741709,14.573078967375363
14234.0,10.85172867374103,368.500873251369,14.572941592229236
14235.0,10.039407486774264,368.49779859491144,14.57280432688981
14236.0,11.366617467767908,368.4949540961235,14.57266717136989
14237.0,11.068884241608236,368.4917335545076,14.572530125682274
14238.0,12.188393746792684,368.4885973706391,14.57239318983974
14239.0,10.614172028915148,368.48514399241094,14.572256363855068
14240.0,11.696127349259443,368.4821366436694,14.572119647741022
14241.0,10.490517028182417,368.4788227409204,14.571983041510356
14242.0,11.892355632308671,368.47585042776245,14.571846545175811
14243.0,11.45467799328151,368.47248092699994,14.571710158750124
14244.0,11.224790393633011,368.46923543490186,14.571573882246017
14245.0,12.597515596860498,368.46605507762365,14.571437715676202
14246.0,11.099368420218944,368.4624857815379,14.571301659053384
14247.0,11.965891921398395,368.45934096048546,14.571165712390254
14248.0,11.452833146139165,368.45595062444113,14.571029875699496
14249.0,10.42767115888004,368.4527056550497,14.57089414899378
14250.0,11.279373897114269,368.44975114822137,14.570758532285769
14251.0,11.114939073535066,368.4465553256172,14.570623025588116
14252.0,11.434507381734912,368.4434060928797,14.57048762891346
14253.0,10.879718019424255,368.4401663157882,14.57035234227443
14254.0,12.48833939942465,368.4370837290161,14.570217165683653
14255.0,11.133849990978966,368.43354536618625,14.570082099153735
14256.0,11.499334519335832,368.4303907753554,14.569947142697279
14257.0,11.573031663512793,368.427132630575,14.56981229632687
14258.0,10.574880891515553,368.423853604937,14.569677560055093
14259.0,12.069189250923385,368.4208573886844,14.569542933894514
14260.0,11.22164017908483,368.41743778506327,14.569408417857694
14261.0,11.0448594163181,368.41425832034594,14.569274011957182
14262.0,12.164039892451028,368.41112894351124,14.569139716205516
14263.0,11.215864045911193,368.4076824655417,14.569005530615224
14264.0,11.483299895597034,368.4045046373954,14.568871455198824
14265.0,11.084872690477132,368.4012510357583,14.568737489968825
14266.0,10.597157597093652,368.39811032182934,14.568603634937721
14267.0,10.877765290340264,368.3951077938435,14.568469890118006
14268.0,11.781589358404117,368.3920257603446,14.56833625552215
14269.0,11.926264263741652,368.38868764335973,14.568202731162623
14270.0,11.173267084329163,368.38530853515164,14.568069317051881
14271.0,11.314598988234847,368.38214277614446,14.56793601320237
14272.0,10.637164444101533,368.37893697309784,14.567802819626525
14273.0,11.598954257573357,368.3759231098386,14.567669736336773
14274.0,11.716480638220618,368.3726367394657,14.567536763345528
14275.0,10.353754820780198,368.3693170699515,14.567403900665193
14276.0,10.372467238315124,368.3663835060855,14.567271148308167
14277.0,10.849253539967345,368.3634446403681,14.567138506286833
14278.0,11.438722680583831,368.36037068519835,14.567005974613563
14279.0,10.974432786492677,368.3571297137722,14.566873553300724
14280.0,10.495111097030295,368.35402029114937,14.566741242360667
14281.0,11.637737389150445,368.3510466763386,14.566609041805734
14282.0,11.304083412807817,368.3477493174116,14.566476951648262
14283.0,10.873550053368335,368.34454649377807,14.56634497190057
14284.0,10.442966763309311,368.3414656545962,14.56621310257497
14285.0,12.376445219649147,368.33850681401333,14.566081343683768
14286.0,10.49423764393734,368.3350001545344,14.56594969523925
14287.0,11.661427770355779,368.3320267872019,14.565818157253705
14288.0,10.685356052045792,368.32872271600036,14.565686729739395
14289.0,11.341222920439545,368.32569519845225,14.565555412708589
14290.0,10.163592533459138,368.3224818519582,14.56542420617353
14291.0,11.634420244197083,368.319602167407,14.565293110146463
14292.0,11.780765587663632,368.31630574833787,14.565162124639619
14293.0,12.137680409681279,368.3129678647546,14.565031249665214
14294.0,10.682910566173494,368.30952885530525,14.564900485235457
14295.0,10.23365153374641,368.3065020306448,14.564769831362549
14296.0,11.23033749956499,368.3036024960436,14.564639288058677
14297.0,11.43814196639027,368.3004205670854,14.564508855336022
14298.0,9.803298977219416,368.2971797601949,14.56437853320675
14299.0,11.64789302770269,368.29440215881806,14.564248321683017
14300.0,12.438059112791256,368.29110192246014,14.564118220776974
14301.0,11.772903971968423,368.2875778057116,14.563988230500755
14302.0,11.628073250281716,368.2842421495862,14.563858350866486
14303.0,9.542162882289517,368.2809475288319,14.563728581886286
14304.0,11.549076207277245,368.27824391601524,14.563598923572261
14305.0,10.665567837143142,368.2749716777565,14.563469375936506
14306.0,11.035598483623563,368.27194976686934,14.563339938991106
14307.0,10.95557052510169,368.26882301396563,14.563210612748136
14308.0,11.848879284763834,368.26571893565017,14.56308139721966
14309.0,11.089246025886547,368.2623617531862,14.562952292417734
14310.0,11.009632040786276,368.2592198001455,14.562823298354402
14311.0,11.534278086099148,368.25610040440057,14.562694415041697
14312.0,10.94902920026174,368.25283235894284,14.562565642491643
14313.0,10.094102141232796,368.2497301340028,14.562436980716251
14314.0,11.028261040018513,368.2468701383961,14.562308429727526
14315.0,11.681937354966479,368.24374546443477,14.562179989537462
14316.0,11.733852595201384,368.24043558218426,14.562051660158037
14317.0,12.150536238979019,368.2371109906156,14.561923441601223
14318.0,11.910232207218105,368.2336683386812,14.561795333878985
14319.0,10.884183678861472,368.2302937728891,14.561667337003271
14320.0,12.136432570195476,368.2272099208468,14.561539450986023
14321.0,10.330372293144842,368.2237712649519,14.561411675839171
14322.0,10.678229844687719,368.2208443261355,14.561284011574635
14323.0,11.18185807766504,368.21781882767954,14.561156458204325
14324.0,11.646162810647438,368.2146506345575,14.561029015740141
14325.0,11.725453999060234,368.2113508884278,14.56090168419397
14326.0,11.373745146525712,368.2080286764614,14.560774463577692
14327.0,11.549222784739907,368.20480611533657,14.560647353903175
14328.0,11.242363634277345,368.20153383554754,14.560520355182277
14329.0,13.567709802389775,368.1983484991845,14.560393467426845
14330.0,11.570983741879052,368.19450431474047,14.560266690648719
14331.0,10.466580685853133,368.19122586934697,14.560140024859722
14332.0,12.034793832488374,368.18826033815265,14.560013470071672
14333.0,11.170706478981042,368.1848504799001,14.559887026296376
14334.0,13.17935493871238,368.1816854463977,14.55976069354563
14335.0,10.783663301223978,368.17795129583175,14.559634471831219
14336.0,11.324388728502358,368.17489592456303,14.559508361164916
14337.0,12.328947254685392,368.1716873477567,14.55938236155849
14338.0,11.1907495147855,368.1681941460345,14.55925647302369
14339.0,11.119458370134662,368.16502343367205,14.559130695572264
14340.0,10.587557968390163,368.1618729204671,14.559005029215946
14341.0,11.17641610004561,368.15887311237606,14.558879473966456
14342.0,10.317075438836843,368.1557064611477,14.558754029835512
14343.0,10.814790502947531,368.15278328977337,14.55862869683481
14344.0,11.796502083476474,368.1497190991309,14.558503474976048
14345.0,11.014838163078272,368.1463767568739,14.558378364270904
14346.0,11.507735770970397,368.143255886061,14.558253364731053
14347.0,10.87427060492556,368.1399953609259,14.558128476368154
14348.0,11.16766543149065,368.13691431758787,14.558003699193854
14349.0,11.96891999988912,368.13375014571557,14.557879033219802
14350.0,11.135465744834232,368.1303589517156,14.55775447845762
14351.0,10.825204638223758,368.1272039030879,14.557630034918931
14352.0,11.283291965016106,368.1241367617737,14.557505702615344
14353.0,11.943203835823848,368.1209398290503,14.557381481558458
14354.0,11.535049811501086,368.11755592129686,14.557257371759862
14355.0,11.787667569512475,368.1142876571836,14.557133373231133
14356.0,10.766248288573816,368.1109478180389,14.557009485983839
14357.0,10.787917520801283,368.10789738102375,14.556885710029539
14358.0,10.79777205690021,368.1048408043929,14.556762045379775
14359.0,11.29041209663066,368.10178143564343,14.556638492046087
14360.0,12.245470265404073,368.09858248554934,14.556515050040003
14361.0,11.281177807719956,368.09511293564077,14.556391719373037
14362.0,11.820583461025887,368.0919166019286,14.556268500056694
14363.0,11.12270211984404,368.08856743661465,14.556145392102469
14364.0,10.996703052930304,368.08541600434734,14.556022395521847
14365.0,11.176091980289607,368.0823002718157,14.5558995103263
14366.0,12.017875204521273,368.0791337124213,14.555776736527298
14367.0,11.487439591611317,368.07572864778,14.555654074136287
14368.0,11.724141751437008,368.07247387322906,14.555531523164715
14369.0,11.28220932482014,368.0691520330662,14.555409083624014
14370.0,10.668853387725838,368.06595540709077,14.555286755525605
14371.0,12.101341531835928,368.0629325652976,14.555164538880899
14372.0,13.403753769330473,368.05950385186355,14.555042433701301
14373.0,12.976356209563845,368.05570612162893,14.554920439998197
14374.0,11.738899650209655,368.05202948736957,14.554798557782973
14375.0,11.616231644502713,368.048703465802,14.554676787066995
14376.0,12.83906342774052,368.0454122001694,14.554555127861624
14377.0,10.526498671486388,368.04177446553155,14.554433580178214
14378.0,12.691951831295174,368.03879195757463,14.554312144028096
14379.0,10.8740451247291,368.03519590455574,14.554190819422606
14380.0,12.195745344581287,368.0321149251037,14.554069606373059
14381.0,10.470819753468188,368.0286594639228,14.553948504890762
14382.0,11.726798751175723,368.02569273165926,14.553827514987015
14383.0,9.239509064719147,368.0223701386798,14.5537066366731
14384.0,10.751555782020384,368.01975227777814,14.5535858699603
14385.0,11.273271194771205,368.0167060036399,14.553465214859878
14386.0,11.380343616864414,368.0135119101347,14.55334467138309
14387.0,11.329011201381762,368.0102874794433,14.553224239541182
14388.0,10.795846754285263,368.00707759293624,14.553103919345387
14389.0,12.117203308528534,368.00401876968914,14.552983710806933
14390.0,10.997841858417853,368.00058556208506,14.55286361393703
14391.0,12.338312230342424,367.9974695068919,14.552743628746885
14392.0,11.581849994158926,367.99397365176,14.552623755247692
14393.0,10.227856990878221,367.9906921275949,14.55250399345063
14394.0,11.49908591913278,367.98779423478084,14.552384343366874
14395.0,11.28867905734206,367.9845361604371,14.552264805007589
14396.0,12.209014344840698,367.9813377013708,14.55214537838392
14397.0,12.410285889332295,367.9778784806398,14.552026063507013
14398.0,10.76770979393907,367.97436223297115,14.551906860387994
14399.0,10.951588581796566,367.9713113818629,14.55178776903799
14400.0,11.648711189552989,367.96820843176465,14.551668789468106
