t_s,load_cell_weight_g,true_weight_g,true_flow_ml_per_hr
0.0,539.987816298282,540.5,100.20169368392203
1.0,540.7210644833824,540.471860024357,99.18887719879696
2.0,540.6597792015199,540.4440044813438,101.09159929318098
3.0,541.0087184994521,540.4156145905422,97.69234807973022
4.0,541.3495896818117,540.3881793227898,97.77402288687918
5.0,540.5202314267632,540.360721118029,100.3087756470028
6.0,539.8653339552588,540.3325510702016,100.65579168492376
7.0,540.2283469830974,540.3042835687033,101.30094998795637
8.0,540.4171800984303,540.2758348852484,100.54907920447475
9.0,539.755639036816,540.2475973521719,100.50829894086311
10.0,540.5829639099927,540.2193712715526,99.04921436828936
11.0,540.3622212632743,540.1915549505175,99.90807296989824
12.0,539.7465655408129,540.1634974333584,98.85682655750159
13.0,540.5169124699503,540.1357351412336,100.21755810339353
14.0,540.6219481147094,540.1075907103329,98.5702244213048
15.0,540.1056147174977,540.0799089056412,100.7796404228422
16.0,539.4127757111144,540.0516066232892,99.30992918164682
17.0,540.166458798101,540.0237170848441,99.467986949547
18.0,537.2495701356553,539.995783158509,99.87387450051388
19.0,540.2517028777802,539.96773524542,98.28950081995153
20.0,539.714565613017,539.9401322772732,100.19617654406154
21.0,539.4970043587651,539.9119938510271,98.5449031910041
22.0,540.0358826066023,539.8843191573809,100.77718797266392
23.0,539.9920173257706,539.8560175637585,100.8657903163621
24.0,540.0359794781127,539.8276910876447,98.22693318783357
25.0,540.078639134686,539.8001056905745,100.92311431596394
26.0,540.353591121757,539.7717631159708,99.64294384110097
27.0,539.7340932167532,539.7437800559087,97.79955767733608
28.0,539.7279538858481,539.7163146801277,99.7885635010216
29.0,539.9210638796834,539.6882907252111,100.6615357553761
30.0,539.7322463384837,539.6600216105865,100.57814488037789
31.0,540.0439734602891,539.6317759148992,100.32538068792704
32.0,539.7753927789194,539.6036012038227,98.92374867438693
33.0,539.4668688984932,539.5758201177366,99.60932791573696
34.0,539.0770530326943,539.547846498147,99.16139156220795
35.0,539.1471405697567,539.5199986740165,100.4304770072999
36.0,539.2566198243592,539.4917944483904,99.24387984848757
37.0,539.7197434562521,539.4639234587996,100.17938092897992
38.0,539.8466108372849,539.4357897493221,98.56364051542131
39.0,539.9111932787747,539.4081097936106,99.95732445591412
40.0,539.2398086500054,539.3800384449926,100.2687512954277
41.0,539.0307659178736,539.3518796373371,100.15970730458196
42.0,539.1813876819003,539.323751452869,99.34772611455509
43.0,539.3980508541507,539.2958512997852,100.21815230340981
44.0,538.8432959013659,539.2677067020134,97.99182505332861
45.0,539.1946981867462,539.2401873311442,100.20626813565116
46.0,539.1028683932988,539.2120460708428,100.43615551407414
47.0,539.5904041940437,539.1838402505026,99.9114778129904
48.0,538.6893219687342,539.1557817771502,98.78566379618516
49.0,539.2366728974505,539.1280394699006,100.1581690793908
50.0,540.0897883779512,539.0999117174175,100.11076105602746
51.0,538.8536091973684,539.0717972786877,100.21490817401308
52.0,538.767727803501,539.0436535919755,100.03576711329006
53.0,538.853581978933,539.0155602140444,100.79150489841074
54.0,538.9306677592854,538.9872545997522,100.45573090326087
55.0,539.4900845983402,538.9590432819901,99.29679513493872
56.0,538.9656378913326,538.9311574320232,99.17453156349114
57.0,538.9487357512754,538.9033059177423,100.1490606763591
58.0,537.7134013162164,538.8751807232024,99.20624709800005
59.0,538.0734376061749,538.8473203021424,100.02632596387633
60.0,538.1261776403154,538.8192295756008,98.05910955049458
61.0,538.5460227544204,538.7916913090021,98.83916444241099
62.0,538.4879221586864,538.7639339769878,100.28739261433498
63.0,538.1994846234063,538.7357699342286,100.31666514291038
64.0,539.3636037406862,538.7075976707677,97.86932769467465
65.0,538.6957159679553,538.6801127012401,99.77856275085773
66.0,538.3701373335058,538.6520915548675,100.24845868324961
67.0,538.6220509669702,538.623938446054,99.81195512901722
68.0,539.1562929746684,538.5959079219886,99.5935247800073
69.0,537.4256873249625,538.5679387404463,101.76481835912153
70.0,538.332564033748,538.5393597872903,101.53946101767662
71.0,538.8458265126812,538.5108441219879,100.1912244199273
72.0,538.5589221903011,538.4827070864633,98.19929302999144
73.0,539.1167636719455,538.4551294516707,98.76641128842847
74.0,538.4204580317096,538.4273925511673,102.10363582207681
75.0,538.2037175177336,538.3987184467738,100.34935882763385
76.0,538.2761914136969,538.3705370018365,101.05511682585765
77.0,537.9739585680852,538.3421573565279,100.42380186713079
78.0,538.7482346361942,538.3139550055034,99.51410203601934
79.0,538.0669477060976,538.286008128515,98.72650216409902
80.0,537.8049846785119,538.258282435824,100.08785367388292
81.0,538.2533499011871,538.2301744302506,101.5652821991717
82.0,537.8671486565073,538.2016515134997,99.02609040155451
83.0,537.9949996029256,538.1738416864451,99.42604159969342
84.0,538.5458843667852,538.1459195397626,99.77035134451766
85.0,538.3796358574301,538.1179006994266,100.13430424887356
86.0,538.6233224716535,538.0897796489835,100.64886039010031
87.0,537.9526840613408,538.0615140940239,100.0900585016796
88.0,537.9697264039221,538.0334054692613,101.54815991080368
89.0,537.7906151154084,538.0048873610197,99.69248444772785
90.0,536.906904428846,537.9768903883039,101.83103304389984
91.0,538.034906527513,537.9482928398575,100.02043083384932
92.0,538.403687130774,537.920203768865,100.38559715938817
93.0,537.78012154114,537.892012146996,100.98928549963215
94.0,537.6170841249037,537.8636509893183,101.66297218939319
95.0,538.2015053269554,537.8351006379617,100.57534506434281
96.0,538.3334865622018,537.8068557285561,98.5115808053901
97.0,537.5604817753175,537.7791903929467,99.37392932030603
98.0,537.53881085165,537.7512828811292,99.10108906603186
99.0,537.3140944003394,537.7234519919498,100.35583624799231
100.0,538.2622885979982,537.6952687279368,99.28316982641343
101.0,537.8857319638303,537.6673867044105,100.19686591131932
102.0,537.554327218477,537.6392480845672,101.01948127670441
103.0,538.4490016447451,537.6108784469086,100.7262125364903
104.0,537.9851961399706,537.582591168888,99.38365760938112
105.0,537.6408699913295,537.5546809250427,100.0193969252888
106.0,537.227811555208,537.5265921444061,99.24936573311281
107.0,536.9577460266906,537.498719614196,99.46827221767364
108.0,537.1953889111186,537.4707856077482,100.39258597415045
109.0,537.5658263218656,537.4425920231872,100.11479810960861
110.0,536.7103071418014,537.4144764507181,99.62457366993522
111.0,537.5003676208039,537.3864985496125,97.49378289043456
112.0,537.4368268204771,537.3591190455841,102.49534932602884
113.0,537.4541037515096,537.3303349349817,99.7811027075324
114.0,537.7454444350145,537.3023130753046,100.69143996026204
115.0,537.554203022821,537.2740355625824,100.64209018756156
116.0,536.7741797205939,537.2457719089214,101.30024512922226
117.0,537.0604060604109,537.2173234234143,100.51274396052145
118.0,537.5316728665902,537.1890960944854,100.44564510112131
119.0,537.4160801613469,537.1608876091528,98.25159620743794
120.0,537.1227641717122,537.1332952858845,101.91970242530743
121.0,537.651755404124,537.1046728361202,98.85525631084668
122.0,536.6612895888491,537.0769109849728,100.09930910777199
123.0,536.807810523369,537.0487997623318,101.25337291695357
124.0,536.6418355865999,537.0203644401042,100.96573140446606
125.0,537.9256807850551,536.9920098972016,99.10903005862838
126.0,537.0946363493956,536.9641767779267,99.23182434339114
127.0,536.592347870859,536.9363091739235,100.5640862538515
128.0,536.2821206848956,536.9080674263673,99.71447306608546
129.0,536.6581391089073,536.8800642785145,99.06329024564826
130.0,537.6385982349582,536.852244004504,97.95397205075979
131.0,537.048150681232,536.8247352640196,98.51630361974195
132.0,537.0322479229436,536.7970686020865,100.57137727362803
133.0,537.0943158683216,536.7688248069687,99.28211885571822
134.0,536.8974053240687,536.7409430785901,98.76945237319696
135.0,536.5509043260079,536.7132053240487,101.03443638026525
136.0,536.8028754031266,536.6848314864985,100.62535249264556
137.0,536.962919587376,536.6565725333402,98.75765471406866
138.0,536.0473208515021,536.6288380919746,101.49165848374426
139.0,536.1174947675748,536.6003358512171,99.8243640818606
140.0,536.4259973922659,536.5723018423041,98.72674489383641
141.0,536.3100223226339,536.5445760814464,97.6249592635329
142.0,536.0262453294472,536.51715973872,100.68759114829328
143.0,537.3627711205226,536.4888833068725,100.04381955789657
144.0,537.082592783463,536.4607876675466,100.13648860504914
145.0,536.1265016490377,536.4326660036634,99.13798852747804
146.0,536.3908190451056,536.4048247518853,100.55442956028432
147.0,536.3562677720269,536.3765857162504,100.29098228527627
148.0,536.2183546703728,536.3484206653919,99.6120426755182
149.0,536.194013195556,536.3204462834073,100.17635244945339
150.0,535.3457296923884,536.2923134244277,100.72281462515343
151.0,536.547958608697,536.2640271006537,98.6433824832871
152.0,535.7180659391653,536.2363247507396,100.49297410886977
153.0,535.1976798102505,536.2081029738441,100.2260192553155
154.0,535.6329010683224,536.1799561667699,98.00981568905027
155.0,536.1580251756835,536.1524317435305,101.07892854373365
156.0,536.3389300436396,536.124045411098,98.63888484573518
157.0,536.8013787465125,536.0963443242704,100.29661954269713
158.0,536.6399958479215,536.0681776902823,99.09010314587675
159.0,535.8845199577013,536.0403498863154,101.5133032530523
160.0,535.8966464360057,536.0118415669851,100.22595600554754
161.0,536.175271760175,535.9836947776736,100.45246655257507
162.0,536.4795505938573,535.95548437665,99.9687491722139
163.0,536.0652029331761,535.9274098195908,101.45232233605938
164.0,536.0417058254004,535.8989186257348,99.56574513552322
165.0,535.4305467770059,535.8709572456426,99.38423623359006
166.0,535.8812554095507,535.8430468393003,99.61563551694725
167.0,536.1114320361417,535.815071448326,99.37539911842383
168.0,535.6782740831183,535.7871635237402,100.13263187985787
169.0,535.5829478942385,535.759042942954,100.99816337875099
170.0,536.4076509587824,535.7306792920717,98.55156465765955
171.0,535.9566991414964,535.7030027276637,99.68202004668534
172.0,535.2737697621951,535.6750086937006,98.7944703411465
173.0,535.8316476981577,535.6472639132799,99.45361402733646
174.0,535.3358670930572,535.6193340233405,100.96319208548698
175.0,535.1835853745565,535.5909801935632,98.51392661177512
176.0,535.0818729038474,535.563314199173,101.63937962157105
177.0,534.9384637319853,535.5347704733958,100.24549998484201
178.0,535.4447073536377,535.5066181954835,100.27619278860587
179.0,535.7000378561098,535.4784572980087,100.47902252485422
180.0,534.994622138846,535.450239439183,100.60340993940072
181.0,534.7350897132835,535.421986648225,99.40366611127848
182.0,535.9835410437881,535.3940707853254,99.73193428626934
183.0,535.1075490199995,535.36606273378,99.75923991983025
184.0,535.538945445487,535.3380470139025,99.40455635304781
185.0,535.3693392221822,535.3101309009934,99.73932581018278
186.0,535.1011673601876,535.2821207736617,99.67495567858487
187.0,535.5061571201582,535.2541287236086,101.01280360827548
188.0,535.0595760875449,535.225760961262,99.68735318888301
189.0,535.9972766835575,535.1977654295747,100.12234140013744
190.0,534.9571718021475,535.1696477386982,99.57164431235238
191.0,535.4739449394751,535.1416847019204,99.06920358214491
192.0,534.7993738718964,535.1138627672478,100.40581535216747
193.0,535.3331223360856,535.0856654674365,100.7787561028134
194.0,535.477718435718,535.057363433431,101.65164678882076
195.0,534.7714344722705,535.0288162626243,100.89322994361957
196.0,534.3311926284787,535.0004820805486,100.2359187151405
197.0,534.3184858628377,534.972332493376,100.29956285101439
198.0,534.5384442032316,534.9441650328088,99.6400453096671
199.0,534.5798199090974,534.9161827867509,100.63633797366619
200.0,535.3101387036522,534.8879207485033,99.5540204551784
201.0,534.6182594989799,534.8599626610921,101.2752757295166
202.0,535.0639349033536,534.8315211878248,100.05166027229689
203.0,535.0920236642578,534.8034233465651,99.10284322360351
204.0,535.2517929881432,534.7755919647598,98.35146725312343
205.0,533.8775449007612,534.7479715943728,100.83856525162757
206.0,535.0810376409572,534.7196527639646,100.03401546405246
207.0,534.2249812792384,534.6915598779551,98.86625130191298
208.0,534.879921587897,534.6637949390479,100.77804731319333
209.0,535.0212546455264,534.635493104094,98.84988044257446
210.0,534.379086901876,534.6077327626697,101.09951755290622
211.0,534.6550115070409,534.579340648157,99.61133408947411
212.0,533.702836588475,534.5513664651669,98.94224032310697
213.0,534.684498880458,534.5235801860094,100.7167169969186
214.0,534.3174963752747,534.4952955746528,100.19443029033258
215.0,534.3767507956079,534.467157638813,98.71106759550378
216.0,534.7414346058164,534.4394362806631,100.81026592160337
217.0,534.7964984174919,534.4111253976503,100.25813132607134
218.0,534.7415017192196,534.3829695724362,101.47714347131847
219.0,534.5894007627703,534.3544714079779,100.11144986369311
220.0,535.0513014839588,534.3263567758079,100.50912273672482
221.0,534.8050093211691,534.2981304638392,101.2744402269532
222.0,533.5774730067525,534.2696892252089,100.88718517356311
223.0,533.907039785752,534.241356740706,101.08982817728054
224.0,534.2614623931944,534.2129673472929,99.76745866979918
225.0,534.1639307213773,534.1849493193165,100.5098710375815
226.0,534.5948297346598,534.1567227972,98.67927901062576
227.0,534.535595265681,534.1290103663446,98.3430563997032
228.0,533.9836233370522,534.1013923580057,99.89370113109574
229.0,533.871271355619,534.073338876938,100.95632697189909
230.0,533.8307654295957,534.0449869751135,98.33649624241188
231.0,534.24841604186,534.0173708090854,100.32723298840557
232.0,534.5167383888896,533.9891955778212,99.19485660275383
233.0,534.2247724557433,533.9613383555918,98.3824838851552
234.0,534.0013677774067,533.9337092747007,100.87576876274471
235.0,534.0216102615232,533.9053799963066,99.84309874343012
236.0,533.9238013392262,533.8773407260761,101.39503679977668
237.0,533.4801586676742,533.8488656199081,100.60390162354521
238.0,534.1202629314769,533.8206126908689,99.22932231960452
239.0,533.3183589985051,533.7927457895175,101.49802631369597
240.0,533.272107371391,533.764241760461,101.91942009495789
241.0,533.7324694959007,533.7356193899843,100.3455015991159
242.0,533.7780890867494,533.7074390282853,98.73513142187355
243.0,533.7300622664106,533.679710912211,101.69638379500849
244.0,533.5821464764418,533.6511511777619,99.55738696600753
245.0,533.5686393360332,533.6231921449223,100.57597049721838
246.0,533.9970741293208,533.5949470598744,98.58643589007208
247.0,533.5803637005392,533.5672607024618,99.87575577177518
248.0,533.4163321683346,533.5392122610492,101.29534286839201
249.0,534.1135213077014,533.5107651522603,99.03532929931441
250.0,534.3554749307755,533.4829527306155,101.09386522699025
251.0,533.6872575089915,533.4545622034642,101.73885478482737
252.0,533.7279383214138,533.4259905417455,99.99974253235088
253.0,534.2369685688537,533.3979072807176,99.72305621454124
254.0,533.3554989478021,533.3699017224308,99.44722933726877
255.0,533.214508546579,533.3419736255253,98.70636642090798
256.0,533.5634594272094,533.314253587622,100.37019705099335
257.0,533.6513416371657,533.2860662906169,101.25473513515128
258.0,533.659520582737,533.2576305858331,100.52716064566552
259.0,533.6019984804784,533.2293992082184,99.6467354393825
260.0,533.5169251321759,533.2014150833492,99.94662239112752
261.0,533.3236323672585,533.1733467402277,99.50961435075553
262.0,533.3258553036237,533.1454011235307,98.96630068452085
263.0,533.2071102104763,533.1176080874219,100.10808048369621
264.0,532.8907716357093,533.089494401486,100.75153441162841
265.0,532.7688199010852,533.0612000122388,101.23395894086178
266.0,532.5519718072976,533.0327701421029,98.20071049491713
267.0,532.8099470244389,533.0051921092389,100.36722018518097
268.0,532.8301978669202,532.9770056482369,98.51662599549098
269.0,533.0261659358066,532.9493388957699,101.09845948334738
270.0,533.5605304222514,532.9209470783983,99.88003661483653
271.0,533.3524645410184,532.8928974347823,98.63708161776044
272.0,533.0144905793692,532.8651968543613,100.9302324931689
273.0,533.0633417504313,532.8368522807361,98.4708990508575
274.0,533.2615051742656,532.8091983699194,99.08648191356382
275.0,532.9504887857835,532.7813715829152,98.7273908315388
276.0,532.9486477532188,532.7536456406567,100.34226839854594
277.0,532.2688313164732,532.7254661869481,100.01850947880229
278.0,532.6068459555734,532.6973776555362,99.90978221926474
279.0,533.5009228490429,532.669319658363,98.21579585126528
280.0,533.0693288127125,532.6417373890281,101.64807965229649
281.0,532.7893743355243,532.6131912199924,100.46499164630411
282.0,533.2495079665043,532.5849773015051,100.36770337481319
283.0,532.9133643873495,532.5567907048073,100.45227963574172
284.0,532.712221512289,532.5285803562763,98.87367506876336
285.0,533.0346871139521,532.5008133325277,99.99176781684953
286.0,532.9179028170867,532.4727323110658,100.47016461267121
287.0,532.592567692192,532.4445169398372,101.63169046305939
288.0,531.8507794983492,532.415975373432,99.10910703118253
289.0,532.5921223312171,532.3881422325408,100.901460455521
290.0,532.17591601007,532.359805739063,100.01772640369238
291.0,532.2265778234879,532.3317174275646,101.37549542826261
292.0,532.9571530728244,532.303247809265,101.08064329466487
293.0,531.7436521367496,532.2748609952732,102.16107264144651
294.0,532.3235471208783,532.2461707607065,100.71624825188897
295.0,532.2944740266115,532.217886280989,99.49286331508274
296.0,532.4898949147029,532.1899453685414,100.29039051456576
297.0,531.6543566047603,532.1617804838718,100.23635916966516
298.0,532.1704830733659,532.133630773005,100.25345535748048
299.0,531.8199388685476,532.1054762609588,98.8830338784313
300.0,531.8359445421632,532.0777066089446,101.20052791824064
301.0,531.2029872999628,532.0492861273542,100.41401438608919
302.0,532.1039120545655,532.0210865249808,101.12521501942616
303.0,532.3731107148169,531.9926871937628,100.54422198900122
304.0,532.1039600084405,531.9644510247542,101.5965028230911
305.0,531.8580366708808,531.9359193402115,100.54015933651146
306.0,532.8142468297174,531.9076843121311,99.20993166741889
307.0,531.5576757603299,531.8798228563212,101.32440036136887
308.0,532.1112160010886,531.8513675872197,99.954057606031
309.0,531.9681787498056,531.823297156042,99.4408757167346
310.0,532.2791195003241,531.7953708434449,100.56846626638
311.0,532.1692298350989,531.767127865835,99.29668226810132
312.0,531.635485098561,531.7392420475647,101.6583508907373
313.0,531.9263221388331,531.710692994023,100.83880519253748
314.0,531.5607475247735,531.6823740962313,98.67163993669811
315.0,531.7157777847275,531.6546638106825,99.79312838531217
316.0,531.4846632158075,531.6266385737943,100.26087237293258
317.0,531.8088522758428,531.598481978803,99.83118025031905
318.0,531.573568528721,531.5704460556826,100.50746163731324
319.0,531.4457269232237,531.5422202102061,99.32228058922045
320.0,530.7720355178748,531.5143272030739,99.37824140218599
321.0,530.8110490569643,531.4864184802802,100.06109631982049
322.0,531.7558876790622,531.4583179890637,99.67588364922956
323.0,531.0789126649461,531.4303256784056,100.40641415782736
324.0,531.5950358838177,531.4021282104295,99.80469789346442
325.0,531.5210290993514,531.3740997244379,99.53651192584393
326.0,531.3008100748345,531.3461465540054,101.59811891654724
327.0,530.9094347190069,531.3176144156096,99.6148312300915
328.0,531.4302431621683,531.2896392505058,98.60570692693906
329.0,531.5022192728541,531.2619474811438,101.68450486450705
330.0,531.6961556464221,531.2333910826944,99.87855594348542
331.0,531.054915171165,531.2053418549003,98.64327030876132
332.0,531.0708686318835,531.1776395364885,97.68754195680572
333.0,530.5277330806133,531.1502056184556,99.14560811502209
334.0,530.8803781472233,531.1223622268434,100.08540418720796
335.0,531.2466295514395,531.0942549091674,99.01615384503627
336.0,531.2180092602694,531.0664478726294,99.4976899639058
337.0,531.4451000143251,531.0385056046978,98.48098242971477
338.0,531.9712276429029,531.0108488621321,100.19280290414189
339.0,531.8169377666991,530.9827113833164,101.3760291684958
340.0,531.2520118891628,530.954241615125,98.96071704971857
341.0,530.33297501261,530.9264501470869,98.33677128256056
342.0,530.8379353063586,530.8988339038183,99.46002060578475
343.0,530.6086772271856,530.8709022146983,99.5383853774394
344.0,530.6989862006513,530.8429485181381,99.09330945456622
345.0,530.990284156822,530.815119813733,100.03325100082165
346.0,531.0743092753198,530.7870271424101,101.28673271596828
347.0,530.696496637345,530.7585824516391,100.7049398538859
348.0,531.0134105448643,530.7303011476968,100.20595355655792
349.0,530.4276377784238,530.7021599757397,100.83963925617637
350.0,530.7533739271745,530.6738408437152,100.23030047575664
351.0,530.8910389223945,530.6456928343316,100.68133988136644
352.0,530.9818014360078,530.6174181580484,99.63283891332844
353.0,530.4616748934594,530.5894379357868,101.5858202703149
354.0,530.3820934009105,530.5609092512609,99.13679730454233
355.0,531.0136774309223,530.5330683340178,100.83830082292835
356.0,530.3963270800128,530.5047495778701,98.215164019573
357.0,531.1248516272967,530.4771674859746,98.93190621757118
358.0,530.6057361695538,530.4493841089785,99.12868395684279
359.0,531.0754527873219,530.4215454702339,100.58207351643631
360.0,530.2040372831183,530.3932986712548,99.0785702103021
361.0,530.1767328976957,530.3654741061207,99.40560306689558
362.0,530.4032248662148,530.3375576992594,100.03371581251011
363.0,530.0263230381702,530.309464897402,99.78461835959425
364.0,529.4473132754263,530.2814420504128,100.21853967492328
365.0,530.4219226264065,530.253297343854,98.72433706728785
366.0,529.7531157028832,530.2255722591942,99.45479888584856
367.0,529.9975550104359,530.1976420365072,100.81730831062737
368.0,530.6829655585789,530.1693291757566,101.03430613555237
369.0,530.2547720578633,530.1409553747835,99.24615077133434
370.0,529.7803681048607,530.1130837474419,101.06819237593633
371.0,529.6654567224784,530.0847004300831,100.7325034528512
372.0,530.2485023557257,530.0564113853634,100.67559835351591
373.0,529.7750376465353,530.0281383214924,101.9334259733122
374.0,529.7544427211835,529.9995120176982,99.07278289068053
375.0,530.0129308817596,529.9716890778365,100.03801139776509
376.0,530.5735822492377,529.9435950696356,99.00503670749507
377.0,530.2452889591028,529.9157911551602,99.50319546499244
378.0,529.4912709449183,529.8878473411005,99.37291227861525
379.0,529.0244594683307,529.8599401149022,98.64342924877124
380.0,530.2877464180405,529.8322377518548,99.83781826073222
381.0,529.9037394043543,529.80419996456,98.43987128015137
382.0,530.3981988868325,529.7765547673755,101.21893989893235
383.0,529.8935974147971,529.7481291150872,100.5262605786725
384.0,529.7014336506359,529.7198979902413,101.12763627964486
385.0,529.7524875917937,529.6914979790528,99.70467875291297
386.0,529.7019563490568,529.6634975817697,100.59440353477125
387.0,529.3409975613666,529.6352473201104,98.69532134020642
388.0,529.7151233993062,529.6075303840339,98.94999520054455
389.0,528.2727784074456,529.5797419270484,100.79386471155412
390.0,529.7235270881268,529.551435650042,100.74938182873211
391.0,523.3844968733686,529.5231418653118,99.36125438420589
392.0,528.9814015745897,529.4952379130389,100.09621615994382
393.0,529.6760464390183,529.4671275590006,100.39954593350532
394.0,529.8454384082742,529.4389320198509,99.99986633033544
395.0,528.7371178618266,529.4108487240565,99.41271213456939
396.0,530.3321114869387,529.382930320732,100.72949250891742
397.0,529.3709122911789,529.3546421215858,100.20752198291105
398.0,529.2890960459694,529.3265005091623,100.30409030263101
399.0,529.4861790584216,529.2983317771357,101.01103699264169
400.0,529.9424826739695,529.2699645109135,98.29662110742015
401.0,528.7455026682729,529.2423595431526,100.96347969189848
402.0,529.3769392431701,529.2140056326057,99.80894265393538
403.0,529.1416027290169,529.1859759545437,100.9558531745365
404.0,528.9104894817197,529.1576241857772,100.12032370320934
405.0,529.1416757886426,529.1295070615372,99.09309091086716
406.0,528.3229278354611,529.1016784185064,100.50545418886402
407.0,529.6760865374001,529.0734531367883,101.22375905445297
408.0,529.4068524805256,529.0450261311205,97.88215936025917
409.0,528.4049963304802,529.0175375580336,100.6842346767951
410.0,528.8346801125547,528.9892620687951,99.00678202306601
411.0,529.798316170811,528.961457664177,99.25306048001913
412.0,528.6767846472621,528.9335840963589,100.88266900072499
413.0,528.4957180067844,528.9052528801478,101.3191614346284
414.0,528.7182872588425,528.8767990823117,100.31209310989684
415.0,528.8394171515768,528.8486281028299,100.08977609894959
416.0,529.1250125944405,528.8205195573755,99.07375777080634
417.0,528.1753334507173,528.7926963437349,99.8112202916603
418.0,529.458558912403,528.7646660260363,100.40726486248582
419.0,528.4732855618549,528.736468319154,99.54340524233083
420.0,528.8948278648879,528.7085132128485,99.84224838388076
421.0,528.7746732074121,528.6804741814274,101.28046144768764
422.0,528.2976880202315,528.6520312518375,100.36588256752448
423.0,528.581319233397,528.6238451664831,101.0581170175318
424.0,529.3278411922525,528.5954646786206,98.5076719745963
425.0,529.0148669412285,528.5678004407412,100.48162983258855
426.0,527.9534688087691,528.5395818496966,100.82578845256572
427.0,528.2598396853396,528.5112666074394,99.67940085260253
428.0,528.3818902728515,528.4832733090333,100.52731744080496
429.0,528.4956260521776,528.4550418873853,101.07757625952038
430.0,528.4636416206779,528.4266559347191,100.70721317025577
431.0,528.1148018270999,528.3983739923538,99.27721320430791
432.0,528.2067847578365,528.3704936416456,101.22847463819076
433.0,527.3055379562397,528.3420653116848,99.56821349328435
434.0,533.3021912208247,528.3141032383953,101.9763326361692
435.0,526.2569029521012,528.28546488498,98.46188918038631
436.0,528.4503460374101,528.2578135044353,99.27205108387896
437.0,527.7298243588143,528.2299346034224,98.50050576082032
438.0,527.8178212983488,528.2022723780547,100.10617854271389
439.0,528.4478376330684,528.1741592262472,99.16146667727928
440.0,528.3051344278261,528.146311381022,100.04075904034691
441.0,528.2169334828599,528.1182166011915,101.01803084752561
442.0,528.7296753462083,528.0898473708619,99.13452751897957
443.0,527.80125792121,528.0620070910502,101.38278139269916
444.0,528.205726772929,528.0335354266091,99.50540961423211
445.0,527.90289927116,528.0055909907425,98.78395774997001
446.0,528.2352776836229,527.9778491626078,100.35001436627088
447.0,527.1097348700762,527.9496675335731,100.96876032445189
448.0,527.6408999782326,527.9213121400487,99.55765451521934
449.0,528.4527975845185,527.8933530320724,100.00523258372239
450.0,527.9924942773674,527.865268229255,100.3676751221422
451.0,527.9187166553738,527.8370816404916,97.71019299876468
452.0,527.7257518233839,527.8096413612911,101.17217844215322
453.0,528.829709393407,527.7812288411786,99.5878458372357
454.0,527.5317008808148,527.7532612544726,100.77203800408631
455.0,528.0601379226919,527.7249611071331,99.35209759903421
456.0,527.8527726927077,527.6970597263908,99.45332058931712
457.0,528.1477122345757,527.6691299188586,98.99166131685755
458.0,527.6192354474645,527.6413297606389,100.58865462401931
459.0,527.9842061904001,527.6130811134652,99.26184201312644
460.0,527.9916268467035,527.5852050794999,99.93517038106745
461.0,527.2127678795152,527.5571399524845,102.24884310775302
462.0,527.0825959234115,527.5284250690452,100.81347381998947
463.0,527.6354977501785,527.5001132851473,99.8682371409109
464.0,527.2097270853799,527.4720669552169,100.11723683705763
465.0,527.4384712392366,527.4439506978719,99.44456133522594
466.0,527.2847651392711,527.4160233502303,101.35229591436611
467.0,527.9244441537163,527.3875602471276,98.745233734228
468.0,526.882586929038,527.3598292939872,98.09299696935688
469.0,527.3433218661434,527.3322815106717,102.21732488960028
470.0,527.5371795448069,527.3035754785985,98.98545995983783
471.0,527.6683716970516,527.2757770619264,100.29244474217133
472.0,526.705288949013,527.2476116003613,100.73204917131385
473.0,527.4958484256334,527.2193226832192,99.27112455676634
474.0,527.6603232678842,527.191444042406,99.63904477003237
475.0,527.2650604548419,527.1634620773332,100.19024582537102
476.0,527.2042222580654,527.1353253166305,100.72494427607916
477.0,527.1680797878088,527.1070383947797,100.81525121555984
478.0,526.5859776367698,527.07872611173,100.24151913496044
479.0,526.5241337340437,527.0505749517729,98.59452400647764
480.0,526.8598122782021,527.0228863229477,99.05646222840245
481.0,526.8075717822262,526.9950679664719,100.79492939594489
482.0,526.8374070793374,526.9667613904666,100.51790629577697
483.0,527.6749076796806,526.9385326117817,100.92573696701113
484.0,526.6082396500528,526.9101893006502,99.38717528040237
485.0,527.732988866498,526.8822780689256,99.03412759860562
486.0,526.0509207794103,526.8544659847583,100.24052189525376
487.0,527.161732673605,526.8263151048595,100.24307198319786
488.0,526.9331998856796,526.7981635088108,100.69928749448577
489.0,526.4585094957522,526.7698837922395,98.29122372552024
490.0,526.6191848299495,526.7422803402433,101.7625893140816
491.0,527.3328541910936,526.7137020130775,99.68006281557194
492.0,525.8865968674733,526.6857085287702,99.13669377495921
493.0,525.9526319596606,526.6578676406017,99.7098817978253
494.0,526.4927859302933,526.6298657821301,98.66468185509845
495.0,526.53286694112,526.6021574506425,98.19377633733042
496.0,526.8929984580762,526.574581365121,101.50870814676203
497.0,526.6725477973322,526.5460743362498,99.40086203725363
498.0,526.7025093269373,526.5181592608277,99.73954223847183
499.0,526.1467307735608,526.4901490727158,100.74522574960082
500.0,526.5337060604035,526.4618564551511,99.41477636728229
501.0,526.5352878621438,526.4339374721213,99.77038568683942
502.0,526.3476507664727,526.4059186221409,102.32338580196918
503.0,526.5030381924336,526.3771828046281,100.80180066071598
504.0,525.9409352139851,526.3488742989426,100.46281696907369
505.0,526.7927870428813,526.3206609911772,98.16785145223422
506.0,526.3108201400383,526.2930921862277,100.32485329740365
507.0,526.8309790638568,526.26491762326,99.51730904203723
508.0,526.5131936895745,526.2369698456373,99.78025860901008
509.0,525.6641140054038,526.2089482230112,101.44560476010089
510.0,526.5552791881222,526.1804589156745,99.94857841054348
511.0,526.0360698020386,526.1523900232376,99.37138858503688
512.0,526.3708249213919,526.1244832249432,101.38084132644298
513.0,526.1578249467606,526.0960121053374,99.32109351369867
514.0,526.4285872496627,526.0681194315757,100.12240849788199
515.0,525.3132122592676,526.0400017218558,99.80129615807655
516.0,526.2015498572434,526.0119741911847,100.10027724881604
517.0,526.0190141223087,525.9838626966573,99.77590414285244
518.0,525.980794196886,525.9558422969105,100.06857193358897
519.0,525.6188578329305,525.9277397062926,100.41629083441111
520.0,525.6074402565607,525.8995394646165,97.77546528440189
521.0,526.0812021374178,525.8720808547826,101.3461866486154
522.0,525.4953843079943,525.8436194673654,100.91274624888028
523.0,525.1643979923896,525.8152798044605,100.63915789116808
524.0,526.2498891474588,525.787016974286,99.13473057655973
525.0,525.6184485676738,525.7591766374492,98.29342389446713
526.0,525.0665049007602,525.7315725675721,99.77196543580523
527.0,525.2753439149795,525.7035532739455,100.64318129762098
528.0,524.9088058299681,525.6752893138645,99.03127562669809
529.0,525.722916735001,525.647478030626,99.45882210481966
530.0,526.0629770176628,525.6195466780848,98.8233173703068
531.0,521.3029091652481,525.5917937964567,98.80980828853951
532.0,525.4538571549666,525.564044708629,99.78011207941317
533.0,526.0290310425295,525.5360231271534,99.4135301403621
534.0,524.6125130594575,525.5081044941056,100.505291521186
535.0,524.9885309983116,525.47987925807,98.844317524214
536.0,525.4999508028219,525.4521204788987,102.23760871185848
537.0,525.3187882880559,525.4234087504522,100.71023316617648
538.0,525.3793570726917,525.3951259599712,100.84646920714084
539.0,525.1199943907092,525.366804909869,101.6395946404609
540.0,525.6903214714335,525.3382611237075,100.12609747877121
541.0,525.4120376267921,525.3101423779988,100.54755467155672
542.0,526.2062428557696,525.281905273062,99.445085643382
543.0,524.867737289341,525.253977778177,100.74168383193178
544.0,525.5462906155088,525.2256861553009,100.09819739505326
545.0,525.2367400756725,525.1975752448658,101.6246436922062
546.0,525.6457757843915,525.1690356574288,98.58750112319505
547.0,525.7338487466574,525.1413490008636,100.80049174199746
548.0,524.9434239623653,525.113040862766,99.63927179722948
549.0,525.3214588857591,525.0850588339362,98.86943646802743
550.0,525.0123709553401,525.057293000528,99.93357587479632
551.0,525.7430045027364,525.0292283213032,99.82717045599891
552.0,524.1015656532735,525.0011935242669,100.58395187816568
553.0,524.9367195007915,524.9729461977811,100.37872657416041
554.0,525.02189473284,524.9447565054015,100.60954284348503
555.0,524.8823563690776,524.9165019921196,100.78087402232092
556.0,524.7782906047706,524.8881993633318,99.06493785384406
557.0,524.5246143418248,524.8603786266177,100.19061252509574
558.0,525.0967691985021,524.8322417629336,99.31998564676306
559.0,524.8811575066403,524.8043494002977,100.81746538014785
560.0,524.1886965948585,524.7760364954369,100.23602417543974
561.0,524.6761741589934,524.7478868786476,99.36291832251733
562.0,524.664479136285,524.7199824590854,99.9271320375467
563.0,524.6008128117885,524.6919195895048,101.32773826535626
564.0,524.1284016680399,524.6634633830087,99.006200909663
565.0,525.4000614652148,524.6356591415865,100.49256400986286
566.0,525.2582172475907,524.6074374798604,100.12827647118849
567.0,525.0041740707144,524.5793181222181,97.81563477019704
568.0,524.2671127967267,524.5518482314535,99.2901379694848
569.0,524.2021512946286,524.5239642510403,100.11806509773018
570.0,524.8130590513728,524.4958477610921,99.14466836253223
571.0,525.6248294661207,524.4680046333935,97.37332119600298
572.0,524.4839628998909,524.4406589590244,101.01792809013088
573.0,524.5076611462938,524.4122897575523,99.35165733128134
574.0,524.0753962930498,524.3843885004519,101.42250781747912
575.0,524.9592539974243,524.3559056795065,101.89099466456112
576.0,523.9148558071232,524.3272912918382,99.11698648204441
577.0,524.3861619457107,524.2994559381344,100.18265137017028
578.0,524.1678507915619,524.271321310208,101.82180959527926
579.0,524.3728291777244,524.2427263520133,100.69785839937468
580.0,524.287713984642,524.2144470367795,98.43314808387609
581.0,524.0977500391498,524.1868037276926,99.91910278109674
582.0,523.9761772964637,524.1587431129949,98.88718855966424
583.0,523.9499846935787,524.1309722942078,99.19252247265626
584.0,524.5800409662528,524.1031157274799,100.12010146648498
585.0,523.7092548798045,524.0749986656515,99.40399859819212
586.0,523.8906970269351,524.0470827093785,101.18912365959305
587.0,524.0285415099103,524.0186654304841,100.46781278752579
588.0,523.7767709882959,523.9904507197264,100.91539406829126
589.0,523.5899525374765,523.9621103132255,101.50316241747656
590.0,523.9966055416922,523.9336048417798,99.63504755071224
591.0,524.0877099700226,523.9056239992593,98.90235690497958
592.0,523.5999401833811,523.8778489206952,100.44004619359274
593.0,524.5879351025109,523.8496420077224,99.49837303867486
594.0,524.2423728781238,523.8216995479609,99.78097045599353
595.0,524.3388933049547,523.7936777254245,98.41319170132431
596.0,523.5260071079161,523.766040020755,97.60527817275798
597.0,524.1886479744721,523.7386292051348,99.3723296968503
598.0,524.1677586690946,523.7107221425449,99.32464903435302
599.0,523.826261029945,523.6828284702744,101.14419982710608
600.0,523.6760347086085,523.6544238074896,102.77715357054741
601.0,523.334805784184,523.625560556862,100.57275550601042
602.0,523.3236037568987,523.5973163746906,99.40680323730365
603.0,524.1505875503392,523.5693996307815,100.24390706716909
604.0,522.8476134925133,523.5412478002135,99.63553996981494
605.0,523.0631895412108,523.5132668194053,98.18521609781021
606.0,523.1492396693237,523.4856931378845,100.71690509486234
607.0,523.5512472996894,523.4574084737037,99.53164792110009
608.0,522.9593201133561,523.4294566692458,100.38093162075175
609.0,524.1693293194498,523.4012663576157,98.05752493785431
610.0,523.7871126480135,523.3737285360289,99.23504002593234
611.0,523.1622001456992,523.345860028955,98.00688139479549
612.0,523.140708206032,523.3183364297633,100.40067514457081
613.0,523.3941460067,523.2901405734935,98.88863118342537
614.0,522.8104344453369,523.2623693495696,99.92487097411357
615.0,522.8646753125296,523.234307114971,99.63765517799627
616.0,523.2202405009556,523.2063255401418,101.86025833178732
617.0,522.8069037324182,523.1777197842603,100.92096102166661
618.0,523.5149757729602,523.1493778143733,101.3955020223079
619.0,523.5224876602915,523.1209025775554,102.04301425990326
620.0,523.1186394006784,523.0922454977174,101.07710371387995
621.0,522.1131873550021,523.0638596777578,100.56680185844314
622.0,522.7396792011556,523.0356171675692,99.81065030608372
623.0,520.6541148948879,523.0075870099415,100.3018839140482
624.0,522.6121815734941,522.9794188975425,100.21663859619333
625.0,523.0214911045648,522.95127472487,99.16550041403801
626.0,523.4595492580398,522.923425746837,100.32039375929469
627.0,522.4769055708446,522.8952524362563,98.72771650932016
628.0,522.2964873473522,522.8675264025367,101.59270074815618
629.0,522.6831804558083,522.8389957857432,100.85785442711952
630.0,522.636571915096,522.8106715382916,100.26012823500659
631.0,523.1046940115035,522.7825151522788,99.70286604031466
632.0,522.939712567879,522.754515264066,101.32525321785779
633.0,522.1512981940535,522.7260597554539,99.76218502930023
634.0,522.6851169732311,522.6980432084915,99.86760449976214
635.0,522.7591460470411,522.6699970562278,100.49173343652546
636.0,522.5816553205578,522.6417756277544,98.91020929158469
637.0,522.4872242757835,522.6139983439784,99.58188612426822
638.0,522.5346884190351,522.5860324309585,99.73162298148092
639.0,522.85713778318,522.5580244668378,99.51365327108557
640.0,522.255266805562,522.5300777158775,100.02869680489361
641.0,522.0158671601589,522.5019863235248,101.44448441507335
642.0,522.4768847194003,522.4734973308182,98.83483070551279
643.0,522.9474672980716,522.4457412158617,99.86230253998768
644.0,523.3041939699921,522.4176965525651,98.97575270453272
645.0,522.1277424489768,522.389900862014,97.6601653585491
646.0,522.7078888118751,522.3624746322424,99.8544117628069
647.0,522.78063721521,522.334432184939,99.52989951076643
648.0,522.5736738498829,522.306480871493,99.8834644025955
649.0,522.6577939141665,522.2784302652401,99.90794230109435
650.0,522.4926889527449,522.2503727847771,98.41042100688557
651.0,521.8883068589856,522.2227358582111,99.5039748031726
652.0,522.2107056981225,522.1947918252871,98.85342696604457
653.0,522.2158719810541,522.1670304878808,100.03769740466011
654.0,522.7946478310722,522.1389365678597,99.37550721024176
655.0,522.4727748758605,522.1110286129181,99.68791933332098
656.0,521.7804578577184,522.0830329222388,100.19830425742708
657.0,521.7486344957923,522.0548938984598,98.86199731883087
658.0,522.4216874805577,522.0271301542127,99.21562302165319
659.0,522.0292940478938,521.9992671000807,100.66269250363192
660.0,521.0681430136219,521.9709976606027,100.11906368216076
661.0,521.4220928151684,521.9428808902186,101.39364113319502
662.0,522.5626612150915,521.9144061760003,100.64988710362738
663.0,521.5139066578756,521.8861403327054,101.58740842460813
664.0,521.907459247696,521.8576112021728,99.81916190203911
665.0,521.6121035216158,521.8295786542053,101.24977692427035
666.0,521.8801532139241,521.8011443418525,100.57013835006761
667.0,522.2487192942259,521.7729008946658,100.41083431265811
668.0,521.9008984046098,521.744702185363,98.89081754648488
669.0,521.2193650780229,521.7169303474354,99.75373990337219
670.0,521.625256579813,521.6889161721458,101.54990088658289
671.0,521.551772456923,521.6603975749802,99.2038882035497
672.0,522.0712112375841,521.6325378163764,99.46174955716113
673.0,521.4932467415504,521.6046056417091,99.85180545949993
674.0,521.5073529985776,521.5765639263425,99.38051326818817
675.0,521.3050560119378,521.5486545655331,100.09239951009536
676.0,521.7038840252993,521.5205452833372,99.59002503681407
677.0,521.6801544003451,521.4925770846394,99.84485139372306
678.0,522.1198555681618,521.4645373222063,100.64446271905624
679.0,521.3937579483955,521.4362730022594,100.11764678043532
680.0,521.5267236536887,521.4081566297887,99.39487058876327
681.0,521.6101657705889,521.3802432369649,101.24917038342132
682.0,520.9817318804049,521.351809094949,100.41670077099543
683.0,521.1494016337205,521.323608738149,98.95026890041626
684.0,521.7974674688,521.2958202042996,100.0682464268614
685.0,521.2155031464217,521.2677177050947,97.65266679832173
686.0,520.3749068481119,521.2402935811688,99.76000901335655
687.0,521.1953536061011,521.2122776453042,98.63690577961248
688.0,521.3191283062675,521.1845771142645,100.58592280075302
689.0,520.0479182660254,521.1563292342779,100.84978163520859
690.0,520.8849432827384,521.1280072539353,99.75199157490515
691.0,521.4436470492705,521.0999935696348,99.76045257486037
692.0,520.5347052652905,521.0719775092033,101.31557026805902
693.0,521.5508301199536,521.0435247198864,100.60370349115342
694.0,521.7015782316437,521.0152718464892,101.08085362506452
695.0,520.9784328418008,520.9868849734296,99.25395680264214
696.0,520.4634383357339,520.9590111538942,100.52368645856096
697.0,520.8548971430894,520.9307807519469,99.81907161046405
698.0,520.6170674294591,520.9027482293363,100.30406898439576
699.0,520.6136153467286,520.8745795032967,100.35058827122886
700.0,520.8011563949865,520.8463977130905,100.96750481234679
701.0,521.121498381323,520.8180426721557,97.38374435322342
702.0,520.4586841925354,520.7906940706165,99.429720931779
703.0,520.8201156695834,520.7627708906548,99.43554515643078
704.0,520.8228464170485,520.7348460750568,100.09488355790512
705.0,520.105291223678,520.7067360952575,100.08063984779923
706.0,520.6065355505223,520.6786301155669,100.93231162221961
707.0,521.3665866867386,520.650284958053,99.64598197964929
708.0,520.3022800037878,520.6223010447804,101.50814934417188
709.0,520.3578271162621,520.5937941728396,101.43211983308109
710.0,520.656769216727,520.5653086525198,100.95574201438096
711.0,520.5286435734157,520.5369569149707,101.09205597239452
712.0,520.1527190671442,520.5085668959184,98.64463242700913
713.0,518.8613815871489,520.4808641949785,99.21995699373026
714.0,521.2276737950415,520.4529999237229,100.429592655217
715.0,520.1795016155281,520.4247959464522,101.28234468760733
716.0,520.4448353880944,520.3963524879857,100.64891529146458
717.0,520.1638270622135,520.368086917608,100.43226807652925
718.0,519.7004568260405,520.3398821889898,100.03080621994674
719.0,520.1464334376029,520.3117902042432,99.76570372690529
720.0,520.2928330811756,520.2837726691132,99.65911448757885
721.0,519.7618562545097,520.2557850677945,100.13016559165158
722.0,519.6169241513385,520.2276651796242,100.83347000129396
723.0,519.7257832593288,520.1993477801323,101.8860592864217
724.0,520.4259907523159,520.1707347784826,98.95676561484156
725.0,519.9961107107763,520.1429444201391,99.95653805837927
726.0,520.498153785245,520.1148732923677,99.56161967802296
727.0,520.418382870038,520.0869130708415,100.68914096568683
728.0,520.2122146451098,520.0586362037536,100.41488488477613
729.0,520.5179633917131,520.0304363569151,101.02344794699759
730.0,520.7383499260765,520.0020656052833,99.977681092062
731.0,519.1088326612302,519.9739885398433,99.90729492272429
732.0,519.6523592311124,519.9459312411859,99.32456826352487
733.0,520.5334216783782,519.9180375915985,100.23369760358902
734.0,520.0428417885215,519.8898886281881,101.96532772452258
735.0,519.0875635937837,519.8612533653188,100.4551990633797
736.0,519.6308681985752,519.8330421969152,99.97665902545414
737.0,519.0206257420588,519.8049654185056,99.80907246233376
738.0,520.0253154113573,519.776935703989,99.76371712463032
739.0,519.0493526368087,519.7489187267632,100.87341130044399
740.0,519.5652343457841,519.720590110423,101.18914901063205
741.0,520.0111131852798,519.6921728244092,99.62296152718355
742.0,519.8713534190802,519.664195376047,100.84108056379269
743.0,520.052456455346,519.6358758392553,101.26866421241148
744.0,519.2300899403263,519.6074362227223,99.86215121412366
745.0,519.6994381346645,519.579391601923,99.0488477957275
746.0,519.6083842997707,519.5515753838338,101.25140562356118
747.0,519.7843450931417,519.5231406140879,100.35734493498012
748.0,519.4239901854597,519.4949569263852,100.75439883695192
749.0,519.9911414150381,519.4666617327118,101.92615998493032
750.0,519.1855675060792,519.4380374694495,99.84843477292968
751.0,519.8065321256126,519.409996700684,101.61910066563603
752.0,519.1430789553622,519.3814586699136,100.63361850919841
753.0,519.3517593963834,519.3531973953824,98.95103338916924
754.0,519.9804832406509,519.3254086468389,100.01994442408888
755.0,520.1692942710985,519.2973197124466,101.11917321760266
756.0,518.8386919975974,519.268922077968,100.72730300747533
757.0,519.8313968215004,519.2406344937067,98.19025504940716
758.0,519.2402978367635,519.2130593970803,99.60153738416288
759.0,519.9417438013871,519.1850879653316,100.91879596374788
760.0,519.2279341921816,519.1567466034651,99.68682241039777
761.0,519.3990753407,519.1287512208381,98.01613083373755
762.0,519.2859598155552,519.1012250240956,99.5814777214955
763.0,519.5020480673459,519.0732592257689,98.8177453118648
764.0,518.8539972270469,519.0455079089604,100.47881243421921
765.0,519.2936802231679,519.0172901091353,97.60440916181251
766.0,518.409462875117,518.9898795375623,100.48401088397304
767.0,519.2369199704533,518.961660277839,100.34337253725973
768.0,518.7731639053698,518.9334805140514,99.92497471123282
769.0,518.752714517195,518.90541825032,99.29286575241112
770.0,519.9279536811794,518.8775335038546,98.2406768851151
771.0,519.0129234911335,518.849944247096,99.48702465178874
772.0,518.3061918430735,518.8220049743396,100.9838627302722
773.0,519.0653367489964,518.7936453395562,99.93698174586605
774.0,518.8219716342055,518.7655797038492,100.28405397266334
775.0,518.8995973975209,518.7374165986919,100.2249929767937
776.0,518.9645974380095,518.709270079831,98.94828178693815
777.0,518.4960975718178,518.6814821040291,100.84447282018421
778.0,519.0707033240279,518.6531616145787,101.73453288520419
779.0,518.2547295215621,518.6245911665935,100.54441430628553
780.0,518.145898996712,518.5963549435758,97.68942613629658
781.0,518.5954536414201,518.5689204964026,100.3023049925134
782.0,518.0120523461846,518.5407522657505,101.14581922389918
783.0,518.0809991487017,518.5123471481852,99.99234014136022
784.0,518.2114141837952,518.4842659659954,98.59906263970285
785.0,518.5326645577339,518.4565760625708,99.58691921374997
786.0,517.8901245165904,518.4286087360915,100.12148145786308
787.0,518.3126998188538,518.4004912867155,100.34903610584465
788.0,518.8325682229006,518.372309932409,99.31361550745093
789.0,518.1324594489568,518.3444193587208,101.66364533424687
790.0,518.0116400650517,518.3158688183227,100.52749169079941
791.0,518.7821766722371,518.2876373477395,100.03207315994544
792.0,518.3219469314148,518.2595450071938,97.50171004662144
793.0,517.5539475986034,518.2321632769557,98.92106811619912
794.0,518.7623070601315,518.2043829436598,100.10389301805512
795.0,518.2500668821855,518.1762704337038,100.64795981488248
796.0,518.7568677043126,518.1480051316557,100.74654281546015
797.0,518.5365515248403,518.1197121442151,100.14107492935098
798.0,518.2608887280782,518.0915891923391,99.334888195376
799.0,518.27326860401,518.0636926445709,98.96620952775464
800.0,517.6701870873572,518.0358996340619,100.2524052214606
801.0,517.7880482449145,518.0077454169289,101.16509184963574
802.0,518.0292206969367,517.9793348869678,100.79898231394024
803.0,518.1849721790644,517.9510271727679,100.06545282716708
804.0,517.9632335900081,517.9229254580989,101.51391554979017
805.0,517.7904169904388,517.8944169668155,101.43041437077703
806.0,517.4995326950958,517.8659319254463,99.8672783730509
807.0,517.8808312244311,517.8378858647698,98.57402080937385
808.0,517.9164956211036,517.8102029939258,99.08294762649128
809.0,517.7103923210326,517.7823771994674,99.81929750483631
810.0,518.1584080560624,517.7543446134182,99.66194259938841
811.0,517.5591008981575,517.7263562178714,97.91905478035946
812.0,516.9528880114703,517.6988572833206,99.96071798637107
813.0,518.3726683887363,517.6707849816862,99.14339246568464
814.0,517.5014971625188,517.642942212302,100.92541018040097
815.0,517.5325896481166,517.614598992943,99.70443525586724
816.0,517.0086370299961,517.586598664042,98.67915931115738
817.0,517.4754235429493,517.5588862668021,100.36518094444904
818.0,517.966602821372,517.5307003784869,101.97588271473404
819.0,516.8668873237043,517.5020621514245,99.13823078439144
820.0,517.3497217752963,517.4742208316127,100.51077874395028
821.0,517.1100178347557,517.445994054582,101.13915343044535
822.0,516.7918996788918,517.4175908089936,98.44053313540897
823.0,518.4404107871939,517.3899454259381,100.42637782581053
824.0,517.7609495029274,517.3617423514987,100.41096776181455
825.0,517.782262814965,517.3335436047189,100.38818130862451
826.0,517.7748727387452,517.3053512571347,99.519857103439
827.0,517.0385200609896,517.2774027639315,99.92957481275239
828.0,517.101274417823,517.2493392083383,99.68919174280826
829.0,516.6119649287774,517.2213431603238,100.31862690781301
830.0,517.2746910113908,517.1931703459338,101.24927159883347
831.0,517.3795554442564,517.1647361754932,98.37118005103488
832.0,516.6858211301729,517.1371102690955,100.85774825845287
833.0,516.9872196816216,517.1087860514597,99.64409927002019
834.0,517.0744757342549,517.0808026669147,97.47913427003911
835.0,516.9019133431484,517.0534272767071,98.58164070040921
836.0,516.552026111849,517.0257422659438,101.3256436491385
837.0,517.2403980225123,516.9972866476855,98.00223854584578
838.0,517.272474564804,516.9697643523607,100.85165075999824
839.0,516.4503637675366,516.9414418471056,99.32979416367813
840.0,516.0505350374399,516.9135467299113,100.05489150084671
841.0,517.3207035367533,516.8854479812148,98.58229913863966
842.0,517.0137937343843,516.85776278554,99.55133422713608
843.0,516.7287923591435,516.8298054525112,99.17262142578915
844.0,517.997537872554,516.8019544746608,101.39067170754416
845.0,517.2371048602224,516.7734805943562,99.57749024248622
846.0,516.2256813290393,516.7455159158465,100.17059558453822
847.0,516.8306161108633,516.7173846735866,99.52735356793879
848.0,516.7516075111714,516.6894340751262,99.43012724027328
849.0,516.4525533918495,516.6615107810596,99.52828910547731
850.0,516.8170556633692,516.6335599198692,100.95019214316314
851.0,516.6574323150129,516.6052097409089,98.78779892109394
852.0,516.240534725935,516.5774668340453,100.47679176297923
853.0,516.4993797374689,516.5492496016918,101.04282365513588
854.0,516.6238143572358,516.5208734087153,101.82714595368036
855.0,516.3282774757854,516.4922769518932,99.94542865569062
856.0,516.8422644205937,516.4642089440125,99.7658164873709
857.0,516.7775784654494,516.4361913772157,101.29964434105828
858.0,516.4923245743139,516.4077430604298,98.35760057021608
859.0,517.4341721453458,516.380120967603,100.46280868056081
860.0,516.3615986466198,516.3519076621653,102.30471767547772
861.0,515.7610793748346,516.3231770872846,98.35512539068563
862.0,516.0433879479472,516.2955556895708,102.24324458862344
863.0,515.8757220044977,516.2668423783822,101.31936114491094
864.0,516.258415237842,516.2383885244607,98.19732039896331
865.0,515.9935493582578,516.2108114436487,99.3624907769472
866.0,509.32076390112326,516.1829071441555,99.15225080389078
867.0,515.7152342574564,516.1550618870547,100.8845317104594
868.0,515.8900388408326,516.1267301477327,100.80814288603624
869.0,515.9625888703647,516.0984198609387,99.66311484241383
870.0,516.0220608735276,516.0704311361872,100.37541072602515
871.0,516.3409624072425,516.0422423750083,100.29091780297884
872.0,516.669127468691,516.0140773422587,99.73089235473591
873.0,515.9453699431906,515.9860695833224,100.79610559915872
874.0,515.8013701644155,515.9577626769999,100.16270073577674
875.0,516.0895523508224,515.9296336518767,99.82648811873577
876.0,516.5328736165969,515.9015990464634,99.97544586423028
877.0,515.7384306235823,515.8735226087498,100.82102766709157
878.0,514.7821670136017,515.84520870348,100.28587071828616
879.0,515.3553107781069,515.8170450881198,101.35247549665863
880.0,516.3459991420352,515.7885819345845,100.73534014581088
881.0,515.7247726625822,515.760292093227,99.0519606419041
882.0,515.8300666531856,515.7324750009467,99.13608664873803
883.0,515.4090578957176,515.7046342832795,98.99873814373164
884.0,515.7209113285963,515.6768321376508,99.91112990673167
885.0,515.5974601677204,515.6487737620021,98.8748562656684
886.0,514.9781530356651,515.621006406534,100.377479206779
887.0,515.1239422510499,515.5928170644568,100.49812343491558
888.0,514.9767500960091,515.5645938414589,99.63968025021184
889.0,515.6954359327536,515.5366116979219,98.9635496877372
890.0,515.2020238432168,515.5088194343846,102.2661022337888
891.0,515.5902983008006,515.4800997040073,98.4280694011902
892.0,515.0396413766421,515.4524578211838,100.65830768914923
893.0,515.2051680805803,515.4241896131077,100.94020203999328
894.0,515.186019966066,515.3958422397016,99.79681155353808
895.0,515.1602732157817,515.3678159684569,100.36100103635977
896.0,515.7167798176129,515.3396312539992,99.30650831984421
897.0,515.0549042974192,515.311742676246,100.152644346282
898.0,514.5264846139378,515.2836164752921,99.92236785439738
899.0,515.384857667858,515.255554943653,100.76253150071045
900.0,515.8504238123735,515.2272574660566,100.14365619388192
901.0,515.1801337066482,515.1991337892755,99.88759688324815
902.0,514.3566261459745,515.171082022484,100.8087348218671
903.0,514.443179648279,515.1427715694549,100.24004424181166
904.0,514.4764291923373,515.114620823697,99.03232125683563
905.0,514.4040330351661,515.0868092468107,99.57997131940041
906.0,515.1214831032886,515.0588438715318,101.34466449538827
907.0,515.017002061982,515.030382911586,101.81238208537471
908.0,515.3912482428476,515.0017906009505,99.1235872524144
909.0,514.8628261416272,514.9739533935303,99.3051692450471
910.0,515.3149487635234,514.946065191834,101.20932359450936
911.0,514.7835625648239,514.9176422401246,100.25996725314985
912.0,514.6846720450334,514.889485899321,100.07533691508145
913.0,514.6162380429647,514.8613814088708,100.59873480179327
914.0,514.8104467675024,514.8331299308472,98.6881135369469
915.0,514.1921640304089,514.8054150189622,100.51382369623208
916.0,515.0143812844336,514.7771873868076,100.54526603864292
917.0,514.210806619446,514.748950924595,99.04870734518414
918.0,514.9967402472594,514.7211347459489,101.51051870427034
919.0,514.942690313297,514.6926272086127,98.94336525710581
920.0,513.1954527271174,514.6648406135364,99.6477150353298
921.0,514.5511838347803,514.636856213564,99.67267108918986
922.0,514.8323418557663,514.6088648050998,99.79014371070654
923.0,514.5601300510536,514.5808404064077,101.24999332553953
924.0,513.910120014966,514.5524060332821,99.58515360131257
925.0,514.8882941257821,514.5244392026457,99.80387657055891
926.0,514.0558645162198,514.4964109473088,100.75758193804552
927.0,514.8557661863242,514.4681148597147,99.7079194185947
928.0,514.4568800756124,514.4401135523444,99.50118405540952
929.0,514.5624773688746,514.4121703031556,101.00295051369785
930.0,514.1970541607475,514.3838053078864,99.96703128884423
931.0,514.1833818906239,514.355731233266,101.29891292794723
932.0,514.4745420648393,514.3272831218854,100.2320927382119
933.0,514.5897509451853,514.2991346091749,100.18857038296122
934.0,514.2715762202628,514.2709983189923,100.42830237255873
935.0,515.2847806598403,514.242794704076,100.07724756531627
936.0,513.675606485821,514.2146896770514,99.89166181747596
937.0,513.627143564736,514.186636768691,100.51559260476292
938.0,513.9056713500088,514.1584086397679,99.96350918839428
939.0,514.1586774103549,514.1303355542707,99.62048960242778
940.0,514.2787626607193,514.1023588001074,101.39293855760118
941.0,514.4781535366171,514.0738842831959,100.84978857341909
942.0,513.6956423742166,514.0455623009047,99.87722268583317
943.0,513.8468652129947,514.0175134475338,99.63290455162334
944.0,514.0981836256761,513.9895332068389,100.21152344109065
945.0,513.7706005517077,513.9613904706725,98.12494702034083
946.0,513.964302480577,513.9338337147176,101.61440582912152
947.0,514.2053530684054,513.905297002414,100.24194393221715
948.0,513.8250192694323,513.8771457231596,99.01792801525416
949.0,514.8049841274226,513.8493381883754,99.98077982772601
950.0,513.7144212485323,513.8212602527071,98.75443564548428
951.0,513.9023333133388,513.7935267153633,100.81387368982463
952.0,513.2945556036367,513.7652148191687,100.47830896094324
953.0,513.8906750103919,513.7369971607355,99.86442614908378
954.0,514.2279894475238,513.7089519010588,99.83313721498567
955.0,512.8106658077816,513.6809154283575,100.06222509279787
956.0,513.4887866901862,513.652814620144,102.57795127964425
957.0,513.9936168045771,513.6240073121596,100.64598197679379
958.0,514.1047435928077,513.5957425655545,99.94041587388725
959.0,513.6360528166252,513.5676759654298,100.58051824019965
960.0,514.4791411540382,513.5394296032241,99.35119618251304
961.0,513.5137196575238,513.5115284756295,99.58771384681047
962.0,514.1472514782997,513.4835609259908,100.79416953202505
963.0,513.3722762051412,513.4552545633805,99.04659907691187
964.0,513.926502234656,513.4274389768065,100.12878362933179
965.0,509.00104783529036,513.3993194767372,101.29000244098476
966.0,513.6650449756587,513.3708738677184,99.34166978389818
967.0,513.7729345505174,513.342975415454,101.09799923160419
968.0,513.2316406893424,513.3145837273365,99.8229702596873
969.0,513.128286178126,513.2865501098553,98.76222912137202
970.0,513.557940603289,513.2588143838436,100.05855934111051
971.0,513.3217737283569,513.2307146050954,99.62698629691097
972.0,512.4852445291364,513.2027360264436,99.18250639098919
973.0,513.143434078514,513.1748822725656,98.9833969983803
974.0,513.4295179389964,513.1470844352418,100.6319328711477
975.0,512.6091578343473,513.1188236340938,100.06999633652593
976.0,513.6865204086474,513.090720643456,99.80442416073252
977.0,513.3155594410194,513.0626922343375,100.26098671702351
978.0,512.6785789662005,513.0345356072345,102.0419425320899
979.0,512.9066725945008,513.0058788283734,100.16052416452564
980.0,513.0100468721229,512.9777504145038,100.18449675269434
981.0,512.8070722348591,512.9496152683325,99.25839177307543
982.0,512.7621798769994,512.9217402033096,99.08006794236852
983.0,512.9326512524833,512.8939152175624,100.25158220829346
984.0,512.5418587259085,512.865761231559,99.90504063626199
985.0,512.5580154097601,512.8377045659802,100.02779366603768
986.0,513.4973324241984,512.809613427259,100.63706382248924
987.0,513.1362007977613,512.7813511851689,99.00041874224522
988.0,512.6196222376672,512.7535485675721,98.73309659108959
989.0,512.7672054834934,512.7258210229461,99.27380065769071
990.0,512.5762156982585,512.6979416305946,99.20787073534557
991.0,512.0136542176432,512.6700807535633,99.71329099117783
992.0,512.9582990605434,512.6420779376765,100.46955842975751
993.0,513.0330974624454,512.6138627366842,99.34660916433596
994.0,512.5293779693641,512.5859628972771,101.58470342226352
995.0,512.362544649925,512.5574345263994,99.39730112356862
996.0,512.506543631363,512.5295204510005,99.809417793068
997.0,512.5736042175088,512.5014906395037,99.78383840436383
998.0,512.273863748784,512.4734680115517,101.2580476713892
999.0,512.5241190912326,512.4450313764974,99.53619901469403
1000.0,512.3160232332738,512.4170782939408,102.02601985508093
1001.0,512.1828808823192,512.3884259866982,98.95021464886464
1002.0,512.3603853957713,512.3606374680842,99.97598740772628
1003.0,512.0574503422871,512.3325608782873,102.06971378607592
1004.0,513.1234108062952,512.3038963003323,100.6753172906924
1005.0,512.2988472116381,512.2756233153932,100.65059444875534
1006.0,511.7334433462092,512.2473572734522,100.04728858620938
1007.0,512.2597008557666,512.2192606599076,98.92087599566
1008.0,511.2522848076782,512.1914803805654,99.99353414989334
1009.0,512.239293963224,512.1633988630583,99.25189933212326
1010.0,512.2907531051447,512.1355256213292,100.79468187282912
1011.0,511.0385788845179,512.1072191148367,99.17409381906074
1012.0,511.81541893004777,512.079367723489,99.88967161201947
1013.0,512.0696681825717,512.0513153740446,100.32159936456021
1014.0,512.1733827033491,512.0231417248898,99.10014480819393
1015.0,512.227776607656,511.9953111008895,100.10939033984714
1016.0,511.54712645176517,511.9671970471024,98.70789403263493
1017.0,512.25663493917,511.9394765801949,100.09074142067323
1018.0,512.4100719425807,511.9113677636459,99.99647148129702
1019.0,511.90905320941465,511.88328542123827,100.22385303192297
1020.0,511.35348540441356,511.8551392225118,97.62900487883292
1021.0,511.8788068953791,511.82772174364163,99.69419360655326
1022.0,510.8633457276171,511.79972429093715,99.33685158076875
1023.0,512.2928006320965,511.7718271917849,100.9818655754342
1024.0,511.2537863222754,511.74346811786916,99.37255930692709
1025.0,511.71584945084714,511.7155609907971,100.19409096843354
1026.0,512.1764750220967,511.68742315025014,101.10384170958876
1027.0,511.56262523569137,511.65902982137004,98.5714487312869
1028.0,511.34834764877985,511.6313476728513,100.4774413589259
1029.0,511.86141090421467,511.6031302580697,98.68259224292528
1030.0,511.4343616513573,511.57541689674815,99.54154646932786
1031.0,511.45406765467686,511.54746231244803,100.78164552758828
1032.0,511.179321963484,511.5191594669957,99.41267879760031
1033.0,511.4216162045993,511.49124107303334,99.75575113338942
1034.0,511.5232800427999,511.4632263329234,97.51460601081521
1035.0,511.75165890889724,511.4358409810687,99.47398785283407
1036.0,511.33906641547753,511.40790536948,100.5924709502927
1037.0,511.5437012751064,511.3796556505548,99.64750448577746
1038.0,511.5778952079429,511.3516713097117,100.78798733501289
1039.0,511.4601028305477,511.3233666832685,98.40011941265487
1040.0,511.31321377830534,511.2957326497334,98.21424289153295
1041.0,511.402399350442,511.26815081652137,100.270653441229
1042.0,511.3509520021652,511.23999147468,101.2934052427288
1043.0,511.56311109547147,511.21154491004097,99.18614214775089
1044.0,510.6377328316014,511.18369013512114,99.00786129057792
1045.0,511.4313785147571,511.1558854274087,100.19106094527817
1046.0,512.1411658967552,511.12774843779323,99.65355759295
1047.0,511.5273365801406,511.0997623970359,100.87551399986243
1048.0,510.44316623888477,511.0714331901876,100.71349990030157
1049.0,511.21984768362813,511.0431494822989,100.5177745486921
1050.0,511.22498658009374,511.01492074061315,101.03465438070481
1051.0,510.47168332857893,510.98654684184123,100.36604389897433
1052.0,510.3527973159272,510.9583607111796,99.49063649118972
1053.0,511.4724250050031,510.9304204240983,102.73238140336676
1054.0,511.4103066745624,510.90156974698755,100.72004597908266
1055.0,511.29651614152556,510.87328420074175,99.38367249775108
1056.0,510.7630676162029,510.8453739527153,101.42933139268423
1057.0,510.12529766623385,510.8168892154825,98.55796909568717
1058.0,510.9039438159839,510.7892108524948,100.51681479546234
1059.0,510.5951484277568,510.7609823803398,99.24000540976596
1060.0,510.9094022588847,510.7331124788205,100.41397828782142
1061.0,510.4814845121821,510.7049128865847,99.57067733716589
1062.0,510.35221839319235,510.67695012136585,101.69080283125288
1063.0,510.5106590188152,510.64839195423735,99.89170034698523
1064.0,510.8886626627883,510.62033903505665,100.56160301344507
1065.0,511.35834185301906,510.592097984877,100.31146356729028
1066.0,510.47427428420906,510.56392718219183,101.6265792507167
1067.0,510.14889879813495,510.5353870511856,99.77632579290888
1068.0,509.79943048333433,510.50736653302545,101.16707555933014
1069.0,510.9901172300036,510.47895544597253,98.4771382519777
1070.0,510.37162682562854,510.4512997829801,98.66218962486457
1071.0,510.8257732891989,510.42359215139373,100.40706155285483
1072.0,511.10060660484385,510.39539450160765,98.49734591125392
1073.0,510.5942240078379,510.36773316363093,99.5818549792021
1074.0,509.88802821422763,510.3397672593576,98.60575863595201
1075.0,510.25546043126917,510.31207547547405,100.28292299549886
1076.0,510.2054929464101,510.28391268793274,99.03016928155542
1077.0,510.5433810977496,510.25610171539284,100.20725542563122
1078.0,510.30314379672546,510.22796017782747,100.05669707068334
1079.0,509.4755261952754,510.1998609220668,100.45092161021483
1080.0,510.04137145404843,510.17165095491464,99.60643372411903
1081.0,510.1013203057569,510.14367814811044,102.41221195242811
1082.0,510.3781200698569,510.11491738525376,99.46288675209126
1083.0,510.3486716277462,510.0869848912243,100.62898840137576
1084.0,510.2142668077124,510.05872491698153,99.5280824118202
1085.0,509.67978441805985,510.03077411383754,100.93095300312797
1086.0,510.49156771073905,510.00242933786916,100.61185962156405
1087.0,509.8020837969772,509.9741741739588,99.12227956618005
1088.0,510.2249509478415,509.9463373337806,99.97854510078893
1089.0,510.014760135831,509.91826002569815,100.08116289833778
1090.0,509.7687146199914,509.89015389911754,99.25825405037068
1091.0,509.51833178446986,509.86227887277175,102.33800123734622
1092.0,510.1725342387021,509.83353895075754,98.07958490459069
1093.0,509.88124825329953,509.8059949339969,100.27787413923916
1094.0,509.7013787984164,509.77783356434276,99.39018400631178
1095.0,510.8389978872298,509.7499214876676,101.1592292455625
1096.0,510.07905354759674,509.7215126041212,99.26859628313824
1097.0,510.02142874676395,509.69363467333164,98.88905129891083
1098.0,509.4178010431405,509.6658633314252,99.35189425818099
1099.0,509.85626613771655,509.6379620077877,100.02056651441593
1100.0,509.7583313961821,509.6098728986916,99.53464399436434
1101.0,509.19269504578534,509.5819202528365,101.34222249716534
1102.0,509.60659545909084,509.5534599786852,100.52556978040384
1103.0,509.2344572195711,509.52522904783854,98.43761173094454
1104.0,509.64925113774945,509.4975844852108,99.60099850283935
1105.0,509.8144751940897,509.4696132047979,101.18084269184345
1106.0,509.20006643633826,509.4411982514752,100.46080426708409
1107.0,509.39835874885426,509.4129855089436,98.31622924991335
1108.0,509.21301794582394,509.38537503456257,99.50216110836504
1109.0,509.16642564657104,509.35743151098467,99.28501543247631
1110.0,508.89850891337477,509.3295489691507,100.24215095234942
1111.0,509.8586285390446,509.3013976317582,99.7856888845667
1112.0,508.745907399576,509.2733744841298,98.04375010428433
1113.0,509.58972902883204,509.24584053097556,101.20135504222105
1114.0,509.60274683475694,509.2174198171012,101.17979717364582
1115.0,508.38557386315136,509.1890051573949,100.27798001204475
1116.0,508.6148804156207,509.1608437580082,99.68718648436918
1117.0,509.5998174426965,509.13284827313714,99.49009568817807
1118.0,509.4733660473073,509.1049081379314,100.1364262424754
1119.0,508.33517354834277,509.0767864915616,99.60941883174276
1120.0,509.13716368087125,509.0488128464397,98.8887690125092
1121.0,509.07161219488637,509.0210415838087,101.18976860311935
1122.0,509.5942786614581,508.99262412379267,101.3168717608863
1123.0,508.826330606905,508.9641709689732,100.54356251340887
1124.0,508.9112199989047,508.9359349851673,99.70357738190313
1125.0,508.9700059538643,508.90793489718584,100.47083652982833
1126.0,508.7681177755372,508.87971933726044,100.12464423973603
1127.0,508.9855621206224,508.85160099966976,101.20794812322538
1128.0,508.69977808998823,508.8231784342385,100.87313123348103
1129.0,509.0077784137964,508.79484989655043,100.83606685881848
1130.0,507.6366785526858,508.7665317677742,100.20361195382068
1131.0,507.93587858533095,508.7383912534172,99.87931266580158
1132.0,509.52972288281615,508.71034181311023,101.85234005754687
1133.0,508.8349706994689,508.68173828094405,98.97697786716054
1134.0,508.5130017110721,508.6539422463264,99.32896306180581
1135.0,508.38530948389547,508.6260473625332,101.55487400022236
1136.0,508.08287952771497,508.59752736875146,99.74078539393241
1137.0,508.6146484205328,508.56951683152,100.02776450626737
1138.0,508.1220958220957,508.5414257009879,99.48021419431635
1139.0,508.46908433249246,508.5134883408349,99.98193686174892
1140.0,508.7650232296115,508.4854100802329,100.57149339242974
1141.0,508.45911173529316,508.45716625250515,100.97595246083247
1142.0,508.4931325207249,508.42880883918906,100.44020145838955
1143.0,508.66855336513805,508.4006018826129,98.59856614522987
1144.0,508.2514604131157,508.37291211862043,99.21804662534741
1145.0,508.0550204624398,508.34504838385976,99.5333045998429
1146.0,508.8891732617958,508.31709611415135,98.90310840557525
1147.0,508.0711036691274,508.2893208245408,100.09695209177455
1148.0,508.47469153712836,508.26121026382833,99.24478092570723
1149.0,508.75696158169416,508.23333902118503,100.12336154882378
1150.0,508.18755884250345,508.2052210438167,99.81130555659765
1151.0,507.85621024191107,508.177190702173,100.4470287032959
1152.0,508.78948320470005,508.14898182827875,99.87498140020271
1153.0,507.81935440729325,508.12093360433556,100.0631283363051
1154.0,508.3921946208427,508.0928325424611,100.7062140152152
1155.0,508.10954663522233,508.06455088069185,101.39011391211204
1156.0,508.7939076980978,508.03607715703487,98.5401485995884
1157.0,507.79582146383615,508.0084037986365,100.20316761465557
1158.0,507.74387432832134,507.98026340906466,99.37316130047127
1159.0,507.08243146426014,507.9523561129328,98.6915835784345
1160.0,508.19022757870397,507.92464022654457,98.38728141620997
1161.0,507.6531019501066,507.8970097983468,101.02455175113666
1162.0,508.07887460100494,507.86863873673,101.63872402261832
1163.0,507.4956486073217,507.840095195067,100.69092144469043
1164.0,507.7146327921319,507.8118178279613,99.20736851205903
1165.0,507.56753283061306,507.7839570919708,100.16062134724176
1166.0,507.75575419050807,507.7558286508092,101.09901663802104
1167.0,507.2659154474653,507.72743667696994,100.57845309307515
1168.0,507.56610719238984,507.6991908947263,98.87372254380496
1169.0,506.9381848650832,507.67142385764527,98.46805744496847
1170.0,508.30386964082595,507.64377074484617,100.94956162453668
1171.0,507.3805028284436,507.6154207429566,100.48293407500105
1172.0,507.5495181074656,507.58720178563715,98.54339412332722
1173.0,507.9495374422875,507.5595275157875,100.31623609907228
1174.0,507.64998076873445,507.5313553728164,101.14731691269905
1175.0,507.64829404122145,507.50294983465005,99.92857537901283
1176.0,507.9254026995614,507.47488655973115,99.8376827198719
1177.0,507.48185437524836,507.4468488105007,99.65764912814723
1178.0,507.1807053147432,507.41886162070386,101.12499120171938
1179.0,507.3206443538389,507.39046235234133,100.95973682974241
1180.0,507.6607711510639,507.36210949291495,102.4002519671975
1181.0,507.51528606731466,507.33335208882085,99.91171327951207
1182.0,507.37055944383,507.3052935493415,101.33586741544325
1183.0,507.26681087109245,507.27683505990905,101.27789628053603
1184.0,506.93621731740905,507.24839285070357,97.54143068525407
1185.0,507.65480497653493,507.22099996558615,98.52259178445895
1186.0,507.0711695459283,507.1933315377267,101.49764043084585
1187.0,506.951149709381,507.164827617039,100.45915746749941
1188.0,507.45797161925094,507.13661533698354,98.35239300679136
1189.0,506.85925496689816,507.1089947066141,98.69971297229164
1190.0,507.26435477888623,507.0812765372211,99.36844580288033
1191.0,507.1365875751302,507.0533705653581,99.3081445865846
1192.0,506.714267015293,507.02548152808674,99.02510640406018
1193.0,506.7157277397916,506.99767197737157,99.34202343358628
1194.0,506.7032332515571,506.96977342579066,99.20453449337171
1195.0,507.05918203216595,506.94191348568705,99.09837033670597
1196.0,507.32135581402974,506.91408336001757,98.12921630856279
1197.0,506.5275043859304,506.8865254051042,100.53000895876488
1198.0,507.1292147571522,506.85829322758826,100.62019421656609
1199.0,507.2597152727233,506.8300357230458,99.09044196277112
1200.0,506.8694238864301,506.8022078239279,101.63556161503965
1201.0,506.6652747729969,506.7736651703744,97.6774364973246
1202.0,506.57594542141226,506.74623409029135,97.93917708388531
1203.0,507.1529410776684,506.718729504727,100.39259536749803
1204.0,506.42727134662766,506.69053591752794,98.6309182774125
1205.0,507.16350347868394,506.66283706797833,100.1171732363818
1206.0,506.2284116956022,506.6347208284945,101.24366637081921
1207.0,507.06336684936934,506.60628823218866,99.92589314434674
1208.0,506.01969011153153,506.57822571053066,99.74646766365969
1209.0,506.3411760964026,506.55021357752844,101.27549506288173
1210.0,506.6154114044384,506.5217720426649,99.89271361094103
1211.0,506.26873405555676,506.4937188389259,98.47572549138565
1212.0,505.9817348192949,506.4660635726837,98.96973938155821
1213.0,505.73987921719635,506.43826957087407,100.74180423884754
1214.0,506.3728575524442,506.4099779141836,99.86453665786573
1215.0,506.3570559717385,506.3819326234722,100.92367923468763
1216.0,506.7103374619935,506.35358989022046,99.19128295662448
1217.0,506.5157289168369,506.32573367159017,99.90543923878569
1218.0,506.52085858718885,506.2976768940706,98.45377607255041
1219.0,506.30340577283084,506.27002779195686,101.58192436757122
1220.0,505.6382318525856,506.24150020153036,100.85620058434085
1221.0,506.5792787688601,506.2131764185329,99.95044517060055
1222.0,506.8489110098424,506.1851070018475,98.24731920710295
1223.0,506.17686605080195,506.1575158797035,100.64203593227731
1224.0,505.94015865030644,506.1292522412792,100.61643912634848
1225.0,505.817712414452,506.10099579129115,100.57934421379488
1226.0,506.0694102789999,506.07274975879113,100.67436203000264
1227.0,506.0705003931412,506.04447704212106,100.92072902352238
1228.0,506.0381000765699,506.016135137387,98.53552786545788
1229.0,505.7908290912302,505.98846307664473,98.63374751669802
1230.0,505.96627874006737,505.9607634325505,99.50850958929895
1231.0,506.3766297074551,505.9328181261075,98.90594244095985
1232.0,505.9183018706208,505.9050420406053,99.7553376713003
1233.0,506.1138259590957,505.8770274166093,99.61981997678438
1234.0,506.39379680187153,505.8490508504991,98.4204981940743
1235.0,505.3758296661066,505.82141109392296,99.87595943099436
1236.0,505.76945423821695,505.79336259531607,98.87037145815191
1237.0,505.011841330626,505.76559649933154,100.11382219974402
1238.0,505.74159800925884,505.7374812009305,100.14114696925805
1239.0,506.3147297281804,505.70935822882325,99.14102774411951
1240.0,505.94045259657815,505.6815161235318,99.81454335797275
1241.0,505.5402308725505,505.6534848726054,99.98435514153147
1242.0,505.1265974535477,505.62540593286985,101.36155247095098
1243.0,505.9818589477955,505.5969402302176,98.78369466217175
1244.0,506.33144179963557,505.5691984759667,99.24190771182111
1245.0,505.63237658813824,505.5413280402176,100.30981866378956
1246.0,504.84557454397253,505.51315769947615,100.35802731511826
1247.0,505.29928259391585,505.4849738201385,99.9383551458947
1248.0,504.43110301760356,505.456907798735,99.21401528930889
1249.0,505.134823256007,505.42904519610795,100.58779781012802
1250.0,505.30682829883165,505.4007967895563,97.5036619564122
1251.0,504.83618875360384,505.37341451115685,101.13215359535387
1252.0,505.61431588632644,505.3450132313555,99.74094404815241
1253.0,505.8837451142374,505.3170026495686,98.13299690656086
1254.0,504.2051455123357,505.2894436329374,101.25456838856024
1255.0,505.8171202800547,505.2610079749816,99.85674569668087
1256.0,504.9832662194205,505.2329648722318,99.67050916301721
1257.0,504.98011088133666,505.20497407090846,101.36655527095297
1258.0,505.20450570869986,505.1765069633032,101.21521045963168
1259.0,505.50523000609473,505.1480823583658,98.90255864380326
1260.0,505.4444816839256,505.1203072231467,100.11528529884026
1261.0,504.58769913619506,505.0921915138586,100.75367912085814
1262.0,504.6975993930638,505.06389652230547,100.01432059839152
1263.0,504.6610020120587,505.03580916727077,99.25465094500086
1264.0,505.8329294693758,505.0079351527971,100.35006912932606
1265.0,504.2322274070747,504.9797535083832,101.09474164925334
1266.0,504.552780991927,504.9513627351034,99.72253797584415
1267.0,505.1154210171296,504.92335732235523,101.58304363489025
1268.0,504.8243027560352,504.89482941760104,101.38315742980221
1269.0,505.1008343087369,504.8663576475562,102.79537923368808
1270.0,505.49244864060523,504.8374892785547,99.61022237821668
1271.0,505.1923249853349,504.80951540777016,99.52713484712359
1272.0,504.2409284942869,504.781564870734,100.90185816378133
1273.0,504.4238054449388,504.75322826556624,99.95319949431138
1274.0,505.25671408584327,504.72515807537496,99.90309782189208
1275.0,504.7797287316457,504.6971019554033,98.90293566644014
1276.0,503.6918025686674,504.6693267143036,100.45154921646582
1277.0,504.5048259409521,504.6411165708987,100.369579540399
1278.0,504.4841606805018,504.6129294473111,98.5494743346822
1279.0,504.6736579165802,504.5852534699354,100.549135164906
1280.0,504.04595346294946,504.5570159211433,99.77194804720337
1281.0,504.44792954515384,504.52899663240004,99.73468305301924
1282.0,504.24018057882256,504.5009878089093,100.53893331421811
1283.0,503.95544082533064,504.4727531251369,101.88926944423149
1284.0,504.5653630784027,504.444139221968,97.50468027527482
1285.0,504.3229498918206,504.41675665759067,99.85652860328786
1286.0,504.500170387425,504.3887136158079,101.77074538533377
1287.0,503.6006697814886,504.3601329981455,99.84407413928464
1288.0,504.33485460755185,504.33209345399143,100.37493757765387
1289.0,504.2074292499056,504.3039048256884,98.89605216390864
1290.0,504.6007279164404,504.27613151770566,100.93973953107576
1291.0,504.4772590965267,504.2477842741873,100.31599175343251
1292.0,504.0381373139114,504.2196121998366,99.8811074742285
1293.0,503.7121265736328,504.19156225548755,101.18965858312644
1294.0,504.35715168711397,504.1631448263688,100.83537337208985
1295.0,503.58062774435473,504.13482689234684,100.46913415105261
1296.0,504.55361354910383,504.1066118105061,100.63687987174984
1297.0,503.77538923361504,504.0783496200754,99.99846216991996
1298.0,504.07503078459797,504.050266718616,101.75063313491594
1299.0,504.0765965082342,504.021691749144,102.47876014973089
1300.0,503.4883572112323,503.9929122973353,98.93657761658541
1301.0,504.1353150178698,503.9651276084546,98.62438763854166
1302.0,503.90602814681824,503.9374305929261,101.03312737451456
1303.0,503.3324876800597,503.9090571229885,100.72790974504296
1304.0,503.75252685510276,503.880769368335,98.86957931949915
1305.0,503.9996628955317,503.85300349480946,100.51146748489276
1306.0,505.07086071099985,503.82477652435745,99.91764768404693
1307.0,503.9434721796024,503.7967163182995,100.06348983657304
1308.0,503.251864404516,503.7686151549038,100.67012499946937
1309.0,504.28758537358544,503.7403436281331,98.6800075527927
1310.0,503.59134918825004,503.71263099267867,98.91157440787475
1311.0,503.8314593682821,503.68485332553246,100.08763679993942
1312.0,503.58296777642425,503.6567453808645,99.23301308484913
1313.0,503.628745717475,503.62887744302316,100.32517019120662
1314.0,503.66378229243816,503.6007027910611,98.95772675305713
1315.0,503.27068698587027,503.572912162798,98.77213949881565
1316.0,504.1331633062795,503.5451736536221,98.11459956735258
1317.0,503.2821544414296,503.5176198035769,99.80456835358582
1318.0,503.0220863803807,503.4895913539642,100.06122434641959
1319.0,503.6170792530854,503.46149082679364,99.35682149628714
1320.0,503.55243278701147,503.4335881194234,100.44163707002515
1321.0,503.5312373049652,503.4053807596796,100.30150484496346
1322.0,503.21963722725167,503.3772127537356,100.31509426699597
1323.0,503.5808083308046,503.349040931429,99.46240874482037
1324.0,503.14637038153114,503.3211085716398,101.41633054252995
1325.0,503.0828671598619,503.2926274854791,100.00503352227219
1326.0,503.03059769953126,503.2645427385649,100.08241344088474
1327.0,503.7458855056208,503.2364362607903,100.90940871229304
1328.0,503.4433334392366,503.20809753517693,100.74691494948219
1329.0,503.1294990450972,503.1798044432286,100.74049677899815
1330.0,504.0152233854494,503.1515131537165,98.53633284076197
1331.0,503.18627885881085,503.12384086691037,99.43192004725123
1332.0,503.4076026293899,503.0959170693638,101.51556364329998
1333.0,503.1337396456416,503.06740811524065,101.01736911364407
1334.0,502.4497156607087,503.0390390707479,99.65049684356528
1335.0,502.8663378865616,503.01105388955096,102.14095375530619
1336.0,502.46041518618955,502.98236930503805,100.27916515961434
1337.0,503.12086427417785,502.9542075728224,98.9977834308553
1338.0,502.5121271826936,502.92640569530886,99.08279748909169
1339.0,503.14574952801775,502.898579943014,102.2164210930418
1340.0,503.025240185235,502.86987416475705,101.56297318550584
1341.0,502.6978332311749,502.8413518964541,102.0908526091868
1342.0,503.3689423559329,502.81268138201307,99.49047123926582
1343.0,502.3771716733502,502.78474114134,97.50039307126872
1344.0,502.5718315018484,502.7573597809525,101.08092941421877
1345.0,502.9000151979367,502.7289728866087,101.40239872695156
1346.0,502.2745245904833,502.7004957129662,97.5649548803864
1347.0,503.1768460904999,502.6730962214706,99.84888009191195
1348.0,502.56025379620917,502.6450553276448,102.03790273813058
1349.0,503.12446363991006,502.6163996832925,98.85429290782167
1350.0,502.52450321851006,502.5886381027009,101.36915783579283
1351.0,502.47812864912044,502.5601702642087,100.05467841932925
1352.0,502.3730924432798,502.5320715753526,99.41557389654378
1353.0,502.6368299537705,502.50415236834993,100.41569198728331
1354.0,502.7972278498682,502.47595229485023,102.28922244861997
1355.0,502.4928012017694,502.4472260715459,100.34474180037674
1356.0,502.3047129075298,502.4190459232236,100.57872279605223
1357.0,501.9925322639518,502.39080006523835,99.61492372638521
1358.0,502.53104101944007,502.36282487415855,100.33441469867039
1359.0,502.66972127540964,502.3346476260307,99.35582850521489
1360.0,502.3222427890567,502.30674519752546,99.21909953482057
1361.0,502.4687878935601,502.27888116707277,98.15905068202927
1362.0,501.9660427549361,502.25131483367295,100.60027207224793
1363.0,501.703253967826,502.2230629239326,100.41728528542153
1364.0,501.9271198180812,502.19486240298164,97.53440781087205
1365.0,501.59351667680863,502.16747149012144,100.81796892670263
1366.0,501.89359016476027,502.1391584438478,98.5918936200188
1367.0,501.84510619041646,502.1114705537229,99.13972505726504
1368.0,501.8285110371168,502.08362881426933,99.7665412829261
1369.0,500.7839977169573,502.05561104392564,99.78174262384681
1370.0,501.7602625344622,502.0275890045388,99.22094358343732
1371.0,502.5471503377314,501.9997244562158,99.48331637921366
1372.0,501.44333966895914,501.971786224866,98.85356185412722
1373.0,501.7221412601903,501.94402484957857,100.17303982855806
1374.0,502.29981730391665,501.9158929208934,101.15619492255325
1375.0,501.302478301004,501.887484889486,99.58386628641398
1376.0,501.29995264754285,501.8595184203706,101.02468855454806
1377.0,501.48592584691585,501.8311473203348,98.45844618619616
1378.0,501.3820436518675,501.80349690669755,98.83268047684223
1379.0,501.5108904067466,501.775741395597,100.11000103040168
1380.0,501.3054275058281,501.7476271703076,100.44734975208402
1381.0,501.33484747116273,501.7194182062522,99.0564094700513
1382.0,501.80155337617134,501.6915998645927,100.48303456103552
1383.0,500.9758003924921,501.6633808790535,100.37026940966436
1384.0,501.6559406531479,501.6351935617276,99.96046925952156
1385.0,501.8461336758063,501.60712132994394,100.44894096943864
1386.0,502.09785321252855,501.5789119190216,98.8849289243729
1387.0,501.4584346942603,501.55114173481536,99.81476478837793
1388.0,501.0334719609343,501.52311042170396,98.37733282872796
1389.0,501.91063380993137,501.4954827874012,101.82804752813324
1390.0,501.99858672519275,501.4668860773871,101.25150213157733
1391.0,501.5659860609539,501.4384512805385,98.4946783506725
1392.0,501.6647480523271,501.4107906917016,102.20122440198674
1393.0,502.12685645350984,501.3820891811821,100.01438083746665
1394.0,501.0693461855934,501.3540018092302,100.35416517759846
1395.0,501.11306216066413,501.32581901450953,100.11104353890396
1396.0,501.66160687363185,501.297704496449,99.29512668982747
1397.0,501.4631433537938,501.26981911503697,99.52052903129471
1398.0,501.49986115382933,501.241870433134,99.47171341188246
1399.0,501.19568565334583,501.2139354602842,100.68580379444435
1400.0,501.15678351808305,501.18565953038524,100.74472115692186
1401.0,501.34066318416734,501.157367054527,99.94964922522712
1402.0,501.27674700328083,501.1292978613696,101.43831863011447
1403.0,500.6961395367008,501.100810600221,100.31866320505632
1404.0,501.5114936520134,501.0726377756376,101.55980441878356
1405.0,501.034470946981,501.04411639722997,100.33860717119084
1406.0,501.2098398760637,501.015937971716,100.78392686387427
1407.0,500.73295462166107,500.9876344855884,100.15006226320659
1408.0,500.68663794707805,500.95950900976953,98.99036263816467
1409.0,500.66820489543085,500.93170921626194,99.41141781701673
1410.0,501.0985070387491,500.90379117642505,99.2710228954867
1411.0,500.663522724978,500.87591256416187,99.79863769663417
1412.0,500.5378146469338,500.8478857800754,100.97342668848081
1413.0,500.8813059526683,500.8195290760804,101.34922428423944
1414.0,500.63151960010094,500.7910668355939,101.93990917645596
1415.0,500.9220843227431,500.7624387111002,99.45839165500591
1416.0,501.2634720951236,500.7345074794437,99.94390791400848
1417.0,500.73279483609974,500.7064398986379,98.97715229848744
1418.0,501.27243944844815,500.678643815034,99.89780347862298
1419.0,500.635303545001,500.65058918189044,99.81868027043375
1420.0,501.14811243570387,500.6225567691812,100.00766615590064
1421.0,500.76455777527894,500.59447128293573,99.71173636491385
1422.0,500.49467154583033,500.56646890363993,98.31717206158729
1423.0,499.4250530653255,500.53885816448593,99.62766720669464
1424.0,500.5569948682055,500.51087939461206,101.1546367232688
1425.0,500.3802481965549,500.482471800799,100.27085585774404
1426.0,500.50751887622516,500.4543124021123,101.11248742374546
1427.0,500.33538743889204,500.42591664522746,101.6578075748183
1428.0,500.4187960500755,500.39736774426683,99.14272383964246
1429.0,499.94576087690564,500.3695251626552,99.0787229354198
1430.0,500.71790515051083,500.34170055463085,101.31616561329538
1431.0,500.0580660887727,500.31324759812105,100.47283262771823
1432.0,500.3021380443358,500.2850314776248,100.74329183820598
1433.0,499.8637177856623,500.25673940316693,98.67847232112717
1434.0,500.7448472218375,500.2290271988567,100.47794134461368
1435.0,500.43238138005205,500.2008096436624,101.5127814149572
1436.0,499.72891283497313,500.17230147088173,99.5374806845561
1437.0,499.73834958961316,500.1443480283895,100.04416127003827
1438.0,500.17522708862737,500.1162522930995,101.17729647554698
1439.0,499.92118534264273,500.08783833567264,102.52823692759267
1440.0,499.7648438458814,500.05904498913543,100.65703933072392
1441.0,499.5561276589386,500.03077713725673,99.5808270472309
1442.0,499.6464043971312,500.002811521661,100.78074345768937
1443.0,500.36642686230095,499.9745089295399,100.4319101434457
1444.0,499.9644397469515,499.94630430144133,100.68090260557794
1445.0,500.6172959081529,499.9180297479596,99.30634825688726
1446.0,500.00741356502795,499.8901412151574,98.64270722655108
1447.0,500.23626054435067,499.862439054878,100.79843341584885
1448.0,499.62040115968915,499.83413149482703,99.7902265062941
1449.0,499.39719510998304,499.8061070728832,101.17434472355086
1450.0,499.61063733465465,499.7776939444067,98.90293687537827
1451.0,499.50048374032934,499.7499187029675,99.55627057757442
1452.0,500.08504303304676,499.72195998364697,100.6950985785907
1453.0,499.7204168216563,499.6936814434628,100.3883940242362
1454.0,499.6161946945782,499.66548903614097,100.05724481772589
1455.0,500.0675791815763,499.6373896265547,99.20269369199804
1456.0,499.61625048097903,499.60953020340946,99.42180923516864
1457.0,499.80536744423557,499.581609245316,98.93919632298447
1458.0,499.3075275991778,499.55382382101527,99.29723418445883
1459.0,499.4903906419699,499.5259378477485,100.44539215001667
1460.0,498.621702996759,499.49772943345295,99.48070213008195
1461.0,500.1937334653194,499.46979193627146,101.25022396136026
1462.0,499.59120768240257,499.4413574983757,99.5090071855304
1463.0,499.6912476734531,499.41341205219106,99.80253101433021
1464.0,498.96823244303226,499.3853841747312,100.59761507727752
1465.0,499.7991028898203,499.3571330111637,99.66135900911192
1466.0,499.41692390116015,499.32914477950857,101.32638486560059
1467.0,499.4768699859988,499.30068895309216,101.10033587954827
1468.0,499.01669345426876,499.272296608766,99.2787172530439
1469.0,498.87712441778837,499.2444158356708,101.4931590496132
1470.0,499.0684532060594,499.21591317350436,99.42843170850988
1471.0,499.2875858761087,499.18799035559954,99.02452592248817
1472.0,499.72319635236335,499.160180967903,98.86774472553397
1473.0,499.22810427523547,499.13241560959256,100.5881086421066
1474.0,498.9568190582966,499.1041671157489,100.36535377060545
1475.0,498.7498629053526,499.0759811788983,100.41841575288026
1476.0,499.0013260429129,499.04778034047433,101.38228535529606
1477.0,498.86331904622483,499.0193088153371,100.52790376028915
1478.0,498.3806531789752,498.9910772290311,100.41763257366983
1479.0,499.02800033536664,498.96287661055,99.57017132381677
1480.0,498.98164664365197,498.9349139874365,97.95360340338296
1481.0,498.81564375839946,498.90740535048076,100.99062483251623
1482.0,499.53587670405403,498.87904381667363,101.10456746452611
1483.0,498.6809777691535,498.8506502839773,99.0156372908128
1484.0,499.0706088127401,498.82284339250486,98.5723293337389
1485.0,498.5228560431778,498.7951609966836,101.86871748206455
1486.0,498.0605200725358,498.7665528651907,100.41708875142737
1487.0,499.2399333407311,498.73835239943304,99.13650960000285
1488.0,498.7146078387544,498.71051156298705,100.31741435862843
1489.0,498.81440251651617,498.6823390891213,100.15047314858158
1490.0,499.0189530946233,498.65421349791205,99.09634304289393
1491.0,498.75498735642475,498.6263839415742,100.53269469410557
1492.0,498.54845019473737,498.5981510098143,100.86941292874475
1493.0,498.1300502035589,498.5698235163501,101.1477828346443
1494.0,497.7665713330968,498.54141784733736,102.0448341401059
1495.0,499.1004458864924,498.51276025641636,100.004162970041
1496.0,498.9250892836078,498.4846757539823,100.00421349174873
1497.0,498.1490113186731,498.45659123736,98.5167310247572
1498.0,498.8769152523331,498.42892445539724,99.37791267300419
1499.0,498.80595433720833,498.40101582492156,99.67681179354338
1500.0,498.77869566647,498.3730232536096,99.47553666801747
1501.0,498.25722811837795,498.34508720706197,99.12495454401147
1502.0,497.7384812837464,498.31724961566084,100.30084790172748
1503.0,498.6173442116801,498.2890817942084,100.23373530034219
1504.0,498.433385264833,498.2609328202116,99.77214802538376
1505.0,498.5017785533017,498.2329134753078,98.06606352116816
1506.0,498.394148255256,498.2053732558023,98.37260619959035
1507.0,498.4563149603492,498.17774694889454,100.15698279889205
1508.0,497.70657228180403,498.14961952955855,100.22063026783162
1509.0,498.38082099518294,498.12147423589164,99.76661752261312
1510.0,497.77510237442897,498.09345644413736,99.0810239779526
1511.0,498.1086076243647,498.06563118990357,100.60712513583057
1512.0,497.91643729779156,498.03737735559463,100.22644748054344
1513.0,498.1359123064876,498.0092304282605,100.35239820309694
1514.0,498.8205977274603,497.9810481297651,99.42634593786575
1515.0,498.0052817135229,497.9531258976142,100.59866693804462
1516.0,498.64650210467204,497.9248744386491,102.01491618040562
1517.0,497.69691017231645,497.8962252496884,99.91452902688792
1518.0,497.88451360170734,497.86816591945336,99.43375878140316
1519.0,497.0778475930964,497.84024160552895,98.1346620103134
1520.0,497.7141664347667,497.81268212128106,100.10379392789919
1521.0,497.4121710258782,497.784569639153,98.04019254456986
1522.0,497.9960747556648,497.75703668508004,99.95232994313525
1523.0,497.9584429353366,497.7289667390877,100.20674512561531
1524.0,497.80381356588055,497.70082534483157,101.6732926218698
1525.0,497.43690804537067,497.67227209515363,99.84501017132426
1526.0,498.03551559853804,497.64423228813047,98.94000694187349
1527.0,497.80732161139395,497.61644663618097,99.26204589374758
1528.0,497.46779072229884,497.5885705449591,99.95833032802365
1529.0,497.6477795365167,497.56049891385874,99.54610922565327
1530.0,497.6003992684883,497.5325430481845,100.56352668284734
1531.0,498.08156177085647,497.5043014577744,99.36021855125067
1532.0,497.7113549838194,497.4763977963979,99.12379417385145
1533.0,497.31530546420834,497.44856053086744,100.28659578859747
1534.0,497.8297942459732,497.4203967118835,100.44681011005812
1535.0,497.5813428449711,497.3921878993776,101.25205388800498
1536.0,497.12819516710687,497.3637529475774,99.91894804332021
1537.0,497.55377048656095,497.33569237633515,99.36224044192329
1538.0,497.67310394647205,497.30778814714444,100.32628131872646
1539.0,497.3808164618687,497.2796131831408,100.70063417815598
1540.0,497.01598825553754,497.2513330883757,100.89204978499426
1541.0,496.9677766431428,497.2229992377278,98.54824406950979
1542.0,496.99373725567597,497.19532360585157,99.12109507824705
1543.0,497.3041094447989,497.1674870983171,100.39788722060727
1544.0,497.06793982704977,497.1392920249893,99.81310853797713
1545.0,497.16769561271917,497.1112611770082,100.53737206840113
1546.0,497.8044328748355,497.08302693168565,101.58567752914954
1547.0,496.57958784830043,497.05449828724625,98.57371673436283
1548.0,497.74210157063567,497.02681550179665,101.19990002552295
1549.0,496.7165346101361,496.9983951965395,99.43333046207428
1550.0,496.41355240533363,496.9704710029014,100.42218957219718
1551.0,496.67602266033714,496.9422691046632,98.95127383348486
1552.0,497.1655407243673,496.91448028859503,99.98133963456247
1553.0,496.32537667003976,496.88640219571425,99.66234705453812
1554.0,496.9399303577123,496.8584136865831,99.38290959134616
1555.0,497.34580277119045,496.8305036528062,99.38271005328187
1556.0,496.9098985711009,496.80259367506625,99.44860967564844
1557.0,496.84175163330946,496.7746651905157,99.46453684563853
1558.0,496.91891087192374,496.74673223308486,98.70570039899344
1559.0,496.3649508158629,496.71901238222284,99.21254589520294
1560.0,496.885818409796,496.6911501922506,99.54199334618073
1561.0,495.9869458208923,496.6631954824525,100.03286664819883
1562.0,496.4924798571695,496.6351029190688,101.92749788510136
1563.0,496.33943005813666,496.60647828007944,99.0776252835134
1564.0,496.1112372013624,496.57865398031225,99.2878661191775
1565.0,496.8918739505445,496.5507706379105,98.23916002874059
1566.0,497.0791298728775,496.5231818071357,101.2260260317247
1567.0,497.0377196087165,496.49475416482517,99.93551477496409
1568.0,496.71692602358974,496.4666889410925,101.56315233939942
1569.0,496.87783771119143,496.43816662247724,102.66841300237084
1570.0,495.83905102337997,496.4093339098257,100.815321281611
1571.0,496.84160556274855,496.3810216070991,98.98050323141351
1572.0,497.11079436488615,496.35322458244167,100.1548352838681
1573.0,496.96777226021993,496.3250977661994,102.12707585171455
1574.0,496.4417962391664,496.2964170790644,98.99185255732057
1575.0,496.7014477550698,496.2686168671379,100.28105097892632
1576.0,496.6874439686814,496.2404546053213,99.69295988492088
1577.0,495.72219494206934,496.21245749908695,99.62451401857344
1578.0,495.2495070501639,496.1844796147334,100.03046419401772
1579.0,497.09033368078974,496.1563877260389,98.87449341399619
1580.0,495.6584613730406,496.1286204724718,100.63716616438398
1581.0,495.60939363787577,496.10035820164063,99.7215413865924
1582.0,496.73350249420076,496.07235306876794,98.83071918299825
1583.0,495.3933360776958,496.0445981084641,98.24135807321561
1584.0,495.701971720466,496.01700866040517,100.41251998029898
1585.0,495.9566603013288,495.9888094777107,100.82553544174644
1586.0,495.6187389397158,495.9604943065075,100.75753538491308
1587.0,496.8536680225096,495.9321982319869,100.09040035704493
1588.0,496.4853755741675,495.9040895112199,99.06814484847966
1589.0,495.9281664648703,495.87626787387495,101.27006391738477
1590.0,496.2496866039857,495.84782786425814,100.97703843644601
1591.0,495.46935774535996,495.8194701459639,100.8157721874635
1592.0,496.3668314452941,495.791157716608,99.69158586188928
1593.0,495.7915437699061,495.76316099624506,100.24491470415195
1594.0,495.6019607946056,495.735008882699,99.17119954494117
1595.0,495.2294955638901,495.70715830416015,98.46346332852289
1596.0,496.4020740924326,495.67950648154203,101.37646420831494
1597.0,495.5868666336447,495.6510365911769,99.90702618181577
1598.0,495.8496312329213,495.6229793679908,100.71242268385507
1599.0,495.70586468312547,495.59469596262045,101.55272938139953
1600.0,496.299478244952,495.5661765711192,98.97865479095093
1601.0,496.2258187850994,495.5383800655654,99.63981485915299
1602.0,495.8809911935133,495.51039788422577,98.42071448007385
1603.0,495.6431402656134,495.4827580669093,99.42464838434942
1604.0,494.57810447223216,495.454836311488,98.41587515453325
1605.0,495.2451792812951,495.42719785321543,97.98573475501027
1606.0,495.0408676113931,495.3996801927051,98.68746442743891
1607.0,495.8020661492331,495.3719654631117,99.4094892593436
1608.0,495.63751393693417,495.34404796487803,99.77538749172348
1609.0,495.13288407337024,495.3160277102241,99.1610675263078
1610.0,496.0917254272916,495.2881799770938,98.99507614887165
1611.0,495.2371224618611,495.26037885987535,101.01594760746757
1612.0,495.1423413536037,495.23201021458885,101.51659333368039
1613.0,494.6889724517497,495.2035009712943,101.32619234233101
1614.0,494.35344711574027,495.1750451989449,100.45798896997579
1615.0,494.6012234905345,495.1468332470425,98.51535021856373
1616.0,495.3517936466829,495.1191668528561,98.74140306329315
1617.0,494.8587939276371,495.0914369754958,100.33356237970442
1618.0,495.05943924692156,495.0632599667275,102.294696522079
1619.0,494.19015241248405,495.0345322061209,100.13843887791622
1620.0,494.79513576503183,495.006409994536,102.0237976020812
1621.0,495.06141692213816,494.97775831137614,99.88472806222342
1622.0,494.41568337159975,494.9497073502453,99.71774374472729
1623.0,495.254656135873,494.921703283877,98.51213681882504
1624.0,493.62544431497525,494.8940377921204,100.76918243020629
1625.0,494.8540526460403,494.86573844672125,99.96240679305086
1626.0,495.0014149847702,494.8376656708135,99.97697188374246
1627.0,494.7514232801605,494.80958880454284,98.61650385017896
1628.0,495.3032024253428,494.7818940030449,100.76505635645884
1629.0,494.8233984502244,494.7535958163848,100.08470358162283
1630.0,494.4182324422493,494.7254886954623,99.7966496864346
1631.0,494.66027079277893,494.6974624696753,97.45484994011912
1632.0,495.39296498826394,494.6700938993172,99.81103270589857
1633.0,494.366161333872,494.64206363429895,98.93895134619677
1634.0,494.38161195582944,494.6142782787959,100.73670344867602
1635.0,494.52854304499607,494.5859880545774,101.40219343635151
1636.0,494.37572721640316,494.5575109385873,100.33999443036845
1637.0,494.54633626158335,494.52933212348483,98.90670358854706
1638.0,494.8062365992135,494.501555824227,98.28179179835332
1639.0,494.34640156501285,494.4739550210303,99.47122761885414
1640.0,494.55422323674685,494.44602018460733,100.01491761876107
1641.0,493.76178519395285,494.4179326619094,99.15444213281256
1642.0,494.5365216205903,494.3900867894104,99.9944581616661
1643.0,494.31124791912185,494.36200501241,100.21509688371772
1644.0,493.7019581483176,494.3338612727018,97.18775877135448
1645.0,493.6683283174035,494.30656771044687,101.18636169860835
1646.0,494.40226424246856,494.2781512072032,100.90484181145375
1647.0,494.0652056233286,494.2498137641278,100.08892283088383
1648.0,492.07075957259156,494.2217054582995,97.95371283408936
1649.0,494.00757694966217,494.1941967906119,99.27696637523916
1650.0,494.3111012796855,494.1663165092215,99.11296694337827
1651.0,493.8923915055897,494.13848228433824,101.30688170710773
1652.0,494.3709392527102,494.1100319350588,102.09893757367377
1653.0,494.00766832345766,494.08135915009024,99.867022608815
1654.0,493.80428123353795,494.05331316124096,98.48507277968527
1655.0,494.1693576098828,494.02565526996864,100.34790610077245
1656.0,494.00370587069597,493.99747423300533,99.67222873611603
1657.0,494.01953292438253,493.9694829487686,100.44290073151465
1658.0,494.11679407664815,493.9412752341465,98.24010157680904
1659.0,493.75786811564365,493.91368613895366,98.57544335554759
1660.0,493.4787791768777,493.88600286861134,100.30691519993836
1661.0,494.3915301536003,493.85783334325936,99.87081607974082
1662.0,493.45679962565185,493.829786289077,100.95120270269298
1663.0,493.6320383728865,493.80143582631797,99.433643851707
1664.0,494.619216142642,493.7735115446696,99.64559791310188
1665.0,493.65280451436274,493.74552773925564,99.30991266660837
1666.0,492.9614018766564,493.71763820544845,102.2384267250263
1667.0,493.7506169831857,493.6889262472765,100.9267560552997
1668.0,493.6199888226716,493.660582649951,99.20706946089848
1669.0,493.80360345121375,493.63272199794403,100.21676861886857
1670.0,493.42521544096496,493.60457778875696,99.16583144310995
1671.0,493.1504626614655,493.57672871776,100.5069385681407
1672.0,493.4035889529297,493.5485030191788,100.09667157758206
1673.0,494.10501490067736,493.52039253724405,98.62151278469354
1674.0,493.6757515558712,493.4926963290703,99.82690824411132
1675.0,493.23880714685976,493.4646616056718,99.59249633335857
1676.0,493.22900112521785,493.4366927129515,98.19539647249299
1677.0,493.45651931216076,493.40911617244217,100.86552119713728
1678.0,493.73707160211006,493.38078977190594,99.16336660973573
1679.0,493.36525795602705,493.3529413931164,98.61866343457378
1680.0,493.7956645672022,493.3252459851352,99.98180056461587
1681.0,493.41661907720396,493.2971677628099,100.4143294541623
1682.0,493.3380303260445,493.26896807195493,98.63365968536448
1683.0,493.1418642572689,493.2412684525266,100.6322189378385
1684.0,492.5371240174678,493.21300757104154,98.31347595366375
1685.0,493.8458195530069,493.18539786987793,99.34189580254035
1686.0,492.6596986096354,493.15749935414004,100.88280375793782
1687.0,492.8507952951124,493.12916810008466,99.98450025621372
1688.0,493.26560748932695,493.10108911959605,100.31123265539993
1689.0,493.355579995607,493.07291838175865,98.57579635925941
1690.0,492.73028676276004,493.04523501228107,100.0653765770651
1691.0,492.8544869992432,493.01713331902573,101.64318729884099
1692.0,492.87018620579374,492.98858852392596,102.4996672473227
1693.0,492.43911072742134,492.9598032007073,98.52016242986718
1694.0,492.48636221791486,492.9321354550916,98.71539098440181
1695.0,493.0127028484406,492.90441288279015,101.49028965983219
1696.0,492.58824146820945,492.875911026444,101.24706061004059
1697.0,492.2664266052813,492.84747747692273,97.29833947827117
1698.0,492.679842302677,492.82015285991923,101.14707456391596
1699.0,493.6296517138987,492.79174738981254,100.17145744488428
1700.0,492.49202080313626,492.7636159055134,101.23260111353227
1701.0,493.1395527742193,492.73518641670074,101.9164271234831
1702.0,492.9672917698868,492.7065648867502,97.73160311574905
1703.0,492.52534531898027,492.67911859487515,98.68253850868045
1704.0,493.07024151890863,492.65140524864404,99.80988035457207
1705.0,492.836654486754,492.62337530724443,100.03852710315986
1706.0,492.9759036451305,492.5952811542163,98.98758716570156
1707.0,492.6146089277098,492.56748214015397,98.70802876404404
1708.0,492.4880126641487,492.5397616354093,99.68171409758746
1709.0,492.88029829817134,492.51176768736696,98.33672988680067
1710.0,491.76805481501145,492.48415145572375,101.26638062944764
1711.0,492.73527520338416,492.45571248049697,101.4654123753797
1712.0,492.38990049001444,492.42721761052155,100.87189281080086
1713.0,492.11502883403574,492.39888942062385,99.81583375133557
1714.0,492.3038066833068,492.370857807312,99.10024160170168
1715.0,492.33308954601745,492.34302715612887,101.06749615916539
1716.0,492.8053521042627,492.31464403429084,98.1487891063014
1717.0,492.52367281332744,492.2870805826835,100.80551843521565
1718.0,492.2708978913481,492.25877103292294,98.63804400671276
1719.0,492.3096139386589,492.23107018223106,98.91309714737037
1720.0,491.9992532685419,492.2032920874488,99.04623337073747
1721.0,491.733691093353,492.1754766035772,100.97116065525807
1722.0,492.4864479444226,492.14712053595986,100.59296063312826
1723.0,492.09802415167275,492.1188706795154,101.52614430106448
1724.0,491.7726288272792,492.0903587539908,102.25615645984716
1725.0,492.21917151571233,492.06164181671835,101.33152567904119
1726.0,491.66654632704365,492.0331845465902,97.80805819074625
1727.0,492.03403593141553,492.0057167835816,100.19638374986349
1728.0,492.33620085891283,491.9775782991452,101.86537579437828
1729.0,491.66360830416755,491.9489711061096,99.4451549222909
1730.0,491.86316978559734,491.9210435917689,100.97019156396814
1731.0,492.54065239696354,491.8926877963047,100.26131584263456
1732.0,491.8552335914249,491.8645310767722,99.77533684403252
1733.0,491.17189008478135,491.83651083634186,101.39066597895459
1734.0,491.695622041704,491.80803695764615,100.22904722020442
1735.0,491.7644284845409,491.7798893002184,98.35038512728597
1736.0,491.17175480995746,491.7522692337285,101.3505888049142
1737.0,491.83651409103487,491.72380661003916,99.21099081459764
1738.0,492.39663975634716,491.6959448567854,99.3857504760129
1739.0,491.43439206805965,491.6680340251933,98.00343142365152
1740.0,491.88450063752344,491.64051139486855,101.9795765376562
1741.0,490.83065687579864,491.6118721304575,99.67055886431567
1742.0,491.71037234091887,491.5838813151765,100.17549062447395
1743.0,492.0162944681004,491.5557486982261,98.664600080518
1744.0,491.4640113529668,491.5280403897035,100.27981957743732
1745.0,492.1673943047912,491.4998784737055,99.20165038270696
1746.0,491.4578886312267,491.4720193435564,100.49903710413408
1747.0,491.7378026287912,491.4437958639696,99.49349117100016
1748.0,490.83765045126063,491.41585477519914,99.34116780232468
1749.0,490.95451985055666,491.387956463908,101.11648719231924
1750.0,490.15493586874146,491.3595595837548,100.21161340888551
1751.0,491.28490247465646,491.33141682232247,100.50126575788603
1752.0,491.76054509010714,491.30319271685545,98.6698274201002
1753.0,491.1568575327332,491.27548294032164,98.85001363055167
1754.0,491.5392524059396,491.2477225614937,98.35659743178068
1755.0,491.6604036825479,491.2201007503816,100.00321931126024
1756.0,490.9579692203532,491.1920165129584,99.842838643809
1757.0,491.1005117916357,491.16397731577257,99.09383370323235
1758.0,491.6240013823999,491.1361484641409,99.32085087001603
1759.0,491.6704224814305,491.1082558585216,98.94325690306043
1760.0,490.4851614936486,491.0804692938746,98.5762267086034
1761.0,491.0880994501057,491.05278580354064,99.6655209004153
1762.0,491.0880829434034,491.0247964030878,100.77204807139097
1763.0,491.09707837535296,490.9964962529211,99.01260643289015
1764.0,489.6866146252792,490.9686902126145,97.72391238631612
1765.0,490.88075812217556,490.9412460805527,100.2082661230425
1766.0,490.60256138480685,490.9131042591498,99.67513803230554
1767.0,490.6046961216744,490.8851121578857,99.9737879681774
1768.0,491.075959329374,490.8570361857646,99.49980914951692
1769.0,490.5030986609107,490.8290933226952,100.1078453349772
1770.0,491.1087231617794,490.80097970279695,99.61047711907712
1771.0,490.9750125987523,490.77300576047264,100.86339544530036
1772.0,490.6275575362568,490.74467995691845,101.23479676951322
1773.0,490.4216233553424,490.7162498514923,100.54699146451878
1774.0,490.32506368623166,490.6880129047227,101.18095892680583
1775.0,490.11050496515946,490.6595979187574,101.30791179359076
1776.0,490.4757850633513,490.63114728019536,101.03608675266089
1777.0,491.17659157678867,490.60277297916565,101.16458962077175
1778.0,489.8645977653315,490.5743625902472,100.9419194042291
1779.0,490.7787098612358,490.5460147345478,98.18219129571823
1780.0,490.3598626038422,490.51844190249227,99.95551968070795
1781.0,491.0968524416246,490.4903710607153,100.19962893994888
1782.0,490.1656599649625,490.4622316649213,100.87869918576884
1783.0,490.28860393948594,490.4339015635667,100.86170187419847
1784.0,490.6846577688866,490.4055762356236,99.74535986336336
1785.0,490.3510441970655,490.3775644137287,103.27991727020152
1786.0,489.8749042821762,490.3485599702953,100.92730769207185
1787.0,490.0114057012162,490.32021621805177,100.40046419180808
1788.0,489.9805403611212,490.2920204210246,100.2657167116057
1789.0,490.7531719687409,490.2638624655814,99.67840289427902
1790.0,489.61414625262415,490.2358694474353,99.49647898792303
1791.0,490.49066429505194,490.2079275195862,100.56464418675804
1792.0,489.3846243065623,490.17968561534366,98.59780255101562
1793.0,490.1320585673694,490.151996065794,101.03971857006465
1794.0,489.9755970825446,490.1236207448289,99.05432702438729
1795.0,489.8152882611481,490.09580298798954,99.1713408643527
1796.0,490.3418660671388,490.0679523697634,98.97218367345491
1797.0,489.5164017038391,490.04015768151515,98.85574587942477
1798.0,489.6599632829457,490.01239569288066,102.12312411327314
1799.0,489.6068139010193,489.9837161155255,98.86090849869102
1800.0,490.2819244358553,489.9559526770555,99.70625261263962
1801.0,489.93261553113837,489.92795183778014,99.43040988738423
1802.0,489.40338539525214,489.9000284643367,101.33446005766598
1803.0,489.4729299869726,489.8715703701372,100.8520412504721
1804.0,490.37681705497863,489.84324775521935,99.25304758400101
1805.0,490.24106107023596,489.81537419102284,99.40630501575889
1806.0,489.84720139296627,489.7874575870309,99.12029228718355
1807.0,489.92665402348393,489.7596213049469,102.18117050570177
1808.0,489.5672922975796,489.73092542622993,99.53499414756082
1809.0,489.9223027637953,489.7029726820401,100.1998693391466
1810.0,489.3606412581483,489.674833218734,99.83181965664166
1811.0,489.8759088654773,489.6467971160472,99.92731098854689
1812.0,489.33716697433886,489.6187341962112,100.18504028053772
1813.0,489.4728306769778,489.59059889739905,100.87677463748514
1814.0,489.8618589597619,489.5622693365217,100.78812808188363
1815.0,489.08710650464224,489.5339646705521,99.69918307452753
1816.0,490.0517616191572,489.50596581663865,99.68990596685471
1817.0,490.03953101738267,489.47796956804626,102.37383153354524
1818.0,489.3329568683021,489.4492195836906,100.62616472715283
1819.0,489.85056778460876,489.4209604024297,100.18557906119413
1820.0,489.0075536318063,489.39282495231004,99.11321686424971
1821.0,489.7834754108586,489.36499065724064,96.82217973417286
1822.0,489.76097345882647,489.3377997617653,100.50050796490805
1823.0,488.9103741008338,489.3095758691118,98.75949118612904
1824.0,489.5160787114801,489.2818409120037,99.67369310117833
1825.0,488.6651186262178,489.2538492165245,99.8410153108896
1826.0,489.24652321784686,489.22581053139135,100.09289827201256
1827.0,488.516427055702,489.1977011091266,101.38576437431026
1828.0,489.1116001157354,489.16922860696485,99.07937285251441
1829.0,489.2854494851427,489.1414038164221,101.11732439800177
1830.0,489.21140289247063,489.11300670115367,99.6727231661498
1831.0,489.1963457809607,489.0850152780645,100.62815997415107
1832.0,489.93435593793805,489.0567555364717,98.96742663898674
1833.0,488.77274039793707,489.02896218415725,99.71367486104616
1834.0,489.33187467719034,489.00095926046714,99.4397343490155
1835.0,489.12788956675416,488.97303326840415,99.96829766042003
1836.0,489.00975157892873,488.9449588381445,99.93541024741516
1837.0,488.8146380916378,488.9168936437667,98.97677102888717
1838.0,488.7985977662049,488.8890976672361,99.99826645065748
1839.0,488.77669552843577,488.86101482074116,99.47746737068165
1840.0,488.7452278499902,488.83307823198794,99.51009585573024
1841.0,488.7040818377864,488.80513248006844,100.78565458243848
1842.0,488.55251323966036,488.7768285087398,100.64779587421849
1843.0,488.3602792739909,488.74856325273186,100.7802509323548
1844.0,488.3158344888405,488.72026079892834,101.22272276641927
1845.0,488.4542569027301,488.6918340842848,100.2692166052384
1846.0,487.98761840630385,488.6636751459548,99.33301601816694
1847.0,488.8234665979172,488.63577912395635,100.19215180332148
1848.0,488.29125546303874,488.6076418279916,100.91910077414308
1849.0,488.8237393045,488.5793003805242,101.22609750903858
1850.0,488.7182674764152,488.5508727181404,98.36877060549634
1851.0,488.70325229594806,488.5232474883954,99.15035660002789
1852.0,488.28783126508034,488.4954027632502,101.1539739540931
1853.0,487.6605222259706,488.46699535556473,101.25428925649426
1854.0,488.45719888206054,488.43855977599856,101.12222878748962
1855.0,487.9369911917876,488.4101612834141,101.46416380180855
1856.0,487.86567948863507,488.3816667640797,98.79814914308221
1857.0,488.5824968807322,488.3539209505287,101.88729771313342
1858.0,488.3377343273436,488.3253076010876,99.12356085835918
1859.0,488.43842145744554,488.29747040107986,98.02507352342978
1860.0,487.1028168114195,488.26994169293204,98.92808000609557
1861.0,488.6731932693973,488.24215939046366,100.09081009467869
1862.0,488.00512165786483,488.2140505546287,99.00366646063962
1863.0,488.6591963046411,488.18624702496436,100.05510896058345
1864.0,489.11260248844223,488.15814821519797,99.8719593564335
1865.0,488.82868997624996,488.1301008399453,99.57480794391182
1866.0,488.0132293992054,488.10213691471444,100.19274007596722
1867.0,487.54858328297166,488.0739994535431,100.90330321676393
1868.0,488.7086343897493,488.04566244255636,100.52833098320147
1869.0,487.61562290314487,488.01743073627193,99.36532069567453
1870.0,487.7471606033086,487.98952564204325,98.45447480871749
1871.0,487.74328631452323,487.96187634370114,99.68684364374059
1872.0,488.13253899403645,487.9338809551112,100.650813871661
1873.0,488.3691191757584,487.90561485154893,101.58628203756051
1874.0,487.7014846348753,487.87708603734336,99.71464276855508
1875.0,486.8781822117076,487.8490828418325,100.55007745115694
1876.0,487.05313592589926,487.82084502841496,99.32111815432152
1877.0,486.92941954763006,487.79295234773326,98.5647042959792
1878.0,487.0880460669996,487.76527209327685,100.02903920814391
1879.0,487.4915824244591,487.7371806047659,99.55289359367202
1880.0,488.24472286876505,487.70922283381503,98.59774720210109
1881.0,488.0359206186012,487.6815332998091,100.05938149787364
1882.0,487.8653863905052,487.65343329017173,101.63343783589235
1883.0,487.4391606339583,487.6248912330462,99.8204677657883
1884.0,487.27217879410756,487.5968583183486,98.95300132262376
1885.0,487.17126423903096,487.5690690171439,100.28190993933255
1886.0,486.70640945227717,487.5409065141025,101.96587680005128
1887.0,486.98893076807997,487.51227109703456,100.02354714836017
1888.0,487.3700140010586,487.484181150877,99.28462567910485
1889.0,487.28692834620875,487.45629871849883,100.4416334253152
1890.0,487.43537986996193,487.42809135977853,99.90356910784524
1891.0,487.3558278149984,487.40003510745413,99.01462391810057
1892.0,487.20916398756026,487.3722285005705,99.81837090740086
1893.0,487.81867334334777,487.34419617474066,100.03919806166557
1894.0,487.1458290409989,487.31610183328496,98.10646238215841
1895.0,487.67725598446447,487.2885502684327,100.90321425882833
1896.0,487.8306292081258,487.2602132824283,101.20186663558657
1897.0,487.2503413081689,487.2317924248815,100.14972936622515
1898.0,487.4629864246323,487.20366704255116,99.96245511240838
1899.0,487.41044427244356,487.17559425307377,98.91866844588445
1900.0,486.9743851668652,487.1478145936852,98.09169216482536
1901.0,487.04624238545716,487.1202671768022,99.11037604382425
1902.0,487.1729418260334,487.0924336795299,99.71923376776179
1903.0,487.34744671524464,487.06442919471345,99.58803757233039
1904.0,487.3724145400112,487.0364615541619,99.94310400065572
1905.0,487.41692093309496,487.0083941991217,99.17703240638708
1906.0,486.90688905330336,486.9805419825209,98.50220232639317
1907.0,486.7587195263649,486.9528792807009,99.08647794114506
1908.0,486.96274779890064,486.92505249481246,100.42783029106516
1909.0,487.3321192725894,486.89684901247233,101.10978020432107
1910.0,486.5643532367366,486.868454015865,98.72622363131885
1911.0,486.41130070199694,486.8407284013952,99.13373771092348
1912.0,486.5919127572163,486.812888343388,99.98261714058849
1913.0,486.80115202160266,486.7848098917411,100.03730343786357
1914.0,487.0273151213561,486.75671608235893,99.11346326496168
1915.0,486.39898514623786,486.728881718092,101.86462158193251
1916.0,486.16656721542677,486.70027473686446,100.34807647009148
1917.0,486.63930674408266,486.67209365205576,101.08711795211258
1918.0,484.9782762164153,486.6437050197642,100.60431405752621
1919.0,486.68894236735235,486.6154519748997,101.32651207044711
1920.0,486.2209024443438,486.58699611275995,99.71704495605519
1921.0,487.040309457149,486.55899224263476,100.07387837339884
1922.0,486.8125309108517,486.53088816179155,98.15950783726194
1923.0,487.02103400325126,486.5033217000073,102.32168510348875
1924.0,486.8592710090037,486.47458636010737,99.71311049361131
1925.0,486.3757327755117,486.44658359491046,99.9872399039042
1926.0,486.26722194537905,486.4185038450374,100.67611506767416
1927.0,487.02793778097265,486.3902306360559,100.66431606162672
1928.0,486.6298297276591,486.3619607406286,100.5995431047187
1929.0,485.7832715268311,486.33370903560666,99.51132270119926
1930.0,486.0212510311818,486.30576293914805,100.01374537139479
1931.0,486.0021421753728,486.2776757456563,98.17508972916838
1932.0,485.93461757769546,486.25010490795734,97.61246983678662
1933.0,486.52266508889323,486.2226920726782,98.59924331163253
1934.0,486.5409714803127,486.1950021185148,99.05517166304517
1935.0,486.19730840774963,486.1671841244728,99.12960033181491
1936.0,485.4999428148055,486.1393452283797,100.9476383938372
1937.0,486.16418778652985,486.11099576659734,99.73417012117565
1938.0,486.54412938861594,486.082987087155,101.17186364727442
1939.0,486.0062547671137,486.05457465544737,99.56015227975443
1940.0,485.9644762970873,486.0266148460155,99.29329580786067
1941.0,486.04725686351065,485.9987299787761,98.47703633475952
1942.0,485.97941091444886,485.97107434440545,100.13593424663469
1943.0,485.75913087668226,485.94295283620454,99.85851081945802
1944.0,484.964879118623,485.9149092377494,100.816571515689
1945.0,486.5325957026397,485.88659658391543,99.80102672115684
1946.0,485.5223004677847,485.85856912891114,99.91183299868746
1947.0,485.8286316215835,485.8305105558107,100.42716830714924
1948.0,485.8822752712329,485.8023072593778,101.36967896190902
1949.0,485.9061504374712,485.773839274536,100.6454863722727
1950.0,486.04378563038244,485.7455746671131,100.47155187398384
1951.0,485.96503579896205,485.7173589062952,101.05004958745884
1952.0,485.3386273094667,485.68898068403604,98.93182749606542
1953.0,485.72235016509126,485.66119732914757,98.27380366062019
1954.0,486.0654198476144,485.6335987692862,101.45038908416002
1955.0,485.5402376013896,485.6051081183517,100.8601442446622
1956.0,485.86635983836726,485.576783227843,98.89867530654084
1957.0,484.548485931644,485.5490091831944,100.14231316628322
1958.0,485.94029277983543,485.52088588358026,100.8778350704136
1959.0,484.8084244254424,485.49255602489797,100.65288108529114
1960.0,485.9687688007817,485.46428934079313,98.71669449884101
1961.0,485.1855132787781,485.4365664024214,98.28129901308225
1962.0,484.90325041584975,485.40896573761523,99.07253741394143
1963.0,484.5778904951168,485.38114286669145,98.83564376336811
1964.0,485.79880355903543,485.3533865234013,99.81929982161421
1965.0,485.3876700290623,485.3253539367014,98.79229431209546
1966.0,485.96524854866016,485.2976097673821,99.52850145285043
1967.0,484.49730291814325,485.2696588465574,100.15902627253503
1968.0,485.0369329711324,485.24153085334586,100.17170367111292
1969.0,484.1761487837316,485.21339929989824,100.2913704296141
1970.0,484.8036382632471,485.1852341400359,100.34157035851932
1971.0,485.2446608272609,485.1570548823602,99.50542303079649
1972.0,485.14942985312786,485.12911044272573,101.03290339817414
1973.0,485.36950710291444,485.1007370356881,99.66055010975006
1974.0,485.6363964606625,485.07274903119895,99.54933341113997
1975.0,485.00049324088513,485.04479226006595,100.45693084681304
1976.0,484.8144625782515,485.0165806053198,101.04749297380329
1977.0,484.69166862198523,484.988203101043,99.8505303257083
1978.0,485.2059461030077,484.96016174377655,100.85033817753481
1979.0,485.1088340639755,484.93183960713833,101.88855639813168
1980.0,484.5707617504278,484.9032259042166,99.9332235352388
1981.0,485.3407231063662,484.8751613239404,101.12695849782945
1982.0,485.16278085517433,484.84676150309565,101.53823654642873
1983.0,484.8748668113455,484.8182461816655,100.68711553786909
1984.0,484.5117587207833,484.78996988338525,99.29777604043664
1985.0,484.6718477689149,484.7620837579472,97.6496640255739
1986.0,485.68561061614,484.73466047730005,101.78617358856336
1987.0,487.0640101807604,484.7060755268839,99.5523823062413
1988.0,484.3443637432254,484.67811789951963,99.68245008231683
1989.0,484.86327125988555,484.6501237447881,100.54087599996696
1990.0,484.3696240521376,484.6218885154448,99.06266776658852
1991.0,484.44013244210754,484.594068416247,100.62149487920081
1992.0,484.45056070016796,484.5658105464351,99.73509925012813
1993.0,484.77511491781064,484.5378016060624,99.7663391119122
1994.0,484.3945120659711,484.50978389249514,99.60772409931192
1995.0,485.00632129395905,484.48181072331056,99.24900696276092
1996.0,485.0259014228093,484.45393829385523,99.45844439284748
1997.0,484.42784657350177,484.4260070473882,100.80414095914232
1998.0,484.4305879065863,484.3976978844688,100.02384979043408
1999.0,483.81424988154436,484.3696078533194,101.62578523808666
2000.0,484.46742454179616,484.3410679452983,99.98005685440101
2001.0,484.16062900454904,484.31299021266506,101.81988335650871
2002.0,484.0768189600181,484.2843957954224,99.68584153492985
2003.0,484.57645259189337,484.25640068825805,101.73927472690993
2004.0,484.76447667206503,484.2278289086056,98.93576017605734
2005.0,484.17081990896133,484.20004444928946,101.39785934343638
2006.0,483.96544547787136,484.17156855045715,99.32665680081661
2007.0,483.81692101119006,484.14367431433897,100.15449349584188
2008.0,484.0522144248817,484.1155475940822,99.26484014814825
2009.0,484.5585335260885,484.0876707181406,99.20208949511219
2010.0,484.2392997838883,484.05981146467406,99.80437853124502
2011.0,484.8351391226174,484.03178306836986,98.97455087897968
2012.0,484.44366739299767,484.00398771533133,100.28716653282369
2013.0,483.83047235355394,483.9758237360634,98.61777445119768
2014.0,483.60996506863677,483.9481285777383,100.8362030862515
2015.0,483.2412693143694,483.91981041070494,99.84694479295605
2016.0,483.8073594151158,483.8917700603756,100.69094015135164
2017.0,483.93243255016404,483.8634926880164,101.95705761086161
2018.0,483.40122700552354,483.8348597476707,100.81765249189911
2019.0,483.77098873534453,483.80654679026253,100.24406986258201
2020.0,483.35512725917584,483.7783949139762,100.06941562242048
2021.0,483.8291076908348,483.7502920864222,100.15012300870261
2022.0,483.41130357543324,483.7221665935439,99.78815802504062
2023.0,483.67380563333194,483.6941427524986,98.5228920973086
2024.0,484.7609132883374,483.6664742403012,101.296712260909
2025.0,483.7195146084737,483.6380267469413,99.25264569077896
2026.0,483.56078137128776,483.6101532956098,99.57358539990888
2027.0,483.82967620922796,483.58218971370997,99.19673950604388
2028.0,483.7929831781103,483.5543319626987,100.97253787379263
2029.0,483.1239798861786,483.52597550831246,97.7881624713621
2030.0,483.4735666866077,483.4985133326851,100.43182552939847
2031.0,483.4593841218153,483.4703087283489,99.52155825173388
2032.0,483.6116799884868,483.44235975740656,99.22312438235029
2033.0,483.4716941985987,483.41449459664256,98.78932270301124
2034.0,483.65132286202356,483.38675126185007,100.22568855741588
2035.0,483.16147759822417,483.35860454764685,101.68718647715008
2036.0,483.9900960199575,483.33004739611124,98.8712139947531
2037.0,483.37055670409825,483.3022810635144,98.45395837384409
2038.0,482.48109912058374,483.2746319102044,100.52171671105073
2039.0,483.500463765032,483.246402061428,99.7033856321048
2040.0,482.6260679858063,483.2184020272963,101.41567423379531
2041.0,483.3345938110283,483.18992112544896,98.69747845366565
2042.0,483.3268733432842,483.1622035835833,101.22590758656258
2043.0,483.637910565491,483.13377597453604,99.23569006641105
2044.0,482.71676755741765,483.10590728490905,100.33857174815317
2045.0,482.24315981180246,483.0777288693431,99.55582545158218
2046.0,482.92545228994123,483.0497702750288,100.3252465580728
2047.0,483.45561299355427,483.0215956016204,100.15427409835033
2048.0,483.5123222810539,482.99346894297776,100.02174830360077
2049.0,483.07976411798876,482.96537950199587,98.83106979842222
2050.0,483.2910460306628,482.9376244432275,98.53012063637247
2051.0,482.72275564563074,482.90995390101546,100.70287502696394
2052.0,483.38084106864795,482.88167317694536,99.90841363757801
2053.0,483.1845187222265,482.85361556411544,99.17920207929369
2054.0,483.1419338047579,482.8257627381982,99.35260397677668
2055.0,482.4425257398565,482.7978612152481,97.85536385485598
2056.0,482.21345097664596,482.7703801672322,99.80864949171452
2057.0,483.28300088123956,482.7423505714999,99.19799461660179
2058.0,483.82793513129013,482.7144924680117,100.1278885291579
2059.0,483.2237173646554,482.68637321931647,100.60810436596391
2060.0,483.26405122252567,482.658119110007,100.67800101439343
2061.0,482.2097252517789,482.62984537138885,100.06738801871599
2062.0,483.1636634453305,482.6017431132535,98.00122385363967
2063.0,482.7527365867616,482.574221102888,99.96972171761207
2064.0,482.2477808309212,482.5461462727056,98.35446593677759
2065.0,482.518513651981,482.5185250601884,98.88461113909179
2066.0,482.86840022739227,482.4907549652268,101.20254346499516
2067.0,482.32555478137675,482.4623339176037,100.24773214428066
2068.0,482.7870928202052,482.43418101282657,99.69011932289034
2069.0,482.6778752785967,482.40618470431673,100.22105288421675
2070.0,481.84375962364976,482.3780392919651,100.99409586580245
2071.0,482.60130720364583,482.3496767833761,100.1108400828724
2072.0,482.0775960570708,482.32156232245285,99.11182574240422
2073.0,482.68885519024406,482.2937284180568,100.2223111290148
2074.0,482.08550404621116,482.26558265234803,102.31881907718508
2075.0,482.2477068552408,482.2368481173239,100.72228563556006
2076.0,482.5083557974238,482.2085619421079,99.18502633117882
2077.0,482.4569531432018,482.1807074805466,99.37505816423113
2078.0,482.2004153319773,482.15279965171214,100.14071281319895
2079.0,482.25555485442766,482.1246768015304,100.58708899892855
2080.0,481.760604670251,482.0964285940365,101.8605586061681
2081.0,479.9286141553743,482.06782275382795,99.55532112072137
2082.0,481.63239614705714,482.03986430114657,100.24827405245532
2083.0,482.55678359087483,482.0117112441835,97.74947263387456
2084.0,482.37411448381977,481.9842599339522,98.3639537731128
2085.0,482.478449433898,481.95663605693426,100.77068429075328
2086.0,481.90342128337306,481.92833628976257,98.60927031443451
2087.0,481.7311982915731,481.90064351968255,101.37454178933095
2088.0,481.9027512015506,481.8721741691968,99.30539901089517
2089.0,481.8249265734639,481.84428590297455,101.95743915300571
2090.0,481.64515684728747,481.8156528554791,100.30032002570141
2091.0,482.02904379413405,481.78748518227184,100.55761228468297
2092.0,482.121522337275,481.75924525282187,99.72254234569566
2093.0,481.3560612053515,481.7312398388465,101.83348029667435
2094.0,481.6935927420849,481.7026416031298,100.8323808357931
2095.0,481.4090736317348,481.67432450951173,102.18192759048443
2096.0,481.7003808216133,481.64562841818014,101.08794385371937
2097.0,481.35959364604855,481.61723955394785,99.42402738211779
2098.0,481.5661913181917,481.58931797292473,99.89001256894177
2099.0,481.86003165745643,481.56126552772827,100.2722287475737
2100.0,481.55799898742754,481.5331057434883,99.90789481801181
2101.0,480.85621948871295,481.50504827636024,100.13520267152693
2102.0,481.49358958112293,481.47692697361003,102.28763181008209
2103.0,481.1046405620806,481.44820119701,98.82679705961056
2104.0,481.53384717101784,481.4204473381691,100.17407683799382
2105.0,480.67058004821763,481.3923151182571,100.54976340414652
2106.0,480.965198890854,481.3640773930344,100.728782273965
2107.0,481.60350381267534,481.3357893933458,100.17950462730218
2108.0,481.2020019092873,481.3076556491297,100.48757699500652
2109.0,480.8217282974315,481.27943538792357,100.940836802934
2110.0,481.33194482225633,481.2510878362547,100.09664665764544
2111.0,481.1595054503532,481.2229773613184,99.42055606013498
2112.0,481.25278182838383,481.1950567551582,98.31480803799985
2113.0,480.9747765113479,481.1674466799009,100.84333500385259
2114.0,481.3131574265787,481.13912650998725,99.51151845106615
2115.0,481.65817284767564,481.11118035855554,98.45759717621334
2116.0,480.9537408205783,481.08353018334856,98.06043651321987
2117.0,480.8884399645225,481.05599154409447,99.02980028526183
2118.0,481.3022751619414,481.02818067518103,99.19532020925216
2119.0,480.69983776192714,481.0003233227556,99.03058144007375
2120.0,481.05442585793287,480.97251223446784,99.38868864194156
2121.0,480.8081589055166,480.9446005777409,99.78962192974573
2122.0,480.8911772715261,480.9165763255823,99.3569547155899
2123.0,480.54093223908336,480.88867358079966,98.29679070737787
2124.0,480.68608037228523,480.8610685654093,99.19841301851555
2125.0,480.994399839166,480.83321034442,99.1093332674569
2126.0,480.5707469157311,480.80537713999405,100.99564041349454
2127.0,480.43386679371457,480.7770141976446,101.78297135395741
2128.0,479.9089935208008,480.74843014652265,100.0470479350144
2129.0,480.6522233878657,480.72033360056093,97.38445160668583
2130.0,481.23283494730566,480.6929848004014,98.8498757895605
2131.0,480.7014000923292,480.66522446028387,100.71482409693644
2132.0,480.80842874443925,480.6369403805166,101.54670757370288
2133.0,481.2263299396859,480.60842268013965,100.65532892665094
2134.0,480.5573744818518,480.58015530859944,100.55059961549094
2135.0,480.5860376530375,480.55191734854077,100.05430708005251
2136.0,473.49263538200444,480.5238187639691,99.63427954861154
2137.0,480.50470127929736,480.49583813712917,99.00049958385182
2138.0,480.62252891226007,480.4680354968294,100.00582135765966
2139.0,480.42450256962394,480.4399505286648,101.24641124855886
2140.0,480.637600085297,480.4115171615058,101.3910116756267
2141.0,480.2794688432546,480.38304318572693,99.07233820442634
2142.0,480.30550633213863,480.3552203707479,98.98970567027027
2143.0,480.6476285746007,480.3274207617388,97.69213651906317
2144.0,479.9211329598425,480.2999855533996,100.26779818576694
2145.0,480.33760220013676,480.27182701340917,99.47237689684172
2146.0,480.0538499119359,480.24389185423064,98.18770967718316
2147.0,480.2366668211986,480.21631747242964,99.03004833419534
2148.0,480.91291176747256,480.1885065338558,100.7092436117759
2149.0,480.01502091270567,480.16022402127476,100.00901725682718
2150.0,479.52100991897913,480.13213815559516,102.10232360643991
2151.0,479.5361958309099,480.10346441971575,100.30488455398837
2152.0,480.38032543886527,480.0752954646368,100.62066975156635
2153.0,480.2357113030625,480.0470378265482,99.00553194630352
2154.0,479.70641336663033,480.01923377299335,99.736548175458
2155.0,480.1294074413133,479.99122442571405,100.16179337291321
2156.0,479.4204097921121,479.9630956554085,99.61760593329987
2157.0,479.7595761049463,479.9351197110755,98.77888634586624
2158.0,479.81765847357275,479.90737930716006,99.41766273969365
2159.0,479.7922361381985,479.87945951354067,98.91633188549642
2160.0,483.1618655518281,479.85168051033617,100.95409059316526
2161.0,479.718381608518,479.8233292365612,98.97688687470927
2162.0,478.85897481753057,479.79553322749723,98.22467936097715
2163.0,479.6218244282824,479.76794846337674,98.69340624445957
2164.0,479.29170904412126,479.7402320651231,100.79025628719481
2165.0,479.3482184836665,479.71192680148243,100.48330683550762
2166.0,480.04978760494276,479.6837077394794,100.24613552236535
2167.0,479.3117799464839,479.6555552830869,99.4856702974463
2168.0,479.37491556354786,479.6276163906784,99.26400034377254
2169.0,480.1783189015523,479.5997397505818,100.67705145343945
2170.0,479.36385948684523,479.571466278632,100.1797696446329
2171.0,479.1079836090571,479.54333245999015,101.20074895548886
2172.0,480.06709393461614,479.5149119163251,100.97492325351539
2173.0,479.6422145711282,479.4865547920448,99.34414928428392
2174.0,479.52262900237133,479.4586556434541,99.23839201572719
2175.0,478.58194750404806,479.43078619502967,101.08621565045678
2176.0,480.0027515571734,479.40239781613457,98.26301505060952
2177.0,479.09045117791504,479.3748022860745,100.08956428529984
2178.0,479.577894097433,479.3466938001044,99.50584519646162
2179.0,479.4271852265556,479.3187492419117,98.12661444005671
2180.0,478.9857013828709,479.29119201768975,100.35183131275406
2181.0,479.18582143578755,479.2630098783961,98.91483141063355
2182.0,479.01439509756216,479.23523129657497,98.611716587735
2183.0,478.74231458732027,479.2075378394999,100.93424585373596
2184.0,479.58122438583575,479.1791921387893,101.2756223277704
2185.0,479.01254505829496,479.1507505681856,98.32681397473301
2186.0,479.1876024489324,479.123137121261,101.00802952275305
2187.0,479.14968919413064,479.09477069963674,100.55536679356831
2188.0,478.7553466215958,479.06653140079555,99.14637942226119
2189.0,478.8516276700204,479.0386877925744,99.0399169890255
2190.0,478.42966898433576,479.01087408255336,100.90089577690537
2191.0,478.9130708853692,478.982537747656,100.08394434526198
2192.0,478.87318178123684,478.95443083995235,100.14439443158925
2193.0,478.982018413752,478.9263069558495,101.22175916044762
2194.0,478.7215835383104,478.89788051181864,101.41667405131459
2195.0,478.4779523270234,478.8693993291892,99.03879065975556
2196.0,478.5995161340479,478.8415859354789,101.52174590433289
2197.0,478.52641538607253,478.8130752451708,101.1629255090785
2198.0,478.9114844830284,478.78466532359033,100.05588868322033
2199.0,478.69832148813805,478.7565662948518,100.15230919470591
2200.0,477.975056393203,478.7284401880196,100.7643784065824
2201.0,478.8753303607636,478.7001421917504,99.82680185734806
2202.0,478.26140551914204,478.6721074982288,99.08773679678363
2203.0,478.68415577552923,478.64428035881167,100.6622152845476
2204.0,478.0706859033302,478.6160110533527,99.55136568363004
2205.0,478.52023007511434,478.5880537114898,101.53962642104308
2206.0,478.76869871232395,478.5595379997366,100.9320140902187
2207.0,478.62854180498687,478.5311929257795,100.15406546949541
2208.0,478.9863135313619,478.5030663257269,98.64792577480448
2209.0,478.7232872707992,478.47536269990513,100.29306554924375
2210.0,478.38924129362255,478.4471970639967,102.30483115246624
2211.0,478.83339167746425,478.41846645724803,98.42838754646169
2212.0,478.4177917299365,478.3908244850788,99.30584980447979
2213.0,478.3341085600318,478.3629360922587,100.27621202045407
2214.0,478.12380094964175,478.3347751893829,100.28967972176734
2215.0,478.59491182757506,478.30661050432775,99.99705704448702
2216.0,478.57112145012684,478.2785279974744,100.17153827250547
2217.0,478.25506481332485,478.25039649047625,100.42734852312142
2218.0,477.54798258490746,478.22219314343266,100.92180526236739
2219.0,478.5283993942533,478.1938509364548,100.60511247637099
2220.0,478.6022017656023,478.16559766736765,99.50333795330926
2221.0,478.2234402623292,478.13765381329245,99.67756521693428
2222.0,478.31423576255384,478.109661030394,101.7010316223773
2223.0,477.8718074325728,478.08109999068006,100.36166316230619
2224.0,478.32251065537974,478.05291509027535,100.8347956517676
2225.0,477.53757413134304,478.02459731849643,99.09808585440436
2226.0,478.1218290512997,477.996767272719,100.37499594704086
2227.0,477.49458550357843,477.9685786280239,99.28856931835
2228.0,478.0566406530266,477.94069508814033,100.68563720036364
2229.0,477.576185451839,477.9124192050266,99.18495837930628
2230.0,477.22675857515605,477.8845647625484,97.9300649202217
2231.0,477.6044380424757,477.8570627359832,100.28864948691609
2232.0,478.01692381526675,477.82889834025235,98.79144114900444
2233.0,477.58854435949723,477.80115441052965,100.22228205860034
2234.0,478.0439835768997,477.77300865298486,99.89841823106003
2235.0,477.6556736232139,477.7449538471983,98.47196859928452
2236.0,477.5391606063345,477.7172996360167,101.9908698268837
2237.0,478.4980674242885,477.6886572000737,101.04145899212104
2238.0,477.2293215213292,477.66028139034006,100.04698345797924
2239.0,478.11517885000006,477.6321848624856,98.82103333697069
2240.0,478.2147989935625,477.6044326222901,97.83390855368548
2241.0,477.13736228747683,477.5769575996379,99.69572028908122
2242.0,476.2812151107152,477.54895971819013,100.53946433739056
2243.0,477.70354955216004,477.52072488528864,99.55618781167307
2244.0,477.28175576634976,477.4927661892116,98.78256482987317
2245.0,477.1459105643835,477.46502475225515,100.12166659870675
2246.0,477.44410374420346,477.4369072508854,99.26268233044868
2247.0,477.7091516323462,477.4090309809309,99.94989484980837
2248.0,477.53110119995057,477.3809617187939,99.8405216328664
2249.0,477.4326218679135,477.352923172302,100.121149733704
2250.0,477.4335220665997,477.32480581608513,100.55311169954331
2251.0,477.30131092907914,477.2965671505495,100.53409087738585
2252.0,476.33401079725564,477.2683338266948,103.21621651573432
2253.0,477.0652911970153,477.2393472725566,98.25970549035856
2254.0,477.48190362889125,477.2117526719314,98.63704424059057
2255.0,477.4063367893536,477.1840521020072,101.88148185880854
2256.0,477.29585765145754,477.1554403858518,99.02961562483537
2257.0,477.71148331630474,477.1276295687972,100.43158320873937
2258.0,477.3153588476839,477.0994250325127,100.17339612017494
2259.0,477.6291974818621,477.071293003769,98.97373386179217
2260.0,477.10160300183685,477.0434978801761,100.04375460159066
2261.0,477.0424106963831,477.0154022590922,99.85748519252417
2262.0,478.09143487793114,476.9873589486673,100.13372465255847
2263.0,476.47683401505395,476.95923806099404,100.50206899769171
2264.0,477.89685186870565,476.9310137299505,99.70318560281925
2265.0,477.278341800501,476.90301375199374,98.92700572686536
2266.0,476.68585610080714,476.87523175121873,99.78689125339635
2267.0,476.7862710325561,476.84720826592513,99.41897527763497
2268.0,477.08019439783413,476.8192881037013,98.56222107480612
2269.0,476.3283811123194,476.7916085466161,100.32559040077642
2270.0,476.58552289295926,476.7634337766453,100.04542891116054
2271.0,476.60916830387185,476.73533768535935,100.44617032569563
2272.0,476.90513788750724,476.7071290525262,99.63587681629002
2273.0,476.33391232401686,476.6791479771203,98.76818676442915
2274.0,476.62705417611704,476.65141057800395,101.04434230746928
2275.0,477.1451658134112,476.6230339585393,100.86684149519611
2276.0,476.3889844317447,476.5947071872194,100.27860647829085
2277.0,477.658458261928,476.5665456119001,99.83173997903786
2278.0,476.47814957363124,476.5385095315893,98.29084873525044
2279.0,476.1550723060821,476.5109061849028,97.38556827407191
2280.0,475.92394137004646,476.4835570711458,101.12777072360922
2281.0,475.95457452487756,476.4551570222009,100.7710220500497
2282.0,476.1651194035091,476.4268571601752,101.1985490313223
2283.0,476.6040963972449,476.3984372343223,102.1868593891842
2284.0,476.043115470611,476.36973975797713,99.15594112450759
2285.0,476.7070825827617,476.3418934645114,101.31325565213696
2286.0,476.4175874035606,476.3134413252157,99.5693279208734
2287.0,476.39079416683995,476.2854789389579,99.63435388374022
2288.0,476.2404085778622,476.25749829124226,100.81133570348722
2289.0,476.2883076910843,476.22918710779885,99.68710128368502
2290.0,476.1057805598257,476.20119164685497,101.54489121556263
2291.0,476.3370332647407,476.17267445657194,100.51345998014685
2292.0,476.36695966589906,476.1444469265609,99.78966781128295
2293.0,476.5637522987635,476.11642266151716,99.70091579004081
2294.0,476.3779259394332,476.0884233209995,99.15935300552795
2295.0,476.2275021588232,476.0605760693638,100.31759506408139
2296.0,476.0430162533863,476.03240354474997,100.92003031780253
2297.0,476.2022654725674,476.0040618362357,100.17036850234247
2298.0,475.49458160424155,475.97593065774794,99.63356308742031
2299.0,476.32705717537294,475.94795023211424,98.66582291526132
2300.0,475.84052389316247,475.92024158017887,99.80646102284635
2301.0,475.5888715962648,475.8922125990416,100.6880186283132
2302.0,476.57818397219313,475.8639360471435,101.97799200089962
2303.0,476.68616108226894,475.8352972277233,98.73576202689314
2304.0,475.15939576812843,475.807568934554,100.07690166364837
2305.0,475.0478585389969,475.77946400467016,101.0322586411644
2306.0,475.1533383393617,475.7510907787018,99.72532193674643
2307.0,475.3277500929534,475.72308458412454,98.34027505166928
2308.0,476.31999189773313,475.6954673568809,99.92461956391942
2309.0,475.38854679668987,475.66740519288663,99.62765214361723
2310.0,475.46173219449344,475.639426427243,99.72766688234688
2311.0,475.7003065446436,475.61141957412684,101.38570753471767
2312.0,475.6493902276355,475.5829470879275,101.44787311836347
2313.0,476.28368047122245,475.55445714356017,100.81060430324662
2314.0,475.7007281915714,475.5261461655183,99.47660277400342
2315.0,474.89726724061035,475.4982098195726,98.60000182360521
2316.0,475.7805256026816,475.4705196523939,99.34250520889411
2317.0,475.16872813789126,475.4426209655143,102.23209350272623
2318.0,475.33435703339524,475.4139107859223,101.10766149300335
2319.0,474.71931804433814,475.38551638431966,99.62274883534762
2320.0,474.72237349264594,475.3575389956884,100.46391155652891
2321.0,476.0696675770176,475.32932538052626,100.87283656490271
2322.0,475.2561920091057,475.300996925591,101.28907968137483
2323.0,475.60874865865776,475.27255157571375,100.71831635682067
2324.0,474.7956241397868,475.24426651520355,100.99810478508535
2325.0,475.2186320784525,475.2159028807764,100.43497067245853
2326.0,475.14207822911885,475.18769739317923,99.3745538084799
2327.0,475.3411250457453,475.1597897059847,99.36953034960088
2328.0,475.01491013699274,475.13188342954487,101.28748825212128
2329.0,475.17034473899787,475.10343852659406,99.75327481594938
2330.0,475.3802829792298,475.07542448191657,98.3012018474933
2331.0,474.80741377334925,475.04781822773106,99.17334300747275
2332.0,474.8934836042619,475.0199670472365,99.3299699765055
2333.0,474.1197393045716,474.9920718806681,100.94247410467328
2334.0,474.6590258336211,474.96372386919035,99.75516402106743
2335.0,475.3493611951194,474.9357092939611,100.54637800270514
2336.0,475.01515148844084,474.907472519472,99.95112885603804
2337.0,474.5169184424528,474.87940291078496,99.45177502192327
2338.0,475.2216144787607,474.8514735372996,99.77071890777573
2339.0,475.2150590122083,474.82345459373965,100.98212871499672
2340.0,474.29472642158555,474.79509544592554,101.20633072712144
2341.0,474.7093373274188,474.76667333471306,99.95817335421332
2342.0,474.9898606730058,474.73860174769607,99.27146306369991
2343.0,474.5928851688206,474.710723011819,101.43417747441731
2344.0,474.9123986233379,474.68223691364494,100.10756677154073
2345.0,474.21892629006567,474.6541233719766,100.2730160917588
2346.0,474.9209463739513,474.62596336662415,100.63827543649734
2347.0,474.03207691252226,474.5977007842724,100.00612249043321
2348.0,474.24625323042295,474.56961573153967,100.59426847286093
2349.0,474.29905758905556,474.5413655078102,100.85983304422379
2350.0,474.61518174639616,474.51304070469695,100.06908658920706
2351.0,475.08168501352213,474.4849379695465,100.71405293733973
2352.0,474.45208183925035,474.4566541063466,100.82721436967165
2353.0,474.06697353086224,474.4283384636445,99.44628437493627
2354.0,474.12091509663,474.40041063211584,101.51386290740706
2355.0,473.9803415004727,474.371902155616,98.1054070082036
2356.0,474.51043982205937,474.34435088714787,99.61163654783853
2357.0,474.457234665581,474.31637661921735,100.01711925917675
2358.0,474.63509978860407,474.2882884782254,101.15098015687471
2359.0,473.72171821765374,474.259881911298,99.82949044268157
2360.0,474.04210030305086,474.23184646273205,99.91950378198756
2361.0,473.84447763890927,474.2037857354199,99.65505478426408
2362.0,473.5804414204896,474.1757992742013,99.7096683256173
2363.0,473.5756973223718,474.14779747567985,100.2138562769958
2364.0,474.2503403686788,474.11965408437544,99.50838232416349
2365.0,473.86136468872064,474.0917088136727,101.16377109922261
2366.0,474.2837233039049,474.0632986546224,101.20620446160457
2367.0,473.96797586320884,474.0348765788694,100.07429573881737
2368.0,474.3664656747965,474.00677238081613,100.33386767038597
2369.0,474.3622021004328,473.978595286312,100.20076666580658
2370.0,473.8552775945699,473.95045557100667,97.03376584029756
2371.0,474.0994650294867,473.92320525509984,100.36731148160725
2372.0,473.5733989531513,473.8950187684588,100.99293090942483
2373.0,474.2872185092358,473.8666565870284,100.58930872794768
2374.0,474.74011761894604,473.8384077561606,99.10287858903276
2375.0,473.95532848385653,473.8105763644235,100.31600543488688
2376.0,473.33008941023553,473.7824042862306,97.97860089679784
2377.0,473.21963076103214,473.7548886291454,99.02783760098517
2378.0,474.0204579383653,473.7270783114191,100.01332205653473
2379.0,473.49574652672766,473.69899123680824,99.72461313518204
2380.0,473.8735482728068,473.67098524128613,101.30804016624472
2381.0,473.2137219266975,473.6425345666728,99.50749674296316
2382.0,473.5490458780542,473.61458954467076,101.14415530678929
2383.0,474.05994092806947,473.5861848943888,100.5879127796216
2384.0,473.486668310698,473.55793645554985,99.77387452862696
2385.0,473.4589735489862,473.52991662578637,99.86175190281136
2386.0,473.6435794465102,473.50187211712705,99.2623744363529
2387.0,473.5615824958128,473.47399593363946,99.20430224583964
2388.0,473.4417709223265,473.4461360587588,100.48331974858606
2389.0,473.433684930854,473.41791699312944,101.20166013962172
2390.0,472.8727642777924,473.3894961935735,99.81016698849534
2391.0,473.7542800011718,473.3614661716776,99.69632141880014
2392.0,473.14746312380987,473.3334681214124,98.95936787297772
2393.0,472.5698411545261,473.3056770322681,99.67927079105537
2394.0,473.66449204471405,473.2776837703877,100.1078358863441
2395.0,473.4361061252297,473.2495701531429,100.82809325660901
2396.0,473.7082795195095,473.22125426362,100.29083638822648
2397.0,473.1606315561297,473.1930892537343,99.38338162869604
2398.0,472.656025445788,473.1651790873936,101.10715722270857
2399.0,473.3056955249976,473.13678482740687,99.39131502699838
2400.0,472.89271744384564,473.10887243310344,99.85197147861183
2401.0,473.2862165275211,473.08083067111323,98.5125698053953
2402.0,473.00709881788663,473.05316505775954,101.11570182120239
2403.0,473.753858678258,473.0247683981648,99.61704217845484
2404.0,473.2986816119783,472.99679261215294,99.17858835602914
2405.0,472.76674233938934,472.96893995858966,100.38609803422632
2406.0,472.8126289916806,472.94074819605834,101.4380203969393
2407.0,473.4381255522268,472.91226101866357,99.54100235606727
2408.0,472.85533365516585,472.88430658716857,101.04893369898569
2409.0,472.84600459516645,472.8559286782881,99.96892505691855
2410.0,473.35902678262033,472.8278540718346,100.95968394617184
2411.0,472.6357895659734,472.7995012272597,100.6992962753499
2412.0,472.79192061207686,472.77122150822237,99.03069591667264
2413.0,473.452578366259,472.74341038778573,102.26488788936042
2414.0,473.76624009928383,472.7146909984369,99.94464789688178
2415.0,472.4062202476495,472.6866232098191,100.89200635726412
2416.0,472.4561285475507,472.6582893713672,99.91047120593761
2417.0,472.3315962045667,472.6302311807035,100.56385320479055
2418.0,472.5440137997636,472.6019894985952,100.52146073815936
2419.0,472.3441085944684,472.5737597217045,99.3023756601313
2420.0,472.6758076698742,472.54587230453996,100.56140218512869
2421.0,472.18135562400875,472.5176313107596,99.57396909614975
2422.0,472.982398457585,472.4896676211051,99.7463266916096
2423.0,472.9113749726783,472.4616555276926,100.82365759304508
2424.0,472.6324194229686,472.4333408838518,99.91882936097737
2425.0,472.5537236668216,472.4052803459397,99.04841150432037
2426.0,471.96923486828547,472.3774642503755,99.87418522370186
2427.0,472.4058809474351,472.34941625002523,99.02974638832585
2428.0,472.02856403308226,472.32160539624783,99.57522524976403
2429.0,471.6367126365079,472.29364135382355,98.90124503475184
2430.0,471.85112472092965,472.26586658750955,99.37281293281531
2431.0,472.55141766822373,472.23795938921097,101.12140664456865
2432.0,472.3055019277059,472.2095611275116,100.16470732507003
2433.0,472.4758631383983,472.1814315388711,99.7990048659027
2434.0,472.2923512192689,472.1534046516713,99.54454064729161
2435.0,471.97049836457273,472.1254492265062,99.84062844429961
2436.0,472.3671983395749,472.0974106500181,98.39948626190328
2437.0,472.0624355890394,472.06977679429286,99.184530458274
2438.0,472.17669865869163,472.04192247198915,99.14455880237234
2439.0,472.9995485641055,472.0140793750588,99.8525196784556
2440.0,472.00881728087984,471.98603745911583,100.94715301247992
2441.0,472.29585722396826,471.9576881336448,98.71893553737348
2442.0,472.0256298825022,471.9299645659147,99.75071656233479
2443.0,472.164309228957,471.90195123968016,100.91768469666336
2444.0,472.82101762252483,471.87361018989446,102.23485676930927
2445.0,471.8442563525257,471.84489923428515,97.48327406005224
2446.0,472.01772042551164,471.8175226814866,99.24816608983132
2447.0,471.57594682623284,471.7896504881764,98.51341281183292
2448.0,472.71900350907634,471.76198463807833,100.40505707693457
2449.0,471.2348270979404,471.73378755121587,99.20109920688188
2450.0,471.4033810366003,471.70592857585535,98.91035673387242
2451.0,471.3556531556233,471.67815125067256,101.53537111600988
2452.0,471.3090650152902,471.6496367339508,100.68229690713147
2453.0,471.7549441752472,471.62136178890273,102.25192092002058
2454.0,471.0949838248739,471.59264604111104,99.00506767001066
2455.0,471.4146284116857,471.5648421179404,100.138545418149
2456.0,471.93954525599617,471.53671987643537,101.81670527317229
2457.0,471.2578162000802,471.5081263517045,100.83909411217417
2458.0,471.02897520952746,471.4798073727747,100.04864239408268
2459.0,470.9706141768899,471.45171037903566,99.57263849000735
2460.0,471.6634119875925,471.4237470630597,100.83136315956293
2461.0,470.6638476399167,471.3954302552391,99.2451853178251
2462.0,472.0629035393632,471.36755889902906,98.60297249076933
2463.0,471.91703373013974,471.33986789758785,100.50606185406488
2464.0,471.1015792298625,471.31164244521716,99.67040672130611
2465.0,471.61932452790876,471.2836516726629,100.88584887856958
2466.0,471.560458619877,471.2553195634362,98.56649598684062
2467.0,471.3235151969384,471.2276388058132,100.55960273442946
2468.0,470.84757046441086,471.19939831737867,100.46406404275803
2469.0,471.04716884967297,471.1711846593933,100.00813762178683
2470.0,471.1421983256824,471.1430990407445,100.16991300015988
2471.0,471.34460655018836,471.114967990177,99.08645843688625
2472.0,471.0530509766442,471.08714120976595,101.30561470432798
2473.0,471.1557840497851,471.05869121630315,98.57627347085536
2474.0,467.8547759057314,471.03100771283675,100.66764048544212
2475.0,471.85458260482835,471.0027368838004,100.08873770581512
2476.0,470.6041652064989,470.97462862996133,98.87965968784025
2477.0,470.8252761563655,470.94685992553235,99.61388221563642
2478.0,470.86566526505885,470.9188850269435,98.92378295641372
2479.0,471.24068345718405,470.8911039312299,101.1649323883098
2480.0,470.6693921678324,470.8626934460508,98.99713919964059
2481.0,471.3647550079447,470.8348917494589,101.06348122155985
2482.0,470.64134048935205,470.8065097551492,99.68702459590364
2483.0,470.6872832238725,470.77851431574186,100.96019654874306
2484.0,470.88486988871557,470.75016132721106,99.14549884421724
2485.0,470.84277998704124,470.7223179662857,98.51865929692066
2486.0,470.8228866639392,470.6946506427998,99.04770441419288
2487.0,470.8578967813998,470.66683474581015,100.76873248562588
2488.0,471.05351839045056,470.6385355267704,100.861133925917
2489.0,471.1802120544157,470.6102103583262,100.87251729895401
2490.0,469.75775053554025,470.58188199305147,97.90560385759684
2491.0,470.89503003442235,470.55438683596805,99.93569099944601
2492.0,470.70396904978116,470.52632156274575,97.64454195512344
2493.0,470.2884004726945,470.4988997205467,101.65730131928177
2494.0,470.10725799594945,470.4703509617595,99.2471161113521
2495.0,470.1226927211696,470.4424790633183,100.74749223667162
2496.0,470.4050939508356,470.41418580924847,100.77809608826513
2497.0,471.25884126251555,470.385883960597,101.47570348354256
2498.0,470.88307238012476,470.35738620053536,100.68240122032415
2499.0,469.8199259000272,470.32911122619265,101.10980753059143
2500.0,470.2874994397629,470.30071622191116,100.32759658817183
2501.0,470.13851991283644,470.272540888536,100.3994123383203
2502.0,470.180860730947,470.2443453869043,99.742158739464
2503.0,470.99157884854657,470.21633446399164,99.40808979590432
2504.0,471.02452626704707,470.1884173587739,100.90113926935615
2505.0,470.36077521174485,470.1600809554958,100.80475325344801
2506.0,469.9344143579136,470.1317716206238,101.03440976797896
2507.0,470.3667418693933,470.10339779054726,99.9340026191934
2508.0,470.11392270252264,470.0753329914784,100.13594329503177
2509.0,469.8672294849267,470.0472114807364,100.9366930894428
2510.0,469.09193091586866,470.01886509276045,101.47437419463787
2511.0,470.07543164726155,469.9903677060075,98.71330756964599
2512.0,469.82470974013785,469.9626457187983,102.7853005451802
2513.0,470.1408669509174,469.93378018022855,99.77096350250604
2514.0,469.41284132095217,469.9057611679782,101.06213862612974
2515.0,469.7372919586316,469.87737955071407,99.30493245250047
2516.0,469.3901355019087,469.849491415517,100.45834289262514
2517.0,470.26420421955106,469.8212793642213,98.91521695113717
2518.0,469.3327357590926,469.79350067412753,100.4277144938301
2519.0,470.1960117825687,469.7652972243072,99.79906533735722
2520.0,470.2302828873713,469.73727032012494,99.75207727084154
2521.0,469.4229639328167,469.709256611758,98.99215960508995
2522.0,469.2815112786325,469.68145631360227,98.90859601019321
2523.0,469.66363808678176,469.6536794828894,99.38161561149718
2524.0,469.9327310092949,469.6257698125052,99.7576885644352
2525.0,469.8721196042009,469.5977545283,99.04325604270565
2526.0,469.12070642514686,469.5699398805613,100.93205555701905
2527.0,469.9545728591562,469.54159479495905,100.2086169014535
2528.0,469.3947683351789,469.5134528750459,98.88637723951955
2529.0,469.46653154374405,469.4856822841045,99.70438716787989
2530.0,470.25819993919373,469.4576819687082,101.44171390950696
2531.0,469.0875257673827,469.4291937540519,99.80164061895438
2532.0,468.89304702009116,469.40116612664474,101.32302283828179
2533.0,468.71621455708936,469.3727112443977,100.83432294910767
2534.0,469.53717543655466,469.3443936053695,100.36615271336164
2535.0,469.5891476357281,469.31620744414914,99.46230028419073
2536.0,468.9531476745375,469.28827511481927,99.33817096684083
2537.0,469.8047004132061,469.2603776451395,98.91468744957679
2538.0,469.451835301766,469.23259910374736,100.48540890223231
2539.0,469.891941474697,469.20437945141396,100.77969941732172
2540.0,469.48245241233934,469.1760771524943,101.48575430901163
2541.0,469.6692888813637,469.14757656982584,100.24254796135084
2542.0,469.2432468879327,469.11942512094004,100.45669535939103
2543.0,468.5303009887218,469.0912135323266,100.91674201988884
2544.0,469.6610408811975,469.062872747276,100.00257110357508
2545.0,468.4460422405144,469.0347886918911,99.87569436681623
2546.0,469.4207452680244,469.0067402677231,98.33918660220043
2547.0,469.34270948774855,468.97912334615233,98.67299247380448
2548.0,469.3002382707414,468.95141268076594,99.44149585335488
2549.0,468.3449510637873,468.9234861940138,99.02498622638261
2550.0,469.4721546383481,468.8956766770485,100.6653591645805
2551.0,468.333336546918,468.8674064886832,98.60476168507189
2552.0,468.23429056093795,468.8397149847766,100.3212683912571
2553.0,469.6490839681227,468.81154142857,100.74280278305486
2554.0,468.21673996725934,468.78324949145514,99.47543389259823
2555.0,468.47812406505864,468.75531347377034,99.3791605870693
2556.0,467.9377322619195,468.72740449283873,100.77035329565763
2557.0,468.90925914118844,468.6991048186216,100.44854647527424
2558.0,468.39871329437375,468.6708955184864,100.88309159961017
2559.0,468.1718717820673,468.64256418359554,99.53108120677445
2560.0,468.5903576114294,468.6146125382899,99.70833112588218
2561.0,468.1063747079292,468.58661111529875,99.99243737103414
2562.0,469.031009463852,468.55852990580377,99.47906089417627
2563.0,468.4349582888451,468.53059286953595,101.14737487046995
2564.0,468.2738296704347,468.5021873150932,100.58817111651703
2565.0,469.1763609086814,468.4739388037046,100.8674251433564
2566.0,469.13317393581315,468.4456118684769,99.9114026901578
2567.0,468.91868128110457,468.4175534162214,99.37439925992392
2568.0,468.46510055058525,468.38964577242916,98.87638620158472
2569.0,468.1898661286133,468.3618779873043,98.99780393734424
2570.0,468.258679800419,468.33407610403185,98.87270793177507
2571.0,469.15581701579316,468.30630935188765,100.0305363947909
2572.0,468.0363969229756,468.27821744291685,100.57848004970218
2573.0,467.8360018517548,468.2499716531029,100.43513793369871
2574.0,468.6824064562,468.22176611853314,100.02484764865326
2575.0,467.85907723929154,468.1936758071518,99.25387913176583
2576.0,468.3253712494321,468.16580200942894,98.46302935839961
2577.0,468.30764259826327,468.13815030868415,99.8306868771093
2578.0,467.7582213619425,468.11011452411947,100.06339273219481
2579.0,468.1391791701273,468.08201338799387,99.5354133592139
2580.0,468.2109239989215,468.0540605260755,101.15571885560293
2581.0,467.79271067074814,468.02565262836356,101.10209772205846
2582.0,468.1045188058259,467.9972597892533,100.83969119342555
2583.0,467.7765263896847,467.96894064264313,99.1373608623736
2584.0,467.928219457403,467.94109956713424,100.3662603845618
2585.0,467.7219145607526,467.9129133756763,99.35429052390946
2586.0,468.26968104056,467.8850113790874,99.68776160833231
2587.0,467.057649179484,467.85701573270245,100.47636369226109
2588.0,467.8979308790563,467.8287986205656,99.19112007167256
2589.0,467.8319072731378,467.8009424476788,99.09346668346708
2590.0,467.59067655435746,467.7731136991185,100.9804263315569
2591.0,467.4851157055219,467.7447550293904,99.79546864606274
2592.0,467.5893484048566,467.7167291352789,100.37321506312712
2593.0,467.34930491658747,467.68854099071535,98.83340169956224
2594.0,468.2492846904249,467.6607852770714,99.8806487517632
2595.0,467.7580860716026,467.632735461547,99.86765798503244
2596.0,467.84983622627436,467.6046892942628,99.58812502030696
2597.0,467.7626543432061,467.576721629153,98.97064766657829
2598.0,467.79747941134076,467.54892737226663,99.59315274963997
2599.0,467.39742583133847,467.5209582952027,100.05924922423381
2600.0,467.87547343164925,467.49285832271227,100.34901195875891
2601.0,467.421000791895,467.4646769751872,100.12558323393957
2602.0,467.6182059605908,467.43655837389565,100.29375224434621
2603.0,466.957446751115,467.4083925451403,99.32733151330267
2604.0,467.68097213013425,467.3804981195404,99.27019079064789
2605.0,467.620974550417,467.35261974096,101.51196126781937
2606.0,467.56376267989737,467.3241117985039,100.95737655549411
2607.0,466.95474317531057,467.2957596019213,101.25561947463291
2608.0,466.8565265937481,467.2673236487855,99.31651202246537
2609.0,467.0165939468624,467.2394322616592,100.46975793113842
2610.0,467.43872259012846,467.2112170046402,98.95767351423811
2611.0,467.6538849618182,467.1834263913282,101.25461291486619
2612.0,467.33439406714257,467.15499072086806,100.90076606951435
2613.0,467.3219413620903,467.1266544223968,99.92496465956877
2614.0,466.8954195545697,467.0985921614883,99.58519634514934
2615.0,466.7826391865056,467.070625318848,100.41169050811162
2616.0,466.7921952282006,467.042426369097,100.52015429078837
2617.0,466.899799385333,467.01419695910033,98.99163224277873
2618.0,467.50010623058967,466.98639680904546,99.92553714836896
2619.0,467.26016658235466,466.958334387363,98.66965269593364
2620.0,466.7303422462898,466.9306246598975,99.48401441242241
2621.0,467.3008981695438,466.90268623251666,100.28810585347688
2622.0,467.1265335104729,466.8745219894562,98.9814151287733
2623.0,466.458910953812,466.8467247087075,98.05771507962935
2624.0,466.649259879764,466.81918683372265,99.97129509931769
2625.0,466.4520054005869,466.79111156168227,100.08422358223744
2626.0,467.696588685137,466.7630045755596,98.55322926657395
2627.0,467.0372723100165,466.73532754367386,99.84095705796813
2628.0,466.10036332179715,466.70728887490014,98.88150862894287
2629.0,466.08429943534406,466.6795196512268,99.59171430396543
2630.0,466.18414588149625,466.65155097812647,99.35285976169894
2631.0,466.697913590405,466.6236493833434,99.20584166637289
2632.0,466.3829052639289,466.59578907614207,99.94869511652429
2633.0,466.6383359796904,466.5677201509302,98.71708252301396
2634.0,466.0323003019797,466.53999710358835,100.54129272608915
2635.0,465.5863955559258,466.5117617572144,101.05599488928348
2636.0,467.0388389960068,466.4833818653163,96.96721684872789
2637.0,465.53405750336606,466.45615023858466,100.32865435855804
2638.0,466.3145328961495,466.42797460815234,101.93481064052347
2639.0,466.38148017089935,466.3993479154974,101.4995640359867
2640.0,467.0051206182751,466.3708434545973,99.0795351055905
2641.0,466.8767989744901,466.3430186184885,100.57796841315506
2642.0,467.25025474258376,466.31477297235915,100.05393802655114
2643.0,466.6017309883169,466.28667449143,100.3440158260474
2644.0,466.5259556652043,466.2584945469855,101.03665743803707
2645.0,465.4921740956531,466.2301200856884,99.55353765686439
2646.0,465.1601157016819,466.202162133863,100.61547885476352
2647.0,466.1255006497637,466.1739059535513,100.54702148855601
2648.0,466.149184325972,466.1456689983499,99.31164300342809
2649.0,465.9293187101743,466.1177789786065,98.14443100442031
2650.0,466.446833943371,466.0902167508994,101.6493005175833
2651.0,466.36692757091095,466.06167023900406,101.21211429495335
2652.0,465.8763782848119,466.0332465035729,99.05026258600348
2653.0,465.1243695049328,466.0054298881633,97.33360694931235
2654.0,466.41746491780646,465.9780953668784,100.6835502163598
2655.0,465.7660003391944,465.94982006985936,100.25673303084696
2656.0,465.9601171593323,465.9216646373331,100.08036976562377
2657.0,465.81886078726916,465.89355873349064,100.7993066752213
2658.0,465.4335572255553,465.8652509281993,99.4770352220173
2659.0,466.3076552045805,465.8373144608078,100.13144898671905
2660.0,465.88443226936255,465.8091942122174,100.84418429744463
2661.0,465.8951894770136,465.7808738037939,100.70143168018738
2662.0,465.9089555234177,465.75259348506364,101.82698001005159
2663.0,466.0577273717643,465.72399707484414,99.43174540645954
2664.0,464.89818911099854,465.6960733263425,101.03213086542691
2665.0,465.94860942970564,465.6677001362578,100.92156906812565
2666.0,465.5708651460744,465.6393579956112,99.68015282953148
2667.0,465.94602028349857,465.6113644860249,98.90741904128456
2668.0,465.7280934986632,465.58358798584413,101.81208933997658
2669.0,465.83209746060857,465.5549957574212,100.2419271931247
2670.0,465.4647107750694,465.5268444828678,99.58817692085849
2671.0,466.1696562794519,465.4988768031825,97.79539048853444
2672.0,464.7770482156005,465.47141259768694,99.00687895149989
2673.0,465.5633458002795,465.44360816584805,101.56157634581469
2674.0,465.7230653628327,465.4150862898243,100.74354489873564
2675.0,465.56520409128325,465.3867941442986,98.45152362542771
2676.0,465.55556029407387,465.3591456747471,99.93279209397308
2677.0,465.3094120579301,465.331081215634,99.73593823045054
2678.0,465.6546822205832,465.30307203964765,99.62351236001119
2679.0,465.095628623412,465.27509443659324,99.10877452653003
2680.0,465.2290030138407,465.24726138908034,98.65138421301089
2681.0,465.79959419318936,465.2195567920139,99.79945300704631
2682.0,465.26396753254573,465.19152977896107,100.30510742853629
2683.0,465.6979402511084,465.1633607612916,99.91513039045694
2684.0,464.5586314580867,465.1353012621736,99.73652555201222
2685.0,465.1262492007171,465.1072919212477,99.31746348038436
2686.0,464.9480564804843,465.0794002669203,100.16320676473788
2687.0,464.13757047792325,465.05127109968726,100.66048947744724
2688.0,465.8278604121841,465.0230022788923,99.8813412871798
2689.0,464.83583548688705,464.9949522688808,99.9677088879009
2690.0,464.399402973232,464.96687800396813,99.96988142152105
2691.0,464.81173716687937,464.93880312893555,99.16192984263539
2692.0,464.1460669148483,464.9109551536381,100.02167672007312
2693.0,465.36639737084573,464.8828657327592,98.79495709719582
2694.0,464.54670571996206,464.8551208156411,98.94778298209582
2695.0,465.1238632299592,464.8273329799203,99.77684598389988
2696.0,465.17678047008076,464.79931231567315,100.37030445051461
2697.0,464.61565483586185,464.77112498850664,100.05976167604796
2698.0,465.3456902651278,464.7430248721026,101.15822743326078
2699.0,464.731096786609,464.7146162698984,99.87413914802583
2700.0,464.5068164174257,464.6865682824877,101.03263593050973
2701.0,464.603799581812,464.6581949505638,100.92151062162422
2702.0,466.1084657065637,464.629852826331,99.0511151966285
2703.0,464.35027141990264,464.6020359714799,100.04295661734078
2704.0,464.41989306543616,464.57394057449653,101.49475832383905
2705.0,464.6894073843603,464.5454374632005,100.4992667707666
2706.0,464.3257161396141,464.51721391911576,100.1984719302932
2707.0,465.347956050623,464.48907484824866,100.12520372575024
2708.0,464.310631394704,464.46095635353566,100.27926516300069
2709.0,465.35035669181764,464.43279459323577,99.67749386074678
2710.0,464.6285695351104,464.4048018303765,99.72902862563046
2711.0,464.35038275985113,464.3767945948375,100.27749369511507
2712.0,464.6903714475037,464.3486333320248,100.98716786070831
2713.0,464.451847667222,464.32027276905063,99.83526092009612
2714.0,464.7391240582382,464.2922356999422,99.53091131434215
2715.0,464.27056618687106,464.2642841023481,100.44729396449074
2716.0,464.2961201874067,464.23607515395975,99.66722850655587
2717.0,464.31806378293663,464.20808527395417,98.6690169099729
2718.0,464.25691243108747,464.18037572503863,101.23282816491552
2719.0,464.0070267235543,464.15194617246226,100.19179580464673
2720.0,463.84561219689596,464.1238089764738,100.47661889824397
2721.0,463.81576788998564,464.09559179266654,101.74343857745934
2722.0,464.07923495709076,464.067018843666,97.93278887712003
2723.0,464.28994861699937,464.0395160521231,99.95928133982655
2724.0,464.35631509705223,464.01144415394674,100.3134816009883
2725.0,463.79150504189556,463.98327278453047,100.10419657128116
2726.0,463.9030294907684,463.95516018932676,97.89924712640138
2727.0,463.61404068872696,463.9276668174254,99.99232702348209
2728.0,464.0937644993816,463.89958563891963,97.99118709443555
2729.0,464.7895849835163,463.8720664472106,99.97259308939046
2730.0,463.822592832277,463.84399081065135,100.53853481615185
2731.0,463.28862946592875,463.81575623879047,102.07789165833762
2732.0,463.7914293000405,463.7870893642164,100.75424855522299
2733.0,464.0246310085728,463.75879421274715,101.8407972750011
2734.0,463.63113641533926,463.73019392217907,98.80674268427988
2735.0,463.62516317367607,463.7024456952753,98.50125641012801
2736.0,463.35133901701795,463.6747832591001,99.24195704605991
2737.0,463.66067198393193,463.6469128094963,99.13767168367372
2738.0,463.95782969306265,463.6190716466985,101.34845129749901
2739.0,463.8453454082668,463.59060962329244,98.89801886921394
2740.0,463.9012015701756,463.56283576299336,99.8928536245542
2741.0,463.36540662286285,463.5347825199338,100.75015897837787
2742.0,463.01981692942616,463.506488516954,100.37884660587609
2743.0,463.5336237231556,463.47829879086555,100.57201657444779
2744.0,464.06762746348386,463.45005481621087,99.95319533784335
2745.0,463.6924051709785,463.4219846271868,100.91067806052847
2746.0,463.8910982284835,463.3936455450982,100.62050983755577
2747.0,463.144557097178,463.36538795191876,99.37734780983342
2748.0,463.4204422041408,463.33747948007556,101.5034392520665
2749.0,463.02745917091625,463.3089739308856,101.72942030367496
2750.0,463.35484287851665,463.2804049186836,101.04219054329066
2751.0,462.95156666751546,463.252028903506,99.3179319901603
2752.0,463.1903497082422,463.2241371176055,100.6792945772758
2753.0,462.60475911716316,463.19586301571167,98.78896988928203
2754.0,461.5721732754577,463.1681197800011,99.01294178404787
2755.0,462.5195016630842,463.14031364551676,101.46201273619938
2756.0,463.40857136610697,463.11181973027334,99.75660164244549
2757.0,463.57246630330457,463.0838047513121,99.66369622719215
2758.0,464.0073231095032,463.05581586328833,98.9257854762172
2759.0,463.1179160125969,463.02803420520036,100.32488686191262
2760.0,463.3011321518879,462.9998596328067,100.4278835586349
2761.0,463.1080649224994,462.97165613550726,100.86883612617669
2762.0,463.0735541758531,462.9433288040285,99.35833591136667
2763.0,462.7913893039661,462.9154256713601,99.91336400695359
2764.0,462.94939032059887,462.8873666683014,100.08237513907326
2765.0,462.65724195957256,462.85926020128323,100.73102507927064
2766.0,463.5879691483888,462.83097157174006,100.25522863771839
2767.0,462.6168386575773,462.8028165616977,100.33709388944517
2768.0,462.9570629044796,462.7746385611637,99.65495462047741
2769.0,462.5291237223036,462.74665212807446,99.75408181161177
2770.0,462.6720912877748,462.71863785676567,100.7234265233243
2771.0,462.6296579545563,462.69035136115036,99.85913451834321
2772.0,462.56390549254155,462.6623075875398,100.04686122887077
2773.0,463.0225980332499,462.63421109401133,101.13295324379366
2774.0,462.06750675935257,462.6058095896421,100.29902419848425
2775.0,462.07711907644665,462.5776422803463,99.06654211920241
2776.0,463.44711768989947,462.5498210931012,100.84676267477626
2777.0,463.28049549064525,462.52149996058336,98.32687462069742
2778.0,462.1148850987872,462.49388649662734,97.83607358653288
2779.0,461.83673285951863,462.46641086596185,99.63020225357262
2780.0,463.81473925589444,462.43843138416224,100.39687027584874
2781.0,462.4881884910814,462.41023659642644,99.18941672282345
2782.0,462.57702881856875,462.3823809018968,100.33178909382958
2783.0,462.9059269251646,462.3542043911263,99.34225936154512
2784.0,461.6442541707518,462.32630577328894,98.83904237142683
2785.0,461.79692795810945,462.2985484755563,99.60154918784407
2786.0,462.94535489255253,462.2705770404927,99.19460565194746
2787.0,462.4520069341527,462.2427198887388,99.61891048372168
2788.0,462.19272271884455,462.2147435780446,99.82532614654409
2789.0,461.6637940869122,462.18670929895177,99.07325964543213
2790.0,462.1311264778428,462.1588862252014,100.70149555231768
2791.0,462.19355804565254,462.1306058885338,99.63672325258392
2792.0,462.4160234082657,462.1026245754203,97.62895870384358
2793.0,461.4381214226831,462.0752071095177,100.01636109719861
2794.0,461.5971653644001,462.0471191814429,101.78218159555331
2795.0,461.74696569595017,462.0185353521114,100.35392264982535
2796.0,461.6661804556492,461.9903526255006,100.41527260772754
2797.0,461.71886737168865,461.9621526697766,98.83334006945617
2798.0,462.5310845381008,461.9343969734404,100.59967044921733
2799.0,461.9977753339598,461.90614523265594,100.92993343727132
2800.0,462.1122945307967,461.87780074301565,100.6058988767846
2801.0,461.52147202960157,461.8495472530811,101.34852054469697
2802.0,462.48612811306003,461.8210852102281,100.93705936734655
2803.0,461.798867917525,461.7927387193891,99.9408725927528
2804.0,461.41237101413674,461.7646719910027,98.75702889137015
2805.0,461.8710206301183,461.73693772538894,99.63179928504776
2806.0,462.0073772418333,461.70895779508976,99.41122890842891
2807.0,462.1114359416058,461.6810398083046,101.834063020224
2808.0,462.1960886601362,461.6524414089398,99.97196809661423
2809.0,462.40739338890097,461.6243659478993,99.01748623296065
2810.0,462.80825593129816,461.59655853718226,100.55309712052652
2811.0,462.29687617376885,461.5683198757409,99.42948635679286
2812.0,461.3354831419818,461.54039676165564,99.75854790403952
2813.0,461.60928133245733,461.51238123611927,99.89794031752531
2814.0,460.76421326230604,461.4843265645468,99.92236109718961
2815.0,461.2917042791836,461.4562650348053,100.35356206133442
2816.0,461.177745701606,461.42808240945976,100.25046252017383
2817.0,461.09652257592217,461.39992873790203,100.32252292336263
2818.0,460.73491329083856,461.3717548293811,100.88248397262271
2819.0,455.0682793177756,461.3434236651321,101.16554895174546
2820.0,461.3075901137828,461.31501300680145,100.36381226264344
2821.0,461.58698785813766,461.2868275028577,99.62861385182853
2822.0,461.29130031858756,461.25884846713427,98.53485267167311
2823.0,461.5970758267755,461.231176596009,100.34575897581422
2824.0,460.9697514226375,461.20299616202993,100.34058372722367
2825.0,460.7610246924131,461.17481718143324,99.9562457083396
2826.0,461.11761701919136,461.14674613576346,100.90136101607516
2827.0,460.97413173305824,461.11840967021146,99.77785069016115
2828.0,461.56770014382494,461.0903887238093,99.77692407623597
2829.0,460.9940053058494,461.06236803763124,99.90327927323874
2830.0,461.58514934016694,461.034311866702,98.84342810474415
2831.0,461.09548901511454,461.00655333730924,99.5414767038316
2832.0,461.8202127651133,460.9785987726016,100.43576559127251
2833.0,460.3245139184573,460.9503930617647,98.39468861286038
2834.0,460.9632806293252,460.92276055337925,99.2726400201542
2835.0,461.2109095576617,460.8948814869736,98.67582363067693
2836.0,461.48828578013877,460.86717002650397,101.35570252436119
2837.0,460.57462376475013,460.8387059667117,100.10584796460866
2838.0,460.89012734712804,460.81059290774164,98.24666900046496
2839.0,460.44940607824134,460.78300196819737,99.10890823414202
2840.0,460.70453174848006,460.7551688831349,97.3847732643737
2841.0,460.82014507692776,460.72781999264316,100.69435145120701
2842.0,461.31649600068454,460.6995416622773,100.47970510535492
2843.0,460.8340873959366,460.6713236117602,101.52030269572035
2844.0,460.494982850835,460.6428133267532,98.58700561769561
2845.0,461.5609859900099,460.6151268093422,100.248319463257
2846.0,459.8988364740105,460.5869737396262,100.01023843674317
2847.0,460.1749153705077,460.5588875309986,100.3109624996696
2848.0,460.3223858623768,460.53071686902996,100.47461138704507
2849.0,460.8670968978976,460.50250024899873,99.36696717344984
2850.0,460.09844149009655,460.4745946923842,99.66774447663266
2851.0,461.2002194559834,460.44660466747706,100.00669652418176
2852.0,460.340938078012,460.4185194535365,100.17489943730112
2853.0,460.1655612592546,460.3903870026112,100.03751283864547
2854.0,460.1595935652955,460.3622931344223,98.6571232836469
2855.0,459.78785208193494,460.3345869256335,100.35304098725118
2856.0,459.83900425484705,460.3064044466229,102.16814009635824
2857.0,460.5466374094179,460.27771222727915,101.1348186129676
2858.0,460.3435367870995,460.24931019905205,99.58950956505807
2859.0,460.1452321027668,460.22134214511584,101.11318375931442
2860.0,459.98929895513163,460.1929461926768,100.75219896844091
2861.0,460.1754170192055,460.16465161679986,101.63888238629882
2862.0,459.89333767087703,460.136108030663,99.3470786382735
2863.0,459.49893269952173,460.1082080594121,99.19725413080474
2864.0,459.4409512429295,460.08035016387703,99.1276655607715
2865.0,459.6445625089723,460.05251181113204,100.01446399432243
2866.0,459.2155524607703,460.024424415827,100.07817427531187
2867.0,460.06637125634217,459.9963191285513,98.8974637562843
2868.0,460.42970591186975,459.96854542414644,100.23143775526808
2869.0,460.0201956639738,459.9403970953768,99.44389853965727
2870.0,460.07423043441645,459.9124699338702,98.64494945534729
2871.0,460.2054007698628,459.8847671438982,100.74379855749902
2872.0,460.0746133698772,459.8564749271367,100.79283779919164
2873.0,459.7439259369909,459.8281689385214,99.69882653872904
2874.0,459.87074303959724,459.8001701847351,98.94311643056169
2875.0,458.89356178915756,459.7723836595375,100.48795201498629
2876.0,459.35615785812934,459.74416329301334,99.74136889046359
2877.0,459.522876188376,459.71615259191657,99.27545404674022
2878.0,460.50377816128037,459.68827273523846,98.73505080208677
2879.0,460.2012047191562,459.66054464180485,99.44893393413433
2880.0,459.769060406619,459.6326160661917,97.71661599733945
2881.0,459.56648502731406,459.6051739831991,99.78196842333958
2882.0,459.1431443177889,459.5771518804002,99.20268991870257
2883.0,460.14413171554554,459.54929245831477,99.76542070097747
2884.0,459.8097834859045,459.5212750026679,101.31772246246996
2885.0,459.71367254965133,459.492821608943,98.72647479820701
2886.0,458.99517166722296,459.46509592393716,99.66501555146155
2887.0,459.33233150813754,459.4371066654031,100.71920814321201
2888.0,459.95213187133487,459.40882135444957,99.51993192234792
2889.0,458.8014788501102,459.3808728402347,98.0539136122049
2890.0,460.0248249473521,459.35333603282857,101.1884989217288
2891.0,459.45832392237884,459.32491892938145,100.44097855950356
2892.0,458.63002269448145,459.2967117545693,99.2395322774399
2893.0,459.1035320265397,459.2688419859214,100.40335442157964
2894.0,458.90737093322264,459.2406453772213,99.34722850286258
2895.0,459.18067479589524,459.21274536388347,98.3704810199514
2896.0,458.7626949699914,459.185119653797,100.87355071566039
2897.0,460.1367005164207,459.15679099830436,101.16169492071232
2898.0,459.07405483023234,459.1283814223141,98.23697074398834
2899.0,458.5755967818545,459.10079320636356,98.11129405485008
2900.0,459.5342376005436,459.0732402846164,99.97129404906977
2901.0,459.37732432665075,459.045165012871,101.84779223931763
2902.0,458.72135886394096,459.0165627578838,99.3384746719287
2903.0,458.67877780821846,458.9886652029134,100.78736515196033
2904.0,459.2355225556319,458.9603607511999,100.5165607229728
2905.0,458.9649892853791,458.9321323503969,100.14895402927115
2906.0,458.51073634150504,458.904007185807,98.76106933160096
2907.0,458.46508285125134,458.87627178550304,99.49436173993104
2908.0,458.4029361528733,458.84833045224775,100.1960989104643
2909.0,458.258910887666,458.82019204780374,102.39000908295723
2910.0,461.34156559668514,458.79143752025294,101.17861965505965
2911.0,458.88895003142244,458.7630231912331,100.18485400357964
2912.0,458.6847989676095,458.7348879447338,101.17362677146909
2913.0,458.76006079118036,458.70647501788216,100.35045035381708
2914.0,458.16352822736644,458.6782932664078,100.22840788393418
2915.0,459.1642911233093,458.650145788527,100.71981801672612
2916.0,458.54981917847886,458.6218603063007,100.06391136387226
2917.0,458.56989972723596,458.59375902452604,100.32171669809611
2918.0,458.82188791777696,458.56558534242,99.39528848209643
2919.0,459.07349597457176,458.5376718322379,100.42340180898528
2920.0,457.5978468766015,458.50946959356327,100.19677435112172
2921.0,459.4022131875781,458.48133099943294,99.2234227795973
2922.0,458.7501733737547,458.45346575486906,99.09941068122758
2923.0,458.43754623522955,458.425635337036,99.28055716132627
2924.0,458.86398244646466,458.39775404723326,101.0603315278026
2925.0,458.011397319796,458.3693729374625,100.40972154463233
2926.0,458.57152807801833,458.34117454066205,100.5912055959489
2927.0,457.90628046274566,458.3129251770905,100.17981004583383
2928.0,458.42959795713836,458.2847913471026,100.60082799931199
2929.0,458.0682455456232,458.2565392812395,99.01765992931712
2930.0,459.09190396227706,458.22873182174266,100.1929581990156
2931.0,457.7005513336357,458.2005942993151,99.10428586024359
2932.0,457.62636045398494,458.17276251236933,100.64514148451224
2933.0,457.36177643537815,458.14449800180245,102.30910759384503
2934.0,457.839896193542,458.1157661940865,100.2182967311271
2935.0,458.2936972723583,458.08762155575454,99.48286136179786
2936.0,458.3966009928304,458.0596834521888,100.48456762311883
2937.0,458.1564193166899,458.0314640361146,100.46285020500382
2938.0,457.85922470085444,458.0032507190154,100.82872878750307
2939.0,457.45815030864026,457.9749346510142,99.36597491081399
2940.0,458.23580158670165,457.9470293730601,101.00778862751405
2941.0,458.33944997699575,457.9186630190872,99.90882161833768
2942.0,457.699160808797,457.8906052916827,99.61932319092762
2943.0,458.58139261137956,457.8626288650866,99.91814590362132
2944.0,458.0109793751601,457.834568519112,101.45295856405497
2945.0,458.6454528560888,457.8060771465819,101.618040970362
2946.0,458.0692961182065,457.7775394134094,100.28607115671939
2947.0,458.0078106373,457.7493757417596,100.81746657049085
2948.0,457.98914849162054,457.7210628365644,99.66451497895076
2949.0,457.56150649901326,457.69307371860776,99.48745997058492
2950.0,457.9410215861416,457.6651343235993,99.54451232750569
2951.0,458.4283131587298,457.6371789063874,100.27486880331635
2952.0,457.7538677984368,457.60901838073175,100.26566676251197
2953.0,457.5187551237981,457.580860439316,98.97840213193669
2954.0,457.6752867107518,457.55306400471727,98.91707434823822
2955.0,457.05392631858604,457.52528479300446,99.40601682209042
2956.0,458.1676161778236,457.49736826994695,98.72224156097938
2957.0,457.0658298429983,457.4696437737752,101.97646030095235
2958.0,457.4094841835346,457.4410053845074,99.79846460539353
2959.0,457.2379463816125,457.4129786490307,99.22645233227648
2960.0,456.97988071431274,457.3851125536674,99.40973984141037
2961.0,457.4859462882889,457.3571949850619,102.12749526768775
2962.0,457.10983334302756,457.32851418014087,100.33563086959998
2963.0,457.35244597050735,457.30033659047166,100.38195462075026
2964.0,457.2903208944789,457.27214599154905,98.63077742272282
2965.0,457.56296866125706,457.2444471815561,100.02780238901181
2966.0,456.74448301698845,457.2163560403852,100.55166178530884
2967.0,456.82301621485806,457.1881177820339,98.59680438934178
2968.0,457.62945423051264,457.1604285128012,100.99528293258147
2969.0,457.26556148500833,457.13206567084427,99.04172655329255
2970.0,457.53041712845084,457.10425145263724,100.59221353790291
2971.0,457.21692821084116,457.076001806002,99.98167537098993
2972.0,457.1110370728173,457.0479236188353,101.03799739644818
2973.0,456.89607567616696,457.01954878123314,99.88813316651236
2974.0,458.34513071797124,456.9914968638355,99.94658015423403
2975.0,457.23387347695257,456.96342853257556,100.05894006054653
2976.0,456.5886811246685,456.9353286469086,101.91574588007819
2977.0,456.41907270595567,456.9067073082739,99.58111996642228
2978.0,456.08835794942445,456.8787416104167,99.17378345608203
2979.0,456.8817745906133,456.8508903062294,99.74030447561651
2980.0,456.5611123873773,456.82287990405587,99.44139869330084
2981.0,456.6873672374266,456.79495344458945,100.21561904320015
2982.0,458.1982352446557,456.7668095582415,100.57502725852292
2983.0,456.914104509393,456.7385647380864,100.49634437618839
2984.0,456.87195311451995,456.7103420147074,100.39006113629904
2985.0,456.80869015401515,456.68214913920497,99.14810378260158
2986.0,456.9548649747064,456.65430504672605,99.22342077883316
2987.0,456.7787499288537,456.62643980272395,101.0613270602204
2988.0,455.84039417025366,456.59805841337453,100.28004181794655
2989.0,456.67701968425075,456.56989643496405,98.98346445782049
2990.0,456.81900118280123,456.54209857869546,100.9904131972767
2991.0,457.1161194292935,456.51373710432256,98.50461389623356
2992.0,456.1428533169599,456.4860737252534,99.6230044965559
2993.0,456.40410454096383,456.45809626482395,99.35789424690745
2994.0,456.46498292258815,456.43019325618957,100.38131138108032
2995.0,456.8897789619206,456.40200283791006,101.150881296944
2996.0,456.30735554852106,456.37359629874584,99.72744633107361
2997.0,456.6670956970964,456.34558950756787,101.06067785138866
2998.0,456.94301359634386,456.31720830053797,100.69330481564145
2999.0,455.8032834548981,456.2889302641022,100.89865429181516
3000.0,455.0896258124326,456.26059455868864,100.12341769181108
3001.0,456.83701177672236,456.2324765655535,100.42814983249463
3002.0,456.4355660787456,456.20427299347557,100.70094811090976
3003.0,456.15108392011956,456.1759928105477,99.15135997574939
3004.0,456.15303480796916,456.1481478036212,101.10464599462581
3005.0,456.2409130855613,456.11975424887106,99.89656900353683
3006.0,456.303610868713,456.0916999624092,100.46852355509864
3007.0,455.6955805729921,456.06348505204414,100.12771902086234
3008.0,455.8371850956964,456.0353658509525,98.49046514146964
3009.0,455.79532198735615,456.00770644532525,98.46486398937223
3010.0,455.8249627345461,455.9800542293549,99.59421793497877
3011.0,455.9974380966975,455.95208485315146,99.75239739543052
3012.0,455.43958090063217,455.9240710548829,99.57824955513217
3013.0,456.025915565058,455.8961061631328,100.64720195707557
3014.0,455.08958097143824,455.86784107391657,100.83424343671712
3015.0,455.19819891890205,455.8395234572181,101.4299187443549
3016.0,456.4307550920222,455.8110385550374,100.87007596467988
3017.0,455.75403431274987,455.7827108753706,98.63450324132046
3018.0,455.86581019179533,455.7550110190437,99.57836546114038
3019.0,455.7439591953037,455.72704609474334,99.33017046050777
3020.0,456.17532521676134,455.69915087187235,100.04953307965651
3021.0,454.9326839995429,455.6710536279992,98.32701734351133
3022.0,455.3923718019877,455.64344012396185,99.65585424730403
3023.0,455.31529104894054,455.6154534382274,100.17909288755911
3024.0,455.7423346753253,455.5873198096415,100.20202436425734
3025.0,455.6367150915656,455.55917974113254,99.18939939135203
3026.0,455.37583189102793,455.5313240514701,99.63725504711758
3027.0,455.8906115069254,455.503342589011,100.82472979046784
3028.0,454.9802411191069,455.4750276440615,99.92458550294373
3029.0,455.5681481149138,455.4469654896328,100.13850970363058
3030.0,455.50367326268446,455.4188432581577,100.70025328818343
3031.0,455.5594128135476,455.3905632703593,98.04984254765687
3032.0,455.0591017186503,455.3630276062438,101.11884208492113
3033.0,455.8249693560475,455.33463006475824,101.02924873935174
3034.0,455.58418682568947,455.30625768407066,99.88871318335919
3035.0,455.55375771977,455.278205603785,100.48456075321975
3036.0,457.355085317878,455.24998618964014,101.17062010767434
3037.0,454.51986924545616,455.22157410715994,101.99401719996716
3038.0,454.45289640490813,455.1929307873296,99.77718544312863
3039.0,455.09554367524095,455.16491002775103,100.09957894416371
3040.0,454.6840003581147,455.13679872933085,98.88614757124293
3041.0,455.35347503811266,455.1090282028879,100.32022177070367
3042.0,455.19424453727635,455.0808549406073,100.78337094725178
3043.0,455.1301919145774,455.05255161059955,100.61807420436983
3044.0,454.4349071467178,455.0242947014272,99.20893760864901
3045.0,454.7354229895262,454.9964335247821,99.71332899365713
3046.0,455.4059458748827,454.9684306982231,100.27992146132796
3047.0,454.88148236410416,454.94026875361266,99.47913137426454
3048.0,454.8817680473126,454.9123316975517,99.68956844329986
3049.0,454.9539379941444,454.8843355437472,100.17471899255835
3050.0,454.67010181118286,454.8562031434968,101.19529136335588
3051.0,455.11862429563934,454.8277841325056,101.54355239845931
3052.0,454.71301218194253,454.79926731820706,101.00535470667232
3053.0,454.6634239705841,454.77090164776024,99.59656369366665
3054.0,454.85560012816177,454.7429316127896,99.60025996168864
3055.0,455.1699288902784,454.7149605397837,101.87296520774632
3056.0,454.46913041789804,454.68635121538784,99.58043208710114
3057.0,455.05037829886135,454.65838571071004,101.35338478759935
3058.0,454.70304639033094,454.62992230181555,99.39314391011996
3059.0,454.2531178640813,454.6020093939008,101.14499975128682
3060.0,454.45099914216814,454.57360450647064,99.20245680263959
3061.0,454.8910332262634,454.54574514985194,98.58846933205407
3062.0,454.24753585924407,454.5180582213811,102.37364570758807
3063.0,454.2900016308535,454.48930828921164,98.02770982411327
3064.0,453.91730990468767,454.46177884070266,98.71406978419066
3065.0,454.5256701300248,454.43405663943827,99.52085147854228
3066.0,453.8362953421031,454.4061078669814,101.95220044824467
3067.0,453.86987490930625,454.37747629068883,100.23299149909666
3068.0,453.70307055644076,454.3493275255762,100.9255051238025
3069.0,454.2117992984858,454.3209842795539,101.03189413060612
3070.0,453.74380262335603,454.2926111559522,99.98500100807861
3071.0,453.8862994352308,454.2645320348358,100.70185961884499
3072.0,454.3662991047057,454.2362515959262,99.84545201346644
3073.0,454.0716663902964,454.2082116648191,100.27375590581632
3074.0,452.03646204922717,454.1800514517022,99.8153556636164
3075.0,454.6308457009912,454.15201997265336,100.88898444262715
3076.0,454.4356684429997,454.1236869828557,100.08676348803314
3077.0,453.8253568257214,454.0955792834428,99.76694442444172
3078.0,453.56016314751344,454.0675613998836,99.83828085275515
3079.0,454.0146513245842,454.03952348267745,100.39071225897999
3080.0,453.22616313350176,454.01133042431803,100.66909236325866
3081.0,453.9211403064388,453.983059187546,100.10866122445356
3082.0,453.6052646562864,453.9549453385188,97.47489281625612
3083.0,454.21495130247746,453.92757113945294,98.5208035731375
3084.0,453.879486077569,453.89990321378286,98.91961850398975
3085.0,454.1688222029525,453.87212328758625,99.32277278628092
3086.0,454.20930652743806,453.8442301422288,100.56458451563732
3087.0,454.13514994267814,453.815988254744,99.79486971611429
3088.0,454.28546358712424,453.78796252883205,102.06527751206886
3089.0,454.43894162567784,453.75929919673075,99.88226649982765
3090.0,454.3801170411675,453.7312489268887,99.82865644464658
3091.0,453.6187805605335,453.7032137125372,100.28194006193225
3092.0,453.2823928908929,453.67505120103647,100.25168239034167
3093.0,453.0464505086981,453.64689718689846,99.1626970307112
3094.0,453.45687068554554,453.619048996149,98.99728071940942
3095.0,453.849026521883,453.59124725981366,100.60228335148014
3096.0,452.5802745325546,453.56299478523914,99.4739087289724
3097.0,453.69957452412604,453.5350591958711,100.50623439323266
3098.0,452.8310584288652,453.50683369504566,99.98563267757417
3099.0,454.0372405739545,453.47875439653535,100.47464453288309
3100.0,453.2449889916096,453.4505377671957,101.29368769771871
3101.0,453.4096152658732,453.42209112323394,100.20838936387177
3102.0,452.7687393354399,453.39394926722093,99.97971526058132
3103.0,453.7971627097744,453.3658716305186,99.89385821297445
3104.0,454.1415677563751,453.33781810533713,102.22542918488979
3105.0,453.87700559877754,453.3091097973077,99.83114793969763
3106.0,453.4154293129045,453.2810738832613,99.21526312687135
3107.0,454.0415337191962,453.2532109301998,100.76876821190332
3108.0,452.9331506198455,453.224911701127,98.562047622095
3109.0,452.633971586738,453.1972321927531,98.05141244604587
3110.0,453.4768684301342,453.1696960877578,100.13443626589043
3111.0,452.9369590081741,453.1415750002398,98.62503057691792
3112.0,452.3445381355067,453.1138778041528,100.93888851776434
3113.0,452.66125703455987,453.0855307996274,98.32823429496429
3114.0,453.845267056094,453.0579169538296,100.09608112378011
3115.0,453.1592432196416,453.029806637714,100.58282303045758
3116.0,452.96076670758106,453.00155962824624,98.37282455191989
3117.0,453.1876728014163,452.97393326001793,100.76052954886904
3118.0,452.3798323433604,452.9456363446363,100.14911002067616
3119.0,453.17456166452706,452.91751113623883,99.84512427038418
3120.0,452.3961250704831,452.88947129717286,99.68320273174355
3121.0,452.63501733551124,452.8614769310724,98.95173788595947
3122.0,452.5589127950182,452.83368798468274,101.05167983106966
3123.0,452.2259135795572,452.80530930459685,101.87722251552634
3124.0,453.3611308538248,452.77669878460705,98.81463955819196
3125.0,452.64298017365803,452.7489483399978,101.00574012824755
3126.0,452.9109429941981,452.7205825613118,99.52913542814409
3127.0,451.9821125623915,452.6926314624457,99.20432752435791
3128.0,452.33877270923415,452.664771580466,99.7969875333877
3129.0,452.58666755314846,452.63674525980036,99.69242057476147
3130.0,452.3925445010109,452.6087483050223,100.84697377402416
3131.0,453.2252233790938,452.58042711322076,99.59277061217979
3132.0,451.9688764571184,452.5524581434738,98.82555969789632
3133.0,452.78782427252037,452.5247046321253,99.70802923900575
3134.0,453.2206305919526,452.49670329391404,99.24233425111346
3135.0,452.4838300429086,452.4688327383785,99.68103641913731
3136.0,452.2575640897395,452.4408389806508,98.4478771835611
3137.0,452.34090798710383,452.4131915351418,98.75496134900897
3138.0,457.6056519221757,452.38545785016294,98.53555112914185
3139.0,452.4145180159426,452.3577857828875,98.21139104350615
3140.0,452.0755226442479,452.3302047505694,99.6334605209322
3141.0,452.67913411853743,452.3022243537398,100.49344631936538
3142.0,452.51093286572205,452.27400244423177,101.07330377665785
3143.0,451.87298633612664,452.24561769142116,98.78994690806088
3144.0,452.7183798283736,452.2178741813311,100.60769158594302
3145.0,451.76479384221625,452.1896201879441,100.04279741644099
3146.0,451.8291838911322,452.16152483566964,100.52208860177217
3147.0,452.3607276698951,452.133294882454,100.88663751464868
3148.0,452.0244107391072,452.10496255175195,100.17596362647372
3149.0,452.33047953639175,452.0768298019668,100.11163726063171
3150.0,451.8231649976993,452.0487151171695,99.28761409576005
3151.0,452.31823157620454,452.02083184554425,100.26464266137036
3152.0,451.4553819944089,451.99267419173015,100.33025532461335
3153.0,451.56428071516,451.9644981116932,99.67580717057893
3154.0,452.6311619017495,451.9365058225128,99.41435215401845
3155.0,452.21271213627625,451.90858695861624,98.73267108685717
3156.0,451.9867774048274,451.88085953348593,99.81941255997988
3157.0,452.2033666314089,451.8528269151254,100.28703767282295
3158.0,451.3639205573975,451.82466297204553,100.29423265043843
3159.0,451.69328785273024,451.7964970083762,100.51109601354965
3160.0,452.17652030181,451.7682701422458,97.70041452110824
3161.0,451.8861343271921,451.7408326091678,100.56659001199465
3162.0,451.70594487376894,451.7125901584727,99.26802425822437
3163.0,452.155701200963,451.6847123883269,99.6315745237303
3164.0,451.70129911634433,451.6567325211481,100.53634279630828
3165.0,452.0808928908439,451.62849856487946,99.47176185504796
3166.0,451.0341784958731,451.6005635784252,101.06615915209177
3167.0,450.9855056320411,451.57218083206334,99.24007792441716
3168.0,451.50364608460586,451.54431091017955,101.89547982981566
3169.0,451.75345273218676,451.51569526292735,99.58613876801883
3170.0,451.2400957599508,451.48772815562336,99.14495513722827
3171.0,451.2525980791156,451.45988494738896,99.31381178786995
3172.0,451.0357511584791,451.4319943185786,98.31096032564166
3173.0,451.77774706688336,451.4043853238871,99.16910074931451
3174.0,451.3715588924932,451.37653533476,100.40875600723324
3175.0,451.88780394385856,451.3483372091146,100.4858271995817
3176.0,452.1597094255594,451.3201174393094,100.67541486258014
3177.0,451.87432427941064,451.2918444269688,100.19415598055701
3178.0,451.47023540246585,451.26370656816425,96.77729818493583
3179.0,451.3588002790104,451.236528276924,101.14404738463797
3180.0,451.5691183420699,451.20812365695014,99.95167584772092
3181.0,450.7888490052511,451.1800538946496,99.90150658723239
3182.0,450.72009823052036,451.15199822154966,100.25739483349321
3183.0,450.9931923406535,451.1238426031673,96.62511814046948
3184.0,450.25196752136253,451.0967070491561,100.05180129825267
3185.0,451.05587718234557,451.0686091682916,98.56852174742144
3186.0,450.62782618544026,451.0409278417675,101.6253212803589
3187.0,451.6891448152283,451.01238806404126,100.93365840431676
3188.0,451.54039443286285,450.984042528306,99.11928764913178
3189.0,450.73622918634976,450.9562065283579,99.45873053327072
3190.0,450.5220827584028,450.92827520153315,102.59669369040974
3191.0,449.7846872537303,450.8994626300551,101.88988138692623
3192.0,450.37978940126555,450.8708485550323,98.9927500540776
3193.0,451.02138697315587,450.8430480910588,99.49725619489212
3194.0,450.8238078214258,450.8151059449441,98.8749982498744
3195.0,450.44867754117274,450.7873385496022,98.96275296614898
3196.0,451.0550902922371,450.7595465098109,98.33778112327114
3197.0,450.7137113282579,450.7319299829454,100.34567023422773
3198.0,450.9510755245223,450.703749573888,99.2644922796405
3199.0,450.96404535076755,450.6758727956394,98.97606567727148
3200.0,449.93721441781645,450.6480770171951,100.65911970695329
3201.0,450.2412575477152,450.6198085810774,100.52810754604955
3202.0,450.593842487345,450.59157693754156,100.54531683646678
3203.0,450.6708528747033,450.5633404610633,98.74557632478367
3204.0,451.21232498857864,450.5356094117121,99.59354861132793
3205.0,450.8855801183688,450.50764022347704,100.30977111626147
3206.0,450.2015366007794,450.4794698960886,99.75568869486695
3207.0,450.04670977620043,450.4514551735134,100.32375498368272
3208.0,449.73180055724725,450.42328091898884,99.81648656351253
3209.0,450.49113719494716,450.3952491223456,99.44398252824982
3210.0,450.2862655707077,450.3673219372522,99.4366517846902
3211.0,449.7748577417692,450.339396810876,99.92952594673142
3212.0,449.58400777745766,450.31133326900596,100.92512479278547
3213.0,449.8217445572312,450.28299012979335,101.00334394046703
3214.0,450.3176202162272,450.2546250240367,100.56786042907137
3215.0,450.4529635729539,450.2263822165662,101.12707701651846
3216.0,449.77680194838473,450.1979823624375,99.02139461064988
3217.0,449.6361805519024,450.1701738541176,97.87514225445192
3218.0,449.1125796562057,450.14268725166784,100.41531328654207
3219.0,450.17731991309705,450.11448728451984,101.01692660347871
3220.0,450.2273244429594,450.0861183642987,99.55668221573782
3221.0,450.54856225532296,450.05815952937644,100.53820156930699
3222.0,450.51258445827665,450.0299250511024,99.14012618406285
3223.0,450.5402988887732,450.00208319899906,100.70976082815326
3224.0,449.8723712537606,449.9738005411665,98.93831626729404
3225.0,449.44517956235944,449.9460153640147,100.70301872150158
3226.0,448.7514106077171,449.91773459959046,99.32150983148043
3227.0,450.4640487393349,449.88984180891276,100.22356806272823
3228.0,449.45966049249375,449.8616956902152,101.80399468371816
3229.0,449.4450037770565,449.8331057350415,101.58281155364183
3230.0,451.9186397788624,449.8045778954635,99.18785295350148
3231.0,450.06608369073496,449.77672264009243,100.11387792267043
3232.0,450.64892553510845,449.7486073260425,99.96125650985469
3233.0,450.0598692654606,449.72053487317265,99.43450624263615
3234.0,450.0503899487106,449.6926103493361,99.47799373250623
3235.0,450.161803032156,449.66467361276295,100.12954995383431
3236.0,448.89358610668864,449.63655389748425,99.70664369765441
3237.0,449.5718272898504,449.60855294837916,100.27846429715066
3238.0,449.1731316053396,449.580391412989,98.15435013989641
3239.0,449.445570017043,449.55282639965804,99.31587566561424
3240.0,449.66756596878787,449.524935191242,99.78157102535513
3241.0,450.01860544980906,449.4969132000457,100.71880278388115
3242.0,448.7557049924346,449.4686280029306,100.5804184590188
3243.0,449.81737835654786,449.4403816687466,100.1820220738963
3244.0,449.7929387442497,449.4122472175476,99.5110290902106
3245.0,449.5088760091042,449.38430120354474,100.2667751312268
3246.0,449.23270155660356,449.3561429508621,100.00149881058417
3247.0,449.5337545741668,449.3280591966127,99.54998138815927
3248.0,448.7515313798483,449.3001022435062,99.25999664787813
3249.0,449.01186102138126,449.27222672778095,101.78086981723689
3250.0,449.05696258084043,449.2436432668406,101.7736587597486
3251.0,449.1346833972398,449.2150618310056,99.55652718071357
3252.0,448.7863118443005,449.1871030396223,99.1930413558029
3253.0,449.7766018775563,449.1592463271749,101.16043180058674
3254.0,449.3340309884143,449.13083710591087,101.7856890871383
3255.0,449.4461500747704,449.1022522915589,99.66445845328106
3256.0,448.6370048439518,449.07426318947665,101.21072776227679
3257.0,449.29946353858196,449.0458398434301,99.52422123761718
3258.0,449.2343730769388,449.0178901246325,101.752913648741
3259.0,449.1497474710447,448.9893145147161,99.38826408843725
3260.0,448.3583625265085,448.961402977218,98.39976775081436
3261.0,448.4239428928775,448.93376904244127,100.56622079288955
3262.0,448.796228581673,448.9055266954353,98.99667489689483
3263.0,448.60638699137417,448.8777251292351,101.30484881254814
3264.0,448.6230961131832,448.84927535086024,99.00054223588481
3265.0,448.75520094345796,448.82147269858234,101.81359094204386
3266.0,448.5707461767873,448.7928800484594,98.98415780204873
3267.0,449.4879057756026,448.76508199747667,101.31164540401679
3268.0,449.5310062907246,448.73663031039234,99.8406975197478
3269.0,448.85882442820633,448.7085917145056,99.57603442526143
3270.0,448.7527735125807,448.68062744483785,101.31079211730045
3271.0,449.1930225659619,448.6521759973849,98.96740426914076
3272.0,447.89378349545956,448.6243826513527,99.90737468754037
3273.0,449.2412460641338,448.5963253302946,101.06890438605136
3274.0,448.2549298486085,448.5679418129795,100.36347310804422
3275.0,449.1195720701123,448.53975640428166,99.83030318491534
3276.0,448.7560702209958,448.51172072747056,98.29879161952398
3277.0,448.7027102581156,448.4841151501574,98.4010049434863
3278.0,448.79019672518166,448.4564808679358,97.3936570413455
3279.0,448.52092419457773,448.42912948258333,100.33855660125035
3280.0,448.66149548217646,448.4009510712711,99.52764724049179
3281.0,448.1779968809548,448.3730003903377,100.42595070586393
3282.0,448.66403075073475,448.34479743584785,100.68608856282027
3283.0,448.6531093139593,448.3165214259765,100.62046371091371
3284.0,448.6050142988291,448.288263845751,100.14740936292216
3285.0,448.2338415004602,448.26013911495494,100.68596735477679
3286.0,449.0440580781154,448.23186313912277,99.62303641690755
3287.0,447.8592976229802,448.20388566972906,99.38626339530317
3288.0,448.7699207337518,448.1759746940922,99.92038884027305
3289.0,447.9958567545055,448.1479137182262,99.94525664693673
3290.0,447.4132032926399,448.11984575865114,99.44040654263684
3291.0,447.694486278967,448.09191957781377,99.82046809383378
3292.0,447.9146688886633,448.0638866630241,100.80029034044745
3293.0,448.3774765787908,448.03557858148685,100.80928077339975
3294.0,448.2771933555582,448.0072679751363,100.17049234477732
3295.0,448.41604858479525,447.9791367618694,100.50039384402574
3296.0,444.36837219523886,447.9509129012649,101.33363736085002
3297.0,448.04151648953194,447.9224550381061,98.96333726252797
3298.0,448.2581168474867,447.89466283422485,100.48350171702121
3299.0,447.6001734534844,447.8664437174927,100.0013479659601
3300.0,448.23811959981794,447.8383600056055,98.89636716557948
3301.0,448.38824548225614,447.8105866091599,101.00001752419824
3302.0,447.41741234936904,447.7822224375719,98.64837399070365
3303.0,447.34598530325025,447.7545186858762,99.90650322371667
3304.0,447.6291085900515,447.7264616095542,101.29426164231612
3305.0,447.88720756453324,447.6980148044096,102.109590475052
3306.0,447.7260966042132,447.66933902775116,100.90848588381509
3307.0,446.96535229155296,447.6410005612988,100.99615157117937
3308.0,447.7813836961381,447.61263747539925,100.74190154254856
3309.0,448.1201896434939,447.5843457913827,99.8630742174607
3310.0,447.4277045107052,447.55630091137334,101.88360645988364
3311.0,447.2618031433705,447.52768859855917,101.24847309503441
3312.0,447.0776223123512,447.4992546523649,99.70194074627798
3313.0,447.0314551093701,447.4712550240054,99.03050644940453
3314.0,447.4679221101065,447.4434439567775,99.65910454508082
3315.0,447.7833785620361,447.41545635825105,100.85008824992872
3316.0,447.5528144735351,447.3871342918009,100.99612279984821
3317.0,447.5302063877554,447.35877121398124,101.07037286963302
3318.0,447.0828682982824,447.3303872842671,99.79471107562087
3319.0,447.18860133189685,447.30236160290667,99.4606656688256
3320.0,447.5973321262211,447.27442973263135,98.76708363040093
3321.0,447.21919235407603,447.2466926433118,100.11999463228219
3322.0,447.89212045123344,447.2185756114859,99.55916116240753
3323.0,447.25317212234825,447.19061608039283,99.3536180153351
3324.0,446.82754527980904,447.16271427266685,100.48447877174156
3325.0,447.0982038142437,447.1344948815451,100.80551145841045
3326.0,447.1271762394675,447.1061853337439,98.9050149203938
3327.0,446.4377261931319,447.0784095087204,98.79741042409901
3328.0,446.2947425765139,447.0506639026263,99.67999118387407
3329.0,447.6397868210063,447.0226704384355,101.83545923382992
3330.0,446.8967741800453,446.9940716469673,101.75456874538398
3331.0,446.69487452849,446.96549557224466,100.82309010161428
3332.0,446.5933659078936,446.93718108777443,100.301481102298
3333.0,446.6671645402824,446.9090130884982,98.64967423991891
3334.0,446.84948712150316,446.88130897164916,98.89851322413737
3335.0,446.69961133342747,446.85353497251873,100.96972394343634
3336.0,447.0920607660338,446.825179308378,101.26241417429901
3337.0,446.3614557993922,446.796741447064,99.21892318872396
3338.0,446.86046483961894,446.76887746613517,99.48511600655543
3339.0,446.7655739861434,446.74093872939,99.86120662333877
3340.0,446.1257301982203,446.7128943738633,100.10176000685348
3341.0,446.2473849158829,446.684782462928,98.82254812345093
3342.0,446.844781955306,446.65702979733004,99.7379520759137
3343.0,447.4194176100499,446.6290200557887,99.46390899531312
3344.0,446.8342657397011,446.60108727467923,99.5820903708838
3345.0,446.4585071176876,446.57312130430006,101.98052672877795
3346.0,447.0773013141919,446.5444817730437,102.00720354733295
3347.0,446.28367651675495,446.51583475004753,100.25315001243995
3348.0,446.63864823929174,446.48768032375233,99.1213903726322
3349.0,445.9084903394942,446.4598437332894,99.90016248779058
3350.0,446.70992610449457,446.43178843765736,99.99446562186573
3351.0,446.5194487629282,446.40370665856193,97.64540308045491
3352.0,446.7253632417692,446.3762845745302,100.01241514499739
3353.0,446.42573892376066,446.3481977546103,99.91934956974042
3354.0,446.5155293271362,446.3201370706061,101.68074148205852
3355.0,446.48815365843865,446.2915817290399,100.67771076171188
3356.0,446.0917983191366,446.2633080719343,101.17626997299767
3357.0,446.0939637408618,446.2348944027836,99.98382686826848
3358.0,446.31532539597845,446.2068156114047,102.0463110145495
3359.0,449.90607858264246,446.17815760572813,99.89919155968201
3360.0,446.25666014525524,446.15010258276516,100.37017238508595
3361.0,446.38325484550563,446.121915292687,102.18234332487621
3362.0,445.7889354476537,446.0932190846032,100.337545126925
3363.0,446.12753885738545,446.06504095734675,99.38607362767588
3364.0,445.64278916641587,446.03713003500303,101.1601485766411
3365.0,445.47192928051055,446.0087208932777,98.0184416523593
3366.0,446.3960725383614,445.9811940475804,99.58142169034988
3367.0,446.02395311341456,445.95322826498904,100.30938291404979
3368.0,446.46526390372895,445.9250580466206,98.86128992458073
3369.0,446.000210770676,445.89729450103346,101.44755430336056
3370.0,446.2791735773175,445.8688046462,96.34041137444149
3371.0,446.00000861671515,445.8417490473389,99.68591717595703
3372.0,444.7688609137703,445.8137539189321,100.33401775237063
3373.0,445.8862399015763,445.7855767822799,100.61670599429314
3374.0,446.07079321987163,445.7573202573465,99.68214911040617
3375.0,446.16116821340347,445.729326187138,100.56204568289262
3376.0,445.3462557355107,445.70108501264207,99.56491388897716
3377.0,445.7233447201255,445.6731238659916,99.30625337669156
3378.0,445.3916137839404,445.64523535983494,99.77847286334415
3379.0,445.5993591505724,445.61721423870586,102.35525774312792
3380.0,445.35727723565856,445.58846947048966,100.06504306711025
3381.0,445.7421466557727,445.56036787089494,99.88688296234292
3382.0,445.20998719125436,445.53231630459635,100.51637640554597
3383.0,445.7363522937623,445.5040879555558,100.57261305898815
3384.0,445.9401093202205,445.47584381338845,99.74279517334305
3385.0,446.03098001251055,445.44783271174396,100.86816503067455
3386.0,444.7226244078732,445.41950556873115,99.22325603082463
3387.0,445.89474141015205,445.39164037099584,100.50948460579512
3388.0,444.8875614837127,445.3634139574024,100.32059791080226
3389.0,446.1038942477529,445.33524058948905,100.40314689469989
3390.0,445.625220228702,445.30704403906947,99.91657060018132
3391.0,445.322026975736,445.2789841354926,99.23700813308162
3392.0,445.40779123499715,445.2511150757085,99.669020561979
3393.0,445.18733902775136,445.22312469243406,101.89742866404188
3394.0,444.7147952246795,445.1945084978842,100.44666389385198
3395.0,444.92444315850946,445.16629972644074,99.39812281183754
3396.0,442.71453404403053,445.1383854202844,99.9277111719982
3397.0,444.97234587572024,445.1103223880636,100.2085804972347
3398.0,445.5374832033288,445.0821804783739,100.53114899243445
3399.0,444.2910241094732,445.0539479806986,98.7997024264086
3400.0,439.26691480825673,445.02620173093385,100.32320152650595
3401.0,444.4135035236042,444.9980276318385,98.78027793688369
3402.0,445.1787556562713,444.97028683711784,100.35133343766766
3403.0,444.91786665183366,444.9421048376441,99.43896727852741
3404.0,445.5256807536558,444.9141790610001,99.70259983645585
3405.0,445.05667018875,444.88617924754595,100.58234430121121
3406.0,444.3313110138331,444.85793237252136,99.68259494797769
3407.0,444.5772357217669,444.82993817710684,101.04372151631377
3408.0,444.9303369383025,444.80156173198094,99.64971885128938
3409.0,444.59285216112403,444.7735767692703,100.18154919658026
3410.0,444.63051062124856,444.7454424508709,99.39834644557628
3411.0,444.9222115979484,444.71752808191076,100.30428426684871
3412.0,444.82155372143757,444.6893592954125,99.45634159750033
3413.0,444.9583048040489,444.6614286394805,100.29238934308668
3414.0,444.7283607120215,444.63326319347334,99.11141385923256
3415.0,444.1285144188588,444.6054294047479,100.4559365473856
3416.0,444.87157524066737,444.57721802923413,99.29032954623023
3417.0,444.99723356635866,444.54933399501994,99.717561909702
3418.0,444.37463661973544,444.52132997971694,99.40285735987217
3419.0,444.5644970844369,444.4934143439417,100.24282933599356
3420.0,444.8567945567337,444.4652628160365,100.53922825135899
3421.0,444.2549847602314,444.4370280494359,100.60367949794268
3422.0,444.0880261638345,444.4087751827769,100.36942209880664
3423.0,443.99754126894305,444.38058810340414,101.00893866636764
3424.0,444.2681009758696,444.35222142646205,101.43429731667379
3425.0,444.1299891928173,444.32373529463223,99.30445368091064
3426.0,444.17479293377096,444.29584729389023,98.70138417693595
3427.0,444.7825002183219,444.2681286551672,99.52473607375799
3428.0,444.6082185831267,444.2401787917865,102.13417424433352
3429.0,444.22268667736864,444.2114961111862,100.64510593212016
3430.0,444.23020158371855,444.18323161060357,100.21859238874923
3431.0,444.0149778710485,444.1550868892411,100.61211201020822
3432.0,444.31302662428106,444.12683165445156,99.01944203337693
3433.0,443.8281579157597,444.0990236944805,98.96918824087766
3434.0,444.6890621434569,444.07122984744956,99.97469709239212
3435.0,443.6125332900267,444.0431536200161,100.33296323595077
3436.0,444.3731874984663,444.01497677950726,101.72367217494802
3437.0,443.81521418725043,443.9864093815715,100.61724103538177
3438.0,444.323077487792,443.95815270638076,100.16966628604668
3439.0,444.00667420798106,443.93002172509875,99.64191272055686
3440.0,443.9870867109807,443.90203895460974,101.03751738565931
3441.0,444.00422605465013,443.87366425181057,96.50717847569754
3442.0,444.6156677155625,443.84656181918865,100.65448480756288
3443.0,444.12864393332535,443.8182946847052,100.85360831908613
3444.0,443.7001554461966,443.7899716297023,100.76254911731456
3445.0,443.7760086720435,443.7616741471585,101.19768117985664
3446.0,444.2003081518091,443.73325446502713,99.49108480174517
3447.0,443.83084868183124,443.7053140520453,100.23512713535015
3448.0,444.4322747855135,443.6771646871748,97.52755949711754
3449.0,442.740555744593,443.64977569754933,100.152123324966
3450.0,443.7675310158032,443.6216496429156,101.5537232960713
3451.0,444.2873713900088,443.59312997228994,99.89175483625789
3452.0,443.2145760355724,443.5650770378068,100.11096788771462
3453.0,443.0196189688407,443.5369625409917,101.35076552590981
3454.0,444.46377705923004,443.5084998676731,98.5513346212001
3455.0,443.04020159747785,443.480823367867,100.54154773837325
3456.0,443.0063509310356,443.45258794987717,100.11331238051567
3457.0,443.46906383211194,443.4244727946503,98.93702794790772
3458.0,443.0320397841896,443.39668797930153,100.05295695438049
3459.0,443.5052287922145,443.3685897738902,100.88574026224317
3460.0,442.7753090406852,443.3402576951666,101.21467778473234
3461.0,443.50082774350363,443.311833239822,99.95051861787287
3462.0,443.0300654910241,443.2837638025102,100.35997997563683
3463.0,442.80613506597444,443.2555793748004,100.82677131947703
3464.0,442.9009760320051,443.22726385652146,97.74344501429887
3465.0,442.6943007329588,443.19981423904665,99.51371631276405
3466.0,443.6163339178703,443.17186747038215,98.8113762812853
3467.0,442.8982434257661,443.1441179422098,100.75326501091367
3468.0,444.1689336215486,443.11582306695254,99.30224995974386
3469.0,442.9033739524314,443.0879356850889,99.0447870801724
3470.0,443.2721878242831,443.0601206073839,101.32514524573998
3471.0,442.5290031907061,443.03166512909405,101.36894525294679
3472.0,442.74465717573923,443.0031973503021,100.3975618789573
3473.0,441.9839789972392,442.9750023683411,99.09216938735464
3474.0,442.90088777846586,442.94717398410484,101.15985548874531
3475.0,442.6564590271092,442.91876492468845,99.50874197974466
3476.0,442.60425376131764,442.89081955298246,100.03072668111159
3477.0,442.3731988569476,442.86272759057283,99.28411350235953
3478.0,443.3181986349536,442.83484530203094,100.229529025335
3479.0,442.5713975646972,442.8066975092963,99.72178398807759
3480.0,442.0826427570601,442.778692308293,100.52598651135442
3481.0,443.12256297461295,442.7504612604144,99.69417971612151
3482.0,442.8545893200617,442.7224638116108,98.88251772426214
3483.0,442.28075773753966,442.6946943045499,98.97696549292054
3484.0,442.58597549132725,442.6668982734073,99.40780639317792
3485.0,442.1187757898426,442.63898124777853,99.8023427626942
3486.0,442.67354899866444,442.610953423186,98.97454885522167
3487.0,443.03680158321134,442.58315807071585,102.28403995465459
3488.0,442.2641300710423,442.55443330282856,98.82920097472788
3489.0,441.88678757875385,442.5266787688882,100.61965128888946
3490.0,442.2772062562588,442.49842141681785,98.89188316696006
3491.0,441.4599306428174,442.47064927962845,98.6069826625841
3492.0,441.83602149722253,442.4429571519974,98.37486416124845
3493.0,442.46838530543727,442.41533021097877,100.49880793413372
3494.0,442.2949257348012,442.3871067957506,100.40307507543515
3495.0,442.2473428705647,442.35891026550024,99.32774473751343
3496.0,442.99641501611984,442.3310157238531,98.17753882647546
3497.0,441.7960299533449,442.30344419836604,99.90294209903371
3498.0,442.7102325793817,442.27538812212657,100.38144940485526
3499.0,442.5025719125839,442.24719766508537,98.84918869376943
3500.0,442.06532182176375,442.2194375179272,99.04112863958296
3501.0,441.65797308786983,442.19162346763426,99.42464529499608
3502.0,442.07960617587673,442.16370171308057,98.8086025555989
3503.0,442.27071791653805,442.1359529638629,99.34248132677384
3504.0,441.75237711247826,442.1080542836903,99.76049244474086
3505.0,442.65034209242185,442.080038212062,100.16872047537494
3506.0,441.7755211199284,442.0519074963952,98.77224843046285
3507.0,441.7021692612476,442.02416895662765,100.19847207356933
3508.0,442.3123824859662,441.9960298857203,99.07009202965386
3509.0,442.246227957348,441.968207701542,101.9068600275565
3510.0,442.1453961929048,441.9395888583509,99.48043853354073
3511.0,442.2497283452893,441.91165143519606,100.89814460682892
3512.0,442.08141611528333,441.883315872919,101.0971203669598
3513.0,442.36044118899866,441.8549244316159,101.25091862478793
3514.0,441.4314228631941,441.82648979863546,98.09052895070405
3515.0,441.41988062670566,441.7989427084218,100.07744367379146
3516.0,442.17014000648334,441.77083762632344,101.53915535741109
3517.0,441.72955837048204,441.7423220468606,98.32527402843198
3518.0,441.2950983392204,441.71470903240424,99.25497493477901
3519.0,441.7884680873062,441.6868349269434,99.70999984751354
3520.0,441.98143060072414,441.65883303531956,99.93185885547705
3521.0,442.5030469006879,441.630768838291,100.64939200510624
3522.0,441.1126367131668,441.6025031340362,101.17324866556699
3523.0,442.0077306051518,441.5740903133693,99.01875859802466
3524.0,441.9655712654504,441.54628254532963,100.35296985074572
3525.0,442.0850910761853,441.5181000862966,99.8727782277708
3526.0,442.1475146898806,441.4900524810776,99.27904139322206
3527.0,440.9007765291671,441.462171616953,100.2142277353575
3528.0,440.36213278155503,441.43402812133064,98.26049464886333
3529.0,441.17046937774256,441.40643329908346,98.74205525075
3530.0,441.2683041908814,441.3787032385672,99.87032762755483
3531.0,442.1863187173614,441.35065632155846,98.75284491833756
3532.0,440.8266882133007,441.3229232309439,99.82727095459703
3533.0,441.03449520287575,441.29488840568416,100.3473831334985
3534.0,442.3229154866578,441.2667075155875,100.08386025850788
3535.0,440.7280477608794,441.2386006314983,99.27847809170899
3536.0,441.387455911652,441.21071992556745,98.5933137668508
3537.0,441.22368185831897,441.183031636618,102.22999129000347
3538.0,441.39256364170376,441.1543220473974,102.32249839431597
3539.0,440.9172260808071,441.1255864790983,100.21326060827532
3540.0,440.8235801401156,441.09744325507745,98.74418674240147
3541.0,440.820996616435,441.0697125959673,99.91616590795165
3542.0,440.6951240987507,441.04165280604144,99.82425924426552
3543.0,441.28828737344725,441.01361882657034,98.9899650245954
3544.0,440.66717700866815,440.98581914472595,100.27573944988956
3545.0,440.82003351063497,440.9576583745638,101.22262849817393
3546.0,441.182129298582,440.9292316863939,99.93069303943001
3547.0,441.01735794924946,440.9011678167653,97.74090497414957
3548.0,440.6354667185836,440.8737189126184,98.90128484560506
3549.0,441.2520108989848,440.8459441351243,99.66189136278054
3550.0,440.84131676092716,440.81795575396654,99.04028263819082
3551.0,440.94783927292247,440.790141941259,100.4115841037712
3552.0,440.86124912802825,440.76194302138987,103.4748532160706
3553.0,441.0253041430272,440.732883833445,100.67706153810104
3554.0,440.6781436668953,440.70461035866305,101.15975315023638
3555.0,440.58603625358,440.6762013279867,100.2059747311503
3556.0,441.0742808209038,440.64806015008304,98.16840454179598
3557.0,440.96994189136853,440.6204911898075,102.49339531285808
3558.0,444.3919648326004,440.5917076279572,100.58480618545025
3559.0,440.8210992407787,440.5634600615534,100.29566319753768
3560.0,440.19475842058506,440.53529369613875,100.58748294106844
3561.0,440.42083063088126,440.5070453780129,99.49198205672445
3562.0,441.1473138744747,440.4791047130519,98.3653897354609
3563.0,440.6882258011725,440.4514804327678,100.6101104363838
3564.0,440.25714712743775,440.423225760087,99.92631134649965
3565.0,440.1587455135006,440.39516312098385,101.40335677429657
3566.0,440.1447165511311,440.36668567828974,101.29701193548654
3567.0,439.8742899233709,440.33823810077115,100.91281886588811
3568.0,440.79788878507804,440.309898417473,100.03858609703266
3569.0,440.4037145332173,440.28180424787746,100.40890723387784
3570.0,440.4891782521693,440.2536060797626,100.15426813914937
3571.0,440.6632189740891,440.22547942279357,97.97743280193788
3572.0,439.9844558257681,440.19796409374834,98.54045526297824
3573.0,440.6022828754122,440.1702906492286,100.7424422355238
3574.0,440.03978298704783,440.1419988133675,102.4690900939338
3575.0,440.376905129571,440.11322207723276,100.39903861888652
3576.0,440.27590971162016,440.08502668055394,99.73942094408366
3577.0,439.9482573098461,440.0570165265055,98.62395489836315
3578.0,440.34679436920527,440.0293196325049,99.7608798770297
3579.0,439.94929677469463,440.0013034520727,101.93207129468036
3580.0,439.24417949428647,439.97267752871744,100.81029489529628
3581.0,439.98609799467494,439.9443666375677,99.39430126260817
3582.0,439.9147360672653,439.9164534046298,99.70832876031963
3583.0,440.0886687911836,439.88845198230297,100.39352682311832
3584.0,439.8540810216224,439.8602581335202,99.55494792278775
3585.0,439.4085998263895,439.83229978564515,99.20960464228142
3586.0,439.5624071434334,439.8044384216748,98.56178460309226
3587.0,439.9821625646221,439.7767589871654,101.05927877050797
3588.0,439.89667770262423,439.748378173044,100.0400831356768
3589.0,440.03772067766766,439.7202835830301,100.7261821333574
3590.0,439.3502018798825,439.6919963135476,100.87057097914445
3591.0,440.0676829637429,439.6636684948643,101.06072226036409
3592.0,439.94308152873083,439.6352872753629,99.12768372040082
3593.0,439.4175159371231,439.60744891751807,99.78832121496247
3594.0,439.50532549671703,439.57942503064356,100.37721540042928
3595.0,439.45431661757624,439.5512357626519,100.34900643958522
3596.0,439.3567551174359,439.5230544166768,99.7203687962225
3597.0,439.01844918387525,439.4950496131065,101.1489821462945
3598.0,439.3057543141769,439.4666436072871,98.54998040311318
3599.0,439.57320539635253,439.43896748779053,99.4664422144955
3600.0,438.7466111397208,439.4110339952686,98.658671264341
3601.0,439.8216142924509,439.3833273517552,98.50677107292758
3602.0,439.2815227400823,439.3556633668789,98.4760087000522
3603.0,439.02865264440914,439.32800802110233,99.96870166790899
3604.0,439.6596087006,439.29993347738395,99.84148475000283
3605.0,439.4728497450435,439.27189466041665,99.6902914018118
3606.0,439.30858679054916,439.24389830358126,100.62166978972179
3607.0,439.7919730016909,439.2156403846487,100.47102556253479
3608.0,439.199336910121,439.18742477163653,99.34308833952859
3609.0,439.03599883081364,439.15952592099455,102.03490738549274
3610.0,439.55009756575265,439.1308711178371,99.53820417227391
3611.0,438.93638765297095,439.10291747216536,99.23560005765265
3612.0,439.367748479084,439.07504880781585,100.58957291846355
3613.0,439.249731426759,439.04679990275457,100.29373938815542
3614.0,438.2301462839533,439.01863407760976,100.94928311477442
3615.0,438.34914093504466,438.990284153935,99.82909492683805
3616.0,439.38516800722226,438.96224881644304,99.7148593907785
3617.0,439.1637185208811,438.93424556009745,101.36137490288887
3618.0,439.6709118061033,438.9057799073122,100.18285242149611
3619.0,438.7966924706033,438.8776452229239,98.53174848402095
3620.0,439.6812168701685,438.849974223558,100.88452803483968
3621.0,438.4640105568802,438.8216424852681,100.25667390173427
3622.0,438.0240933897973,438.7934870693474,99.02573851347984
3623.0,438.3452541931553,438.76567734111484,98.91850058585827
3624.0,438.84074007290116,438.737897728867,100.79809146405218
3625.0,439.6524676914127,438.7095902648475,100.62892584281747
3626.0,438.5484302998684,438.68133030817336,100.93538820581014
3627.0,438.4809682273534,438.6529842866522,101.96908653520485
3628.0,438.68081639467124,438.62434796818354,100.64309783697756
3629.0,439.13491700881053,438.596084031541,99.69801909659455
3630.0,438.7545547065871,438.5680855045114,99.24570216795222
3631.0,438.94194628185767,438.5402140031525,102.40098357833382
3632.0,438.7200705922784,438.5114563935976,99.68407446161356
3633.0,438.45697967715193,438.4834617826863,101.40560521535502
3634.0,438.68345388242614,438.454983708555,100.12569251211055
3635.0,438.29551923310004,438.42686507657453,100.3248073964136
3636.0,438.31083825559153,438.3986905264974,100.04928495891808
3637.0,438.23354875711726,438.37059335230475,99.60888814318189
3638.0,437.9983496599604,438.3426198562178,99.01704889039442
3639.0,438.3519320674737,438.3148125683211,99.3305849768066
3640.0,437.7117661400401,438.2869172290401,99.09521938410259
3641.0,438.0584256830777,438.2590879882631,99.37150817429466
3642.0,438.064171315817,438.23118115638414,101.42752185894369
3643.0,438.8193814846292,438.20269692732876,99.99681271366659
3644.0,438.32464136158154,438.1746144890917,100.9670052430852
3645.0,438.00177633029926,438.1462595884526,100.28125206571016
3646.0,437.8920725896092,438.1180972701641,99.47769547658615
3647.0,437.59003614291703,438.09016061735116,99.84644685212999
3648.0,438.2776247998189,438.0621204068602,100.94191682555324
3649.0,438.23867249176465,438.03377255188497,96.46904127015455
3650.0,438.4675757287375,438.0066808294616,100.6947386720342
3651.0,437.3483829341717,437.97840239035116,101.1633965357711
3652.0,437.7681447755486,437.94999233649077,101.62576968738792
3653.0,438.0906757182829,437.9214524328369,98.46338056178334
3654.0,438.44487897419003,437.89380063346243,101.0368978875942
3655.0,438.5907757742158,437.86542610463897,99.77817052947887
3656.0,437.7950176674996,437.8374050684153,100.85281906808827
3657.0,437.8707266653544,437.8090822350604,99.66310756557262
3658.0,437.4865216473331,437.78109351235236,98.23705639097963
3659.0,438.06591639499794,437.75350527234923,100.17141582363922
3660.0,437.68355902190643,437.7253737997387,100.35751917900028
3661.0,437.1606371028314,437.6971900631026,100.22682748764807
3662.0,438.1231015359633,437.6690430290499,99.73387424725078
3663.0,437.2491590215877,437.64103443269875,100.86142587441984
3664.0,436.9711956761716,437.6127091822657,101.11688076279219
3665.0,437.4337892027741,437.58431219158484,98.94441180848888
3666.0,437.7605392497069,437.556525302602,100.26118336104696
3667.0,437.7240641357602,437.5283686202747,100.84449970921524
3668.0,437.3892471035244,437.5000481232731,98.43897485872954
3669.0,437.2943598762962,437.47240317783354,99.8873166809648
3670.0,437.9541501461907,437.44435148973236,98.87021585008674
3671.0,437.2890692139484,437.41658543744774,100.61994909889435
3672.0,437.2164232226037,437.3883280017424,99.95499004653907
3673.0,437.1781306997491,437.36025730870443,99.08760612597561
3674.0,437.3918813228841,437.332430205984,100.31971952683371
3675.0,437.40272293411476,437.30425708475025,100.76478358082193
3676.0,437.0834161609662,437.2759589746946,102.2850111102523
3677.0,436.77339049219967,437.2472339340745,100.24849583088802
3678.0,436.9954169440785,437.21908081482866,100.04762579447112
3679.0,437.2477643411842,437.1909841065847,100.00550682062917
3680.0,436.742093094957,437.1628992267526,99.73919323091198
3681.0,437.66767751274955,437.13488913665356,100.53266126936617
3682.0,437.3783052564649,437.1066562142804,100.71682979920855
3683.0,437.21111139454024,437.0783715712451,98.16348999702977
3684.0,440.8891109118311,437.0508039911376,99.88988049311392
3685.0,436.52415166109364,437.02275158303246,98.74126806003518
3686.0,437.37277128223803,436.9950217435856,99.74068781357362
3687.0,436.54208790481084,436.967011233758,99.66354162298771
3688.0,436.92749086656903,436.93902238915217,98.9991437712229
3689.0,436.4825000190201,436.9112201296098,100.26452228223499
3690.0,437.23839153054183,436.8830625096022,101.14545159357438
3691.0,436.87620881665185,436.85465749527964,100.41886333890808
3692.0,436.9064652328231,436.8264565311586,99.56984336865948
3693.0,436.64415418600396,436.7984940001459,99.08126177725899
3694.0,436.8195279302204,436.77066867913015,98.36398685627398
3695.0,436.15860915527577,436.74304479282137,101.17522862834315
3696.0,437.0974926492273,436.71463141611486,99.30180025295115
3697.0,436.435581168146,436.68674416054387,100.23709482739025
3698.0,436.4321297684483,436.65859424307985,101.77737075564728
3699.0,436.9506058437154,436.6300117647926,99.65849838402863
3700.0,436.1009220008049,436.6020243364964,101.42642748770332
3701.0,436.0773743839707,436.57354041477697,98.12410844306487
3702.0,436.3920061566041,436.54598389432255,101.38968743380244
3703.0,436.26321348666625,436.5175102904349,101.90459153450827
3704.0,436.03055471313434,436.48889208431234,102.22814503435023
3705.0,436.32747889579105,436.4601830135818,100.57347918232058
3706.0,435.8410417394482,436.4319386281781,100.65906301581742
3707.0,437.23951265941025,436.4036702079812,98.44161002713759
3708.0,436.61190906599745,436.3760245224986,98.33483280539036
3709.0,436.5685330806036,436.348408823619,99.54378138643075
3710.0,436.8647177366271,436.32045361167974,100.39001045513967
3711.0,436.6355716594652,436.29226075041026,101.15635344812982
3712.0,436.88042016928904,436.26385267448353,102.53509225590913
3713.0,436.28606808908603,436.23505740274163,98.3264574135549
3714.0,436.81695627520395,436.2074440559514,99.81320096198984
3715.0,435.2261121980716,436.1794131820145,100.52482061551535
3716.0,435.73632967683574,436.15118246155834,98.20593368356997
3717.0,435.8549953203705,436.12360296184886,98.51260487200861
3718.0,436.47604017192015,436.0959373386473,100.99900927302458
3719.0,436.639293260294,436.0675734502098,99.54155801828327
3720.0,435.9539955785612,436.0396188626663,99.22924444415153
3721.0,436.43991967021805,436.0117519831849,98.2841392052055
3722.0,436.4442861988118,435.9841505207582,101.82486080410325
3723.0,436.24977569746386,435.95555470568235,99.38133775614608
3724.0,435.54663065351826,435.9276451133291,99.4356927404942
3725.0,436.7122759930473,435.8997202562845,98.97322651631859
3726.0,435.78057134654927,435.87192527517124,99.99361212157724
3727.0,436.10329602354443,435.84384373576705,100.7634817775901
3728.0,435.800138678226,435.8155459913012,99.2102724788334
3729.0,436.0401151340619,435.7876844397801,100.56883086021513
3730.0,435.6739751839161,435.7594413597801,100.35418456325847
3731.0,435.863610251648,435.7312585596153,100.01536493455107
3732.0,435.9486844471103,435.7031709112961,101.05995157660318
3733.0,434.8763675945575,435.6747899082284,98.921144535075
3734.0,436.3348173430334,435.64700955347143,99.61176931370083
3735.0,435.2966043407582,435.61903524825584,99.23607034985912
3736.0,434.81793860696433,435.59116645183263,99.83225651948098
3737.0,434.7464743868849,435.56313022646003,100.66401511786394
3738.0,435.76456880666035,435.53486041554777,101.29707651465377
3739.0,435.0708296183847,435.5064128198932,100.12140414827672
3740.0,435.43802705146715,435.47829539222823,100.36618054819579
3741.0,435.2549477079925,435.45010922319096,100.28200198070877
3742.0,434.6333056664524,435.4219466943014,99.47192875536801
3743.0,435.7524136087868,435.39401166097593,98.80129855610032
3744.0,435.651058835854,435.36626496296475,99.91594983965726
3745.0,435.6671887179202,435.33820523371816,100.86111357167735
3746.0,435.2103087972159,435.30988007099006,99.71153415919858
3747.0,435.3862134323545,435.28187774848044,99.46243240244465
3748.0,435.0852900982326,435.2539453820474,100.13866882949772
3749.0,433.834232038393,435.2258231058844,99.05453671206439
3750.0,434.73801557785146,435.19800529015777,99.67488863161336
3751.0,435.2003832222432,435.17001325893375,101.19268842554847
3752.0,435.11356171490974,435.1415949789342,98.65521750833787
3753.0,435.30176439652445,435.1138893053506,99.68267000183896
3754.0,434.90897157500393,435.0858950888584,98.81196071994292
3755.0,435.8326361361841,435.05814539655626,98.94048933275228
3756.0,435.1155141475687,435.0303596091353,99.41590262834283
3757.0,435.1229645203564,435.0024403098139,101.17609464887681
3758.0,434.8178739178715,434.9740266899,100.90455271566564
3759.0,434.9954978640804,434.9456893280123,99.8175398000132
3760.0,435.47123656568635,434.9176572355851,99.1082065719015
3761.0,435.1241107250856,434.88982434757287,99.24411562090447
3762.0,435.35847541799654,434.86195329176934,99.25065898137126
3763.0,434.6435263814222,434.834080398372,100.96542886792574
3764.0,434.3501566017107,434.80572594043167,99.01815444326093
3765.0,435.4836800355442,434.7779183420588,100.36401374202691
3766.0,434.28709065460475,434.74973278153294,100.24754844239867
3767.0,434.73524623432104,434.72157992834536,99.78243222481876
3768.0,435.19632474459866,434.6935576952955,99.80859795805837
3769.0,434.8992165791019,434.6655281140357,100.32419255375241
3770.0,434.8180092234122,434.63735373662684,100.25614340284955
3771.0,434.2330612208568,434.60919846968784,101.32468711469191
3772.0,435.1282929292735,434.58074312005647,99.42951013349342
3773.0,434.3611633046896,434.552819999294,100.37473674250371
3774.0,434.50653283922804,434.52463142739214,99.90313240285664
3775.0,434.50543518917084,434.496575297709,100.98988887651842
3776.0,434.7552415412507,434.46821397058284,98.4756481195939
3777.0,434.7221099424878,434.44055872606924,100.92728201478576
3778.0,434.21594301114663,434.41221498103675,99.29763400572193
3779.0,433.9151404461182,434.3843288954868,99.17613207174516
3780.0,433.9926872048681,434.35647693173,99.35281966754494
3781.0,434.4776165838924,434.3285753482067,99.99490474321179
3782.0,433.9747428976654,434.30049344579135,101.09769982132264
3783.0,434.1672044822774,434.2721018417582,98.86937941233074
3784.0,433.6314533205089,434.2443360243732,100.4052656135804
3785.0,434.57315735047206,434.21613887894677,98.45425214855133
3786.0,433.1788269563633,434.18848964313503,99.88375476274057
3787.0,433.9173243563581,434.1604389553392,101.47054173488648
3788.0,434.2050228229464,434.13194264486856,99.12661608397723
3789.0,434.22635916192246,434.1041045868517,100.0617514016869
3790.0,433.80206385398225,434.07600391166636,99.998656310044
3791.0,433.46333210745144,434.04792095568604,101.6691932174029
3792.0,434.03568659618867,434.0193688572574,98.40741229971583
3793.0,434.28936308002875,433.99173277563665,101.46248420742957
3794.0,433.4503441634307,433.96323872798837,99.16285680295192
3795.0,433.3163080007737,433.93539049236955,100.97354343416907
3796.0,434.0464459800247,433.90703375558843,99.86705939224038
3797.0,433.79921899624014,433.8789877564091,99.8360401747271
3798.0,433.6229886107895,433.85095046846004,100.99016776195303
3799.0,433.8824694111079,433.82258906301354,98.67736629956727
3800.0,433.44827477102507,433.7948771693111,99.27481225932361
3801.0,433.9241667516647,433.76699749286826,99.4452275192218
3802.0,434.59901286143196,433.73906995813996,100.13762896842454
3803.0,433.9601539819768,433.7109479740047,101.18434555017063
3804.0,433.9670664400917,433.68253203696264,100.99278324015472
3805.0,433.48369291991895,433.6541698970027,99.53638648344358
3806.0,433.9725108985407,433.6262167617986,98.90350977262628
3807.0,432.813497223706,433.59844135947077,99.5762804073885
3808.0,433.376398708399,433.57047702072305,98.0254879677574
3809.0,433.48355047283957,433.5429481961854,100.52574568905301
3810.0,434.065732078342,433.51471721593776,100.36704054932123
3811.0,433.5988140428992,433.4865308053835,100.17166768789919
3812.0,433.11585586330455,433.45839926204115,99.20896480111524
3813.0,433.57641470487545,433.4305380777595,100.91801515873276
3814.0,433.6672912626787,433.40219693516906,100.4483420279872
3815.0,432.9213072625468,433.37398769244953,100.45215350534514
3816.0,432.8500414408655,433.3457773793401,100.55719457881287
3817.0,433.53384363599963,433.3175375671959,101.33747106363653
3818.0,433.6584968505859,433.28907862740556,100.10266841080532
3819.0,433.2684285074705,433.26096646136017,98.6455733568855
3820.0,433.0575201686108,433.23326349617577,101.01282060040536
3821.0,433.4307383859457,433.20489572905717,99.05549738173556
3822.0,433.8779200999063,433.1770776435425,100.01902696721488
3823.0,432.9390393699098,433.1489889668025,100.23914573189845
3824.0,432.9918348677718,433.1208384733761,99.55936432889122
3825.0,433.11293778968525,433.09287888522715,101.12100701056151
3826.0,432.9982747666031,433.0644807357583,100.8430768073162
3827.0,433.09713067202773,433.0361606383549,100.21920809841632
3828.0,433.73483202906795,433.00801574408064,100.27395157028486
3829.0,432.8805403838459,432.9798554760146,99.36468696216114
3830.0,432.1862315887834,432.95195055975944,99.03531729345235
3831.0,433.1446587112982,432.92413814148614,101.69303930511589
3832.0,432.2819818426551,432.8955793462813,99.1313286090413
3833.0,432.60514785371777,432.86773996483026,99.2615514791877
3834.0,432.5757770015303,432.8398640124566,100.44616357071848
3835.0,432.88164491749194,432.81165538152044,101.0590309438774
3836.0,433.1129926471781,432.783274636997,99.79333986106454
3837.0,432.79849515467004,432.7552493407194,99.25508165555696
3838.0,433.92902650807355,432.7273752052878,100.13186757967284
3839.0,433.04485455440005,432.6992548391425,101.88189807677989
3840.0,432.3940021603891,432.6706430060993,100.02579797260469
3841.0,433.1807831017639,432.64255242783526,100.28911394712878
3842.0,432.95501655907606,432.61438790166847,99.22083003386366
3843.0,432.52222145687233,432.586523385234,100.86126941248843
3844.0,433.01946052624294,432.5581981787406,100.25740200049329
3845.0,432.0584252573174,432.5300425583455,99.64543925751896
3846.0,432.3147856950677,432.50205879748734,100.1691605843381
3847.0,432.585915923013,432.47392795822327,99.93068629188312
3848.0,432.43809887508905,432.44586409048964,97.3233576233314
3849.0,432.4683689963733,432.418532447557,100.30959771526318
3850.0,432.1016772895047,432.39036216886535,100.08213640395444
3851.0,432.80768386661924,432.3622557688919,99.8820416922221
3852.0,432.03156583903694,432.33420556218334,99.71133118536008
3853.0,432.10801295417247,432.30620329667545,99.52688592549703
3854.0,432.2735042087817,432.27825282954467,101.40341817148219
3855.0,432.8332262415722,432.2497753696082,98.97713175327496
3856.0,431.6787665740864,432.2219792917742,98.93424895463663
3857.0,432.6655013879242,432.19419525685936,100.93380036247082
3858.0,431.74054830561005,432.1658496812576,99.45439774481109
3859.0,431.9581935032047,432.1379195712243,97.64090790292093
3860.0,432.3783032519646,432.1104987495882,99.34153011882711
3861.0,432.29503751754424,432.08260033654653,99.10978088745046
3862.0,431.7308578523177,432.0547670064139,99.88277804145801
3863.0,431.95763869136056,432.026716592914,99.99107113661513
3864.0,431.6885179140823,431.9986357671031,99.02579957783978
3865.0,432.339855007037,431.9708260217216,99.27290034005392
3866.0,432.8005199265556,431.9429468822095,100.5646049160224
3867.0,431.9459340170755,431.91470498899554,98.39463207716778
3868.0,431.25605490121404,431.88707249648724,99.88402084490895
3869.0,431.75359125546186,431.85902173396664,98.86510246704846
3870.0,431.65022918822916,431.8312571176905,98.56453015624449
3871.0,432.0841570646391,431.8035769121382,100.41261056972009
3872.0,431.3137260384684,431.77537770400323,101.00169365126284
3873.0,431.67340760442397,431.74701306170283,99.34146513477707
3874.0,431.5975729001294,431.7191146669108,97.50985028468442
3875.0,431.97856442516377,431.69173065062256,100.42203107525728
3876.0,431.5587227663939,431.66352879689555,99.59305495357053
3877.0,431.48817498132894,431.63555974729616,100.13954960077811
3878.0,431.7980782249959,431.6074372237832,100.12688854891128
3879.0,432.3838788062057,431.5793182559157,99.67283764133306
3880.0,431.4412279564011,431.5513268006781,97.5597808309925
3881.0,431.27994875453965,431.52392876222814,99.39923466751755
3882.0,431.8393859683101,431.4960141438256,98.20858395954964
3883.0,431.3886623557551,431.46843389983036,98.37474159994989
3884.0,430.9842061396862,431.44080699323104,100.61216977839469
3885.0,431.76630503626296,431.4125517422183,99.3042138098517
3886.0,431.2810359866387,431.38466380884,101.42857661992217
3887.0,431.11831766063585,431.35617928357254,100.017922716396
3888.0,432.08829029068903,431.328090916943,101.89170332617827
3889.0,431.03703944878936,431.2994763302589,99.79626034610362
3890.0,430.58666802833517,431.2714502138117,99.70051812325563
3891.0,431.7812655652048,431.24345098497207,99.4702742915783
3892.0,431.36034925318415,431.21551641627525,102.0460069958914
3893.0,431.09129175708114,431.1868584959772,101.21769629004203
3894.0,430.9328946633348,431.1584331929357,100.71638131974322
3895.0,430.63472922727107,431.1301486758485,100.33613835292532
3896.0,432.0998080652886,431.10197094366106,100.76197324263742
3897.0,430.8500543902719,431.0736736228421,99.61543341663815
3898.0,431.1780516443376,431.04569828862424,99.26596120986301
3899.0,431.4354239256075,431.01782109785114,98.97561226047252
3900.0,431.2132805786263,430.9900254467413,99.41492019758238
3901.0,431.11048219522877,430.96210642331914,101.71617137584133
3902.0,430.9498963353354,430.93354113185774,98.67753393058646
3903.0,431.51987173686194,430.9058291910789,100.77670378639748
3904.0,431.56246860545144,430.8775277334322,97.48895654275982
3905.0,431.2598207452247,430.85014958480315,101.59008183121388
3906.0,430.74821373280497,430.8216197034889,98.87607174484384
3907.0,431.1016256057793,430.79385200667383,100.25873620544256
3908.0,430.789679601686,430.76569601158957,98.73391596702619
3909.0,429.9269869631134,430.73796823685547,99.50311439708584
3910.0,430.74167911129183,430.7100244455623,98.04855537743491
3911.0,430.6646812539878,430.68248914292707,99.43454181590911
3912.0,430.69256723327095,430.6545646091005,101.00711036467237
3913.0,430.8216410915003,430.6261984456064,98.29020943715781
3914.0,429.9968286638886,430.59859527845606,100.99155522065651
3915.0,431.2241042362757,430.570233483365,101.28005253553661
3916.0,430.67133502878164,430.54179066861127,100.22182584411203
3917.0,430.19181408757424,430.51364503918666,101.66883605144601
3918.0,430.1345096068015,430.4850930410622,100.65328641624433
3919.0,430.45621493859943,430.45682624312695,100.36600853384698
3920.0,430.47456861499256,430.42864012239704,99.44489548606374
3921.0,430.80718818378904,430.40071268091475,98.79148323449091
3922.0,430.3515989471278,430.37296873937305,98.15737564841496
3923.0,430.32868388565936,430.34540287637844,98.20365922503112
3924.0,430.7394657400252,430.3178240154127,101.61626302861443
3925.0,429.75873500325247,430.28928678154557,99.84926980849016
3926.0,429.90163069511834,430.2612457782744,100.0280839790391
3927.0,430.23179285802433,430.23315455802356,102.35396945378297
3928.0,430.64095814400355,430.20441015160196,100.02300533375123
3929.0,429.9316696521673,430.176320357604,100.41408208332562
3930.0,430.4794029950269,430.14812073621897,101.82385201565914
3931.0,431.0796124747005,430.1195252044446,100.81377585608506
3932.0,429.5592576969573,430.091213335725,99.08312418549274
3933.0,429.59094226039474,430.06338749168293,101.68314587846724
3934.0,429.569059090441,430.0348314748821,100.61967472015054
3935.0,429.7678508349442,430.0065741162315,99.936048720662
3936.0,430.19669020109757,429.9785087425491,101.51726755338645
3937.0,429.22777922474864,429.9499993099112,101.90289594933199
3938.0,429.56877127595124,429.92138157996544,99.81056542751635
3939.0,429.8647995180539,429.8933514461745,100.48738338378101
3940.0,430.29429900060666,429.8651312393409,101.02362806142774
3941.0,429.0589565988478,429.836760437127,100.24737697576668
3942.0,429.54447372288763,429.808607632093,100.02792827055966
3943.0,429.00681443903864,429.7805164555703,99.3114543331417
3944.0,429.9535056479907,429.75262648881176,100.40820264229794
3945.0,429.9193734234192,429.7244285185697,99.71360129214222
3946.0,430.18170296119007,429.6964256155402,100.45518958794584
3947.0,429.333156821594,429.6682144497976,99.70492011697502
3948.0,429.3424082787346,429.6402139847314,101.19501782854157
3949.0,429.6874925222287,429.6117950505579,100.08956686330876
3950.0,429.12984332114274,429.58368656386375,100.56241462105505
3951.0,429.20471077444887,429.5554452857576,100.14260917336571
3952.0,429.4007558946817,429.5273219030148,99.58699846598167
3953.0,429.3508804423604,429.4993545542789,100.39685841281208
3954.0,430.0430920605199,429.4711597698747,100.32378418444429
3955.0,429.10770439215645,429.44298550714956,100.55975064671351
3956.0,428.8543743812744,429.41474497717627,101.2479427275517
3957.0,429.3526668500374,429.38631117992696,99.81137548870993
3958.0,429.2294720939914,429.35828081864383,100.01963049174118
3959.0,429.4028640221523,429.33019197241407,99.82653087066714
3960.0,429.3548087632934,429.3021573549946,101.17018324737364
3961.0,429.25153486569724,429.2737453951993,98.30126960520278
3962.0,429.6322331269905,429.24613912198515,102.98457922520718
3963.0,432.61849753325106,429.21721761931946,99.50236867208721
3964.0,429.4106499156602,429.1892740374507,100.96397449241566
3965.0,429.1409526240986,429.1609199879474,99.12058623245304
3966.0,428.9438859512187,429.1330836233138,100.07524343463177
3967.0,428.45136187471945,429.1049791591159,101.89285584338833
3968.0,428.78099093509906,429.07636424876654,99.1155013439415
3969.0,429.2402263985866,429.0485293121391,100.65792438392863
3970.0,429.40286001172706,429.020261211708,98.61330185086678
3971.0,428.9778641608156,428.99256730943813,99.1347939638375
3972.0,428.6482467278201,428.9647269548,100.20115834551022
3973.0,428.47563297823103,428.9365871294979,98.80933162342049
3974.0,428.8229562225597,428.90883817553373,100.02580210322945
3975.0,429.4191838453862,428.8807475961097,100.39553000672927
3976.0,428.8192864763969,428.8525531847662,100.34993841572192
3977.0,429.22486131975717,428.8243715770611,100.27314189806442
3978.0,428.22781360752026,428.79621153637805,99.36807129769974
3979.0,429.5776248948605,428.7683056696886,100.82305900247331
3980.0,429.4829377645297,428.73999119395205,99.86935085476563
3981.0,428.31996440991605,428.71194455125374,99.79699487154046
3982.0,427.9631719580589,428.6839182285273,100.89501937221932
3983.0,428.57434424778666,428.6555835439203,100.38281220541971
3984.0,428.45967177331414,428.62739270415926,98.68233806751772
3985.0,428.63530925632466,428.5996794142186,98.90919679064181
3986.0,428.10729234305586,428.5719024147866,98.61295473028612
3987.0,428.65524678310607,428.5442086099999,99.40948094331677
3988.0,428.8739317141323,428.5162911141016,98.27358672249059
3989.0,428.2675796692029,428.48869261516364,101.31903558264725
3990.0,428.72266371809513,428.4602388526709,99.87939567857484
3991.0,429.0637038435597,428.4321893890512,98.48777233504939
3992.0,428.272155562444,428.40453073965375,100.57311135461065
3993.0,428.28976176233164,428.3762864575483,98.8813136982337
3994.0,428.42402619498625,428.34851728861804,99.31496197733537
3995.0,428.0519553173995,428.3206263367961,101.03429675460518
3996.0,428.4192180269413,428.2922525384575,99.62399912978871
3997.0,428.3140707478886,428.2642747987019,100.54078494258565
3998.0,428.35350850562287,428.2360395949305,101.32333507431774
3999.0,428.4590407051973,428.20758462499714,102.61592315714749
4000.0,428.4303908841016,428.1787666532438,101.937230591039
4001.0,427.90096726248686,428.1501392809862,100.09270342167001
4002.0,428.72284614276316,428.1220299134419,98.06506386103884
4003.0,428.2284956696161,428.0944899746743,99.80242995606783
4004.0,428.00941294837105,428.06646212559497,100.59478331311554
4005.0,428.5576454692491,428.0382117572812,99.63018467145777
4006.0,427.7527806705255,428.0102322804193,98.14244258145857
4007.0,427.97726322526484,427.9826706111277,99.5793470001475
4008.0,428.2319875171286,427.95470541117845,100.52750466039707
4009.0,428.3571923565092,427.926473936953,99.54818430384404
4010.0,428.01267799746785,427.89851748852766,100.60625745937372
4011.0,428.3713904267346,427.87026389789116,100.22070535379095
4012.0,427.64338055071875,427.8421185831377,101.14727398570237
4013.0,427.4890149012291,427.8137130570267,100.71744318547587
4014.0,428.25282659072616,427.7854282417321,101.00092464101631
4015.0,428.52705780085284,427.75706381539544,101.22142066069974
4016.0,427.5850697244016,427.7286374664265,98.79933162297905
4017.0,427.8972036068186,427.70089132079573,99.02802102042874
4018.0,427.5403975572856,427.67308095155914,98.92912148067252
4019.0,427.3880324678363,427.64529835661,101.55441940664502
4020.0,428.0038796478024,427.61677849049335,100.78999824957927
4021.0,427.88917864591076,427.58847329931825,99.69877039707906
4022.0,427.4858944615122,427.56047456129835,99.75272566485833
4023.0,426.7888450389308,427.5324606708408,100.40160589800831
4024.0,427.40197031877665,427.50426455318444,99.46526554940381
4025.0,427.4206338656588,427.47633139110934,100.50332532881285
4026.0,427.1252589117183,427.44810670724615,101.03418648061282
4027.0,427.13123989586467,427.4197329398762,97.99690684961621
4028.0,426.7958726190273,427.39221214186927,98.94659442153302
4029.0,427.4949435934517,427.3644246399359,101.93871068325058
4030.0,425.2450512735446,427.33579685201903,98.73625971379958
4031.0,427.1351272370813,427.3080684190827,101.54124293729136
4032.0,427.29528149479233,427.2795522533578,99.58080185190946
4033.0,427.16244482500514,427.25158664483774,100.28808946339214
4034.0,427.59289174454483,427.2234224063801,100.09400002431438
4035.0,427.74425447391667,427.19531267470666,100.34501188342502
4036.0,426.9555956956067,427.16713245053603,101.12088049216854
4037.0,426.6994391244538,427.1387343365978,101.465561252981
4038.0,427.3615108458434,427.11023942481256,99.51769425444408
4039.0,426.76770700886226,427.0822915390095,98.4644024683084
4040.0,426.91261695532563,427.0546394526496,100.4535401946374
4041.0,427.3152982016475,427.0264287501116,99.82118188914325
4042.0,427.13026204195444,426.99839563486444,99.51784715755667
4043.0,426.4550347770924,426.97044770612104,98.21891066103593
4044.0,426.48331903135227,426.9428645620437,99.50807400735566
4045.0,427.1553237336915,426.91491937792665,99.7065134162237
4046.0,426.23084505705526,426.88691846540894,101.61163573662358
4047.0,426.25067340622826,426.8583825310395,100.22959969117501
4048.0,427.68433204993795,426.8302347184596,100.34123154555286
4049.0,426.74480115026023,426.8020555559339,98.9039045818265
4050.0,425.8071702385699,426.7742800427305,99.53705720027939
4051.0,426.66614440339913,426.74632671916675,101.27485341230906
4052.0,426.5163800176112,426.7178853645001,100.76730463451212
4053.0,426.760462613715,426.6895865464486,99.87389607501069
4054.0,428.5572935943254,426.6615386273009,97.51919464952597
4055.0,426.02224936994867,426.6341519868035,99.51176856237217
4056.0,425.5339687799159,426.6062057651322,98.4693178569121
4057.0,426.88302252677795,426.57855229836736,99.0026892587632
4058.0,426.7845455308355,426.55074904313386,101.70069434538186
4059.0,426.8491762606125,426.52218809813854,101.38724636809651
4060.0,426.7980221684368,426.4937151797835,100.18349493333531
4061.0,426.3661457462914,426.4655803149564,100.37851762859293
4062.0,426.66980593754033,426.4373906812557,101.1742700355015
4063.0,426.0516000902442,426.4089775737541,99.76795812301594
4064.0,426.7375102760823,426.38095940551455,100.45016308246711
4065.0,426.32719091372974,426.35274965138217,100.56912961106495
4066.0,425.6659193920067,426.32450648748306,97.47925416501938
4067.0,425.9674271682952,426.2971310636051,99.67647242138642
4068.0,426.6694801004513,426.2691385876001,98.76722383189959
4069.0,425.8795054117134,426.24140145890726,99.62525627245945
4070.0,426.72829353851023,426.2134233661041,100.81961140315642
4071.0,425.9662451471837,426.18510985856835,98.76790344827279
4072.0,426.499833142893,426.15737253901665,99.1208537571902
4073.0,426.5756704156919,426.12953609925313,100.76658735669056
4074.0,425.24136120321674,426.1012374826372,99.41265957297277
4075.0,426.33687743662705,426.0733190940738,99.76319079681872
4076.0,425.9841643908468,426.04530226465835,101.31879395317522
4077.0,426.10030328164504,426.01684857002317,98.7285555742045
4078.0,426.5216864002089,425.98912230066605,100.84783446014974
4079.0,426.40633788755906,425.9608008671552,98.78356968808635
4080.0,425.632416636365,425.9330591480011,100.14544343585153
4081.0,426.027503130879,425.9049349693029,100.32957194718138
4082.0,425.563062902074,425.87675908118104,98.55735989737651
4083.0,425.6584929040647,425.84908088927654,99.82715905839045
4084.0,425.19353236525984,425.821046095441,100.60958418732696
4085.0,425.41531643742627,425.79279157054833,97.92627897330576
4086.0,425.4250471062781,425.7652906072034,100.87842481330634
4087.0,425.3183758982201,425.7369605829016,99.34287516589147
4088.0,425.34777799972244,425.7090617921259,97.8111426425259
4089.0,425.9281132760925,425.6815931629004,100.51038819912705
4090.0,425.29578263597017,425.65336649554786,100.15448087012824
4091.0,424.9415619884439,425.62523977883683,100.99618872734645
4092.0,425.478964098397,425.59687668250257,99.91987735498533
4093.0,426.14916059669775,425.56881585027867,98.93843023431552
4094.0,424.75345763704934,425.5410306411212,100.51214798252566
4095.0,425.58795768192925,425.51280347956276,99.86013861414027
4096.0,425.13506280203967,425.4847594239686,99.10814779016425
4097.0,424.9171537452433,425.4569265524642,98.78920993171961
4098.0,424.67677576926275,425.42918324934175,101.24481849492491
4099.0,425.02847667022377,425.4007503294811,99.65766590154848
4100.0,424.91054364645277,425.37276313497375,99.2153427300585
4101.0,425.0986244196469,425.3449001595571,99.50123047133178
4102.0,425.779904501301,425.31695689733306,100.3533183740965
4103.0,425.39551603271474,425.28877434042295,99.27363698229078
4104.0,425.3900083949614,425.2608949940371,99.56911642000063
4105.0,425.3369373985122,425.2329326671758,99.10431628424284
4106.0,424.73339039125796,425.205100871686,101.62616500087378
4107.0,425.08396236575345,425.1765608570149,99.05635810951372
4108.0,424.5826642480214,425.1487425297791,100.96029005575603
4109.0,424.92399692766855,425.1203895149885,98.14789274516022
4110.0,425.1585547967782,425.0928263151092,99.25184410215346
4111.0,424.79265616707704,425.06495308889055,101.09374648717723
4112.0,424.36837934513477,425.0365625950854,100.6516918785043
4113.0,424.83555107780796,425.0082962449495,101.51730204109448
4114.0,424.72904185590943,424.9797868026263,100.10337662863128
4115.0,425.0363189603136,424.95167443768975,100.03917911831945
4116.0,424.8737642458844,424.923580101554,102.09794870545267
4117.0,425.06175329346894,424.8949075942926,98.90682593621284
4118.0,424.62397606272623,424.8671312606755,100.95156567286999
4119.0,424.92426113719404,424.8387806959824,99.98991237083347
4120.0,424.91671466024997,424.8107001955916,99.0375596289609
4121.0,425.31556057847126,424.78288714759583,99.58039274700698
4122.0,424.12135974147503,424.754921653966,100.86123490451094
4123.0,424.33415551815386,424.7265964571637,99.8171548940908
4124.0,423.9394596621102,424.69856447283087,98.7091919725085
4125.0,424.84881706869265,424.67084364141857,100.86863705686203
4126.0,424.98010939562704,424.64251636584515,99.383176154026
4127.0,424.91948481880087,424.61460625720855,98.74712173837888
4128.0,425.0439717061119,424.5868747738537,102.70547767580086
4129.0,424.34706502733843,424.55803165220635,100.47201150983841
4130.0,424.6716730457607,424.5298157623074,100.2870786492026
4131.0,424.05950565484767,424.50165180772007,99.13944424768589
4132.0,424.26409787832915,424.4738101471272,100.40108191194707
4133.0,424.92784454648677,424.44561417662356,98.22556448428458
4134.0,424.08907543252656,424.4180291639309,98.14847078247004
4135.0,424.51689922480364,424.39046580171953,100.23248594666573
4136.0,425.24089788132983,424.3623171785828,99.52206053180848
4137.0,423.898274955493,424.33436806658347,99.31029313512246
4138.0,424.39645582564225,424.30647842592805,98.41008944700205
4139.0,424.3437707800161,424.278841592475,98.51098629994128
4140.0,424.434108669902,424.2511764238224,99.63206643031518
4141.0,423.7036577450851,424.2231964184999,100.3943085555572
4142.0,423.8080279269371,424.1950023501805,99.54615576511533
4143.0,424.54368717220365,424.1670464714365,99.70907551921633
4144.0,424.1271054308956,424.13904483939484,99.25230794765741
4145.0,424.16765508976266,424.1111714829129,100.94520788193607
4146.0,424.36606216974457,424.0828227036994,99.84347901881965
4147.0,424.0679873427349,424.0547833266749,98.66189232978664
4148.0,423.69495025563975,424.02707577857893,99.1283951117297
4149.0,423.9075850738527,423.9992372209518,99.04784340477691
4150.0,424.5236787831697,423.9714212849289,98.60592944025606
4151.0,423.93384952330325,423.94372945307776,99.72068339838728
4152.0,423.7139052639461,423.9157245611567,99.08841572122999
4153.0,423.0038321468158,423.887897231075,100.82321360234755
4154.0,423.9990813410687,423.8595827119217,99.7798489802952
4155.0,424.01420049798486,423.83156120433307,99.63853646903581
4156.0,423.81905821546326,423.803579382008,99.84659028919344
4157.0,424.422786332543,423.7755391312351,99.91218951933926
4158.0,424.10836338429715,423.7474804580118,99.73609919068082
4159.0,423.5255050623794,423.71947123682236,100.32810535020317
4160.0,423.98832551802735,423.69129576056986,100.4150268089026
4161.0,423.9136024974322,423.6630958738744,98.37534083726152
4162.0,423.7466027555658,423.6354687989893,99.25095419335783
4163.0,423.96909613903046,423.6075958226866,101.40398909117272
4164.0,423.67276036568023,423.57911820241685,100.0352262028735
4165.0,424.0517216752502,423.55102497639155,98.97642101137502
4166.0,423.2523274045247,423.5232290981575,99.18226326157846
4167.0,423.85157673842497,423.4953754125582,101.25114659059207
4168.0,423.2568071914676,423.46694071555737,100.10325662725016
4169.0,423.314179437538,423.4388283843212,97.67936664198533
4170.0,423.7468195836396,423.41139676218927,98.21962897410799
4171.0,423.2607083725939,423.3838134163857,100.03084152312901
4172.0,423.0357781836699,423.3557214217246,99.39606536392917
4173.0,423.1668353088413,423.32780769336824,100.07006885454174
4174.0,422.77250304282956,423.29970468236496,99.55048693707536
4175.0,423.36631712491584,423.27174758728347,99.36581873716935
4176.0,423.7256564584193,423.2438423531881,98.90339418733839
4177.0,423.19674011717814,423.2160669833205,98.96435779011333
4178.0,423.58715804226296,423.18827449284106,99.32332262884583
4179.0,424.0149980951732,423.1603811930695,100.46156620184502
4180.0,423.3701095407224,423.1321682365611,99.00045909626863
4181.0,423.199268018732,423.1043656076316,101.6213103130125
4182.0,423.63513776847225,423.0758269563187,98.8575998131128
4183.0,422.982228922923,423.0480644470378,100.69436709762454
4184.0,422.1341837665734,423.0197861122779,99.14063346944614
4185.0,423.27557939784526,422.9919441177119,100.12349828195528
4186.0,422.3241197045916,422.9638261019444,98.76490583233728
4187.0,422.4106780252342,422.93608962422314,98.4794537909497
4188.0,422.5371170234765,422.90843331095016,99.30141879836053
4189.0,422.60136834413635,422.88054616250434,99.5522300913365
4190.0,423.08843481840216,422.85258857788705,100.1825353032549
4191.0,422.3212365709611,422.82445398255607,100.08943792396359
4192.0,422.2362397369595,422.79634553207234,98.26693456274106
4193.0,422.55585543953094,422.76874890128266,99.36699109604237
4194.0,423.1002322199949,422.74084333794985,100.66002406000919
4195.0,422.2762668105437,422.7125746478597,100.57472381341407
4196.0,422.7994971352419,422.68432991292207,100.44380846320364
4197.0,423.04288751623386,422.65612194337865,100.65086691757102
4198.0,422.5860484383669,422.62785582491927,100.25364285992667
4199.0,422.4656559447325,422.59970126021614,97.69425554796067
4200.0,422.8750268494092,422.57226545678304,99.72615646670462
4201.0,423.15264918554726,422.54425902784203,99.81651596259096
4202.0,422.5995378059985,422.5162272229425,99.6229545790144
4203.0,422.7650123345508,422.48824977653163,100.62857515038016
4204.0,422.72316259469164,422.4599899183435,98.56772593562175
4205.0,422.60436468721224,422.43230881530997,100.30895593055102
4206.0,422.4906435336756,422.4041387168528,99.91706289465354
4207.0,422.1049525941312,422.37607867502317,100.60339054359771
4208.0,423.05249877272155,422.3478258895122,98.62653212495867
4209.0,421.82917601865284,422.32012827174043,100.05675252737328
4210.0,422.21649380361225,422.29202900040565,101.29002577634175
4211.0,422.0162059842486,422.26358338483345,99.48920549705988
4212.0,422.6437737249014,422.23564349962305,98.69994840686415
4213.0,421.5076744502261,422.20792526411213,100.6466822971711
4214.0,422.18961553071154,422.1796603208337,99.87505737475954
4215.0,421.9947292071699,422.1516120755542,100.45109705454698
4216.0,422.2264332215865,422.1234020591314,99.41153635234762
4217.0,422.63274806493706,422.09548398600583,101.20357873057007
4218.0,422.6719023208615,422.0670626476457,100.92223670450105
4219.0,422.37963763439683,422.0387203195045,101.25644992913891
4220.0,422.65346791103246,422.01028413314936,100.176166407139
4221.0,421.3599133795813,421.9821513264167,102.18503887819772
4222.0,422.2124701849834,421.95345436133175,101.82930028311733
4223.0,422.0261921771688,421.92485729950226,99.54337495741596
4224.0,421.7514219444299,421.8969022017017,101.61780922215937
4225.0,422.3204526900813,421.86836453361184,99.49723377935065
4226.0,421.85182431205897,421.84042239379215,101.64723046982579
4227.0,422.6081414742995,421.81187646323514,100.07768542587283
4228.0,421.4756435439183,421.78377131324476,100.67680184125715
4229.0,422.2538259549086,421.7554979113943,99.6584953754018
4230.0,421.88109382261524,421.72751048394304,101.89038314269335
4231.0,421.3442355452854,421.69889626801046,100.94633477969533
4232.0,421.8817550660053,421.6705471723265,100.66495998202228
4233.0,421.65172978705255,421.6422770960649,100.41667771822569
4234.0,421.2901879074003,421.61407674573906,99.67390250017584
4235.0,421.04235812227546,421.58608499145356,99.38106341445639
4236.0,422.00047363816793,421.5581754761447,101.242781402529
4237.0,421.16186954914315,421.52974312836744,99.96782248056012
4238.0,420.7291935418122,421.5016688315542,100.96835077382687
4239.0,421.84300651906716,421.4733135530452,99.19361259593792
4240.0,421.7726600876663,421.4454566801745,99.48122322564733
4241.0,422.23377621919894,421.417519036652,99.22372113401909
4242.0,421.1538941141666,421.3896537083002,102.41527148682003
4243.0,421.7094812759407,421.3608920862243,100.52420096897377
4244.0,421.60495435863265,421.33266153978553,98.58128611049132
4245.0,420.969263349402,421.3049766286028,99.23528564898037
4246.0,421.867346820985,421.2771080525497,99.2139297657646
4247.0,421.2835628989814,421.2492454739405,98.53534308084915
4248.0,421.08464137078994,421.221573465092,99.82926837414774
4249.0,421.7400006618413,421.19353807889024,98.62213654472026
4250.0,421.5141731861077,421.1658416955439,100.50260871308267
4251.0,421.63239555821923,421.1376172129303,99.94272583106233
4252.0,420.94245839796906,421.1095499640928,101.11398540934245
4253.0,421.8194071236566,421.08115378652366,100.13046556982434
4254.0,420.60798073539115,421.0530338141095,100.51993331673731
4255.0,420.68357196630086,421.02480446616966,102.348061443061
4256.0,420.09893457967144,420.99606171891446,100.5222419554251
4257.0,421.3396612441906,420.96783172263196,98.68898561619224
4258.0,420.6223376861739,420.9401165658381,99.17100748620108
4259.0,420.47369953013447,420.91226604123574,101.36664698562163
4260.0,421.3012744321604,420.88379890787394,99.10042081728017
4261.0,421.0088827554561,420.855968206361,101.47501049670366
4262.0,420.34079110599487,420.82747064091325,100.67778717840879
4263.0,420.79463382843875,420.79919696234725,98.55831518062408
4264.0,420.6223348332034,420.7715185021674,100.8265526107904
4265.0,421.01317410574694,420.7432030453092,99.72080152680164
4266.0,420.83826545709036,420.71519812021376,99.74029704271155
4267.0,420.24916288410776,420.6871877201276,98.73652049332956
4268.0,420.75429668800103,420.6594592139557,99.62158021138539
4269.0,420.5056859365394,420.63148215351305,101.51512763521035
4270.0,420.18118757570807,420.60297332183546,100.51687887515588
4271.0,420.51433740400864,420.57474483168465,99.05633342045678
4272.0,419.96499809103295,420.5469265113825,99.35776944092765
4273.0,420.4884127544858,420.5190235377978,99.39516012077267
4274.0,420.7289007881148,420.4911100636639,99.95347649962055
4275.0,420.9717514520813,420.4630397956802,101.02300828061904
4276.0,420.1418427451199,420.43466916752146,100.16486405979406
4277.0,419.9817366349772,420.40653953486463,98.74632387415328
4278.0,420.7444204575299,420.3788082755766,100.5490311402904
4279.0,419.77864179299735,420.3505707559981,100.5574704432387
4280.0,419.5589929109775,420.3223308663819,99.96169605079186
4281.0,420.39414877449,420.2942582900743,99.03376914954781
4282.0,421.33453325917816,420.2664463065715,101.54433272015565
4283.0,420.61175970170626,420.2379292731326,100.48106790054507
4284.0,420.4401426259538,420.2097108398972,100.72297647893728
4285.0,420.27902499422976,420.18142447066936,99.12141096066446
4286.0,419.72090156511683,420.1535878744246,98.84689131336735
4287.0,420.12528555069224,420.1258283724474,99.42363732315452
4288.0,420.1703304268764,420.0979069009658,100.41405343523961
4289.0,420.48211229297453,420.06970728762604,100.77369895828292
4290.0,420.10205504030097,420.0414066738353,100.01209764616178
4291.0,419.5854532649248,420.01331994307964,98.48870420934976
4292.0,419.6961725600582,419.98566103198084,99.21351488589696
4293.0,420.37648896879256,419.9577985698837,99.67494790085519
4294.0,419.9058359366181,419.9298065220149,99.62309797379704
4295.0,420.01363952588935,419.9018290353339,99.07915200798313
4296.0,419.4798495899387,419.8740043068117,98.92644584137271
4297.0,420.2132419213455,419.8462224632712,100.40975236531239
4298.0,419.88671741560586,419.8180240578153,102.81861968374454
4299.0,420.0686727783618,419.7891491621208,98.14540405621214
4300.0,419.17776647847813,419.7615866611483,99.76791804980775
4301.0,419.87480706891984,419.7335685041627,101.38778510528284
4302.0,419.9481244153381,419.70509543451226,99.88678272470982
4303.0,419.47769168040594,419.6770438963637,101.00392035899871
4304.0,419.93898887980714,419.6486786287296,99.48339140390519
4305.0,420.10072374891706,419.6207403763103,99.57323986992276
4306.0,419.4630158985648,419.5927768914469,101.25707503322477
4307.0,419.6986477270969,419.5643405295417,100.32820143280023
4308.0,420.01732591578457,419.536165026306,101.63795358472827
4309.0,418.91053496740284,419.5076217010076,99.73372580573147
4310.0,418.96135062724665,419.47961314634387,100.19441859906054
4311.0,419.47757887556907,419.45147521378726,97.77438482820122
4312.0,419.1187099803674,419.4240169073813,99.89021713515223
4313.0,418.9210684712943,419.3959644047359,100.64551428007421
4314.0,418.56225812747243,419.3676997894756,98.89990655699683
4315.0,420.0238730588075,419.3399253990508,100.47805663445976
4316.0,419.3772561273863,419.3117078114793,98.60188697584448
4317.0,418.73307762543527,419.2840171148869,99.5650494929947
4318.0,419.1379951681813,419.2560559301543,100.86128942149597
4319.0,418.10199908492774,419.22773071804176,102.39522940891675
4320.0,418.7448378398451,419.1989747244494,99.00163387505235
4321.0,419.2529071320291,419.1711717656028,100.92342632016181
4322.0,418.89660102809626,419.14282910337795,100.85512504798449
4323.0,418.9449249482713,419.114505622427,99.44090621691109
4324.0,419.1539487642171,419.08657930126435,99.26205737498428
4325.0,419.0141354381297,419.0587032068182,100.86396248819058
4326.0,419.5301720298575,419.03037724401946,99.90541089234742
4327.0,418.7088886624068,419.00232047446053,100.38476758342674
4328.0,418.16295446812165,418.9741290855642,101.81494461131462
4329.0,419.16452050638503,418.94553605528586,99.82488628649786
4330.0,418.9698251516828,418.91750189972043,98.80491595634413
4331.0,419.1518735999488,418.88975418582265,99.23611304943856
4332.0,419.48922097034335,418.861885377408,100.764227412316
4333.0,419.41634508479933,418.83358742354295,100.34223580604527
4334.0,418.6266992199145,418.80540797898743,99.09171445770485
4335.0,419.1062508318124,418.7775797225106,101.38377838488111
4336.0,418.7828302463639,418.7491077780808,97.66818355648924
4337.0,418.6183222988402,418.72167929653205,99.980633458292
4338.0,418.6315723949748,418.6936014019692,100.24347490660982
4339.0,418.323475476117,418.66544969276623,100.47722034873539
4340.0,417.944348556149,418.63723234005164,100.65372585500569
4341.0,418.6452360621181,418.6089654187074,101.17704168291485
4342.0,418.43663225036767,418.5805515328347,98.809607023627
4343.0,418.79062654263186,418.5528025015289,100.71372413687735
4344.0,418.4575927956427,418.5245187306672,98.13827306609264
4345.0,418.47552097115096,418.49695823231446,98.94284533089431
4346.0,419.21172732647767,418.4691717832507,99.91095830432397
4347.0,418.18621240668995,418.4411134557935,99.28396252168034
4348.0,418.5557595547833,418.41323120965205,100.23592894144464
4349.0,418.30073628978965,418.38508161960766,100.03176845707385
4350.0,418.803031925078,418.3569893646326,100.26124155009863
4351.0,418.58669697166533,418.328832665964,98.58355969080695
4352.0,418.31801580772935,418.30114711628414,100.39046551557139
4353.0,418.46856623458564,418.2729541272185,99.05503436565321
4354.0,418.6377671858074,418.24513617173415,99.6706912521398
4355.0,418.00885468128774,418.21714531927415,100.79220647951787
4356.0,418.6498946535146,418.1888395079545,98.516606433539
4357.0,418.54452648867255,418.1611727609811,101.91809759367982
4358.0,418.14803231651456,418.1325507619069,100.45305077240131
4359.0,418.071441134897,418.1043401968149,97.5784834249178
4360.0,417.7420876882761,418.0769369060531,100.09005821599145
4361.0,417.5548358819889,418.0488282813708,100.38610808036414
4362.0,418.4402155784087,418.0206365160182,101.08435162058493
4363.0,418.2784476729149,417.9922486606048,100.55997147792323
4364.0,417.8564504789997,417.96400806861476,99.15083931298084
4365.0,417.72285042074554,417.93616320790767,99.86755158099695
4366.0,417.61327327870004,417.90811707050534,99.90656791830129
4367.0,418.18312432008014,417.88005997601493,99.19161982761818
4368.0,417.4307755339015,417.85220366278,97.74635067085072
4369.0,417.97551015255425,417.8247532292999,100.43464278638886
4370.0,418.04848551001794,417.79654783378413,99.77591431158253
4371.0,417.60979503682853,417.76852743118155,100.64186970097359
4372.0,417.2144043233425,417.74026383944056,99.9412127680555
4373.0,416.93081992193873,417.71219701552155,99.37985822970718
4374.0,417.8026625520646,417.6842878386687,99.8451545778315
4375.0,418.42358876220237,417.65624799109145,101.31178641939336
4376.0,416.9168862971284,417.6277962644053,100.23479809594988
4377.0,418.14390214725626,417.59964699194,99.52842146225257
4378.0,417.9905227682054,417.5716960935794,98.67822188265316
4379.0,417.5568641113797,417.54398395960067,99.31605953336343
4380.0,417.7759583781115,417.51609269954844,99.58546114301957
4381.0,417.0424390203429,417.4881257825441,101.70736556814731
4382.0,417.09575225802973,417.459562964047,99.72418323618284
4383.0,417.6859096646073,417.43155708925485,100.8624503664179
4384.0,416.7768564670594,417.4032315511103,101.44966895366035
4385.0,417.32024269650015,417.3747411024125,101.21851550689358
4386.0,417.05052146284555,417.3463155693076,99.93024225269251
4387.0,417.37922272742446,417.318251826275,99.70543607439988
4388.0,417.6076603380071,417.29025121631076,101.0710804228605
4389.0,417.5880459683768,417.261867087892,100.05346372769259
4390.0,416.93416180502226,417.23376874016185,101.40002113113461
4391.0,417.92728869489866,417.2052922342275,99.5473778825197
4392.0,417.16945348890516,417.1773360122721,99.68433244604056
4393.0,416.632631630007,417.1493413289102,101.64446324571507
4394.0,416.82400641329014,417.12079617548204,99.84803344287434
4395.0,417.41183936053335,417.0927555194235,100.49263427338043
4396.0,417.5805623889793,417.06453383796503,100.1974136249081
4397.0,417.20239642440066,417.0363950643054,100.10334856292492
4398.0,416.9937109678476,417.00828270725066,100.05860731396024
4399.0,417.5323868554744,416.98018291502996,101.19713989787464
4400.0,416.1134244800267,416.95176338490865,101.0829818443079
4401.0,417.1353234425411,416.923375914174,100.27280535393012
4402.0,416.6847892097846,416.8952159680038,98.6196311685253
4403.0,416.9142629825018,416.8675202882506,101.15807928741692
4404.0,416.6650275923974,416.8391117276508,99.01766804437013
4405.0,416.9705274116899,416.811304265875,97.92255402693625
4406.0,416.31263150327237,416.783804348619,99.59342084543266
4407.0,417.15632291276125,416.75583519626497,100.60098174786648
4408.0,417.0080127178273,416.7275830872241,100.9719473340215
4409.0,416.8194500326404,416.69922679868114,99.79732398219608
4410.0,416.5813118177785,416.6712003835295,99.91378840675506
4411.0,416.4988185624431,416.6431412612852,99.87451825815326
4412.0,416.33847596003295,416.61509316740774,100.6652512743823
4413.0,416.2582266832951,416.5868230093415,99.03801386276172
4414.0,417.4077815363995,416.5590098337817,100.9267446649173
4415.0,416.30552945144086,416.530666239655,100.82955753142136
4416.0,416.8324969896747,416.5023499389149,100.43095571108411
4417.0,417.18573255630616,416.47414557885276,99.38455175223936
4418.0,416.4396042444864,416.4462350839023,97.67443787101142
4419.0,416.02895741249637,416.4188048459335,100.64328637208058
4420.0,416.1076887728305,416.390540856344,99.56488526059533
4421.0,416.2899382485364,416.36257971773335,100.26856455965867
4422.0,416.3420397985619,416.3344209625195,101.62272120855818
4423.0,416.31064393801915,416.3058819149801,100.61643260998005
4424.0,416.5096078261678,416.27762546682214,99.76563198872063
4425.0,415.66720899714585,416.24960795183864,101.08025592239525
4426.0,416.2589110078403,416.2212212466338,101.18268605162096
4427.0,416.1748350275157,416.19280577563427,98.75726497701895
4428.0,416.9634647632123,416.1650714437199,102.46677717522942
4429.0,416.09456572007286,416.1362953571299,99.99717835251388
4430.0,416.3699990550679,416.1082128162092,98.10907502117715
4431.0,415.95921793146516,416.0806605176407,98.50826010063311
4432.0,415.8056872369187,416.05299611459577,100.1197038588329
4433.0,415.87659114287186,416.02487916442874,99.22399064623698
4434.0,416.1631319405173,415.99701376038894,100.02360138091902
4435.0,416.206359167867,415.9689237990011,99.25795848124157
4436.0,415.0613147997035,415.941048855661,100.25231872415209
4437.0,415.38275632943476,415.91289466281927,99.67530309569867
4438.0,415.6099168801335,415.8849025151999,99.29889093895925
4439.0,416.17905476098093,415.8570160766612,101.14877821978685
4440.0,415.25229636640887,415.8286101281112,98.5088739197961
4441.0,415.40486494976506,415.80094555268533,101.79264607532991
4442.0,415.8852022437202,415.77235878457924,101.68325199262361
4443.0,415.953866288573,415.74380273797794,99.61995268208697
4444.0,415.48968293464793,415.7158261345997,100.56278244714021
4445.0,415.684848296656,415.68758475319584,100.63539360052884
4446.0,416.0374968211162,415.6593229801597,100.80412868291728
4447.0,415.5805454149772,415.6310138206879,98.64115615214656
4448.0,416.46528839718485,415.6033120960018,99.2864861972627
4449.0,416.20826775388315,415.5754291411281,99.90414030293121
4450.0,415.36921910917874,415.547372728393,100.48699524212897
4451.0,415.1722655455469,415.51915263056253,99.42819756232215
4452.0,416.1265625977224,415.4912298784138,100.30520693763505
4453.0,415.6322730745209,415.4630608327988,99.44553232140804
4454.0,415.361129935815,415.4351332124719,98.83764953747084
4455.0,415.8635856189023,415.4073763058934,101.70299566791496
4456.0,414.5348641547403,415.37881471461003,101.20230358629135
4457.0,414.78445033121244,415.3503937343529,100.64002683271998
4458.0,415.21493725560316,415.32213066015066,101.14852745707944
4459.0,415.6727675175654,415.2937247820231,100.17548026781034
4460.0,415.40958588425906,415.26559216798125,101.25116179778406
4461.0,414.7253631562327,415.23715746670973,100.01876191161054
4462.0,415.2891979895716,415.2090688644062,100.20334068449013
4463.0,414.9212083992631,415.18092842623065,99.7410833190476
4464.0,414.4303941742732,415.15291780533187,97.65689796314659
4465.0,415.1201556925696,415.1254924931539,99.48934025890478
4466.0,415.37309251607064,415.09755257009783,102.04861498121248
4467.0,415.145321126233,415.06889391739065,100.50523804311126
4468.0,415.10285725637874,415.04066869637353,100.19853300211668
4469.0,415.1093733890322,415.0125296083554,102.79978615226389
4470.0,414.70416083040027,414.98366000174434,101.45206349499186
4471.0,415.20628680074486,414.95516888057955,99.4317167790609
4472.0,414.35166751302125,414.9272451401174,100.21644724681417
4473.0,414.8330134541792,414.8991010211823,99.18366707981129
4474.0,414.30809789705705,414.871246941344,100.23721054370009
4475.0,414.2168021406278,414.843096991383,99.89436683522099
4476.0,414.6521258893428,414.81504332336345,98.41402383574251
4477.0,415.1332732370072,414.7874053850029,99.88720226347725
4478.0,414.84710400161845,414.7593537290339,98.22459790468486
4479.0,415.4452795275921,414.73176898778905,99.35326425684461
4480.0,415.1150680016633,414.7038672794102,100.47957202828687
4481.0,414.71212028216974,414.6756492662656,101.29919020183758
4482.0,414.5508654514076,414.6472010770172,99.42377658536206
4483.0,414.6439380907504,414.6192795664262,99.65109124174803
4484.0,414.39561327722583,414.5912942183025,101.3071924320125
4485.0,414.0089212442739,414.56284378176116,100.05612199112694
4486.0,414.3413221072406,414.534744687502,99.54417614772406
4487.0,414.5639272068539,414.50678936470047,99.63402569057875
4488.0,414.9525608506601,414.4788088091524,99.97061459707982
4489.0,415.084337812309,414.4507337282197,100.63321325831015
4490.0,414.4656419007887,414.4224725674963,100.50678298522736
4491.0,415.0709407500594,414.39424691260797,98.94505055285265
4492.0,414.2579189438634,414.3664598442444,98.53582644479928
4493.0,414.6887055738875,414.3387876996511,99.39527146205225
4494.0,414.45042456439967,414.31087419424887,100.63465994293283
4495.0,414.2572059806787,414.2826126272482,98.93083073376866
4496.0,413.7607441946205,414.2548295522838,98.69422795941665
4497.0,414.5587287767717,414.2271129232652,100.2560653393812
4498.0,414.03106888906734,414.1989576782491,100.57619177649887
4499.0,414.36091012358855,414.1707125310585,99.44326143635875
4500.0,413.97640696354154,414.1427855484718,98.75198106063125
4501.0,414.3764912240484,414.1150527004572,101.52847185840496
4502.0,413.50961306249934,414.08654012127704,99.65736253807752
4503.0,413.6076942849407,414.05855301196425,101.02620374812484
4504.0,414.4190473155675,414.03018148641166,99.85105475129879
4505.0,413.19699382303617,414.00213998186905,97.63572192789144
4506.0,413.79584601435937,413.9747206166276,99.41702632078238
4507.0,413.7730172068506,413.9468010017358,99.26292722708853
4508.0,413.79313770601425,413.91892466300624,100.57442237681813
4509.0,413.55751290509227,413.89068001272204,100.57683920673648
4510.0,413.78153421116804,413.8624346837115,99.68093058366203
4511.0,413.50930440500196,413.83444095570593,98.19167631045396
4512.0,413.6710604638564,413.8068654599421,101.03847848772978
4513.0,413.8414761264099,413.77849048723346,98.24448008021693
4514.0,413.17385977613327,413.7509001624109,99.67135891353472
4515.0,414.0442467621501,413.7229091224493,98.17090687626917
4516.0,413.3109989431864,413.69533945943493,100.87288223714077
4517.0,413.418403161866,413.66701099167335,100.19697920130078
4518.0,413.9346925063318,413.6388723400143,98.84259018113934
4519.0,413.42820332782037,413.61111404593845,101.65135817456063
4520.0,413.5437399699893,413.5825669561844,100.0712033777472
4521.0,414.0810918212668,413.5544636265692,99.26094044839145
4522.0,412.8949712240821,413.52658784579324,99.53619060235943
4523.0,413.21581049967125,413.49863476559904,97.94182820380288
4524.0,413.37983650339214,413.47112943551184,100.94770677036348
4525.0,413.50167906723277,413.44277995452717,99.70812219802552
4526.0,413.7828028105584,413.4147785902099,100.12434814398954
4527.0,413.4046436933222,413.3866603357728,100.09014492715015
4528.0,413.53210169748047,413.3585516867391,98.95379598136525
4529.0,413.26360007702226,413.33076216236765,100.79809550164141
4530.0,412.79900336565095,413.3024546972143,102.88319291192411
4531.0,413.0498761727161,413.27356166720483,99.87522510058531
4532.0,414.03166409997,413.2455133748224,97.66167367016143
4533.0,413.38138926278396,413.2180867214667,101.79135063920948
4534.0,413.3028949549962,413.1895003171622,100.2179110838669
4535.0,412.80385535016194,413.16135578713283,98.3849894886009
4536.0,413.2970808350833,413.13372600258475,101.89871664503336
4537.0,412.88260869780356,413.10510944632694,100.04083861021776
4538.0,413.14305033752964,413.07701464415055,99.30296554361044
4539.0,413.0555292985013,413.0491270613271,97.96166084978616
4540.0,413.2517204808995,413.0216161615718,99.96860404779775
4541.0,413.4242049074331,412.99354164526835,99.36059464901344
4542.0,413.11651701205733,412.9656378782711,99.49672515754172
4543.0,413.17892681335894,412.93769588128936,99.43472275534269
4544.0,411.9946147037295,412.9097712966489,99.66009083235187
4545.0,412.5566876124231,412.88178342114014,100.16389823836683
4546.0,412.9938278835999,412.8536540597182,101.70171661050274
4547.0,413.1027966132606,412.82509282763675,99.56223452684192
4548.0,413.1824770738903,412.7971324334405,100.81549337127524
4549.0,412.06043482150955,412.76882008238533,99.50784856776642
4550.0,412.90904357073623,412.74087496157927,100.2652470403816
4551.0,413.2465337770804,412.71271713803543,100.95405662928067
4552.0,412.54091678504204,412.6843658737987,99.79500208967885
4553.0,413.0125494581782,412.6563401107118,99.48692316312383
4554.0,412.7404661594219,412.6284008664569,99.7363210884768
4555.0,413.64185599710527,412.6003915829512,101.48264412625394
4556.0,412.6431157233528,412.57189187372575,101.50778469934988
4557.0,412.6422502248389,412.5433851041893,99.57589324993431
4558.0,412.8071956576846,412.51542087416834,99.72759784684857
4559.0,412.31863273637356,412.4874140404397,98.01360629142667
4560.0,412.8237146797268,412.45988855267285,99.80733137017594
4561.0,412.1956607922547,412.43185932711305,101.00229922488462
4562.0,411.24879672920736,412.4034945147474,99.44265774130231
4563.0,412.4622513728042,412.3755677016984,100.23743519359924
4564.0,412.3844814136247,412.34741768864814,98.67869146192665
4565.0,412.0123370102908,412.31970542279595,101.4619186641111
4566.0,412.5805783243686,412.2912115339711,100.08451100835377
4567.0,413.09464179311544,412.26310446712955,98.48799421004674
4568.0,411.93702625630686,412.2354457554223,100.54254764225816
4569.0,411.9107443239388,412.2072100566261,98.17468094225264
4570.0,411.9094130420173,412.1796393337281,100.07302706663874
4571.0,412.4674993019913,412.15153549196026,98.18273863674676
4572.0,412.38934985627736,412.1239625061931,100.50927817501754
4573.0,411.2531981147134,412.09573615057224,100.21311510669804
4574.0,412.35133261153635,412.06759296741313,100.48131695953616
4575.0,412.36194073171305,412.0393744642337,99.02296533401545
4576.0,412.0399824729798,412.0115655148023,99.82461024742868
4577.0,411.8570108311174,411.98353143675786,98.54332810535836
4578.0,411.6533541927244,411.9558571854483,99.99773525876235
4579.0,411.92912189687087,411.9277744881297,99.8082154896719
4580.0,412.06258519298154,411.89974501427974,98.44428926062523
4581.0,411.80467740340725,411.8720985763791,100.58354440431528
4582.0,412.2209169810615,411.84385136432553,100.03046701213701
4583.0,412.0204569401016,411.8157594748396,99.04099172034121
4584.0,411.73240876278714,411.78794546299815,101.49946262669495
4585.0,412.184579834602,411.7594410305772,100.0964027758502
4586.0,411.9073032183529,411.7313306241309,100.01685834713727
4587.0,411.89544355411954,411.7032425564118,99.14282890024411
4588.0,412.0497492615642,411.6753999452956,100.0291832757651
4589.0,411.5594294356581,411.6473084163257,100.2331728718883
4590.0,411.48292792186663,411.6191596002775,100.53056863038861
4591.0,411.4595997786118,411.59092726558714,99.85673259907051
4592.0,411.8217929621772,411.5628841665156,99.09575954858099
4593.0,411.57038126585536,411.5350547740423,101.62290135328972
4594.0,411.8587423614946,411.5065156759123,99.82121623389179
4595.0,411.0070706880548,411.4784825510199,101.0848127100198
4596.0,411.42504393040247,411.45009456611723,99.77974358078781
4597.0,411.3843179438997,411.42207308812823,101.53794017366587
4598.0,411.2921524607507,411.3935578499295,98.3121658364729
4599.0,411.83294531155866,411.3659485166904,99.27108886825732
4600.0,411.3758685049889,411.3380698858999,100.91867832455557
4601.0,411.78090815667434,411.3097285570704,99.55816188470125
4602.0,410.9294246286519,411.2817693066078,100.62240910011417
4603.0,410.9579774370199,411.2535111800522,100.3502361098391
4604.0,411.9241429371206,411.2253294887447,99.93750586797458
4605.0,410.66961670933716,411.19726370584675,100.78506943233239
4606.0,411.100888833908,411.16895989884785,99.17825956536251
4607.0,411.5702192159407,411.14110733761987,100.53496698769938
4608.0,411.05801537008983,411.1128737677242,100.34852875386507
4609.0,411.1311883160576,411.0846925558991,99.5123157116992
4610.0,411.08810574582947,411.05674618057014,100.59859283810712
4611.0,410.9571249576329,411.0284947424148,99.8362028794849
4612.0,411.0517173458189,411.0004574087728,100.00245490937702
4613.0,410.5829070807536,410.97237338601906,100.45599784692759
4614.0,411.14873244756063,410.9441619932903,100.79746137110047
4615.0,411.5933242735695,410.915854706222,100.69928301974127
4616.0,411.0255307995258,410.88757499090724,98.66703472103377
4617.0,411.40088887179394,410.85986599865646,100.67339983752838
4618.0,409.93251170680986,410.8315935522021,99.0197181587346
4619.0,411.57950880586304,410.8037855146858,99.52312824918344
4620.0,410.4560098021978,410.7758361028358,97.95833163832164
4621.0,411.0155199863128,410.7483261380341,99.82749186942415
4622.0,410.7881780245858,410.72029125073414,99.62807652026424
4623.0,410.2717169306018,410.69231236591133,99.61979446267398
4624.0,410.5869283422124,410.66433580696645,102.3976977764743
4625.0,410.4422531563099,410.63557912017416,101.3324431388496
4626.0,411.1836847808159,410.6071215923927,100.13993866836196
4627.0,410.6398215415053,410.5789989596166,98.50520840904284
4628.0,410.59879991182174,410.5513354135884,100.79130840130249
4629.0,409.85867838604776,410.5230298544791,100.63884211110312
4630.0,410.97108184276095,410.49476711298615,101.16147278546276
4631.0,410.44795390728785,410.4663575993789,99.77447080591404
4632.0,410.6546703553165,410.4383376021609,100.22697101074908
4633.0,409.9056638509706,410.41019052780206,100.12501512647611
4634.0,410.7556188280144,410.382072086054,100.3951811380464
4635.0,409.55064853220904,410.3538777726844,101.54052358734697
4636.0,410.1209116496021,410.32536180897694,100.52211827988198
4637.0,409.93732250267124,410.29713184742667,100.69226398633296
4638.0,410.38255330073116,410.2688541032906,96.69990136698935
4639.0,410.21367177533926,410.24169754765666,101.75440585716947
4640.0,410.71918463615793,410.21312151867846,98.44470627098943
4641.0,410.2590224936928,410.1854749636674,99.39907888046734
4642.0,409.7823205632332,410.15756038901515,101.55914162721183
4643.0,410.22681788805215,410.1290391967414,100.86957613281955
4644.0,410.9048982685165,410.1007116574441,100.073264919195
4645.0,410.42099347896624,410.0726077488793,100.66743472857713
4646.0,409.6361820327441,410.0443369776263,100.05344087934505
4647.0,409.8429908124173,410.0162386363127,98.73575962409637
4648.0,410.78471023518676,409.9885103438183,100.25205842297709
4649.0,412.4793755467191,409.9603562240778,100.76761448365079
4650.0,410.14063523097377,409.9320573190103,101.30321868460578
4651.0,409.97310285212984,409.9036079984298,100.41548410517942
4652.0,409.9526712568215,409.87540798331025,100.63402822401966
4653.0,410.4711735064964,409.8471465937173,100.80352245594464
4654.0,409.41704622118664,409.81883760449426,99.47886337554867
4655.0,410.5211521535595,409.7909006236963,100.62780036298989
4656.0,409.5622870857664,409.76264098309434,98.4704482300023
4657.0,409.1653532895307,409.73498719888306,99.48087196509725
4658.0,409.765757611057,409.70704965400625,101.059420869585
4659.0,409.49480044906807,409.6786687999787,100.40296973872255
4660.0,409.4658486097682,409.6504722993104,100.31440777905271
4661.0,409.7093160164658,409.6223006697925,101.01129449312329
4662.0,409.5823408952021,409.59393333125564,99.87043579793047
4663.0,410.1565204211888,409.56588638386904,98.2790298138729
4664.0,409.8197442623124,409.53828635632965,100.38870454282214
4665.0,409.73861285627896,409.5100938618039,99.21599325303102
4666.0,410.71755541227077,409.4822307036987,99.36727931744325
4667.0,409.46475023500557,409.4543250594237,99.19279334920309
4668.0,409.16534662784915,409.4264684166248,101.24398309847578
4669.0,409.68261432098217,409.39803573137135,101.131844818468
4670.0,409.68231793618804,409.3696345382848,101.68840347724871
4671.0,409.4967084128637,409.3410770449749,100.2067386206701
4672.0,409.1639174466736,409.31293565254566,99.01914775091588
4673.0,409.8498373305622,409.2851277752189,100.37124631038796
4674.0,409.6557867922952,409.25694018354676,98.56797138627968
4675.0,409.01564034721633,409.22925901158237,97.80721371334346
4676.0,409.5194290611721,409.20179148573123,97.0578194378756
4677.0,408.4823927082749,409.1745344147724,99.62377748448087
4678.0,408.51793015215134,409.1465567372622,100.24967545775723
4679.0,409.15156024741094,409.1184032867378,99.94177124761949
4680.0,409.0117499621191,409.09033630597906,102.78936668740941
4681.0,408.80934990774165,409.06146962550105,99.84220143718906
4682.0,409.1337304262915,409.0334306072641,101.21903760056179
4683.0,408.70934185829094,409.005004927538,100.55359848557278
4684.0,408.51515797367836,408.9767661252966,99.64895595147618
4685.0,409.33560531131957,408.94878137683355,99.9965354029522
4686.0,409.1101387801245,408.92069901647454,99.67043410296635
4687.0,408.64829553410334,408.89270823623065,100.00112463210982
4688.0,408.923427189254,408.86462458706313,99.38647625883591
4689.0,408.5380052103862,408.8367135516471,100.00715187478002
4690.0,408.76138175809365,408.8086282098289,100.0617773915301
4691.0,408.5917582255606,408.7805275273448,102.08894726330391
4692.0,408.3901948279437,408.7518575479884,101.29623804698437
4693.0,408.30916889826165,408.7234101878035,101.05489236849343
4694.0,408.72860725639873,408.69503060553,97.89955926983916
4695.0,408.4808221626106,408.6675371459684,100.49977538804208
4696.0,408.6256208864904,408.63931345904695,101.55978961841411
4697.0,408.72391972466,408.6107920847957,99.53470667833054
4698.0,408.8178292476021,408.58283942133687,100.7184489585557
4699.0,408.3752163399863,408.5545543235877,100.10536020368994
4700.0,407.98463628480306,408.5264414015972,97.76975726140928
4701.0,408.77610877339595,408.49898439476624,100.18659775578452
4702.0,409.37992810585405,408.47084865856317,98.54667798036456
4703.0,407.570560814066,408.44317346649706,100.37083762761789
4704.0,408.2701096280181,408.41498598959663,100.24635508612843
4705.0,408.74302108562097,408.38683347154324,100.42851358401728
4706.0,408.4479279316885,408.3586297973117,103.22884848087898
4707.0,409.4141861854323,408.32963969569664,99.4093283926417
4708.0,408.7437740058803,408.3017222426398,99.07386501800883
4709.0,408.73695596965126,408.27389899888055,100.37205547683895
4710.0,408.23744105256884,408.2457111799675,99.47159283747449
4711.0,409.44690013164745,408.21777624097894,99.49321917498354
4712.0,408.22392419945203,408.189835228594,99.17946004008276
4713.0,408.3414778815565,408.1619823302327,99.30258068458973
4714.0,407.803167248597,408.13409485549045,100.7513570919789
4715.0,407.9460681052588,408.10580051604046,100.88614353017844
4716.0,407.75822244155694,408.0774683240657,98.77603059382687
4717.0,407.31307071584297,408.0497287221406,99.37193408483472
4718.0,408.30751531580506,408.0218217706518,100.59632780249416
4719.0,408.14690558101137,407.99357096859393,98.27771944627611
4720.0,408.35655442400025,407.96597130904945,97.72069611785173
4721.0,407.6777574226665,407.93852808022297,98.83917454618138
4722.0,407.78949492487124,407.9107707453712,100.3469507771455
4723.0,408.34434034462953,407.8825899766947,100.09702690704826
4724.0,407.95171462821327,407.85447939497163,99.23900341061618
4725.0,408.09025816455835,407.8266097748471,100.20559625522606
4726.0,408.32294158875396,407.7984687032321,100.92399109192371
4727.0,407.89432676258735,407.77012588240046,101.12541394879032
4728.0,407.3583986237876,407.74172649531647,100.90882398753256
4729.0,407.980511460288,407.7133879339133,100.04714010305185
4730.0,407.74835661173256,407.6852913620677,98.71858296704816
4731.0,407.1155486665895,407.6575678933512,99.14295144089733
4732.0,407.4835176501596,407.6297252478215,99.85413269024438
4733.0,408.09446472639837,407.601682878891,101.49543377781396
4734.0,407.2419319550883,407.573179577905,100.57924724454148
4735.0,407.6658132277882,407.54493357263726,99.39285502971556
4736.0,407.312440427581,407.5170207458497,99.5765265676972
4737.0,407.28612435417836,407.48905633797193,100.25581113000298
4738.0,407.078832427517,407.4609011643463,99.7861129379247
4739.0,407.75650714292175,407.4328778976295,101.04338164156765
4740.0,407.9653954269252,407.40450154795184,100.39130955526731
4741.0,407.6040413983644,407.37630832185175,98.2507271999765
4742.0,407.1701543945956,407.3487162426298,98.14209125705125
4743.0,407.2354081088876,407.32115467200174,99.44280906204108
4744.0,407.3855731178683,407.2932278164568,100.49780090298017
4745.0,407.32942768909555,407.26500468403657,100.20993093886361
4746.0,407.50058185982465,407.2368623950979,100.18801403455774
4747.0,407.51784402839246,407.2087262611566,100.71746179545208
4748.0,407.49043887008645,407.18044144063566,99.19309050232617
4749.0,407.2950106082872,407.1525847143862,100.77053619541313
4750.0,406.93207509438486,407.12428498880473,100.43269073841995
4751.0,407.15490421784267,407.096080141489,98.5338156394909
4752.0,406.634820395303,407.06840856159687,99.30751904950962
4753.0,407.0914621153208,407.04051969999716,98.4735119040003
4754.0,407.7139391309086,407.0128650554041,99.17231939576256
4755.0,407.2345666361277,406.98501416237383,100.49534874085059
4756.0,406.8430576968416,406.95679171860246,100.0309457148118
4757.0,406.5925978949117,406.92869969468086,98.7153665098074
4758.0,406.7913317842651,406.9009771292527,99.73971331836614
4759.0,406.3901968337229,406.8729668930958,98.92635775958135
4760.0,406.9095999187048,406.84518507429163,98.6173152930245
4761.0,407.1579044057339,406.8174900449135,101.90655631575972
4762.0,407.0026759298673,406.7888712870148,99.79633253047052
4763.0,406.5580541143107,406.7608451502958,99.59725823709121
4764.0,407.2702923296503,406.73287492027424,99.79065884079822
4765.0,406.38824746178284,406.70485037691645,97.13739578982127
4766.0,406.221361463863,406.6775709582655,101.24061373900975
4767.0,406.6791860244809,406.6491392192404,99.97404188068514
4768.0,406.33486136238423,406.6210631758123,99.29905312313981
4769.0,406.3418552462475,406.5931766917269,100.4404652298261
4770.0,407.21580313223603,406.5649696610748,100.12346322114784
4771.0,406.7645314595389,406.53685165515355,100.3374958866586
4772.0,406.28554269660253,406.5086735417254,100.16740852731891
4773.0,406.79404921128474,406.4805431944973,101.27575940469065
4774.0,406.329140104673,406.4521015853978,101.67870298169751
4775.0,406.27620637275265,406.4235468163105,100.2373610913411
4776.0,406.1611058140635,406.39539682407064,98.96265186066856
4777.0,406.83879285293966,406.3676048126731,99.90958420834927
4778.0,406.59921566759084,406.3395468711079,97.98420562834468
4779.0,406.3362888665434,406.31202964002733,99.875422515537
4780.0,406.4290286896284,406.28398129220415,99.93712621775028
4781.0,405.7358134857858,406.25591561592466,99.52992474451267
4782.0,405.9563693609262,406.2279642953922,99.72198079504278
4783.0,406.27921776937006,406.19995903911894,99.36852701007336
4784.0,402.84599861307856,406.1720530444503,98.49735176667788
4785.0,405.84577747666947,406.14439170482916,99.1990247632252
4786.0,405.48134101931305,406.1165333120415,99.92548880922696
4787.0,406.09797626495623,406.08847090393425,101.1158768547831
4788.0,406.4342819976228,406.0600741951842,99.52141197452475
4789.0,406.56901916011196,406.0321252653214,102.83325418712803
4790.0,406.7571420913611,406.0032462597705,98.58985740535446
4791.0,405.6676691559817,405.97555894148246,101.23148514416
4792.0,405.71005619516217,405.9471297660711,101.11142496533922
4793.0,405.9086674624422,405.91873430756004,100.43323118503262
4794.0,405.918871012652,405.8905293084689,101.34358958153008
4795.0,401.16464291452996,405.86206865039475,96.85161006846695
4796.0,405.81717469194075,405.8348694899005,99.96185214065243
4797.0,405.6101613357668,405.8067968697577,98.9011862806625
4798.0,405.6485179658542,405.7790221199439,98.66625688836339
4799.0,405.3610453946222,405.7513133461344,99.974074446949
4800.0,405.1345791246474,405.7232372935605,99.88395674350923
4801.0,405.37591816185056,405.69518654904175,100.30408807754289
4802.0,405.06008926614635,405.66701781764,99.00627493335207
4803.0,405.44917613309025,405.6392135554295,100.48392475939927
4804.0,405.5439426017605,405.6109943198929,99.44729247375699
4805.0,404.95386298575824,405.5830662052565,101.51896754823996
4806.0,404.7386808517786,405.5545562952033,100.43305748433329
4807.0,405.7421271349287,405.5263513448932,99.35729072911182
4808.0,405.68824031715116,405.49844850574675,99.75041311101407
4809.0,405.8282587364741,405.4704352647314,100.2525211464515
4810.0,405.5184563411164,405.4422810150428,98.25975141908276
4811.0,405.2109593084851,405.4146864015193,99.91640359545146
4812.0,405.6819519596582,405.3866265448429,98.72430550343734
4813.0,405.3611810393282,405.3589014690473,97.21249525001065
4814.0,405.2500513920689,405.33160095996465,100.1904333708604
4815.0,405.3128490161401,405.303464146593,99.82988559432415
4816.0,405.4136434169001,405.2754285870553,99.61577216866023
4817.0,405.5213132157941,405.2474531577045,99.53434850769294
4818.0,404.9103835396206,405.21950059483197,100.11749295906478
4819.0,405.02363722474263,405.1913842655593,100.76210304507508
4820.0,404.9229077395978,405.1630869082875,100.08050275445002
4821.0,405.5264751338511,405.1349809670973,99.55405713131357
4822.0,404.75788761842983,405.10702286938624,101.37036569685016
4823.0,405.18405785911324,405.07855469168635,98.45930255059342
4824.0,405.69869323081343,405.0509040375534,100.33523393050261
4825.0,404.7297597638782,405.02272655935786,99.99352102306825
4826.0,405.129304097559,404.9946450455373,99.96724392756965
4827.0,404.50844572751515,404.96657091120096,99.3010162172839
4828.0,405.03476287392925,404.93868387581324,97.85781731244433
4829.0,405.62834771997444,404.9112021387847,99.8761382576902
4830.0,404.84898685742627,404.8831535899573,98.48642174083342
4831.0,404.00566831651327,404.8554953198518,100.06786344068645
4832.0,404.5532580814544,404.8273929282022,100.48402536328607
4833.0,405.1793799318252,404.79917366441265,99.25990794794902
4834.0,404.6703234597339,404.7712981735973,100.55750828307097
4835.0,404.852249023999,404.74305827335445,98.76974797732218
4836.0,405.11066289532783,404.7153204357975,99.22320751161035
4837.0,404.028835444933,404.68745525168794,99.65022409288183
4838.0,404.97933194458426,404.6594701470886,99.5379597708151
4839.0,405.5533357034484,404.6315165700529,100.24214246598193
4840.0,404.63170502924777,404.6033652350437,100.85261430327157
4841.0,404.5580511952195,404.5750424591935,101.7289905866378
4842.0,404.75582435365357,404.5464735676705,99.30369484772511
4843.0,403.52835227904217,404.518585780034,98.08339615354262
4844.0,404.6229459232545,404.49104069294765,98.53321339021058
4845.0,404.75101309790386,404.4633692821872,99.70721773274393
4846.0,404.272336163682,404.4353681718739,101.09060657364046
4847.0,404.7728751793763,404.4069785598611,100.44670080857662
4848.0,404.35061818279945,404.37876977805075,100.96750292697229
4849.0,404.8031327034543,404.3504147376454,100.7742792210428
4850.0,404.3357007687527,404.3221139608975,101.4018978092324
4851.0,404.5055386443991,404.2936369279294,99.87060887895669
4852.0,404.9814501244646,404.2655899319359,99.4389396142966
4853.0,404.6425932037615,404.23766416306086,101.61003935650861
4854.0,404.326897318719,404.2091286770082,100.82799924668859
4855.0,404.66030168006745,404.18081281388646,99.25088000488734
4856.0,404.22203121504407,404.1529398584184,101.57558539898197
4857.0,404.80088565105376,404.1244140481855,100.78398368545824
4858.0,403.9766089238536,404.09611054610053,100.98651691704265
4859.0,403.5941131265268,404.067750165933,99.54500837507283
4860.0,403.32218360371553,404.0397946094143,100.98501497114981
4861.0,404.12064329422395,404.01143465104326,98.95042921343715
4862.0,403.5955624016986,403.9836460721725,100.92749390642918
4863.0,403.59424133246927,403.9553022676337,102.15507519742293
4864.0,404.2172336719332,403.92661371734914,99.96798843381681
4865.0,404.3531094854107,403.89853937393065,102.36628497702945
4866.0,404.65555905173306,403.8697915088996,98.77658548301707
4867.0,403.3333026782005,403.8420517511431,101.67501900864646
4868.0,403.6604078911367,403.81349801663816,100.72107726729317
4869.0,403.6556638896269,403.78521218077225,98.89016500226634
4870.0,403.8177269618372,403.7574405261009,99.24777944412112
4871.0,403.568562014152,403.7295684413736,100.77627638219963
4872.0,403.3876707737803,403.7012671037563,101.05428074436581
4873.0,403.6043154817577,403.6728876932473,99.80876137756731
4874.0,403.64155669406057,403.6448580660937,100.32572231190613
4875.0,404.13273876738833,403.6166832590777,99.06882849795012
4876.0,403.6082316264712,403.58886142974126,99.9249707192126
4877.0,403.9904475812626,403.560799167131,100.35200805111837
4878.0,403.2969819236087,403.53261697820324,100.48523933412105
4879.0,404.2036317046349,403.5043973734903,99.32551705880962
4880.0,403.13219260415826,403.4765034574496,99.59358344862214
4881.0,403.71027399528816,403.4485342594311,101.09057668176021
4882.0,402.3242503626468,403.420144655813,101.54773476814373
4883.0,404.18726884083776,403.3916266669656,99.5267591690948
4884.0,403.5952316126833,403.36367623543225,99.43624974576655
4885.0,403.7763846817419,403.335751221962,99.05236682273129
4886.0,403.1940702172578,403.30793401561255,98.4548157447334
4887.0,404.18776979049005,403.2802846215243,99.14249810510367
4888.0,403.5419436676513,403.2524421033064,100.46045594563228
4889.0,402.9343717084205,403.224229458595,100.89828045680889
4890.0,403.4988559555122,403.1958938581667,98.53067543150789
4891.0,402.7151904236041,403.16822316014975,101.85723213160716
4892.0,402.7531300368802,403.13961825412605,100.35634902847326
4893.0,403.7863189792711,403.1114348461072,99.04043383499399
4894.0,402.62034756616606,403.0836209909386,99.67002325790446
4895.0,403.0697135775083,403.05563032607364,101.16736436081946
4896.0,403.4907669923452,403.0272191579157,99.17922965260479
4897.0,403.718508166166,402.9993663242549,100.55267531954587
4898.0,402.788682733083,402.97112778126933,99.9610704461457
4899.0,403.15311264878795,402.94305538065237,100.18145814169573
4900.0,403.0788135671406,402.9149210878242,99.22797014054345
4901.0,402.94089747878144,402.88705456620977,100.3408767395569
4902.0,403.3256617723635,402.8588755033254,98.99071921327872
4903.0,403.0266337975562,402.83107560967966,100.40048667103625
4904.0,402.6745439106592,402.8028798063396,98.89447430995506
4905.0,403.14332096373425,402.7751069414709,100.04750425958797
4906.0,403.1336676577955,402.74701026735795,99.9977968067262
4907.0,402.40087165033157,402.71892755275474,100.2098485001197
4908.0,403.0326211764023,402.6907852869676,100.49071840331794
4909.0,402.15217686605445,402.6625641435494,100.32535410625253
4910.0,402.095572806055,402.6343894399378,102.12255428439816
4911.0,402.27188023309975,402.6057100226097,101.18757528529333
4912.0,402.61722769316003,402.5772931785504,100.89123222992893
4913.0,403.0572865559505,402.54895955749913,99.39619678587641
4914.0,402.8475391172098,402.52104579223504,101.7027666993621
4915.0,402.9121535285927,402.49248426525367,100.65040968264663
4916.0,402.4533867845965,402.4642182752012,99.57206416306252
4917.0,402.368729045393,402.4362551205154,100.04729942670433
4918.0,402.47805697569936,402.40815850392636,101.16314462870004
4919.0,402.0557419944257,402.37974852080976,99.69486067741606
4920.0,402.27133720824276,402.35175088076954,100.10671660435152
4921.0,401.48162936482163,402.32363757785646,100.44238532400418
4922.0,401.8885224032928,402.2954300079779,100.41128083708064
4923.0,403.0100002758976,402.26723117327623,100.31371853243306
4924.0,401.9023022877836,402.23905973732167,100.65432406063871
4925.0,402.98805771532034,402.21079264798135,101.49676579605338
4926.0,402.6716887599339,402.1822889729203,99.74242949524252
4927.0,399.8973094130993,402.15427797397035,101.27430130526383
4928.0,402.0599892108978,402.1258367743538,100.64513013341484
4929.0,401.86608166727956,402.0975722669747,99.98807253491903
4930.0,402.4018208115167,402.0694922832711,100.08290970521459
4931.0,402.350576291387,402.0413856661289,101.67318886303815
4932.0,402.52595421079354,402.0128324455899,100.23088739071059
4933.0,402.44645772553133,401.98468427138096,100.89600202144568
4934.0,402.1381476340565,401.95634931081327,99.0409957610113
4935.0,401.3434923870693,401.9285352978371,100.42518724360839
4936.0,401.7143252004736,401.9003325577528,100.5780307173231
4937.0,402.1140936154219,401.87208689412637,99.26497509773091
4938.0,402.07114048563335,401.84420998028645,101.75354898328166
4939.0,402.24548591551064,401.81563419194697,99.75858581258076
4940.0,401.9569948818299,401.7876186557646,99.46277899234273
4941.0,401.2873323335462,401.75968619199756,98.89449219507426
4942.0,402.26624042405206,401.7319133221061,99.64968739610138
4943.0,401.8797740859066,401.70392836822907,99.46235914221052
4944.0,401.99333780331176,401.67599602236993,99.51934643681939
4945.0,400.8007857843512,401.64804767257897,99.86738565585793
4946.0,402.36237929683364,401.6200015817739,99.10080841807857
4947.0,401.5071265064098,401.5921707714099,99.95899347725941
4948.0,401.75126326799005,401.564098954075,99.20897823705216
4949.0,401.5390231087196,401.53623776602007,98.28314303071099
4950.0,402.3537716733373,401.50863658335226,98.10829136636511
4951.0,401.30530547487876,401.4810845048602,100.21900501690581
4952.0,400.9880436281268,401.45293966761795,100.72577053976552
4953.0,401.28690655597524,401.42465251372465,99.97517788230553
4954.0,400.8791118133565,401.39657615126947,98.84083535114793
4955.0,401.3249245176662,401.3688183500083,101.48081554668398
4956.0,401.46613148497005,401.340319154309,99.96304765023775
4957.0,400.91076659390905,401.31224619842715,101.5143374450886
4958.0,401.3440786013187,401.2837375886614,99.55446945112496
4959.0,401.78446801435035,401.25577937515715,100.75771123728394
4960.0,401.0686208032652,401.2274832512514,100.89911073655495
4961.0,401.6248040436264,401.1991474176529,98.36493954924813
4962.0,401.557535371842,401.1715232637962,99.5564359468692
4963.0,401.05387987018287,401.1435644980344,101.0065364344667
4964.0,401.11892433902267,401.1151984957191,98.58316266687025
4965.0,401.1354560157528,401.0875130575368,101.66696755999651
4966.0,400.6100600686388,401.058961584147,100.64637625788711
4967.0,400.83370702170436,401.0306967268146,100.20551162748525
4968.0,401.7823180811458,401.0025556789659,100.3715042473909
4969.0,401.3841943662102,400.9743680148564,101.07581405953036
4970.0,400.8462048170356,400.9459825570747,100.2404983103103
4971.0,400.80072986861825,400.9178316837992,101.08904296633618
4972.0,400.957675341952,400.88944251089947,98.86780868489588
4973.0,401.083219778679,400.86167713462714,100.36787979304893
4974.0,400.58875942609,400.8334904883852,101.51130090982424
4975.0,400.4206625611965,400.8049827313797,99.68059960918096
4976.0,400.58637143268993,400.77698909632284,100.71529819587872
4977.0,400.1172239720053,400.7487048834128,100.08525760053566
4978.0,400.135883763809,400.7205976069033,101.6411209015197
4979.0,400.3418529502004,400.6920533921168,99.64873337117467
4980.0,400.04864155042515,400.66406870616174,99.21826667014102
4981.0,400.3111197492836,400.6362049096052,99.017555417374
4982.0,400.5321338327247,400.60839747945886,99.95947711100301
4983.0,400.84391576540037,400.5803255263035,99.98668088791865
4984.0,400.8936164949993,400.5522459334208,100.61174626557896
4985.0,401.05259233352734,400.52399080134455,100.43979818910162
4986.0,400.48254615902897,400.4957839580198,99.4686530354151
4987.0,400.69758506954685,400.4678498446256,100.16710062680463
4988.0,400.26599671848044,400.4397195838663,98.68733802663544
4989.0,399.6478231925924,400.4120048897705,99.88911083271957
4990.0,400.3465792244228,400.38395269781165,101.66351356613416
4991.0,400.17100929832975,400.3554021944185,100.83979483779804
4992.0,399.8685745724863,400.32708301870156,98.53288498075882
4993.0,400.59751134480985,400.29941170016946,100.1493416706095
4994.0,400.4253978785353,400.271286426717,100.88060491431949
4995.0,399.93404965229246,400.2429557901702,99.64741689775538
4996.0,399.6680136301205,400.2149714739248,98.29441192236214
4997.0,400.37541202631866,400.1873671265766,100.17023762435184
4998.0,399.52923749164177,400.1592359848437,98.63670648624812
4999.0,400.34146264232703,400.1315355097722,100.08092619149004
5000.0,400.3155451521297,400.10342944966675,99.48177669166176
5001.0,399.9988364550091,400.0754916507125,100.38001288857411
5002.0,400.5053704250523,400.047301597093,99.69468130748143
5003.0,400.8178348036357,400.0193040074257,99.77838855069947
5004.0,400.0850766783972,399.9912829099744,99.2087506129296
5005.0,400.0707653979075,399.963421785844,99.22429646433181
5006.0,400.2435535622607,399.9355562959202,100.1728375860758
5007.0,399.8128754630327,399.90742442403143,99.90941768626719
5008.0,399.44657310587354,399.8793665292313,100.14485912183119
5009.0,400.01841345405626,399.85124251462787,101.01070829387706
5010.0,399.54648695875136,399.8228753407153,99.6184577725633
5011.0,399.9693627943251,399.7948991571575,98.69712884415922
5012.0,399.3224700983634,399.76718171347375,99.85766328453711
5013.0,399.23132154274214,399.7391383530347,100.59762423957297
5014.0,399.34061242539195,399.7108871868941,99.77853495300036
5015.0,399.28295931900465,399.6828660483281,100.61799384798064
5016.0,400.361440843378,399.6546091617225,100.32593417144541
5017.0,399.86293394980606,399.6264342952093,99.82993793271561
5018.0,399.62993503433955,399.59839872097325,98.52035737333264
5019.0,398.68225488323367,399.5707309206109,99.15754840101035
5020.0,399.54266879722314,399.5428841757682,98.89526658657499
5021.0,399.60701034708194,399.5151110884019,100.4595432762657
5022.0,399.1881226082822,399.48689869999845,100.6175040453812
5023.0,398.84706343276116,399.4586419509457,99.52446558863477
5024.0,399.2514617018534,399.43069216352626,99.11132118569323
5025.0,399.31137689839096,399.4028584008266,99.54179057055825
5026.0,399.6519170250265,399.3749037479747,100.99954918950425
5027.0,399.04916749872694,399.34653970791067,100.33928478858121
5028.0,398.90055901121747,399.31836109209917,100.30601506175734
5029.0,399.0767019621577,399.29019181953595,99.70524865923147
5030.0,399.1072630774378,399.2621912622042,100.16641590425475
5031.0,399.1223896809389,399.2340611937377,100.87732290380598
5032.0,398.8444118457113,399.20573147888894,101.27512670863322
5033.0,399.66658148993207,399.1772900474716,101.11434439553763
5034.0,399.7169826893507,399.1488937690872,100.19236805549914
5035.0,399.25431841493304,399.12075641239164,99.97337410771487
5036.0,399.3799773792544,399.09268055649636,98.70822032347377
5037.0,398.94928581107445,399.06495999795555,100.82391082050908
5038.0,399.13759417191494,399.03664528300004,99.41226714005396
5039.0,398.8635194465183,399.00872700464487,99.83429602247578
5040.0,399.2140545048916,398.9806902065119,98.12000620560569
5041.0,399.2062808568919,398.9531348381025,101.42096294224456
5042.0,399.4052112697337,398.92465245100954,98.50850320348098
5043.0,399.19482006971316,398.8969879796933,100.30265219322953
5044.0,399.0115543923326,398.8688196515357,99.28393493345675
5045.0,398.8397399882305,398.8409374131419,99.46382668951877
5046.0,399.3319629103212,398.8130046551466,97.7942245545315
5047.0,399.2711696754563,398.7855407770841,98.86904837136365
5048.0,398.4421696757156,398.7577750526665,101.56508842730327
5049.0,398.4406638055693,398.72925219033317,100.28473563754007
5050.0,398.7484293838151,398.7010888937416,99.52846570515821
5051.0,398.93835428799764,398.67313798295606,101.25836588881687
5052.0,398.98736116515596,398.6447012585357,100.68092424359784
5053.0,398.44634448354157,398.61642669897725,102.2936348884683
5054.0,398.4668494487703,398.5876992365128,99.4858053227516
5055.0,398.17180648556325,398.5597603061846,99.94818380651623
5056.0,398.7643804498482,398.5316915245656,100.60058273739699
5057.0,398.43243083185047,398.50343952758016,98.25815322038488
5058.0,398.62600287088645,398.4758453628841,99.25245033699842
5059.0,398.03276903902906,398.44797196641446,96.85030670311123
5060.0,398.1796685563402,398.42077317194867,98.49220890350483
5061.0,398.58722253342546,398.39311327661494,99.56344475413195
5062.0,398.31784084574434,398.3651525425465,98.80489657491057
5063.0,398.76082661065504,398.33740483409167,98.53248432859817
5064.0,398.89021782208806,398.3097336280761,100.38980516551844
5065.0,397.7620394092416,398.28154082445883,98.64674754903689
5066.0,398.79598739403485,398.2538375295221,101.8069649232651
5067.0,397.70704885455325,398.2252467402062,99.9945127723547
5068.0,398.35311824135664,398.1971649478692,98.87794624193843
5069.0,398.2564934544166,398.16939672463303,100.28131006689974
5070.0,397.83268594220294,398.1412343900559,99.42966222305098
5071.0,397.34899779939445,398.1133112265815,97.99671317884649
5072.0,398.18394604780036,398.08579048296383,99.74450605531898
5073.0,398.0767591644521,398.0577789008466,100.59194196867733
5074.0,397.8315355887373,398.02952933047703,100.15839349937777
5075.0,398.6775183190351,398.00140151496936,102.12809569012325
5076.0,398.74114217662645,397.9727205414297,100.8233087902611
5077.0,398.2837812018513,397.94440599554446,99.95329292094684
5078.0,398.3629422742142,397.91633577911574,101.09652639061557
5079.0,397.3908691243201,397.8879445046211,99.25539969450783
5080.0,398.61433551505377,397.8600702798735,99.18389346295419
5081.0,397.65791204812285,397.8322161364594,100.53867844744967
5082.0,397.60049417225207,397.80398152426204,103.28899582343597
5083.0,397.8541281204404,397.77497453126824,99.5403673213604
5084.0,397.67440467664875,397.7470202781122,100.53416809662069
5085.0,397.6228921727546,397.71878693257173,98.65024113155211
5086.0,398.4970333846962,397.6910826565207,101.2052636047778
5087.0,398.11043439099205,397.66266084499165,100.19661688006268
5088.0,398.1614736382893,397.6345222950845,100.8018137805032
5089.0,397.42077720175985,397.6062137857145,99.8006083327577
5090.0,397.1573318783011,397.57818644820765,99.33601738970356
5091.0,397.79211805011363,397.55028958332406,100.56207023144903
5092.0,397.665531505902,397.52204840193406,97.85533032766367
5093.0,396.85371108370475,397.4945673633337,102.93528369001002
5094.0,396.95285087318297,397.46565970449745,101.58739379841195
5095.0,396.89759576011517,397.4371305780724,100.36981529269947
5096.0,396.7278709711815,397.4089433882777,99.13080443815677
5097.0,397.3764874828885,397.3811041540313,100.22091302238583
5098.0,397.39329011716865,397.3529587809575,98.77254491570295
5099.0,397.10980424130025,397.32522015792705,99.08464463197267
5100.0,397.32441636515443,397.29739388689285,100.04703390551644
5101.0,397.4972117698506,397.26929734487106,100.38537265362066
5102.0,397.2166418540919,397.2411057860508,99.01099195254159
5103.0,397.16543031099536,397.2133001991442,101.36028268401563
5104.0,398.14537343976855,397.18483485309036,100.48736254409305
5105.0,397.556628601363,397.1566146521093,99.75657011784541
5106.0,397.24485755230916,397.1285996820012,100.56865872996616
5107.0,398.0056942115912,397.10035665034115,100.08335363802443
5108.0,397.38440603405746,397.07224990852785,100.89130590674722
5109.0,396.7869662858313,397.0439162667857,101.24704212793267
5110.0,397.6664051410628,397.0154827224548,99.19984778497312
5111.0,396.3758897912188,396.98762409853515,98.4540186934407
5112.0,396.8674947512988,396.9599749282854,100.82099522890076
5113.0,396.0600070626979,396.9316610321253,100.27357308125721
5114.0,397.39611351490737,396.90350087035165,99.70759417486691
5115.0,397.3965459678764,396.8754996543209,99.6490283132871
5116.0,396.8874868577091,396.8475148855362,99.85669122210481
5117.0,396.80277957180715,396.8194717980847,98.43792184888673
5118.0,397.30935648004845,396.7918271483654,101.29017733223313
5119.0,396.7760160444902,396.7633814902313,100.0718004498803
5120.0,396.7237503401184,396.73527799293834,101.75869781864142
5121.0,396.47817670945415,396.70670075863427,100.55115927020633
5122.0,396.91615979170325,396.6784626414059,100.42616661455763
5123.0,396.94071746702303,396.65025962628164,101.14068150826184
5124.0,396.24662174362845,396.6218559515581,99.44910650866065
5125.0,396.86607551035854,396.5939273274802,100.38072164356535
5126.0,396.831960540068,396.5657370748186,100.82183208878712
5127.0,396.4386028566795,396.5374229436403,98.89323966228096
5128.0,396.15453217532286,396.5096504255019,101.47310421605921
5129.0,396.70081461348207,396.4811533954012,99.01860094615353
5130.0,395.88380559890896,396.4533456716354,100.14281170214709
5131.0,397.24357071401784,396.42522223201576,101.64837882464779
5132.0,397.00410749476566,396.3966759789625,99.90397782485532
5133.0,396.48032851646207,396.3686196118567,99.48994017474324
5134.0,396.32625124321993,396.34067952032433,100.30435080673604
5135.0,396.2436252558301,396.3125107151394,100.0830280700657
5136.0,394.7645024542892,396.28440406475636,102.06487210969354
5137.0,395.99015907459807,396.2557408465056,97.5447316786616
5138.0,396.68760214320963,396.22834703435916,99.54926636737082
5139.0,396.69793361115296,396.20039028205434,100.94518677257294
5140.0,396.8780374003042,396.17204150876904,98.93128606917956
5141.0,395.79712388823225,396.1442583059313,98.5276074972384
5142.0,396.45213629084736,396.1165884694925,99.74785237737395
5143.0,396.03687306587756,396.0885759476165,98.99555645295524
5144.0,396.2798523814585,396.0607746955126,100.63578380364724
5145.0,395.97181119564226,396.0325128128944,100.6614619210638
5146.0,395.61586399655016,396.00424371900493,97.6466747107747
5147.0,396.1852734241072,395.976821277857,100.8883470744007
5148.0,396.15432613205525,395.94848846705355,102.59661194589364
5149.0,396.78041264068037,395.9196759185321,101.33055813567148
5150.0,395.8333555490122,395.89121892012236,100.0163199189362
5151.0,395.88616518393053,395.8631310036118,99.94787047505223
5152.0,395.85914847392013,395.8350623099867,100.30499265354774
5153.0,395.6723550915743,395.80689332454983,99.22768155572994
5154.0,395.49629499435883,395.77902688397967,98.82034559213551
5155.0,395.8707605021232,395.75127483692586,100.43326396414868
5156.0,395.7378218375171,395.72306982862926,100.25718544696086
5157.0,396.03593940731287,395.69491426904955,99.68828949090523
5158.0,395.76861669704687,395.6669184744175,100.61623321106016
5159.0,395.11827214466336,395.6386620822574,99.49491024152681
5160.0,395.7466381548583,395.61072059496456,99.53475940541878
5161.0,395.35751596309274,395.58276791669823,99.12429053822312
5162.0,396.03515610720376,395.55493051177206,99.14298387732362
5163.0,395.5762291923612,395.52708785713315,99.94994234455827
5164.0,394.8068368904214,395.49901858165805,100.23662068465975
5165.0,395.39185432372204,395.4708687973491,100.82404286383485
5166.0,395.0051582244167,395.4425540453115,98.47777422010441
5167.0,395.23587851112745,395.41489820371805,99.98282595841675
5168.0,395.51204409551286,395.3868196934281,100.73285628109355
5169.0,394.8291450139621,395.3585305496225,99.23470199738286
5170.0,396.3858908326156,395.3306621374782,99.22149844090869
5171.0,394.73732162467684,395.3027974333327,99.93683862572702
5172.0,395.0275648334594,395.27473183781865,99.81466056852527
5173.0,395.59078523826236,395.2467005539757,99.93284417679591
5174.0,395.22238266625396,395.218636080236,99.95619091109155
5175.0,394.6052301455964,395.1905650499552,102.45216791842233
5176.0,395.08291526018587,395.16179306613145,100.21797634941711
5177.0,395.6132899792956,395.1336485177733,98.15379834712395
5178.0,394.477899639598,395.10608365940413,100.32765617092068
5179.0,395.2922083577124,395.07790830929616,100.26450390278318
5180.0,394.90432597207104,395.0497506944501,99.85487418493453
5181.0,394.8033906740532,395.0217081172832,100.52955032553776
5182.0,394.4587061018874,394.99347606856674,102.06833787638367
5183.0,395.2448744950497,394.9648118770132,99.68814208788075
5184.0,395.28370494341743,394.93681612377685,101.48279276599922
5185.0,393.8683525142954,394.9083163728084,101.1969153199588
5186.0,394.3390537532216,394.879896905756,98.94090071712735
5187.0,395.0726682474026,394.85211100280463,99.51560577526831
5188.0,395.0772910886845,394.8241637035161,99.97148851217074
5189.0,395.42417175543625,394.7960883771589,101.93607769541994
5190.0,394.9541913964074,394.76746132867277,99.81866124533335
5191.0,394.96518655338775,394.7394289213064,100.16274115868657
5192.0,394.9452059103089,394.71129988483096,98.62618668045202
5193.0,394.85599788126723,394.68360236407153,100.1494557728797
5194.0,394.4641015135906,394.65547705857534,100.86145012828793
5195.0,395.0418528919769,394.6271518013309,101.2795989869706
5196.0,394.5488818361532,394.59870911394876,99.69110106392196
5197.0,394.2369421434797,394.5707125297334,103.19959369055637
5198.0,393.9101140288041,394.54173064383855,100.41509442024228
5199.0,395.34176247164265,394.5135307381555,99.79802781181397
5200.0,394.301158729591,394.485504125345,101.4670655609775
5201.0,394.5734088687281,394.4570087911,100.53872031469072
5202.0,394.9201239555476,394.428774167145,98.35889545910585
5203.0,393.7153180257494,394.4011517106702,100.3083479232785
5204.0,393.7209026345999,394.3729817829618,99.43547856517509
5205.0,393.70944900975707,394.3450569860647,101.53890165939407
5206.0,393.76716755385644,394.31654147784866,99.16872952769391
5207.0,393.7933548488518,394.28869159297295,100.58717728077787
5208.0,394.716632061748,394.2604433606867,99.25488095642105
5209.0,394.22060466533236,394.23256928161805,98.44233653020083
5210.0,393.73223163886337,394.2049233921092,100.51374224742806
5211.0,394.2125008996667,394.176695782828,100.5715694409289
5212.0,394.4271402182366,394.1484519337434,99.31301725925023
5213.0,394.2606916350277,394.12056152806304,100.40987383958037
5214.0,394.0792827615284,394.09236308849313,99.94945158407478
5215.0,393.68002380762516,394.0642939508399,99.91973480081542
5216.0,393.97780615730284,394.0362331586501,100.93073726493375
5217.0,394.53171256485416,394.00788844326814,101.24491708019798
5218.0,394.49322172404646,393.9794554957214,100.16216442137475
5219.0,394.2370899000195,393.95132662121307,99.3397991809418
5220.0,393.76949082022816,393.9234286942765,100.37958216538526
5221.0,394.08767292284824,393.8952387616183,99.36809187474805
5222.0,393.2309275143105,393.8673328891502,98.47320261075686
5223.0,394.21599695978335,393.839678331417,98.45206853563054
5224.0,393.81259293722826,393.8120297088366,98.90260710418775
5225.0,394.00414950815286,393.78425456000815,101.58110320724792
5226.0,393.82168116379717,393.7557272001908,100.91835784755315
5227.0,393.3509173370917,393.72738596136196,100.1774888643161
5228.0,393.52376798214175,393.6992527832392,101.45344240170986
5229.0,394.57663820307516,393.67076127483136,99.71568547009824
5230.0,393.5542576601968,393.6427577864952,99.94937742438913
5231.0,393.58375950458054,393.6146886696685,101.58420701656785
5232.0,393.486184236998,393.586160438198,99.75303062861153
5233.0,393.73848469833257,393.55814646209654,99.34196395836496
5234.0,393.33138799817164,393.53024792721817,99.83313526960747
5235.0,394.20928485700125,393.5022114550633,100.11387840112002
5236.0,393.85975550224913,393.474096140879,100.2309979846189
5237.0,393.379374973901,393.4459479356117,100.12483456868509
5238.0,393.80178500232523,393.4178295445703,100.65591879631651
5239.0,392.9758234458242,393.38956200737493,101.44810497232568
5240.0,393.4254619211429,393.36107199789524,99.85388328231227
5241.0,392.9336088144672,393.3330296990068,100.10665779577741
5242.0,392.8929693476304,393.3049164126091,100.60773809560895
5243.0,393.30942547865004,393.2766624061606,102.05762385733894
5244.0,392.75581458436153,393.2480012234606,99.85979190567676
5245.0,392.8844219166362,393.2199572652338,99.1592014751917
5246.0,393.03411573782427,393.19211005615284,97.90719181276921
5247.0,393.0592303308553,393.16461445311876,99.20084429409509
5248.0,392.3420729903461,393.13675554934616,100.54050617969588
5249.0,393.9022591275033,393.1085204238607,101.35804832132035
5250.0,393.3629011172817,393.0800557052905,101.5713062459789
5251.0,393.46434249468854,393.0515310967864,101.30992082605646
5252.0,393.3782216412098,393.02307989402107,101.02199697949463
5253.0,393.11133543826827,392.99470954986936,99.21965586762023
5254.0,393.4397297734252,392.96684536317986,100.46230211410625
5255.0,392.76805419801616,392.9386322000028,98.98471580124561
5256.0,392.1283090235452,392.9108339923153,98.63076845403624
5257.0,392.89683989613,392.8831351848411,100.42971746992889
5258.0,392.8259174903814,392.8549311725183,100.02961554090972
5259.0,392.19714739370943,392.8268395221539,100.41016623029208
5260.0,393.0845504663572,392.79864100047087,100.11228182721098
5261.0,393.00075289314617,392.7705261346577,100.3969765950573
5262.0,392.8159343670676,392.742331317064,100.20322820171488
5263.0,392.81078668707625,392.71419091047727,101.07040965766329
5264.0,393.0201211109078,392.68580697043177,99.47780533272018
5265.0,392.62299666822133,392.65787028676755,99.49833328327504
5266.0,392.9467657044216,392.62992783817043,100.03193834091806
5267.0,392.7509463669339,392.6018355354864,99.84994390877632
5268.0,392.15636687573215,392.5737943429054,100.02261847539737
5269.0,392.25217811976904,392.5457046575502,100.37001720938233
5270.0,392.67128277696014,392.51751741105056,98.86692985061705
5271.0,392.4047991392372,392.4897522815841,99.58107945580049
5272.0,392.8343736942058,392.46178659510366,100.76492374092422
5273.0,392.2057583066022,392.4334884456864,100.14731500946888
5274.0,392.57281336652545,392.4053637413879,97.97242842438618
5275.0,392.30935160938753,392.3778498177387,99.4992865945475
5276.0,392.5592844672072,392.34990710142006,99.80787852434047
5277.0,392.330721193841,392.3218777222011,100.44522714045878
5278.0,392.138642282649,392.2936693542459,99.69920627226129
5279.0,392.67575892044243,392.2656704938177,100.76773660996243
5280.0,391.48778851226274,392.23737155445315,100.66309909702106
5281.0,392.6798063485975,392.2091020007901,101.16249696093759
5282.0,392.9830416169699,392.18069219956016,99.93629619513106
5283.0,392.45102957348035,392.15262675637877,100.25704677647889
5284.0,392.0672625668958,392.1244712357423,100.78527819281722
5285.0,391.9413480862124,392.0961673701165,99.95016972130315
5286.0,392.1964155936012,392.0680980307865,100.70009758547704
5287.0,391.56943911384525,392.03981808671455,99.66793243067372
5288.0,391.76218766960585,392.0118280090236,98.4059328104338
5289.0,391.3719837197816,391.98419234289264,99.86436473362158
5290.0,391.75964823713855,391.95614710046334,100.15229239139309
5291.0,392.10765166185945,391.92802099835006,100.79185707116564
5292.0,391.56913467330565,391.89971528515593,99.31755284021122
5293.0,392.0415714044433,391.87182360573325,98.76426440666089
5294.0,392.12273113270845,391.84408730814573,98.6541931635463
5295.0,392.3720476368321,391.8163819222323,100.29319725077325
5296.0,391.9855153982471,391.78821624933767,99.42412886483257
5297.0,392.60281341814607,391.7602946398148,99.06618757851189
5298.0,392.46096014324866,391.7324735521365,100.60747213605306
5299.0,391.01393844933966,391.70421962037835,98.52445863365972
5300.0,390.6967925389367,391.6765506682454,98.52089169679556
5301.0,391.11516538237595,391.6488827178272,99.33255436683193
5302.0,391.6176723056693,391.6209868254758,99.61907865346302
5303.0,391.73291579692426,391.59301046755405,100.96112721809062
5304.0,391.1715304112926,391.5646572176602,101.83351422139569
5305.0,391.1731214474,391.5360589724164,101.84580575474314
5306.0,392.0120220746206,391.5074572753003,99.88847690964747
5307.0,391.9449627180021,391.47940526136813,100.43057671251111
5308.0,391.0934638384188,391.4512010077413,99.87459991612651
5309.0,391.4970609086802,391.4231528909316,101.74769111108237
5310.0,391.441521225371,391.3945787476779,101.11866127628777
5311.0,391.61535106533915,391.3661812569695,98.59659732543874
5312.0,391.67108557600744,391.3384920458872,100.13328532326085
5313.0,391.44390700503277,391.3103712815923,99.15866663722167
5314.0,391.2604891328727,391.28252422271163,100.19890662214742
5315.0,391.3284505535497,391.2543850297686,99.24397348934319
5316.0,392.05277313895465,391.2265140138804,99.04069358352415
5317.0,390.4686754402217,391.19870008576567,100.22024823621567
5318.0,391.20349790710316,391.170554899386,98.92797198399674
5319.0,391.0142237980943,391.14277262725386,100.01075308132344
5320.0,391.12553464101103,391.11468627409687,99.96819970284044
5321.0,391.475486755974,391.086611871347,98.05489809933093
5322.0,390.9365920370625,391.05907478746406,100.24619856468713
5323.0,390.05759011518046,391.03092231336717,97.7019912481021
5324.0,391.16234399420466,391.0034843374916,99.71654786048401
5325.0,391.2517046526077,390.97548060696755,100.07058045891203
5326.0,390.42424790675943,390.9473774522886,101.02516046900548
5327.0,390.6257617645638,390.91900621972354,98.23362930293769
5328.0,391.45897134990815,390.891418942161,99.50080616381088
5329.0,391.34587085484145,390.86347579909665,100.36680358197071
5330.0,390.33251074433826,390.83528945509073,99.8584921643772
5331.0,390.2445360242037,390.80724586187455,100.18157462386637
5332.0,390.7551054915265,390.7791115363343,99.63549689701121
5333.0,390.9924818273437,390.75113056762245,100.15381518914411
5334.0,390.4453451722893,390.7230040378568,99.0698994984391
5335.0,391.10417662230907,390.6951819077477,100.30692050846478
5336.0,390.2834788828593,390.6670123809049,98.92371359086366
5337.0,390.87548260926155,390.6392313046714,101.12805325502538
5338.0,391.1589446686209,390.6108311763823,100.6697484094291
5339.0,390.46884023932813,390.58255975537065,99.11238250844129
5340.0,391.1438928468765,390.55472569461625,99.55124760132722
5341.0,390.8183242682229,390.52676838591486,99.4968065406502
5342.0,390.40871978999394,390.49882636607805,100.01347720051326
5343.0,390.6448443341645,390.47073924789754,100.49556827621396
5344.0,390.75718240284993,390.44251674247334,99.05721517400585
5345.0,390.6720440727782,390.41469817454526,100.8326918999942
5346.0,390.775660289832,390.38638099357,97.98024635784977
5347.0,390.38322004565157,390.3588648743845,100.05960334424088
5348.0,390.2815282485933,390.33076480244534,99.57198484570429
5349.0,389.8551395499804,390.30280167003446,100.73949128694522
5350.0,390.42443592221537,390.2745106628981,100.51451067047824
5351.0,390.49829352241505,390.24628283781817,98.78752336814394
5352.0,390.1595885029249,390.2185400083389,100.95578483822625
5353.0,390.2792452928491,390.1901882587635,101.23499462950615
5354.0,389.9840681150356,390.16175809777167,99.83572149257233
5355.0,389.2110679136568,390.13372089931926,101.33837581888041
5356.0,389.5596997340318,390.1052617054434,100.38125936274139
5357.0,389.65900689570265,390.07707130177243,101.94127462594136
5358.0,389.4935025620048,390.04844279381496,100.45816609503167
5359.0,389.67172030760094,390.0202307921699,99.92017518759172
5360.0,390.1919828147823,389.99216987630473,99.46172874185278
5361.0,389.40075722850787,389.96423770748305,97.82887773846326
5362.0,390.06442694650025,389.9367640976515,99.98129960645633
5363.0,389.94773014790417,389.90868601601204,101.3213193183417
5364.0,390.1148926698673,389.8802316121702,98.7820756347473
5365.0,389.82730092436327,389.85249031259605,98.24875007599393
5366.0,389.33969803545045,389.82489878861634,99.88661494781309
5367.0,389.51134968135875,389.7968472975852,99.2266792985281
5368.0,389.92170202816123,389.7689811384822,100.2723221082267
5369.0,389.79316195433455,389.74082132802346,98.80403417434698
5370.0,389.24668816330677,389.7130738617595,99.14325381860661
5371.0,389.45370813169137,389.6852311313121,99.86011173578869
5372.0,388.9020630590019,389.6571870832663,100.52370738964079
5373.0,389.2294877444194,389.62895667544103,99.84455643001478
5374.0,389.7465884287293,389.6009169958436,100.66013269706754
5375.0,389.3586700897835,389.5726482752445,100.2000965540689
5376.0,389.1168216127375,389.5445087481289,100.02872899128168
5377.0,389.2606696077916,389.51641734673717,100.34482504670547
5378.0,390.0447336641209,389.4882371750365,100.42291851901706
5379.0,389.4668357245429,389.46003507208576,99.4010233358066
5380.0,389.2234278478362,389.4321199513656,99.13487458678253
5381.0,389.16339414162763,389.4042795740859,99.62779181535835
5382.0,389.2616843972146,389.37630076921766,98.77747231912521
5383.0,388.6943660570315,389.3485607624081,99.11559267031627
5384.0,388.88238084707586,389.3207258001332,100.68477006739681
5385.0,389.4154010893482,389.29245016053926,100.39762686594672
5386.0,389.40056827026376,389.26425516032776,100.73835633467415
5387.0,389.15952426493874,389.2359644719237,100.23806314955122
5388.0,388.91163125220345,389.2078142825226,100.33100601101948
5389.0,388.7638091598977,389.17963799166785,101.56071749692433
5390.0,389.3317639459116,389.15111635683746,103.08794886632458
5391.0,389.5055222573872,389.12216582453084,99.37108526976078
5392.0,389.0359403852078,389.09425911141756,99.5816070091061
5393.0,389.54955464530974,389.0662932767825,101.95051860314247
5394.0,388.9800026433619,389.03766217280815,100.65539264743911
5395.0,389.0792924372462,389.00939478337295,100.1163300461697
5396.0,388.33467866386724,388.981278780685,102.08079463255405
5397.0,388.9052294292103,388.952611090859,100.8633498655732
5398.0,388.10881421352275,388.9242853001051,100.66594809576894
5399.0,388.1493247655597,388.8960149463482,99.42189803786187
5400.0,389.137699430205,388.86809396331597,101.2624766226941
5401.0,388.2895335099626,388.8396560844644,98.99465257465953
5402.0,389.10815893108764,388.8118550861997,98.96867070597885
5403.0,388.96999585967717,388.78406138450976,96.82811618673423
5404.0,388.7390767722956,388.7568688218807,95.89809918620409
5405.0,389.14761050712184,388.7299374390259,98.27694180173928
5406.0,388.6235882447162,388.70233799786985,93.49568868249582
5407.0,388.8478238365843,388.67608129196486,93.91373604992096
5408.0,388.53559259755923,388.6497071844242,94.0283344324348
5409.0,388.17535846210586,388.6233008938377,93.36784476799444
5410.0,388.1510356764403,388.5970800907654,94.00586849878377
5411.0,388.417062342048,388.570680109362,92.26091489458916
5412.0,388.61905317294185,388.5447701690958,89.81483892730057
5413.0,389.1511839329812,388.519547168497,91.15347639992049
5414.0,389.0773382925359,388.4939482338747,89.0786782030567
5415.0,388.54323536016864,388.468931971746,89.00282843476397
5416.0,388.5331714371269,388.4439370107606,87.2212895218544
5417.0,388.59331285146476,388.41944236528656,87.19726586985047
5418.0,388.40377814164657,388.39495446645475,87.17089315831981
5419.0,388.7441958209853,388.37047397395946,86.27539093884687
5420.0,387.1467222615767,388.3462449683374,87.74059811055763
5421.0,388.4831437525947,388.3216044837014,84.12380845064875
5422.0,389.08501328776356,388.2979797141615,82.4084099084175
5423.0,388.81875488514424,388.2748366857122,83.69530233466217
5424.0,388.5680943283917,388.25133225497325,84.77582728964279
5425.0,387.9453192053505,388.22752437680936,81.70842712638135
5426.0,387.9995928795852,388.20457792685806,80.10861065043112
5427.0,388.2705917295075,388.1820807587004,79.4241505838549
5428.0,388.15494789420273,388.1597758097447,81.71373024637403
5429.0,388.0604496078132,388.13682787050055,79.06081087237395
5430.0,388.01289734465956,388.11462495944727,78.7011601654301
5431.0,388.1599812216598,388.0925230503008,77.70942820110724
5432.0,388.1625431175002,388.07069965254766,78.57008929438989
5433.0,387.61698715317635,388.0486345524708,75.28010399397293
5434.0,388.0343437828033,388.02749338993254,76.75522915365396
5435.0,388.3465466632057,388.0059379630785,74.07465644344553
5436.0,387.7819245685143,387.9851353303939,75.55592986965321
5437.0,387.26931600695593,387.9639167067556,73.93897319760715
5438.0,387.75659105964127,387.9431521784492,73.5300761852819
5439.0,387.9214466888787,387.92250248205386,70.93158344872226
5440.0,388.51925013017865,387.9025825290354,73.68938319590451
5441.0,387.71836711942296,387.8818880939212,69.97141528500207
5442.0,387.7910034072404,387.8622377881286,72.03542513035697
5443.0,387.8614865155362,387.8420078395712,69.11731071564711
5444.0,387.6996227161398,387.8225973948119,67.7563595839876
5445.0,387.85703928300507,387.8035691504954,68.04556260635945
5446.0,388.10825185102823,387.7844596883301,68.6531992659853
5447.0,386.8769992889856,387.76517958153624,67.27765982019561
5448.0,387.9091950417841,387.74628577207005,65.80574869799945
5449.0,387.41067574144046,387.72780532431074,65.70715860659787
5450.0,388.1340725225199,387.70935256393534,63.97933817684311
5451.0,388.3017518212809,387.6913850331307,61.89421665664189
5452.0,387.25565444916265,387.674003073953,62.45353733449451
5453.0,387.8612582855882,387.65646403888485,62.38191129363721
5454.0,387.4858378391557,387.6389451187965,60.90941902775204
5455.0,387.7091113268574,387.62183972361964,60.826353650366926
5456.0,387.30821315542187,387.6047576559695,59.17050996157458
5457.0,387.8815284354734,387.58814060442194,58.798039623281085
5458.0,387.77773563413086,387.5716281549611,60.3771112958314
5459.0,387.6118225828895,387.55467224953884,57.15858986159052
5460.0,388.2094511309309,387.5386202122193,58.189539341124124
5461.0,387.8560470156341,387.5222786499211,57.370679364491885
5462.0,387.5013324167948,387.50616705079955,55.38480320289428
5463.0,387.7099988924621,387.4906131519,53.64501712222621
5464.0,387.2984744547766,387.4755478429249,52.71058746319958
5465.0,387.800345380038,387.4607449529456,53.79663016206595
5466.0,386.89575895876345,387.4456370659751,51.14560836980343
5467.0,387.19097801708205,387.4312736742912,51.335328791783546
5468.0,387.43267988575417,387.41685700278884,53.10235765799783
5469.0,387.4684520025936,387.40194409067993,49.2649685128731
5470.0,387.64221946187814,387.38810884535593,50.15480637882662
5471.0,387.434645460338,387.3740237038979,50.566039510435466
5472.0,387.3930037348787,387.3598230744687,50.19744871500586
5473.0,387.7730251079112,387.3457259576212,47.451793946328074
5474.0,387.9358022713392,387.33239991215464,47.770071609003644
5475.0,386.9372824866272,387.3189844837111,46.781349020291245
5476.0,387.3546519411963,387.3058467215279,45.997131370892724
5477.0,387.39109949489153,387.2929291938012,45.541442049044704
5478.0,387.71780683195317,387.28013963882586,44.91532346174115
5479.0,386.38863929337913,387.26752591882035,41.47467125339065
5480.0,387.41393880971435,387.25587844864333,43.29543885787844
5481.0,387.48885537855034,387.2437196462307,41.89929712506922
5482.0,386.5775255024507,387.23195292695476,41.888023622584235
5483.0,387.5948906945781,387.2201893736541,40.67154737648152
5484.0,387.50402319365804,387.20876744743254,40.871897331392674
5485.0,387.9731990852957,387.1972892562653,38.031648649225424
5486.0,387.3601705558758,387.18660870160295,37.932935914062966
5487.0,387.14129047348007,387.1759558687671,35.89000310212296
5488.0,387.53242783269803,387.16587675956254,36.81311365530047
5489.0,386.5359904782764,387.1555384101444,37.074435285151125
5490.0,387.16701197160745,387.14512667290177,36.37101927616204
5491.0,387.5323253921312,387.1349124783218,35.16856098254772
5492.0,387.5879511122179,387.12503597411245,34.15008487428483
5493.0,386.4903220489495,387.1154454919436,33.17048134995708
5494.0,386.8451197669768,387.10613011509787,31.80759559860546
5495.0,386.7668515172267,387.0971974820006,32.050214173347776
5496.0,387.0265070584752,387.0881967135202,32.33463612892106
5497.0,386.9916521637432,387.079116069874,29.37560368793473
5498.0,387.2740242236916,387.0708664211717,28.571982900984626
5499.0,387.49860037926265,387.0628424559736,28.95176991107469
5500.0,386.2933165890351,387.0547118339236,28.048713196931757
5501.0,387.24427979630593,387.0468348203008,27.566472140686873
5502.0,387.10237825666513,387.03909323604125,25.9180008327994
5503.0,387.72443317245484,387.031814597474,24.738963096343912
5504.0,387.1496024093156,387.02486707200444,28.17082115574745
5505.0,387.1101782480579,387.01695576639656,26.118548187843803
5506.0,387.06611083429345,387.0096208074471,25.99822632497716
5507.0,386.8988665634149,387.0023196388875,24.356657394566984
5508.0,386.9204785155579,386.99547947760254,22.845853082667006
5509.0,387.36607734568565,386.9890636005285,21.56715420517743
5510.0,387.0983531559784,386.98300682472257,21.100320168012523
5511.0,386.96179163452064,386.9770811514754,20.74381172155517
5512.0,386.7114125143973,386.9712555976835,22.382617462084724
5513.0,386.5062964984085,386.96496981261294,20.240077490916182
5514.0,386.7817369612426,386.95928572418427,19.40145927492101
5515.0,387.1199889884531,386.9538371477046,17.289117059305234
5516.0,388.0010658719641,386.9489817873304,16.87872000896482
5517.0,387.2994779857376,386.94424168012785,17.447299676123976
5518.0,386.3135606493971,386.9393418968022,16.887229892907893
5519.0,386.90564005742925,386.9345993997406,13.583683327759989
5520.0,387.1029330580545,386.93078464867267,15.377070456606745
5521.0,387.6608910590084,386.9264662547195,13.444924091686161
5522.0,386.56695567018966,386.9226904718704,15.168857467679759
5523.0,386.1838686306031,386.9184305510649,13.783215033965858
5524.0,387.13469272917627,386.9145597648429,15.31385416305686
5525.0,386.6738878155962,386.9102591241321,15.205229089183472
5526.0,386.4885386587879,386.90598898896286,15.66196952274572
5527.0,386.34301880432986,386.9015905858553,16.386025750505137
5528.0,387.7700267633555,386.8969888436236,14.68441470630253
5529.0,387.166305311566,386.89286497049363,14.135943311329163
5530.0,386.5657906226151,386.88889512641373,14.632588069760484
5531.0,386.8968481298636,386.88478580793077,13.314370997222861
5532.0,386.7928144408507,386.8810466887424,14.431766358861092
5533.0,386.96081915446956,386.87699376768995,13.70110399782999
5534.0,387.3289717070677,386.8731460409839,13.434233690637827
5535.0,387.11178506107666,386.86937326035576,15.186078520690597
5536.0,386.9356302350026,386.86510850330455,15.543973640348902
5537.0,386.58915101441136,386.8607432373739,15.477129018730587
5538.0,387.5523091936299,386.85639674364114,15.122608236639024
5539.0,386.51008034106997,386.8521498111613,15.977283697264062
5540.0,386.0919234809668,386.84766285732303,16.064452676401707
5541.0,386.6892180767076,386.8431514235297,15.482438690972915
5542.0,387.1081203999616,386.83880343866406,14.438085400637831
5543.0,386.6803359490185,386.834748743014,16.40562536303679
5544.0,386.712991690628,386.83014149655787,14.981228161809218
5545.0,388.5822107700393,386.82593426831573,16.19623451891423
5546.0,386.52651709684375,386.82138582578835,13.984865994871505
5547.0,387.0537744290354,386.8174584092548,14.567578328832415
5548.0,386.34797903584104,386.8133673476741,16.23242448038588
5549.0,386.7165516514456,386.8088087417992,14.925872352916747
5550.0,386.3233422759779,386.80461705931344,14.479886209494563
5551.0,387.46831648250964,386.8005506246029,14.96065473975497
5552.0,386.37154842767876,386.79634917406355,14.355161098663112
5553.0,386.8807582118311,386.7923177663217,17.37083555472905
5554.0,387.224865070513,386.78743945667003,13.700692564509865
5555.0,387.17837570979486,386.78359184550817,14.35970226962084
5556.0,386.9231837491327,386.7795591624541,15.307588613145654
5557.0,386.2013965789359,386.77526028131854,15.176426240385519
5558.0,386.884060477712,386.77099823494945,15.058735024342846
5559.0,387.55137614956175,386.76676924019677,14.233901711855387
5560.0,387.3964949000717,386.76277188613267,13.809362053400704
5561.0,386.03934526731274,386.75889375695596,15.149707839434562
5562.0,386.7463409546074,386.7546392140044,16.092102131750185
5563.0,386.35733107094893,386.7501200153224,13.364488354687047
5564.0,387.2240806533878,386.74636682150947,14.364301055415885
5565.0,386.1306112965716,386.7423328469631,16.049756548401884
5566.0,386.22729316447464,386.7378255403324,15.919189365090936
5567.0,386.6933265380457,386.733354901319,15.06668191392992
5568.0,386.7450583917817,386.7291236748149,14.29042900313202
5569.0,386.89812186400616,386.72511044600316,13.34978180132569
5570.0,386.44892463351863,386.7213613822807,15.71997994770912
5571.0,386.63982290538814,386.71694668791207,16.134833874378803
5572.0,386.5846881258303,386.7124154887323,14.78871286867311
5573.0,386.2889618076186,386.7082623252017,15.613048989383014
5574.0,386.6388638812614,386.70387766061043,14.995204480560098
5575.0,386.6556934661468,386.69966650735216,14.816323174304168
5576.0,387.0126102154333,386.6955055899274,14.943358051764537
5577.0,387.2356308603893,386.69130899687457,16.13987432823931
5578.0,386.565703931749,386.68677638216735,15.16370311636606
5579.0,387.2112811017038,386.6825179088755,14.849426465494984
5580.0,386.9064651030165,386.6783476949431,15.72896831714716
5581.0,386.63756743922806,386.6739304763407,15.079804482624375
5582.0,386.56426088759275,386.66969556458184,15.482528207789386
5583.0,386.4965100816876,386.66534755457684,14.532124674720384
5584.0,386.61370478795624,386.661266449564,14.70829508491328
5585.0,386.6223920586771,386.6571358700277,16.185000212810316
5586.0,386.77804965335855,386.6525905824679,13.442359104511704
5587.0,386.6110897363932,386.64881551995273,14.829876998907812
5588.0,386.84818792160047,386.6446507961622,15.079323883524669
5589.0,386.73323181752227,386.64041601937157,15.364685361061486
5590.0,386.7262444815514,386.63610110356603,13.948580398753839
5591.0,385.9451917743489,386.63218387723737,17.429251863567842
5592.0,386.5015293683143,386.627289162339,15.339270060761514
5593.0,385.7857198429479,386.62298138399694,13.210271656198824
5594.0,386.6472438300053,386.61927149937355,17.337745177353984
5595.0,386.9315370116936,386.6144024826029,14.04065206815332
5596.0,386.401402741715,386.6104593994804,15.64554367589267
5597.0,386.3855024567344,386.6060656092981,16.492831750911815
5598.0,386.8412492655301,386.6014338723814,15.170895467340749
5599.0,386.0305166801323,386.5971733792377,13.720828025389174
5600.0,386.1819097132997,386.59332011336716,14.320045611689858
5601.0,387.1653922680431,386.5892985672246,14.863755559383167
5602.0,386.429300416643,386.58512432920503,15.026814042868349
5603.0,386.25748458591903,386.5809042989279,14.313681622057818
5604.0,386.09085959451585,386.5768845400057,17.412564541552598
5605.0,386.37433727104354,386.5719945114637,16.453366085841648
5606.0,387.0818440746366,386.5673738578212,16.887959895718964
5607.0,386.52154849589476,386.5626311557505,14.867028107753185
5608.0,386.1042694379636,386.55845599869025,16.009837235352556
5609.0,386.6989872009647,386.5539599027333,14.992209401178116
5610.0,386.1483779364647,386.54974959059314,15.813218204819703
5611.0,386.4689093425386,386.545308711814,15.200638572295649
5612.0,386.81761126940245,386.54103986581487,13.519583374482135
5613.0,386.8631303791891,386.53724311615053,13.160593433841363
5614.0,387.0661607026356,386.53354718282793,13.896878214056967
5615.0,386.5078021877249,386.52964447619615,16.878838332683383
5616.0,386.7213623181403,386.5249043357644,15.997876599128238
5617.0,386.9423701815109,386.5204115987528,14.838713396333606
5618.0,386.34898080656467,386.51624439340736,14.453183985556034
5619.0,386.4865053045305,386.51218545757143,15.80880087440824
5620.0,386.7004165811555,386.50774581932586,15.229568976353878
5621.0,386.43540216759874,386.503468848705,15.275206748921113
5622.0,386.6882065939692,386.4991790614763,15.478824264968361
5623.0,386.89757509880457,386.4948320916619,17.762097947667975
5624.0,386.7718450737161,386.48984390248825,15.347509023722193
5625.0,385.80298329372096,386.4855338103708,15.103654019981652
5626.0,387.16054549181797,386.48129220086685,15.485670071124998
5627.0,386.7751552793971,386.4769433085218,15.654963681063915
5628.0,385.7348622377088,386.47254687288813,14.772087401215561
5629.0,386.75119054070836,386.4683983783429,14.286736933641304
5630.0,387.11352047570637,386.46438618638734,13.591209618632844
5631.0,385.47374693597396,386.4605693216862,15.773660931199226
5632.0,386.30397121082086,386.45613955190794,13.51978330312687
5633.0,386.2347965992193,386.45234274609703,15.100874959676833
5634.0,386.1528488824256,386.4481019170458,16.07500122644378
5635.0,386.2374055286737,386.44358752086805,16.097811836292568
5636.0,387.00473110249214,386.4390667187107,16.315004900933538
5637.0,386.25724327729006,386.43448492150105,14.351678796614225
5638.0,385.86067820015126,386.4304544917057,15.669328419805886
5639.0,386.26131731476414,386.42605402197444,15.00481543530409
5640.0,386.86207343645873,386.4218401696397,15.415622472697041
5641.0,386.0288716356377,386.4175109489953,15.753915384771574
5642.0,386.980229632245,386.41308672442466,15.83460744767888
5643.0,387.0085649534135,386.4086398388332,15.962685054674042
5644.0,386.2568455311453,386.4041569847803,16.765845185843258
5645.0,386.5551814317661,386.3994485765906,15.402855926389833
5646.0,387.0623051876431,386.39512294121795,15.581762137831422
5647.0,386.9703219767315,386.39074706301756,14.45642862482616
5648.0,385.33942895767507,386.3866872159787,14.569655479604782
5649.0,386.6469910899834,386.3825955710649,16.345806705227776
5650.0,386.1147746414732,386.3780051236818,14.559645790086904
5651.0,386.96597565527316,386.3739162898225,15.250485356329932
5652.0,386.115257316739,386.3696334451849,13.879473479757324
5653.0,387.09011223853184,386.3657356263826,15.745654922489996
5654.0,386.6717229755088,386.36131372162527,14.657103762568475
5655.0,386.46532678815873,386.35719751831857,14.245391304972303
5656.0,386.7095872470538,386.3531969375938,17.692260583146144
5657.0,385.9762915212204,386.34822836108003,16.39611732300049
5658.0,386.4766843349894,386.34362378479847,15.584723797699992
5659.0,385.803881167191,386.3392470748653,14.115747002125831
5660.0,385.9184575987823,386.33528290258215,14.421631267141723
5661.0,385.84842433893687,386.33123282780133,16.57960731839103
5662.0,386.17159653612185,386.3265767214127,15.461470610576098
5663.0,386.5589585522205,386.3222346250829,12.223480415470382
5664.0,385.8969668149853,386.3188018643329,15.307518758585317
5665.0,385.3020072932198,386.3145030028149,13.885759618416802
5666.0,386.3984569075349,386.3106034186554,14.781492065219377
5667.0,385.1480999581717,386.3064522829671,14.949680117841066
5668.0,386.8476595551396,386.3022539144673,16.271683611070745
5669.0,386.30689855389136,386.2976842833198,15.871914750427658
5670.0,386.5527425471161,386.29322692059407,14.530649574187056
5671.0,386.57951537910105,386.28914622983865,12.287623132678348
5672.0,386.1735421383392,386.2856954556756,14.783819902893095
5673.0,386.85008851501425,386.28154366625284,14.51142251609391
5674.0,385.92556263545106,386.2774683750963,15.264930013299303
5675.0,386.2526220166239,386.27318147391753,16.482167657778444
5676.0,386.239534284816,386.2685527318336,14.509188177087987
5677.0,386.866363419806,386.2644780681539,14.323708416206454
5678.0,386.00602629005243,386.2604554933737,13.761616569835388
5679.0,386.06814693786345,386.2565907727203,15.180587777717468
5680.0,386.6161178999924,386.2523275576528,14.253632813517578
5681.0,386.7647035210778,386.2483246624376,14.16227943104427
5682.0,386.5600824724859,386.2443474222974,16.165765819421374
5683.0,385.8660605441065,386.2398075363965,15.375518121519272
5684.0,386.2439250664764,386.2354895783907,15.604655363935782
5685.0,386.165689811368,386.23110727100925,15.099443400901542
5686.0,385.79244850520274,386.2268668439876,15.247238639339614
5687.0,386.4326495712041,386.2225849111363,15.460970891560958
5688.0,385.2998896183414,386.21824295514426,14.447146274458309
5689.0,386.29105715226547,386.21418571489886,15.129993907774995
5690.0,385.7859409956531,386.2099367082765,15.072865793578416
5691.0,386.48424103969654,386.2057037451327,15.61253159409832
5692.0,385.3445037914028,386.20131922584335,16.87473574404489
5693.0,385.4401623647663,386.1965802375553,16.058068330571565
5694.0,386.2499553050017,386.19207059669907,14.223629468396705
5695.0,386.0186338165647,386.1880761274234,13.347170796703368
5696.0,387.25853471050624,386.184327796958,13.721308803449164
5697.0,386.77648653678716,386.18047439606903,15.9811075599768
5698.0,386.592739083391,386.17598636836254,16.050656046051085
5699.0,386.1212023194257,386.17147880912296,14.099704659309989
5700.0,386.1037202454642,386.1675191420645,14.759528953833442
5701.0,385.81904896975294,386.16337417435,14.671565575622402
5702.0,386.34230658925026,386.15925390968414,15.518145706073865
5703.0,385.8857427813041,386.15489589709836,15.195494885839308
5704.0,386.43298791105764,386.1506284956179,15.57122278720263
5705.0,385.35178361535077,386.14625557721854,14.819027345683208
5706.0,386.13133669010466,386.14209390037223,13.253213035155142
5707.0,386.0697398956129,386.1383719563782,16.039613292045654
5708.0,385.14186029148163,386.1338674983121,13.721614344233842
5709.0,386.21686702112066,386.1300140116171,14.06932197212144
5710.0,386.1937410602801,386.1260628770299,15.254388987572165
5711.0,385.93739933238743,386.12177893612255,16.11640097287095
5712.0,386.03127095986736,386.117252913516,15.211578409380088
5713.0,386.39159016864204,386.11298099524606,15.945284212638164
5714.0,386.17093551808074,386.10850302792966,17.01499930252014
5715.0,386.38077766504085,386.10372464895886,16.327722416086825
5716.0,386.4457577286763,386.0991392802471,15.48038182962698
5717.0,385.5525645421792,386.0947918730165,15.091052940284186
5718.0,385.7587913078544,386.0905538023158,13.454880891210227
5719.0,385.5976552000761,386.08677522326553,15.644471743462212
5720.0,385.6252885120274,386.0823817341175,15.320045855157552
5721.0,385.92583432672734,386.0780793545733,13.268838031705085
5722.0,386.51046950289384,386.0743530225593,15.150753605261691
5723.0,385.8077920489615,386.07009818592184,15.649387848281805
5724.0,386.18016400718193,386.0657033161678,15.577215148850161
5725.0,385.9493839099001,386.06132871491354,14.387015549635045
5726.0,386.7051509084469,386.05728836137996,15.853006239810345
5727.0,385.63373865285143,386.0528363087943,14.57824989322831
5728.0,385.78001908493883,386.0487422502826,14.205992647259988
5729.0,386.2337820800206,386.04475273401414,16.48780987462856
5730.0,386.091296265148,386.0401224074077,13.374477284277592
5731.0,386.30644489842865,386.0363664083703,14.0825164541069
5732.0,386.1950796341329,386.03241156833286,12.553073903569384
5733.0,386.28748426092534,386.0288862467449,15.960455897379546
5734.0,386.58964251861573,386.02440401871377,15.476118811432855
5735.0,385.67131089707283,386.02005780868086,13.057064149488395
5736.0,385.395386668548,386.0163909498322,15.312221343369211
5737.0,385.791659531098,386.01209076767157,17.57982010103199
5738.0,385.72836165435154,386.00715376819323,13.678341331874242
5739.0,385.7441662745643,386.0033124340025,15.702523650364611
5740.0,385.91227430576976,385.998902641944,16.69621443824716
5741.0,385.64697710326584,385.9942137883893,14.479037483452075
5742.0,385.5462526923949,385.99014759202936,14.822985177755088
5743.0,385.39074344780556,385.98598480369196,14.904231709169489
5744.0,386.2945397463211,385.9817991986203,14.92803325595556
5745.0,385.38617781394424,385.9776069092809,14.178365424804927
5746.0,386.3266232399064,385.9736251516575,14.93604655737841
5747.0,386.0169186844341,385.9694306119159,15.52380723055064
5748.0,386.6299517586124,385.9650710093854,15.288727563352907
5749.0,385.8562008697733,385.96077742506134,16.129219243936234
5750.0,386.32300960683915,385.956247802657,15.41592834415476
5751.0,385.96339783485934,385.95191849611365,15.214677561497094
5752.0,385.33302860520865,385.9476457074985,15.27170124252801
5753.0,386.08103061031306,385.94335690473287,14.671175835593967
5754.0,385.84947274290636,385.93923674951907,14.063900965515195
5755.0,385.6490488804406,385.9352871373313,16.036607594801957
5756.0,386.4767398944879,385.93078352336505,14.860080086158316
5757.0,385.14181370817937,385.9266103175408,14.927330750666382
5758.0,386.4031050251348,385.9224182254884,14.718121083371415
5759.0,385.8762701086072,385.9182848864841,15.196067048741227
5760.0,385.4480818950437,385.9140173243212,14.764298816696616
5761.0,385.87429410814104,385.90987101707026,13.977449957832958
5762.0,385.92837190547453,385.9059456832071,14.89086024886353
5763.0,386.1142297183783,385.9017638332872,15.045353925493137
5764.0,386.17543801483635,385.89753859639313,13.852731081555937
5765.0,385.7401114707692,385.89364828774774,14.562536995720759
5766.0,385.7944873164313,385.8895586419414,13.337603473562996
5767.0,385.8631153765849,385.8858129982993,15.978057708759481
5768.0,385.9557120756268,385.8813258270927,15.395311720713394
5769.0,385.82207678104476,385.87700231038446,13.63209113511309
5770.0,386.2917923825461,385.8731739647907,15.930213046214336
5771.0,385.7451338329631,385.8687002299602,16.489834579074945
5772.0,385.4560689467244,385.8640693347493,15.773405582695876
5773.0,385.8389132324636,385.85963963668144,14.176583352266235
5774.0,385.86435296327704,385.85565837952333,16.006370984171564
5775.0,386.0378593101609,385.8511632570053,14.770698665856306
5776.0,385.50080072392575,385.8470151524633,15.576878184485427
5777.0,385.79135764048226,385.84264064583977,16.065497198289187
5778.0,386.0623297694692,385.83812891871,13.97423005051033
5779.0,385.5551661319569,385.83420448910414,15.08281375909972
5780.0,385.45431268069206,385.8299687322401,13.904457957180744
5781.0,385.8834201703733,385.8260638969638,14.060377737717454
5782.0,385.4869421951459,385.8221152742158,15.732221293783235
5783.0,385.7590410068629,385.81769714206916,15.898148110970455
5784.0,386.332484264901,385.8132324121413,14.047813004935627
5785.0,385.650377067091,385.80928731798906,15.565809107453012
5786.0,385.13867399395195,385.8049159199314,15.50275367267436
5787.0,385.625936954399,385.80056222994165,15.320299464396442
5788.0,386.9472871022426,385.7962597791754,14.335478648307387
5789.0,386.1310221089811,385.79223389892167,16.167390170042726
5790.0,386.1720719796142,385.78769355684886,13.804748494169159
5791.0,385.5046428464026,385.7838167233134,13.933446125550319
5792.0,385.1924995865472,385.7799037471932,16.281129109818572
5793.0,385.382149620981,385.7753314634349,15.829231548752396
5794.0,385.0652017354452,385.7708860875749,16.302937651600924
5795.0,385.192584974051,385.7663076792511,13.60122439390086
5796.0,385.6760757092664,385.76248800206713,13.272911065510845
5797.0,385.739807971635,385.7587605262096,15.089305928174252
5798.0,384.77804834923614,385.75452294612813,15.555710724459276
5799.0,385.9021129744577,385.75015438403295,14.150722117719713
5800.0,385.87299328428287,385.74618038957163,15.482885339902811
5801.0,385.6051351205948,385.741832279272,15.267466339991959
5802.0,386.2164192152532,385.7375446658082,14.10357716449666
5803.0,386.1412082833777,385.7335839112211,14.706686344472153
5804.0,384.29843906406154,385.7294537834727,13.895123336621612
5805.0,385.38083358955856,385.725551569669,12.947425079583617
5806.0,385.5923156897527,385.7219155011258,14.631755308328872
5807.0,385.7022701554575,385.7178064165101,17.200396627068365
5808.0,385.16385702643123,385.7129759717907,16.367299681687946
5809.0,385.5577505720114,385.7083794884634,15.003214146157223
5810.0,385.5573900248699,385.704166085824,15.385238696048077
5811.0,386.1079330818539,385.6998453979569,14.584224343082411
5812.0,385.6002375506202,385.69574966162054,15.408988433606684
5813.0,385.838389081004,385.69142230403537,15.7995759320624
5814.0,385.55089182418436,385.6869852564612,13.044038537501779
5815.0,385.482031543005,385.68332205563854,13.638111789734275
5816.0,386.1466057885868,385.6794920192443,13.879615340993768
5817.0,385.8444109391549,385.6755941606027,15.262224262043944
5818.0,384.8300841024216,385.6713080192891,14.718185068374202
5819.0,385.79862153484726,385.6671746623157,15.329664710827474
5820.0,385.854553857269,385.6628695814761,14.93446844894963
5821.0,385.4495665050682,385.65867548491997,13.487870875380054
5822.0,386.6672144940202,385.65488764118254,15.58769347230337
5823.0,385.6892676302367,385.65051009726574,15.90850767591837
5824.0,385.1018549957665,385.6460424580267,15.306528097832338
5825.0,385.3420879107829,385.6417438747193,15.557372073787056
5826.0,385.7433724543353,385.63737484606185,17.15068480180718
5827.0,385.1604838938922,385.63255836208,15.527505165024786
5828.0,386.0507375022776,385.6281977210462,16.16744237955818
5829.0,385.7293172580543,385.6236573643112,12.96938588902585
5830.0,385.4607533996372,385.6200151284407,13.835135654051282
5831.0,384.8680028629245,385.6161297611779,16.136370026511564
5832.0,385.79042410411154,385.61159813059544,13.994989573211496
5833.0,385.3605767156482,385.60766787102364,14.086912454925102
5834.0,385.4749009687469,385.60371179644255,13.125077494707174
5835.0,384.64821069189367,385.60002583717943,14.47473874735377
5836.0,385.13554755155354,385.59596084804787,15.818479423492319
5837.0,385.1481028583458,385.5915184917431,17.62686259914944
5838.0,385.06564878798804,385.5865682811632,14.320843926827578
5839.0,384.85066701978434,385.58254651082706,14.6606435684061
5840.0,385.5131948061799,385.578429313425,13.986347029906423
5841.0,386.2943991436674,385.5745014809674,15.485844925444644
5842.0,385.9980875802748,385.5701525395175,14.640659340649597
5843.0,385.5988290082218,385.5660409543527,14.199858892404894
5844.0,385.7148238155531,385.56205316064705,15.66825534896559
5845.0,385.5982009317491,385.5576529922699,15.810187428088541
5846.0,385.3432433467078,385.5532129646338,14.707102154271688
5847.0,384.97284458263454,385.54908272011215,14.381769275742007
5848.0,385.3594837485643,385.5450438399072,14.875176414215076
5849.0,385.382499291899,385.5408663945309,14.108889777797835
5850.0,385.2395630418778,385.53690414798496,14.894330713220343
5851.0,385.34175979121835,385.53272132344296,15.870869411046373
5852.0,384.96939766797533,385.5282642542834,14.636396171129991
5853.0,385.6229729927023,385.5241538663587,15.633395864772407
5854.0,385.7200988857893,385.5197634876866,14.24558014415063
5855.0,385.6375553450507,385.5157628539295,15.394473823875138
5856.0,385.0558823328924,385.5114395725306,15.853165667314645
5857.0,385.7055636211741,385.50698747517237,13.767996951267605
5858.0,385.63585075739024,385.5031209626952,16.169898097931277
5859.0,385.1251004506896,385.49857991631274,14.241806870308556
5860.0,385.6415130772306,385.49458034221664,15.521780249077901
5861.0,385.4166942965274,385.49022130893,16.15698058862641
5862.0,385.75541940631996,385.4856838902147,15.956463966977305
5863.0,385.2270678727052,385.4812027832507,15.688518758146339
5864.0,385.55760539872165,385.4767969242328,14.21911790466053
5865.0,385.86962111368024,385.47280372195456,12.639975290963795
5866.0,385.33271147804044,385.4692539955603,15.621450518992159
5867.0,384.57847418480486,385.4648669715396,13.584094700682993
5868.0,385.0802805706935,385.4610521049445,16.17133170106392
5869.0,385.5280531920783,385.4565106559584,15.908569231525716
5870.0,384.9973660373356,385.4520429994326,15.166396003443236
5871.0,385.0426828189071,385.4477837698883,14.934379072185875
5872.0,386.0133643015602,385.44358969843216,13.94641423529075
5873.0,385.9580437909331,385.43967308043443,13.935518235372989
5874.0,385.44110328782847,385.43575952239667,14.277880178925935
5875.0,384.90166368081486,385.43174981771307,15.433983720187129
5876.0,385.7530211488803,385.42741544061835,15.895285913617228
5877.0,385.27781605219604,385.42295151449093,14.731828558264237
5878.0,385.1545217675794,385.41881432597086,14.870817217206637
5879.0,385.2173447235044,385.41463810480235,15.922543604257191
5880.0,385.82528902733674,385.41016652380677,15.994188523375875
5881.0,384.9854899010262,385.4056748225298,14.17032421506504
5882.0,385.4756728154609,385.4016953231461,15.522089456212086
5883.0,385.7149927125032,385.39733620302377,15.532023101920407
5884.0,385.32286315880174,385.39297429320266,15.465255034940105
5885.0,385.08473950539417,385.38863113408036,15.718457042889701
5886.0,385.4521286415325,385.3842168673942,12.128434264687478
5887.0,386.12864337627775,385.38081079877145,12.447182259407894
5888.0,385.7707810706515,385.377315215087,12.752234043928333
5889.0,385.1101859769749,385.37373396269294,15.669655447999563
5890.0,385.4853911360755,385.3693334011213,15.275987942148484
5891.0,384.5795171052966,385.3650433945076,13.987669723538083
5892.0,386.52629004003177,385.3611151905935,15.361628112607418
5893.0,385.55593345021487,385.35680113336525,16.554537123180136
5894.0,385.49903415066785,385.35215206752315,16.284773400527378
5895.0,385.27173143100237,385.34757876032654,15.50528746557857
5896.0,385.29596454173065,385.3432243587632,14.530279783720802
5897.0,385.21943505359445,385.3391437718573,14.510951718713256
5898.0,385.4110296974983,385.3350686129163,15.002769466800181
5899.0,385.25224804675184,385.3308553351577,14.104893915849189
5900.0,385.4384433453377,385.32689421078294,14.030699074016777
5901.0,385.026386337897,385.32295392279303,14.611492566205069
5902.0,385.02213078767164,385.3188505286307,14.48828468787423
5903.0,384.542847362609,385.3147817353475,15.430070314473868
5904.0,385.53996825963765,385.31044845726757,13.953593057464436
5905.0,385.41810836655094,385.30652982321726,13.733639615554683
5906.0,385.32287435422154,385.3026729594252,14.565716591220802
5907.0,384.8580348004032,385.2985824206825,13.433264861756294
5908.0,385.75601590414027,385.29480991213387,17.234780198420637
5909.0,384.99883685087144,385.2899698113615,15.388525110017735
5910.0,385.24482903706945,385.28564820055976,15.183955358773511
5911.0,385.31282131765875,385.2813840397632,14.46410651816018
5912.0,385.32327594203633,385.277322036516,13.698620464684296
5913.0,384.9557878577729,385.2734750072688,14.341615334469665
5914.0,385.52378569561074,385.26944740362904,13.635793399630812
5915.0,385.7196153957355,385.265618018316,15.361893770895174
5916.0,385.4845459172032,385.261303886482,13.267200947845875
5917.0,384.91131440939,385.2575780142158,14.466212963126221
5918.0,385.4127792371674,385.2535154194087,15.34518104566619
5919.0,384.4785158911108,385.249205981065,15.477557150380798
5920.0,385.2802078873618,385.24485936709857,16.14867325773588
5921.0,384.5757199503413,385.2403242813587,15.333633051087013
5922.0,385.6656977907485,385.2360180860769,14.297151158987425
5923.0,385.74610001374515,385.2320029694597,16.59507704528998
5924.0,385.43961151081334,385.22734251865614,13.034759509378556
5925.0,385.4075520903322,385.22368192369396,15.61840777944174
5926.0,385.4880068773156,385.2192957541759,15.332076567454314
5927.0,385.24478392282265,385.2149899960065,16.446707897127045
5928.0,385.7668466337185,385.21037121220536,15.310516331842704
5929.0,385.3329408189588,385.2060715088689,13.527428290944572
5930.0,385.23207441599476,385.2022725560905,14.158931410626131
5931.0,384.67776960721284,385.19829625618604,15.680797100629349
5932.0,385.25019954692476,385.1938925656669,14.654900852319217
5933.0,385.36394288011815,385.1897769810109,15.16875760213387
5934.0,385.6520848224456,385.1855170882509,15.917869699015224
5935.0,385.2124625181126,385.1810468198438,15.72497518169325
5936.0,384.70080275589373,385.17663072264696,14.24470382599528
5937.0,384.90804461193306,385.17263033498915,13.485307043289424
5938.0,384.81114537614644,385.16884321126116,15.626809073528293
5939.0,385.26266070722517,385.16445468237964,15.51730263303065
5940.0,385.0861367657683,385.1600969065569,16.192009381255524
5941.0,385.7232442546614,385.155549650589,15.045554148808899
5942.0,385.6688641665941,385.15132435746557,14.840786477518323
5943.0,385.20953791269915,385.1471565699298,15.25117920536089
5944.0,385.52158705664715,385.14287353043625,14.912101306228681
5945.0,385.2072070375959,385.1386857153194,15.239214195042075
5946.0,385.3275966749452,385.1344060359997,14.814629552098406
5947.0,385.1608831819987,385.1302455942005,15.15527174557464
5948.0,385.28368730432845,385.1259894887186,16.823964331500143
5949.0,385.01133633471443,385.12126475873555,15.647362047125155
5950.0,384.9410821676263,385.1168704578939,16.820868806698993
5951.0,385.75605479917004,385.11214659723737,15.548405236019253
5952.0,385.9930756856321,385.107780086767,14.815341832429725
5953.0,384.7128015198113,385.10361944493565,14.128265815282747
5954.0,384.82239157207306,385.09965175695254,13.711013543885793
5955.0,385.3897916762592,385.09580124731565,13.06706775461383
5956.0,385.5935480871968,385.0921315791212,16.485536174119222
5957.0,385.26304656158,385.08750189104563,14.658403052061677
5958.0,384.8726635797373,385.0833853228552,13.05740540910117
5959.0,385.6965200976089,385.0797183681695,14.438095037651093
5960.0,384.8573207578442,385.075663669813,16.769998307846702
5961.0,384.64353506989187,385.0709540952882,15.148496024389875
5962.0,385.4573107559705,385.06669989265475,14.373118056555825
5963.0,385.3072821352692,385.06266344200054,14.959881315562072
5964.0,385.193651394765,385.0584622086644,14.518982017176741
5965.0,384.64789823209264,385.0543847945479,13.891672498646344
5966.0,384.54664146544525,385.0504835498545,13.938170254877413
5967.0,385.38940850422745,385.0465692470413,14.945824925343087
5968.0,384.9026882730466,385.04237196120806,15.406742049079671
5969.0,385.2718832941253,385.0380452344826,15.177123516037899
5970.0,385.1301482487886,385.0337829922952,14.714731644142363
5971.0,384.5497045263053,385.02965060515845,14.223563805093143
5972.0,384.73823917083774,385.0256561543232,13.752792366609984
5973.0,384.9813931312419,385.0217939118003,15.11979361100527
5974.0,385.0301927630298,385.01754776976117,15.43230318954796
5975.0,385.31600860666026,385.0132138646154,14.67185593552007
5976.0,384.89262377980083,385.00909351840687,15.493323519445436
5977.0,384.3832632326008,385.0047424767185,14.880298258850642
5978.0,384.7236106163276,385.00056359295746,15.744634937778443
5979.0,385.039898564928,384.99614197464575,14.673770479965476
5980.0,384.0044002047899,384.99202109076936,16.660357242796778
5981.0,385.6287349898449,384.98734230711034,12.95444766974054
5982.0,385.0374320260132,384.98370426638974,15.482560038320324
5983.0,384.98155847255947,384.9793562474456,15.509426696138101
5984.0,385.19710939051635,384.97500068344846,15.661125114570927
5985.0,385.27362778808435,384.97060251747877,15.042387288795698
5986.0,385.49507414501966,384.96637811371517,14.145716921085482
5987.0,385.014261052425,384.9624055248798,14.446305226321796
5988.0,384.6571400206206,384.9583485208288,14.752403450265064
5989.0,384.9732411092948,384.95420555419315,13.524204568332216
5990.0,385.03851199463645,384.95040750674355,14.61010443863456
5991.0,385.39429365898053,384.94630450241374,14.719683335488797
5992.0,384.9186702623168,384.942170724677,15.523493493279094
5993.0,384.30424826967925,384.9378112102543,14.834222727136217
5994.0,384.5422224736027,384.9336452660384,15.94702822334596
5995.0,385.1163875373519,384.9291668089457,16.361471137760173
5996.0,384.86292769133996,384.92457196246784,16.044898151003437
5997.0,385.28917320756153,384.92006602023713,13.629963973050819
5998.0,385.29155476712333,384.91623827202136,15.076083359058003
5999.0,385.0985714791352,384.912004405278,15.03287287024669
6000.0,385.1009317656483,384.90778267348026,15.575479472146888
6001.0,384.2642691083204,384.9034085596619,15.158746817568689
6002.0,384.6384891805748,384.8991514782639,15.300313779570134
6003.0,385.0571229289363,384.8948546401442,14.96540137774155
6004.0,384.8466681323348,384.8906518565906,16.152770621779734
6005.0,384.8319460840589,384.88611562017434,14.144958497087728
6006.0,384.9348693445032,384.8821432443297,14.659306426513051
6007.0,384.6721181766525,384.8780264224416,15.838077574727684
6008.0,385.76567789103643,384.8735785623227,15.338023604230141
6009.0,384.8822638510979,384.86927113402714,14.968672616025813
6010.0,384.95659510455823,384.8650674318008,15.606889531468576
6011.0,384.195474219118,384.8606844969907,14.042444075350678
6012.0,385.5490482218539,384.8567409106129,16.178761446459415
6013.0,384.5593283841328,384.8521973751067,14.147734605257615
6014.0,384.5659606298429,384.8482242196384,15.330823100624533
6015.0,384.26715843162356,384.8439188134843,14.96761385362728
6016.0,385.41759346674286,384.83971540859375,14.341582555307905
6017.0,385.1197337234621,384.8356878141595,13.926517548952077
6018.0,384.8331484093098,384.83177678381446,13.131791212701803
6019.0,385.36997664242915,384.82808893911556,15.70614126046674
6020.0,384.7971102768515,384.8236781311116,15.014032604828987
6021.0,384.68981012739135,384.81946169028845,16.549271242734775
6022.0,384.7635194424652,384.8148141032811,15.819027026616112
6023.0,384.7885296220083,384.81037159319106,13.485238682091575
6024.0,384.48253168925396,384.8065844886612,15.284776582309085
6025.0,385.2136550106197,384.8022920139043,14.645916397125514
6026.0,384.91951435677566,384.79817895238284,15.351462376344976
6027.0,385.0617588611415,384.7938677500321,14.586840328665149
6028.0,384.48545152220487,384.78977127903977,16.49675849359768
6029.0,384.69088718157633,384.78513843936287,14.506108550894089
6030.0,384.65341340210824,384.7810646405448,14.280447768315904
6031.0,384.61678796842784,384.7770542147965,13.91762489617604
6032.0,385.02744657583753,384.7731456818048,15.372000475272033
6033.0,384.9521488155494,384.76882871167135,14.25501467043684
6034.0,383.6535456730392,384.76482542838477,14.97889833359437
6035.0,383.99120601944065,384.760618854436,15.38663711325945
6036.0,384.90778300734956,384.75629777384677,14.47218729956869
6037.0,384.17386787420605,384.7522335012468,12.730543692863996
6038.0,384.7327678660473,384.7486583402264,14.586696974276078
6039.0,385.34880857625114,384.74456190949275,15.106553481669442
6040.0,384.86517265493933,384.7403194857233,14.14228988405862
6041.0,384.79788052976784,384.73634785931426,14.376797715962862
6042.0,384.637918338118,384.73231037528905,15.288095605801814
6043.0,385.0789134744505,384.7280169684397,15.529480330573247
6044.0,384.3826902856538,384.7236557727135,14.564463818300943
6045.0,385.1560717832493,384.7195655857912,16.143366972217898
6046.0,384.58619497130906,384.7150319902332,16.272258518088158
6047.0,384.86109212485775,384.7104621976327,15.728937581559299
6048.0,384.375165385036,384.7060449876619,14.194784853420483
6049.0,384.5575239399779,384.7020586189156,13.876902903914202
6050.0,384.2788946617642,384.6981615220168,14.434571959271844
6051.0,384.43749337409486,384.69410781305817,14.097153171507962
6052.0,384.2544242155096,384.6901488625425,15.819987061629892
6053.0,385.0480639493168,384.68570608284267,17.822209726922004
6054.0,384.57535188461776,384.6807010122777,14.865651073432522
6055.0,384.82907974815384,384.67652624193454,14.775329237769592
6056.0,385.69781079925065,384.6723768369736,14.174902678976881
6057.0,384.06942123205255,384.6683960518046,16.833207861046297
6058.0,385.33584606105956,384.6636687259303,14.712210608309192
6059.0,384.71347922579776,384.6595370467845,13.3671498097083
6060.0,384.686343409441,384.6557831055462,16.11228981100181
6061.0,384.31822948754206,384.651258237491,13.966282530265541
6062.0,384.6544086949892,384.64733603981375,14.407242306202415
6063.0,384.9991313737592,384.6432900059328,13.914458078786524
6064.0,384.40946878189123,384.639382362289,14.463127084220078
6065.0,384.71467674736107,384.6353206340995,13.387860686887796
6066.0,384.6631811981289,384.6315608765566,15.59185862853006
6067.0,384.249832115753,384.6271821629251,16.71565506144391
6068.0,384.657215532153,384.62248784979533,14.063915158850751
6069.0,384.723255622068,384.6185382336216,15.539436105338755
6070.0,384.6894288347492,384.61417424198197,13.11867072985038
6071.0,384.26014819554007,384.61049008195204,15.513549025075491
6072.0,384.69766380380986,384.60613336026745,15.79933850499415
6073.0,384.2840841470401,384.6016963793706,15.934293610180397
6074.0,383.9388963560923,384.59722149858175,13.850669300586608
6075.0,384.708118501266,384.59333176895325,15.402721695945743
6076.0,384.7731856589972,384.5890061712769,16.18862689839711
6077.0,384.46453967312226,384.584459865223,16.093981033918347
6078.0,384.46230398009243,384.57994013888265,14.638772707319282
6079.0,384.4785182348179,384.57582908354726,15.943464236584239
6080.0,384.0629177981599,384.57135162734085,15.249422715810649
6081.0,384.5049729381117,384.5670690811282,14.604161641901838
6082.0,384.27939042301205,384.5629677457338,17.623670055693566
6083.0,384.643523043727,384.55801843172645,16.31026597484533
6084.0,385.29393297995995,384.55343796536516,14.785691677349948
6085.0,384.27771875988446,384.54928565028587,15.649500672729825
6086.0,384.9192607515761,384.5448907488469,14.093692640888914
6087.0,384.7408853496732,384.5409327701636,13.87756016594704
6088.0,384.6729592772141,384.5370354886836,14.407515025364638
6089.0,384.56873757777794,384.53298937821404,14.793384319407334
6090.0,384.253356278136,384.5288349027843,14.984821676266593
6091.0,384.145215081545,384.5246266653636,15.774011052178558
6092.0,385.02976381673386,384.52019679725976,14.253857301248557
6093.0,384.80420389681694,384.516193839001,15.07152800054468
6094.0,384.6115232364246,384.5119612515542,17.320885525552775
6095.0,383.90195646229694,384.5070969695357,15.111856467615382
6096.0,384.4759537737173,384.50285305651107,14.147595715582671
6097.0,384.41118389485956,384.4988799400476,16.191814715458438
6098.0,384.4395013271972,384.49433273874837,16.774976635537527
6099.0,384.32021893374116,384.4896217661432,14.871508211080805
6100.0,384.8128746572669,384.4854453509206,14.746298006191608
6101.0,384.3690303071427,384.4813040988972,15.265785528583649
6102.0,384.4225805972173,384.4770169574613,14.613054557764688
6103.0,384.48385887678705,384.47291312463966,12.83369884445711
6104.0,384.1972228097451,384.46930899421415,14.201969108339995
6105.0,384.66604566915333,384.46532060788957,17.24943618184621
6106.0,384.7491584304235,384.46047639122855,16.919841267704545
6107.0,383.6507531314575,384.45572473580586,15.94844437144816
6108.0,384.2629304309945,384.4512458810115,15.706081157789002
6109.0,384.66675074554445,384.4468350898864,13.868629793845837
6110.0,384.2380778312973,384.4429403163526,15.501009216476934
6111.0,384.5000558420392,384.4385871162643,15.639487146269003
6112.0,384.5734553947067,384.4341950269574,15.160038039916898
6113.0,383.8915480342272,384.4299375829412,15.380342344916022
6114.0,385.0800182614887,384.4256182701327,14.48145662487548
6115.0,384.2038991962933,384.4215513943971,14.34408344019793
6116.0,384.910539438096,384.4175230976311,15.177244375519697
6117.0,384.4290179677843,384.41326082150226,15.461263198194443
6118.0,383.6980508164556,384.40891878342075,13.706693353575346
6119.0,384.18141700626546,384.40506948703734,14.80196105633034
6120.0,384.1994779271882,384.400912602974,14.592003411782297
6121.0,384.6603087985863,384.3968146820158,13.82696801844333
6122.0,384.18741116297906,384.3929316084973,16.80483661874755
6123.0,383.9998326596037,384.3882122502136,15.27563515197305
6124.0,384.3371773323413,384.383922342675,17.899597266657544
6125.0,384.47452069181765,384.37889553910935,15.761446327277916
6126.0,384.5538923561456,384.3744691995991,14.820263625735969
6127.0,384.5810576993481,384.37030717556416,14.577843847916476
6128.0,384.01415699216346,384.3662132310835,15.489145175411652
6129.0,384.48317482949057,384.36186336281344,14.79201895507691
6130.0,385.25200885280185,384.35770927082353,15.01997158169423
6131.0,383.9101602450209,384.35349116213774,15.301044452837615
6132.0,383.9328923496284,384.34919411882055,15.397388239724048
6133.0,384.47004043792765,384.34487001895656,16.72762412574381
6134.0,384.38156601924214,384.34017234451454,13.628825406738756
6135.0,384.2611599841563,384.3363449160462,14.288919261468475
6136.0,384.7573663300105,384.3323321112202,15.36965871437318
6137.0,383.5100325570833,384.32801579873126,14.417706410093572
6138.0,384.3085871032363,384.3239668261811,15.104804556941192
6139.0,383.9773452729118,384.3197248935681,15.13531648732967
6140.0,384.84139437198496,384.31547439218787,13.907940922205736
6141.0,384.4634509231659,384.3115685787789,14.459570949129203
6142.0,384.246438591159,384.30750784927073,14.088213761842814
6143.0,384.63270274452935,384.3035514092393,15.621923968115242
6144.0,384.7553359434395,384.2991642522582,15.933700457253517
6145.0,384.8917992787141,384.2946895380465,15.496298065273653
6146.0,384.16206481293113,384.2903376610065,15.43258356479902
6147.0,384.3595249926376,384.28600367712204,13.511564934328874
6148.0,384.6262987795108,384.282209179303,15.679423173826772
6149.0,384.2321287639851,384.2778058746283,15.046783989273408
6150.0,384.1978815092549,384.2735802361247,16.408376541377404
6151.0,384.4297103483001,384.268972217046,15.836522807304156
6152.0,384.02523983721915,384.26452479355765,15.998092942557243
6153.0,384.1287172271686,384.2600319957896,16.84960620662052
6154.0,383.70755740008155,384.2553000647132,13.512503932763213
6155.0,383.2813255928456,384.2515053031921,16.87777248854094
6156.0,383.87509010838636,384.2467654620849,15.908224000492037
6157.0,384.25223233266615,384.24229790251144,15.216292499725618
6158.0,384.054534847461,384.2380246603678,16.07733249228082
6159.0,384.25675160946673,384.2335096094929,16.383894368905864
6160.0,383.79925868323596,384.2289084658243,15.245379867911428
6161.0,383.9846552280495,384.22462705497804,16.226434831476805
6162.0,384.0375504695167,384.22007013119617,14.659460669811592
6163.0,383.81446967064755,384.21595326599146,14.620649883999963
6164.0,384.19651366722746,384.21184730014903,15.37962963874865
6165.0,384.14660969274297,384.2075281874921,16.590816741639408
6166.0,383.6657546447491,384.2028689331238,15.238566224039547
6167.0,384.3445130073242,384.1985894357759,16.750035146007928
6168.0,384.5856322099982,384.1938854675724,15.153387331983271
6169.0,384.5947854287896,384.1896298912967,15.1128316454058
6170.0,383.90539964173314,384.1853857044096,13.723340052115407
6171.0,384.01181776866207,384.18153173307826,16.545181231835567
6172.0,384.0879707533629,384.17688529468234,14.336886870032739
6173.0,383.64085744271296,384.17285901895303,13.973302300365468
6174.0,383.76165460558525,384.1689348498903,14.143948715896384
6175.0,383.9020223161698,384.164962757626,16.974748959729954
6176.0,383.6040394677,384.16019568229314,15.469001923777673
6177.0,383.79993011483845,384.1558514709196,15.729365119338826
6178.0,384.31210898821104,384.15143414088186,15.56458398950221
6179.0,383.754662415541,384.1470630868781,15.022592983240251
6180.0,384.32779710016024,384.1428442420153,14.835905778037258
6181.0,383.6852260482521,384.1386778251427,14.270635422761023
6182.0,384.06864462384715,384.1346701550281,13.122062675098606
6183.0,384.14851047555544,384.13098504242686,15.041350422834249
6184.0,384.31853201849475,384.12676092984975,16.048756329750184
6185.0,384.15348400217175,384.1222539041138,14.504442435202154
6186.0,383.4293657965018,384.1181805731965,15.071864706304307
6187.0,383.8356909965745,384.1139478911915,15.722599781862254
6188.0,382.8184738773997,384.10953246108613,14.69000505135162
6189.0,383.8894177143009,384.10540701800085,14.928940500642994
6190.0,384.42559313241156,384.10121447387695,14.677455915176724
6191.0,384.3847492637196,384.09709255500746,16.03574722943966
6192.0,384.05465428251784,384.09258918266056,14.429984672476616
6193.0,383.874144627744,384.08853676196503,14.732592300466361
6194.0,383.88457078086543,384.08439935896064,14.07956746417661
6195.0,383.6775767108945,384.08044534709774,15.670057776416357
6196.0,384.35731682039415,384.0760446725389,12.808033997583365
6197.0,383.82064961790337,384.0724477496579,13.660451665840881
6198.0,383.96548156595617,384.0686114394818,16.06777255105877
6199.0,384.67228051850753,384.064099073357,14.332277116836963
6200.0,383.8940206203699,384.0600740922,15.224032412529091
6201.0,384.0949948256686,384.0557986764308,14.563506392279306
6202.0,383.1920672480748,384.05170875838564,13.305925104254912
6203.0,384.4872429768152,384.04797201108556,16.104638088201348
6204.0,384.5945456165948,384.0434492918891,14.935037007231156
6205.0,383.9405155507319,384.0392550356629,14.922237502867928
6206.0,384.6942189988096,384.0350643739642,14.73054323905832
6207.0,383.885304491249,384.0309275464046,13.321084307424575
6208.0,384.49297246712166,384.02718654189493,15.593833198928788
6209.0,384.3375932772329,384.0228072737382,16.142967620247898
6210.0,384.13153790538956,384.01827379033153,13.76898771126353
6211.0,383.52495861680455,384.01440699961597,16.34837800307439
6212.0,384.2954572959267,384.00981583012674,14.69940591936084
6213.0,384.8225883631215,384.00568774696444,13.982933894145216
6214.0,384.39298010938927,384.00176087302907,13.588134620129019
6215.0,384.12037849577655,383.99794487188996,12.237924357711648
6216.0,383.4805179898174,383.9945080547995,13.946538003710927
6217.0,384.24365299717863,383.99059140204344,13.547701423163396
6218.0,383.7567756326855,383.98678675589383,13.61055140845299
6219.0,383.94705197321355,383.98296445937325,13.805328861358692
6220.0,383.2073176773947,383.97908746285134,15.277977828750457
6221.0,383.19799009042146,383.9747968974111,16.8779363662017
6222.0,384.2510425481577,383.9700570102816,13.972100908981993
6223.0,384.05189355620485,383.9661331786096,15.63239892669927
6224.0,383.7153558953149,383.96174307991106,13.916252626228038
6225.0,384.2645859273844,383.95783493229845,14.814516202291584
6226.0,383.9850923463114,383.95367452233165,16.428889126831507
6227.0,383.7001902695459,383.94906074263525,16.040523038718614
6228.0,383.54736227847246,383.94455602908187,16.014829482832347
6229.0,383.3131062372979,383.9400585311355,14.08832853965207
6230.0,383.5206270609798,383.9361020588706,14.69284903476728
6231.0,384.21248572669055,383.93197581709995,15.109706957368036
6232.0,383.1170093653861,383.92773250772944,15.475402927266154
6233.0,384.35876032465217,383.9233864987406,13.613000731189056
6234.0,384.25276969652214,383.9195635143687,13.663233245988971
6235.0,383.9777886614678,383.91572642303214,14.577373791145565
6236.0,384.408995055393,383.911632610559,14.64475832714393
6237.0,383.7788283284126,383.9075198742622,14.895637358460897
6238.0,384.68791887760955,383.9033366827707,15.231354833652238
6239.0,384.24029823943033,383.89905921062154,14.542585276699363
6240.0,383.5717672333732,383.89497516792306,16.413578913225294
6241.0,384.1285370560862,383.8903656878449,16.195828875821253
6242.0,383.5819940753449,383.8858173592356,14.681648423014803
6243.0,384.10691759616486,383.8816942629702,14.182622443263865
6244.0,383.8818432386486,383.877711309834,15.257095732720472
6245.0,383.7820029456647,383.87342660878244,15.415622841585519
6246.0,383.999133767959,383.8690973880344,15.480736373049515
6247.0,383.83665584428616,383.8647498812363,15.544806512609384
6248.0,383.7426800445466,383.86038438140736,15.362299336230171
6249.0,383.82803190462835,383.8560701356771,15.338240016698863
6250.0,383.5922610464866,383.8517626466057,15.792016741613617
6251.0,383.65137686731015,383.84732772190415,13.247109033961356
6252.0,383.61173050654793,383.8436074921171,14.847232340552571
6253.0,382.76641063776987,383.83943789436813,15.502819181940657
6254.0,383.48407630514725,383.8350841859812,14.928704508688975
6255.0,383.79673987423905,383.8308917081317,14.557303976991118
6256.0,383.5538037663646,383.8268035319315,15.043445157134114
6257.0,383.93551383630626,383.82257883108315,13.883417454479012
6258.0,384.1355304206228,383.81867990468135,15.55039496813843
6259.0,384.1503329137176,383.8143128354278,14.529508997966598
6260.0,383.9415517900874,383.8102324649842,14.075766669826155
6261.0,383.2041951879491,383.8062795205111,15.088374152745848
6262.0,383.8463872122592,383.80204220210317,15.427969100934016
6263.0,383.51452430829596,383.797709514114,16.19256377298995
6264.0,384.1304667148368,383.79316210245446,16.421919318964978
6265.0,384.0513891996474,383.78855028011236,14.02277875481827
6266.0,383.3669783047436,383.7846122164121,14.385071627154602
6267.0,383.4060620859403,383.7805724087968,14.253595699483405
6268.0,383.16823094430816,383.77656952400457,14.838764476162972
6269.0,384.093899360903,383.7724023043141,16.680231748523987
6270.0,383.99943887492475,383.76771793923143,15.232379288552561
6271.0,383.7951785010103,383.76344017938123,14.435282830867319
6272.0,383.74078012892505,383.7593862707862,15.282301358596845
6273.0,383.58177716516843,383.7550944911547,13.806892047855888
6274.0,383.34806621467067,383.7512170556379,15.464054288724329
6275.0,383.68263386513183,383.7468742337252,16.04118587461508
6276.0,384.7097715023995,383.74236933402534,15.216951665337067
6277.0,383.8746368652274,383.73809590676603,14.095972509295194
6278.0,384.67840544092707,383.7341372878197,14.378828171365171
6279.0,384.10185809213255,383.73009923357483,15.129083145712046
6280.0,383.74565658829925,383.72585048272475,16.876588816871454
6281.0,383.6657420085816,383.721110974032,16.59234768109641
6282.0,382.97044432363504,383.71645128972494,15.940877021861475
6283.0,383.9294763067347,383.7119745600946,14.547256153116361
6284.0,384.169015405745,383.70788920565826,16.249322470960475
6285.0,384.1026423894157,383.70332585426434,14.493817497365876
6286.0,383.47144165610024,383.69925550718386,14.281709583198033
6287.0,383.3914152795419,383.6952447270759,16.766052880327564
6288.0,384.19466889442964,383.69053626055864,15.502047274415032
6289.0,383.7826774945485,383.6861827689491,16.324164755661734
6290.0,383.88062469181097,383.68159839934685,13.42782684974612
6291.0,382.4056139685269,383.6778274179733,14.441097886822886
6292.0,384.234680683885,383.67377187631666,14.08487531720273
6293.0,383.9699124363418,383.66981637383185,15.520491678944945
6294.0,383.38551277033474,383.6654577024186,14.632242746228195
6295.0,383.363270877399,383.66134848091406,14.759209160190236
6296.0,383.7011998321999,383.6572036030082,16.222685711310593
6297.0,383.32094714070655,383.65264773210436,15.303147740021663
6298.0,383.39381414255,383.648350098114,14.29361522926955
6299.0,383.49467825396204,383.64433597450375,14.765607198740074
6300.0,383.03224184416024,383.64018929981546,14.538009255337538
6301.0,383.9729948740852,383.6361065422162,15.921106213445672
6302.0,383.62974823362157,383.631635364888,12.715923013486897
6303.0,383.57627517917894,383.6280643098417,15.173234406055075
6304.0,384.0452741075775,383.62380315984603,15.263622619855232
6305.0,383.15424549134616,383.6195166258269,15.538872206425257
6306.0,383.0949477630643,383.615152792549,15.63504229041829
6307.0,383.6708398690042,383.61076195150576,14.890941527522928
6308.0,383.6742868624854,383.6065800787601,13.475991207988455
6309.0,383.9954524100796,383.6027955712292,15.41804744699654
6310.0,382.68948907032734,383.5984656695711,14.682301757249894
6311.0,383.3272978797458,383.59434238982766,15.15388097463365
6312.0,383.7460607622158,383.59008667492066,15.68826271137143
6313.0,383.7020855195579,383.58568088780913,15.294688691857916
6314.0,383.48099367753196,383.5813856294015,15.008923490631116
6315.0,383.8974938074011,383.57717062338793,14.883708998015274
6316.0,383.902963569671,383.57299078177766,15.591184644405548
6317.0,383.64731951281505,383.56861225742335,15.037755818457956
6318.0,383.38541340457965,383.56438915433097,13.763988563513797
6319.0,383.1273649015923,383.5605237675427,15.282793605257119
6320.0,383.8863771996528,383.5562318496719,15.283965431829673
6321.0,383.87341786049154,383.55193960271316,15.065461986545213
6322.0,383.5006717118252,383.54770871880527,15.067814924314971
6323.0,383.2073051849504,383.543477174114,14.40474017851065
6324.0,383.67779183452785,383.53943184291387,14.459383258797406
6325.0,383.37392963886845,383.53537116611534,14.558635080996146
6326.0,382.8644115046563,383.53128261609675,14.800029493553746
6327.0,383.62350941528746,383.5271262744806,15.835758265192714
6328.0,383.94459008736584,383.52267906570114,14.688912848426881
6329.0,383.14450177378404,383.51855392934294,16.897823554652845
6330.0,383.4057422769514,383.51380845722804,16.210999768892364
6331.0,383.94668988502184,383.5092558681262,14.80940671987347
6332.0,382.855127440165,383.50509689307233,15.153311718210224
6333.0,383.2047467094164,383.50084133803153,16.22178014367991
6334.0,382.86600318519453,383.49628572144115,15.130482094415836
6335.0,383.27771650845926,383.49203657771966,14.651258091262699
6336.0,383.2232472335506,383.4879220160724,15.27380702230278
6337.0,384.0932068251982,383.4836326219336,14.904891628373711
6338.0,383.7271180862245,383.47944683153463,16.297465036933705
6339.0,382.77014917731555,383.47486996010343,13.267868983683062
6340.0,383.46689038025403,383.4711439002305,15.893942058918283
6341.0,383.4528414748529,383.46668035150236,15.142752747248231
6342.0,383.4466093804218,383.4624277617725,14.624979299084988
6343.0,383.06001042053424,383.45832058008597,17.166460870166645
6344.0,383.7213649945741,383.4534996656583,15.772672873084883
6345.0,383.3479704747492,383.44907017335976,15.25744024669799
6346.0,383.5823339510879,383.4447853755571,14.585951307414414
6347.0,383.13066193040873,383.4406891542317,15.596143602671773
6348.0,383.0456367468214,383.4363092372365,14.859909754888946
6349.0,383.35405128745145,383.432136079247,15.23736034000399
6350.0,383.6182309963712,383.4278569205516,16.30094490854545
6351.0,383.61899861962627,383.4232790718564,14.115428604254996
6352.0,383.44162218444467,383.4193149889901,14.487224590002974
6353.0,382.88097206572616,383.4152464934177,13.043534572554266
6354.0,383.25349931976535,383.41158343412525,14.541973045007204
6355.0,383.7747424023483,383.40749956336174,15.127627310150164
6356.0,383.13534769542747,383.4032512213588,14.939915594821299
6357.0,382.55944329748445,383.3990555950626,15.02398214513113
6358.0,383.9096948541851,383.39483636007685,15.970087647570175
6359.0,383.1975029141635,383.39035142712913,16.563089670333046
6360.0,384.3767947636741,383.38569995944675,15.537179329154378
6361.0,383.5427021673994,383.38133660158513,15.343023914861485
6362.0,382.9578458964657,383.3770277690357,13.680725266718348
6363.0,383.51377419594263,383.3731857653566,17.064952300566024
6364.0,382.79944576730526,383.3683933579189,15.10687435632544
6365.0,382.93299674767206,383.3641508440371,13.958958129732705
6366.0,383.6892638949782,383.3602307032957,17.13741122186885
6367.0,382.87434015789495,383.3554179469776,14.570114582237373
6368.0,384.27936527526623,383.3513261731324,16.840956181735063
6369.0,382.88847810473624,383.34659667127136,14.378049079138894
6370.0,383.7096421643131,383.34255883582165,13.619367881862908
6371.0,383.3036540629296,383.33873406334146,15.11530314661294
6372.0,383.92318916963393,383.33448918237445,13.167227598188887
6373.0,383.8132792587053,383.3307913859573,13.952208237605227
6374.0,383.480110418881,383.32687314081056,13.87044366280713
6375.0,383.7329620886862,383.322977857882,16.80558876113397
6376.0,383.3808965255037,383.3182582883715,16.222982353781067
6377.0,383.83359853932257,383.3137023341605,14.037659861127118
6378.0,383.67325397655384,383.3097600913496,15.92383170933234
6379.0,383.31641341581417,383.30528814861117,16.20385573407651
6380.0,383.0257559581787,383.30073756579253,15.755298139279294
6381.0,383.218398648604,383.2963129528984,13.58202250365971
6382.0,382.8942978017459,383.2924986682453,15.678221030663302
6383.0,383.2001820486706,383.2880957011725,15.516476019399876
6384.0,383.5045126187769,383.2837381574904,14.578507224393693
6385.0,384.2293936152162,383.27964402671154,15.58666890552414
6386.0,383.45735824114143,383.2752667705272,14.138361619328444
6387.0,383.28126440796956,383.2712962473058,14.75693863847398
6388.0,383.26963288633834,383.2671520070382,14.90008559679522
6389.0,382.57866647030295,383.2629675663331,13.992099391743483
6390.0,383.2160087752971,383.25903811842056,15.784994039540022
6391.0,376.86699604027115,383.2546051659278,14.458758286943823
6392.0,382.6932964649257,383.2505446646422,14.500518461770197
6393.0,383.69555085304887,383.2464724357075,15.702907367725393
6394.0,383.4000536081642,383.2420625358884,15.140455778758026
6395.0,382.18015954430035,383.2378105912239,16.2085649673078
6396.0,383.0209406442094,383.2332586858956,13.96755090767995
6397.0,383.2541038012574,383.22933613201565,15.56762584786414
6398.0,383.3418812931842,383.22496422375673,13.132712509433956
6399.0,383.4474210858005,383.221276120327,16.694598129159104
6400.0,383.4753942996194,383.2165877206857,15.035641081572848
6401.0,383.2162980022404,383.212365211482,16.087668511779576
6402.0,382.66632239522556,383.20784725790827,12.302760403605692
6403.0,382.9834708897966,383.20439223269494,14.627510582390912
6404.0,383.30886554820626,383.20028434013966,15.481883084178039
6405.0,383.7919453595014,383.19593651130685,16.943804143083398
6406.0,383.1908759131441,383.19117812631,14.11039936171275
6407.0,382.67908865686417,383.18721545582264,14.81168583329908
6408.0,382.87587241920227,383.18305584071777,16.474352775961297
6409.0,382.46571682663034,383.17842929331323,13.866537777743373
6410.0,384.0326337380186,383.1745351072872,16.02772475422719
6411.0,383.4089532822521,383.17003398791877,14.358337750100603
6412.0,383.0518799407906,383.16600168806724,17.345021533237198
6413.0,382.9041327625379,383.1611306278533,13.586705954929233
6414.0,382.84563180920594,383.157315027931,14.36523309902952
6415.0,382.95672253077623,383.15328079163567,13.71672836677537
6416.0,383.48692322170575,383.149428677086,16.415065413653554
6417.0,383.06182576163667,383.14481877954904,14.793731231508584
6418.0,382.67379745795694,383.14066420669485,14.265002475394809
6419.0,382.88854024048516,383.13665811849967,15.687739737773558
6420.0,383.4649648830913,383.1322524782567,16.50425015466924
6421.0,383.02101368218865,383.1276175346715,15.450649186097968
6422.0,382.77031924978473,383.12327847735844,16.614012430063756
6423.0,383.12813559542565,383.1186127088677,14.036798702372035
6424.0,383.34434990998943,383.11467070789877,16.4887099470608
6425.0,382.83471615734504,383.110040128522,14.350354467633036
6426.0,383.4572781515287,383.1060100706423,14.65450696914166
6427.0,383.19585152363635,383.10189459660177,16.153665659631883
6428.0,382.40793886432573,383.09735810882904,14.717944697692179
6429.0,383.48482124749347,383.0932248193597,14.277688261902053
6430.0,383.1759173943714,383.0892151685729,16.283346736128763
6431.0,382.7825441023299,383.08464226203114,16.185724644683894
6432.0,383.13927078444317,383.0800967710268,16.86386644043408
6433.0,382.8074793989063,383.07536083520137,15.28419772278794
6434.0,383.5594404010185,383.07106852300757,13.602651114676485
6435.0,382.6743998498561,383.06724844515287,16.3966734543938
6436.0,383.2409902142014,383.06264371269106,13.24540017721507
6437.0,382.97778076147654,383.05892396280797,16.323393495575587
6438.0,383.6132523763299,383.0543398098013,14.953490049001903
6439.0,382.6345631559705,383.05014037134583,15.550985518229071
6440.0,382.9051388632501,383.04577313624617,14.228755783956657
6441.0,383.4619255332995,383.04177722733016,14.020474031933286
6442.0,383.43261305154317,383.03783981087287,14.909442612041738
6443.0,382.7178151802871,383.033652742406,15.292509315117066
6444.0,383.49711628112516,383.02935809603997,14.083260232535876
6445.0,383.3529907667601,383.0254030471247,14.884514575250906
6446.0,382.71154993801235,383.0212229792815,14.130061585444112
6447.0,383.44302768301844,383.0172547869862,15.352241029548013
6448.0,382.79138030677433,383.01294336596374,14.972526040818968
6449.0,383.64764997348755,383.0087385815673,13.658239820136604
6450.0,383.1650916564582,383.0049028925511,13.20364256382323
6451.0,383.190916402166,383.0011948695978,14.61310388541798
6452.0,382.5316286975846,382.99709102292326,14.166742786620809
6453.0,383.46231180412866,382.99311252932404,15.84649036317906
6454.0,382.5893897366853,382.9886623066137,16.913420520391753
6455.0,382.4151714851917,382.98391245435096,13.815135038697676
6456.0,383.2225861831902,382.9800327039276,15.631482226292512
6457.0,382.8042375844393,382.97564286266896,14.526004182924398
6458.0,383.3954263650616,382.9715634764943,15.90101925923458
6459.0,383.14785408832125,382.96709794025236,15.903820755316445
6460.0,383.12680794596645,382.9626316172569,14.500772613711037
6461.0,382.67730152722373,382.95855931694786,16.03204671881572
6462.0,383.07753645029305,382.9540569838276,16.01040314022333
6463.0,383.57672297464245,382.94956072894576,14.239588580146208
6464.0,382.7556074212967,382.9455617778195,15.270309301926059
6465.0,382.7473234186954,382.94127336595716,15.630053220444957
6466.0,383.121193592331,382.9368839260111,15.30807920705621
6467.0,382.7632542487845,382.9325849071005,14.140580099886389
6468.0,383.38472396426556,382.9286137608558,15.124106690651093
6469.0,383.185071565694,382.9243664075601,14.345675758435021
6470.0,382.92060840995293,382.92033766361794,15.617296156507159
6471.0,382.8220043399346,382.91595180628065,14.538536127467395
6472.0,383.58776228185906,382.9118689007182,14.680406255122119
6473.0,382.965234578453,382.90774615329485,14.92838706154794
6474.0,383.370505315597,382.9035537645951,14.971978579449353
6475.0,382.52998581178866,382.89934913394404,14.224202991249559
6476.0,382.55413300014925,382.895354503604,13.897598346269483
6477.0,383.1266340525425,382.89145159473503,16.03473637519442
6478.0,383.08428030801974,382.88694850626973,14.84383861035493
6479.0,383.56971474177925,382.8827798615933,14.450000922562122
6480.0,382.7040863038173,382.8787218196676,13.144243933815396
6481.0,382.60086349193233,382.87503047782945,14.670504842503195
6482.0,382.5704300373367,382.8709105110529,15.188080281963
6483.0,382.2901556209792,382.86664519184035,13.658235457628397
6484.0,382.46983165133577,382.8628095040493,15.800221327207193
6485.0,382.8625733483115,382.85837227522654,16.991310812223766
6486.0,383.0565775644725,382.8536005487735,15.045036755853294
6487.0,382.17189577300365,382.84937540095126,15.525858389710704
6488.0,382.51993933041064,382.8450152223868,16.320710000454692
6489.0,383.0503121899684,382.84043182299496,15.98200438742186
6490.0,383.0098887542236,382.83594354342955,15.02095950004497
6491.0,383.3159980047755,382.8317251573033,15.87404803020112
6492.0,382.9629309244172,382.82726719548145,15.484799457977916
6493.0,382.5983224738398,382.82291854763366,15.330388261311338
6494.0,381.9303572904945,382.81861326359694,16.5673151651888
6495.0,383.56925761833645,382.8139606092547,15.944630825484575
6496.0,383.2533443044586,382.80948282543125,15.196889776121159
6497.0,383.63214387188594,382.8052150322191,14.167115236608055
6498.0,382.7984166118953,382.8012364340235,14.270238072652417
6499.0,382.8447004889907,382.7972288754981,15.18220007497881
6500.0,382.9012412934685,382.7929652076437,15.135050311165319
6501.0,383.49344425205527,382.7887147810146,15.664321764818679
6502.0,382.90526720515015,382.7843157173191,15.660945046368013
6503.0,383.13319177231693,382.77991760191856,14.2497025659366
6504.0,382.87906848957675,382.77591581044794,14.119071921087512
6505.0,382.78206777013,382.7719507044168,15.003741056862209
6506.0,382.8231576186954,382.7677371538033,15.700060540144936
6507.0,382.92775753259923,382.7633280534683,15.582255578297682
6508.0,383.1705693419615,382.75895203669336,15.550591049506622
6509.0,382.8914173977153,382.7545849123736,15.23668327932369
6510.0,382.9734332117122,382.75030594381934,15.070239708034507
6511.0,381.9624374359887,382.746073718168,15.359674624038822
6512.0,381.68554987849063,382.7417602095444,15.45910188922854
6513.0,382.9281300360964,382.7374187784305,16.253167405015617
6514.0,383.12535121187085,382.73285434725096,14.131292529327167
6515.0,382.6038277533022,382.72888580926565,16.150633896029117
6516.0,382.4237859217883,382.72435017291315,16.69269101744527
6517.0,382.73519108416593,382.7196623088524,15.020032151584083
6518.0,382.66931556841183,382.71544418315654,13.872426056085056
6519.0,382.88657592916377,382.7115483435058,13.290056386953582
6520.0,382.7607556978349,382.70781605267047,15.679475153507566
6521.0,383.0700423961336,382.7034127333982,15.610153146742732
6522.0,382.60018217966785,382.69902888205615,14.5249662422814
6523.0,381.6519902134268,382.69494978736975,14.256707446407239
6524.0,382.08805688694093,382.6909460286953,14.935313635160309
6525.0,381.95827192253887,382.6867516947827,16.00661799308607
6526.0,382.8027726000387,382.68225650289634,11.790136515423463
6527.0,383.4369120427275,382.6789454395582,13.437042307492634
6528.0,381.9972457047375,382.6751718701769,15.792507721848922
6529.0,382.40419280341,382.67073680759165,16.58349696028778
6530.0,382.5822482005644,382.666079608862,15.75632002216681
6531.0,382.5218319440203,382.66165470898915,14.594060662007582
6532.0,383.07308383619653,382.6575562102865,16.658096053288293
6533.0,382.8080483885353,382.6528780616449,13.68040949400842
6534.0,382.0721480727546,382.6490361466453,13.95834076215351
6535.0,382.4167299112968,382.6451161792813,15.300091568330123
6536.0,382.30573777237714,382.6408194035659,14.102719383760343
6537.0,382.9299570060573,382.63685888987226,14.904786435408509
6538.0,382.9314925140502,382.63267312901496,12.901194671575658
6539.0,382.0899639802114,382.62905004351137,13.59391959418538
6540.0,382.45969225270454,382.6252324177587,16.558064126194004
6541.0,383.11777894407504,382.6205823614166,15.863988047937104
6542.0,382.0060442246674,382.6161272247731,14.388493025620285
6543.0,382.6076578315667,382.61208645631507,13.984126099543357
6544.0,382.7490256479188,382.6081592475688,14.498526034253088
6545.0,383.37781425822817,382.60408757817413,14.666958262482193
6546.0,381.8074329917937,382.5999686073954,15.594393034914075
6547.0,381.8994824042701,382.5955891820181,17.27751928757209
6548.0,383.1728786629531,382.5907370786848,14.09250171246152
6549.0,381.9521289069815,382.5867794344539,14.20727689676964
6550.0,381.5693800966603,382.58278955752536,15.426367003579204
6551.0,382.07051089461004,382.57845731945855,16.03273067683279
6552.0,382.168885784938,382.5739547942602,12.67329316992511
6553.0,381.4351057377357,382.57039571109493,13.954782201764786
6554.0,382.7997800162625,382.5664767430933,15.071064591291416
6555.0,382.5879999832976,382.56224428578724,14.430649504368215
6556.0,382.8913535450664,382.5581916783848,14.704155834723515
6557.0,382.48567479094555,382.55406226128787,13.656579295104109
6558.0,382.9104736169257,382.5502270386025,13.719313810260305
6559.0,382.59060838742823,382.5463741979741,15.131625223624175
6560.0,382.93117822790913,382.54212473322383,15.293816448169927
6561.0,382.93498782236907,382.53782971977125,14.383904504060386
6562.0,382.44631196901463,382.53379023992306,12.913429175252046
6563.0,382.6612491164635,382.530163718563,17.02259561461773
6564.0,382.03260651445856,382.5253832062946,15.697161223125661
6565.0,382.973777268336,382.5209749201844,15.687641962338171
6566.0,382.2959345183473,382.5165693074,15.344376116590226
6567.0,382.1212253190814,382.51226009510725,14.987714933725549
6568.0,382.1082455242192,382.50805104516337,13.522341124168333
6569.0,382.31247600659424,382.504253521031,15.641896772099033
6570.0,381.74427414384917,382.49986075502085,15.786272747183705
6571.0,382.82889534166907,382.4954274434243,15.700679965737047
6572.0,382.37701459743005,382.4910181691339,13.75861146973254
6573.0,382.2112163339996,382.48715429241287,13.994236661044102
6574.0,382.53652779556234,382.48322424428386,14.188974593341738
6575.0,382.6528838246137,382.47923950725226,16.916041986950955
6576.0,382.17056602411503,382.47448891879424,15.61358559712126
6577.0,382.5677926525871,382.47010410350566,16.165058641769594
6578.0,382.9211544362003,382.46556441620385,16.27045255790974
6579.0,382.09190543273,382.4609951307772,14.013579530459383
6580.0,382.14613161881584,382.4570596505257,15.685337243073166
6581.0,382.45859260537765,382.45265468498326,16.004232341915966
6582.0,382.87860035858864,382.4481601630672,14.987271135102104
6583.0,382.79998634833834,382.4439512377568,14.717652387956853
6584.0,382.29750964347375,382.43981803037786,16.084315636884874
6585.0,382.0768185654608,382.43530101840315,16.960415199266798
6586.0,382.69936177542655,382.43053796846795,14.165905788711592
6587.0,382.0975050490599,382.4265597099257,15.113918334595448
6588.0,382.7635326420175,382.4223152178601,16.814350233669014
6589.0,383.21361974287845,382.4175931878361,15.697569364885938
6590.0,382.37211872665387,382.4131847871061,14.64388926425266
6591.0,381.78990963569754,382.40907229487107,13.847569521809714
6592.0,382.51806776248077,382.4051834357637,13.40346864505398
6593.0,383.0566304727503,382.4014192949859,16.648344986485046
6594.0,382.58787347752497,382.39674388476885,15.600415855014267
6595.0,382.18237887527374,382.39236276798283,12.452241723558078
6596.0,382.9265446032837,382.38886576343225,14.214325445174488
6597.0,382.15241928668524,382.3848739070363,16.815872077291544
6598.0,381.9154022740338,382.38015144962793,16.2695045808615
6599.0,382.2086520230601,382.37558243042486,14.29020774647973
6600.0,381.9516119314242,382.3715692637494,15.052826334864228
6601.0,382.55840037064763,382.36734192835365,14.612680218820323
6602.0,382.31536333306695,382.3632382006588,15.127674783517605
6603.0,382.2908361057599,382.35898984532383,12.944952861356164
6604.0,382.6199527623093,382.35535447106196,14.672869464289525
6605.0,382.04815616530306,382.3512338402207,14.320372367914212
6606.0,382.85185672584424,382.34721220231404,13.76936716477185
6607.0,382.32244085974446,382.34334530503526,14.912895499052143
6608.0,382.574570434665,382.33915726688264,13.49996363533461
6609.0,382.1100858733025,382.33536602709506,14.6806956891382
6610.0,382.3249841800578,382.33124319838896,14.024041650463657
6611.0,381.69647753171455,382.3273047800255,15.465640044072911
6612.0,381.8638091635748,382.3229615127797,15.999261589122431
6613.0,382.2716631098474,382.3184683868168,14.01446928602194
6614.0,382.54739680192085,382.3145326566923,14.084986198025769
6615.0,381.6060852361075,382.3105771230683,14.256314482160498
6616.0,381.29274489257955,382.3065734747513,13.974228801557544
6617.0,382.9156410244559,382.3026490454962,14.01867883687033
6618.0,382.5711008200687,382.2987121331895,15.7514301870935
6619.0,382.7586533059318,382.2942886065453,14.403536798294706
6620.0,382.2700461817038,382.2902436132944,13.944279853114804
6621.0,382.5500435481363,382.28632759470236,15.12571974446592
6622.0,381.8770372992554,382.2820797884074,14.941804658227815
6623.0,385.6967278719114,382.27788363159925,16.23022233861984
6624.0,381.47974985792405,382.2733256441591,11.487844289475149
6625.0,381.4926689450636,382.2700994745545,17.81634499189514
6626.0,381.89862817930805,382.2650960510026,14.70783405463813
6627.0,381.6657596780158,382.26096560093896,14.502279045091994
6628.0,382.53451105004245,382.2568928775738,13.29705769085293
6629.0,382.7925553338524,382.2531586205389,16.08816873663517
6630.0,381.9417910535344,382.24864052648536,14.678959157260417
6631.0,382.2430115508875,382.24451818545543,15.979250699677992
6632.0,381.54064421136894,382.2400306792173,14.25848004325248
6633.0,381.86296611830056,382.23602642273846,16.14941080823941
6634.0,381.5640668282697,382.23149112986977,13.91632598899549
6635.0,382.68468472162095,382.22758296165455,13.447395436606854
6636.0,381.62227752603354,382.22380648476945,13.38200738793752
6637.0,382.58197448730976,382.22004837102804,14.431656849232223
6638.0,382.23505891837766,382.2159954807295,13.124188420405359
6639.0,382.39731796140035,382.2123097711481,14.376095238918527
6640.0,382.33864220093255,382.20827248440185,15.722691260484165
6641.0,382.9416500186886,382.2038570286062,15.156032539554102
6642.0,381.79866668599635,382.199600709468,15.717845764621755
6643.0,382.15234664463026,382.1951866144491,13.571814586128596
6644.0,382.698932579753,382.1913751965195,15.334486730538547
6645.0,382.8671977804437,382.187068761496,15.14608182677966
6646.0,382.7734347923392,382.18281523684965,14.562510838343819
6647.0,382.71720941235844,382.17872559838924,15.282371591329998
6648.0,382.5724372408821,382.174433799034,14.305731680852011
6649.0,382.41674578670893,382.1704162727203,14.656233159168965
6650.0,381.62576865163305,382.16630031390804,15.008936115575953
6651.0,382.7359652406968,382.162085304349,15.72496172043399
6652.0,382.17438583268006,382.1576692109325,13.660762911659369
6653.0,381.87999690878945,382.1538328133481,16.02412680535932
6654.0,381.632320996002,382.1493327044036,14.350127982290111
6655.0,382.2180610598312,382.1453027101286,15.448056307379083
6656.0,381.9049030559936,382.14096438098227,15.636482825418026
6657.0,382.0407985589593,382.13657313538886,15.877415354049095
6658.0,382.70498431922863,382.1321142279102,15.971423124433787
6659.0,382.0466608300217,382.1276289199161,15.317053467500033
6660.0,382.23291540139957,382.123327380734,13.999550397435062
6661.0,382.32405536562953,382.11939584033064,13.671824210320306
6662.0,381.61863766289923,382.11555633636493,15.343470926975149
6663.0,382.49115239227586,382.11124737827964,14.611498125212453
6664.0,381.95154043808463,382.1071439825561,14.464998888631914
6665.0,382.6856722214858,382.10308172870157,14.17766546175719
6666.0,382.38866997364295,382.09910016765105,15.270877878237755
6667.0,382.3535969619445,382.0948115961136,13.840860068326117
6668.0,381.6268309898012,382.0909246212444,13.198927032774694
6669.0,381.79993183252805,382.0872179225694,15.197307610446446
6670.0,382.62816648437195,382.08295001201543,14.971369885135166
6671.0,382.79616072393105,382.07874555230603,16.043759274237946
6672.0,382.05320387577103,382.0742399299098,14.842025896623976
6673.0,381.73908054292286,382.07007179430383,15.266433605097857
6674.0,381.72259111794284,382.06578447086645,15.716832834125452
6675.0,381.4107219721293,382.06137066031215,11.986007806919304
6676.0,381.90458261091857,382.05800458978644,13.893796696182513
6677.0,381.86470250847594,382.0541027485475,15.546812140323484
6678.0,382.1578386422521,382.04973668547143,15.803573075006222
6679.0,382.57382502334235,382.0452985153662,16.864081102868777
6680.0,381.8005540659417,382.04056251925647,14.272945291936539
6681.0,381.83057126552126,382.0365542004537,15.798073090156628
6682.0,382.3539369082037,382.0321175749275,15.191299673223938
6683.0,382.5230741014517,382.0278513516026,14.726294235511752
6684.0,381.9813950220994,382.0237157173048,14.769823926164154
6685.0,381.81793431855067,382.01956785841884,15.002218306685537
6686.0,381.7849609223254,382.0153547354444,15.871918295750282
6687.0,381.9260013470258,382.010897371723,15.057191279170013
6688.0,381.91654347900715,382.00666881050546,14.38053142339995
6689.0,381.4521030843301,382.00263027793073,14.11575839971296
6690.0,382.6478133756446,381.9986661024468,15.300005286795301
6691.0,382.1189939988875,381.9943693509621,15.15862749559995
6692.0,382.36956157943735,381.9901123030737,15.11593962699732
6693.0,381.5452137226852,381.98586724336184,14.405917318547575
6694.0,382.32619125418154,381.98182158158147,14.200239477273103
6695.0,381.4533275501081,381.97783368099493,15.033828283497671
6696.0,382.3651078398858,381.97361168088537,14.776664188773122
6697.0,382.4367993059762,381.9694619010256,14.792014317863
6698.0,382.18878354198,381.96530781033806,14.804268517815274
6699.0,381.55913256823465,381.96115027826266,15.230279406689588
6700.0,382.4212953708684,381.9568731081293,13.95793025065037
6701.0,381.6143761828636,381.95295325605053,13.936120883431864
6702.0,382.04454416946385,381.94903952876916,16.784176904517214
6703.0,382.3234579838592,381.9443259724218,14.100049535109036
6704.0,381.81903089532653,381.9403662085107,14.84913281228528
6705.0,381.87772586877605,381.9361960770459,14.783418797809833
6706.0,381.23197890378907,381.9320444002668,13.795974448577583
6707.0,381.9124215981517,381.9281700307758,15.654255940027086
6708.0,381.8950705240426,381.92377379389933,14.454591104308518
6709.0,381.9817645131501,381.91971446289756,16.135032262283843
6710.0,382.3536920079901,381.9151832080039,14.935134980933379
6711.0,381.44742158955694,381.91098892426345,15.616455809641364
6712.0,381.6182890116493,381.90660330292354,14.473727884235487
6713.0,381.4614154999216,381.9025385976761,14.445544084450498
6714.0,381.703259295263,381.898481807379,15.569302759125222
6715.0,382.05201189735754,381.8941094281875,16.298872254659933
6716.0,382.1031353348256,381.8895321615626,15.055124412449238
6717.0,382.4423504306391,381.8853041807902,15.146536273707548
6718.0,381.8165683688198,381.88105052851995,14.723602004252307
6719.0,381.9378359289306,381.87691565029047,14.609002102267661
6720.0,381.63406884717244,381.8728129555334,15.32169086458996
6721.0,381.1097299720286,381.8685101140156,12.90420201596811
6722.0,382.09290039354136,381.8648861839494,15.778296890165441
6723.0,381.0177519313264,381.8604551122395,14.600444104040845
6724.0,382.1083107990072,381.8563548208536,14.200046197480226
6725.0,381.40032824993943,381.8523669745465,14.801026995324815
6726.0,381.9909017800304,381.8482103527986,14.565899033047513
6727.0,381.5117107941583,381.8441197628201,15.17535693577247
6728.0,381.358510833909,381.83985801674737,14.54265000762371
6729.0,381.676432824483,381.83577395587025,15.600473693387956
6730.0,381.724980509677,381.83139282284134,15.021448996464937
6731.0,381.221184585763,381.8271742992482,14.5424070109738
6732.0,381.58336891072736,381.82309030661264,13.758969077769775
6733.0,382.2929238858503,381.8192263294633,13.342424202174707
6734.0,381.52724575644834,381.81547933199977,14.389559458999978
6735.0,382.16510825066695,381.81143826405173,14.782460034628887
6736.0,381.9065060594418,381.8072868565253,15.84974753778007
6737.0,381.7166599540277,381.8028357190919,14.383723286679674
6738.0,381.99594595633346,381.7987962901355,16.121782584717327
6739.0,381.85181273789595,381.79426875619293,13.827934451787883
6740.0,381.8620024281201,381.7903854112678,13.479225608526491
6741.0,382.22743233553376,381.78659999540935,14.617127115602392
6742.0,382.25078403613725,381.7824950188777,15.448236917630012
6743.0,381.93273172531303,381.77815663901,14.497792485672646
6744.0,381.9889993960245,381.7740851756203,14.205435645300327
6745.0,382.0436522339496,381.7700958157766,15.084871838686698
6746.0,382.1686450201471,381.7658594809352,15.788406873999243
6747.0,382.2287149941486,381.7614255700048,13.629004696015155
6748.0,381.9684068905891,381.75759809118597,16.62136703469547
6749.0,381.17943186281235,381.75293025727706,15.7329337086676
6750.0,381.94118623824875,381.74851192506054,13.75633571360452
6751.0,381.89811083852635,381.7446486874476,14.416720285531278
6752.0,381.0761407866114,381.74059999183413,16.00674829647023
6753.0,381.32877575600384,381.7361047633542,16.69706555430082
6754.0,381.5268688546511,381.73141567077766,16.1961811949682
6755.0,382.00827768362063,381.72686724322546,14.835859230607415
6756.0,381.8001135058243,381.7227008394249,14.605143374580342
6757.0,381.6082112197565,381.71859922832715,15.46976335472079
6758.0,381.393446034471,381.7142548031184,15.482030092151511
6759.0,381.9123439657625,381.7099069330008,14.468484672727897
6760.0,381.75692694706794,381.7058437002219,17.236729040984773
6761.0,381.8054059722503,381.7010030521496,14.627895712955917
6762.0,381.14833798030463,381.6968950514368,13.611024295348388
6763.0,381.67001086711593,381.6930726221139,15.431299904256823
6764.0,381.5619476195776,381.68873899872415,14.891398372779353
6765.0,382.410917761494,381.68455699768106,15.388372095426941
6766.0,381.03193980794026,381.680235429851,14.875932018003741
6767.0,381.6106384454196,381.6760577722759,14.406913214741756
6768.0,381.8109733138372,381.67201183081477,14.475491504316885
6769.0,382.2598131449336,381.66794663028395,15.75156664735272
6770.0,381.9169591221728,381.6635230653172,14.466305119288535
6771.0,381.9191576234218,381.65946044462953,15.0702031550385
6772.0,382.09108720773156,381.65522822924345,13.814973422755166
6773.0,381.4981756853636,381.65134852420726,14.77599418397014
6774.0,382.213265656592,381.6471989325072,13.507712696779656
6775.0,381.3095418717563,381.64340551652487,16.032661735237767
6776.0,381.1811965021551,381.6389030106876,13.12026423117835
6777.0,381.3292327462254,381.63521840314934,14.77531649679908
6778.0,381.08372119507317,381.6310690017665,14.803878698121476
6779.0,381.96754311569526,381.62691157916544,14.64436509823036
6780.0,382.32029965836136,381.62279895330033,13.243498488551676
6781.0,381.4695658793396,381.6190797374748,15.394329423317114
6782.0,381.1578096584645,381.61475649662844,14.889126050881444
6783.0,381.4817094169409,381.6105751337291,15.98536161701631
6784.0,381.9777425806998,381.6060859113417,15.913732242751363
6785.0,381.514450950052,381.60161680487016,12.570101646022202
6786.0,381.76615738495406,381.59808670132463,13.88027579638153
6787.0,380.9508070202426,381.5941886572051,15.831831925724272
6788.0,381.7888708800988,381.5897425510727,15.501389376648694
6789.0,381.83265388311963,381.5853892442227,14.172866134065286
6790.0,381.4893179086748,381.58140903098337,14.334177971841454
6791.0,381.4119065785451,381.57738351600295,15.971906664021015
6792.0,381.52631996283134,381.57289807221485,15.903318157420383
6793.0,381.6489370250044,381.56843189036556,14.653996042620486
6794.0,382.20021756915463,381.5643165598103,15.562558900631263
6795.0,381.54277784175986,381.559946074519,15.271871098080512
6796.0,382.6142781620158,381.5556572240523,12.881552537311338
6797.0,381.79730539299914,381.55203965471475,14.283992224661757
6798.0,382.2013133970811,381.548028233565,15.212423110028356
6799.0,381.4533955201992,381.5437560780749,15.155175946764656
6800.0,381.29564961311837,381.5394999994965,15.813389717271564
6801.0,381.4428413691562,381.5350590725509,12.802681020796058
6802.0,382.01774719817735,381.53146365296425,13.022457251334718
6803.0,381.6688224128734,381.5278065128862,16.370706541472973
6804.0,381.40548967439787,381.5232090727991,13.148941853215927
6805.0,381.2978739785077,381.5195164116287,14.475992076851723
6806.0,381.6055465830123,381.5154510705204,14.325880574228751
6807.0,381.5001155492175,381.51142788572577,14.160834414789726
6808.0,381.28827887359523,381.50745105139436,15.065318378676286
6809.0,381.7869921427328,381.5032202078163,14.655317613997397
6810.0,382.0169302471031,381.4991045061197,15.659118170156594
6811.0,381.38148507873143,381.49470690376694,15.66474255379666
6812.0,381.53068397050333,381.49030772189974,14.459014034034135
6813.0,381.1791933304949,381.48624714879185,15.541523985491386
6814.0,381.7626833135417,381.4818825708059,15.939688502604325
6815.0,381.3385831781583,381.4774061749514,14.070583865847468
6816.0,381.6930371529945,381.4734546859824,15.197045094586434
6817.0,381.5324237405526,381.4691868491517,14.263434314054093
6818.0,380.92897517305533,381.4651812013485,14.707952908889999
6819.0,381.9002201449795,381.4610507179066,14.752227912901397
6820.0,381.45645860879523,381.45690780056776,14.898820628582873
6821.0,381.30428055600686,381.4527237151079,15.778533915545054
6822.0,381.0061093975255,381.44829257683324,13.325407395083998
6823.0,382.2254841157888,381.4445503582565,14.072793474569503
6824.0,381.3788191629285,381.4405982487557,14.68430059983983
6825.0,380.84329080112985,381.43647440767063,14.015342728502183
6826.0,382.16808693477435,381.4325384322544,16.259226483665607
6827.0,382.2394688983797,381.42797229948354,16.94628671272182
6828.0,382.01292942166856,381.4232132172984,15.769725200303215
6829.0,381.7169282044377,381.4187845528046,13.166854690826483
6830.0,380.858160931,381.41508686111223,13.830477786192066
6831.0,381.9399632975419,381.411202801934,15.475816711063786
6832.0,380.958617956607,381.40685667674103,14.824643180901502
6833.0,380.70181584474415,381.40269342278106,15.54022436308729
6834.0,381.4780625921397,381.3983292097723,16.26283680978145
6835.0,381.35889820284945,381.3937620631017,13.919379355978135
6836.0,381.20050491860934,381.3898530373991,16.450816012144752
6837.0,381.83873444708246,381.3852330999024,15.031159551104357
6838.0,381.63793607794565,381.3810118492619,14.959987013274771
6839.0,381.25705749097574,381.37681058624224,13.9688253567523
6840.0,380.75520558929566,381.37288767445455,15.618845347814895
6841.0,381.0254807974015,381.36850138205267,15.472786147346165
6842.0,380.9485953905265,381.364156107943,14.48923190512345
6843.0,381.44534045975837,381.36008704864963,15.004899697132174
6844.0,381.3535638535693,381.35587317265134,16.606060704362612
6845.0,381.1778046361857,381.35120963727024,13.793152822595871
6846.0,381.1935119935847,381.3473360601858,14.312230125254517
6847.0,381.53335313123426,381.3433167088923,15.638071306641912
6848.0,381.45742841285136,381.3389250172004,15.31131370534817
6849.0,381.6802915337768,381.3346250899348,14.965524231637724
6850.0,380.65972483978857,381.33042227187974,15.38417521479728
6851.0,381.24960351185393,381.3261018826736,15.557631662645656
6852.0,381.02110548718935,381.321732781115,17.260424829512644
6853.0,381.24713846258356,381.31688547847534,12.96406548256216
6854.0,381.45317012312415,381.3132447367523,13.678283787752362
6855.0,381.49931024609856,381.30940341872196,14.646107529042549
6856.0,381.5108833033641,381.30529030352415,15.895105314361068
6857.0,381.6072288912636,381.30082642811504,15.192321800432703
6858.0,380.662186089916,381.2965599177428,13.292336863847549
6859.0,381.6799526029554,381.2928269864736,16.057463686780444
6860.0,381.4297824981355,381.28831751542145,13.201444343392014
6861.0,381.9541782444148,381.2846101098017,14.070698504560376
6862.0,381.78976623162504,381.2806585886384,14.37615534396731
6863.0,381.1504549811189,381.2766212850126,16.34965581459947
6864.0,381.46215943094063,381.2720297566714,14.417198778505734
6865.0,381.2735015181948,381.2679809266811,15.704910213760936
6866.0,380.98023443196087,381.2635704643961,16.04448198897951
6867.0,381.41083344843224,381.2590646390375,15.489453742571868
6868.0,381.42352459852174,381.25471468411143,14.628668055630097
6869.0,381.5137686621674,381.25060646649916,13.834541631385514
6870.0,380.4955616677418,381.2467212660577,15.333053872735698
6871.0,381.4293112320493,381.24241523342846,14.918460193411287
6872.0,381.36672754046117,381.2382256325241,14.639218593814721
6873.0,380.78244976866745,381.23411445196905,14.284059727491119
6874.0,381.7254724387175,381.23010301186224,14.457763231089132
6875.0,381.6798015172866,381.22604279002155,14.140504811323352
6876.0,380.9289285228788,381.22207166492035,14.008292787722647
6877.0,381.63323162834337,381.2181376693625,15.601160263580688
6878.0,380.6773200882087,381.21375634352177,16.106521430192252
6879.0,381.3967715934671,381.20923309542013,14.367843851645471
6880.0,381.3372329695432,381.2051981259384,15.650647526901528
6881.0,381.1663926474319,381.2008029024246,14.000394713087518
6882.0,381.4646240953401,381.19687112490936,15.469626202875421
6883.0,381.33066979472267,381.19252673821734,15.761971079609516
6884.0,380.75794687552184,381.18810025133916,15.477574581283022
6885.0,380.6487176715207,381.1837536324776,14.174983091026823
6886.0,380.91116204851556,381.1797728247262,14.923662452631518
6887.0,381.0078194159728,381.17558176285405,15.240603452406113
6888.0,381.3483529788703,381.1713016933845,14.083489569349767
6889.0,380.5075127320758,381.16734658006385,15.390472929063517
6890.0,381.44425830322973,381.1630244222495,16.138235181871515
6891.0,381.0171981990041,381.1584922678693,14.26553593898838
6892.0,381.4298500549293,381.15448602985975,13.665041122475628
6893.0,381.09590545793407,381.1506484308112,14.55577811216252
6894.0,381.99242958832303,381.14656068312473,13.84808875889369
6895.0,380.92504353792583,381.14267167819827,15.224438470274215
6896.0,381.2651244081429,381.1383961483946,16.205880199151025
6897.0,381.653961818287,381.1338449970386,16.145280439698215
6898.0,380.890906069043,381.12931086411515,16.17894758060815
6899.0,380.9569588485923,381.12476727633623,13.86904999232187
6900.0,380.9379462804059,381.12087238479677,16.309274950647954
6901.0,381.23336787223474,381.11629219674813,15.4055303639372
6902.0,381.1960322155123,381.11196581030424,13.538946168095336
6903.0,381.15246162226003,381.10816362292206,16.22767018163628
6904.0,381.2215933292641,381.1036063522127,15.380219786265727
6905.0,381.2077160916836,381.0992870738227,14.095881662941744
6906.0,381.3021594653393,381.095328480389,14.043721668492491
6907.0,381.0928770966243,381.0913845352205,13.480596817064518
6908.0,380.9808658815577,381.087598734281,15.63769099189265
6909.0,381.3952511166996,381.0832071493941,14.30874204284426
6910.0,381.1286120968024,381.0791887776705,15.117388326417814
6911.0,380.4569789601332,381.0749433111155,13.596014999028556
6912.0,380.4907990717256,381.07112509690324,15.093809063211408
6913.0,380.3274701466306,381.0668862521913,16.608028838868258
6914.0,381.4887016867563,381.06222216409236,14.27194229185638
6915.0,380.6375291971263,381.0582141269654,14.59303178387393
6916.0,381.2710647308971,381.05411591720605,14.337271764119576
6917.0,381.589199896159,381.0500895333857,14.082211373447244
6918.0,381.05326356803755,381.04613477902495,14.823047855209996
6919.0,381.0117194308445,381.04197197308565,14.123057909404878
6920.0,380.5921812914948,381.0380057476561,17.044946547243228
6921.0,380.6786150452141,381.0332189585007,15.249935160010853
6922.0,381.3596732310798,381.02893626837664,15.701053599573473
6923.0,380.95959632428975,381.02452688915736,16.138014640817552
6924.0,380.59846114249234,381.0199947967124,14.883910503491055
6925.0,380.8970089751913,381.0158148985127,16.38667332818879
6926.0,381.17509952927486,381.01121297441966,12.443884970918935
6927.0,381.19541351455507,381.00771831672375,15.256379976960211
6928.0,381.6294706199585,381.0034338166802,14.246387628945998
6929.0,381.0457153844272,380.9994329561544,15.863382596747678
6930.0,381.20130959031854,380.9949779895418,16.331244834686842
6931.0,380.83167015804486,380.99039163161734,14.647172890251191
6932.0,381.1136797800396,380.9862782172307,15.942946793780495
6933.0,380.51202003607153,380.98180090633946,14.966997226052186
6934.0,380.91975983966876,380.9775976746185,14.68398255709541
6935.0,380.3735010677403,380.9734739228503,15.56529567283456
6936.0,381.06357197185764,380.9691026689822,12.878826169600991
6937.0,381.33586177436,380.9654858652996,14.7719002343697
6938.0,381.0818127893902,380.96133742331716,14.476350300164297
6939.0,380.7796985131511,380.9572719816079,14.747081506005404
6940.0,380.82636399087295,380.95313050955156,15.339890557168875
6941.0,380.9510082190447,380.9488225569534,14.888334770507784
6942.0,380.6725212988321,380.9446414162721,14.679593762762263
6943.0,380.86374313433197,380.9405188970237,14.264040004812216
6944.0,381.5000963790634,380.9365130791223,14.942547788726635
6945.0,381.39374348808485,380.9323167136183,15.271193531032035
6946.0,381.0298545328514,380.928028053435,16.182365578159857
6947.0,380.0093761304545,380.9234835057685,14.437283952177365
6948.0,380.86418996439403,380.9194290351919,14.41210326766768
6949.0,380.943012462221,380.9153816361909,14.97618804356709
6950.0,381.63875619629385,380.91117582338205,14.009268886865128
6951.0,381.00061806363675,380.90724155370293,14.723788352663545
6952.0,380.7542386406433,380.90310662314056,15.061419506644635
6953.0,380.75176124637727,380.8988768744958,14.553575952442158
6954.0,380.85012769624785,380.89478974524917,14.723618291170373
6955.0,379.94422951962406,380.89065486244573,14.423010952781588
6956.0,381.5477848049,380.8866044002031,14.981246263231803
6957.0,380.64989345135314,380.8823971668775,13.389642933292873
6958.0,380.96005069503894,380.87863690882045,14.840454679333458
6959.0,380.3945013099367,380.8744692144647,16.322024361755563
6960.0,381.71630036599674,380.8698854459564,15.121726799149611
6961.0,381.18886162570146,380.86563876101366,16.114429992868704
6962.0,380.8882259026335,380.86111329192397,14.877316459238857
6963.0,380.4113917461939,380.8569352455517,14.084271432326494
6964.0,380.16842189180886,380.8529799126578,15.533488215767804
6965.0,380.47315347709616,380.84861759138386,14.254815894064516
6966.0,380.9714779954395,380.8446143639203,15.567924565557375
6967.0,381.07966696030655,380.8402423717714,14.859027835816732
6968.0,380.53835216363643,380.8360694614542,13.145482728731812
6969.0,380.6778178847659,380.8323777717213,16.039054816856417
6970.0,380.9362526578528,380.8278734704935,15.766115985671993
6971.0,380.9001937735334,380.82344581958756,17.51469456566787
6972.0,381.38983932667344,380.81852710953035,14.78953482680997
6973.0,380.7855569489055,380.8143737151665,13.436911680168272
6974.0,380.8490477721963,380.81060018246967,15.138143777578469
6975.0,380.3852639133692,380.8063488870921,13.96797856438607
6976.0,380.45943857797704,380.80242621311197,15.839111784227597
6977.0,380.6637664810681,380.79797806255254,13.157414582331997
6978.0,381.15294920351505,380.79428302195737,15.944812052637355
6979.0,380.31392165293533,380.7898051872392,14.166295123218754
6980.0,380.8536479998854,380.78582681935876,16.33449367119284
6981.0,380.43284779456616,380.78123954905277,15.340278872928115
6982.0,380.92667249228924,380.7769314874026,14.134504743929288
6983.0,380.002467192946,380.7729620473204,16.099082462650866
6984.0,380.71404232813546,380.7684408883288,14.656429900960099
6985.0,381.1601720083289,380.76432487426496,15.60656371950788
6986.0,380.34624886864583,380.7599420309537,15.851177304228377
6987.0,380.71980303132784,380.7554904919941,14.994621339135088
6988.0,380.22266073656834,380.7512795025014,13.518870139492247
6989.0,379.7853224581598,380.7474829531372,14.645839874807193
6990.0,381.3140918189924,380.7433699131057,14.480032235175727
6991.0,380.16591095078275,380.7393034373863,14.465359532631968
6992.0,380.84676322220037,380.7352410822509,13.993800908148023
6993.0,380.8534757239655,380.73131115649585,16.577075879114936
6994.0,380.54898502096876,380.7266557610198,14.632772394728523
6995.0,380.1949470370799,380.72254639077227,14.356910855622552
6996.0,380.7486055600357,380.7185144916403,15.088987510372192
6997.0,380.49033905996,380.7142770009811,14.540357279094211
6998.0,381.112608105343,380.7101935839786,12.801732227953494
6999.0,380.84050681250653,380.7065984308446,14.746248920382879
7000.0,380.3048519292308,380.7024571926061,14.144007208051411
7001.0,380.3781290726199,380.6984850839152,14.557921795880926
7002.0,380.9812708033671,380.6943967342108,14.651660334254865
7003.0,381.1966906173614,380.6902820596003,15.966257629478594
7004.0,380.5362710135522,380.6857982022494,15.986513199231261
7005.0,380.6517753155597,380.68130865645924,15.056132512660922
7006.0,380.7929861510614,380.67708039257855,15.634841250175807
7007.0,380.6884399759021,380.6726896079942,17.189679445897305
7008.0,380.65085796189874,380.66786217301643,15.863326003863804
7009.0,380.82835397137006,380.663407222297,15.17024829266384
7010.0,381.3264772543882,380.6591469109015,13.895662507992364
7011.0,380.3379264402438,380.65524454568055,16.623332969990265
7012.0,380.9698462627378,380.65057615967146,16.97849450393696
7013.0,380.5622238957653,380.6458080324649,16.175874149426523
7014.0,380.2819600803775,380.64126530780794,14.589087196722069
7015.0,380.49639235866897,380.63716820582016,14.330470924532653
7016.0,380.2328267347085,380.63314373190224,16.01196801033726
7017.0,379.98442717512665,380.6286470375526,15.769697229927012
7018.0,380.3082312697182,380.62421838091393,15.703676706275726
7019.0,380.0320458671104,380.6198082650389,13.89512373924537
7020.0,381.2593212586109,380.6159060511221,14.877925542737957
7021.0,380.87417586384765,380.6117278336989,15.009626834968175
7022.0,380.4511633624793,380.6075126301628,13.970428078284003
7023.0,379.5711084016871,380.6035892682774,14.34833482542858
7024.0,380.24267862746507,380.5995597775806,14.212244496399375
7025.0,380.89011998230126,380.5955685055846,13.946845085245613
7026.0,380.73058020506915,380.59165176658973,15.43245810430479
7027.0,380.9262007128327,380.5873178179388,13.580859443303986
7028.0,380.7079695717193,380.5835038599118,14.642861882562352
7029.0,380.3712614280977,380.5793916561998,17.684135429239397
7030.0,380.4431796298748,380.57442536150006,15.045129663475707
7031.0,380.0659686182261,380.57020018758624,16.80213707309374
7032.0,380.0450202801367,380.5654815874249,14.497053322269656
7033.0,381.20074578130965,380.5614103316169,15.189755409417653
7034.0,380.4717161179095,380.5571445419728,13.599313431014929
7035.0,380.6601732343639,380.5533254014509,14.787446325013343
7036.0,380.05738770447755,380.5491725936079,14.984384998324767
7037.0,381.00150195027317,380.54496447882093,15.144524840044772
7038.0,380.5111673908932,380.5407113914283,14.386895158562986
7039.0,380.5231517686809,380.53667107170463,15.473095810358979
7040.0,380.9013228887386,380.5323257106312,13.421387229413455
7041.0,380.6511188376915,380.52855653771763,13.594992005605036
7042.0,381.0912876160654,380.524738610796,14.14624058249725
7043.0,380.29749368644354,380.5207658748991,14.486719456548174
7044.0,379.96032807379447,380.516697521185,16.082213641731403
7045.0,381.2350390488937,380.5121810995206,15.090175723039934
7046.0,380.4471675503579,380.5079432751718,15.026753117537302
7047.0,380.6509506931707,380.5037232620046,14.957281914306241
7048.0,380.64581655108634,380.499522758667,14.809479515930734
7049.0,380.82610971851886,380.4953637631696,13.336774447865892
7050.0,380.72787356755686,380.4916183523455,14.455782715002135
7051.0,380.96311950210765,380.4875586866997,16.239592724541048
7052.0,380.8514789925574,380.4829980677429,14.459995803003192
7053.0,380.4129626181599,380.4789372189215,14.095415484841093
7054.0,380.4969459866512,380.47497875640624,15.639120166779788
7055.0,380.8637922284307,380.4705867701594,14.467190184782352
7056.0,380.7163695403895,380.46652390091583,14.351681482341437
7057.0,380.73562508887954,380.46249347036616,16.12921097009122
7058.0,380.8693596825532,380.45796385028547,14.29436205391461
7059.0,379.7382677339433,380.453949516942,14.309801750734636
7060.0,379.91816405180157,380.449930847617,13.942073152920026
7061.0,380.88585861685834,380.44601544873984,16.507375077029657
7062.0,380.22726120271966,380.44137962757236,16.145735300808127
7063.0,381.31944237527983,380.43684536690876,14.897729509850706
7064.0,379.89551103663865,380.4326615878714,18.121947958879094
7065.0,380.25929908830125,380.4275723408196,14.60037762412046
7066.0,379.7783622495684,380.42347206810354,13.164471566825469
7067.0,380.1203442887195,380.4197750456718,14.050513156371753
7068.0,380.38441959338536,380.4158291932271,13.913576839899491
7069.0,380.4571414996565,380.41192179706456,15.006948720298276
7070.0,381.20690710900857,380.4077073456323,15.468774861002967
7071.0,380.2863819916113,380.4033631980255,13.980286013653796
7072.0,380.4751917789819,380.3994370677033,14.17649574347071
7073.0,380.7652631179833,380.39545583514865,15.300522174203648
7074.0,380.5449107426246,380.39115893850476,15.08887169459209
7075.0,381.0371678951912,380.3869214803705,15.128759628801145
7076.0,380.2102478105759,380.38267282037475,15.182719876014698
7077.0,379.9874671894092,380.3784090065428,15.989128916381532
7078.0,380.3323734484758,380.37391872617223,16.140596832030838
7079.0,380.4152921772073,380.36938590856187,14.023296350447456
7080.0,380.1866989114095,380.3654476995035,15.670199178515185
7081.0,381.04576033224237,380.36104698523417,14.866874152947554
7082.0,380.94992652729786,380.3568718714095,15.007718345829941
7083.0,380.63679477843334,380.35265720384075,15.955251621546058
7084.0,380.0607914731148,380.3481764373437,13.863120954551041
7085.0,380.3599005798266,380.34428321087563,15.261656748197703
7086.0,380.67807207914416,380.33999722893884,14.767363470438802
7087.0,380.24337618729766,380.3358500610309,16.78400862027347
7088.0,380.57847604421806,380.3311365519434,14.371305190883088
7089.0,379.5612437280418,380.3271006104023,14.313459579373154
7090.0,379.93532862959694,380.3230809138371,16.217794938585094
7091.0,380.46996932583744,380.31852641642513,16.442632161018214
7092.0,380.58951182383396,380.3139087772266,15.378281087156026
7093.0,380.76359355270813,380.3095900432879,15.803281814111632
7094.0,379.50339446405724,380.3051519549785,16.30850356086159
7095.0,380.4049321366248,380.3005719835618,14.08111071470372
7096.0,380.32787339042596,380.29661753830277,16.542628529061016
7097.0,380.399555912986,380.2919718167908,14.973209404697272
7098.0,379.7457565853248,380.287766840483,15.462223458763543
7099.0,380.29293547891467,380.2834245327283,14.169945018651221
7100.0,378.82102450365943,380.27944513983556,16.95409792401216
7101.0,380.54957797473753,380.27468386400193,16.11397147934433
7102.0,379.4564971063394,380.27015852367816,15.343747888454981
7103.0,380.3717987503167,380.26584948781283,15.918772262124401
7104.0,380.49438151091084,380.2613789659359,15.900768291569554
7105.0,380.4617010529876,380.256913500174,15.992820242301713
7106.0,380.4076286043689,380.25242218315594,14.407145361469597
7107.0,380.4944841876831,380.2483761765003,14.475458113209358
7108.0,380.24227217893497,380.24431098534683,15.55161033804004
7109.0,379.6397681114974,380.2399435747769,13.313236940322469
7110.0,379.9428250434407,380.2362047740695,15.704562628239906
7111.0,380.0965110807932,380.2317944093981,13.029483544050935
7112.0,380.5625095271414,380.2281352961028,13.546910411928433
7113.0,380.3628673263064,380.22433087209544,15.553247415791471
7114.0,379.6794514776331,380.2199630017795,14.248829667613371
7115.0,380.2920718352274,380.21596145544777,15.502794181138091
7116.0,380.4025972623269,380.2116077540819,14.952555902515666
7117.0,380.41684509573713,380.207408577966,15.088840774827858
7118.0,379.3595531050215,380.20317112851507,16.942354082361454
7119.0,380.4667188110276,380.1984131507436,15.3403477916824
7120.0,379.9266436378791,380.1941050697388,14.670343045539662
7121.0,380.13224820322677,380.1899851484001,14.718955064989927
7122.0,380.2137134013558,380.18585157518606,12.179808886353253
7123.0,379.81157277395795,380.1824310788572,15.37521626041802
7124.0,379.9567436449814,380.178113205624,14.473014577149481
7125.0,380.17631348514084,380.17404870069697,14.683295893397894
7126.0,380.2267816230129,380.16992514176684,14.967694270125895
7127.0,380.8942787245104,380.16572171429266,13.744637498199433
7128.0,380.05938357642805,380.16186176192866,16.897984355467447
7129.0,380.08955255424024,380.15711624465547,15.385725165822588
7130.0,380.34364677358474,380.15279542017146,16.47881619929124
7131.0,379.82486351789845,380.1481676192888,16.001798316264324
7132.0,380.31810317975226,380.1436737809283,14.846256550137888
7133.0,380.56446156452574,380.13950445721383,16.052248331954473
7134.0,380.0291510777727,380.1349964508072,16.1100713366828
7135.0,379.71694974526775,380.1304722057736,13.768876529727358
7136.0,380.2731187270722,380.1266054462814,15.967942760750171
7137.0,379.9586805316809,380.1221211156894,14.973464057600347
7138.0,379.45431345901346,380.1179160678666,16.219836416651603
7139.0,380.920186226946,380.11336099713964,14.428090251006198
7140.0,379.9471964949849,380.10930910846076,13.529838099788181
7141.0,380.73635845847235,380.1055094789278,13.113205969520536
7142.0,380.45385132326606,380.10182685358467,15.90980406643744
7143.0,380.3084896080787,380.097358850276,15.345944562654157
7144.0,380.34692683905746,380.09304919751133,15.625563502033721
7145.0,379.9687621221265,380.0886610184278,16.009736027195803
7146.0,380.64345362344125,380.0841649508935,15.270073203113165
7147.0,380.0296479192748,380.07987660533564,14.38564478043702
7148.0,380.5379050088528,380.07583663675973,16.55836300731438
7149.0,380.36673765164846,380.07118649648186,16.347891464333063
7150.0,380.06343313862897,380.06659546362897,15.385175471093499
7151.0,380.29517935761254,380.0622747935175,13.80160475722995
7152.0,376.95012083334564,380.05839884284825,14.670454686774065
7153.0,379.58232245749974,380.054278890157,14.355581393252697
7154.0,380.245532084315,380.0502473643824,15.661468781973836
7155.0,380.15444551934115,380.0458491018994,14.962481893638191
7156.0,379.915237243044,380.04164713823434,15.712688961453436
7157.0,379.88092960894625,380.0372344914176,14.23029785658763
7158.0,379.65852490336545,380.0332381494363,15.201405304037817
7159.0,379.67355089101716,380.0289690881134,13.64868794639883
7160.0,379.3408977620373,380.02513608158176,14.497247531162152
7161.0,379.9574358428345,380.0210647712334,16.321091757736973
7162.0,380.9363461925054,380.0164812646314,15.81792361491101
7163.0,379.46405339499296,380.0120390644163,15.24973951546101
7164.0,379.32349254009165,380.00775642923566,15.017072641300182
7165.0,379.68640297474025,380.0035391346689,14.901529447337461
7166.0,380.21616855374475,379.99935428848244,14.583409929209935
7167.0,379.79896985717266,379.99525878086064,15.600053698246708
7168.0,379.9923309737508,379.9908777657804,12.971715609631143
7169.0,379.9517440783162,379.9872348756467,16.18216218638265
7170.0,379.5457604470866,379.9826903850993,14.512248710315996
7171.0,380.0770170298176,379.9786148619199,15.681099199393529
7172.0,380.36662203597245,379.9742110865614,14.702735903090895
7173.0,379.650095216029,379.9700820682286,14.81462294253728
7174.0,379.9154673682987,379.96592162828557,15.164262312909049
7175.0,380.3541572100195,379.9616629979527,15.680469114814208
7176.0,379.77750751196294,379.957259399543,15.849288418153085
7177.0,379.5901700441154,379.9528083910455,15.21504844514847
7178.0,381.423463268963,379.9485354982738,14.457042949909978
7179.0,380.13068861047026,379.94447547871204,15.70773826550094
7180.0,379.692403423817,379.9400642222159,14.567261246503136
7181.0,379.64403325840266,379.93597324968243,13.811524906460882
7182.0,380.5805338760544,379.9320945131046,13.946233451025883
7183.0,380.6005554462357,379.92817794587705,16.21750626080901
7184.0,379.83177004323517,379.92362352953546,16.14698348919389
7185.0,380.5335685955518,379.91908891833896,15.339105537440334
7186.0,379.5666624247035,379.9147811862005,13.745151928233684
7187.0,379.8281766157291,379.9109210893674,13.821881459724908
7188.0,383.31410454173215,379.9070394443241,15.003174499316103
7189.0,379.62838280771166,379.90282605281885,15.481742034842569
7190.0,379.64550790412295,379.8984782635974,14.456220534092338
7191.0,379.774042970575,379.89441847499745,13.581151595722455
7192.0,379.75309442540237,379.89060443492434,15.354223578479878
7193.0,378.70851670034943,379.886292457136,13.768254862196727
7194.0,379.2433145711381,379.8824258722289,15.453939424033852
7195.0,380.0352436641139,379.8780858909073,15.744463880747906
7196.0,380.25417168952555,379.8736643206341,15.935019321701262
7197.0,379.3405977490897,379.8691892360412,14.909674836064175
7198.0,380.0148157277803,379.8650021023581,13.867320011512389
7199.0,379.67745434773826,379.8611076966549,13.743995187911544
7200.0,379.529060223404,379.85724792467295,14.31563735442609
7201.0,379.5561672268198,379.85322761651594,13.963919312080574
7202.0,379.95948695878974,379.8493060825091,15.461742188619384
7203.0,380.16114700509354,379.84496390991114,15.35111573116248
7204.0,379.7945683347081,379.84065280490995,15.539717219605464
7205.0,379.82894352466866,379.83628873432417,13.87136990919894
7206.0,379.91199466763,379.8323931912746,15.463468019812007
7207.0,379.55896799322085,379.8280505340057,14.948980749964917
7208.0,378.97512197178673,379.82385236191175,14.500762075236782
7209.0,379.4570156673413,379.8197800645623,14.800688530935286
7210.0,379.83701640242055,379.81562353786654,13.848368172448748
7211.0,380.13680254376266,379.81173445447143,14.50303732703084
7212.0,379.7222433316351,379.8076615181554,15.407849713067785
7213.0,379.47824607344336,379.803334480361,14.591105777727533
7214.0,379.9792332326432,379.79923681148847,15.668022340408859
7215.0,379.57890943437025,379.79483670854785,13.760288702029186
7216.0,379.76327049849283,379.79097236080406,14.680981906536838
7217.0,379.68881472426233,379.7868494517186,15.319866747100832
7218.0,379.02525636160397,379.7825471224738,14.090457790111488
7219.0,379.72070694915567,379.7785900522444,14.825838451509805
7220.0,380.031552135912,379.7744264626126,13.346168093449295
7221.0,380.51658107728423,379.77067841373963,14.523566004368028
7222.0,379.0034405068365,379.7665997122868,14.538304325461421
7223.0,379.79130231455514,379.7625168718221,16.140335007197514
7224.0,378.88102190358904,379.75798412774094,16.09967482416526
7225.0,380.050763645924,379.75346280239444,15.329079287914878
7226.0,380.22877119669505,379.74915788596104,15.389878359291778
7227.0,379.70657165817465,379.7448358951218,14.216576922317614
7228.0,378.9652664935988,379.74084340643617,16.667362746332515
7229.0,379.6260127892346,379.73616265539823,14.904975886291075
7230.0,379.5871993494328,379.73197684133686,14.510959668930193
7231.0,379.6946382534698,379.72790168016314,14.898487148807394
7232.0,379.83158817938346,379.72371768835546,12.768228533349093
7233.0,379.169389974319,379.72013194417576,15.761710158003465
7234.0,379.4660293852125,379.715705530573,14.798620578371246
7235.0,379.9807876137552,379.7115495846272,15.283538951630398
7236.0,379.65651505588437,379.7072574574383,14.163531962054945
7237.0,379.5726252907376,379.70327986554565,16.352415009820714
7238.0,379.19048166801383,379.6986875623304,14.360429663110322
7239.0,380.11970787016537,379.694654675,15.235803962027159
7240.0,380.21110984067593,379.6903759533873,15.339485015769625
7241.0,379.17375009028575,379.68606811467873,17.04481324646416
7242.0,378.7930796541887,379.6812813629587,14.81079151171809
7243.0,379.4246635891753,379.67712199900916,14.356857562690795
7244.0,379.8112123591759,379.6730901148436,14.834974256115743
7245.0,379.45423243944776,379.66892395957336,14.525447086052974
7246.0,379.8221879671319,379.6648447298501,15.18446238838761
7247.0,379.492179258124,379.66058042666265,15.121269345119636
7248.0,380.4530468952935,379.6563338701882,16.572946169041508
7249.0,380.257835905204,379.6516796344724,15.86213962768822
7250.0,379.81635190526373,379.64722501692694,13.929218101642746
7251.0,379.68848656173685,379.64331322817674,14.674981744725795
7252.0,379.76636103676947,379.6391920041368,15.273860121364308
7253.0,379.9090936594071,379.63490259508603,15.520843236852722
7254.0,379.58014528542185,379.6305438249437,14.521128785877295
7255.0,379.354339369854,379.62646580794296,17.29941426849585
7256.0,379.07437100948675,379.62160755576923,16.395786120120444
7257.0,378.864436444902,379.6170030725005,14.872041691474568
7258.0,379.30862047896363,379.6128265074588,14.791090630100365
7259.0,379.20276767092565,379.60867267617357,14.087558865782558
7260.0,379.6804660124577,379.6047164200587,14.21929128656482
7261.0,379.0688846022459,379.60072316908906,16.922314201582036
7262.0,379.4304204892498,379.5959708191841,15.811677762012263
7263.0,380.1540123909322,379.5915303730126,15.937050745294334
7264.0,379.496448990769,379.58705471792837,16.913853535177495
7265.0,379.530516022806,379.58230474406054,15.530684619968232
7266.0,380.0378335724391,379.5779432101298,15.653547654019349
7267.0,379.74290704265354,379.57354717216356,14.426071594115292
7268.0,379.770457987083,379.5694958503909,15.250492426550606
7269.0,379.8941380782974,379.5652130037678,13.766492601646908
7270.0,379.24324992420884,379.5613469137622,14.427345684006628
7271.0,381.43535405770064,379.5572952341825,14.77746437731329
7272.0,379.8820023269193,379.5531452296033,15.06424916113842
7273.0,379.0938352298598,379.54891468629717,14.694390585140352
7274.0,379.1711480249506,379.54478801160786,16.776771709368532
7275.0,379.78424846019766,379.54007653488617,14.804876693547477
7276.0,379.14247992310516,379.5359188320147,15.889256994821066
7277.0,379.83721321976907,379.5314565990086,15.000041183650561
7278.0,379.22537764535554,379.5272440874429,14.981486818172787
7279.0,379.53105423468594,379.5230367865614,16.740962013436594
7280.0,379.3051618317067,379.518335366396,14.552434435418146
7281.0,379.30744362825794,379.51424855772547,15.175010555518103
7282.0,380.0879605712714,379.5099869089277,14.327113338644406
7283.0,380.016391821077,379.50596337793183,14.6789706146602
7284.0,380.13859633851,379.50184103368423,13.919397809574752
7285.0,379.0493231530613,379.49793200279936,14.912213976017132
7286.0,379.68304526906,379.4937441560411,14.904195052648488
7287.0,376.76165938402994,379.48955856126383,17.55328583451471
7288.0,379.1668218489944,379.48462901349194,15.208607237769476
7289.0,379.36716340270215,379.48035792962605,14.773873130855286
7290.0,379.34241089742716,379.4762089335884,15.297359242798551
7291.0,379.4956040622516,379.4719129252011,14.430972363966712
7292.0,378.3696535601032,379.4678602271289,15.004800256683541
7293.0,379.0262052051625,379.4636463790568,14.708905058782932
7294.0,379.7504904287828,379.45951562821944,14.121568271308778
7295.0,379.7564199017475,379.4555498211299,15.460875567140688
7296.0,379.05751615041214,379.45120789190815,14.391172693795431
7297.0,380.3250942452594,379.44716637091,16.352332076022567
7298.0,379.8700997793677,379.44257409098526,14.659053500539443
7299.0,379.3062089284688,379.43845734012723,13.841102251784248
7300.0,379.2030264639507,379.4345702972448,15.388546116862784
7301.0,378.8231156884446,379.4302486805436,14.092746583111959
7302.0,379.27834134242966,379.4262909675449,15.959621154317842
7303.0,380.7226795800755,379.4218089739374,15.29516820643823
7304.0,379.8317697235649,379.41751358086606,15.734116452634034
7305.0,379.65218597597595,379.41309491649565,14.447825599850576
7306.0,379.7501183960605,379.409037485473,15.035702305854414
7307.0,379.8115053447996,379.40481495907545,14.334496309955687
7308.0,379.2273348965888,379.40078935469506,15.05845272744621
7309.0,379.4062199905405,379.3965604392208,14.904431120531035
7310.0,379.19350732875415,379.3923747781478,15.342362455577222
7311.0,379.60547053739117,379.3880661313582,13.490379154325696
7312.0,379.43731069682934,379.3842775832123,14.914951237910572
7313.0,379.3257975758886,379.3800889677397,14.94032808419949
7314.0,379.35764367511496,379.3758932256027,13.320394100263648
7315.0,379.2688270651871,379.3721524149262,13.731362221859383
7316.0,379.16548497041316,379.36829619070227,16.771155139314533
7317.0,379.51879467901364,379.3635862913006,15.315426355866006
7318.0,379.43517543386696,379.3592852090657,16.088278419168827
7319.0,379.4491434799233,379.3547670842096,15.18868790046394
7320.0,379.36616821631486,379.3505015943575,14.876767599820912
7321.0,379.4094821601418,379.3463237021233,14.800096755902244
7322.0,379.8698664474826,379.34216734161765,15.249161953021607
7323.0,379.56366282653573,379.33788486863585,15.260669990044184
7324.0,378.9327315384667,379.3335991638137,14.005392516133483
7325.0,378.8464826769874,379.3296659827487,15.75048236364594
7326.0,379.0668822447938,379.3252427222849,16.220107895111138
7327.0,379.31072705578913,379.32068757531766,15.496378747652523
7328.0,378.88956740512396,379.3163356756194,15.261136422699096
7329.0,379.18247022325505,379.31204983980734,14.65608349259149
7330.0,379.6805580383368,379.3079339230265,14.957731150834228
7331.0,379.2467438589699,379.30373329352835,15.052381492557378
7332.0,379.0183368700277,379.29950608305916,15.985718987070115
7333.0,379.5691442297549,379.2950167603103,13.481500705241267
7334.0,379.08468098419416,379.29123070552896,14.456109452681172
7335.0,379.55258362158634,379.2871709481243,14.950249610974035
7336.0,379.9793173702705,379.2829724196919,15.951671600613611
7337.0,379.46644549720924,379.27849265858396,14.800904086296244
7338.0,379.52434388662215,379.2743360713531,15.63806213940385
7339.0,379.61054670806305,379.2699443822356,16.00537169033085
7340.0,379.07063172504036,379.2654495403526,14.336426292127907
7341.0,379.54857663272645,379.26142339396887,14.275763327864366
7342.0,379.1697239472688,379.2574142837677,15.20279733247599
7343.0,380.66104457795154,379.2531448315168,16.933000544228456
7344.0,378.93832103980117,379.24838948053065,14.276713839122158
7345.0,379.1442246287173,379.2443801033941,13.321718768199387
7346.0,378.93095206810796,379.2406389207068,14.316760362901029
7347.0,379.49402570953004,379.2366182971715,14.928574176316562
7348.0,379.56862131489453,379.2324258559237,17.153931883141183
7349.0,378.9471731125749,379.22760846005315,14.079622795077528
7350.0,379.22408187127803,379.22365443265153,12.689290078165545
7351.0,379.60583725813416,379.2200908570212,15.582065237043775
7352.0,379.21585847142,379.21571489370046,15.379615165903463
7353.0,379.90117240787515,379.21139578510804,16.26732521474344
7354.0,379.3157057893158,379.20682737794357,17.13139936138283
7355.0,378.390551771527,379.20201630995626,15.552931869143443
7356.0,379.1511087663533,379.1976485282563,16.581133924044
7357.0,379.1156593008554,379.19299199314605,15.168593022371716
7358.0,379.27030156285053,379.18873214660556,15.353954299249745
7359.0,379.0029332461868,379.1844202444398,13.457339160048322
7360.0,378.90384070710206,379.1806409750257,15.164481706038037
7361.0,379.2446328960808,379.17638228308,15.457407022644608
7362.0,379.0292103621357,379.17204132794114,14.31333320123801
7363.0,379.74351312241305,379.1680216668671,13.731950057290884
7364.0,378.85774998625845,379.1641652775593,14.698753088385388
7365.0,379.57177437832274,379.16003737773366,14.120857626023152
7366.0,378.9006018211877,379.15607177021707,15.985663677476587
7367.0,378.98891365190707,379.1515824630009,14.98691483297827
7368.0,380.07671838549527,379.147373637752,14.482069685383207
7369.0,379.085071141133,379.14330658984863,13.014365241083123
7370.0,379.8673013739698,379.1396517222768,13.384321292542499
7371.0,379.3303103660547,379.13589295871384,13.727338401212387
7372.0,379.7627861664942,379.13203786451277,14.149322988090008
7373.0,379.08157077057103,379.1280642629737,14.34688038108716
7374.0,379.8093560696548,379.1240351807333,13.74822225581569
7375.0,379.75413049562206,379.1201742216498,15.107663895670898
7376.0,379.5546599564878,379.11593148603913,15.488384573100397
7377.0,378.9653739962854,379.11158183137155,15.384203293616274
7378.0,380.1826587030432,379.1072614342799,14.94802606152463
7379.0,379.1041879669362,379.1030635302942,15.326179918289776
7380.0,379.9070655024381,379.0987594281005,17.001639974144005
7381.0,378.4451642135815,379.0939848008744,13.250234255486182
7382.0,379.27982884147735,379.09026369342104,15.819318069297502
7383.0,378.9605048766203,379.0858211015966,16.575001283410323
7384.0,379.1341018859811,379.0811662887362,14.040633640160262
7385.0,379.7267338880106,379.07722321078893,14.541627114635334
7386.0,379.3527957607038,379.07313943717423,16.324029434419664
7387.0,379.35642606214776,379.0685551055747,15.816127479421015
7388.0,379.09072514740075,379.0641134097743,15.723363957472811
7389.0,378.30072965306977,379.0596977650629,14.91518328859985
7390.0,379.45020238034266,379.0555090844227,13.80017568293398
7391.0,379.5791039062414,379.05163353508505,15.731132342823214
7392.0,379.91840518313865,379.0472157087521,15.814766627732215
7393.0,378.62115388546266,379.0427743951241,12.850487191888558
7394.0,378.8297287062078,379.0391655499711,13.119087295246425
7395.0,378.6018060810681,379.0354812729557,14.080671365284843
7396.0,379.22754122655533,379.0315269510806,14.488742492804917
7397.0,378.7719134651347,379.0274580292305,14.813482921370799
7398.0,378.78403314874964,379.02329790944344,14.35185290776208
7399.0,379.10090567127156,379.0192674307519,15.785132165757151
7400.0,378.76376820687085,379.01483443946864,14.822220927079043
7401.0,379.9001498371572,379.0106718657583,17.219799475748005
7402.0,378.44313035604256,379.00583597207225,15.561525033930684
7403.0,378.6187658178136,379.0014657771252,15.144871350903605
7404.0,378.91133663081047,378.9972125924208,14.524898655373542
7405.0,379.3124021535282,378.9931335167151,15.604739266986291
7406.0,379.4228071889381,378.98875118577087,14.285875840065057
7407.0,379.35581339250086,378.98473923563915,14.86864749567113
7408.0,378.4841929552409,378.9805636238008,16.92422615511871
7409.0,378.403279023747,378.97581073695557,15.318633923358194
7410.0,378.78627895521174,378.97150875392873,14.656084131843219
7411.0,379.0698078730664,378.9673928369684,14.393268370548713
7412.0,378.7431464650996,378.9633507274343,14.672552937431456
7413.0,380.0554083402977,378.95923018548444,13.834420274705856
7414.0,379.50905306278776,378.95534501912397,14.864751892910691
7415.0,378.9168727015174,378.9511705013006,15.109892042897572
7416.0,378.81010714886196,378.946927139952,13.6139902781362
7417.0,378.62082477827084,378.94310387768223,15.525084682388178
7418.0,378.518284950599,378.93874391640054,15.299140652609049
7419.0,378.55495387339454,378.93444740773396,15.981556256805018
7420.0,379.4424139132426,378.9299592540185,16.086151875623212
7421.0,378.68426944424044,378.9254417263668,15.604943746579726
7422.0,378.7210969626227,378.9210593379979,14.237859381202005
7423.0,379.2322082784922,378.9170608724884,16.127810662996218
7424.0,378.34966776645166,378.91253164566047,16.151706176475482
7425.0,378.83705621275834,378.907995708176,13.888008777452537
7426.0,378.94607653703696,378.9040954923776,16.53050473441643
7427.0,378.6515538764249,378.8994531756314,15.266343374945109
7428.0,379.0078023574687,378.8951658775336,15.020527315147119
7429.0,378.7369669519308,378.89094761277926,14.715953064791634
7430.0,379.3914887432848,378.8868148826269,13.924995832152472
7431.0,378.41488279915455,378.8829042796307,14.547448421371291
7432.0,378.0286437374065,378.87881887119903,15.31593230272785
7433.0,378.7543216322071,378.8745176468773,14.056792984884389
7434.0,379.03238036316696,378.8705700308474,16.875634073427317
7435.0,377.8758414330406,378.8658307902784,14.943272607842284
7436.0,379.20905918061436,378.8616342212211,13.193544180050797
7437.0,378.3411663723487,378.8579290342305,14.457858003008786
7438.0,379.113965543277,378.85386878577464,16.04441638446611
7439.0,378.02207996457184,378.84936297883996,14.13074297054189
7440.0,378.7926863363273,378.8453945951891,14.970691266961932
7441.0,378.37704622282547,378.8411903260583,15.362345351249154
7442.0,379.1775910320491,378.8368760674055,15.504236895176692
7443.0,379.1356407919713,378.83252196087744,15.945928569997537
7444.0,379.0460535020122,378.82804381260405,15.33178232900995
7445.0,378.83764652510956,378.82373813706664,14.533803734878468
7446.0,378.78151454957333,378.8196565605177,14.59097833146816
7447.0,379.3731462510023,378.81555892743637,14.060709273516066
7448.0,378.54334826087836,378.81161021158204,16.006627205786337
7449.0,377.8381877171049,378.8071150171084,14.141789190892453
7450.0,378.6412889243139,378.80314353131064,15.344958788423193
7451.0,378.7587619861055,378.79883415538427,15.210916864602531
7452.0,378.6317001329084,378.7945624228981,13.730170997023386
7453.0,378.54976924024936,378.79070653320974,16.594276470845838
7454.0,379.60056608828756,378.78604630723424,15.174631547560537
7455.0,379.0744945003481,378.7817847648746,14.789045325318792
7456.0,378.8671596265676,378.7776315079791,14.269324373527319
7457.0,378.3016532606599,378.7736242060508,15.388222213496185
7458.0,378.643060990529,378.76930268031253,13.38211014035128
7459.0,378.6479903732921,378.7655445377148,15.072087560082412
7460.0,379.32673393467803,378.761311793125,16.22182532200873
7461.0,379.3308546475381,378.75675616384706,13.720428723407661
7462.0,379.13456684275315,378.7529030101139,14.73904272978682
7463.0,378.6646879687463,378.7487637956139,14.490512827446036
7464.0,378.46630232382887,378.7446943765949,16.048620917495807
7465.0,379.2594957404349,378.74018738888725,13.220638880605275
7466.0,378.3113231610961,378.73647459280164,14.729717909450075
7467.0,379.0541769630598,378.73233799702206,15.729623853237149
7468.0,379.05614469036277,378.7279205943233,15.049193394124934
7469.0,377.96210702124534,378.72369427917846,14.563725803154854
7470.0,378.7292171873053,378.71960429951537,14.364786574687436
7471.0,378.3111657148757,378.715570188619,15.37268081971231
7472.0,378.84612997122736,378.7112530274221,13.331954435310388
7473.0,378.5124216893419,378.7075089702182,14.732385803616737
7474.0,378.55235229924995,378.7033716252051,13.616121029940736
7475.0,378.4236397316392,378.69954776454915,14.801311785239047
7476.0,378.9199851017961,378.6953910628228,14.831204664182556
7477.0,378.32079150888325,378.69122596617956,15.764269428310772
7478.0,379.1722435996345,378.68679883384846,14.827628228427317
7479.0,379.0637453058647,378.68263474158766,13.674140296990666
7480.0,378.6352358001543,378.6787945871876,15.929899308134292
7481.0,378.9551585796846,378.67432094046524,17.359276050127892
7482.0,379.05452927682774,378.6694458771078,14.285072416218647
7483.0,378.14726228690085,378.66543415260423,15.765378171305924
7484.0,378.8168146634671,378.66100670890114,13.723301646198038
7485.0,377.8611873692538,378.65715274835554,13.811152575808453
7486.0,378.73228248275353,378.65327411634047,13.822319777745566
7487.0,378.5115006207246,378.64939234820287,13.553800946981456
7488.0,378.6806940326652,378.64558598910367,14.809422608440752
7489.0,378.2049921795217,378.6414270095878,15.7995047832699
7490.0,378.92066242702873,378.6369899819945,14.483676663703257
7491.0,378.82879420760355,378.6329224827981,13.71193395223646
7492.0,378.4254877317763,378.6290717146798,15.08393518747333
7493.0,378.7061459074155,378.62483564288135,15.169969526415356
7494.0,379.47637484006907,378.62057540977264,16.74360020170674
7495.0,378.08217635230983,378.61587324871596,15.096980219350593
7496.0,378.0490833863949,378.6116335134377,14.78839836989322
7497.0,378.3715724475743,378.6074804382289,15.994778800635281
7498.0,378.10013062670464,378.6029885711824,13.129615933651708
7499.0,379.52821742914807,378.59930133737436,15.354774530428585
7500.0,378.72334630225436,378.5949892048604,15.913265688449417
7501.0,378.8324403208218,378.59052022941285,16.94015058430161
7502.0,379.202071922211,378.58576287045713,13.916753357313445
7503.0,378.47288432811575,378.5818545822226,15.613656352437506
7504.0,378.800935640688,378.5774697470637,15.85568381744849
7505.0,379.14396782962945,378.57301694252493,14.1903363069728
7506.0,379.25229854311755,378.56903182307866,16.210214229884084
7507.0,378.3634583929188,378.5644794545824,15.308366109919625
7508.0,377.8685957753521,378.56018035509993,16.09661929152834
7509.0,378.87936929370915,378.5556598878489,16.161979281529707
7510.0,378.5381544574621,378.551121065334,15.207409753304987
7511.0,379.2500177756161,378.5468503177616,15.666345206063646
7512.0,378.2465288271417,378.5424506858162,16.609689087303806
7513.0,378.58343709967164,378.5377861314642,14.15815503120501
7514.0,378.93913871367806,378.53381004959294,14.218120890365118
7515.0,379.0899630711674,378.52981712730957,13.305627091131502
7516.0,377.7783155455525,378.5260804637015,13.277701847891215
7517.0,379.34556100044733,378.52235164243245,14.019713028616401
7518.0,377.97431287915185,378.5184144396903,17.614538998182606
7519.0,378.18057710604876,378.5134676899883,15.355440745671324
7520.0,378.6834412757176,378.5091553703789,16.65622677119804
7521.0,378.8436761715129,378.504477746694,16.290102959486703
7522.0,379.08206081772846,378.4999029427795,14.373809097918524
7523.0,378.4258363358527,378.4958662980579,15.359847991578416
7524.0,378.26206923809883,378.49155274074695,15.036963493253566
7525.0,378.4317717919367,378.4873298601659,13.16566045203873
7526.0,378.6861330470075,378.48363250385563,16.230270192632467
7527.0,379.0432951588972,378.4790745029765,14.672920162650026
7528.0,378.6917999455709,378.4749538578975,15.343157069833971
7529.0,378.9727436134998,378.4706449879538,15.573890901855366
7530.0,378.12464747946115,378.4662713202588,14.33742758605263
7531.0,378.7428254169872,378.4622448926784,14.696171784039109
7532.0,378.3609306201053,378.4581177177691,15.339799177644688
7533.0,378.7218945895249,378.4538097908333,14.471838207450356
7534.0,377.8710159670776,378.44974561627004,15.056665050754171
7535.0,377.94790569614895,378.445517202835,15.201770256770873
7536.0,378.571065541307,378.44124803902116,16.74554156793201
7537.0,378.5386983119911,378.4365453327642,15.036647538322681
7538.0,377.8661189685493,378.4323225409139,15.691112129099333
7539.0,378.1570227882152,378.4279159535909,15.680284281767236
7540.0,378.5334364373265,378.4235124070885,15.446193119321515
7541.0,378.14959862111743,378.4191746011875,16.338840364567343
7542.0,378.5772303492694,378.4145861101851,15.162687950462566
7543.0,378.7448992570176,378.41032792198564,14.020775988434474
7544.0,378.7953326996483,378.40639042072894,15.385878365470639
7545.0,377.78617696821715,378.4020695532212,14.732555108310024
7546.0,378.5772478625953,378.3979321606617,14.904370083077081
7547.0,378.3438409545124,378.39374651673,15.771784893221149
7548.0,378.49681348377993,378.3893172738059,15.299814216544965
7549.0,378.8005659355898,378.3850205759801,14.474898964756504
7550.0,377.48169178236566,378.38095554185406,13.831297995831813
7551.0,378.227710308504,378.3770712523336,12.869670599796047
7552.0,378.555158656416,378.37345701984015,13.332178002203502
7553.0,379.0564326686708,378.3697128998512,15.207071658755225
7554.0,377.7602362129526,378.365442247227,14.338291003024576
7555.0,378.3519678017495,378.36141557717036,14.805207280820822
7556.0,377.82404193825005,378.35725778145894,14.228248526310303
7557.0,378.3449754612218,378.3532620149978,15.924752582091516
7558.0,378.45160163783197,378.3487898136477,14.344798523934593
7559.0,376.83897088137337,378.3447613160622,15.466581942650315
7560.0,378.5204864164584,378.34041778430003,15.755234293643332
7561.0,377.9080961135234,378.33599318933585,15.393959227241886
7562.0,378.51727986212796,378.3316700524529,15.966138787730241
7563.0,378.5258079170769,378.32718622847665,15.93677533332976
7564.0,378.62784851139276,378.32271065073724,14.806086789176462
7565.0,378.5316507116729,378.31855260803064,14.531398463343441
7566.0,378.3130206090897,378.3144717069621,14.125957510973631
7567.0,378.2788451083576,378.31050466722786,15.609427449836522
7568.0,379.1587024570714,378.30612101968563,13.779075623617214
7569.0,378.10636487257267,378.30225139594796,14.91677973298564
7570.0,377.73777467386066,378.298062266973,13.89848205061227
7571.0,378.8605401726497,378.2941591099305,13.659791681300756
7572.0,377.9467698583054,378.2903229850999,15.794860896743998
7573.0,378.0068662211022,378.2858872616648,14.967116343561868
7574.0,378.5701775191381,378.2816839964916,15.132085831671644
7575.0,377.7763435091021,378.27743440238726,14.445806707344722
7576.0,378.0368583800584,378.2733775383369,15.482657357868701
7577.0,378.3204536761549,378.26902949206226,13.844878734407725
7578.0,377.97331960457893,378.2651413886176,13.417551349755442
7579.0,377.91321881936955,378.2613732929469,15.295850149601272
7580.0,379.1445049259047,378.2570777083633,13.60094504371327
7581.0,377.7912554031043,378.25325810963017,14.367848061319973
7582.0,378.1665260176513,378.2492231389662,16.37765482264946
7583.0,377.7562410666098,378.24462374757024,14.935836758460265
7584.0,378.17010244456003,378.24042926674724,14.964532302578524
7585.0,378.45384938543674,378.2362267272589,15.19056652133423
7586.0,378.0281392870282,378.23196070982755,14.498997125768634
7587.0,378.6357013555314,378.2278889081347,16.137475434158628
7588.0,377.4506879203017,378.2233569671169,15.814340707377706
7589.0,377.6890610568066,378.21891577310157,13.380713080903467
7590.0,377.98797596667913,378.2151580228447,15.724278450414893
7591.0,378.21763897729414,378.2107421213132,14.990754219074427
7592.0,377.7177338865211,378.2065322178367,14.831477058347986
7593.0,377.95748334906074,378.2023670446962,13.085875018984327
7594.0,378.44744949228067,378.198692094795,15.502431263909838
7595.0,378.40247670233094,378.19433849534835,15.855996575320411
7596.0,378.34277132805687,378.1898856029768,14.889277032065175
7597.0,378.63776713202554,378.18570419767696,13.74233172591885
7598.0,378.1881681117962,378.18184489285056,16.051039696197392
7599.0,378.31065137556647,378.1773372258692,15.139669141978239
7600.0,378.2054371706415,378.1730855021185,15.58921400419879
7601.0,377.46772596341106,378.16870753118565,16.876424647499682
7602.0,378.2948858757603,378.1639680685971,16.349767176447113
7603.0,378.0181888736815,378.1593765089818,13.939165675773614
7604.0,378.3161594179223,378.1554619266211,16.728455989190962
7605.0,377.7352641396643,378.15076401856425,16.216727927160324
7606.0,378.5165086138553,378.14620982080464,15.272221485186959
7607.0,378.1077499543123,378.14192087193754,13.74052973420619
7608.0,377.4641786871782,378.1380620731705,14.97221798071675
7609.0,378.2534838798602,378.13385737528756,14.225947505288605
7610.0,378.87497428609447,378.1298622550299,15.258890238061161
7611.0,378.2369529446747,378.1255770500213,14.346424798367833
7612.0,377.98886047746555,378.12154809572377,15.792674595792368
7613.0,377.86088411372805,378.11711298627483,13.698536567474498
7614.0,377.9901455073804,378.1132659805887,13.769050750151623
7615.0,378.1955746952823,378.1093991721698,14.38362661797842
7616.0,377.92157401256156,378.10535977036125,15.457038120124464
7617.0,377.5023078120096,378.10101891882243,13.492384890535721
7618.0,378.1852379150016,378.09722980739906,14.71740229179782
7619.0,378.237343713829,378.0930966702554,15.327390025444926
7620.0,378.4637664740002,378.08879222822327,16.409757108491775
7621.0,377.5563641478412,378.0841838214353,16.66431508638899
7622.0,378.5260377916601,378.0795039262819,15.620797766644797
7623.0,378.4473781341014,378.0751170855758,15.898248818559061
7624.0,377.59913798791024,378.0706523273659,14.532725732524584
7625.0,378.14270090284106,378.066571053556,14.975800913623313
7626.0,378.2521355532138,378.0623653494661,15.127262774295762
7627.0,378.5097118536276,378.05811710983704,16.19488113326958
7628.0,378.2760715339421,378.0535690473854,14.062226408519887
7629.0,378.484953425076,378.049619905469,15.58511612518745
7630.0,378.15682363575866,378.0452430853572,14.50981043784678
7631.0,377.95110571998504,378.0411682469259,13.770095915528048
7632.0,377.5416633121858,378.0373011449896,14.08083831112812
7633.0,377.78897974607725,378.0333467762306,14.160563134732513
7634.0,377.89560043664324,378.02937001808357,14.286418534114599
7635.0,378.3310022420242,378.02535791554527,14.117004094056595
7636.0,377.601090540196,378.0213933902288,15.724425738901003
7637.0,378.62638032517526,378.01697744733383,15.047713038836807
7638.0,377.10779290650646,378.01275154792205,15.803401935408326
7639.0,378.1148660534792,378.0083134258785,15.513656696061567
7640.0,377.71810061532955,378.0039566739564,14.732639437845972
7641.0,378.2465100333125,377.99981925771425,16.78515972462495
7642.0,377.9917240886115,377.9951054253582,15.091487243547423
7643.0,378.46770517575635,377.9908672326907,15.171281478964078
7644.0,377.8736749264647,377.986606631142,15.287830395090477
7645.0,377.46775538687024,377.9823132987727,14.476732996691986
7646.0,377.8970167021726,377.9782477495895,15.45139302270009
7647.0,378.28391032849254,377.9739084833823,15.02205562431747
7648.0,377.6537875806065,377.9696897894278,13.440804333753055
7649.0,378.5005493481289,377.965915163544,14.699495840848671
7650.0,378.2534866803017,377.96178705512875,13.826591502174288
7651.0,378.30182654397487,377.95790408734854,14.622033150695497
7652.0,377.709843642496,377.9537977330387,15.478138876178322
7653.0,378.05772279502963,377.9494509557044,14.242157847014115
7654.0,377.97090591162856,377.9454512830423,13.809854168762321
7655.0,378.00797999918575,377.94157301566327,13.546586967449375
7656.0,377.7087390573215,377.9377686824899,13.732588218287425
7657.0,378.46353558246557,377.9339121139652,14.777938124325921
7658.0,378.3622524178764,377.929761976342,14.568180017341609
7659.0,378.1937426984489,377.9256707457871,14.901897813097266
7660.0,377.8857791466118,377.9214857961513,14.312655002380845
7661.0,377.50403595143666,377.91746632553804,16.0678015713214
7662.0,377.6599052846944,377.9129539512635,13.80943986010256
7663.0,377.54710701388404,377.9090758002361,17.18034539690638
7664.0,377.87414463610884,377.9042509865705,13.823822025129799
7665.0,377.6683293422039,377.90036879655173,15.244399890889191
7666.0,378.5207848435019,377.89608766091567,13.341419414629032
7667.0,378.0080925395922,377.8923409456301,15.39702028941065
7668.0,378.0992716528757,377.8880169490988,15.242489443741492
7669.0,378.14389293845784,377.88373634998004,14.149414373824982
7670.0,378.17392092151823,377.8797627227767,14.63378587516782
7671.0,377.9195720194703,377.8756530679101,15.347949087939458
7672.0,377.4534494530644,377.87134285220793,14.2639217548397
7673.0,377.7424320204539,377.8673370675151,15.434775633574988
7674.0,377.9237952826618,377.86300246802466,14.740636477809966
7675.0,378.6385865507524,377.8588628059471,14.361519038299294
7676.0,378.1676245954104,377.8548296126839,13.942604210100562
7677.0,377.5597368765009,377.8509140646682,14.265772649655108
7678.0,377.4724110127387,377.84690776018243,14.08027185375188
7679.0,377.8425772425484,377.8429535505035,15.048981394893504
7680.0,377.75200079353914,377.83872729489514,14.283009345577117
7681.0,377.686135337942,377.8347161497706,16.020005285975277
7682.0,377.3033439988984,377.8302171982861,13.991528463113607
7683.0,377.93630562561617,377.82628791070937,16.09154464390647
7684.0,378.4435122193823,377.82176886858855,13.906081323843694
7685.0,377.7790742430844,377.8178635774168,14.806544469585111
7686.0,377.16585795871623,377.81370540617826,12.882381097622513
7687.0,377.95216544420754,377.8100876041533,15.354310383396156
7688.0,377.92099580393693,377.80577560198736,14.714043545149543
7689.0,377.6322688103123,377.80164340809176,14.8285925748297
7690.0,378.35741722211924,377.79747904501033,13.350892668232415
7691.0,377.19401285235824,377.7937296693193,15.110622643690759
7692.0,377.8125162342286,377.78948610279355,13.848592989694968
7693.0,377.86435780441894,377.7855969562623,16.528926399771763
7694.0,377.4226977973892,377.780955082765,15.87013588403119
7695.0,377.3172505773539,377.7764982196042,15.849843176044917
7696.0,378.02708215692337,377.7720470553123,14.589006453783991
7697.0,377.3204663070713,377.7679499759998,14.16294145129646
7698.0,377.68081511696,377.76397254994225,14.445204596180934
7699.0,377.66210258167797,377.75991585498485,13.565986918747718
7700.0,378.19619327261984,377.7561060736585,14.062188285823884
7701.0,377.81342664031274,377.75215694244827,15.49669462715142
7702.0,377.93266668669287,377.7478049540405,14.553114713343067
7703.0,378.56003392552844,377.74371795432506,14.468662517300501
7704.0,378.197015709171,377.73965467160144,14.258160524771014
7705.0,376.8850491094152,377.7356505048541,14.945705818787866
7706.0,377.8131875269277,377.73145325247003,14.99896916231081
7707.0,377.63186082084155,377.7272410419636,15.713193791472168
7708.0,377.86682975036393,377.72282825337385,14.168242602212304
7709.0,377.6221084486388,377.71884933857643,14.441038294174565
7710.0,377.7539985912435,377.71479381365543,15.337770895891328
7711.0,377.32957997885563,377.71048645632885,13.07399366535383
7712.0,377.31101426997736,377.70681484310785,15.161288840753514
7713.0,377.5120140956432,377.70255704782505,14.761505311690648
7714.0,377.3274700251349,377.6984115250833,14.950795902557674
7715.0,378.3416479790125,377.6942128432341,15.085592436338517
7716.0,378.00887493901524,377.68997630602485,14.58422993613672
7717.0,378.01092659814174,377.68588056811774,15.726371766582712
7718.0,377.49105249706173,377.68146407871336,14.494828191586016
7719.0,377.80563649588225,377.6773934477962,14.691833984192039
7720.0,377.7888314362849,377.67326749108565,14.655328847943105
7721.0,377.943778739935,377.6691517862342,15.566401902000054
7722.0,377.49539964407467,377.6647802217001,12.87599476600779
7723.0,377.71583174772627,377.66116421316997,16.28609555247724
7724.0,378.19086505808923,377.65659053466896,14.77995999462294
7725.0,378.4336486101545,377.65243982923715,16.174280233544092
7726.0,378.11397831282505,377.6478975522048,15.168181299246653
7727.0,377.4705151046807,377.64363782129,15.245931392100724
7728.0,377.3777100961835,377.63935625555735,14.804026480711713
7729.0,377.65979938784056,377.63519879145406,15.073381592939596
7730.0,377.3213555231524,377.6309656834567,15.20747478014069
7731.0,377.77180255034165,377.62669491762256,15.429142050947293
7732.0,377.76502608501727,377.62236190023,13.984715282379476
7733.0,377.264213694715,377.6184345260215,14.708002363783265
7734.0,377.74909351029515,377.614304028691,13.71078666691899
7735.0,377.70508612002646,377.6104535827687,14.466595097111448
7736.0,377.66283537541926,377.6063908806456,13.393826791203555
7737.0,377.28244448532104,377.60262944762167,15.179120642702998
7738.0,376.99482297056323,377.5983666445745,14.672622662439803
7739.0,376.8195285012644,377.59424608304346,15.163408596782004
7740.0,377.5839894595088,377.58998769246256,15.770688153569761
7741.0,377.53803860870516,377.58555875753945,14.995058970926165
7742.0,377.43321005809736,377.5813476451451,16.128612773763095
7743.0,377.16878660872067,377.57681819305776,15.686663888872006
7744.0,377.0378222969497,377.572412854949,15.671732654374956
7745.0,377.8868823077281,377.5680117100286,15.527801146289736
7746.0,377.80276060538563,377.5636509858733,15.003124702832938
7747.0,377.6789594162253,377.5594376083526,14.435400453334559
7748.0,378.339567748875,377.5553836667253,13.853919650186594
7749.0,376.8134337221166,377.5514930242902,15.465032389482738
7750.0,377.7251077470007,377.5471499276942,15.900502070360782
7751.0,377.16375001297195,377.54268453669613,14.63632959298745
7752.0,377.9305273429673,377.5385741674687,15.137986838556683
7753.0,378.04357631605893,377.5343229161649,15.79940499777818
7754.0,376.9288965071483,377.52988591659465,15.56573021037707
7755.0,378.3424988753659,377.5255145406939,13.7564843609717
7756.0,377.52310270591954,377.5216512613358,14.008683765727081
7757.0,377.0819093386919,377.51771715597835,14.666462838822959
7758.0,377.3663411654304,377.51359832433116,15.152663886870803
7759.0,378.05107694176144,377.5093429512229,15.246710097413336
7760.0,377.718946299702,377.5050611668039,15.005854660395581
7761.0,377.66544242178264,377.50084702262006,16.084304451226433
7762.0,377.5193460684087,377.4963300137867,15.853572527015316
7763.0,377.20969784725366,377.4918778021687,15.313388365919216
7764.0,377.8235654576044,377.4875772922693,14.859838429484421
7765.0,378.17682141634793,377.48340415431034,16.78883948700966
7766.0,377.9737798846975,377.4786892885544,16.361949186296783
7767.0,377.8908078486967,377.4740943078246,14.683413346869884
7768.0,377.261375041304,377.4699707159097,14.149577481164147
7769.0,378.01470246040253,377.4659970429004,14.02586987720741
7770.0,377.6130598525143,377.46205811110985,15.953275044828864
7771.0,377.9569021116266,377.4575778997015,16.394701549574815
7772.0,377.69184402570323,377.45297372101635,14.93718182505729
7773.0,377.3209487196378,377.44877886245376,14.795388576236412
7774.0,377.37412033520354,377.44462382416197,15.018682248122909
7775.0,377.31965736599597,377.4404060775639,14.52087788016096
7776.0,378.04528260548943,377.43632813102596,12.86443390172197
7777.0,377.14543786131696,377.4327153691719,15.607285828967074
7778.0,377.82533064887645,377.4283323230683,14.068083357218407
7779.0,377.91451476069267,377.4243815363255,15.870674094847166
7780.0,376.32946350684244,377.41992452201714,13.916329386985662
7781.0,376.87708085576554,377.41601635284763,15.51404450150012
7782.0,377.34209893200347,377.4116594920168,14.247941166641178
7783.0,377.79045747503693,377.40765819520584,16.441000062106998
7784.0,377.53198951545284,377.4030410143551,15.10172742056091
7785.0,377.8872566276847,377.39879994590444,14.328486813005624
7786.0,377.59883432776087,377.3947760291911,12.708024925396533
7787.0,376.50742961229355,377.39120719219125,14.149796191369177
7788.0,378.0417506059877,377.38723345776083,15.93290397683774
7789.0,376.65581614382535,377.38275896722735,14.488396235948056
7790.0,377.4834746465474,377.3786901426177,14.301693742590144
7791.0,376.9300271897654,377.37467375029166,15.15205967737963
7792.0,377.52977603661316,377.3704185468656,14.080053794259179
7793.0,377.20907178764696,377.3664643984251,15.152525635658078
7794.0,376.8400487770798,377.36220906414235,15.648348775464482
7795.0,377.2820306517517,377.3578144861946,14.93256389572249
7796.0,376.84827434326974,377.3536209245006,12.579430069086904
7797.0,377.7795135167235,377.35008820122283,15.949000464575589
7798.0,377.58617041759504,377.34560919025904,15.069035797829375
7799.0,377.46329376367186,377.34137730270584,17.817785829014333
7800.0,377.2728273222646,377.33637347451884,15.033512797848182
7801.0,377.320536457522,377.3321515630081,15.808095997055718
7802.0,377.0059023970462,377.3277121227156,16.384714778223355
7803.0,376.8705135736916,377.3231107486487,14.914966249131057
7804.0,378.1867898357659,377.3189221289604,17.095789862832195
7805.0,377.59860257348544,377.3141210613073,14.498858264234727
7806.0,377.3034883579721,377.3100492986114,14.932745053391253
7807.0,376.84364274135964,377.30585568604226,17.52528987600491
7808.0,378.0005221846086,377.3009340004687,14.14406482460012
7809.0,377.3556816750138,377.29696187559716,14.864744710437352
7810.0,377.0529081030411,377.29278735979096,14.237280545661692
7811.0,377.02761545031797,377.28878905683774,15.533953882045413
7812.0,377.38843453502676,377.2844266047892,15.229346282504642
7813.0,377.9354798046909,377.28014969670824,15.17076803959622
7814.0,377.18253716527425,377.27588923935036,15.575189798891017
7815.0,377.3613500688474,377.2715152068819,15.674551062906104
7816.0,378.03086755868134,377.2671132704584,15.077491393396233
7817.0,377.2179480886688,377.26287900829203,14.396979190128702
7818.0,377.9074529188781,377.25883585663615,14.076124743709503
7819.0,377.41838407822127,377.254882811604,14.340323733031555
7820.0,377.4567614901035,377.25085557068894,15.621992120356232
7821.0,377.5344385922645,377.2464683945685,16.49114565264291
7822.0,377.1052811269651,377.2418371311644,15.020011597724137
7823.0,376.9159640914307,377.2376190112406,15.40784810943896
7824.0,377.8000433297382,377.2332919738966,14.136362527710904
7825.0,377.3983667406639,377.22932201208675,15.037238870989208
7826.0,377.62434051176064,377.22509905417047,14.482837623159039
7827.0,376.8687689752618,377.2210317906046,13.297419168668284
7828.0,376.75388560884556,377.2172974320548,16.43214216655619
7829.0,377.2708134186665,377.21268273879633,15.598505452947716
7830.0,376.7481276172036,377.208302158515,14.620330003135669
7831.0,377.0402669102881,377.2041962825058,12.38225916371939
7832.0,377.1254576958156,377.2007189313906,15.427552673063214
7833.0,377.05613846569844,377.19638636034824,14.447702476418174
7834.0,377.41841872287694,377.1923289639028,14.770910236764857
7835.0,376.8583909384957,377.18818079994463,14.19120647288084
7836.0,377.03721522975343,377.18419543612686,14.040302343290723
7837.0,377.77541243694907,377.1802524512188,14.595557714891594
7838.0,377.39344222304845,377.1761535320939,13.902653006231931
7839.0,377.3460078358281,377.1722492037079,15.238379882879023
7840.0,376.6069957979634,377.1679697586908,14.951910299026844
7841.0,377.4689932515635,377.16377076388187,15.153652763430632
7842.0,377.3938467102477,377.1595151130641,14.277792993536758
7843.0,377.0106413317271,377.15550543286514,13.26336471964359
7844.0,377.5477747216357,377.1517806379396,15.01496223387176
7845.0,377.4474760746392,377.14756393604563,14.982637125878028
7846.0,377.6055475237509,377.14335631211947,16.986145678005524
7847.0,377.7488345112213,377.1385860362082,14.64256293199642
7848.0,376.71085216246826,377.13447391645144,14.272056648203762
7849.0,376.6708852037588,377.1304658472095,16.435368788594047
7850.0,377.17291595187027,377.125850247808,13.884930015215351
7851.0,377.3248241476174,377.12195089662873,13.36628214026582
7852.0,377.07392819162845,377.118197199061,16.121197992943276
7853.0,377.0451080712104,377.1136698292913,14.965153977337508
7854.0,376.52363556219854,377.10946711521603,15.223000447114922
7855.0,377.11322044199613,377.1051919892571,13.2855952458947
7856.0,377.49223940249726,377.10146095125884,14.091586776546063
7857.0,377.2205555960236,377.09750356397245,14.754954102133055
7858.0,377.21919726700276,377.0933598810288,16.307780232737123
7859.0,376.4034255498772,377.08878011274675,15.83740030357141
7860.0,376.94266585000275,377.08433244282816,15.573703756093458
7861.0,376.7642500246788,377.07995882769,14.956171777478904
7862.0,377.2921569272046,377.07575863611584,16.432249992572054
7863.0,376.9913674318974,377.07114391257625,14.713456775088458
7864.0,376.6066188816524,377.0670118834652,15.011865148412861
7865.0,376.7517431713667,377.0627960513361,15.133159434444247
7866.0,376.9013513125871,377.0585461557282,16.27376563517843
7867.0,377.15557002242383,377.053975939879,16.889218986694072
7868.0,376.95027012127946,377.0492328842136,16.314254825309362
7869.0,377.20408760003943,377.0446512976501,12.884035235108128
7870.0,376.28683145984047,377.04103303108826,14.888382681111722
7871.0,376.1219138815952,377.03685187695197,14.396096737053437
7872.0,376.92406046045886,377.03280897311834,14.861598241754354
7873.0,377.49168171524093,377.0286353409454,14.430689194911341
7874.0,377.46069943459895,377.0245827223966,13.633229217733012
7875.0,376.5445800037148,377.0207540571912,13.79541098818568
7876.0,377.0099032069985,377.01687984593866,16.086045873413077
7877.0,376.93994677329107,377.01236234805594,17.405049673331355
7878.0,377.6408041821882,377.00747442993935,15.818438388652762
7879.0,376.64807405700327,377.0030320851585,15.791473967652419
7880.0,376.89661788665956,376.9985973128859,16.24825882807321
7881.0,376.75527748150813,376.99403426019836,14.849997373279791
7882.0,377.18799177964667,376.9898638859361,15.193962654421577
7883.0,377.40593816930453,376.98559691475725,13.786181589751136
7884.0,376.51707181034425,376.98172529542745,17.103159042677763
7885.0,376.74145505481863,376.976922158263,15.229138218928306
7886.0,376.9541758679074,376.97264530861315,14.307713008281468
7887.0,376.64618018934294,376.9686272258767,14.535044855255538
7888.0,377.3626368989768,376.96454530077983,15.217649842768191
7889.0,376.73493960401834,376.960271677449,14.999022812211718
7890.0,376.435777984383,376.95605945187594,14.302545405832396
7891.0,377.1889085915599,376.9520428203744,16.421155091063277
7892.0,377.4367338492012,376.947431212653,14.986096566424889
7893.0,376.78040876352543,376.94322261720066,14.188195662913312
7894.0,377.47680233843727,376.9392380989187,13.323705437501504
7895.0,377.0141272933666,376.9354963583083,14.026019214353012
7896.0,376.784127510931,376.93155738457887,14.359055815145153
7897.0,376.9518850428259,376.9275248830708,14.278262031930344
7898.0,376.8055040849446,376.9235150711502,13.9476594750417
7899.0,376.8588326152409,376.9195981034476,15.535353918647727
7900.0,376.4668741527098,376.91523525822214,14.05711522341582
7901.0,377.07245416525126,376.9112875516969,13.587656944499383
7902.0,376.8875017394567,376.90747168470494,14.431561433369389
7903.0,376.0771911979856,376.9034188212024,15.208847406245068
7904.0,377.1935379815246,376.89914766988915,15.44869063630001
7905.0,377.68087965416765,376.89480916260214,15.017390331416257
7906.0,377.30075918973915,376.89059177881745,15.099982192867914
7907.0,377.12151424974473,376.8863512004849,14.53586386061041
7908.0,376.53232314333275,376.882269045384,14.182839902794914
7909.0,376.8567437312086,376.87828603117805,14.53372089832266
7910.0,376.8368318268003,376.8742044778925,14.286665150580662
7911.0,376.93740919588623,376.870192306096,13.761482723625765
7912.0,376.62540968624603,376.86632762303105,14.72075369162674
7913.0,376.8886563136804,376.86219354470273,14.767233337618599
7914.0,376.77856921672344,376.8580464133404,14.714118846446645
7915.0,376.57316484793273,376.8539141982976,15.64338338175323
7916.0,376.8543354198897,376.8495210147979,15.15846799301561
7917.0,377.4711030381484,376.84526401170325,14.209189451549724
7918.0,377.1000818377929,376.84127359766563,15.573791269393736
7919.0,377.2859597095569,376.8368999579508,15.086977719085802
7920.0,376.7536032126812,376.83266303170797,14.38694787234755
7921.0,376.96622516721385,376.8286226971805,15.551536718663748
7922.0,376.68863999074614,376.8242553072854,14.696660446699232
7923.0,377.0754848714693,376.82012799514325,13.672990275163382
7924.0,376.50862262775325,376.81628816370767,15.300585755231245
7925.0,376.64726204112293,376.81199124920806,14.436250756691408
7926.0,376.747744244338,376.8079370687872,14.573563292157734
7927.0,377.41543141173906,376.8038443264293,14.806481345541707
7928.0,377.75552388268613,376.7996861729181,12.365882083664575
7929.0,377.88524934608057,376.796213421033,15.71907666237152
7930.0,377.097959571838,376.791798980337,14.268573638623394
7931.0,376.70354235854336,376.7877918892401,14.346174968069768
7932.0,377.0945370109515,376.78376300510325,15.47562372870604
7933.0,376.26787702651825,376.7794169341061,16.382043819190024
7934.0,376.3925790863141,376.77481631013353,12.913983422660005
7935.0,376.58612654973683,376.77118963312233,13.793391009224404
7936.0,377.0765716782619,376.7673159891473,15.928400834913157
7937.0,376.96577389005733,376.7628427632461,14.881067188702138
7938.0,376.89579350654054,376.758663663544,15.92975385285268
7939.0,376.7941378975003,376.75419005767026,15.45164800173437
7940.0,376.51619273623,376.74985071985645,14.489482754291487
7941.0,376.22627023522,376.7457815901163,12.593449989718756
7942.0,376.5636483977458,376.7422449295775,13.554170606407547
7943.0,376.9588385338455,376.73843846666557,16.066025381833622
7944.0,376.75046280417024,376.7339265912041,16.46337461403407
7945.0,376.5868964020514,376.7293031268334,16.433665732885498
7946.0,376.4827541911621,376.72468800570675,15.453565745810097
7947.0,376.6524159933965,376.72034812932645,17.555561536846295
7948.0,376.29515118615916,376.7154179424615,13.481050458046777
7949.0,376.3454199531335,376.7116320141246,14.158288760847839
7950.0,376.55671578039386,376.70765589469755,14.841711649248602
7951.0,375.8305317263364,376.7034878473428,14.953402871013683
7952.0,376.9622252419764,376.6992884333698,17.005125895647602
7953.0,377.54374397395617,376.6945128271808,15.997799751978166
7954.0,376.8166033391952,376.6900201117504,15.78178663346731
7955.0,377.2007047400147,376.68558806000425,15.432874318296058
7956.0,377.08808639110845,376.6812539944665,15.043900152242761
7957.0,377.04969328442763,376.6770291658404,15.677231325499811
7958.0,376.66956482795587,376.6726264767098,13.364027298641211
7959.0,377.1503012172513,376.6688734123768,13.722933557336606
7960.0,376.75165531847495,376.6650195552027,15.575398550351817
7961.0,377.1547291787564,376.6606454641099,17.442631212263713
7962.0,376.28570228143104,376.65574699184447,13.886048987949875
7963.0,377.3491990490448,376.65184732642035,15.282892087796426
7964.0,375.97784415018646,376.6475553808923,15.6626145475868
7965.0,373.6874861447201,376.6431567966402,15.460573109105427
7966.0,376.64813392866154,376.6388149523587,15.216964986721111
7967.0,376.31746325297576,376.6345415213583,16.11576921435584
7968.0,376.61816544634723,376.63001567617056,14.195678624653638
7969.0,376.1189494847597,376.6260290564235,14.342078288677213
7970.0,376.9422708769092,376.62200132277076,14.822052517350755
7971.0,376.1196708214841,376.61783879635544,15.204481252056235
7972.0,376.8956662158732,376.6135688712038,16.391992275326302
7973.0,377.0874009796988,376.6089654533732,13.940398302229553
7974.0,376.29819730595216,376.60505052484996,13.989819941317009
7975.0,375.8508340663065,376.6011217170831,14.953722623479301
7976.0,376.5560244784017,376.596922213313,14.84792871559477
7977.0,376.9822460904124,376.5927524199987,15.011604454503274
7978.0,376.60801885161874,376.58853666108104,15.665740944442605
7979.0,376.44103557977456,376.58413719883254,13.76374829850367
7980.0,377.0565069349116,376.5802718795187,14.614264044669971
7981.0,376.6940079439114,376.5761677070328,15.274441350985814
7982.0,376.8674251907616,376.5718781347534,14.993896434476296
7983.0,376.8411422132924,376.5676673488381,13.619544471846119
7984.0,376.9810543701649,376.56384252676554,14.508699890736237
7985.0,377.3063419491362,376.5597680002129,13.83351363651054
7986.0,376.41056348337423,376.55588308846666,14.227120700367221
7987.0,376.20873808374597,376.5518876387367,16.113510744574427
7988.0,376.65595268285097,376.54736242780257,13.89482170777708
7989.0,377.4264226228264,376.5434602987063,14.048007120156132
7990.0,376.1185303717439,376.5395151500401,14.834073919988562
7991.0,376.61065083262133,376.5353492476142,14.326165112393486
7992.0,376.7197246281216,376.53132598291177,15.885303107401116
7993.0,376.43035900958085,376.5268648602891,13.896075422361758
7994.0,376.7841220608718,376.522962379108,14.462876646132298
7995.0,375.9460037733219,376.51890072124985,15.028998167700909
7996.0,376.7154481738831,376.5146800775978,15.405842714508669
7997.0,376.44942565590577,376.5103536034354,15.400329314730476
7998.0,376.04178052366586,376.50602867761955,13.641072782730701
7999.0,376.3656754774671,376.5021978096798,14.762888903803772
8000.0,376.20249299246757,376.4980518983793,15.584075941785327
8001.0,376.62720173107726,376.4936753703856,17.3409781756306
8002.0,376.1257784068409,376.4888054456813,14.93749514223629
8003.0,376.7640518547938,376.48461049912885,16.410159558571912
8004.0,375.9445095680999,376.4800019793195,16.849785398536586
8005.0,376.74817178691256,376.47526999792007,16.253295297632206
8006.0,376.0023410061358,376.47070553082403,15.936932428653428
8007.0,375.70584733053283,376.4662299089669,14.570638207574666
8008.0,376.5795810132923,376.4621379880703,15.566736616346931
8009.0,376.08802905264685,376.4577663295372,14.472429708109676
8010.0,377.30033146915065,376.45370198886087,14.38787698130977
8011.0,376.3100259431456,376.4496613934086,15.399434954481864
8012.0,376.6286765484463,376.4453367187589,15.273267006792395
8013.0,376.6397003727946,376.4410474762745,16.14852865560367
8014.0,376.3618419544943,376.4365124311436,14.387414643795521
8015.0,376.6596699881188,376.4324719655312,14.190653172802774
8016.0,377.0014459288388,376.42848675709854,15.38424155849311
8017.0,376.46161310212494,376.4241663492609,15.95671599283209
8018.0,375.9692754073024,376.4196851715195,14.874992943440287
8019.0,376.3230694377629,376.4155077776679,15.887258589961222
8020.0,376.61555637789684,376.41104610588053,14.225115116471384
8021.0,376.420323880576,376.4070512193853,15.712595792860931
8022.0,376.68598198398627,376.4026385987335,15.785708072056325
8023.0,376.69462673755595,376.3982054457166,14.255382269486308
8024.0,376.91546931118074,376.39420205919595,14.558355298925157
8025.0,376.47137584865834,376.3901135877495,14.32037598590155
8026.0,376.4529184526587,376.3860919488268,16.312962443550454
8027.0,376.59675033243076,376.38151072520725,14.726671807757532
8028.0,376.3688368269024,376.37737498487456,15.121505271392719
8029.0,375.9115466606049,376.37312836214414,16.273322618515987
8030.0,376.1554729568766,376.36855827070883,14.780191416059319
8031.0,375.8669180148617,376.3644075002861,13.355006504780917
8032.0,375.78944098552324,376.3606569692927,15.73879376434452
8033.0,376.70830764775405,376.3562369913772,14.549212597621102
8034.0,375.66015594096945,376.35215108750606,12.999182820427137
8035.0,376.8526084345181,376.34850048366394,16.176700419818822
8036.0,376.05315102857736,376.3439575269627,14.16889617059547
8037.0,375.92647254212966,376.33997842862146,15.53611597729072
8038.0,376.41669012384943,376.33561536938447,12.868837042949176
8039.0,376.4503065174506,376.3320013709817,13.780254854779992
8040.0,376.2024093712052,376.32813141607653,15.358707305633859
8041.0,376.3647046035779,376.32381817910823,14.443959057591996
8042.0,376.52721080114924,376.3197618339396,14.856107674031932
8043.0,376.25330468872903,376.31558974370114,15.625457360399386
8044.0,375.338291040971,376.31120159442577,16.1259328277372
8045.0,376.6987567887464,376.3066728949566,15.107504022486822
8046.0,376.2473271514755,376.3024302042436,14.2920702886243
8047.0,376.8876169690662,376.29841651450425,15.321314776580355
8048.0,376.14262535468,376.29411377860447,14.450638602568286
8049.0,376.29648886207184,376.29005555759693,14.661543847565726
8050.0,376.81521532991144,376.2859381073664,15.587976590030495
8051.0,376.48091784612546,376.28156048394067,16.554477692516848
8052.0,376.44496560695535,376.2769114347887,14.903304897737565
8053.0,376.72432474642926,376.2727260899965,13.8601239312011
8054.0,375.9564472527335,376.26883370519255,15.766056980152081
8055.0,376.37412087781763,376.26440607085726,14.762841977028781
8056.0,376.35130843474076,376.2602601727354,16.2756630697779
8057.0,376.5452337621134,376.25568942402333,16.383551693064152
8058.0,376.0845865210151,376.2510883765895,14.383528701789484
8059.0,376.3177413697841,376.2470490022791,15.864723711249539
8060.0,376.7853194642574,376.24259365903686,13.513926037563971
8061.0,375.66823394869414,376.2387984981413,13.437018062252273
8062.0,376.0886294984103,376.2350249355688,15.089351097987917
8063.0,376.0894801473536,376.2307873428021,15.212084285523977
8064.0,376.0497200500875,376.22651528246524,14.656979317475185
8065.0,376.355272572597,376.2223991141069,15.285794233566394
8066.0,380.8343615866794,376.2181063535597,14.339899558254723
8067.0,376.290245940771,376.214079231767,14.772613212189187
8068.0,376.51169255554754,376.2099305895566,14.051485987820481
8069.0,376.2392234634871,376.20598446390835,14.731066809509707
8070.0,376.3783464005247,376.20184748931274,14.700016059018022
8071.0,376.9265710002897,376.1977192348028,13.732470358740137
8072.0,376.57897596053647,376.193862699377,15.04500642017647
8073.0,376.3097262010976,376.189637560074,14.946535919496991
8074.0,376.0506291592245,376.18544007456995,16.24998669521671
8075.0,376.096789757858,376.18087653663974,15.877510423315707
8076.0,375.6160237636499,376.17641760246255,14.905787771960814
8077.0,376.98209635110686,376.17223156039654,14.939905040931928
8078.0,375.74540962884817,376.16803593706425,14.951853556217847
8079.0,376.184017264754,376.16383695819053,14.585459301943242
8080.0,375.9637581407223,376.15974087503656,14.046912010662503
8081.0,376.2628810492314,376.15579603391353,14.486273942564502
8082.0,376.27615676142426,376.1517278053147,15.200755350187357
8083.0,375.51734786397066,376.1474589265205,14.943183102155823
8084.0,376.7318237462247,376.14326238259935,16.065937587037794
8085.0,376.2080483081773,376.1387505317936,13.962676968824887
8086.0,376.18776861916564,376.13482934667826,14.6460638662595
8087.0,376.4191487845226,376.1307162437425,12.695594562108772
8088.0,376.1715431076622,376.1271508976029,15.552832665274115
8089.0,376.20869195780006,376.1227831437627,13.000969325460868
8090.0,376.0868794655943,376.1191320382105,14.992663807639198
8091.0,376.2860028070747,376.1149215984579,16.107097307276504
8092.0,376.25984933876293,376.11039818863077,15.633784775810456
8093.0,376.26258381552964,376.10600770073955,15.754083302586736
8094.0,375.73777446508024,376.1015834290121,15.531650901056123
8095.0,376.4142890325298,376.09722162371736,15.122512190197238
8096.0,376.0634349761231,376.0929747182106,14.620688831188966
8097.0,376.11148476577176,376.08886874143053,12.434372475179767
8098.0,376.52580429547305,376.08537675516044,15.189339381684757
8099.0,376.77720507902796,376.08111108235073,15.0937971935315
8100.0,376.52630108450046,376.0768722409722,15.619756405092865
8101.0,376.72378288112714,376.07248569271513,14.631811667336418
8102.0,375.29139402055046,376.0683765922719,13.800471159653078
8103.0,376.26905525049773,376.06450095995456,16.027870735200143
8104.0,375.987631438744,376.0599997995898,15.8314003285167
8105.0,375.26352764451855,376.05555381466417,15.388634345427537
8106.0,376.80530723269595,376.0512321731855,14.994542822958575
8107.0,375.66349752651286,376.0470212057427,14.982179629693265
8108.0,375.8391469419265,376.04281371029674,16.21213032752821
8109.0,375.28776201795614,376.0382608036964,14.053594702963109
8110.0,376.4360417003434,376.0343140858506,16.025205178587065
8111.0,375.2569128847803,376.029813674063,16.349885189194577
8112.0,376.5185627566296,376.02522208130574,15.160854245071826
8113.0,376.1152625822053,376.02096440807185,15.798720352671891
8114.0,375.7880229182774,376.0165276007728,13.197159163514954
8115.0,375.9002886708153,376.01282139857443,16.816580736803587
8116.0,376.0214566050366,376.0080987421509,14.329314172998476
8117.0,375.9291538583587,376.0040745930873,15.2376138646708
8118.0,375.48600560300287,375.9997953631936,15.323849905345181
8119.0,376.45292694122753,375.99549191534516,14.999508181332617
8120.0,376.36992422378034,375.9912795534642,16.066635582295056
8121.0,376.0982282776953,375.9867675066382,14.961073691792137
8122.0,376.2165920979143,375.9825659384431,15.956245136390107
8123.0,375.69624138243796,375.97808489293396,15.24343272854898
8124.0,375.778690097679,375.9738040289094,16.728194437046817
8125.0,376.0349380972747,375.969106194305,14.808175130778729
8126.0,376.64628085097155,375.96494756512243,14.320912973114723
8127.0,376.4148332815132,375.9609257753958,16.13420758357453
8128.0,375.3339005833337,375.9563947520994,16.035529306784976
8129.0,374.718126698292,375.9518914409524,14.682017073421791
8130.0,376.00495660380886,375.94776824115763,14.933463470154244
8131.0,376.197093511802,375.9435744268331,14.276830323346932
8132.0,375.9877547791679,375.939565016984,15.725742743376088
8133.0,375.79300194172157,375.93514870423024,14.951049098235071
8134.0,375.95635844234107,375.9309499512751,14.728270934379383
8135.0,375.51847899645037,375.92681376185436,16.743880551036693
8136.0,375.6226902317886,375.92211152206625,15.120651131078517
8137.0,375.96629540575725,375.917865139207,16.607863363471328
8138.0,375.5360124027557,375.91320109757913,15.5775643766519
8139.0,375.53624503446235,375.90882639824997,15.845025832401191
8140.0,375.8893852075728,375.9043765868287,16.1190952809928
8141.0,376.1443910626869,375.89984980757066,15.49985394719498
8142.0,375.67016878439534,375.8954969319205,14.676673130735331
8143.0,375.812202804266,375.89137523288287,14.97456399605591
8144.0,376.1467753933036,375.88716987616067,13.604402464418477
8145.0,376.0848881115426,375.88334930646863,13.72845872697362
8146.0,376.5298667661032,375.8794938976427,14.67670013844377
8147.0,376.42319807909706,375.8753721910205,15.674792195552232
8148.0,375.55327019830395,375.870970186879,15.498021546069904
8149.0,375.67539674960784,375.86661782582803,15.880706412227793
8150.0,375.9191608177859,375.86215799411065,12.742320786582948
8151.0,375.69360623988473,375.8585795256898,14.729259440150946
8152.0,376.3481980305652,375.85444305866366,14.252456993085094
8153.0,376.1900485043083,375.8504404936581,14.573133649170169
8154.0,375.2752952745232,375.84634787195824,14.61282574361748
8155.0,375.92335371099824,375.8422441033953,14.906171617720485
8156.0,375.5018425509512,375.8380579535326,14.865311337555095
8157.0,375.2120109361636,375.83388327859865,14.38309357862971
8158.0,374.79605812761304,375.8298440264854,16.006662585229584
8159.0,376.0535734410598,375.825348822076,13.631799512603916
8160.0,375.29763821646935,375.82152055837946,12.915972735711248
8161.0,376.2045690444013,375.81789332270284,15.235534315520722
8162.0,375.68528340333756,375.8136146768159,14.351754018013589
8163.0,375.7330234582182,375.8095842258959,13.893123006177643
8164.0,374.89066650937633,375.80568257385164,14.84062910873625
8165.0,376.18506665405545,375.80151483051026,17.54476576718974
8166.0,375.8198972838305,375.7965876754573,15.631054644658873
8167.0,376.1588234410115,375.7921979542779,15.848784422145744
8168.0,376.0534669038333,375.78774708731936,15.536452079752506
8169.0,375.8881622004281,375.78338393369364,14.21046601407605
8170.0,376.36125416965416,375.7793931611547,14.126606995720195
8171.0,376.2938045561076,375.77542593902336,14.80392014475604
8172.0,375.4270128582125,375.77126850478277,14.154401082966944
8173.0,376.04868006711826,375.7672934771453,14.808475426733839
8174.0,375.56972623394665,375.76313476362964,15.531494173164615
8175.0,376.0840690661977,375.7587730023493,15.261981443332498
8176.0,375.1908243743022,375.7544869292273,14.023661295173955
8177.0,375.801684553554,375.7505486176803,16.91037458067478
8178.0,375.67065549973927,375.7457996208189,13.614803968746802
8179.0,375.3299677647079,375.74197613003764,15.226487547978625
8180.0,375.22881571982606,375.7377000247846,15.545849090945978
8181.0,375.9529270861171,375.73333423216485,16.001665697456275
8182.0,375.8148776337635,375.7288404310482,16.135156624631716
8183.0,376.2340669018042,375.7243091412294,15.941432957663416
8184.0,375.75938083754073,375.71983225547376,16.916498493820605
8185.0,375.9957565624996,375.7150815388134,14.358945067374098
8186.0,375.88243100195507,375.711049068407,13.539673080814865
8187.0,375.6966367394324,375.70724667688347,14.863592568560989
8188.0,375.43622133113087,375.7030724846371,15.954157256897188
8189.0,375.8169873760119,375.69859202547417,14.902722920207411
8190.0,376.1306918919189,375.69440684412075,13.445972666287561
8191.0,375.44187922333913,375.69063076679697,15.189613755512088
8192.0,375.0481649640063,375.686365016934,14.281126955201119
8193.0,374.89369527644936,375.68235440044737,14.682255820229127
8194.0,375.2820120109743,375.6782311336045,15.323561445966886
8195.0,375.95343647149986,375.67392776676513,13.92193039649889
8196.0,375.29090211842447,375.6700180246455,15.757124145990991
8197.0,375.9397415761668,375.6655928989478,15.830771474290831
8198.0,376.30783863166226,375.66114709062543,13.316461089140319
8199.0,375.6068765096465,375.65740738446965,15.542926355408156
8200.0,376.2985395782062,375.6530424126514,15.84199660128121
8201.0,375.2913191987466,375.6485934519393,15.427774936803146
8202.0,375.91198335045937,375.64426081847785,15.236012972576056
8203.0,375.7164469060176,375.63998203816806,13.3414943343661
8204.0,376.1801693196451,375.6362353018424,17.19813347982716
8205.0,375.85217446058624,375.63140549269025,13.59600134026208
8206.0,376.15648954619104,375.6275872823138,15.926839897383635
8207.0,375.24385366360207,375.623114494776,14.237331388874024
8208.0,375.15371574363655,375.6191161775443,14.947552029094748
8209.0,375.13179783629795,375.61491840668276,13.277271976654925
8210.0,375.4208455361671,375.61118970613603,14.808066276234127
8211.0,374.39560144223964,375.6070311075234,14.835219731456698
8212.0,375.85735114986,375.60286488331553,15.82675755590737
8213.0,375.7435796222772,375.59842020223516,14.225247775196555
8214.0,375.3220932678769,375.594425278485,15.514199189541326
8215.0,375.9538682571509,375.5900683742126,14.358443485210936
8216.0,375.8726509564897,375.58603604466714,14.336715750201575
8217.0,375.88679675444007,375.582009816994,12.553574660050646
8218.0,375.4510578527331,375.57848435477695,14.485014367843897
8219.0,374.699431177853,375.5744164799086,16.300669420573588
8220.0,375.5646536811494,375.5698387085797,14.384782498811601
8221.0,375.00734159399804,375.5657989821613,14.442429311632205
8222.0,375.23754395033563,375.5617430665963,14.063250241418976
8223.0,375.336413920482,375.5577936371535,15.388683465158492
8224.0,375.75798114960816,375.55347198188036,15.15778528444733
8225.0,375.11313793322404,375.549215170513,13.970415694618183
8226.0,375.90491752540146,375.5452918121054,13.578041701197183
8227.0,375.13856185323624,375.5414786453943,16.16158417249475
8228.0,375.71556310652943,375.5369399338392,14.952288106059338
8229.0,376.37970829389945,375.53274083292945,15.838583280304913
8230.0,375.5834085315903,375.52829283079154,14.37271932774286
8231.0,374.761755772703,375.52425649211364,15.490913979789724
8232.0,374.97170698254354,375.5199061271043,16.888461044567485
8233.0,375.3044365591005,375.5151632842943,17.10847094885587
8234.0,376.10091147574957,375.5103586553695,15.41336727493091
8235.0,375.7306623933635,375.5060300680598,15.503872915764271
8236.0,374.66051570113444,375.5016760637493,14.518811999160318
8237.0,375.67882919925626,375.49759869737954,14.694298356827483
8238.0,375.1798881582621,375.493472048591,15.677617847423159
8239.0,376.3198509461143,375.4890692509122,14.011653802917689
8240.0,375.59109789981176,375.4851343114692,12.830621665347286
8241.0,374.67473704216115,375.48153104521816,16.28657679593973
8242.0,374.93664082922294,375.47695723156795,15.482665496775185
8243.0,375.28725340289446,375.4726091830076,14.896322519193708
8244.0,374.9050131326305,375.46842579910015,13.939822991965887
8245.0,375.23517864967806,375.46451103214326,14.438890874455268
8246.0,375.5608389310668,375.46045611028933,15.835095094424968
8247.0,375.149164092292,375.45600908775026,16.30016826458368
8248.0,375.06598457367227,375.45143145716264,15.260396945682
8249.0,375.4192659261488,375.4471458290204,14.017096535566823
8250.0,375.2667486227458,375.44320936107664,14.59466717464183
8251.0,375.750283131896,375.4391106920451,14.692907849713418
8252.0,375.6548002134237,375.4349844337573,13.621386678974504
8253.0,375.34720259196916,375.4311590943317,15.0118579985867
8254.0,375.67583083110264,375.42694326421037,14.917519520380567
8255.0,375.6996333184175,375.42275392747837,14.75209994584081
8256.0,376.00552057817555,375.41861104607693,14.551714858934462
8257.0,375.3665106955641,375.4145244394874,16.57748866212064
8258.0,375.5318816566886,375.40986892808814,15.308131773151706
8259.0,375.5189687424596,375.4055698944152,13.520606289862878
8260.0,375.653086664632,375.40177285748206,14.962003196935349
8261.0,375.1810614205383,375.397571028251,13.931458137027407
8262.0,375.603243167364,375.39365861042415,13.814501229717264
8263.0,375.17680599210814,375.3897790379954,15.31621000749721
8264.0,375.1382957123899,375.385477735685,13.326440453933783
8265.0,375.39292381469136,375.3817352269909,16.390418249320682
8266.0,375.77770483415543,375.3771322511992,14.860831015456068
8267.0,374.74174488534385,375.372958834489,13.273947421804666
8268.0,375.40318363060726,375.3692310675881,14.929720935720109
8269.0,375.00850824770157,375.36503830429194,15.757333306304862
8270.0,375.35838415751084,375.3606131198551,13.987976852948613
8271.0,375.0906846454361,375.3566848296889,15.14617774656241
8272.0,375.18242144815616,375.35243127810503,14.392067702911497
8273.0,375.1105706601377,375.34838950575846,14.959634899777393
8274.0,375.1999775057965,375.34418834162415,15.832437263357713
8275.0,376.1921353063929,375.3397420654927,15.385435607299849
8276.0,375.7887097996339,375.3354213223263,14.580670345698513
8277.0,375.42335699909955,375.33132658407084,15.172815802760507
8278.0,375.32933618908817,375.3270655516329,16.442860300429356
8279.0,375.432997183348,375.3224478483652,15.491782333014259
8280.0,375.84210335840567,375.31809723949334,15.447695111935467
8281.0,374.9700567927562,375.31375901178274,13.500957627372392
8282.0,374.9531782048039,375.309967492849,14.964338450279342
8283.0,375.45208932695414,375.3057650078009,15.883452815372536
8284.0,375.34059042215813,375.3013044048019,15.193105774162017
8285.0,375.4294495299526,375.29703767426366,15.732271422128271
8286.0,375.17357213021705,375.29261952803927,14.186555100171304
8287.0,375.211430109874,375.28863547048195,16.667246381825112
8288.0,375.7541828397331,375.28395475212307,13.76928233362531
8289.0,375.7119808825736,375.2800878786677,14.116419182993969
8290.0,374.8422224595104,375.2761235176139,14.912776064421955
8291.0,375.2815912439507,375.27193551300235,14.584849178505099
8292.0,375.53121501414233,375.26783960119144,17.710335392827453
8293.0,375.7014357532003,375.2628659486686,16.2185423404629
8294.0,375.39008592734126,375.25831124136135,14.762571217291896
8295.0,375.2160586315844,375.2541654192778,16.053587672668822
8296.0,375.09596007157165,375.24965703673973,15.68694441629442
8297.0,375.8025509006352,375.24525161984945,14.729179106321627
8298.0,375.2293042921096,375.2411151753838,14.664524019044801
8299.0,374.525047476847,375.23699688822177,15.362646470938946
8300.0,376.2131669451839,375.23268254500454,14.963510887469688
8301.0,375.9182529994398,375.22848029236366,14.49026479503605
8302.0,375.34867766768673,375.22441094300035,14.309605845522963
8303.0,374.54770295680936,375.2203923286921,16.02469009455026
8304.0,375.2271731877661,375.2158920615572,14.903994995754479
8305.0,375.9453457620402,375.21170652296263,13.838841461672407
8306.0,375.96017337533453,375.20782011498545,15.958195280363507
8307.0,375.81874064937927,375.2033385218109,14.82857638063587
8308.0,374.1192276383901,375.1991741632773,15.630582350316555
8309.0,370.45941279003455,375.1947845747339,15.267704208327949
8310.0,374.67046508563607,375.1904968944687,14.916962850232219
8311.0,375.1100181613356,375.1863077140683,15.854926154273995
8312.0,375.58083991111454,375.1818551223066,15.060928302541974
8313.0,374.89031402063097,375.17762551160837,17.087723854637417
8314.0,375.0442023512286,375.1728267091592,14.489015190994444
8315.0,374.9645962670116,375.16875771072637,13.754459718825283
8316.0,374.995380208302,375.1648949999553,13.555334054644579
8317.0,375.06365108464166,375.1610882103083,13.224754286091912
8318.0,374.9219613823546,375.1573742584796,15.522310208097453
8319.0,374.79990494059626,375.15301507636286,16.102040994874965
8320.0,375.247624684462,375.1484930865168,13.723704005560519
8321.0,374.91735596488866,375.1446390129752,15.233593039079537
8322.0,375.6705102924823,375.1403609122634,16.30442398477565
8323.0,375.246218834451,375.1357820865277,15.582772905496098
8324.0,375.3079820170255,375.13140592447,15.784870758619393
8325.0,374.90752034659846,375.1269730065987,14.593890661851162
8326.0,374.31059107412915,375.1228745556378,14.999199866783195
8327.0,375.1510468222695,375.1186622803419,16.371864408187065
8328.0,375.00545917235024,375.11406451508725,15.338471342217995
8329.0,374.41211617640977,375.10975696105197,14.392203826016114
8330.0,375.6711853572404,375.1057151504775,16.464257780557176
8331.0,374.6410634780021,375.10109143808415,13.867458131388265
8332.0,375.3789036830574,375.0971969935922,16.321546662153384
8333.0,376.1242766116337,375.092613359238,15.23256787072143
8334.0,375.80362117655574,375.08833554642763,14.25414439520688
8335.0,375.284783159689,375.0843325075433,14.295359355313636
8336.0,375.11245654018506,375.08031789412433,14.214522471748035
8337.0,375.45483660153985,375.07632598239684,15.353926535675676
8338.0,375.5803288417842,375.0720140880281,16.027389673615907
8339.0,375.13418450616194,375.0675130627614,15.275250473737328
8340.0,374.80794945293474,375.06322326325335,13.853419778252833
8341.0,375.345517209492,375.059332761199,15.55167943892085
8342.0,375.4372789885049,375.05496533122323,15.218522037343126
8343.0,374.8828416084109,375.0506914629511,14.972696412103609
8344.0,374.0782136219236,375.0464866307087,16.957815224611103
8345.0,375.435844350209,375.0417243109331,14.446877142362883
8346.0,374.95976115700836,375.03766714626903,15.827897686751216
8347.0,374.48040189285837,375.03322214500196,15.018215799156012
8348.0,375.6430713212795,375.0290045293984,14.377449140295818
8349.0,374.6846512952904,375.0249668624314,13.282852684075817
8350.0,374.83595993178017,375.02123659463604,14.93359372187609
8351.0,375.35775264745365,375.0170427437325,15.053445730867876
8352.0,375.11883253737375,375.01281523438973,15.378091920436383
8353.0,375.45845776144483,375.0084965535754,16.166165744026777
8354.0,374.4342353360195,375.0039565553623,13.399572127015864
8355.0,375.2890704401853,375.00019350885657,14.568725407337828
8356.0,375.1427424255389,374.99610212513807,15.544958731289356
8357.0,375.56552638615887,374.991736582561,14.240644520386299
8358.0,375.0377718940371,374.9877373348915,15.991854876040634
8359.0,375.15712108441693,374.98324628898047,14.552310755138295
8360.0,375.6567983648855,374.9791595150435,13.817422816010138
8361.0,375.35732398120786,374.97527912213593,15.476786357259659
8362.0,375.14446918464506,374.97093272463394,14.121897300766232
8363.0,374.885323065292,374.966966825142,16.00488032951576
8364.0,375.08485886352724,374.9624721212494,16.757522915896928
8365.0,375.47027512546634,374.9577660502306,14.898169776402987
8366.0,375.27777181994946,374.9535821475517,14.579769304000797
8367.0,375.2449037166073,374.9494876623388,15.331921664352125
8368.0,374.61074970316605,374.9451819476714,15.04768992190064
8369.0,374.6906656864852,374.9409560547517,14.14819895231638
8370.0,375.23607585273504,374.9369827688792,15.26831454541292
8371.0,374.69345381417173,374.93269491721105,14.93142776044487
8372.0,374.77431732000747,374.92850167458164,15.733243818224704
8373.0,374.63239138523556,374.92408325527606,14.12860322892926
8374.0,374.5927470231299,374.92011547253594,15.007628669981292
8375.0,375.02353241151985,374.9159008301511,14.881536574197218
8376.0,374.75115322929855,374.91172159862987,15.487755955952755
8377.0,373.814609413654,374.9073721204989,16.071810729225614
8378.0,374.83253312097327,374.9028586203191,15.247207651585196
8379.0,375.10303739102727,374.89857669617027,14.608737921860929
8380.0,375.3550690269236,374.8944740756039,14.421622089038953
8381.0,374.9793511991879,374.89042400340054,15.333337399987611
8382.0,375.0753643648073,374.88611789114736,15.995962461458118
8383.0,374.5554314321956,374.88162569168946,14.016350560494397
8384.0,374.7103720395096,374.87768943324033,14.767047028829806
8385.0,375.0647984907082,374.8735423541998,16.183305011667272
8386.0,375.1522417848209,374.86899754270905,16.426790897020027
8387.0,374.627402888364,374.8643843522654,14.813034783598205
8388.0,375.08046634128357,374.86022435833036,14.950481480081931
8389.0,374.4599144546439,374.85602576478135,14.047305377379283
8390.0,375.17648065431496,374.8520808131879,14.748401798668288
8391.0,374.0456532029731,374.84793897034945,16.297715970265653
8392.0,374.754256235522,374.84336202844776,13.465739326110587
8393.0,376.7247707521461,374.839580399987,13.723998989745356
8394.0,374.635097156972,374.83572624360403,15.858591779400227
8395.0,375.17090354748467,374.8312726224127,14.260664585880136
8396.0,375.30308958636704,374.82726775244146,15.341649582032305
8397.0,373.56746137855157,374.8229593058505,15.916255206261523
8398.0,375.1928736212322,374.8184894908468,14.516351842933101
8399.0,375.10870070936306,374.8144128153708,15.098950375066199
8400.0,374.39350139611,374.81017252680715,14.53762414821223
8401.0,374.74387686562005,374.8060898773589,14.021375586354242
8402.0,374.6213448925921,374.8021522077151,16.362657385857588
8403.0,374.9973539183477,374.7975570280992,14.477385390943121
8404.0,374.4953799119211,374.79349129570187,15.048026621956438
8405.0,374.8006539216934,374.7892653082256,14.774479408301003
8406.0,374.9169645477647,374.785116141925,14.368555360837455
8407.0,374.63272671949136,374.7810809726279,16.29849019916196
8408.0,374.8830299889898,374.776503813297,16.270622198170095
8409.0,374.28339902565534,374.7719344802297,16.212618711242442
8410.0,373.9401229788214,374.7673814364749,13.721706962525666
8411.0,375.2470162034455,374.7635279237696,15.72702356763383
8412.0,374.8182197997615,374.75911125131773,14.930686384358285
8413.0,373.8559474791852,374.75491821689144,14.297923732993846
8414.0,373.7530403225943,374.75090288330966,13.156312042172246
8415.0,375.4926121558931,374.7472081523445,15.787182308784336
8416.0,374.5672879177647,374.7427745853128,15.326815281691543
8417.0,374.5885991401943,374.7384703046879,17.520270422306186
8418.0,374.8200161406474,374.7335500287443,16.03099166286681
8419.0,374.8929556698578,374.72904799191895,13.868569865337554
8420.0,374.42160843330015,374.7251532352151,15.577216183944435
8421.0,375.50901125819763,374.7207786336701,14.168138907012215
8422.0,374.34355108207023,374.7167997479937,13.153078358875993
8423.0,374.63212526281643,374.71310592515454,12.983954479342898
8424.0,374.8074671151639,374.7094595979383,14.411110854140782
8425.0,375.17033720483016,374.7054124776401,16.62015640854236
8426.0,374.691326253098,374.70074498371537,14.542064051400642
8427.0,374.1035509374882,374.69666108739426,16.675549570118577
8428.0,374.78107892536616,374.6919780372233,14.736097446355389
8429.0,374.1749996058413,374.68783964985715,16.52824322640292
8430.0,374.5837220658385,374.68319796821777,15.186780164686573
8431.0,374.8826439082517,374.6789330141215,15.872512647923083
8432.0,375.08600869557455,374.6744754834862,14.119539511703373
8433.0,374.6739024012216,374.67051024613994,15.461481846223448
8434.0,375.3242954523112,374.66616814665485,14.917627341329021
8435.0,374.7016272302868,374.6619787796431,14.404953948001774
8436.0,374.75300115606444,374.6579333884094,16.458996139777355
8437.0,374.972599355816,374.6533111536602,15.518132450325288
8438.0,374.8632520241371,374.6489531447971,15.560648786058719
8439.0,374.69796183373,374.6445831959296,14.059904772536953
8440.0,374.9202834634482,374.64063470600604,14.08157563794402
8441.0,375.19654761545803,374.63668013018105,14.675065419638905
8442.0,374.25366782850824,374.63255888264234,14.43456207887005
8443.0,374.2298236384674,374.62850517645853,16.390452400602207
8444.0,375.20264578740694,374.623902191076,14.71034579289262
8445.0,374.50725765487994,374.6197710356325,14.842172171869437
8446.0,374.5203365606984,374.61560285894757,13.950837128112058
8447.0,374.81594311325176,374.61168499885406,15.81539320875134
8448.0,374.3234040882422,374.60724350926125,13.803320685754148
8449.0,374.7234051205825,374.603367076702,15.012917330128895
8450.0,374.9233484468559,374.5991509490852,14.354727914060906
8451.0,374.17787281473227,374.5951196629959,13.723903714150476
8452.0,374.247321415575,374.59126553336955,16.46104798670489
8453.0,374.2839024089149,374.5866427223933,16.52895909997655
8454.0,374.4128350047053,374.5820008397127,15.72012586654371
8455.0,374.29098578529084,374.5775861043652,15.040552018686409
8456.0,374.91859070928956,374.5733622160067,16.43695852529765
8457.0,374.3752508217752,374.5687461701541,15.655839761923664
8458.0,375.0690200510331,374.56434948848766,15.918613829823832
8459.0,375.0595172500281,374.55987901110376,15.346434284386556
8460.0,373.9871522778639,374.55556922080893,15.678249633777737
8461.0,373.87571516656374,374.5511662457034,15.194194056247902
8462.0,374.67239668121425,374.5468992095393,13.764509499547817
8463.0,374.39350425999675,374.5430336764548,14.218130206630304
8464.0,374.54584253613643,374.5390407515551,14.473281186574015
8465.0,374.2266998940042,374.5349761717552,15.142799752793106
8466.0,374.52366518719924,374.53072356882467,13.866595231148011
8467.0,375.08575773500934,374.5268293666639,14.079150054254402
8468.0,374.8634059761992,374.52287547202366,14.326319712455282
8469.0,375.2003801892,374.5188521639044,16.09220318150744
8470.0,374.62531362579705,374.51433293684426,15.905694331003358
8471.0,374.70586215964056,374.5098660876863,16.51129854497724
8472.0,375.086870505613,374.50522916467827,14.00519327389636
8473.0,374.19127320043503,374.5012960395672,16.285922101848858
8474.0,374.226146859871,374.4967224097769,14.777603557814134
8475.0,374.697754162096,374.49257236611106,16.152807523139884
8476.0,374.19792753133623,374.48803611933164,16.882487274265145
8477.0,374.61117043521455,374.4832949541555,14.231340359531478
8478.0,374.8984173737321,374.4792983194045,14.769979848113218
8479.0,374.7797490123733,374.4751504167305,16.1748227902206
8480.0,374.65959174922585,374.47060798733025,14.628072478909544
8481.0,375.1051061186953,374.4664999369757,16.95445118235378
8482.0,374.3798404666581,374.46173856193536,13.364067017676678
8483.0,374.48606594880715,374.4579854864479,13.406369256267809
8484.0,374.53222210517674,374.4542205310818,15.208068415488011
8485.0,374.741729155199,374.4499495985351,14.580728501289293
8486.0,374.11088850446185,374.44585484394764,15.178556934792446
8487.0,374.57503146081194,374.44159219920846,15.205753829647294
8488.0,374.4787909522923,374.43732191667465,14.170537952106796
8489.0,374.30245589798903,374.43334235726644,16.000395775211945
8490.0,374.81569494363947,374.42884891278624,14.595981649745143
8491.0,374.92762991698373,374.4247498746063,13.898519907226444
8492.0,374.21399922603234,374.4208467069323,15.172280417497603
8493.0,374.30378982201063,374.4165858248484,14.755696585512997
8494.0,374.15631272130827,374.4124419333906,14.48656050716055
8495.0,374.6475820678435,374.4083736243149,14.548026830296234
8496.0,374.45014156624705,374.4042880534467,14.69382003654767
8497.0,374.4904968365664,374.4001615389864,15.761307946743617
8498.0,373.8224496370334,374.3957352383381,15.292823428956329
8499.0,374.6548388500256,374.3914405037584,16.58259377376678
8500.0,373.8824535572573,374.38678355867364,13.684742104205554
8501.0,374.61016637775964,374.38294042693263,15.137451612215141
8502.0,374.92789827039644,374.37868932593824,15.379988152631228
8503.0,373.157882982603,374.37437011259874,13.948373869799692
8504.0,373.7837250532262,374.3704529442703,15.56492557849513
8505.0,373.9101322150402,374.36608179433705,15.03859924375124
8506.0,375.11566404062097,374.36185845438274,15.038239551543107
8507.0,374.9137215153686,374.357635215442,16.585250187734044
8508.0,374.67435394638926,374.35297752434764,16.893727636877443
8509.0,374.25342071456214,374.3482332025029,14.599442096841518
8510.0,374.8164370110293,374.34413319251405,15.81980212222943
8511.0,374.71436968916544,374.33969046475136,13.944586804251205
8512.0,374.82245028172423,374.33577435995727,14.155902376485052
8513.0,374.27960172888817,374.3317989107065,13.69431285638894
8514.0,374.41916472878114,374.3279530911793,14.619064418323907
8515.0,373.92011999528114,374.32384757058855,13.534174167569747
8516.0,374.2453956108134,374.3200467233431,15.092566363139438
8517.0,374.39778275846027,374.3158082276228,16.35413297592232
8518.0,374.2730964094906,374.3112154419454,16.15785645132952
8519.0,373.9945622285376,374.30667777725864,16.54949141015278
8520.0,374.7977355968647,374.302030128421,16.00085537759824
8521.0,374.02420497725103,374.2975365548691,17.332423076712953
8522.0,374.1687241276091,374.29266903272173,14.347020751779223
8523.0,373.98395281335974,374.28863991106067,13.900782493393887
8524.0,373.85222974241174,374.28473610797704,16.413536722165347
8525.0,374.3991818371524,374.28012663974755,14.46765683064818
8526.0,374.12190915346076,374.2760636394544,13.595114680207576
8527.0,374.1789784121929,374.2722456780816,14.773644362827383
8528.0,374.2551089061583,374.26809674628976,14.209961110441489
8529.0,373.92515602150706,374.26410611554456,12.77344202152374
8530.0,374.2808581010442,374.2605189072435,17.58476548584353
8531.0,374.8805183905181,374.2555805189362,15.128098274264449
8532.0,374.808636445727,374.25133204467085,16.087465695122365
8533.0,374.27719972253254,374.24681414805485,15.66071467861726
8534.0,375.061893273579,374.24241609734923,14.695782178441906
8535.0,374.0297953806749,374.23828903185415,14.716237282537923
8536.0,374.98404262939147,374.23415622188395,14.423232332147823
8537.0,373.7207867906579,374.2301056974707,14.277589603916171
8538.0,374.7511754232963,374.2260960743902,16.37839851139171
8539.0,374.27380528648297,374.22149647414165,14.490538844127052
8540.0,374.26618982083903,374.2174270478162,16.771700630357696
8541.0,374.66054232631944,374.2127169952225,14.245300733984848
8542.0,374.5905064490555,374.208716439933,14.742596896881704
8543.0,374.4500105370848,374.20457622730447,14.8195002241593
8544.0,374.4097213920033,374.20041441765824,13.698857888242413
8545.0,374.9069377357758,374.1965673217346,15.270425313449666
8546.0,374.5816226338183,374.19227887729244,15.439314339163676
8547.0,374.01382893384744,374.18794300318217,14.744905588169567
8548.0,373.92012619070084,374.1838021421961,13.485885974733225
8549.0,374.5964460916084,374.1800148558849,13.831317887666588
8550.0,373.77577208446064,374.1761305607781,15.640952925178608
8551.0,374.0691442716752,374.1717380598316,16.300722427667214
8552.0,374.3411938688733,374.16716027361656,13.757415072797768
8553.0,373.6241298853604,374.16329673288357,15.840034979193213
8554.0,374.90296696887543,374.1588483230602,15.228581176998954
8555.0,374.5591876397877,374.1545716298464,14.274298648802478
8556.0,374.11719122143364,374.1505629309758,14.951483940811286
8557.0,374.37539830803706,374.1463640559025,13.612285000061483
8558.0,374.9054993506235,374.1425412725316,15.683179538038916
8559.0,373.7645507874249,374.1381369129447,15.51094197698399
8560.0,374.12206459442507,374.13378092340616,15.68304157361014
8561.0,374.388368220588,374.12937660256426,13.189432506491878
8562.0,374.0655676255672,374.12567257026865,14.094155592118643
8563.0,374.1699780733233,374.12171446157316,14.031287639553497
8564.0,374.1652741582994,374.1177740082945,16.003964197115565
8565.0,374.5999811720954,374.1132795616825,16.472922099514264
8566.0,374.36646991671745,374.1086534160595,15.007492903180227
8567.0,374.2155061904791,374.1044388118025,14.47673668518593
8568.0,374.0560200303196,374.10037326158346,14.348495660980927
8569.0,373.9637444137324,374.0963437257186,12.496974834011628
8570.0,373.31593587846277,374.0928341586194,14.938238742038049
8571.0,373.9960576961764,374.0886390032393,15.776676640543824
8572.0,374.4748078814408,374.0842083865495,16.415124823442543
8573.0,374.05681616516654,374.0795984723282,16.520798666765486
8574.0,373.97131953117326,374.07495888136924,16.753499493921545
8575.0,373.9691883826738,374.07025394026147,15.076152941769708
8576.0,373.7667842931349,374.06602005397696,15.376428522154331
8577.0,374.4149662261022,374.0617018403003,16.338999140599697
8578.0,373.85182823327125,374.0571133047083,14.836681031779355
8579.0,373.98829106324445,374.0529466701186,16.697837455343087
8580.0,374.35818728353604,374.04825736076657,14.603428734472843
8581.0,374.1074518269406,374.04415623119695,15.699538891929633
8582.0,373.66211845570916,374.0397472773581,16.084539602137813
8583.0,374.3611274316276,374.0352302024865,15.701294910087425
8584.0,374.7673846726763,374.0308207554993,14.002648530750227
8585.0,374.09809181584393,374.0268883450368,14.641620765075787
8586.0,373.56757574377923,374.02277648987206,15.83104922988134
8587.0,373.5759208074997,374.0183306035466,15.697515778044176
8588.0,374.0942438599511,374.01392221786557,16.11854774494481
8589.0,373.87026485087785,374.00939559237395,14.729119857372641
8590.0,373.4385514589172,374.0052591645473,12.273952649267873
8591.0,374.28853024313946,374.00181222951164,13.506538445741107
8592.0,373.9877211386372,373.99801914329805,15.836826664399412
8593.0,374.02893040612923,373.9935716344765,16.45882292834488
8594.0,373.0939719613797,373.98894944837076,16.312935359307566
8595.0,374.2876852516522,373.9843682323574,16.6288200736172
8596.0,374.5667353638918,373.97969830538676,14.38440908734432
8597.0,373.9727226451703,373.9756586838347,16.47185374349793
8598.0,373.77400158514473,373.9710328382418,14.891960757681803
8599.0,373.7959248035242,373.9668506792623,16.018545393633595
8600.0,373.911807425214,373.96235213776424,15.293954737073264
8601.0,373.96860210833694,373.95805708547556,15.190134137860616
8602.0,373.9408373886035,373.9537911894719,14.379969815451533
8603.0,374.3251678051933,373.94975281461535,13.90850977383854
8604.0,373.2041053091554,373.9458468414539,14.316923305194859
8605.0,374.0565578899576,373.941826172159,16.018799897562253
8606.0,373.9203318825349,373.9373275591878,14.534148014239866
8607.0,373.4785616091423,373.9332458859538,15.729833765918041
8608.0,374.155069635319,373.92882842430447,11.823325272908633
8609.0,374.0622921323429,373.92550804045703,13.7888951245133
8610.0,373.89126703056274,373.92163565907623,14.959015706063726
8611.0,373.93114097162413,373.91743466883213,12.836102052382234
8612.0,374.1574397892157,373.9138298635057,13.711384687712753
8613.0,373.73079774668923,373.90997924963926,15.540525060542988
8614.0,373.54636112071233,373.9056149521847,15.557308842592443
8615.0,373.2820187308941,373.9012459412848,15.160631868162076
8616.0,374.0202560673819,373.8969883305018,14.835498486405394
8617.0,373.49343387698065,373.89282202801024,15.652462439604104
8618.0,373.86559597425673,373.8884262948084,14.72829479193067
8619.0,373.70142304751744,373.8842900986877,12.549554500859667
8620.0,374.6489800125198,373.8807657654654,15.33597013905159
8621.0,374.0168939620126,373.8764589138513,15.386776231240455
8622.0,374.232413215296,373.872137794193,14.542694783132482
8623.0,373.49370386274785,373.86805372074144,15.58785970217622
8624.0,374.3464392159411,373.86367613014176,13.65222432229542
8625.0,374.2492653305148,373.85984213047794,16.96449983422832
8626.0,373.9241219294458,373.8550779334412,14.037788268305857
8627.0,373.8938756809913,373.8511356545691,15.039475528879564
8628.0,374.20034109482964,373.8469120685248,15.00211868935171
8629.0,373.9327729634822,373.84269897352624,14.221272674611232
8630.0,374.021910002917,373.83870516611677,13.573496279061699
8631.0,373.78451250778204,373.8348932759117,14.841151494208948
8632.0,374.6450888705403,373.8307253858671,17.090201411252693
8633.0,373.9395004216519,373.82592588763737,14.35158537745487
8634.0,373.4729363569885,373.82189548407723,13.29343746787975
8635.0,374.3148605660234,373.8181622437217,14.81391191271068
8636.0,374.06590650597263,373.8140020034595,14.444057515862838
8637.0,374.60460818072823,373.80994563064047,15.344462599091296
8638.0,373.29836948549155,373.80563639406057,14.033295003120893
8639.0,373.34347272192645,373.80169537704717,14.193456922863632
8640.0,374.2558966929967,373.797709381228,14.882024256826343
8641.0,371.60897903849633,373.7935300127492,15.601854806571868
8642.0,373.5004561046501,373.7891484918577,14.929042787533021
8643.0,373.6290234782111,373.78495591900827,12.498557732813456
8644.0,373.923009814954,373.78144590737827,15.833273961838897
8645.0,373.5267524677598,373.77699939627394,14.739060680803421
8646.0,373.4635654748919,373.77286017673276,16.207938126958954
8647.0,373.76848791864563,373.7683084474421,13.383285079881738
8648.0,373.7186441987813,373.7645499748822,14.841264509673913
8649.0,373.73726073656997,373.7603820530991,15.030601322189277
8650.0,373.1109474735927,373.7561609592277,15.348252272434024
8651.0,373.89343676322403,373.7518506583812,15.127241013201498
8652.0,373.3171591249659,373.7476024248634,13.218305467423692
8653.0,374.0005731266796,373.74389028407796,14.828367773789052
8654.0,373.1377022540531,373.73972598412814,16.750875133487952
8655.0,373.80507692102367,373.73502178002815,14.090406107056088
8656.0,374.567841040649,373.731064724313,16.130363181220307
8657.0,374.0458782386437,373.72653478065297,15.6944270722994
8658.0,373.31902903871304,373.72212726238354,15.736394323370703
8659.0,374.01009026349976,373.71770795831105,14.59751750472312
8660.0,372.84229891819734,373.7136084888119,14.011827893423929
8661.0,374.0563227452926,373.7096735004784,14.388226363392356
8662.0,373.75949988206025,373.70563280690806,15.111563010373205
8663.0,374.1094966302879,373.70138897629596,13.956456074675355
8664.0,374.06668326522316,373.697469538215,14.56776668782581
8665.0,373.32380769007005,373.6933784237368,14.165863119196066
8666.0,373.0959497243061,373.6894001771775,14.947694444238751
8667.0,373.42495584656734,373.6852023663211,15.691726704954357
8668.0,373.4476000303151,373.68079560640484,15.398570199242467
8669.0,373.1358309140653,373.6764711746072,16.312985984539893
8670.0,374.104812750979,373.67188994437646,14.131731773719247
8671.0,374.0630063505515,373.6679212830367,15.20416897956015
8672.0,374.12360454196323,373.66365144558165,14.026606414265647
8673.0,373.52619737690696,373.659712306947,14.708548400911173
8674.0,373.7073355248361,373.65558165627107,15.15637562040939
8675.0,373.9230772828359,373.65132524078433,14.65184867106808
8676.0,374.4661960657826,373.6472105132825,16.427119789807044
8677.0,374.6442580180962,373.6425972304749,14.22188548429463
8678.0,374.22114013788564,373.6386032509681,14.723543765855034
8679.0,372.6514482838579,373.63446838909385,15.897419256125895
8680.0,374.04303623059315,373.6300038638527,14.790013659949402
8681.0,373.94473115365014,373.62585033501654,15.045103556350753
8682.0,373.56280352420396,373.6216251684345,14.446811963432188
8683.0,373.56747769023013,373.61756802207475,15.028203953102182
8684.0,373.4470973052105,373.6133476014646,14.494606707298134
8685.0,373.9206687370842,373.6092770327476,13.78926667683688
8686.0,373.08607672069496,373.6054045470225,15.810457773829938
8687.0,373.92291556448953,373.6009644434644,14.504825277078904
8688.0,373.3838543576164,373.5968910050324,15.476864165760476
8689.0,372.9759384129959,373.59254458567915,16.80948890860403
8690.0,373.4816582227243,373.5878239208773,15.74832520441826
8691.0,373.29971396828734,373.5834012662158,15.821441984052235
8692.0,373.67132406237334,373.5789580779252,14.50877305922201
8693.0,373.4353925525976,373.5748835308245,15.686067708332683
8694.0,373.56260365836386,373.570478360143,15.603128827800646
8695.0,373.86005139185744,373.56609648146394,14.111069519783847
8696.0,374.17013947144596,373.56213362277373,13.56536386985372
8697.0,373.8619713126369,373.55832401642033,15.82302584804375
8698.0,373.61771322971924,373.55388038332796,13.986357236138296
8699.0,373.4858059536534,373.54995254800417,15.017082594255289
8700.0,373.8889624962081,373.5457352506423,14.853454345285996
8701.0,373.3913338057954,373.541563905547,16.316198135377448
8702.0,374.2159016615868,373.5369817732373,15.051264469295381
8703.0,373.5783758235728,373.5327548764655,15.264790726994075
8704.0,373.9327175345124,373.528468014403,15.980226397699976
8705.0,372.901954751312,373.52398023415634,16.077396039828983
8706.0,373.14630916919316,373.5194651654352,16.27452631121654
8707.0,373.8384421606244,373.51489473596274,16.375810317023415
8708.0,373.3973958582416,373.5102958625654,17.350194799057334
8709.0,372.2715487596041,373.5054233495259,16.24620931892182
8710.0,374.31847953322387,373.5008608724089,14.366850309971506
8711.0,374.1070925343115,373.49682618194686,15.017047565121747
8712.0,374.0630668374722,373.4926088944223,15.118035033621132
8713.0,373.501523650458,373.48836324625034,14.244555928619487
8714.0,373.87892610270626,373.48436290012705,16.96940303269188
8715.0,374.176168166161,373.4795973261087,14.930128259509644
8716.0,373.67482349530303,373.47540444842247,16.734257983583593
8717.0,372.642564546064,373.47070491097213,13.241682816625733
8718.0,373.3858770978372,373.4669862050478,15.413136437299435
8719.0,373.0890440244426,373.46265768256495,15.779074412377296
8720.0,373.58177582260646,373.4582263925008,14.719241870632912
8721.0,373.2477034316328,373.4540927387422,14.558775390889014
8722.0,372.98024333864225,373.4500041493199,15.262443030413605
8723.0,373.8357105063485,373.4457179465689,14.962259090385357
8724.0,372.9229076354175,373.4415160454743,14.649061363972233
8725.0,372.8389830546118,373.4374021007413,14.098255579558995
8726.0,373.4714276658157,373.4334428406327,15.756212574789256
8727.0,373.1325076177315,373.4290179709346,15.688205433472477
8728.0,373.6248233090301,373.4246121999087,15.669179941056784
8729.0,373.74154772919235,373.42021177187524,14.411690796737727
8730.0,373.4134243341229,373.41616448870985,15.727383127616442
8731.0,373.81444079365286,373.4117477152815,15.28988207894795
8732.0,372.42425956903713,373.407453806731,15.761563459982309
8733.0,373.5746867049471,373.403027434326,14.443830100690326
8734.0,372.1666869274072,373.39897112537267,15.979406975344448
8735.0,372.3561767624969,373.3944835752471,15.670991388037255
8736.0,373.8098234035092,373.39008263849894,15.054372601413252
8737.0,373.0124974636442,373.38585486886006,13.546937941169137
8738.0,373.5383607228744,373.38205043712156,16.403048242190508
8739.0,373.5216767023075,373.37744391440685,13.917014585083006
8740.0,373.3077535910216,373.3735355528109,13.799757368314678
8741.0,373.9122331718452,373.36966012095,14.656178011604283
8742.0,373.0873772255748,373.36554417762505,14.462490428032538
8743.0,374.2473144039257,373.36148262822985,15.97783747601798
8744.0,372.805857573909,373.356995518872,14.74539353716867
8745.0,373.1703004419492,373.35285452085367,15.312121273143246
8746.0,373.3625508499291,373.3485543667961,13.955873143397525
8747.0,373.4410498272202,373.3446350924217,15.276195762999208
8748.0,373.50477399865974,373.3403450274449,15.847578715341985
8749.0,373.0048729642965,373.335894499089,15.977351004828444
8750.0,373.090432286792,373.3314075263485,16.24348656976998
8751.0,373.83515852842095,373.3268458138702,13.63148239691024
8752.0,372.9647696161299,373.3230176392304,15.601249574866266
8753.0,374.1284572303455,373.31863628830814,14.80261718253008
8754.0,373.9901553590754,373.31447921998273,15.741285599967425
8755.0,372.5561019226567,373.3100585422767,14.777943043981592
8756.0,373.6899326744832,373.3059084032718,14.485677802563597
8757.0,373.2025309238692,373.30184034208895,15.516674782466128
8758.0,373.3750763955106,373.2974827425875,13.998452502646535
8759.0,373.41019913303865,373.29355151050964,15.565809880622123
8760.0,372.4453135873505,373.2891801122349,15.329636539303268
8761.0,373.15951733528595,373.2848750393067,14.80743791630656
8762.0,373.2086919105931,373.28071661715853,14.363323681607497
8763.0,373.7687591057209,373.27668291709136,13.675465599825344
8764.0,373.3122254844864,373.27284239050203,15.384722837480707
8765.0,373.05670958147834,373.2685218475052,13.898575234371858
8766.0,372.9207187296072,373.26461866429355,16.38631956530975
8767.0,372.4975809273963,373.26001683954894,15.418199784615263
8768.0,373.50805516269094,373.2556868951094,15.668264653899255
8769.0,372.7407649025116,373.25128672411915,15.07577882356446
8770.0,373.12375040294035,373.24705294289953,14.777563747141288
8771.0,372.94643966546664,373.2429029104139,15.088492317244825
8772.0,373.40824026314914,373.2386655588214,16.337704416991155
8773.0,373.43059446443084,373.234077386831,16.172648935185467
8774.0,373.47438825925474,373.2295355679217,14.884238008523427
8775.0,373.372458847294,373.2253555777477,15.439728327645293
8776.0,373.4432582864272,373.2210195873756,14.822799452791083
8777.0,373.0373976411601,373.216856851196,15.388636662759048
8778.0,373.3525102056172,373.2125352090665,15.026507519985557
8779.0,373.2902068340442,373.2083152648713,13.257654830903737
8780.0,372.81451507382275,373.20459207347295,14.669967508337612
8781.0,373.6287857234559,373.2004722575977,14.749706502567667
8782.0,373.52297994359066,373.1963300483549,15.27638405534834
8783.0,372.77688244934205,373.1920399304993,13.085048058190214
8784.0,373.2818093076199,373.1883652128363,16.711794416450374
8785.0,373.15066192627705,373.18367198390433,14.196542517564307
8786.0,372.7415737232043,373.1796851215473,17.450188822006673
8787.0,373.4882299793052,373.17478452685316,14.250437083612061
8788.0,373.2316732279746,373.17078252910545,15.566784244119447
8789.0,372.8802655403073,373.166410857197,14.641085984653746
8790.0,372.6203586369162,373.1622991522163,15.987183265386864
8791.0,373.18031111506787,373.1578094182492,13.752851240782105
8792.0,374.226331772527,373.15394715919246,14.521715297357972
8793.0,373.08110225665655,373.1498689774798,15.742166836078525
8794.0,372.6559288212682,373.1454480522933,17.35392512354145
8795.0,372.9136447444379,373.14057449165443,14.028470797451252
8796.0,373.07131497525165,373.13663482943883,13.36136231070039
8797.0,372.8459099264321,373.1328825135232,14.803000946515104
8798.0,372.75411714007885,373.1287253374241,15.601492238828264
8799.0,373.4835228843142,373.12434391835365,16.53164889208414
8800.0,373.29196051162086,373.1197012802898,14.160796195179358
8801.0,373.69176436441774,373.1157244566916,15.812777633237582
8802.0,373.26337325159335,373.11128370163965,17.79819414288199
8803.0,373.36888037910137,373.1062853754512,15.053538398715553
8804.0,373.0947845152082,373.1020578400842,14.850137559502105
8805.0,373.197526661806,373.0978874264529,15.132182385642134
8806.0,373.31831071426546,373.09363780523296,14.708825943765513
8807.0,372.8022575468334,373.0895070766137,14.478546140033727
8808.0,373.35689254878594,373.0854410182394,14.243292028410767
8809.0,373.27785700392747,373.08144102706143,13.817475777028147
8810.0,372.7852012786933,373.07756061928075,14.600877820082628
8811.0,372.6607971430355,373.0734602060929,15.059620644431831
8812.0,374.37345107928803,373.0692309626286,16.1951127900967
8813.0,372.94260417368054,373.06468283512004,14.74081070587597
8814.0,374.0100731324899,373.06054312411345,15.353372986179208
8815.0,372.99620271264195,373.05623138519985,14.06709739735366
8816.0,372.97556108272084,373.05228087534744,13.988323633027376
8817.0,373.0677386453027,373.0483524877938,16.496636697503476
8818.0,372.6486207721404,373.0437196823213,16.66297189823115
8819.0,373.03970975472936,373.03904016437986,14.586307184635858
8820.0,373.7010903558931,373.03494384311216,15.074295365435214
8821.0,373.63673450940325,373.03071047849704,13.977886679482749
8822.0,372.2972361640112,373.02678502198785,13.35624718220864
8823.0,372.7107781919647,373.02303414257085,12.44261102555312
8824.0,373.0471307812678,373.01953984264117,14.969433825054853
8825.0,373.37254887936086,373.015335926642,15.873877688892808
8826.0,373.105514801076,373.0108780126577,13.725566533158315
8827.0,373.2804538473055,373.00702341605626,15.852447775101824
8828.0,373.46642789938363,373.00257152030605,13.440564191133612
8829.0,373.05629527705594,372.99879696186247,14.67063041006857
8830.0,372.4024213526474,372.99467695982224,16.520738107005975
8831.0,372.3165521826821,372.9900373858705,15.542354387508505
8832.0,372.4777900861017,372.98567257468005,14.993628168352878
8833.0,372.8604965930392,372.9814618641028,15.759538450960807
8834.0,372.6145699476877,372.9770360603878,16.913556698925397
8835.0,373.0706031834889,372.9722861698815,15.31276003918358
8836.0,373.1482887653533,372.96798583643715,16.10070799667196
8837.0,372.75073896658955,372.96346422094143,15.089609011370483
8838.0,372.7395092490862,372.95922655574407,14.446507864696397
8839.0,372.24261525152156,372.95516949478537,15.571682341328028
8840.0,373.010799231892,372.9507964473279,14.698639117612847
8841.0,372.9823212199879,372.94666857950904,15.313223464390937
8842.0,372.2137987746281,372.94236811591935,14.007238955850445
8843.0,373.35957546809783,372.9384344163126,16.355313499266995
8844.0,373.064652988801,372.93384129910487,14.197705520614377
8845.0,373.4375877087459,372.92985411013785,13.999599045356904
8846.0,372.21578860456617,372.9259225560727,14.545518824622409
8847.0,373.08941340223953,372.92183768953606,16.416942894757064
8848.0,372.3486589502335,372.9172272647398,14.888785026270691
8849.0,372.4599623047082,372.9130459976116,15.716726611615677
8850.0,372.6371932071938,372.9086322168882,15.639766774755575
8851.0,373.0612201088449,372.90424004905225,17.050719710944257
8852.0,372.7739359710443,372.89945163860006,15.377612086969922
8853.0,373.246385863265,372.89513309253897,14.781595263662611
8854.0,372.58377113610777,372.8909819278692,15.285058831089959
8855.0,372.29669895618883,372.8866893738474,15.981141747815387
8856.0,372.6463361834154,372.8822013365399,16.78281118501459
8857.0,372.51743362444614,372.87748816373215,12.946453204137217
8858.0,372.26106090003367,372.873852368124,15.80141792137038
8859.0,373.11577767176635,372.8694148032577,16.785649833413462
8860.0,373.6039890210873,372.86470083326276,16.173681021281034
8861.0,373.1106789587378,372.86015872450935,14.234083232221387
8862.0,373.1005019068828,372.8561613194683,13.864514926027306
8863.0,372.8955040302459,372.8522677015266,14.361225300525636
8864.0,373.1047149706523,372.84823459075466,14.194609728228917
8865.0,373.23211051716544,372.8442482711893,13.849871356780028
8866.0,373.17507437002337,372.84035876564997,14.934194871441868
8867.0,372.5041658026544,372.83616474592355,16.398559415709208
8868.0,373.51976445676075,372.83155948382097,14.584827627632984
8869.0,372.40287421870437,372.82746357806224,18.140392124063986
8870.0,371.8396026849693,372.8223691512741,16.259685653821908
8871.0,372.42652920319983,372.8178028895529,15.278233169044412
8872.0,372.92863677521024,372.8135122524046,15.404271733582258
8873.0,372.73885835648053,372.8091862194261,14.185912717196608
8874.0,373.0290828555236,372.80520234227134,15.347695576962542
8875.0,372.68381278976693,372.8008921977635,12.532618504376225
8876.0,372.8094739465187,372.79737262073354,15.305874429673873
8877.0,372.81730161734004,372.7930742209979,14.307235065062704
8878.0,373.58104287706135,372.7890562724838,14.618062383706032
8879.0,373.0448445151223,372.7849510332977,14.43897918423822
8880.0,372.9511389530412,372.78089608664345,14.274504180337203
8881.0,372.8089354344048,372.77688733005283,17.34340883982147
8882.0,372.22191760224507,372.77201672273696,17.168267477263026
8883.0,372.8685318477292,372.76719530095374,13.982622104256816
8884.0,373.6725517228991,372.76326851457947,15.23648851460918
8885.0,372.66595481044703,372.75898960072163,16.55594654640521
8886.0,372.8345516970807,372.75434013906647,14.592749587827882
8887.0,372.54449039336373,372.7502420085572,15.913997173626573
8888.0,372.8164560540418,372.7457728276843,15.827907865118963
8889.0,372.8975242554107,372.74132782355883,14.269699171098374
8890.0,373.0056233992994,372.7373204163749,15.488211123202104
8891.0,372.523413214576,372.73297081041784,15.876086798507583
8892.0,372.5291366897181,372.728512276042,14.81414322561887
8893.0,372.52149487743554,372.72435197081944,14.905010996132274
8894.0,372.5937978914644,372.720166146898,14.660639784502255
8895.0,373.0614401345049,372.71604895055856,14.71392906619833
8896.0,372.5908036539699,372.7119167888125,13.982681250606616
8897.0,372.13203626511034,372.70798998582796,15.39674783466119
8898.0,372.50482288749,372.70366606581103,16.381762687652717
8899.0,373.1220202400368,372.69906552078965,12.917233607872122
8900.0,372.61851780211714,372.69543793101803,13.96070311633667
8901.0,372.36598333533607,372.6915173002262,16.051180513470957
8902.0,373.03103051723,372.68700959369863,14.008019836045916
8903.0,372.2159592820242,372.6830756747947,14.249982615321134
8904.0,372.51954308963394,372.6790738046769,15.282745971027316
8905.0,372.448764730018,372.67478190018335,15.639176669985716
8906.0,372.4479933109964,372.67038989806855,14.823892830267118
8907.0,373.18148798314576,372.6662268548321,15.406098259516295
8908.0,373.0760458827047,372.6619003089042,16.081134043311497
8909.0,372.9634183359853,372.65738419042697,14.574945774742517
8910.0,372.8462519169012,372.65329105982187,14.66386301477972
8911.0,372.17088142417293,372.64917295829196,16.252532132300246
8912.0,373.7890710228398,372.6446087055182,15.520426983618874
8913.0,372.8786770811088,372.64025005227353,14.811145278194317
8914.0,372.4027104874017,372.6360905889746,14.356045434939372
8915.0,372.19089787794394,372.6320589328816,14.161577416940517
8916.0,372.3717212256931,372.6280818898904,13.914987165472823
8917.0,372.5890179183692,372.6241740976614,14.365166840214316
8918.0,372.9242742553398,372.6201398799738,15.438500508470026
8919.0,373.3582004020887,372.6158042344143,16.10510194942254
8920.0,372.2817332307116,372.6112813849502,17.012024229341563
8921.0,372.50255193751724,372.60650384147914,13.102244920685285
8922.0,373.1139660493931,372.60282429436387,14.762163983375705
8923.0,372.3675719663842,372.5986785866452,14.916488102452073
8924.0,372.27970035209046,372.5944895395698,14.921224274074456
8925.0,373.08271014719526,372.5902991624195,16.18429000171842
8926.0,373.1407969843656,372.5857540743106,13.755581676946766
8927.0,372.39397059809096,372.5818910484564,13.977292394897809
8928.0,372.8772929059245,372.5779657588422,13.462355529339396
8929.0,372.0959754114646,372.57418508066434,14.33818147079515
8930.0,373.0245251180751,372.570158441368,14.308695521034318
8931.0,372.9142287287379,372.5661400827091,15.989908607673229
8932.0,372.7719506903246,372.5616495833752,14.39506704953754
8933.0,372.51587953844216,372.5576069687121,15.747663673460922
8934.0,371.819230977652,372.5531844998304,14.366311029639993
8935.0,372.6114203086355,372.5491499608163,14.973555362955253
8936.0,373.27390815239534,372.54494488735185,14.915725815764054
8937.0,373.02641044814374,372.54075605435196,13.756621299318175
8938.0,372.7951261903174,372.536892736537,15.737273180738601
8939.0,371.79282071719797,372.5324731856521,14.614628720708485
8940.0,371.6178563875291,372.52836891075304,14.723650357540006
8941.0,372.1722916854088,372.5242340189443,15.801229218883195
8942.0,373.13121100806785,372.51979650707204,16.702047057131285
8943.0,372.1932528979012,372.51510601552343,14.41241791157633
8944.0,373.1643873173569,372.51105852815994,16.86019717934658
8945.0,372.36988086682845,372.5063236227854,15.22527185615095
8946.0,372.82530926462084,372.50204785893914,14.654300666536729
8947.0,372.21919849966434,372.4979324428353,14.5928031309589
8948.0,371.95293003746497,372.49383429728937,14.488271397683611
8949.0,372.7630237294333,372.4897655077385,14.331494687367847
8950.0,372.5811396597224,372.4857407463138,14.676318152336872
8951.0,372.87217674884175,372.481619146966,13.879889112776077
8952.0,371.7448658646702,372.47772121144016,16.69509064788743
8953.0,372.4541642808775,372.47303267348326,14.73480945287962
8954.0,371.9698122113138,372.46889464782856,14.212091101627804
8955.0,373.07168215464105,372.46490341891086,16.34771327868361
8956.0,372.1078086935234,372.46031243609843,16.54728747164035
8957.0,372.19479913548616,372.4556654062001,15.556158639543975
8958.0,372.57622484885826,372.4512967183155,16.084244435893112
8959.0,371.9417669055189,372.44677972633644,16.33975413179093
8960.0,372.83451257226113,372.4421909787178,14.316299670960111
8961.0,372.84396935729393,372.4381704845602,15.91872515077166
8962.0,371.7395137045489,372.4336999759137,15.06135421153338
8963.0,372.95463185884796,372.429470245606,16.5076216101039
8964.0,372.8255725691602,372.4248343552038,14.742016741070378
8965.0,371.9330083393876,372.4206943055023,14.762457576836354
8966.0,371.78729274435693,372.4165485153328,14.039943724833481
8967.0,372.6631654607586,372.4126056311367,14.553481569450295
8968.0,372.97565009788,372.40851852839603,14.09637221766467
8969.0,372.1768871768559,372.4045597971982,13.92748292472727
8970.0,372.3504123851723,372.40064849574344,14.085565967142543
8971.0,372.2977503336395,372.3966927993011,15.031120466397217
8972.0,372.15721277189914,372.3924715596367,16.681013240066978
8973.0,372.9442419485142,372.38778697508513,16.227463416317995
8974.0,372.45036194722746,372.3832297624424,15.728923360675406
8975.0,371.6694397577749,372.37881255646533,14.219732424816979
8976.0,372.75247647287654,372.37481918160927,14.777839065669108
8977.0,372.0124452136252,372.370669071805,13.449170998941394
8978.0,372.10767896863825,372.3668920962828,15.785186353646424
8979.0,371.97009105498114,372.36245908978185,14.904023466581314
8980.0,371.97348803059026,372.3582735431917,15.56371529257681
8981.0,371.73184100600156,372.353902733147,14.595155824854366
8982.0,373.21741392846,372.3498039268862,15.679271215482759
8983.0,372.4294438586415,372.3454006648865,14.237746842998732
8984.0,372.9426967059248,372.34140223098143,15.458664517639331
8985.0,372.4548987888506,372.3370609226961,15.6488727222841
8986.0,372.56719199492727,372.33266619760656,15.309731874432108
8987.0,371.8843515729756,372.32836671457187,13.985767250706997
8988.0,367.94578652895336,372.32443904493556,16.78298980196607
8989.0,371.95161321904396,372.3197258219662,15.358514494171336
8990.0,372.62634728062153,372.31541263914573,13.905367502121202
8991.0,372.45528901060834,372.3115075484389,13.518060459016217
8992.0,372.6455633130828,372.30771122646,16.79360620621409
8993.0,371.59844555953947,372.3029950220504,13.775167731527842
8994.0,372.5390565293572,372.29912649577915,14.998302403578336
8995.0,372.5988994757014,372.2949144725208,14.369305034366944
8996.0,371.89711706319605,372.2908790926903,16.26306620320669
8997.0,372.5024336026901,372.28631188159824,12.658892828578615
8998.0,371.79872342272216,372.28275684252884,13.94984386243286
8999.0,372.5125970641638,372.27883926137747,14.13601983945468
9000.0,372.2948398822737,372.2748693958059,15.43612586470749
9001.0,372.54204046717905,372.27053441712565,15.011218199275609
9002.0,372.77249403693224,372.2663187666813,12.99960086270991
9003.0,372.03131918966585,372.262668045439,15.164671140557205
9004.0,372.2293507416749,372.25840930029375,16.433532011709357
9005.0,372.2992304368481,372.25379421672045,14.268182654581736
9006.0,371.79645054516243,372.24978723542495,14.345823306292624
9007.0,372.30303984675254,372.2457584500464,15.359698647748505
9008.0,371.5814484006662,372.2414449346762,15.725580175563715
9009.0,372.71095389466626,372.2370286675769,15.098518196194204
9010.0,372.5940285490081,372.2327885003835,15.690571944145049
9011.0,372.3561846644895,372.22838206476246,15.867093181406627
9012.0,372.21299251677317,372.223926056094,15.279269297205788
9013.0,372.3634925621024,372.2196351279664,15.924736304568789
9014.0,372.48592040047464,372.21516293118754,15.811246589548606
9015.0,372.2746927435234,372.2107226061036,13.461765936422307
9016.0,372.24613181514246,372.2069420935032,16.613096674563007
9017.0,372.94948255206054,372.20227658218704,16.420843395555657
9018.0,372.5931865396559,372.19766506200017,14.908770125329827
9019.0,371.777301443116,372.1934781823899,15.000379329010059
9020.0,372.2484769133802,372.1892655758617,15.903965289028688
9021.0,372.6109486869628,372.18479921227635,15.195253285012013
9022.0,371.96266620221434,372.1805318786455,15.105196275415064
9023.0,371.64341329348525,372.17628983602486,17.03073671902135
9024.0,372.07694131253635,372.17150703746285,14.526602347746234
9025.0,371.6584080626764,372.1674274833036,14.98610548108978
9026.0,372.3122315430951,372.16321888534765,17.605920498550404
9027.0,372.21676544230917,372.1582745560076,16.245656337690097
9028.0,372.3518444427284,372.1537122341862,13.978174289319561
9029.0,372.31469167590996,372.1497866969066,14.530070392102004
9030.0,371.1473221484134,372.1457061688048,14.948279061885499
9031.0,372.236901863733,372.14150819376823,15.147036747642883
9032.0,372.1133797141618,372.1372544009482,13.901653248424608
9033.0,371.9077247925178,372.1333503533276,13.820356210976096
9034.0,372.2578512714391,372.12946913662506,13.673742720307203
9035.0,372.1963318609852,372.12562909387776,15.560270614401492
9036.0,372.5191177457875,372.12125925121353,16.746958586180384
9037.0,371.85252210255715,372.11655614701056,16.45597198222783
9038.0,371.78986162376333,372.11193476154557,13.387614983732034
9039.0,371.9101630446997,372.1081750730043,16.129833260298877
9040.0,372.42266549747217,372.10364527816375,15.910296047734107
9041.0,372.20310856772136,372.0991771366903,17.340589413307605
9042.0,372.89269406725106,372.0943073211634,13.2466206013915
9043.0,372.4026841909958,372.0905872285445,14.109003030973719
9044.0,371.9313220859399,372.0866249501933,14.122568990339897
9045.0,372.2756732560176,372.0826588620685,13.752798295166864
9046.0,372.4287824516692,372.07879661788064,16.445068498979715
9047.0,372.3676001404438,372.0741782944771,15.572420541996214
9048.0,371.93807021101435,372.0698050397083,16.13377664728997
9049.0,371.88242998742146,372.0652741374331,13.519307152636623
9050.0,372.635656300301,372.0614774653411,15.088698887639277
9051.0,372.5853238837491,372.0572400557368,15.416259908648742
9052.0,372.0563398878269,372.0529106560792,14.190035264666154
9053.0,371.1607035607841,372.04892562117567,16.134418790292347
9054.0,372.5115971792673,372.04439453856537,15.604057532709422
9055.0,371.7729432011591,372.04001239907495,17.17813310898419
9056.0,371.9097643390485,372.0351882066935,13.868255964235116
9057.0,371.85112672788244,372.0312935381436,15.352669883397272
9058.0,371.7514331386749,372.0269819966847,16.8571752515337
9059.0,372.7870923797561,372.0222479399682,16.921743009809212
9060.0,372.29471340105533,372.01749575047285,15.4364725465167
9061.0,372.63598932697323,372.01316067443275,15.327494606112504
9062.0,372.22821649307826,372.00885620303086,15.04760684291235
9063.0,371.91845434838274,372.00463033344244,13.952535523869077
9064.0,372.4808070908624,372.0007119963829,15.648007323945658
9065.0,372.2093629151101,371.99631751432605,16.867567648887142
9066.0,372.36111805979033,371.99158053907803,14.588746224110842
9067.0,372.3418860896263,371.98748353284674,14.559206275891391
9068.0,371.56100356326994,371.9833948224176,13.386600977985651
9069.0,372.1168656401817,371.97963541864294,14.571274186804748
9070.0,371.80395536837204,371.97554331914216,15.413620455201292
9071.0,372.01950857287824,371.971214660731,16.09589460498626
9072.0,372.53536045854537,371.9666943969961,16.876041082379434
9073.0,372.2188277642991,371.96195504212545,14.368087189949435
9074.0,372.7941688551857,371.9579200043063,17.016204045651047
9075.0,372.35605309958936,371.9531412870035,14.26516924168272
9076.0,371.7307920678446,371.94913515197476,15.50944183132055
9077.0,371.7679785628126,371.94477958372715,14.91758890390408
9078.0,371.83268003689255,371.94059022751,15.031939840973394
9079.0,372.0569541810939,371.93636875773797,15.785674717761596
9080.0,371.49344795361094,371.93193561408805,16.83352704788647
9081.0,371.8872417652319,371.9272081985754,15.798737525641592
9082.0,371.6950290086184,371.92277138645363,14.96320216092034
9083.0,372.2640190275169,371.91856922051346,15.676675364630345
9084.0,372.1071490490113,371.9141666875152,15.97813007983726
9085.0,372.117331550875,371.90967949598445,15.279088994866438
9086.0,372.02741650298907,371.9053886184917,13.656539304496993
9087.0,372.3940997586016,371.90155340703706,12.932320312994161
9088.0,372.10328978131275,371.8979215804158,13.945693127869795
9089.0,371.1441636447402,371.89400516492907,13.99392333909566
9090.0,371.86437039959037,371.89007520479134,15.323863292052048
9091.0,372.41036153413626,371.88577175318346,14.022849982485793
9092.0,371.4763038937729,371.88183366948005,14.379979553582459
9093.0,371.73526956683025,371.8777952918888,13.86457970726066
9094.0,371.9418679731212,371.87390165575425,14.538105605098163
9095.0,371.9589545626,371.86981887109687,14.91390878650237
9096.0,372.02471366143016,371.86563054837933,15.205511138919062
9097.0,371.75693846863714,371.8613603340011,14.97445993872883
9098.0,372.31747422276464,371.8571550065017,13.746535210081381
9099.0,371.8776469998578,371.85329452119686,13.250126767005051
9100.0,371.5024218846656,371.8495734439298,15.284222996276815
9101.0,372.00026193643083,371.84528112463835,14.401560277674363
9102.0,370.93404392748886,371.8412366864604,16.303034290560582
9103.0,371.83672260383224,371.8366582509971,15.47661225250773
9104.0,372.1502985850779,371.83231190238956,14.886223391558008
9105.0,371.1963122984553,371.82813135465375,15.695939548021416
9106.0,371.82133749272833,371.8237234116307,15.762895403853042
9107.0,372.04907505397654,371.8192966651714,15.814832230074572
9108.0,371.67195766563157,371.81485533312014,14.966792025051317
9109.0,371.4150877750976,371.81065215902646,14.063442526704126
9110.0,371.7248727760542,371.8067026755835,14.647094694941657
9111.0,371.4138579694614,371.80258928315664,14.192897815669014
9112.0,371.92245934978484,371.79860344435343,14.453867670243472
9113.0,371.14415230206794,371.79454431651607,14.652300665440292
9114.0,371.6391627815397,371.79042946207915,14.423176383558756
9115.0,371.62290195443336,371.7863789533781,12.805805757487805
9116.0,372.22211306780036,371.78278265626125,15.063871075336271
9117.0,371.41141651810204,371.7785522191343,15.426722085549304
9118.0,371.44937278418786,371.7742198813486,15.263408360392216
9119.0,372.3193106602555,371.7699334075007,14.77330934985986
9120.0,371.8159241384822,371.7657845697916,15.783406766338382
9121.0,371.60073791821594,371.7613520630581,16.469455753724343
9122.0,371.9933945524467,371.7567268909006,13.967612886075539
9123.0,371.87733278844877,371.7528043196151,16.298830488186344
9124.0,372.4654719404113,371.7482270647197,13.002540401844419
9125.0,372.0431800317316,371.74457551795683,15.680955559154889
9126.0,371.1481902862194,371.7401717829373,14.985111405288905
9127.0,372.0208846054641,371.735963464151,13.734208629740511
9128.0,371.9880552186778,371.7321064405608,15.987119102614818
9129.0,372.23798152338924,371.7276167246128,15.771868980206635
9130.0,371.3965440133595,371.7231874580743,15.74388937039402
9131.0,371.8026096338932,371.7187660491427,14.757836707321424
9132.0,372.25261984311555,371.7146215566674,13.204213155735165
9133.0,371.5606501371948,371.7109133734728,16.34221441553761
9134.0,371.8754577981063,371.70632393492446,15.912774707797054
9135.0,371.3614462115396,371.7018550973607,16.71330708722929
9136.0,371.7455014051207,371.69716144362036,15.220643609713182
9137.0,371.13266580831595,371.69288697954,14.624908787323369
9138.0,372.1753737825558,371.6887798176555,14.908854280316453
9139.0,371.3931673284538,371.6845929144118,15.043488112439832
9140.0,372.299437906757,371.6803682015002,15.174668148349026
9141.0,371.36808684543297,371.6761066488619,15.553085770342202
9142.0,371.2765865645906,371.6717388239414,14.323043214384798
9143.0,371.5687548660403,371.667716435972,14.896310826533973
9144.0,371.8844381349331,371.66353305534824,16.24602410490919
9145.0,370.727028699707,371.6589706302454,16.428385462849402
9146.0,371.88726937632566,371.65435699199463,15.757543441148204
9147.0,371.7502478415243,371.64993174854493,14.47904907253961
9148.0,371.3903611999214,371.6458655489304,15.455315636511372
9149.0,371.104276399167,371.6415251811225,15.554014184055337
9150.0,371.7707043931934,371.63715709547245,14.775744440355506
9151.0,371.4801349628112,371.6330075739088,15.212337003423059
9152.0,371.60931891723874,371.6287354426003,16.139138073053324
9153.0,371.30836179118324,371.62420303465814,14.82308616390571
9154.0,371.89961312329666,371.6200402179605,15.099617561494906
9155.0,371.51375884705567,371.61579974202857,14.912241168453258
9156.0,372.52678051526675,371.6116118876338,14.146513290556976
9157.0,371.0453969888291,371.6076390751514,15.331173855504277
9158.0,371.3313705132254,371.60333357049365,15.071163611520408
9159.0,371.5789150577628,371.59910108537935,13.867862713887101
9160.0,371.8469257044242,371.59520652726724,14.221662518140725
9161.0,371.38687021951677,371.5912126103767,15.845423807084773
9162.0,371.3796893317836,371.5867626871909,15.398230741348652
9163.0,371.20903901398634,371.5824383507243,14.307722585185532
9164.0,371.2116326454489,371.57842026529835,15.584589875811183
9165.0,371.16581982010354,371.5740435929749,17.832451054692548
9166.0,371.81922871355675,371.56903564630375,14.5528641070272
9167.0,372.8589636920895,371.564948716967,14.30429263317016
9168.0,371.357499259359,371.5609315947858,13.11559439111537
9169.0,371.27160701684755,371.55724829869433,15.875295307722302
9170.0,370.3396251042145,371.55278998659537,13.760085376385042
9171.0,371.745391721869,371.5489256959522,17.31826859809074
9172.0,372.0476323261961,371.5440621488542,15.175335302115089
9173.0,371.98382442056464,371.53980040885693,16.490920614130083
9174.0,372.0268758380683,371.5351692086511,14.014829469521432
9175.0,371.98695452606796,371.5312333773751,13.57888904856607
9176.0,371.7130969871292,371.5274199727006,14.390112399896731
9177.0,371.5403431324196,371.5233787494683,15.054861150511794
9178.0,371.49607566174797,371.51915084262856,16.711374103676228
9179.0,371.4489412059773,371.51445773173447,13.076250683215779
9180.0,371.1484741727587,371.5107854846675,14.537132725486059
9181.0,371.6776565815754,371.5067029732271,14.19782410513052
9182.0,371.54615864493104,371.50271575095763,14.800302928702141
9183.0,371.76084391737135,371.4985593325518,14.445212483733629
9184.0,371.7206639941474,371.49450263537926,14.99977498739704
9185.0,370.8386226115763,371.4902901985703,15.59981185149052
9186.0,371.7076635781119,371.4859092514087,14.768728359154156
9187.0,371.2166843215658,371.4817617001945,16.234462530506224
9188.0,371.88526487572,371.4772025219672,15.268593177071349
9189.0,371.1213522992115,371.47291459204996,13.84128842204462
9190.0,371.08637474971204,371.4690274968848,14.851849686592175
9191.0,371.92368063181306,371.46485660243115,15.656587454368351
9192.0,372.1401129850349,371.4604597107877,14.025393447711792
9193.0,371.54833883904735,371.4565209127945,16.15564381257574
9194.0,371.13880363882976,371.45198386949045,15.39619765949839
9195.0,371.0739418244589,371.4476601039811,14.856313045953586
9196.0,371.4200734687344,371.4434879560674,14.523741289870388
9197.0,371.5121144764825,371.4394092053884,14.347043683217064
9198.0,371.9914953195829,371.43538007728745,14.301660573359106
9199.0,371.54908843033814,371.4313636942764,15.851485013622785
9200.0,371.45360562379665,371.42691206890174,14.688735972900972
9201.0,371.4664579694555,371.422786982216,13.982475887595404
9202.0,372.0847239923663,371.4188602369042,13.688802358707512
9203.0,371.30280066807893,371.4150159649085,12.712979689002578
9204.0,371.6986398101356,371.41144573644584,14.662640623395868
9205.0,371.3118939115391,371.4073279782041,16.435834541764375
9206.0,371.6011327103925,371.40271224800364,14.733767011890265
9207.0,371.187749733396,371.39857451510113,16.08212539475955
9208.0,371.56736926810464,371.39405811821945,14.826164354811144
9209.0,371.36725945626597,371.3898944370631,16.908295584449515
9210.0,372.05477250297076,371.3851460240531,14.360656100149212
9211.0,371.55952530278813,371.38111307313164,14.332651682317996
9212.0,371.77980381273755,371.3770879867842,14.223801597887176
9213.0,370.79650458966546,371.3730934691688,13.549358635002466
9214.0,371.4042912910345,371.3692883576188,13.499447071998814
9215.0,371.20177951119183,371.36549726289945,15.338596313777145
9216.0,372.31237736415613,371.36118967376797,13.828628822552025
9217.0,371.70452359114546,371.3573061338403,15.802167391534061
9218.0,371.4056567281983,371.35286835849786,13.205354073233634
9219.0,371.44442025508584,371.3491598548957,15.005878353872257
9220.0,371.336091911448,371.3449457040579,14.21925089139651
9221.0,370.8915982773815,371.3409524644326,16.520648043877692
9222.0,371.7514995643765,371.33631291577365,13.731056072111738
9223.0,371.49478705573455,371.33245677752666,13.270335550808161
9224.0,371.8754867491016,371.3287300249595,14.99634414219569
9225.0,371.78942314101226,371.3245185516463,13.949593854277037
9226.0,371.34078021418287,371.32060104070547,12.955229658165134
9227.0,371.5684524594779,371.31696278037646,15.999727235243988
9228.0,370.8734439638551,371.3124695236446,14.675459615121222
9229.0,371.660630501499,371.3083481654027,14.826765364022753
9230.0,370.92361429365343,371.3041843154629,15.229620182507615
9231.0,370.9864319459811,371.2999073304616,15.048244101654907
9232.0,371.01886813666925,371.2956812819098,17.4166190773159
9233.0,371.19428398489714,371.2907901147189,16.26654827304251
9234.0,371.57887848295206,371.2862219257456,15.61855521827897
9235.0,371.11890442737564,371.2818357148218,14.825260593786137
9236.0,371.88725584598666,371.2776722874717,14.753664591636914
9237.0,371.8959480503419,371.27352896666554,13.377180711171384
9238.0,370.9171374764251,371.2697722084158,14.34303911521683
9239.0,371.1547713991907,371.265744204931,15.172978627510894
9240.0,371.07977279933647,371.26148312676645,14.002955826538452
9241.0,371.06458392763284,371.25755063000514,14.500185077432214
9242.0,371.14494134357403,371.2534784946959,14.312062105933904
9243.0,371.1915385239121,371.2494591905878,14.49793749714652
9244.0,371.2768041482111,371.24538768647403,14.364889363172715
9245.0,371.19178036235394,371.24135354671125,14.272662370631192
9246.0,370.98147165823747,371.23734530736215,14.292276536752762
9247.0,371.44482866189446,371.2333315597014,15.247418889083264
9248.0,371.53536470436154,371.22904957623007,14.386022973881035
9249.0,371.2127676088819,371.22500950144496,14.730537571665225
9250.0,371.22942883953175,371.2208726754768,12.995902505929422
9251.0,370.57959364544297,371.2172229928564,13.068433774253728
9252.0,371.2973242065566,371.21355294103813,14.962042666682219
9253.0,371.1478494094491,371.2093511007226,16.030006405120854
9254.0,370.8047682109701,371.2048493405905,16.479419072948595
9255.0,371.2380202228736,371.2002213704008,16.883062829098947
9256.0,371.26683804364336,371.19548004358967,14.74790963754913
9257.0,370.9441317588217,371.1913383389665,12.860406778142362
9258.0,371.5517767625742,371.18772670806294,14.151432057254247
9259.0,371.1651500841186,371.18375251422685,14.135892827091082
9260.0,371.67037382865243,371.1797826843246,15.240229345615921
9261.0,370.66137916078986,371.1755027199167,15.072946294277532
9262.0,371.70936870350994,371.1712697341657,15.654887779699497
9263.0,371.48800209774043,371.1668733198476,16.499319638345586
9264.0,370.6883829145614,371.16223976091584,17.987232113686133
9265.0,370.7370532437349,371.1571883465639,14.427793160774732
9266.0,371.52914116947727,371.1531365413179,15.875816183026245
9267.0,371.221400629332,371.14867808293985,14.791382776843486
9268.0,371.3228990608026,371.14452416961,16.423812265157
9269.0,371.7937450446847,371.1399118156655,16.431245399723693
9270.0,370.9157509400678,371.1352973742491,16.15361784218252
9271.0,370.4921404974672,371.13076089990506,13.663195223716947
9272.0,371.26106328058756,371.12692381924643,14.62443156756337
9273.0,370.82612051656844,371.1228167913812,15.277122179675077
9274.0,372.04465502098697,371.1185264662358,16.472727034128667
9275.0,371.2765988775134,371.11390037539365,15.925430488941206
9276.0,371.11069078465107,371.1094279836647,13.40167703187997
9277.0,370.9873304323902,371.10566434603163,15.557667009156862
9278.0,371.0491726359018,371.1012952345465,15.290401677574067
9279.0,371.42237060612393,371.09700118007544,15.424325829442127
9280.0,371.7457796486271,371.0926695152383,15.599430612044658
9281.0,370.6681604809613,371.08828867514137,14.489817869547393
9282.0,370.935040227447,371.08421945128964,13.922434336111113
9283.0,370.90962690467376,371.08030956764696,15.782728065410426
9284.0,370.7150890340126,371.0758772515153,13.722293187367598
9285.0,370.92761135037927,371.07202357417844,15.132469075892603
9286.0,370.95360340871787,371.0677738724463,14.809775511123526
9287.0,370.9931628585481,371.0636147938236,15.887908570639363
9288.0,370.54708548420206,371.05915293950005,15.128313628302013
9289.0,370.8092917514022,371.0549044047561,16.875337333835322
9290.0,370.58775261570645,371.05016524752153,17.054083167607036
9291.0,371.29561866669735,371.04537589249867,14.703012066753153
9292.0,371.12189049841794,371.04124679660987,15.954731929778234
9293.0,371.45119975320677,371.0367661760596,14.072684410042154
9294.0,370.5329665817383,371.0328140971878,15.586796358353418
9295.0,370.34261794743634,371.0284368052105,15.458617066985616
9296.0,370.85483238881426,371.02409551025085,13.38356806639568
9297.0,370.70388991964495,371.0203369582188,13.605267222640293
9298.0,370.881838408297,371.01651614567385,13.654226023775207
9299.0,370.75136471391073,371.0126815838655,12.295161779152913
9300.0,370.6640986461337,371.00922869259915,14.573318771571024
9301.0,370.7765430558809,371.00513601891083,14.181152492442934
9302.0,370.62110018993894,371.0011534785858,13.089455505780945
9303.0,370.20748197477116,370.99747752316466,15.19856673057774
9304.0,370.6504397214321,370.99320925900787,14.27925583251127
9305.0,370.9097743597007,370.98919916799485,14.434402326692553
9306.0,369.7889284039616,370.9851455066748,15.750376657047116
9307.0,370.7347227209221,370.98072227589694,13.397634237992484
9308.0,371.13870440981583,370.9769597736151,15.759312033992174
9309.0,371.0618205165886,370.9725340334856,16.734635614378938
9310.0,370.5923029112167,370.9678343899838,14.830537256910747
9311.0,371.4130049637307,370.9636694807709,14.408370917951814
9312.0,370.7221850614487,370.9596231299381,15.12768332176104
9313.0,370.520780571357,370.95537477220523,17.16000606122493
9314.0,370.99690296404196,370.95055567050304,14.12524430448094
9315.0,370.72037901401336,370.94658883106086,13.766925288008164
9316.0,370.9171218099586,370.9427226195425,16.288624313992067
9317.0,370.94813325981397,370.9381482308809,15.78079214930184
9318.0,370.98000246803645,370.93371645841904,13.671078024317753
9319.0,371.133163475392,370.9298771640072,14.783836821884082
9320.0,370.7650316337455,370.92572536983306,15.160342561350769
9321.0,370.62865732012517,370.9214678402971,15.940680878993593
9322.0,371.5079098123707,370.91699116575023,15.167228078707764
9323.0,371.3757910687185,370.91273170253146,13.956214103970064
9324.0,370.72520173945003,370.90881233240395,16.23140827656031
9325.0,370.66004895348857,370.90425401191294,14.503960371129592
9326.0,370.19553014798686,370.9001808163753,14.927718248272964
9327.0,370.6979709197209,370.8959886155007,16.439071674982067
9328.0,370.3076541071695,370.8913719762053,16.204629410359153
9329.0,370.27501617092213,370.8868211761125,14.521098232423826
9330.0,370.7226641107464,370.8827431676923,14.037941096579454
9331.0,370.71283592568824,370.87880084590097,13.170529220239635
9332.0,370.9611708893543,370.8751021222783,14.256809997389288
9333.0,370.4535565847147,370.871098334804,15.001647447563075
9334.0,370.96409446629843,370.8668853721458,13.124511827451794
9335.0,371.3635639228763,370.863199571741,16.9541019697318
9336.0,371.31934260881127,370.85843829477113,14.518063321563645
9337.0,370.5048796989178,370.85436113865495,14.661938214777942
9338.0,371.01124267044855,370.850243577673,14.19238927779129
9339.0,370.72227386388505,370.8462578816841,15.542738929794925
9340.0,370.82955758448406,370.84189296250133,15.096148901556521
9341.0,368.3341347177146,370.83765346068486,13.890240821616135
9342.0,370.5964936868352,370.8337526180541,15.169932845538531
9343.0,370.8667526267204,370.82949239524663,15.176417394394958
9344.0,371.2646731005814,370.82523035136177,16.60798433212298
9345.0,370.96100390205123,370.8205662757618,14.632153907919289
9346.0,370.7875162578995,370.8164570792059,14.55222432861679
9347.0,370.9642885702001,370.8123703295404,15.40424361572019
9348.0,369.8300915383708,370.8080443044583,15.963059919747085
9349.0,370.5955682840864,370.8035613451308,15.668635893186917
9350.0,371.0905185588114,370.7991610698842,13.50439663335145
9351.0,370.5601679613095,370.7953685851629,15.500447993326064
9352.0,369.9434422507152,370.7910155426848,16.54078662231871
9353.0,370.95946699901805,370.7863703384417,15.106325279594822
9354.0,371.59048716027775,370.782127978759,15.54165722107197
9355.0,370.6210190946515,370.7777633633561,15.593202224611582
9356.0,371.01203118875304,370.773384272398,15.54583387442546
9357.0,370.7453287521418,370.76901848405157,13.80584130936489
9358.0,370.9894298020774,370.7651413436172,14.430038543515032
9359.0,370.55636452874,370.76108890779284,15.9701652960673
9360.0,370.8110938643011,370.7566039530389,14.071602026961946
9361.0,370.9096691866701,370.7526521781364,15.690136467079606
9362.0,366.97411388213914,370.74824586481185,16.046472298364804
9363.0,370.60394696637394,370.7437394805081,16.78410464962352
9364.0,371.5378358883216,370.7390259444523,14.202518210142417
9365.0,369.2343111309566,370.7350374039216,15.909797662028387
9366.0,370.4278353309046,370.73056940241156,14.490160055883385
9367.0,370.64056602157024,370.72650008246245,14.312853684484391
9368.0,371.3691608233729,370.7224805560528,15.449526536454929
9369.0,370.8848442371598,370.71814181401714,14.131485952684773
9370.0,370.8456748205563,370.7141732217121,15.037811875283293
9371.0,371.0510478002271,370.7099501028771,15.698846988960854
9372.0,370.5226220283545,370.7055413433477,14.668605284881234
9373.0,371.18726403893027,370.7014219100302,14.665772299924384
9374.0,370.1904419750793,370.6973032723093,14.062190090164492
9375.0,370.46084211455695,370.6933541405923,15.833643414004479
9376.0,370.90364055377637,370.6889075257335,14.94701346170568
9377.0,371.06192621963316,370.68470990611974,13.224746005768072
9378.0,370.2634205363612,370.6809959566164,14.68346590128983
9379.0,370.7167828678027,370.67687234994247,15.689592607577513
9380.0,371.06424416237394,370.6724661893519,15.160394551014294
9381.0,370.68870246095315,370.6682086452155,15.738847088753525
9382.0,370.760774657285,370.6637886523247,14.869379703143377
9383.0,371.0490518475179,370.6596128348581,14.03146255367772
9384.0,370.5929134969512,370.6556723324576,15.687545385572996
9385.0,370.30852287997936,370.65126674679516,16.34181632386974
9386.0,370.5788052909217,370.64667742004417,15.166914569822572
9387.0,370.49199754090364,370.64241804486915,17.001783586108775
9388.0,371.1510925676075,370.63764337731203,15.499676006865528
9389.0,370.6030312439374,370.6332905516334,14.846335710793012
9390.0,369.9161106430692,370.62912120568797,15.245669700279915
9391.0,370.4127234595209,370.62483971344716,15.018963037973844
9392.0,369.8958934351688,370.62062188799405,14.980681156413754
9393.0,370.74035324731875,370.61641481336926,13.972501704562397
9394.0,370.10551957556453,370.61249086914063,16.249969205359637
9395.0,370.4244496614615,370.6079273361221,16.13483189045249
9396.0,370.7781834816439,370.60339613749954,14.497883861427601
9397.0,370.5719072832133,370.5993246484484,15.701715471120073
9398.0,370.3172745119473,370.59491508335367,15.218269980087474
9399.0,371.12873003412665,370.59064128586755,14.760618815224865
9400.0,370.5458250922938,370.58649601208356,15.873484971905933
9401.0,370.3575865241391,370.5820382083873,15.073387410368937
9402.0,370.6310716821571,370.57780509875624,14.810432377649196
9403.0,370.6818142179861,370.57364583566357,17.52865177801215
9404.0,369.84987943779964,370.5687232059559,15.261202715709626
9405.0,370.12316462754393,370.5644373515266,14.697817205908343
9406.0,370.74972640818663,370.5603097145279,14.337067256269762
9407.0,371.26006391390047,370.5562833881401,15.245712514499237
9408.0,370.48076466549304,370.55200188387556,15.768808701300527
9409.0,370.4434232209849,370.5475734767653,16.757002474678828
9410.0,370.5410351423556,370.5428675519036,14.084700980143346
9411.0,370.2354960622586,370.53891209837843,13.14948891388819
9412.0,370.5679405037471,370.5352192835751,15.317165278234743
9413.0,369.8831454714044,370.5309177129928,15.136941931722696
9414.0,370.8541611118648,370.52666675513365,15.64948175627836
9415.0,370.80726772339835,370.5222718590071,14.487066496267433
9416.0,370.24965618720597,370.5182034078327,14.083332621469841
9417.0,370.10154753645094,370.5142483385882,16.506043590820887
9418.0,370.71059728212924,370.5096128913464,14.770353008706179
9419.0,370.870029797471,370.50546488387647,16.004046895878716
9420.0,370.7061724795543,370.50097041403995,15.658429693583
9421.0,370.8300066898801,370.49657300503435,16.07412979752985
9422.0,370.7993221325793,370.4920588535828,15.179771342486337
9423.0,370.335966449656,370.48779586779744,14.47315783872968
9424.0,370.00807919415246,370.4837313226377,16.4538035309897
9425.0,371.08270611645435,370.4791105461461,14.254770291653196
9426.0,370.9157606665478,370.47510733148926,14.97647756053607
9427.0,370.61929873032653,370.4709014373743,13.796843967689691
9428.0,371.049785625582,370.4670268236934,12.86387833009583
9429.0,369.9065317021467,370.46341421786235,14.914615450713091
9430.0,365.77574543795953,370.45922569668994,15.070471198012442
9431.0,370.11394857319226,370.4549934060285,12.800296370050154
9432.0,370.62482111268844,370.4513986561313,15.23692087479871
9433.0,370.1316751069612,370.4471196208522,14.99346655147414
9434.0,371.11140940855273,370.44290895566235,13.189802149052904
9435.0,370.8026332112366,370.4392048195588,14.501106534136666
9436.0,370.5664129931595,370.4351324254738,18.450555950150775
9437.0,371.50073130150037,370.4299508943445,14.586962450305077
9438.0,370.22905884607627,370.4258543890564,16.366521244283458
9439.0,369.62254503327,370.4212581243403,14.372398213839862
9440.0,370.9962988193991,370.41722187584185,16.119042598217327
9441.0,370.0096981192756,370.41269511137887,16.21868443419167
9442.0,370.2989713371091,370.4081403641669,13.719680847282016
9443.0,370.1992961431244,370.4042874204623,15.386590358242643
9444.0,369.9599208247202,370.3999663530034,15.01056003809413
9445.0,370.5445185923261,370.3957508873927,14.94142542097524
9446.0,370.43994188944106,370.39155483708697,13.406525345660759
9447.0,370.3071411227252,370.38778983788575,14.526142171242144
9448.0,369.6762596651942,370.3837104129593,14.474719737434102
9449.0,370.77421742999087,370.3796454291664,13.771881725424251
9450.0,370.48996840945404,370.37577782571515,13.646140127637654
9451.0,370.7878645162853,370.3719455346959,15.718149463044577
9452.0,370.2314586701412,370.36753135438846,15.100051738048975
9453.0,370.8193026735487,370.36329075652526,13.677293532293065
9454.0,369.1925162976306,370.35944971659166,16.29620029836743
9455.0,370.48842901887616,370.35487320034116,14.163120381757707
9456.0,370.5702273679423,370.35089572403393,15.565136904977484
9457.0,370.48333900426553,370.3465245147531,14.587211162412723
9458.0,370.546692932113,370.34242793961835,16.242524559026194
9459.0,370.30791685557745,370.33786649730473,13.66010927520752
9460.0,369.9395056514682,370.33403028328325,15.63153264360577
9461.0,370.7013668321798,370.3296404278658,14.208847447966354
9462.0,370.0838350109138,370.32565010987423,12.72336434013673
9463.0,370.2508388766398,370.3220769650554,15.280880597001552
9464.0,370.27746862872766,370.31778558442096,13.522937523950192
9465.0,370.2819423090959,370.31398789279973,13.992033930502235
9466.0,370.3681993414083,370.31005846327093,14.211957687793014
9467.0,370.07260915027814,370.3060672718202,15.497179539541461
9468.0,370.86538227212753,370.30171514723287,15.844652216439451
9469.0,370.80991635759466,370.29726544073543,15.600014155090143
9470.0,370.56901760310177,370.2928844367602,16.048907347526935
9471.0,370.47715865430905,370.28837736861345,14.690670129613252
9472.0,370.34463759222956,370.28425173875206,14.186664887102701
9473.0,370.19974522244155,370.28026765036293,13.766779789479832
9474.0,370.1369542852368,370.2764014797054,13.29051039927301
9475.0,370.10834888011675,370.2726690613682,14.77227743370604
9476.0,370.9607265350805,370.2685205134556,15.880557396869225
9477.0,370.2613664740428,370.2640607235867,15.600095282820241
9478.0,370.29987654274413,370.2596796968281,14.433404047938069
9479.0,370.1260695906515,370.2556263158579,14.158112671696355
9480.0,370.6023087006664,370.2516502458827,14.750807346585741
9481.0,371.0056180044771,370.24750772748615,14.12141390400179
9482.0,370.45625002662615,370.2435419637481,14.498610324409297
9483.0,370.43742899198213,370.239470270682,14.905613286532434
9484.0,370.3083462257262,370.2352842776173,15.336461203643003
9485.0,370.4434979203204,370.2309772880959,15.048992515627619
9486.0,370.5652879004228,370.2267510293645,15.33202293914925
9487.0,370.4950004429737,370.2224452862558,14.272544050463145
9488.0,370.0818468155783,370.2184370801349,16.0543569674577
9489.0,370.36733976703925,370.21392848155324,13.333984370516697
9490.0,369.5778820761369,370.2101838542758,17.573130197899395
9491.0,370.9600863896041,370.2052487335452,15.50166641919145
9492.0,370.6668709547389,370.2008953488925,13.04705582815739
9493.0,369.9887437660102,370.19723130071407,13.892337063296122
9494.0,370.3478034817079,370.19332986938883,14.679050496895872
9495.0,370.03683031778985,370.18920750270763,16.13111491124577
9496.0,370.2655821259388,370.1846773479367,14.089189042619386
9497.0,370.0916631677047,370.18072063401394,13.986965761842136
9498.0,369.7382848225435,370.17679262779586,15.710763023204631
9499.0,370.113992724283,370.17238052184683,15.069056590584578
9500.0,370.30546142344764,370.1681486284542,13.6722115518457
9501.0,370.82699307316017,370.1643090157101,15.098490271978587
9502.0,369.95887212780985,370.16006885635875,15.009262452665599
9503.0,369.69691468753615,370.1558537551533,14.854963199565733
9504.0,370.7036316165942,370.1516819863214,14.913071536984065
9505.0,370.3520663909823,370.14749389873145,15.479385979490003
9506.0,370.36476103195525,370.14314677116886,15.992839189192361
9507.0,369.31259285787013,370.13865544883,16.513394648708736
9508.0,370.13215318923415,370.13401793716605,13.081551236444032
9509.0,369.4480358424306,370.13034420152724,14.241404957320789
9510.0,369.9930080490213,370.12634474030165,14.835587706472047
9511.0,370.7755296893686,370.12217841275407,14.558257863191477
9512.0,370.011518037354,370.1180899686709,16.858878762680302
9513.0,369.19662527763523,370.11335543355165,14.59915869987564
9514.0,369.97468473252485,370.1092555031501,14.161178554255809
9515.0,370.2237470374381,370.10527857217284,13.856365541608142
9516.0,369.81074245114985,370.10138724284985,16.04875883033172
9517.0,370.1115271794567,370.0968802164117,14.652989386730853
9518.0,370.57238801221325,370.0927651685589,16.331392979467083
9519.0,369.8607566853994,370.08817876903055,14.563956472835681
9520.0,370.57377077065695,370.0840887245878,14.672194782021387
9521.0,370.3801636077601,370.0799682832198,12.711969144891107
9522.0,369.49144250464906,370.0763983385516,14.561260978715637
9523.0,370.49999812606984,370.0723090510934,15.52964428649254
9524.0,370.2181000545191,370.06794780932296,17.890909514765703
9525.0,369.8750636227554,370.06292344556755,15.493932772941472
9526.0,369.2429515977891,370.0585722327805,13.497853267885786
9527.0,369.691787247969,370.05478158565444,14.938938553037454
9528.0,370.5289208179153,370.0505862337441,14.91022851993991
9529.0,368.87523488135304,370.04639894456807,14.853522017567338
9530.0,370.5859098036755,370.04222758046814,13.372727382171835
9531.0,370.179261102464,370.0384720728617,14.434432576976862
9532.0,370.20767859881266,370.03441840304623,16.3780802243849
9533.0,369.6203278057579,370.02981889218324,15.7463158170399
9534.0,369.48663490214176,370.0253968018246,14.98531971375295
9535.0,370.0111104014118,370.02118842453837,14.09746443277088
9536.0,370.51108900546546,370.01722938661015,16.562941215009392
9537.0,369.8953239426306,370.01257796061896,13.714078847098172
9538.0,369.64565056051134,370.00872659014277,13.09150410361788
9539.0,369.40037503069783,370.005050059407,14.709203652136885
9540.0,370.6211855613376,370.00091922471466,12.473366613555942
9541.0,369.644201648057,369.9974162875907,14.178175678095492
9542.0,369.50108996201345,369.99343458325444,16.43608723056107
9543.0,370.099279028923,369.98881878209056,15.3121042872539
9544.0,369.59512865278595,369.98451863280314,15.365424081489707
9545.0,370.614683107812,369.9802035095403,14.244415185761401
9546.0,369.9402729549917,369.97620320294226,16.12251296349397
9547.0,370.5777131588022,369.97167546388505,14.36330212611162
9548.0,370.5240589546546,369.9676417698713,15.263735886486527
9549.0,369.8873710117287,369.9633552040432,14.51210163643744
9550.0,369.6435130965673,369.9592797221669,17.13982047317046
9551.0,370.10269365017274,369.9544662892507,16.13650124783894
9552.0,370.2967132218653,369.94993462181696,15.600785458140452
9553.0,370.0274590097143,369.94555340123406,14.460859269243732
9554.0,369.71540911602915,369.9414923099227,14.569917043580622
9555.0,369.95589217787915,369.93740059155294,15.69247775980027
9556.0,370.3023060302048,369.9329936207154,14.256024949471374
9557.0,370.8312363205405,369.92899005370873,14.80933299679809
9558.0,369.38196066487285,369.9248310993588,13.162667843566316
9559.0,369.53480797026714,369.92113458347274,14.656354651126962
9560.0,369.7524836785009,369.9170185905415,15.025393337316475
9561.0,370.0221828990718,369.91279895924595,15.3325752873033
9562.0,370.0773680163914,369.90849306101944,14.962981071067173
9563.0,371.07789713397165,369.90429095716866,14.535063365047638
9564.0,369.5436338255897,369.90020902687365,16.15504923373319
9565.0,369.601742880235,369.89567215054717,13.887205832409775
9566.0,370.17885919251074,369.8917721602425,14.510240424427447
9567.0,369.6518757199044,369.88769720105665,13.142138257435166
9568.0,370.2564484329879,369.8840064505627,13.508113304424887
9569.0,369.7079387831206,369.8802129220764,14.06448827518775
9570.0,370.0760310365323,369.8762631449525,14.858280462435014
9571.0,370.3862855969551,369.87209044452254,15.294846613358441
9572.0,370.72642273922514,369.8677951417653,14.956549864027966
9573.0,369.66326152480724,369.86359484401186,14.070639669222032
9574.0,370.48106985154385,369.8596433393715,14.079302358472194
9575.0,369.2780796549752,369.85568940195907,13.892594807088843
9576.0,369.83713237765085,369.85178789825073,16.336902438392965
9577.0,370.5204402842285,369.84719995148265,14.36016889795317
9578.0,373.66581301211625,369.84316713738383,14.607068908046978
9579.0,369.6384764380322,369.8390649855321,15.733404725874502
9580.0,370.20574017600535,369.8346465210383,12.525207699141639
9581.0,369.94864785986573,369.83112902520946,16.07277802222382
9582.0,369.3636164373584,369.8266152533815,14.492766795551434
9583.0,369.737257792247,369.8225452013731,16.161210809234536
9584.0,369.99259687168166,369.81800659467086,14.882673666922717
9585.0,369.41060577567174,369.81382704381605,15.881897825891906
9586.0,369.92246362997025,369.8093668775099,15.83212461869169
9587.0,370.4997510280187,369.80492068917954,14.072429693164594
9588.0,369.0240357873391,369.8009686818407,13.671694449004239
9589.0,369.7804084762074,369.79712921431627,14.171668306775398
9590.0,369.8924247259871,369.7931493374668,16.00496843238761
9591.0,369.4163818585898,369.788654608832,15.389045554087737
9592.0,369.81465601964993,369.78433285187225,14.806534716576161
9593.0,369.7870253106737,369.78017468337265,15.03587444621351
9594.0,369.7274314077922,369.7759521086323,16.81553150449387
9595.0,370.23437678568564,369.7712297468682,14.461773967561076
9596.0,370.39607399919663,369.76716839867896,14.786396455874181
9597.0,369.994314813693,369.76301588567424,16.7629667737765
9598.0,370.0033207994193,369.75830828583855,15.719828572247534
9599.0,370.0960578515227,369.75389363398125,14.652797108385364
9600.0,370.30882916214404,369.7497786401266,14.859127942967257
9601.0,369.5763621712271,369.745605701696,13.935444373896022
9602.0,370.0394818474022,369.74169216440094,16.72931526077673
9603.0,370.3223213485649,369.7369940150319,16.003756317999148
9604.0,369.2954451952543,369.73249962679927,14.018071828427429
9605.0,369.79997973356666,369.7285628849607,14.150870362632928
9606.0,369.7081702506328,369.72458884886726,16.069115242537958
9607.0,369.80978276607874,369.72007610567,15.395747193236032
9608.0,369.5628879893512,369.7157524666665,15.03156939795389
9609.0,369.9082799037878,369.7115311009273,13.71810656788375
9610.0,369.7904902725707,369.7076785993328,13.610180238834847
9611.0,370.07620105582924,369.70385640704905,15.488970354344328
9612.0,369.75009467027195,369.69950658787457,14.650615216108108
9613.0,369.3387140103117,369.695392206768,16.13458346645152
9614.0,369.5765439912987,369.69086107791117,13.704972032960947
9615.0,370.097229414503,369.6870122649319,14.231028221466373
9616.0,369.8957614542815,369.6830157178397,15.825240905981751
9617.0,369.93148215729406,369.6785714626853,16.421082604232605
9618.0,369.51459608718835,369.6739598753206,14.78211160707142
9619.0,369.6285994563153,369.66980856564425,14.817920428238267
9620.0,370.21848765625447,369.6656471996573,15.502601472972453
9621.0,369.9869209399636,369.66129355241037,14.792137771405475
9622.0,369.53698728528116,369.65713942705287,14.706517523030975
9623.0,369.3117417517687,369.6530093467152,16.085198832599207
9624.0,368.78057695169446,369.6484920867097,14.463299622987135
9625.0,370.06170804994406,369.64443031006556,16.09807574905144
9626.0,369.640847937867,369.63990943379275,13.092187980984546
9627.0,369.20358186278173,369.6362327110014,15.494808267256692
9628.0,369.02306042773483,369.6318812523464,15.287205443792782
9629.0,369.2316941232597,369.62758809548427,16.438837123015457
9630.0,370.33176604343583,369.62297152205883,17.627985520782122
9631.0,369.5846491989903,369.61802099612515,14.572614880339039
9632.0,369.96596196349776,369.6139285201129,14.757599438825942
9633.0,370.6228591878541,369.6097840942705,13.754646368497355
9634.0,370.21414980522326,369.60592133108196,15.257267554596998
9635.0,370.04438541634505,369.60163658177703,14.212560439336613
9636.0,368.813225341959,369.59764522105365,15.009484508231107
9637.0,369.43753613137426,369.5934300574876,15.67486837012407
9638.0,369.0798884097782,369.5890280319536,14.069255698571665
9639.0,370.4431120144271,369.5850769159783,14.309779966179999
9640.0,369.64223103927463,369.5810582527712,14.591049749418803
9641.0,370.07523512784314,369.5769605996332,16.350025561834553
9642.0,369.1583672145943,369.5723689674546,14.681210258419252
9643.0,369.18814103758876,369.5682459942403,14.50040392317266
9644.0,369.709565903343,369.56417379747194,15.727114254964802
9645.0,369.0284316839863,369.55975709955203,15.210821231693261
9646.0,369.493903684195,369.55548539392277,14.59945856661643
9647.0,369.3675528523535,369.55138537930867,15.593513640067876
9648.0,370.22684411848803,369.54700620089477,12.29422337675666
9649.0,369.7610989627222,369.543553573163,15.532101284035019
9650.0,370.1881929671791,369.5391916413858,15.276024122833599
9651.0,369.59197244401054,369.53490162461134,13.051978274339916
9652.0,369.48178161845277,369.5312361940459,13.164628226970288
9653.0,369.29841450369764,369.52753912761887,15.368555101918275
9654.0,369.320789329085,369.52322312506107,14.611831744429125
9655.0,369.9856082568441,369.51911963564623,16.983393506603452
9656.0,369.2293167741821,369.5143501326364,14.752550001312557
9657.0,369.1168173127153,369.5102071248444,15.222229032339232
9658.0,369.3446563332066,369.50593221552447,14.622340268688035
9659.0,369.32730920034936,369.50182577496565,15.023923166671429
9660.0,369.0367709533277,369.4976065565431,15.695087242789883
9661.0,370.0436484278845,369.4931988528757,15.004401351249614
9662.0,368.9580293319187,369.4889851168295,14.171158205971663
9663.0,369.2966618892632,369.4850053832334,14.883995606208522
9664.0,369.00430427352137,369.4808254611339,16.268032093734195
9665.0,369.21937553892684,369.4762568554543,14.483857259462503
9666.0,369.711368764517,369.4721893055406,14.313549578347711
9667.0,369.8635562018836,369.46816958370067,14.796991677055967
9668.0,369.9622785368579,369.46401409520473,15.303871747041121
9669.0,369.730842736546,369.4597162578891,15.774487169331303
9670.0,369.12513465692496,369.45528625607574,16.948546937293045
9671.0,369.10554075706796,369.45052653914416,15.585257905606802
9672.0,369.16175068471347,369.44614967921564,15.592971760886082
9673.0,369.52675266624834,369.44177065297947,13.252973500638932
9674.0,369.57477164936904,369.4380487762547,15.266191593442137
9675.0,369.1697021428431,369.4337615207822,16.176729076086254
9676.0,368.90913580731586,369.4292185560334,17.32722567182289
9677.0,369.13777549632164,369.4243524934905,14.273868087445642
9678.0,369.92580666234255,369.42034391553597,15.141315520630384
9679.0,368.95002276933934,369.4160917294272,15.466627702760533
9680.0,369.4149515018273,369.41174818481403,15.762263175183202
9681.0,369.83536150949976,369.4073216159057,13.551016704072696
9682.0,368.9631102662273,369.4035160387146,14.2913164412017
9683.0,369.9230122225345,369.39950256068073,14.854972783129355
9684.0,369.18791467092205,369.3953307891574,15.153718783302212
9685.0,368.7782179323813,369.39107511979915,13.022749035273105
9686.0,369.2074701933047,369.3874178977784,13.551358654714015
9687.0,368.6607728723187,369.3836122245562,15.624986262753263
9688.0,369.5086765785324,369.37922420758076,14.664061277754005
9689.0,368.7333502850857,369.3751060503719,15.888355315011298
9690.0,369.30985554777334,369.3706440705876,15.299088056777983
9691.0,369.4873994925309,369.3663475766916,14.767056836876352
9692.0,369.05438301884584,369.3622004948966,16.71280970987322
9693.0,369.320472114315,369.35750698083643,16.062108178237963
9694.0,368.9598550613737,369.35299620545635,15.62682566261169
9695.0,369.4490029602698,369.3486076719161,15.021907117797872
9696.0,368.7782093140307,369.34438901966723,16.06937293132015
9697.0,369.49184701257036,369.3398762041023,14.405703321597146
9698.0,369.19207266807757,369.33583060241955,15.63540526579967
9699.0,369.3081268969733,369.3314396594407,16.661923601200332
9700.0,369.88569020615006,369.32676043589606,15.460729975964972
9701.0,368.9047851537284,369.3224185475611,12.849460177776308
9702.0,369.6732884760607,369.3188099908279,15.255800789564253
9703.0,369.1360703625564,369.3145256534395,14.758356203456174
9704.0,369.3214039430674,369.3103810150723,15.38498434205631
9705.0,369.40571923014153,369.3060603986363,15.68632202331615
9706.0,369.4830641960565,369.3016551565347,13.162675575166482
9707.0,369.77835199855514,369.2979586384774,13.721998932462391
9708.0,369.00269945323265,369.2941050437771,14.760064085918488
9709.0,368.69195190592995,369.28995992577967,16.448626505709775
9710.0,368.9072680480366,369.28534060316935,15.50771269688878
9711.0,369.4570645615296,369.28098552052023,16.212272346580896
9712.0,369.8228366175408,369.27643257403633,14.36261752480946
9713.0,369.8360990530817,369.2723990722814,15.507849700730286
9714.0,369.1023315164206,369.2680439511571,13.533959397246818
9715.0,369.22497224532447,369.26424316422634,14.002059028929937
9716.0,369.3511527215021,369.2603109193157,14.792578456865844
9717.0,369.4733676098436,369.2561566701991,15.802280267303976
9718.0,370.08543994101416,369.2517188631574,14.457786024147056
9719.0,369.505891722859,369.2476586349156,16.61029491203872
9720.0,368.98891537294423,369.2429939104278,14.942885899455288
9721.0,368.27929055966763,369.23879744997106,15.404227171718551
9722.0,368.5283346025266,369.23447142950704,16.087054516885033
9723.0,368.8256688010349,369.2299536483635,16.314793066724633
9724.0,370.0930431650306,369.22537191064396,14.98336446163771
9725.0,369.17788087493017,369.2211640824576,14.936496498460999
9726.0,369.0560133837555,369.2169694163577,15.430486384165915
9727.0,369.8099047754224,369.2126360214315,14.735354189130696
9728.0,369.15993943889123,369.2084978427967,15.07484784929058
9729.0,369.4695848130517,369.20426432302565,15.93555495000738
9730.0,369.72713124327805,369.19978908801056,16.527742896019685
9731.0,369.3478881382211,369.19514754688055,14.697274033306275
9732.0,369.3303183100812,369.19102006242287,14.236739419785499
9733.0,368.6073607488138,369.1870219114358,17.760671082261524
9734.0,369.444882556654,369.18203412297356,14.294557449039754
9735.0,369.6731284679291,369.1780197347566,15.604057229812765
9736.0,369.02540913823003,369.17363759535124,14.249628031826555
9737.0,369.0369817294018,369.16963582481236,15.09394217001663
9738.0,369.31360384334596,369.16539694271955,16.347059187711803
9739.0,369.40198492337635,369.16080614359765,16.718389112323074
9740.0,369.2112960570632,369.15611106265527,15.821499508674226
9741.0,369.6452634975033,369.1516678582099,14.823168157090443
9742.0,369.6469055239317,369.14750501848584,15.703345651908652
9743.0,369.7749057073711,369.1430949955819,13.699458241311712
9744.0,368.8874394768183,369.1392477310592,14.360862181213792
9745.0,369.51936939499205,369.13521472226324,16.007400937487834
9746.0,369.6037014543435,369.1307193105,15.686697353063757
9747.0,369.37554159410865,369.1263139629934,14.410487381402197
9748.0,368.59637479803297,369.12226701778707,15.061794580344207
9749.0,369.2493005002217,369.1180371638091,14.908128909712188
9750.0,368.8907463558815,369.11385046427364,16.827280969112717
9751.0,369.35492711192234,369.10912480286817,15.406268448946227
9752.0,368.24997879038654,369.10479820914543,16.60706765195459
9753.0,369.0791950163556,369.1001343909798,14.204674436436804
9754.0,368.3379453594275,369.0961452449089,15.934503854177143
9755.0,368.9936539749949,369.0916703050765,15.171144364120961
9756.0,370.0337273026835,369.08740974203425,15.657723051987604
9757.0,368.9494132858143,369.08301253147715,15.548805513865469
9758.0,368.6834971012109,369.0786459085953,13.307002939305706
9759.0,368.92367087190144,369.0749088586032,15.331829349491692
9760.0,369.08048106418244,369.07060316986093,16.887935002119523
9761.0,369.4386891045026,369.0658604747811,14.05168679578952
9762.0,369.49165142629823,369.06191429273935,16.544717864354315
9763.0,368.4871446600912,369.0572679844724,16.399292911790013
9764.0,369.0380726799767,369.0526625163797,16.427705201194563
9765.0,368.7287858502135,369.048049069169,15.736381914668403
9766.0,368.6345924824282,369.0436297685813,13.568317303866326
9767.0,369.2398332316184,369.0398193328051,16.88108125331208
9768.0,368.70798192972154,369.0350785624865,14.756469836150615
9769.0,369.35336858205403,369.03093445387424,13.81345065410293
9770.0,368.9205550391327,369.0270551764822,15.122027564876475
9771.0,368.4939908036396,369.02280840707436,13.505959568998557
9772.0,369.47217351982164,369.0190154834287,16.215803379888
9773.0,369.4960049117324,369.0144615453129,16.782115678647543
9774.0,369.1700948442419,369.0097485678265,14.849412284473319
9775.0,368.91415776267274,369.0055783578766,15.98055383290512
9776.0,369.1037664512207,369.00109048567515,14.269954093102756
9777.0,369.60720050462896,368.9970830069007,14.0024820101337
9778.0,369.36743807037703,368.99315064320285,13.059295174660456
9779.0,369.5382317395245,368.98948315780797,15.189036558459406
9780.0,369.467686164286,368.9852175700411,15.403685180962349
9781.0,368.9287916249026,368.98089170178616,15.031190908830878
9782.0,368.8450264528781,368.97667044233924,13.562110793805026
9783.0,369.0449096462409,368.972861749558,13.135955119163818
9784.0,369.1271232643297,368.96917273549536,16.830436115385666
9785.0,368.5381582195402,368.9644461880196,15.741049472652103
9786.0,368.60850683563774,368.96002557662604,15.509739880573905
9787.0,368.76035310102844,368.9556699246763,14.082983899600295
9788.0,369.17783394470865,368.95171495336444,14.657036652418347
9789.0,369.36954039747724,368.9475987689046,13.355068230041253
9790.0,369.56176797119963,368.9438482205766,15.425871975875314
9791.0,369.3172902284161,368.9395161215301,16.205472651892755
9792.0,369.0068693497589,368.934965084627,15.813045978894065
9793.0,368.8605161740279,368.93052425421456,14.632141915387168
9794.0,369.5179489166992,368.92641506102666,16.036515382440573
9795.0,369.32523520247213,368.92191147295677,17.806381275272916
9796.0,368.8869392160287,368.9169108475486,14.508286838655957
9797.0,369.092271003539,368.9128364369948,15.464447879932147
9798.0,368.3874324867135,368.9084935045485,13.792853355512426
9799.0,369.0055802062393,368.9046200115645,14.87061701519419
9800.0,368.51506757950614,368.9004438466194,13.12528627565103
9801.0,368.8254039535284,368.89675782872365,15.865439301486793
9802.0,369.32358843565623,368.8923022845198,15.91933041604176
9803.0,369.3070087668574,368.8878316058947,15.129456681267886
9804.0,369.2783429686642,368.8835827501433,14.296580495117949
9805.0,369.248497074655,368.8795677937876,14.609269110659291
9806.0,368.5328130906187,368.8754650240457,13.93093826215852
9807.0,369.09947913880063,368.8715527522171,15.225371308666029
9808.0,369.24187299425495,368.86727696044125,14.975667014995684
9809.0,369.4046310544707,368.8630712939545,16.146821058353705
9810.0,369.4664830860671,368.85853672837396,15.35279335271362
9811.0,369.0193110114823,368.8542251522407,16.078814756707263
9812.0,368.9774186548405,368.84970968509657,15.238116843250713
9813.0,368.86086785790735,368.84543031394975,14.178151690365931
9814.0,368.51519573673903,368.8414486163501,14.170784572794869
9815.0,368.4012337038259,368.83746898768254,14.73302552886287
9816.0,369.2947371082091,368.83333146301317,14.53795088242916
9817.0,368.7956696912302,368.82924872180706,17.218246371637623
9818.0,369.08157389558073,368.8244132642843,13.928631055557663
9819.0,369.2379489546358,368.82050164039623,15.035536267015114
9820.0,369.2276641643979,368.8162791606279,17.54754409392598
9821.0,368.56773291285117,368.81135122532817,16.045957481268072
9822.0,369.5067065358147,368.8068449856022,15.878678024236807
9823.0,368.7918962981423,368.80238572352374,15.060980596255584
9824.0,368.89837258522033,368.79815609813966,14.523044169287477
9825.0,369.05033506270235,368.7940775432354,14.507294002729324
9826.0,368.4066006878178,368.790003411503,14.460460774058085
9827.0,368.851456830397,368.7859424321023,15.178156166427963
9828.0,369.5138582168435,368.7816798999122,16.24205467901122
9829.0,369.0364697461348,368.77711858955644,14.139870313231015
9830.0,369.14801353195577,368.77314764264355,15.411893735610647
9831.0,368.98538593530424,368.7688194691528,15.312533439735688
9832.0,368.5282017662057,368.76451919934516,14.435887932400501
9833.0,368.7689560918088,368.7604651208174,13.17367254817872
9834.0,368.6668669020819,368.7567655144435,15.754277630127792
9835.0,368.734875863507,368.75234118814234,15.135826356730556
9836.0,369.15457294498555,368.7480905435738,13.762984257977534
9837.0,369.3299414690932,368.74422543882804,13.716574541094236
9838.0,368.76134307840925,368.74037336747773,14.787591020280328
9839.0,368.16797534973324,368.73622051899963,15.587930196186493
9840.0,368.0980046383048,368.73184290860286,14.07861758997691
9841.0,368.68759666363525,368.7278891634963,16.91486589723673
9842.0,368.99105913172025,368.72313890532354,15.614188745733708
9843.0,369.3345456351231,368.7187539206508,14.048742234598965
9844.0,366.8733910515192,368.7148085655399,17.08892617759749
9845.0,368.813565125103,368.71000942543833,13.778621753228707
9846.0,368.03984596409686,368.7061399291626,12.87683720857203
9847.0,368.3378179974674,368.7025236840465,16.854165718863673
9848.0,368.82914773230897,368.69779047250717,13.348215889328936
9849.0,369.1473900166267,368.6940418485449,14.03119740656515
9850.0,367.83536863127006,368.69010142060654,14.66827895715996
9851.0,368.0144198529043,368.68598207893274,16.63199683540397
9852.0,368.4092750472253,368.6813112598214,15.237720692737716
9853.0,369.0131841079359,368.67703199992695,14.414602239477897
9854.0,368.85727916282576,368.67298389913134,16.522732579367652
9855.0,369.1440029296085,368.66834376506534,14.235167228883029
9856.0,368.3354985534488,368.66434605560187,14.227741928933074
9857.0,367.9364487849731,368.6603504314102,13.793519706253798
9858.0,368.269168614346,368.6564767512927,15.014079939516723
9859.0,368.0436654555237,368.6522602971763,14.440667026640545
9860.0,368.8064874466934,368.6482048765196,16.658400175973075
9861.0,368.627002696656,368.64352664247025,14.171188112555457
9862.0,368.44792111859,368.63954690047535,14.418944656754805
9863.0,368.984907243741,368.63549758018416,14.082030489394159
9864.0,368.4409948262997,368.6315428766217,15.077334336835191
9865.0,368.7133904786291,368.6273086585622,14.817008963605756
9866.0,368.7766434182661,368.62314754854486,15.33314738319645
9867.0,368.82566192035455,368.6188414896547,15.063578077409057
9868.0,368.4917096135608,368.6146111348113,12.817850691025702
9869.0,368.10329975038,368.6110114550756,14.236794319965124
9870.0,368.49709128115046,368.6070132886707,14.7130704351516
9871.0,368.428027582626,368.60288136805684,15.692263834150761
9872.0,368.26227377056733,368.5984744572968,13.689231579660067
9873.0,368.5440539717438,368.5946300647615,15.105195595120072
9874.0,369.08585388255227,368.59038802233187,13.008395158840967
9875.0,368.92955341417394,368.58673483135806,14.633786492149804
9876.0,368.82978814835985,368.5826251763182,15.523153650538926
9877.0,368.0743617785003,368.5782657573347,14.375255968382865
9878.0,368.1027942121549,368.5742287062835,13.942969082427123
9879.0,368.619252554829,368.57031305579955,13.002719972776909
9880.0,369.0226635816576,368.5666614586072,13.297027402816791
9881.0,368.0810441650383,368.5629272100782,14.383239990701075
9882.0,368.4454524558322,368.55888791684754,14.350117829072497
9883.0,368.46914299942557,368.5548579254239,15.533490367849947
9884.0,368.3002537646245,368.5504956035456,15.293204080946088
9885.0,369.2990152278091,368.5462007620661,15.924235437641979
9886.0,368.4869182518684,368.5417287059474,15.409453583140003
9887.0,368.233321446854,368.53740121773285,13.673291064287513
9888.0,368.10929209826355,368.5335613018256,15.273367518577183
9889.0,368.6737856674136,368.52927203111415,16.346167895346387
9890.0,368.26776962736034,368.5246814822969,13.26883862326965
9891.0,368.7906496653528,368.52095515011683,13.036820702808212
9892.0,368.5333482435099,368.5172939763029,15.759010947398492
9893.0,368.8850447235222,368.51286832072844,15.737282204152924
9894.0,368.50194812885906,368.5084487673094,15.212431163608072
9895.0,368.44187628110706,368.50417660955765,14.964582084003972
9896.0,367.98538262137185,368.499974056089,14.268577285362387
9897.0,368.16289071272547,368.4959669639681,15.804712133650252
9898.0,367.74343525594225,368.4915284739772,15.054194272552841
9899.0,368.21807306033514,368.48730075441904,15.736085283147066
9900.0,369.54237492574674,368.4828815371353,14.548945312037983
9901.0,368.51109365067464,368.47879570832686,15.48928347267594
9902.0,368.8583360437983,368.47444580121834,13.53476983631241
9903.0,368.9173413797819,368.47064478668926,14.046729156184007
9904.0,369.2127404883631,368.46669999691795,15.53014595032735
9905.0,368.19931590086406,368.46233861426356,15.64860665311557
9906.0,367.7882220703609,368.45794396389516,16.24222468427364
9907.0,368.6746551275181,368.45338260579626,14.607620521016942
9908.0,369.13131053836236,368.4492802990333,14.275878789859938
9909.0,368.4236255922209,368.44527115640653,16.951482901752577
9910.0,368.70948785518146,368.4405106149582,14.436716651042486
9911.0,368.4370964808851,368.4364563036987,16.138590917438616
9912.0,368.5878314986797,368.4319240494161,15.126886556813789
9913.0,368.51100042145094,368.4276759154414,15.325922265747083
9914.0,368.0192667330201,368.4233718856051,14.332301832571531
9915.0,368.3449003074604,368.4193468975071,14.384891660382664
9916.0,368.9648358529736,368.41530714043245,15.388916104148558
9917.0,367.8132972215498,368.41098541982655,17.023331728236627
9918.0,367.90863017262507,368.40620470083286,14.939580096062057
9919.0,368.2713904316254,368.4020091687559,13.6473676824368
9920.0,368.70977500477426,368.39817653299843,15.24211260547825
9921.0,368.1465120528703,368.39389603970835,13.974290992172927
9922.0,368.34453678989496,368.3899715929881,13.498788352946123
9923.0,368.45435860043597,368.386180683259,15.495726565802213
9924.0,368.33314220180074,368.3818289667151,13.198830057113911
9925.0,368.6063277219348,368.37812229527407,16.10258117933987
9926.0,369.1247872361245,368.3736001537262,15.345139842915577
9927.0,368.9765546120404,368.3692907269536,14.189116177552089
9928.0,368.88004042701056,368.36530595016046,16.201129118937846
9929.0,366.33429383027317,368.3607561330662,14.728067488035975
9930.0,368.8860882722671,368.35662000077997,14.52441194985429
9931.0,368.2040485900699,368.35254106175745,15.16694330609459
9932.0,368.65702677574296,368.3482816785123,15.325995190672872
9933.0,368.42612542303254,368.3439776281962,14.87596453409848
9934.0,368.3629233083459,368.3397999614896,14.446641433960417
9935.0,368.4021877426053,368.3357428630202,15.101969347193508
9936.0,367.7934696030658,368.3315017266285,15.904551690725262
9937.0,368.5990214131023,368.32703519836207,17.05652436929558
9938.0,368.45014146282614,368.32224515776835,16.610156647382098
9939.0,368.3899591649889,368.3175804721099,14.697981055844176
9940.0,367.99834646842714,368.3134527890967,15.781557093948226
9941.0,368.1449709536186,368.30902080181284,15.789188447547225
9942.0,368.47126673822584,368.3045866713905,15.97506284125673
9943.0,367.9162552253314,368.30010034124257,13.851026183938624
9944.0,368.3409299415793,368.2962105113892,15.407826562665976
9945.0,368.40557832911736,368.2918834800962,13.55114069030921
9946.0,368.76452299400313,368.2880778680857,14.53022468062371
9947.0,368.7412113123408,368.2839972966545,14.590229532619654
9948.0,368.30948586690505,368.2798998738608,14.973839715725024
9949.0,368.796605988453,368.2756947205406,14.017674957669527
9950.0,367.66906315483925,368.27175809015665,15.614758333962495
9951.0,368.31897273448396,368.2673729455245,14.073339833160082
9952.0,368.69805928197417,368.26342068258805,15.12975538285509
9953.0,368.73863294254147,368.25917174295137,15.215538839594538
9954.0,367.4995286916019,368.25489871246066,16.63336580995989
9955.0,368.1246943668053,368.25022750889565,14.563578863739803
9956.0,367.9251231168771,368.2461375704981,13.543843526022455
9957.0,368.0198188409758,368.2423340077745,14.438569407553066
9958.0,368.2789549235858,368.2382791761992,17.042984808354657
9959.0,368.1227503730861,368.23349293796554,14.782546361515845
9960.0,368.6652843726739,368.2293415061957,14.784044740528813
9961.0,367.9374537056479,368.2251896536311,15.762347945409518
9962.0,368.60313874908593,368.2207630609164,14.905086261234409
9963.0,368.1924205900056,368.2165772158581,15.420778958326174
9964.0,368.24064177669817,368.2122465471006,15.280415673738299
9965.0,368.19149669537404,368.2079552970322,16.08075712023655
9966.0,367.90847042817376,368.20343928440764,13.5170345228446
9967.0,367.99526896073434,368.1996432505458,14.830072247104763
9968.0,368.2957374600301,368.195478471923,15.159474801031426
9969.0,368.08009853732705,368.1912211860831,15.052253081597659
9970.0,368.3049154875415,368.18699401167606,15.71020136568858
9971.0,367.71876183030713,368.18258206345917,15.649532697408912
9972.0,367.8001596321412,368.1781871530266,14.866652563601011
9973.0,368.2493831810125,368.17401210143163,14.738196144756937
9974.0,367.733605819208,368.16987312468103,16.277970437255323
9975.0,367.9737397586059,368.1653017279832,14.665574351561318
9976.0,368.227429837562,368.1611831458528,15.553986116606865
9977.0,367.9128026446883,368.15681506808505,16.450730731711392
9978.0,368.32106187048817,368.15219515453794,14.819364981482234
9979.0,368.4374261675886,368.1480333828723,14.22899904144727
9980.0,368.30310449118736,368.1440374056415,13.829065774249845
9981.0,367.7797475021444,368.14015374300317,16.011305463240323
9982.0,368.40333254019316,368.13565723471896,13.863926263693658
9983.0,368.13376089564025,368.13176378209323,14.608003069224736
9984.0,368.01657587971323,368.12766136789793,13.393141333523289
9985.0,367.54199941665127,368.1239001273734,13.602676165979757
9986.0,368.357689248848,368.1200800424835,15.848097584783952
9987.0,368.30680649572065,368.11562936841176,13.819414421475745
9988.0,367.90001633032824,368.11174841619504,14.390925175152148
9989.0,368.01436249257137,368.10770696470837,14.271706337453503
9990.0,366.952459618314,368.1036989938452,14.727754818825094
9991.0,367.9047485280821,368.099562949367,15.58932384778387
9992.0,367.81231423357247,368.09518494758646,12.96625895565277
9993.0,367.5427380832878,368.091543589863,14.406667242105778
9994.0,368.1904764873127,368.0874977174792,15.841249712726379
9995.0,368.1016427762904,368.08304896651816,12.1544105166905
9996.0,367.48116771577463,368.0796356028981,15.863114031840688
9997.0,367.88591256613046,368.0751807117075,14.574609865371071
9998.0,367.9992622537548,368.071087675437,15.095592712443485
9999.0,368.3835641827663,368.0668483298169,14.900925260056342
10000.0,368.0353249457702,368.06266365330634,13.458132329388695
10001.0,368.2076567736038,368.05888416114385,15.328399019603536
10002.0,367.5218977237512,368.05457943575254,15.204875345582213
10003.0,367.08006977506915,368.05030939992633,13.47845916080296
10004.0,367.98846519240595,368.046524199312,15.981508044697742
10005.0,368.58889915999214,368.0420360591361,14.981150277508464
10006.0,368.03043292933785,368.0378288527665,16.676331378991215
10007.0,368.4194236783053,368.0331455830376,15.668888271875087
10008.0,368.05437839849327,368.0287452369145,15.066863093005445
10009.0,367.8260210369397,368.0245139595292,14.141908022149337
10010.0,368.5507278579809,368.0205424403597,14.876855782253974
10011.0,367.8103971011743,368.01636452336083,15.128518969084281
10012.0,368.851398752958,368.01211593095036,13.731601584108091
10013.0,367.8786464449288,368.0082596395055,15.278385205571123
10014.0,367.59103603872654,368.00396895966026,13.513591808495468
10015.0,367.6798515329464,368.00017389262734,14.36787377069949
10016.0,368.39945772997066,367.9961389147434,14.512780903063012
10017.0,368.0578935856194,367.99206324210655,16.162648746799093
10018.0,368.3671830590608,367.98752423158345,13.500168776563703
10019.0,367.52217681370723,367.98373293418535,15.877786647448797
10020.0,367.9953055204839,367.97927392243525,14.983882904028976
10021.0,368.08972871999737,367.975065948653,15.501965453416874
10022.0,368.33164286298904,367.9707124800215,15.805018941725695
10023.0,368.80786607744363,367.96627390386874,16.79921293128176
10024.0,368.2446550113986,367.9615561249039,15.401074324618625
10025.0,368.13229254980257,367.9572309898644,15.32413924991849
10026.0,367.64584567906047,367.95292746075836,14.902663766417719
10027.0,368.408241798377,367.9487422960173,15.679745452111472
10028.0,368.39498223758386,367.94433890083616,16.069587127495776
10029.0,368.1354875062232,367.93982602511784,12.263600974484026
10030.0,368.0661717012801,367.9363819971775,14.036650620844869
10031.0,368.41650664601144,367.93244003779483,15.196609310398868
10032.0,368.1144193790441,367.92817232334687,16.247275349310105
10033.0,367.93205365803624,367.9236095468529,13.51417032313315
10034.0,368.03919123820054,367.9198143173538,14.84784363845327
10035.0,367.4070174238859,367.91564454793206,14.484001755046295
10036.0,367.8297803237701,367.9115769574392,15.114290946448346
10037.0,368.5521151414657,367.90733236073174,15.080085688531561
10038.0,367.7291991108257,367.90309737000086,14.65231359550315
10039.0,366.86605653518427,367.89898251193284,14.920747418596294
10040.0,367.7381875909979,367.8947922686994,15.645338429145065
10041.0,367.22785755795786,367.89039853615725,14.96719443251948
10042.0,368.048483563716,367.88619524905414,14.848116699818878
10043.0,368.4212193278369,367.8820254029476,14.57533100260262
10044.0,368.1377025985246,367.8779321641577,15.153149906836827
10045.0,367.5331505571674,367.87367665455884,13.8920455821995
10046.0,368.57158349071597,367.8697753050912,15.63185795756681
10047.0,367.7001571338411,367.86538535831477,14.4276105637829
10048.0,367.98716068036373,367.86133360434815,15.915923577110238
10049.0,367.74812564286145,367.8568638824769,14.085476200179869
10050.0,367.76246233877254,367.85290821124397,12.560255570340935
10051.0,367.48144142441896,367.84938087280466,14.687571869925641
10052.0,367.9325200509794,367.84525611303786,15.672678348442114
10053.0,367.778796613542,367.840854702535,15.378480080392336
10054.0,367.6977042345317,367.83653591271246,16.230451680527196
10055.0,368.13050770960757,367.8319778608655,15.729209070116802
10056.0,368.2098708959378,367.8275605746516,15.158383503373132
10057.0,367.8636797118625,367.8233035952844,13.652224042907404
10058.0,367.8073650654129,367.81946959569905,13.606230163424943
10059.0,367.9376775100125,367.8156485127281,14.627757684995515
10060.0,368.39862187130745,367.81154055077826,15.02278512589809
10061.0,368.0142749963415,367.8073216519554,14.909095289431122
10062.0,368.0728566462477,367.80313468102827,14.63250915037224
10063.0,367.5661579816072,367.7990253847085,13.722528935543853
10064.0,368.11826089766095,367.79517164116584,16.714282475686893
10065.0,368.36343477591384,367.79047771350395,15.901442009935261
10066.0,367.54955047445503,367.7860120585394,13.539740581271435
10067.0,368.22112825117796,367.78220964805956,14.873741341316167
10068.0,367.71235686094934,367.77803260569954,15.809575010043373
10069.0,367.51834217672706,367.77359275005085,15.88852481613816
10070.0,367.46425962164784,367.769130722665,15.412235094895513
10071.0,367.4042657331775,367.7648024533092,14.60609017499744
10072.0,367.7262128974434,367.7607005763184,13.909218515267446
10073.0,367.57581578129276,367.7567944041187,15.725623091506767
10074.0,367.9604176552942,367.7523781249671,14.077036677284783
10075.0,367.42843509033264,367.7484248238336,13.930762085637593
10076.0,367.54370690339704,367.74451260148123,17.79590913510976
10077.0,366.94273090376333,367.73951491699916,16.71518718662216
10078.0,367.8038178365772,367.73482073526424,15.889555669853136
10079.0,367.4287775795657,367.73035841838026,14.588067148030932
10080.0,367.90881337512326,367.7262616028562,13.760167787240404
10081.0,367.4949881413914,367.7223972890693,15.053722321541088
10082.0,367.7317634314486,367.71816970205066,16.716492253994446
10083.0,367.195597165393,367.71347515380927,14.656934780055439
10084.0,368.39761050846795,367.7093589979586,16.149806549380187
10085.0,367.652301092506,367.7048235939526,16.167009030489986
10086.0,367.27569991507454,367.7002833589165,16.397367931071955
10087.0,367.9140696087788,367.69567843142255,14.116038606003103
10088.0,367.2012277233785,367.6917141772474,14.165561472117492
10089.0,367.2012758023312,367.6877360154006,14.473984887164084
10090.0,367.920374362759,367.68367123797816,15.59012605156362
10091.0,367.73799623967716,367.67929301091203,14.494023246167139
10092.0,367.83144389460574,367.6752226060504,13.731881317396699
10093.0,367.9910064590994,367.6713662360471,14.4894868780237
10094.0,367.9263915442966,367.66729710514886,14.285040637339293
10095.0,367.3868198780612,367.6632853895698,14.931186852673346
10096.0,366.8510265570705,367.65909221459543,15.625665692453776
10097.0,367.5735902986753,367.6547040068134,14.458684167276019
10098.0,367.60900584997535,367.6506435263431,14.1468991358851
10099.0,367.8396523705866,367.6466706055025,15.488514233817957
10100.0,367.30988420517855,367.6423209144218,15.900289313475461
10101.0,367.0972675836896,367.637855583173,15.028320125539274
10102.0,367.2179633191192,367.6336351299378,14.086777063282323
10103.0,367.06310395707305,367.62967909337914,16.46748596608173
10104.0,366.82810405726633,367.62505447440367,15.823391336836805
10105.0,367.9712489403616,367.6206107386699,14.94365603283793
10106.0,367.6196546407099,367.616414061934,15.524147864570727
10107.0,367.5209344891001,367.61205436374206,16.3027324742653
10108.0,368.012037304461,367.6074760130389,14.497040241917235
10109.0,367.9410875528672,367.60340476090425,14.55578004928276
10110.0,367.79342007283475,367.59931701267374,15.241979302052696
10111.0,367.9459612468713,367.59503655681976,14.235246725907883
10112.0,367.74699046078723,367.59103882503086,15.325150643635402
10113.0,367.168919056869,367.58673501189185,14.557579409621749
10114.0,367.04131228947165,367.5826467583409,15.03969482324314
10115.0,366.69761497523047,367.5784231107114,14.37319515428045
10116.0,367.279889217343,367.5743866384056,14.80383792348911
10117.0,367.75363040939135,367.5702292272554,14.855202337121352
10118.0,367.52365256090167,367.56605739126576,14.132295850116652
10119.0,367.7034722194644,367.5620885715145,15.233348567897748
10120.0,367.01795440033453,367.5578105394584,16.9329271737041
10121.0,367.310527871521,367.55305520907706,14.717479286641145
10122.0,367.74513318399136,367.54892205031075,16.163487480979217
10123.0,367.46396513100365,367.5443828042432,17.02226037820688
10124.0,367.59694265275954,367.5396023861203,15.317479500644495
10125.0,367.63850384999904,367.5353007272939,14.134698897362023
10126.0,368.08577266649127,367.53133123268685,14.723815092338587
10127.0,367.34440078790817,367.52719629461507,16.596133596353713
10128.0,367.46064590092,367.5225355470968,13.012890062826717
10129.0,367.5657478647547,367.51888109380417,13.738049834453
10130.0,366.98371821306756,367.51502299147563,16.114040603481783
10131.0,367.4630352951013,367.5104976317395,14.689780712274253
10132.0,367.77649697274944,367.50637225165616,14.877047363250828
10133.0,366.94811916382935,367.50219428085495,14.55173965440428
10134.0,367.0768606829627,367.498107667302,14.515038201829661
10135.0,367.88817419009723,367.4940313607403,13.456534268176766
10136.0,367.86053383298275,367.4902523173667,14.972794324731566
10137.0,366.74385503992886,367.48604745762714,15.313015977205971
10138.0,367.26835611491583,367.4817470523069,13.299295990686904
10139.0,367.4939025086001,367.47801216668284,15.880536997422121
10140.0,367.0549565197861,367.4735523825427,15.465055961651247
10141.0,367.4245315667892,367.46920927932683,15.405724865866448
10142.0,367.6294374946704,367.46488283826034,14.810534504535754
10143.0,367.5353159057797,367.460723546487,15.975745283743771
10144.0,367.2788065595779,367.45623702468646,14.790265760142026
10145.0,366.84784835813286,367.4520834250522,14.111916743377165
10146.0,367.7550136027815,367.4481203284334,14.682297540336783
10147.0,367.28484253313917,367.4439970498741,14.711997497884271
10148.0,367.7358506362424,367.43986543057684,15.23492004839253
10149.0,367.1681312529281,367.4355869571965,14.222429694289547
10150.0,367.055692882018,367.4315928248574,15.579247933777149
10151.0,367.86190522441825,367.4272176527294,14.559492878487507
10152.0,367.26589093928595,367.4231288618126,15.405158988012037
10153.0,367.47284359024593,367.4188025796635,16.223343096125845
10154.0,367.5380312253115,367.414246524144,14.153179185017201
10155.0,367.9488376034897,367.4102718396562,15.766026902359306
10156.0,367.42460769580435,367.4058442137678,15.804918465131141
10157.0,366.9981377308946,367.4014056658322,14.834765589874264
10158.0,367.60889793933467,367.39723956916237,14.345094314319098
10159.0,366.8662890194363,367.3932109885091,15.511068794439591
10160.0,367.2343346954485,367.3888549633559,14.673691636601037
10161.0,367.58756452853373,367.38473410162135,13.170228235240927
10162.0,367.75192409637646,367.38103546252523,13.238306619200984
10163.0,366.3911917156945,367.3773177047497,14.277332071568152
10164.0,367.7059340091755,367.3733081539929,15.434123016954128
10165.0,367.60224562079384,367.368973737779,15.909334365134848
10166.0,367.2348725432618,367.3645058663781,14.923088019978847
10167.0,367.5831205117548,367.3603149658258,14.579833775168295
10168.0,366.65577289082955,367.3562204625073,15.932656002902608
10169.0,367.03047797427104,367.3517460416132,12.789924125749273
10170.0,367.0209686146177,367.34815420458784,16.034188758738974
10171.0,367.2013982039295,367.34365126991145,15.218687452447018
10172.0,367.13246632808847,367.33937735518515,15.3397570254145
10173.0,366.98048076764934,367.3350694400872,13.487778513815199
10174.0,367.09660954943524,367.3312816222879,13.988917537488451
10175.0,366.7969265628927,367.32735306794615,14.234203060974364
10176.0,368.06340611439697,367.32335562925323,14.393890589411777
10177.0,366.64269657427775,367.3193133449793,16.291324749072047
10178.0,367.2681809116027,367.3147381979456,11.931936554556776
10179.0,367.41790574792265,367.31138731242993,15.92089225934047
10180.0,367.41543912166753,367.30691619518706,13.965813339211673
10181.0,366.9697032564676,367.30299412927434,15.092321028105207
10182.0,367.9813711432021,367.29875570245224,14.483927782718983
10183.0,367.715778480737,367.29468813273326,12.910260889301895
10184.0,367.6500545733674,367.2910625011335,15.44837474834171
10185.0,367.92287652897977,367.2867240825584,14.210243758269904
10186.0,367.31700248528995,367.28273337243627,15.383074739130974
10187.0,366.9855113160912,367.2784132922804,14.538796002268072
10188.0,366.8829577705954,367.27433031373636,14.474247127915305
10189.0,366.798939486721,367.2702654626679,15.302291153004031
10190.0,367.26593969187496,367.2659680692358,14.5725361525435
10191.0,368.4992541776882,367.261875615333,14.719908261105598
10192.0,366.75327907263534,367.2577417744297,17.519590413652217
10193.0,367.9284979837342,367.2528216894552,14.80344693405334
10194.0,367.6875314293523,367.24866438810784,17.170910862235452
10195.0,366.89781247037155,367.24384222397407,14.924496153717877
10196.0,367.0930729966974,367.23965092797084,16.83772839011212
10197.0,367.1189606256126,367.23492233258133,14.084331933331256
10198.0,368.2627822371295,367.23096698269666,13.957607053260654
10199.0,367.1240831496641,367.2270472213826,15.218647477519626
10200.0,367.7074397617578,367.2227733178826,13.37989787941287
10201.0,367.6592914227776,367.21901579656145,13.948785001933942
10202.0,366.9063373936786,367.21509851277347,14.62249486563384
10203.0,367.73934446906816,367.21099202879867,16.117642648525283
10204.0,366.83075226317914,367.20646565748814,14.263377567079852
10205.0,367.1089247816917,367.2024600256214,14.774534927177548
10206.0,366.9607630661525,367.19831084372936,14.231621415567117
10207.0,367.3338737382367,367.1943141300485,16.50810027727691
10208.0,367.2792921514557,367.18967810522065,15.040693485976753
10209.0,366.66954649457597,367.18545417713335,15.901154308448298
10210.0,367.0648664418151,367.18098860296504,14.236383520837531
10211.0,366.5616254996591,367.1769905519263,15.50018479245253
10212.0,367.2862657989813,367.1726375833637,14.256198026610033
10213.0,367.32640454921517,367.1686339677513,15.45497991056272
10214.0,367.14157899029203,367.16429369422633,14.63257154635974
10215.0,366.684581820233,367.1601843803837,13.651183355029662
10216.0,367.5227822182931,367.1563506730583,14.34068515633608
10217.0,366.9598634979689,367.15232333064347,15.413826020555948
10218.0,367.6308845303589,367.14799461450275,15.674107118202674
10219.0,367.50120116534936,367.1435928027537,16.078891482943945
10220.0,366.54116682157826,367.1390773140622,15.721991487522985
10221.0,367.15914556350276,367.13466205478613,13.06333936923849
10222.0,367.4679584446893,367.1309934336466,14.713012547942697
10223.0,366.95317323308507,367.1268615292894,14.302608475794884
10224.0,367.9712723570414,367.1228448800758,17.617308709578044
10225.0,366.9501347121333,367.1178973525465,14.61331557489493
10226.0,367.056163464275,367.1137934464226,14.697629830865806
10227.0,367.0758207434736,367.10966586204506,15.96703985186413
10228.0,367.6160314490013,367.10518178502,14.255608939611344
10229.0,366.8091261851367,367.1011783348428,16.22317894440295
10230.0,367.26772765853235,367.0966223254226,14.376449585267913
10231.0,366.9307968310484,367.092584939164,15.00342188378576
10232.0,367.5360456296786,367.088371478185,14.664811587924907
10233.0,367.20081411259406,367.08425311026406,14.856823396800756
10234.0,366.6605385583161,367.0800808190268,15.384883904941852
10235.0,366.8352560142404,367.0757602307968,14.492536954071827
10236.0,366.472345510211,367.0716902433356,14.844368955386493
10237.0,367.16120126216236,367.06752144972063,14.358107840035837
10238.0,366.47619470185464,367.0634892144355,13.06244581018849
10239.0,366.848235409709,367.0598208442371,16.16646063713478
10240.0,366.5650602654258,367.0552807632082,13.838343815118186
10241.0,367.22843495775004,367.0513944949868,15.315870861290461
10242.0,366.7301041915518,367.04709328791995,15.664981475370231
10243.0,366.63408029004336,367.0426940389556,15.364622118872793
10244.0,367.8318924805773,367.0383791409105,15.22059509387228
10245.0,366.9331104433565,367.03410469045497,14.25904957677814
10246.0,367.49374755118725,367.0301002740322,15.352515140527096
10247.0,366.95900595468527,367.0257887760302,15.102501233174838
10248.0,367.40985878709216,367.02154749026727,15.074342225830266
10249.0,366.92576877826986,367.01731411249216,16.4900539224363
10250.0,366.91130556714535,367.0126831556823,12.963929369657698
10251.0,367.0705389403776,367.0090424521843,15.011061920617122
10252.0,366.6009737408061,367.00482684562826,15.293769115900231
10253.0,365.77113982630505,367.0005318454682,17.319307385150022
10254.0,366.7227352118011,366.9956680066442,15.246161373945847
10255.0,366.5515348600953,366.991386376325,14.309714537225682
10256.0,367.4674210752569,366.9873677314925,14.671397505888152
10257.0,367.3021693520804,366.98324751402623,15.19463712380037
10258.0,367.12606738007514,366.97898035343394,14.938147037511088
10259.0,366.5893732185618,366.9747852238076,14.814881035878326
10260.0,367.411570269818,366.9706247113834,15.850222876516069
10261.0,367.1228464585656,366.96617344045893,14.757327862362661
10262.0,366.64151825407833,366.96202909088424,15.863132011863605
10263.0,367.4439621555867,366.9575741946443,15.323922211574391
10264.0,366.50331114443765,366.9532707264898,15.578171080958306
10265.0,367.6588552553776,366.9488958567779,14.788112697389549
10266.0,366.165299641701,366.9447428617954,16.09410032853669
10267.0,367.25551013471056,366.9402231019531,13.821889374482254
10268.0,367.64917355270063,366.9363414546871,14.866284661125182
10269.0,366.8403449333303,366.9321665064115,14.252151514724531
10270.0,366.80476953790327,366.9281640271944,13.86394936570046
10271.0,366.26926762281846,366.9242705680809,15.237106181860797
10272.0,367.12047924456385,366.9199914807615,13.876347727557443
10273.0,367.03536699381516,366.91609453977463,13.912164638342585
10274.0,366.89285290365217,366.91218754020537,15.25853355145919
10275.0,366.4540183649929,366.90790243536634,14.454560023431977
10276.0,366.706685856516,366.90384311309316,15.863296575583552
10277.0,366.76161330000303,366.89938817063813,15.975651625420051
10278.0,366.41842073111223,366.89490167514,14.690331501238868
10279.0,366.52300282770534,366.8907761403768,15.193234695620804
10280.0,367.0201313889788,366.8865093736331,16.27596818592759
10281.0,366.70293435654077,366.8819385392342,14.373629315720802
10282.0,366.4562794848074,366.8779019450013,13.402714740022894
10283.0,366.6554796195369,366.87413801594516,14.64248345910143
10284.0,367.0026576530886,366.87002591850705,15.460585182460393
10285.0,366.6913871122543,366.865684070835,17.001441238763643
10286.0,367.12285513493254,366.8609094994205,15.854283318785674
10287.0,367.28562650948317,366.8564570881884,14.752075597048798
10288.0,367.2344432459176,366.85231421362494,16.732732515380356
10289.0,367.0200694774796,366.84761510457685,16.778170660128634
10290.0,367.409148156616,366.8429032349831,14.940615930391852
10291.0,367.2697941028564,366.8387074120094,13.92996632638096
10292.0,367.1529395530451,366.8347954131327,15.472941897817003
10293.0,367.53030623883717,366.830450095283,17.051346311629025
10294.0,367.6228174230411,366.82566150886055,13.21480747770242
10295.0,367.0088880310121,366.82195035042724,14.303043748031758
10296.0,366.7351928614878,366.81793357897465,13.825721505903463
10297.0,366.96403762498227,366.8140508555184,13.550054828386859
10298.0,366.5374302514157,366.81024554845413,13.654360327459727
10299.0,366.86838122166887,366.80641094892883,13.683410514955005
10300.0,366.70015385259785,366.80256819114254,12.519233755662954
10301.0,367.29226218863755,366.79905237299613,14.952943451721893
10302.0,366.89960141664807,366.7948530880434,14.27527433378087
10303.0,367.09895516081383,366.79084411516806,14.541692296915235
10304.0,366.9182713197126,366.786760323248,13.824913072380799
10305.0,367.13319571268636,366.78287782682685,14.056514533887716
10306.0,366.8981181405561,366.7789302889952,16.074469319114957
10307.0,366.86856414957623,366.7744160421948,15.759955283505384
10308.0,367.13013927206714,366.7699901214193,14.854917984991268
10309.0,366.6207324438194,366.7658183652852,13.811241205476495
10310.0,367.3101137386651,366.76193970838,15.994210028413914
10311.0,366.67280211136364,366.75744800106366,15.880823115857206
10312.0,366.25325102443963,366.752988136572,14.915941175133637
10313.0,367.17408623126204,366.7487992430919,15.605470930098527
10314.0,367.05729656454156,366.74441670667244,14.276712419378104
10315.0,366.1669659629657,366.74040732993467,14.597272378005684
10316.0,366.86715477222896,366.7363079292752,17.221318161367154
10317.0,367.3182800659626,366.73147160909156,15.167299042717044
10318.0,366.10939312220137,366.72721212594365,15.251828683783437
10319.0,366.89737908776294,366.722928904055,12.917660171214935
10320.0,366.999032612903,366.7193011944902,14.742702795457694
10321.0,366.68283504260273,366.71516095212183,15.873947760239265
10322.0,366.2455733006537,366.7107030184592,14.95415055991545
10323.0,366.7792300042463,366.7065033945102,17.569396390034598
10324.0,366.3639095777851,366.7015693223574,14.994676326202365
10325.0,367.0471558618869,366.6973583174224,16.095350302702858
10326.0,366.45667894486917,366.6928382065458,15.41895303976051
10327.0,366.07913794430846,366.6885080505671,16.191763005986804
10328.0,366.6625071148837,366.6839608637896,14.128332608512443
10329.0,365.934942231048,366.6799931570487,15.877164965281608
10330.0,367.0037001779039,366.6755343198876,16.111787504499016
10331.0,366.766711983008,366.6710095928968,14.418726261732631
10332.0,366.6325103964219,366.6669603339382,15.332185808947461
10333.0,366.51277700193384,366.6626545450902,14.606752501274075
10334.0,366.6152715864741,366.6585524820961,17.1063601527864
10335.0,366.3777519647494,366.6537484459532,14.551542498086182
10336.0,366.33262892569127,366.64966188776833,13.943751475964417
10337.0,366.38242211501637,366.6457460175622,15.453149343825313
10338.0,365.61591942918716,366.64140625812144,15.064919527214613
10339.0,366.235167508926,366.63717552655424,14.680250945905216
10340.0,365.91847764722394,366.6330528227469,14.934049180824873
10341.0,366.04573886461907,366.62885884393535,15.474969711127475
10342.0,367.2159770988785,366.62451295660816,15.661916701060104
10343.0,367.4756774163737,366.62011456833454,14.018923968949323
10344.0,366.86846131769374,366.6161775871866,15.443377680992342
10345.0,366.3933415271744,366.6118405719546,15.231143696336918
10346.0,366.12754250447773,366.6075631590998,13.618939487127264
10347.0,366.8073838724053,366.60373850692713,13.845142005858039
10348.0,366.92034264107167,366.59985032954717,14.570034610355524
10349.0,366.84047697420186,366.59575857816077,16.363182117570204
10350.0,366.4560719360988,366.59116325118276,14.358195631046625
10351.0,365.9714700094257,366.58713099124304,13.652074265313765
10352.0,365.96548765735935,366.58329703372016,14.215585127571432
10353.0,366.8029658886883,366.5793048235635,14.164565893802843
10354.0,366.50669729147535,366.57532694130833,13.954379177190374
10355.0,366.7364724210887,366.5714080864894,14.993728690177068
10356.0,366.9997747967057,366.5671973476823,15.282144346023285
10357.0,366.4449101094398,366.5629056121451,14.78496441789094
10358.0,365.84598554492754,366.5587535013044,15.500960418999355
10359.0,366.59624020924633,366.55440031492003,14.988716392386884
10360.0,365.7079458107298,366.55019098373316,16.124559653942068
10361.0,366.0460261888115,366.54566266989707,14.69163616758524
10362.0,366.65533298886965,366.54153676874,13.886911477120103
10363.0,366.951245565392,366.53763686110017,14.054441348266966
10364.0,366.86646399012983,366.5336899054882,13.061906652621058
10365.0,366.0048083270716,366.53002168670326,14.326792267792083
10366.0,366.1155859314034,366.5259982458747,15.34092803023074
10367.0,366.4885415483998,366.5216900019196,16.504345762217152
10368.0,366.6213563415587,366.5170550314847,14.995901450660746
10369.0,367.0660223954056,366.51284368249395,14.611099633527578
10370.0,367.2339050629915,366.50874039868023,15.91486976335197
10371.0,366.9675168311868,366.50427097275497,14.581564839040016
10372.0,366.58916525804904,366.500175983296,16.236958410110397
10373.0,365.89959121304133,366.4956161041425,14.694692053920258
10374.0,366.592373785981,366.4914893447907,13.379761220987293
10375.0,366.84051366829544,366.48773186184775,15.064205138475344
10376.0,366.21217371105564,366.4835013309048,14.807547485062367
10377.0,366.8716022497764,366.479342877986,14.808362108918061
10378.0,366.56567821859284,366.4751841962938,14.377730003990267
10379.0,366.8625585521194,366.47114645045104,13.79876625093037
10380.0,366.47822922138823,366.4672712969289,16.315445515204274
10381.0,366.6622266624244,366.46268937598,14.128399377350716
10382.0,365.77632691374083,366.4587216504882,14.371953021098161
10383.0,366.24131922342286,366.4546855270147,15.209983089221746
10384.0,366.2665724212069,366.45041405676386,13.77451814853321
10385.0,366.82079806664154,366.44654571291716,15.017854313177352
10386.0,367.02590624357873,366.44232819883086,15.28114721137419
10387.0,366.4649797937591,366.4380367433223,14.704246181973708
10388.0,365.5375611095893,366.4339073008529,15.530044699984774
10389.0,366.96170633829433,366.429545946633,14.51995878776868
10390.0,366.3647443349448,366.42546825820676,15.681238788384121
10391.0,366.0098488423527,366.421064443647,14.297756096506841
10392.0,366.09546509130195,366.41704915714325,15.848847432355054
10393.0,366.87107691562136,366.4125982724894,15.453943944510055
10394.0,366.0622828765936,366.40825828989824,13.47905678658935
10395.0,362.3649515426869,366.40447292145075,15.680519514519968
10396.0,366.1969495645983,366.40006930888705,14.598811645999461
10397.0,366.70885257371657,366.3959694759498,15.330405735716496
10398.0,366.4807106244766,366.39166418700563,14.331383108482482
10399.0,365.76888561271136,366.3876394569161,14.662480625294386
10400.0,366.58782867115474,366.3835217436071,14.041911395152248
10401.0,366.5170649733915,366.37957830682365,14.944303219535277
10402.0,365.93085659603645,366.37538144833616,16.436462070060625
10403.0,366.521033035594,366.3707655419048,14.233180192246547
10404.0,366.0909106470281,366.36676839046754,16.960625795289086
10405.0,366.08315089887117,366.36200528139,13.86712949147157
10406.0,366.8104977384723,366.3581109291911,14.708967314611249
10407.0,366.3940695901358,366.3539801608703,13.652003099670445
10408.0,365.8390035877048,366.3501462233332,14.123471244734432
10409.0,366.6991869541118,366.34617988182526,13.174666970777473
10410.0,366.6953074967255,366.34247999618435,14.391767405655585
10411.0,365.0614101281352,366.33843830817125,17.50063932491808
10412.0,366.1669930875557,366.33352354529416,13.778254033279731
10413.0,366.37294631184255,366.3296541522865,13.894204231853967
10414.0,366.4291240398612,366.32575219659805,13.558994774024779
10415.0,366.03415181141486,366.32194437889893,16.96763703249637
10416.0,365.9738439298789,366.3171793008323,15.581860064112755
10417.0,366.1887265443041,366.31280339513097,17.062279702437493
10418.0,366.36925493784383,366.3080117382479,14.871699880754502
10419.0,366.41490488820324,366.30383526919803,15.016301574799042
10420.0,366.4019974767726,366.29961819117244,15.39752932730108
10421.0,365.9236219508195,366.2952940516864,15.106287791640975
10422.0,366.4774441610353,366.29105170253155,15.635932874003446
10423.0,365.89038502650715,366.2866606113828,16.13197470600835
10424.0,366.1774727667163,366.28213021515285,14.643609881380016
10425.0,365.94999815862576,366.2780178013778,14.69595339255262
10426.0,365.72521958771495,366.27389068780013,15.295889979312351
10427.0,366.2575279863741,366.2695950920309,13.071957117090186
10428.0,366.98909582832664,366.2659240507405,14.81899585087721
10429.0,366.3813583392375,366.26176238273905,14.306423638260046
10430.0,365.4392908017414,366.2577446621006,14.347163578698776
10431.0,366.4725683656574,366.2537155003289,13.693042467130525
10432.0,366.6284831580156,366.2498700375694,13.533394178097362
10433.0,366.90438560720173,366.24606940937105,13.200501434802032
10434.0,366.252992908839,366.2423622685515,15.823431557886288
10435.0,365.69057189663994,366.23791852152226,15.256242472256663
10436.0,366.0827516321914,366.2336340600947,14.468989855897526
10437.0,366.2673076221212,366.2295706854435,13.463300143808183
10438.0,366.1933171933203,366.22578974198643,15.071504322651187
10439.0,365.44242997968047,366.22155716118914,12.956839294621258
10440.0,366.2189240746294,366.21791844882057,15.707397649919068
10441.0,366.0244278057493,366.2135072879806,16.57216968582803
10442.0,365.7894082721355,366.20885327032715,15.037206122538143
10443.0,366.1423788359024,366.2046303216077,16.918811952183148
10444.0,366.2198468998605,366.19987895525117,16.228841328765103
10445.0,365.91007648199513,366.19532135564464,14.99191152960594
10446.0,366.72360594252655,366.1911111271567,14.890322532397157
10447.0,365.56867601261587,366.18692942824555,15.661051277482763
10448.0,366.5886954826095,366.18253128301177,16.30552545453799
10449.0,365.62964366481697,366.17795214794666,15.12321669077813
10450.0,365.6269390951544,366.1737050445927,15.364535920001094
10451.0,366.77049368631435,366.1693901707551,15.025832106410224
10452.0,365.73667065647834,366.16517041623854,13.570515435301319
10453.0,366.78939441791925,366.1613593631538,14.277095727436697
10454.0,366.0103698587405,366.15734987877033,13.61272956777511
10455.0,365.3907683425383,366.1535269705501,13.831883085619847
10456.0,366.0404644178064,366.1496425167169,15.439601324287532
10457.0,366.3536798262295,366.1453065620116,14.747483038222585
10458.0,366.22729720697254,366.14116497719175,13.589957335145083
10459.0,366.18320837041017,366.13734846417344,15.827471653674746
10460.0,367.02871246921916,366.13290358255074,16.38006567596269
10461.0,366.48367279192445,366.12830351410673,14.871708293968403
10462.0,366.0824573559885,366.12412704269417,15.856023873976062
10463.0,366.995321604337,366.11967414265627,14.977249457555967
10464.0,365.78339654052894,366.1154680317669,14.649091581959704
10465.0,366.4820980121678,366.1113540785476,14.969474500207204
10466.0,365.519500352317,366.1071501511255,14.018621398619604
10467.0,366.25446006883055,366.10321325494937,14.900068427133428
10468.0,365.96670005735797,366.0990288190661,14.11029971757155
10469.0,367.1770451131648,366.09506617656206,16.22107876404232
10470.0,366.65335529726843,366.09051075694254,15.470203647774184
10471.0,366.8627677025499,366.0861662080847,14.820800590388574
10472.0,366.08474492405327,366.0820040332523,15.074070213242226
10473.0,366.34834382351033,366.0777707318674,15.352925263590228
10474.0,366.32370238610395,366.07345911868924,13.893626160294735
10475.0,366.03458962070243,366.0695573253425,15.44883951982596
10476.0,365.87583883490726,366.065218776244,15.955285034477154
10477.0,366.54180931456466,366.0607380003635,14.893184503917317
10478.0,365.75163376525967,366.0565554977153,16.07805029093089
10479.0,366.0768409816695,366.0520402452586,15.109870396425338
10480.0,366.5525436499073,366.0477968899889,16.263296400030047
10481.0,366.88772894731653,366.0432296142499,16.21686706077356
10482.0,366.21715914739565,366.038675377417,14.911772159894165
10483.0,366.3312857840656,366.03448765473547,14.644406435806232
10484.0,366.0190542181895,366.0303750172614,14.793863257987283
10485.0,365.5273072044539,366.0262204073298,14.707645217409459
10486.0,366.0339918100304,366.0220900102979,13.750874683002385
10487.0,365.76101882826623,366.01822830632443,16.945497127651574
10488.0,365.3787753820624,366.0134694458811,14.468591993948088
10489.0,366.6176265768737,366.0094061829627,15.613016523822655
10490.0,366.01726006326743,366.00502152748896,14.324811763965553
10491.0,365.8737975785362,366.0009986428519,14.425741415685314
10492.0,365.92986358317427,365.9969474138044,14.469281461739062
10493.0,366.4312656640925,365.9928839572605,13.76031492812677
10494.0,365.4409970873015,365.9890196021516,15.514773822028632
10495.0,366.0677280224407,365.98466253650315,14.660337582522018
10496.0,366.2087841722765,365.98054542503206,16.84751743590668
10497.0,365.7817343360666,365.97581408055225,16.51406454367305
10498.0,365.36997122307906,365.9711763807595,15.166433598481182
10499.0,366.2430881732104,365.96691714065724,14.288820026806482
10500.0,365.99597296437736,365.9629043636998,15.052481678168302
10501.0,365.90779507857525,365.95867712509516,15.606623927659431
10502.0,366.0461067654205,365.9542942648755,14.986939764230733
10503.0,366.0711823342377,365.950085432625,15.20170144471714
10504.0,365.85136144869756,365.9458162881359,13.677588316135445
10505.0,365.9429926432509,365.94197516541715,13.199366206701727
10506.0,366.307413228143,365.9382683434074,16.04094522377003
10507.0,365.6076564210328,365.9337635112904,14.800896710664425
10508.0,365.79131544914446,365.9296069261308,15.565337321800355
10509.0,365.8308141014618,365.92523566056633,14.25515632613041
10510.0,366.09806259972277,365.921232337498,14.399943086831563
10511.0,365.77247155889444,365.91718835348115,15.22541240057311
10512.0,365.4641981653059,365.9129125501653,14.120268543184242
10513.0,365.8748718607474,365.9089471080827,14.223429553385632
10514.0,366.2217513335923,365.9049526949499,14.809695881466023
10515.0,366.06346323873674,365.9007936386898,15.495748714052919
10516.0,366.02835295495,365.8964419159259,15.453323186031938
10517.0,366.1273629480951,365.8921021076645,17.45039822664813
10518.0,365.25722877698536,365.8872014541625,14.986854145709199
10519.0,366.04469905248527,365.88299264595656,13.088463476553667
10520.0,366.06344727172535,365.87931696913023,16.35389139931758
10521.0,366.1461283180731,365.8747242512956,13.334431517152908
10522.0,366.0423112863713,365.87097949844457,14.309102484194455
10523.0,367.03032024965825,365.86696102549695,14.551871789423101
10524.0,365.9304231759525,365.86287437483605,13.232270821077101
10525.0,365.5996637010238,365.8591583121138,13.951015839470882
10526.0,365.74445284114654,365.85524040183225,14.542068260197523
10527.0,365.12328013807434,365.8511565043292,17.079020492929885
10528.0,365.6980875406415,365.84636014607406,15.5602457769943
10529.0,366.2050104308833,365.8419903103851,14.936103132672974
10530.0,365.3321718161762,365.83779575475523,15.017319197364781
10531.0,366.16461181919067,365.83357839094737,14.84282494540344
10532.0,365.54546359339366,365.8294100309418,13.938840492749783
10533.0,365.9882232211176,365.82549553990344,16.83963236840442
10534.0,365.9448710474406,365.8207664098133,14.533025597456215
10535.0,365.97318197220955,365.8166850517914,15.581617488008678
10536.0,365.57423116179336,365.8123092142135,14.339082950905738
10537.0,366.0343518203894,365.8082823217514,14.641286797731718
10538.0,365.51657306230345,365.8041705603757,14.84626563143699
10539.0,366.0714882503583,365.8000012341109,15.378516526316972
10540.0,365.64095673892143,365.7956824340531,15.023910310780257
10541.0,366.4543233518278,365.79146321924077,15.40036164042167
10542.0,365.6655718884319,365.7871382843468,14.875219397984598
10543.0,365.52065896477063,365.78296082689917,14.871825663004818
10544.0,365.45977519658845,365.77878432252555,16.404136784062292
10545.0,365.18007512049115,365.774177494112,15.36017683257327
10546.0,365.10973419698723,365.76986384445155,13.970059251261775
10547.0,365.51560119109126,365.76594058614506,15.600964587478366
10548.0,365.74634363082913,365.76155931525676,13.313173457288215
10549.0,365.6719630442164,365.7578205323775,15.952032590954772
10550.0,366.2901654025676,365.75334066989154,14.234849462097317
10551.0,365.7471028208124,365.74934304966763,15.540772300874124
10552.0,365.89892561176345,365.74497868277973,15.289598325424086
10553.0,366.076650806423,365.7406848539167,15.052383888323492
10554.0,366.0420775310104,365.7364576427747,16.283202284212926
10555.0,365.893936792609,365.73188477679986,14.184909358133288
10556.0,366.2256378402583,365.7279011814218,14.790179658900836
10557.0,365.7253068242047,365.7237476059677,14.992031203606834
10558.0,365.62317771871795,365.7195373438713,16.465971146611125
10559.0,365.5096116258538,365.71491315030755,15.807554867302693
10560.0,365.9235977687105,365.71047386198234,16.90721003392964
10561.0,365.4596961901301,365.7057257538312,15.2928810807185
10562.0,364.54908983385417,365.70143100306103,14.314023739728892
10563.0,365.2486972361032,365.6974111480607,14.104136779654176
10564.0,366.1347945969651,365.69345023631513,15.792022276497043
10565.0,366.0754541184317,365.6890153100591,15.298163933708363
10566.0,365.33904293241454,365.6847190756877,15.704441637051932
10567.0,365.1143955307333,365.6803087449946,14.983829162858594
10568.0,364.774687769528,365.67610078630474,15.968763210348556
10569.0,365.6218383644578,365.6716162253032,14.256544558825702
10570.0,365.3601498743441,365.6676125123729,14.588824848532884
10571.0,366.22167468611224,365.6635154840613,15.28183710015202
10572.0,365.88788455110574,365.659223834809,12.662506031126195
10573.0,365.65045302163367,365.65566778103187,13.446475406457875
10574.0,365.18195714338304,365.65189156252194,15.656676123586184
10575.0,365.5482034681225,365.64749464597725,14.675589642618377
10576.0,366.01958774844684,365.64337325121926,14.550749864601668
10577.0,366.09125581456556,365.6392869156323,14.046125286283498
10578.0,365.4281724049201,365.63534229544774,14.202388811622917
10579.0,364.9006849867354,365.63135379125646,16.224651689516413
10580.0,365.05537678739387,365.6267973682403,13.840534360255436
10581.0,365.18532462265426,365.6229104848408,14.766701133792882
10582.0,366.0212336644211,365.6187635029391,16.473813891667326
10583.0,365.4044370520186,365.61413710687117,13.55557768257377
10584.0,365.25964986692486,365.6103302488053,16.16476107425348
10585.0,365.6040934875506,365.6057906450703,16.33264542767233
10586.0,365.2649994226437,365.60120389381274,15.314706196645353
10587.0,365.55776374561384,365.5969030138225,13.135284005162495
10588.0,365.9328159903957,365.593214188231,12.207072579601144
10589.0,365.75584470007544,365.5897860353483,13.901767107707318
10590.0,365.0758935808733,365.5858819557522,15.244278743836803
10591.0,365.4657676068382,365.5816008541383,16.809737971037524
10592.0,365.30599682157674,365.5768801193915,14.347250019297274
10593.0,365.3397673523505,365.57285093334434,14.784036622022665
10594.0,365.8669927642118,365.56869908305964,14.338620375706533
10595.0,366.46015394398336,365.5646723205042,16.129719975502613
10596.0,366.0627714430388,365.5601425574777,15.368120589033804
10597.0,366.07713222406863,365.5558266769456,16.353196683124253
10598.0,366.4772969903185,365.5512341542104,13.948875661460614
10599.0,365.4856844726104,365.54731684496215,14.729975255879776
10600.0,365.2869791461369,365.5431801769111,15.200574562950298
10601.0,366.46576393822073,365.53891134888806,15.844498776678282
10602.0,365.6983623421371,365.53446168548163,14.265497268397805
10603.0,365.37679901165086,365.5304554583321,15.707477135988562
10604.0,365.54914809059255,365.52604427516974,16.35210866855642
10605.0,365.3367512891105,365.5214520579853,15.657428130274162
10606.0,365.0097900725028,365.5170549302521,14.14688101835308
10607.0,365.06157850095826,365.51308201449945,13.585090662101939
10608.0,365.66131814616284,365.50926686820515,12.8644372919645
10609.0,365.55044612766415,365.50565410539895,15.583409724528073
10610.0,365.36912481824476,365.5012777645013,14.458075813392856
10611.0,365.3863761955038,365.49721745487705,15.238323570898903
10612.0,364.3523048580237,365.4929380256743,13.888563111191802
10613.0,365.57063777484314,365.4890376542005,15.182307378250187
10614.0,365.19166115801227,365.48477395621177,17.773183139320913
10615.0,365.73468935420374,365.4797826539468,15.202943447628448
10616.0,365.39329777195917,365.47551316066193,15.462323676047362
10617.0,365.6277730934906,365.4711708247629,16.174657029382065
10618.0,364.998988533086,365.4666284419139,15.238941888195829
10619.0,365.323507730004,365.4623488390669,15.49201578895344
10620.0,365.2117053114194,365.45799816463284,15.229296034740301
10621.0,364.9904553827305,365.4537212706631,15.121098539354078
10622.0,365.914849206575,365.4494747621566,16.91346665688395
10623.0,366.0837858210805,365.44472489693715,15.987015926327244
10624.0,365.5810059490533,365.4402352099645,15.324041181300924
10625.0,365.7842733378769,365.43593170839944,14.875113911257175
10626.0,366.5893869691203,365.43175428057606,14.838523700511255
10627.0,365.7234395689859,365.4275871285035,15.117036291301979
10628.0,365.178034195689,365.42334176081164,15.76607810830026
10629.0,365.0025986827519,365.4189141205429,14.632009621259177
10630.0,365.3304179527571,365.41480496450765,13.607510027284745
10631.0,365.32519224043705,365.4109835221083,14.812941396779836
10632.0,365.31871786036066,365.40682355439935,15.539988142872705
10633.0,365.21010629223883,365.4024594077292,14.210827611737294
10634.0,365.98526524993514,365.3984685336416,15.203534494583977
10635.0,365.41297719941093,365.3941988743711,13.990683737997758
10636.0,365.8898436867505,365.3902698240213,16.471617332172336
10637.0,365.2538869912453,365.3856440448205,13.7796932034034
10638.0,365.2625826019363,365.3817742476459,14.669664871878021
10639.0,364.91204820518857,365.377654516761,14.836334397845938
10640.0,364.86050074602565,365.3734879795176,15.445255749063595
10641.0,365.420478300077,365.36915043686145,14.921317592029077
10642.0,365.4629757721859,365.36496003350436,14.244798698789474
10643.0,365.7837580252218,365.36095961920313,14.03888788031875
10644.0,365.8483268934252,365.35701703152336,14.064194242897242
10645.0,365.0790661707732,365.3530673369735,13.977737263119938
10646.0,365.3224906735707,365.3491419224255,15.898205626641118
10647.0,365.5502964823692,365.3446771763452,14.865320107692845
10648.0,365.89151890177084,365.34050249894835,16.12048392555138
10649.0,365.4264979550129,365.3359753297126,15.230958637948346
10650.0,364.97254875256556,365.33169796882845,14.56283742939686
10651.0,365.8087711923717,365.3276082386503,16.32385694216086
10652.0,366.01203884836383,365.32302395549243,15.950029725885601
10653.0,365.13682142296597,365.31854465547775,15.395755998594797
10654.0,365.4400768693893,365.3142210140015,14.711001679604127
10655.0,365.1357493494577,365.3100896743631,14.543064706092823
10656.0,365.48418434524854,365.3060054970248,15.222133715941176
10657.0,365.28524645588624,365.3017306144729,14.588884020750019
10658.0,365.06058594192325,365.29763356954373,15.824252502740247
10659.0,365.12762826990667,365.29318959196587,15.164865205652735
10660.0,365.25293360995585,365.2889307923206,14.21613098040048
10661.0,365.1907102372881,365.2849384288703,15.632061897403018
10662.0,364.74281857060845,365.28054842482084,13.96956308692924
10663.0,365.0249416967403,365.27662530585394,15.687757880763844
10664.0,364.8251595746591,365.2722196605157,14.591179020055925
10665.0,365.6705195598192,365.2681219710742,15.334192712295133
10666.0,365.238867363698,365.2638156186209,15.317620869835023
10667.0,365.0329406713185,365.2595139200933,13.488675645027003
10668.0,365.47566051128325,365.2557258503497,14.735603675561787
10669.0,364.7747197894763,365.2515876016508,15.51592673176054
10670.0,365.21751328792055,365.24723021222695,15.067829796913363
10671.0,365.4342747473625,365.24299866335895,15.998408037097395
10672.0,365.8459718515799,365.23850577710186,13.939432174224107
10673.0,364.8089247187991,365.23459111989956,14.331544209528849
10674.0,365.34645004863285,365.23056634456736,13.351200903052293
10675.0,365.94663913347887,365.2268168823138,13.545075205844025
10676.0,365.54306888568294,365.2230129736935,13.735058855923137
10677.0,364.56738269870755,365.2191557113315,15.242769074319147
10678.0,365.82689127439744,365.2148750336831,15.29948259170975
10679.0,366.08951577942514,365.2105784289886,13.308533724841313
10680.0,365.43359069802125,365.2068409491009,15.159880304098019
10681.0,364.7741347523972,365.2025835493822,14.239026870471752
10682.0,364.82640018425525,365.1985847560027,14.311469598851675
10683.0,365.1069846226191,365.19456561829037,12.499867209846162
10684.0,365.13100384213874,365.19105523891557,14.70668536197422
10685.0,365.2849843307188,365.18692511144314,14.379452028363042
10686.0,365.1799592174919,365.18288688199846,13.94530474755321
10687.0,364.99060407898855,365.17897057558184,15.084983510206042
10688.0,365.0876267638962,365.1747342093794,16.606924990156912
10689.0,365.31960125860144,365.170070431278,15.76057755273682
10690.0,364.4898810000002,365.1656443357486,14.48463867818391
10691.0,365.3249215319892,365.16157656638654,16.06996819286759
10692.0,364.87095119316683,365.1570635836523,15.248488768469974
10693.0,365.47387649961723,365.15278129972313,14.759570058264739
10694.0,365.371230367891,365.14863632046513,14.692954011889979
10695.0,364.62629508748813,365.14451004921347,13.114703430292595
10696.0,365.41965728251245,365.14082700333347,15.892531083935156
10697.0,365.66049914563985,365.136363850854,16.353601541461003
10698.0,364.95283844886256,365.1317712144212,14.28346278394693
10699.0,365.3191607791842,365.127759941956,14.511767856123644
10700.0,367.5332952250055,365.1236845538165,15.793736022275446
10701.0,364.7961122358601,365.1192491462835,15.5471321025739
10702.0,364.68951130673986,365.1148829933514,15.45939804425021
10703.0,365.04088618069756,365.1105414790673,13.983764465257572
10704.0,365.19617861587705,365.10661437187997,15.8282846937753
10705.0,365.5829034949933,365.1021692619285,15.442147664992465
10706.0,365.19984346112847,365.0978325921258,13.167059603402905
10707.0,365.38855080428436,365.09413484288723,14.332108332547588
10708.0,365.30165394181864,365.0901099091305,14.578635609575976
10709.0,365.36502614077654,365.0860157422968,15.278527379065858
10710.0,365.6595813771927,365.08172502252455,14.83786403240483
10711.0,365.36515194778315,365.07755805570883,14.570575406499673
10712.0,364.8314473223311,365.0734661524488,14.71061979923865
10713.0,365.5586741372768,365.06933492005516,14.785931848587639
10714.0,365.3493009411562,365.06518253752773,15.5677616409358
10715.0,365.25366805302224,365.06081059113353,15.417940756968687
10716.0,364.9011153650973,365.0564807194376,15.925204153869027
10717.0,364.62988656615147,365.05200839127104,15.659301271436332
10718.0,365.3165760109151,365.04761073749734,16.349304029685158
10719.0,364.55469808326694,365.04301930794895,16.062147442328893
10720.0,364.1010428496886,365.03850852154227,16.0899629071234
10721.0,365.4638540385488,365.0339899236259,14.946665522525404
10722.0,364.89223032169633,365.02979240172493,12.905593178915499
10723.0,364.47285013547133,365.02616808097383,15.614391932695698
10724.0,364.5927389980284,365.02178303923944,15.58141219760807
10725.0,365.3150804932532,365.017407259314,14.606347113711978
10726.0,365.4135281090091,365.0133053101662,14.349875498786107
10727.0,365.7531961344277,365.00927538679696,14.460418158934713
10728.0,365.2797986285826,365.00521441936394,16.786687898829868
10729.0,365.691852123231,365.0005001578457,14.496383363243343
10730.0,365.0103473381537,364.99642909018445,14.428143293558762
10731.0,364.951052807559,364.99237718660953,14.502383753353259
10732.0,364.79030233688377,364.9883044338388,15.05552662093357
10733.0,364.8208388993277,364.9840763401128,13.17748920380546
10734.0,365.03920288146685,364.9803756618947,15.125152491207517
10735.0,364.66101680627827,364.9761280149034,16.038549639773876
10736.0,364.7865122599218,364.9716238555463,14.04186572900423
10737.0,365.3535214338894,364.9676804315873,16.10624673449728
10738.0,365.27533498007784,364.9631572606294,15.077081417116856
10739.0,364.9527726410018,364.9589231135981,14.097595065671358
10740.0,365.5771988869486,364.9549640389838,14.018199196406176
10741.0,364.67897076566464,364.9510272613761,15.672563362610795
10742.0,364.61753637083,364.9466258831651,15.69904892093619
10743.0,365.1508164057385,364.9422170669265,15.370335308348173
10744.0,364.6817267129932,364.93790056442737,14.631084845208191
10745.0,364.5503589699003,364.9337916681,17.096430959792304
10746.0,364.8897511038,364.9289904204055,14.830817526313707
10747.0,365.3716382194722,364.92482543248354,15.37718032373419
10748.0,364.8582645846106,364.92050700767595,16.840484098807025
10749.0,364.72139410534453,364.9157776383916,15.553129505741186
10750.0,364.2829004193613,364.91140980118865,15.130308413214948
10751.0,364.69352691011517,364.9071607062427,14.662582721028796
10752.0,364.6508858594526,364.90304296426183,16.780927941393248
10753.0,365.48270501275704,364.89833032033164,15.335850762399703
10754.0,364.7524273457896,364.8940235022425,14.593511072115579
10755.0,364.8682725321688,364.88992515788306,15.37227348791518
10756.0,364.6011679617865,364.88560811107857,16.35365140427876
10757.0,364.84351557487565,364.8810154606425,14.417208129787841
10758.0,364.8066741122021,364.87696662802614,15.89491921438714
10759.0,364.1333169223265,364.87250280488007,15.535193912719164
10760.0,365.6692092951531,364.8681400045895,13.88793050327983
10761.0,365.0771201766577,364.8642398107732,15.690576351885904
10762.0,364.59561937757513,364.8598333739144,15.094928259971454
10763.0,364.5940100201417,364.8555942148947,14.547637449347384
10764.0,365.26878873574947,364.8515087533777,17.963751121205668
10765.0,364.839963467785,364.84646393327114,14.02552024975305
10766.0,368.3780951835515,364.8425250996677,16.84402138816374
10767.0,364.7306234191266,364.8377947369945,15.0232505929127
10768.0,364.93535085529624,364.833575707453,13.837080952427673
10769.0,364.41876610184755,364.82968979388545,14.113886840468789
10770.0,364.01325799736196,364.82572614399777,13.90013068676048
10771.0,364.66763026885945,364.82182252396325,13.91014477451635
10772.0,364.78462021959757,364.8179160916391,15.248966351361357
10773.0,364.420164896381,364.81363367358875,15.428556794198169
10774.0,364.5444530095046,364.80930082055573,15.299196099089494
10775.0,364.46673289826407,364.8050042963179,12.942630260822298
10776.0,364.86171237326397,364.8013695743196,13.295274567136874
10777.0,364.4154219359063,364.79763581804536,15.332470005696162
10778.0,364.49715878730603,364.79332994938545,14.620714387970134
10779.0,364.83175225184834,364.7892239654281,15.74776111659391
10780.0,365.48571026990857,364.7848014691813,14.528868873384557
10781.0,365.5551711348548,364.780721278506,15.034637496634502
10782.0,364.7992209316986,364.7764990511423,16.162915748849795
10783.0,365.15594774815014,364.77195996563614,15.577415337754678
10784.0,364.92202052909886,364.7675853081622,15.217650309036644
10785.0,364.7903088177087,364.76331168470034,14.70809369005249
10786.0,364.8960616951916,364.7591811617225,17.111271821581983
10787.0,364.2634086183705,364.7543757462192,13.86692295756357
10788.0,364.9173238577443,364.7504814520219,14.29823623724524
10789.0,364.87572003766115,364.7464660306787,14.732069499401527
10790.0,364.37707093615205,364.7423287744942,15.057384636758494
10791.0,364.3750387951806,364.7381001589754,15.292622929715577
10792.0,364.60493061145127,364.73380548070264,16.989109929326396
10793.0,364.46408986470175,364.72903437233083,14.9983681991027
10794.0,364.57617135230623,364.7248223305949,16.55701774425577
10795.0,365.0314366125049,364.72017256811176,15.245346182301432
10796.0,364.9235139009674,364.7158911667255,13.832835659356729
10797.0,364.66555909305237,364.71200644537794,13.976114582870405
10798.0,364.2558682221258,364.70808148653254,12.635578226256978
10799.0,364.61369586695696,364.7045329949807,14.499348393994035
10800.0,364.4968852621136,364.70046109464,14.644432870060164
