t_s,true_flow_ml_per_hr,true_weight_g,effective_drop_factor_gtts_per_ml
0.0,75.10908386448448,545.0,10.5
1.0,75.59116292348953,544.9787190929051,10.500256563396054
2.0,74.40620412248846,544.9573015967435,10.500513126768174
3.0,75.38526092636904,544.9362198389088,10.500769690092424
4.0,75.92313712338247,544.9148606816462,10.501026253344872
5.0,73.31652614165806,544.893349126128,10.501282816501579
6.0,73.63390356680394,544.8725761103879,10.501539379538615
7.0,73.30116906120142,544.8517131710439,10.501795942432043
8.0,75.22963957482393,544.8309445064765,10.50205250515793
9.0,74.90740439387645,544.8096294419304,10.502309067692341
10.0,74.2733502645656,544.7884056773521,10.502565630011338
11.0,76.15341831008035,544.7673615614437,10.502822192090994
12.0,74.37698379483739,544.7457847595892,10.503078753907367
13.0,75.57445915588558,544.7247112808475,10.503335315436528
14.0,74.0143961049743,544.7032985174199,10.50359187665454
15.0,75.3267381048909,544.6823277718568,10.503848437537469
16.0,74.82641944778163,544.6609851960604,10.50410499806138
17.0,74.65552119330614,544.6397843772169,10.50436155820234
18.0,75.63309703757005,544.6186319795454,10.504618117936417
19.0,73.59621598123361,544.5972026020515,10.504874677239668
20.0,76.20792738077202,544.5763503408568,10.50513123608817
21.0,75.19166598616636,544.5547580947655,10.505387794457983
22.0,74.47259713073277,544.5334537894028,10.505644352325172
23.0,75.09833695570295,544.5123532202158,10.505900909665803
24.0,75.02177413619957,544.4910753580783,10.506157466455948
25.0,74.90556316075863,544.4698191887398,10.506414022671665
26.0,75.15597658294769,544.4485959458442,10.506670578289024
27.0,75.2692694531211,544.427301752479,10.506927133284094
28.0,75.26746338868857,544.4059754594673,10.507183687632935
29.0,75.80661432963026,544.3846496781739,10.507440241311617
30.0,74.47629359997224,544.3631711374471,10.507696794296205
31.0,75.1823968396114,544.3420695209272,10.507953346562767
32.0,75.22402688321735,544.3207678418225,10.508209898087369
33.0,74.31226300917655,544.2994543675389,10.508466448846077
34.0,74.20099993986484,544.278399226353,10.508722998814958
35.0,75.24863328413292,544.2573756097034,10.508979547970078
36.0,74.93507920779403,544.2360551636064,10.509236096287502
37.0,75.54405457871441,544.2148235578308,10.509492643743302
38.0,75.39460300618154,544.1934194090334,10.509749190313542
39.0,73.53926346984926,544.1720576048483,10.510005735974286
40.0,74.7081038476966,544.1512214801985,10.510262280701607
41.0,74.3650216472005,544.1300541841083,10.510518824471568
42.0,75.15230101999205,544.1089840946416,10.51077536726024
43.0,73.44892966703677,544.087690942686,10.511031909043686
44.0,76.1454657305413,544.0668804126137,10.511288449797973
45.0,76.56828969718275,544.04530586399,10.511544989499173
46.0,75.73652402862362,544.0236115152425,10.511801528123353
47.0,73.4964052365962,544.0021528334344,10.512058065646576
48.0,74.25333039712147,543.9813288519507,10.512314602044913
49.0,73.83400119130175,543.9602904083381,10.512571137294437
50.0,75.85795288923111,543.9393707746673,10.512827671371207
51.0,75.05202180500514,543.9178776880153,10.513084204251296
52.0,75.8808509315947,543.8966129485038,10.51334073591077
53.0,75.30291937756672,543.8751133740733,10.513597266325704
54.0,75.73031070945223,543.8537775469163,10.513853795472157
55.0,76.20989172243777,543.8323206255486,10.514110323326202
56.0,74.62035660076646,543.810727822894,10.51436684986391
57.0,76.17147170711306,543.7895853885237,10.514623375061348
58.0,75.43439683709238,543.76800347154,10.514879898894582
59.0,75.67692575278113,543.7466303924361,10.515136421339687
60.0,73.52141476090782,543.7251885968062,10.515392942372726
61.0,75.8240608729691,543.7043575292907,10.515649461969774
62.0,75.61914698200252,543.6828740453767,10.515905980106895
63.0,75.7845131414684,543.6614486203985,10.516162496760167
64.0,76.27030503165251,543.639976341675,10.51641901190565
65.0,75.13613360173215,543.618366421916,10.51667552551942
66.0,75.60663055793508,543.597077850729,10.516932037577545
67.0,75.6902183116029,543.5756559720708,10.517188548056096
68.0,75.9822876294771,543.5542104102158,10.517445056931143
69.0,75.5694043293765,543.5326820953875,10.517701564178756
70.0,75.01624311781165,543.5112707641608,10.517958069775007
71.0,75.60526766452635,543.4900161619441,10.518214573695966
72.0,75.56835411529214,543.4685946694392,10.518471075917704
73.0,75.92852082016344,543.4471836357732,10.518727576416293
74.0,74.76656188168846,543.4256705548742,10.518984075167804
75.0,75.35409544034235,543.4044866956742,10.519240572148306
76.0,75.3516928718409,543.3831363686329,10.519497067333873
77.0,73.29303333890878,543.3617867223192,10.519753560700577
78.0,75.76089828912086,543.3410203628732,10.520010052224489
79.0,74.70217399910295,543.3195547750246,10.520266541881682
80.0,74.46417233386563,543.2983891590582,10.520523029648228
81.0,75.04942507873064,543.2772909768969,10.5207795155002
82.0,76.23756614751419,543.2560269731246,10.521035999413668
83.0,75.02138020866303,543.2344263293828,10.521292481364709
84.0,74.5900025125537,543.213170271657,10.521548961329394
85.0,75.28117764379215,543.1920364376118,10.521805439283794
86.0,73.88311969628738,543.1707067706127,10.522061915203986
87.0,75.38613894361316,543.1497732200321,10.522318389066042
88.0,75.28506524571787,543.1284138139981,10.522574860846035
89.0,73.7991221996782,543.1070830455118,10.522831330520042
90.0,76.25846279131167,543.0861732942219,10.523087798064134
91.0,75.31511867542027,543.0645667297644,10.523344263454387
92.0,75.29935438628502,543.0432274461396,10.523600726666873
93.0,74.61284815882904,543.0218926290636,10.52385718767767
94.0,73.99903836778086,543.0007523220852,10.524113646462851
95.0,75.92933218712945,542.979785927881,10.524370102998494
96.0,74.87500533676335,542.9582726170947,10.524626557260673
97.0,75.20418277155017,542.9370580322492,10.52488300922546
98.0,74.22078055103876,542.9157501804639,10.525139458868935
99.0,74.57067503063539,542.8947209593078,10.525395906167173
100.0,76.31607347427428,542.8735926013824,10.525652351096252
101.0,75.539527747605,542.8519697138981,10.525908793632244
102.0,75.60936857777551,542.8305668477029,10.526165233751229
103.0,74.26105190241115,542.8091441932726,10.526421671429285
104.0,75.46759398240755,542.7881035619002,10.526678106642484
105.0,74.94672244808294,542.7667210769386,10.526934539366911
106.0,75.11665501747893,542.7454861722449,10.527190969578639
107.0,74.8836113415417,542.72420311999,10.527447397253743
108.0,73.86004661501428,542.7029860967766,10.527703822368307
109.0,75.46765390846048,542.6820590835689,10.527960244898406
110.0,74.76798355184313,542.6606765816282,10.52821666482012
111.0,76.30719422842624,542.6394923196219,10.528473082109526
112.0,73.92567359275253,542.6178719479238,10.528729496742702
113.0,74.97535562290906,542.5969263404058,10.528985908695734
114.0,76.42193262106319,542.5756833229793,10.529242317944696
115.0,76.3296460085729,542.55403044207,10.52949872446567
116.0,75.78025177028394,542.5324037090343,10.529755128234733
117.0,74.45423387856151,542.5109326376994,10.530011529227966
118.0,74.23307949260135,542.4898372714338,10.530267927421455
119.0,74.09425031304808,542.4688045655776,10.530524322791273
120.0,75.69037781169324,542.4478111946555,10.530780715313508
121.0,74.04421081573233,542.4263655876089,10.531037104964238
122.0,76.0311378740635,542.4053863945444,10.531293491719541
123.0,75.007794942271,542.3838442388135,10.531549875555505
124.0,74.84752767492172,542.3625920302466,10.531806256448212
125.0,75.14489912336052,542.3413852307385,10.532062634373741
126.0,74.7002836256125,542.3200941759869,10.532319009308177
127.0,74.50208027249367,542.2989290956264,10.532575381227598
128.0,76.32875816354455,542.2778201728825,10.532831750108096
129.0,72.52375340296311,542.2561936914028,10.53308811592575
130.0,75.21617890704873,542.2356452946053,10.533344478656643
131.0,75.09409920406571,542.214334043915,10.53360083827686
132.0,73.60785063378408,542.1930573824739,10.533857194762485
133.0,73.55790972989517,542.1722018247942,10.534113548089604
134.0,74.68512874317402,542.1513604170375,10.534369898234301
135.0,74.65558749754113,542.1301996305602,10.534626245172662
136.0,76.29794584425717,542.1090472141026,10.534882588880773
137.0,74.3486259728607,542.08742946278,10.53513892933472
138.0,75.05978774949854,542.0663640187545,10.535395266510585
139.0,73.76059590311041,542.045097078892,10.53565160038446
140.0,75.80018119136868,542.0241982433861,10.535907930932431
141.0,74.83124858719076,542.002721525382,10.536164258130583
142.0,73.97542488834497,541.9815193382822,10.536420581955003
143.0,74.35300511531449,541.9605596345639,10.536676902381783
144.0,73.66141770324468,541.9394929497812,10.536933219387006
145.0,74.55169785246919,541.9186222147653,10.537189532946766
146.0,75.45072044442387,541.8974992337071,10.537445843037144
147.0,75.40223580476678,541.8761215295812,10.537702149634237
148.0,74.17573254481397,541.8547575627698,10.537958452714129
149.0,75.18566135074643,541.8337411052155,10.538214752252912
150.0,74.81663805899085,541.8124385011661,10.538471048226675
151.0,75.31555993524437,541.791240453716,10.538727340611514
152.0,74.1960420051436,541.7699010450676,10.538983629383509
153.0,75.89271503908964,541.7488788331663,10.53923991451876
154.0,76.55613486466909,541.7273758972385,10.539496195993356
155.0,74.90005651624621,541.7056849923601,10.539752473783386
156.0,75.65900955721877,541.6844633096805,10.540008747864944
157.0,73.50650264701665,541.6630265903061,10.540265018214125
158.0,74.15167498163504,541.6421997478894,10.540521284807017
159.0,75.53531667846006,541.6211901066446,10.540777547619717
160.0,74.58176470715665,541.5997884335857,10.541033806628317
161.0,75.37846982712645,541.5786569335853,10.541290061808908
162.0,74.94003776412094,541.5572997004676,10.541546313137589
163.0,74.83017535761665,541.5360666897678,10.541802560590453
164.0,76.3830298761742,541.5148648067498,10.542058804143592
165.0,76.21979598807853,541.4932229482849,10.542315043773106
166.0,72.4555743952892,541.4716273394216,10.542571279455087
167.0,75.27492009220244,541.4510982600095,10.542827511165633
168.0,73.67776156328904,541.4297703659836,10.54308373888084
169.0,76.18277596520666,541.4088950002072,10.543339962576805
170.0,75.06293659528204,541.3873098803504,10.543596182229624
171.0,75.36367300436125,541.3660420483151,10.543852397815396
172.0,74.07941756106236,541.3446890076304,10.544108609310214
173.0,74.88803892128455,541.3236998393215,10.544364816690186
174.0,74.49923230623432,541.3024815616272,10.5446210199314
175.0,75.33063628592825,541.281373445807,10.544877219009962
176.0,75.41016562584431,541.260029765526,10.545133413901969
177.0,76.0475427972351,541.2386635519321,10.545389604583521
178.0,74.68201443272633,541.2171167481395,10.54564579103072
179.0,74.55615570326076,541.1959568440502,10.545901973219664
180.0,75.5643563507348,541.1748325999343,10.546158151126455
181.0,74.28543210526782,541.1534226989684,10.546414324727193
182.0,76.46936436072922,541.1323751598718,10.546670493997983
183.0,74.70026277908482,541.1107088399697,10.546926658914925
184.0,76.81090985617783,541.0895437655156,10.547182819454122
185.0,75.1126742083872,541.0677806743896,10.547438975591676
186.0,74.63914313383127,541.0464987500305,10.547695127303692
187.0,74.33024332267658,541.0253509928093,10.547951274566271
188.0,74.65978384640711,541.0042907572013,10.548207417355524
189.0,75.91691423523592,540.983137151778,10.54846355564755
190.0,74.2020297161877,540.9616273594114,10.548719689418451
191.0,75.03642785489288,540.9406034509918,10.548975818644342
192.0,75.02479319463056,540.9193431297663,10.54923194330132
193.0,74.965537485217,540.8980861050278,10.549488063365496
194.0,74.98729265385273,540.8768458694069,10.549744178812979
195.0,76.13741543650228,540.8555994698218,10.550000289619872
196.0,74.15081306699204,540.8340272021147,10.55025639576228
197.0,74.61399716426031,540.8130178050791,10.550512497216317
198.0,75.58163554859884,540.7918771725492,10.550768593958091
199.0,75.5240703620912,540.7704623758104,10.551024685963709
200.0,74.04646581566719,540.7490638892078,10.551280773209282
201.0,74.20448469896799,540.7280840572266,10.551536855670916
202.0,74.93509701094644,540.7070594532287,10.551792933324721
203.0,74.06630040061486,540.6858278424089,10.552049006146817
204.0,74.52501492836264,540.6648423906288,10.552305074113304
205.0,73.54375473269397,540.6437269697324,10.552561137200302
206.0,75.17642387677755,540.622889572558,10.552817195383918
207.0,75.78998866960015,540.601589585793,10.553073248640269
208.0,74.54468727017375,540.58011575567,10.55332929694546
209.0,75.42578433164232,540.5589947609434,10.553585340275614
210.0,74.72286048338778,540.5376241220495,10.55384137860684
211.0,75.41698596212026,540.5164526449125,10.55409741191525
212.0,75.32478830253407,540.4950844988898,10.554353440176966
213.0,75.95959477307616,540.4737424755375,10.554609463368099
214.0,74.82721866662514,540.4522205903518,10.554865481464763
215.0,73.7449662461125,540.4310195450629,10.555121494443078
216.0,73.69092297118966,540.4101251379598,10.555377502279157
217.0,76.02481301576654,540.389246043118,10.555633504949123
218.0,74.39332979469626,540.3677056794302,10.555889502429087
219.0,73.35761309214554,540.3466275693218,10.556145494695171
220.0,74.69711858052004,540.325842912279,10.556401481723496
221.0,74.55784598970678,540.3046787286812,10.556657463490176
222.0,74.96440592125259,540.2835540056508,10.556913439971332
223.0,74.88030262632958,540.2623140906396,10.557169411143088
224.0,74.85702369733472,540.2410980048955,10.557425376981561
225.0,75.67621872157258,540.219888514848,10.557681337462874
226.0,74.63696958394237,540.1984469195436,10.557937292563148
227.0,75.20680757893327,540.1772997781615,10.558193242258504
228.0,75.11832322524427,540.1559911826807,10.558449186525065
229.0,75.22665021719757,540.134707657767,10.558705125338957
230.0,74.50475197333415,540.1133934402053,10.5589610586763
231.0,74.0773125492245,540.0922837604796,10.55921698651322
232.0,74.58869840510835,540.0712951885907,10.559472908825843
233.0,74.91549808993308,540.0501617240425,10.559728825590291
234.0,74.6450897285594,540.0289356662504,10.559984736782692
235.0,75.61860238130849,540.0077862241606,10.56024064237917
236.0,75.00341516398802,539.9863609534859,10.560496542355857
237.0,74.19014593242495,539.9651099858561,10.560752436688876
238.0,74.4179021982999,539.9440894445086,10.561008325354356
239.0,74.24676470586252,539.9230043722191,10.561264208328424
240.0,75.79043656401507,539.9019677888857,10.56152008558721
241.0,75.46313837204748,539.8804938318593,10.561775957106844
242.0,74.17263642183192,539.8591126093205,10.562031822863457
243.0,75.76351879079088,539.838097029001,10.562287682833176
244.0,75.24496057278064,539.8166306986769,10.562543536992136
245.0,75.0321103024065,539.7953112931814,10.562799385316467
246.0,75.11973215549992,539.7740521952624,10.563055227782298
247.0,75.17417023238512,539.7527682711516,10.563311064365767
248.0,74.50704495581425,539.731468922919,10.563566895043005
249.0,74.79163212407651,539.7103585935149,10.563822719790142
250.0,75.47120993462764,539.6891676310797,10.564078538583319
251.0,74.61630492992747,539.6677841215983,10.564334351398667
252.0,74.28281898179443,539.6466428352015,10.564590158212324
253.0,74.98906706592415,539.6255960364899,10.564845959000424
254.0,74.44935898642693,539.6043491341547,10.565101753739102
255.0,75.01628460645362,539.5832551491085,10.565357542404497
256.0,74.33254994806812,539.5620005351367,10.56561332497275
257.0,74.17419817864416,539.5409396459847,10.565869101419992
258.0,75.0227576638807,539.5199236231674,10.566124871722367
259.0,74.42693460620615,539.4986671751626,10.566380635856016
260.0,74.37001764560662,539.4775795436909,10.566636393797072
261.0,75.37778429053262,539.4565080386913,10.566892145521683
262.0,75.48369980105474,539.435150999809,10.567147891005984
263.0,75.15484761590537,539.413763951532,10.567403630226123
264.0,74.36875951197334,539.3924700780408,10.567659363158239
265.0,74.76262887672948,539.3713989295125,10.56791508977847
266.0,76.06305008622788,539.3502161846641,10.568170810062972
267.0,73.97643570147858,539.3286649871396,10.568426523987876
268.0,74.78936148242437,539.3077049970242,10.568682231529333
269.0,74.55904844521272,539.2865146779375,10.568937932663488
270.0,75.53466447943059,539.2653896142114,10.569193627366488
271.0,74.31548793222002,539.2439881259422,10.569449315614477
272.0,76.07574198845295,539.222932071028,10.569704997383603
273.0,74.72350197400712,539.2013772774646,10.569960672650012
274.0,75.44511720492957,539.180205618572,10.570216341389855
275.0,73.42257864500121,539.1588295020306,10.570472003579281
276.0,75.79115963044637,539.1380264380812,10.570727659194437
277.0,76.34140630218897,539.116552276186,10.570983308211476
278.0,75.33428302965665,539.0949222110669,10.571238950606547
279.0,75.11062916053204,539.0735774975419,10.5714945863558
280.0,73.74413061953187,539.052296152613,10.57175021543539
281.0,75.46798200110693,539.031401982271,10.572005837821466
282.0,75.53367737129476,539.0100193873706,10.572261453490183
283.0,73.97589181496193,538.9886181787821,10.572517062417699
284.0,76.00883403647646,538.9676583427678,10.572772664580162
285.0,74.6409897930594,538.9461225064574,10.57302825995373
286.0,75.25756960381526,538.924974226016,10.573283848514558
287.0,75.09854117802458,538.9036512479618,10.573539430238805
288.0,75.7601050994481,538.8823733279612,10.573795005102623
289.0,74.44047470106301,538.8609079648497,10.574050573082175
290.0,73.74413054294726,538.8398164970178,10.574306134153616
291.0,75.90624598928405,538.8189223266972,10.574561688293107
292.0,74.35105962522066,538.7974155570004,10.574817235476806
293.0,75.18235336484074,538.7763494234398,10.575072775680873
294.0,75.14478489335667,538.7550477566531,10.575328308881467
295.0,75.85753429750945,538.7337567342666,10.575583835054756
296.0,76.13908206652884,538.7122637662158,10.575839354176896
297.0,75.26264304897482,538.6906910262969,10.576094866224052
298.0,74.32412945934512,538.6693666107662,10.576350371172389
299.0,74.6197796120216,538.6483081074196,10.576605868998069
300.0,75.62417639437764,538.6271658365295,10.57686135967726
301.0,75.14977781424524,538.6057389865509,10.577116843186122
302.0,74.16611644440208,538.5844465495037,10.577372319500824
303.0,74.70913263307307,538.5634328165111,10.577627788597535
304.0,74.44777839340179,538.5422652289317,10.57788325045242
305.0,75.03934367571827,538.5211716917203,10.578138705041647
306.0,74.68884677548387,538.4999105443454,10.578394152341389
307.0,75.10089271867517,538.4787487044257,10.578649592327809
308.0,74.3218820160354,538.4574701181555,10.578905024977082
309.0,76.2749110526712,538.4364122515842,10.579160450265377
310.0,73.78838950897145,538.414801026786,10.579415868168866
311.0,73.83060372647373,538.3938943164251,10.579671278663723
312.0,76.10462940536819,538.3729756453693,10.579926681726118
313.0,73.54779458490408,538.3514126670377,10.580182077332227
314.0,74.27229963206594,538.3305741252386,10.580437465458223
315.0,75.2856949478269,538.3095303070096,10.58069284608028
316.0,75.63190388302432,538.2881993601077,10.580948219174577
317.0,74.5399449461051,538.2667703206741,10.581203584717288
318.0,74.0277052450377,538.2456506696061,10.581458942684591
319.0,74.25385364065274,538.2246761531201,10.581714293052665
320.0,74.79892509390804,538.2036375612552,10.581969635797686
321.0,74.50637829494154,538.1824445324786,10.582224970895835
322.0,75.49625994440332,538.1613343919616,10.582480298323292
323.0,73.92869371866982,538.1399437849775,10.582735618056237
324.0,75.45905158227707,538.1189973217572,10.582990930070855
325.0,76.21132961524786,538.0976172571421,10.583246234343319
326.0,74.2350744548453,538.0760240470845,10.583501530849823
327.0,76.15502959173668,538.0549907759889,10.583756819566545
328.0,73.15043999694299,538.0334135176047,10.584012100469671
329.0,75.14438032560628,538.0126875596055,10.584267373535381
330.0,76.24949814630953,537.9913966518466,10.584522638739868
331.0,74.72568161022723,537.9697926273718,10.584777896059316
332.0,74.83898248428872,537.9486203509156,10.58503314546991
333.0,73.46439334274075,537.9274159725451,10.58528838694784
334.0,74.94422312005923,537.906601061098,10.585543620469295
335.0,75.54325373387971,537.8853668645472,10.585798846010464
336.0,74.99290359089888,537.8639629426559,10.586054063547538
337.0,74.93892697095397,537.8427149533052,10.586309273056704
338.0,76.9919496834384,537.8214822573301,10.58656447451416
339.0,74.27975377161567,537.7996678715865,10.586819667896094
340.0,77.12452877499373,537.7786219413512,10.587074853178702
341.0,75.48479486265455,537.7567699915317,10.587330030338176
342.0,75.73488016939244,537.7353826329871,10.587585199350713
343.0,75.32375517214061,537.7139244169391,10.587840360192505
344.0,74.94718358999201,537.6925826863071,10.588095512839752
345.0,75.36237403780382,537.6713476509565,10.588350657268647
346.0,74.40038610482512,537.6499949783125,10.588605793455391
347.0,74.4111668009567,537.6289148689161,10.588860921376181
348.0,74.49341833706853,537.6078317049892,10.589116041007218
349.0,75.90544664070264,537.5867252364603,10.589371152324702
350.0,74.2880700213122,537.5652186932455,10.589626255304832
351.0,75.38951436125507,537.5441704067395,10.589881349923811
352.0,74.50441204249346,537.5228100443371,10.59013643615784
353.0,74.79243608397391,537.5017004609251,10.590391513983127
354.0,75.40701239946232,537.4805092707013,10.590646583375866
355.0,73.88264474177132,537.4591439505215,10.590901644312275
356.0,75.98824875512128,537.4382105345112,10.591156696768548
357.0,74.54122669516836,537.4166805306972,10.591411740720899
358.0,75.36745272123557,537.395560516467,10.591666776145534
359.0,73.58356909275871,537.3742064048627,10.591921803018655
360.0,75.2886286449268,537.353357726953,10.592176821316478
361.0,73.92529650884615,537.3320259488371,10.59243183101521
362.0,74.93552531309727,537.3110804481595,10.59268683209106
363.0,76.54476768001645,537.2898487159875,10.59294182452024
364.0,75.28569059290909,537.2681610318115,10.593196808278963
365.0,74.7313062338295,537.2468300861435,10.59345178334344
366.0,74.02544959882837,537.225656216044,10.593706749689886
367.0,75.28759911849089,537.2046823386576,10.593961707294516
368.0,74.59941693735121,537.1833508522407,10.594216656133545
369.0,75.04474934991171,537.162214350775,10.594471596183189
370.0,74.52724066242773,537.1409516717925,10.594726527419663
371.0,73.82646192370179,537.1198356202715,10.594981449819187
372.0,75.0089594519911,537.0989181227266,10.595236363357976
373.0,76.17118998072613,537.0776655842151,10.595491268012253
374.0,75.27787724110347,537.0560837470539,10.595746163758239
375.0,75.84541008175758,537.0347550151689,10.596001050572152
376.0,74.24931547498005,537.0132654823124,10.596255928430214
377.0,75.05586848711515,536.9922281762613,10.596510797308648
378.0,74.83573088610942,536.9709623468565,10.59676565718368
379.0,75.02215989857133,536.949758889772,10.597020508031532
380.0,74.25242249854237,536.9285026111341,10.59727534982843
381.0,74.93353483299276,536.9074644247596,10.5975301825506
382.0,73.69403047453781,536.8862332565569,10.597785006174266
383.0,75.4466028824607,536.8653532812557,10.59803982067566
384.0,74.44690075363265,536.8439767437724,10.59829462603101
385.0,74.47431269397953,536.8228834552256,10.598549422216541
386.0,74.65272482465744,536.8017823999623,10.59880420920849
387.0,75.57801037503576,536.7806307945953,10.599058986983085
388.0,75.77067526379857,536.7592170249891,10.599313755516555
389.0,74.81784547336474,536.7377486669975,10.599568514785137
390.0,74.10902518343936,536.7165502774468,10.599823264765066
391.0,74.74603583701449,536.6955527203115,10.600078005432572
392.0,75.4270923788095,536.6743746768244,10.60033273676389
393.0,74.32720378564609,536.6530036673171,10.600587458735262
394.0,73.90480359766123,536.6319442929112,10.600842171322922
395.0,74.63379166004461,536.6110045985585,10.601096874503106
396.0,73.93409701116724,536.5898583575881,10.60135156825206
397.0,76.13378240820033,536.568910363435,10.601606252546015
398.0,75.80198301454085,536.547339125086,10.601860927361217
399.0,75.30711034494227,536.5258618965652,10.602115592673904
400.0,74.78236816100211,536.5045248819674,10.602370248460325
401.0,75.01754097327884,536.4833365443218,10.602624894696717
402.0,75.93330643529875,536.4620815743793,10.602879531359326
403.0,75.31672438824027,536.440567137556,10.6031341584244
404.0,76.65178051598085,536.4192273989793,10.603388775868178
405.0,74.97875825907832,536.3975093944998,10.603643383666915
406.0,75.67849712426127,536.376265412993,10.603897981796857
407.0,74.31666329286725,536.3548231721412,10.604152570234252
408.0,76.57086954758108,536.3337667842083,10.604407148955346
409.0,75.53085138617983,536.3120717045031,10.604661717936393
410.0,74.7543375700964,536.2906712966103,10.604916277153645
411.0,75.25340302518825,536.2694909009655,10.605170826583354
412.0,75.09131642599758,536.2481691034417,10.605425366201773
413.0,75.25886710520041,536.2268932304544,10.605679895985157
414.0,75.5648786489813,536.2055698847745,10.605934415909758
415.0,74.90686996656969,536.184159835824,10.606188925951837
416.0,74.30198288583269,536.1629362226668,10.606443426087646
417.0,75.22297018166773,536.1418839941825,10.606697916293445
418.0,75.57946118047595,536.1205708192977,10.606952396545495
419.0,74.55901322283229,536.0991566386299,10.607206866820054
420.0,75.36153364868258,536.0780315848833,10.60746132709338
421.0,75.00760031801619,536.0566791503495,10.607715777341742
422.0,76.07562716461572,536.0354269969262,10.607970217541393
423.0,74.85978447922705,536.0138722358962,10.608224647668603
424.0,75.84402298748795,535.992661963627,10.608479067699633
425.0,75.55580470490044,535.9711728237805,10.608733477610754
426.0,75.00563561236322,535.9497653457809,10.608987877378226
427.0,73.48955553576384,535.928513749024,10.609242266978319
428.0,74.246617200266,535.9076917082889,10.609496646387303
429.0,74.34196031222501,535.8866551667488,10.609751015581441
430.0,74.79660683761558,535.8655916113271,10.61000537453701
431.0,75.53775738934128,535.8443992393898,10.610259723230278
432.0,75.5791455637239,535.8229968747961,10.610514061637517
433.0,74.84005483917778,535.8015827835529,10.610768389735002
434.0,75.67357010848899,535.7803781013486,10.611022707499004
435.0,74.55390017215822,535.7589372564845,10.611277014905797
436.0,75.52073441336174,535.7378136514358,10.611531311931664
437.0,74.80536792055817,535.7164161100186,10.611785598552874
438.0,74.6062611968356,535.6952212557744,10.612039874745708
439.0,74.32382004507775,535.674082815102,10.612294140486446
440.0,74.98256032042627,535.6530243994225,10.612548395751364
441.0,75.82641980936677,535.6317793406652,10.612802640516747
442.0,75.45672010859167,535.6102951883859,10.613056874758875
443.0,75.27838687071174,535.5889157843551,10.613311098454034
444.0,74.71642062213357,535.567586908075,10.6135653115785
445.0,76.23749620916894,535.5464172555653,10.613819514108561
446.0,75.55176367470192,535.5248166316394,10.614073706020507
447.0,75.01332461391644,535.5034102985983,10.61432788729062
448.0,75.6837407713324,535.482156523291,10.61458205789519
449.0,74.29372259117007,535.4607127967391,10.614836217810504
450.0,75.48274359793854,535.4396629086716,10.615090367012854
451.0,74.27701867095031,535.4182761313189,10.615344505478529
452.0,75.70750668740872,535.3972309760288,10.615598633183819
453.0,74.4792077151981,535.3757805158007,10.615852750105017
454.0,73.43717243109111,535.3546780736147,10.61610685621842
455.0,74.10678319386791,535.3338708747592,10.61636095150032
456.0,73.81125515829696,535.3128739528543,10.616615035927015
457.0,74.50435215314913,535.2919607638928,10.616869109474798
458.0,74.74350516213482,535.2708511974495,10.617123172119971
459.0,75.31678654084082,535.2496738709867,10.61737722383883
460.0,76.95240063988557,535.2283341148002,10.617631264607676
461.0,76.035567553503,535.206530934619,10.617885294402807
462.0,74.97375412897095,535.1849875238122,10.618139313200528
463.0,74.24140759223057,535.1637449601423,10.618393320977141
464.0,74.3299139497796,535.1427098946577,10.618647317708948
465.0,75.4671915329187,535.1216497523719,10.618901303372256
466.0,75.46030913243702,535.1002673814377,10.61915527794337
467.0,74.55873181402663,535.0788869605168,10.619409241398598
468.0,75.04142347517474,535.0577619865028,10.61966319371425
469.0,77.24411735729214,535.0365002498515,10.619917134866627
470.0,75.0560465949735,535.0146144166004,10.620171064832048
471.0,74.70626602776076,534.9933485367317,10.620424983586819
472.0,75.1748198487181,534.9721817613572,10.620678891107254
473.0,74.98532989842796,534.9508822290667,10.620932787369664
474.0,74.96618057954731,534.9296363855955,10.621186672350367
475.0,73.98121077864305,534.9083959677646,10.621440546025676
476.0,75.05577695648896,534.8874346247106,10.621694408371908
477.0,73.76777764054127,534.8661688212396,10.62194825936538
478.0,75.00872893680574,534.8452679509082,10.622202098982411
479.0,74.79488165406724,534.8240154777094,10.622455927199319
480.0,75.34021865293529,534.8028235945741,10.622709743992425
481.0,74.379598769607,534.7814771992892,10.622963549338055
482.0,74.54942326457707,534.7604029796378,10.623217343212524
483.0,73.96466240769628,534.7392806430461,10.623471125592163
484.0,75.11970061211538,534.7183239886972,10.62372489645329
485.0,74.17568883838365,534.6970400735238,10.623978655772238
486.0,74.66996676152496,534.6760236283529,10.62423240352533
487.0,74.17838508328485,534.6548671377705,10.624486139688893
488.0,74.03461806486354,534.6338499286636,10.624739864239261
489.0,74.9176192089417,534.6128734535451,10.624993577152761
490.0,76.2156940605359,534.5916467947693,10.625247278405723
491.0,75.2230437050967,534.5700523481189,10.625500967974482
492.0,75.51208125952857,534.5487391524024,10.62575464583537
493.0,75.10282102744696,534.5273440627122,10.626008311964723
494.0,75.46042569472776,534.5060649300877,10.626261966338875
495.0,73.96869717468287,534.484684476141,10.626515608934165
496.0,75.11725759964771,534.463726678608,10.62676923972693
497.0,74.46865953860713,534.4424434556215,10.627022858693506
498.0,74.95126435176677,534.4213440020856,10.627276465810239
499.0,75.4329440242927,534.4001078105192,10.627530061053466
500.0,75.53553884851836,534.3787351430458,10.62778364439953
501.0,74.33034658599144,534.3573334070386,10.628037215824774
502.0,74.99539140828294,534.3362731421726,10.628290775305546
503.0,75.76581108634522,534.3150244479402,10.628544322818188
504.0,75.27604422643498,534.2935574681325,10.628797858339047
505.0,74.45394128798736,534.2722292556016,10.629051381844471
506.0,74.10133191701995,534.2511339722366,10.629304893310811
507.0,74.73710635592455,534.2301385948601,10.629558392714417
508.0,76.63857811873724,534.2089630813928,10.629811880031639
509.0,74.76762137319552,534.1872488175924,10.630065355238827
510.0,74.9842757117649,534.1660646582034,10.630318818312341
511.0,76.87174173938284,534.1448191134184,10.63057226922853
512.0,73.90373686399971,534.1230387865921,10.63082570796375
513.0,74.50790897002004,534.1020993944807,10.631079134494362
514.0,75.83247676536129,534.0809888202725,10.631332548796719
515.0,75.0235042627459,534.0595029518556,10.631585950847185
516.0,75.4567516967601,534.0382462923146,10.631839340622117
517.0,75.04740031672925,534.0168668793337,10.632092718097878
518.0,74.65988463621954,533.9956034492441,10.63234608325083
519.0,74.92905444730451,533.9744498152638,10.632599436057339
520.0,75.66935131673776,533.9532199165037,10.632852776493765
521.0,75.00237272459593,533.931780266964,10.63310610453648
522.0,74.7675752344562,533.910529594692,10.633359420161847
523.0,73.98317458758193,533.8893454483756,10.633612723346236
524.0,74.1792179277015,533.8683835489092,10.633866014066017
525.0,74.55745471110068,533.8473661038296,10.634119292297559
526.0,75.2340274786845,533.8262414916614,10.634372558017235
527.0,75.5177382394778,533.8049251838759,10.63462581120142
528.0,74.71560793161655,533.7835284913747,10.634879051826484
529.0,75.02425047782576,533.7623590691273,10.635132279868806
530.0,75.34072849451054,533.7411021981586,10.635385495304762
531.0,74.81049606531137,533.7197556584185,10.63563869811073
532.0,75.34572143227808,533.6985593512,10.635891888263085
533.0,74.25513840475509,533.6772113967942,10.636145065738212
534.0,75.51039742936732,533.6561724409128,10.636398230512489
535.0,74.30601594250814,533.6347778283078,10.636651382562302
536.0,75.78956550890287,533.6137244571241,10.636904521864032
537.0,76.05717118076664,533.5922507468966,10.637157648394066
538.0,73.71681878516452,533.5707012150621,10.637410762128786
539.0,74.70170108428293,533.5498147830729,10.637663863044583
540.0,75.93511064244433,533.528649301099,10.637916951117845
541.0,75.54946634768685,533.5071343530838,10.63817002632496
542.0,74.22726890467221,533.4857286709519,10.63842308864232
543.0,74.17772158573999,533.4646976114288,10.638676138046316
544.0,75.38951511252169,533.4436805903129,10.638929174513343
545.0,74.36745092660667,533.4223202276977,10.639182198019796
546.0,74.71055673342897,533.4012494499352,10.639435208542068
547.0,75.32007303327802,533.3800814588607,10.639688206056558
548.0,74.94641319828656,533.3587407715013,10.63994119053966
549.0,75.49654962286652,533.3375059544285,10.640194161967779
550.0,75.58467934903263,533.3161152653686,10.640447120317313
551.0,73.84111010682463,533.2946996062196,10.640700065564664
552.0,75.5942178907278,533.273777958356,10.640952997686233
553.0,75.66888963256912,533.2523595966204,10.641205916658429
554.0,75.60502998231964,533.2309200778911,10.64145882245765
555.0,74.78536257799867,533.2094986527295,10.64171171506031
556.0,74.51635399376279,533.1883094666657,10.641964594442815
557.0,75.9570219206454,533.1671964997008,10.64221746058157
558.0,75.17208515133147,533.14567534349,10.64247031345299
559.0,75.40288580473873,533.1243765860304,10.642723153033485
560.0,76.00118691826995,533.1030124350525,10.642975979299468
561.0,75.5568070650175,533.0814787654256,10.643228792227351
562.0,76.13199252363542,533.0600710034239,10.643481591793554
563.0,76.00950586043983,533.0385002722088,10.64373437797449
564.0,76.11750728462316,533.0169642455484,10.643987150746575
565.0,73.63001501087894,532.9953976184844,10.644239910086233
566.0,74.4255831522791,532.9745357808979,10.64449265596988
567.0,74.51054113241392,532.9534485323381,10.644745388373941
568.0,76.37036758832156,532.9323372123506,10.644998107274837
569.0,75.97670228998537,532.910698941534,10.645250812648992
570.0,75.96640647298135,532.8891722092185,10.645503504472833
571.0,74.99041849713704,532.8676483940511,10.645756182722785
572.0,75.28711944043793,532.8464011088103,10.646008847375276
573.0,74.41089364804427,532.8250697583021,10.646261498406735
574.0,76.60914953279412,532.8039866717685,10.646514135793591
575.0,75.39115675788189,532.7822807460675,10.64676675951228
576.0,75.83762365059957,532.7609199183195,10.647019369539233
577.0,74.93191738763642,532.7394325916184,10.647271965850882
578.0,75.20828473225897,532.718201881692,10.647524548423664
579.0,74.77277269993554,532.6968928676845,10.647777117234018
580.0,74.74302128582374,532.6757072487528,10.648029672258376
581.0,75.63548631626267,532.6545300593885,10.648282213473186
582.0,74.8139587752893,532.6331000049322,10.648534740854881
583.0,76.00902149660347,532.6119027166126,10.648787254379908
584.0,75.85315962410908,532.5903668271885,10.649039754024706
585.0,74.20963744855543,532.5688750986284,10.649292239765725
586.0,75.31168426105327,532.5478490346846,10.649544711579408
587.0,76.01658891450256,532.526510724144,10.649797169442198
588.0,75.39271814450791,532.5049726906182,10.65004961333055
589.0,73.63298088920232,532.4836114204772,10.650302043220908
590.0,75.74516946055826,532.4627487425587,10.65055445908973
591.0,75.13439554473014,532.4412876112115,10.65080686091346
592.0,74.03932624423986,532.4199995324739,10.651059248668561
593.0,77.29564499025854,532.3990217233713,10.651311622331482
594.0,74.96857396005008,532.377121290624,10.651563981878677
595.0,74.21707926963805,532.3558801946688,10.65181632728661
596.0,74.80909208633662,532.334852022209,10.652068658531736
597.0,74.68887949764436,532.3136561127845,10.652320975590516
598.0,74.78300924856093,532.2924942635935,10.652573278439412
599.0,75.69774918624611,532.2713057443065,10.652825567054888
600.0,73.8788510019604,532.2498580487037,10.653077841413403
601.0,74.92837950472736,532.2289257075864,10.653330101491429
602.0,74.4714631003587,532.2076960000601,10.65358234726543
603.0,75.08988447017293,532.1865957521817,10.653834578711876
604.0,75.23471828987307,532.1653202849152,10.654086795807233
605.0,74.0432527261685,532.1440037813996,10.654338998527974
606.0,74.54418538333879,532.123024859794,10.65459118685057
607.0,74.95403038749564,532.1019040072686,10.654843360751498
608.0,74.1487902178614,532.0806670319922,10.655095520207231
609.0,76.33002264396413,532.0596582080971,10.655347665194245
610.0,74.8975373494947,532.038031368348,10.655599795689016
611.0,74.25824495807412,532.0168103994323,10.655851911668023
612.0,75.24880197135947,531.9957705633608,10.656104013107752
613.0,73.87956494451635,531.974450069469,10.656356099984677
614.0,76.42549877552871,531.953517526068,10.656608172275288
615.0,76.44017073926952,531.9318636347483,10.656860229956065
616.0,76.17168991113236,531.9102055863722,10.657112273003492
617.0,75.29891476661545,531.888623607564,10.657364301394063
618.0,73.93081243924976,531.8672889150469,10.65761631510426
619.0,76.28310468187378,531.8463418515223,10.657868314110576
620.0,75.60966455997145,531.8247283051958,10.658120298389502
621.0,74.70395976790029,531.8033055669039,10.658372267917528
622.0,75.26446061780054,531.7821394449695,10.658624222671154
623.0,75.1918135891264,531.7608145144612,10.658876162626868
624.0,75.36475403898261,531.7395101672777,10.659128087761172
625.0,74.17093932813744,531.7181568202999,10.65937999805056
626.0,76.07736907724507,531.6971417208235,10.65963189347154
627.0,73.30796586027569,531.6755864662517,10.659883774000601
628.0,73.9317047913581,531.6548158759247,10.660135639614253
629.0,74.41179945607959,531.6338685595672,10.660387490289
630.0,75.31330366261682,531.6127852163879,10.660639326001341
631.0,75.69739760448107,531.5914464470168,10.66089114672779
632.0,74.83072253663558,531.5699988510289,10.661142952444848
633.0,76.71342710267308,531.5487968129768,10.66139474312903
634.0,76.81221748999545,531.5270613419643,10.661646518756843
635.0,73.84593990509566,531.5052978803421,10.661898279304802
636.0,74.26781031303814,531.4843748640358,10.662150024749417
637.0,75.84556869369614,531.4633323177804,10.662401755067204
638.0,76.01636420108787,531.4418427399839,10.662653470234682
639.0,75.20552544135221,531.4203047701269,10.662905170228367
640.0,73.85781349439495,531.3989965379185,10.663156855024775
641.0,75.08594808532587,531.3780701574285,10.663408524600435
642.0,73.84630132572315,531.3567958054709,10.663660178931858
643.0,75.10367049461104,531.3358726867621,10.663911817995574
644.0,74.50128653740121,531.3145933134551,10.664163441768107
645.0,75.37391522799669,531.2934846156029,10.664415050225985
646.0,75.52553729375009,531.272128672955,10.664666643345731
647.0,75.60180264539142,531.2507297707217,10.664918221103875
648.0,74.99465307576298,531.2293092599722,10.665169783476953
649.0,74.29318347835078,531.2080607749341,10.665421330441491
650.0,75.18570625076742,531.1870110396153,10.665672861974025
651.0,74.88921870896509,531.1657084228441,10.66592437805109
652.0,74.80525340555354,531.1444898108766,10.666175878649222
653.0,75.37717974462261,531.1232949890784,10.666427363744958
654.0,74.96083547686214,531.1019381214841,10.666678833314837
655.0,75.81358923761589,531.080699218099,10.666930287335402
656.0,75.61084568256271,531.0592187011483,10.667181725783193
657.0,74.5437070082322,531.0377956282049,10.667433148634752
658.0,75.07896787102622,531.0166749112193,10.667684555866627
659.0,75.88242483434183,530.9954025369891,10.667935947455364
660.0,76.41358811960724,530.9739025166194,10.66818732337751
661.0,75.05061177289855,530.9522519999855,10.668438683609615
662.0,73.38923892695634,530.9309876599832,10.668690028128227
663.0,74.43421495548857,530.9101940422872,10.668941356909903
664.0,73.01150136366152,530.8891043480498,10.669192669931194
665.0,74.96417728211613,530.8684177559968,10.669443967168657
666.0,75.64816547915578,530.8471779057668,10.669695248598845
667.0,73.95778814629374,530.8257442588811,10.669946514198323
668.0,76.18456756223837,530.8047895522396,10.67019776394364
669.0,74.55749923131732,530.7832039247637,10.67044899781137
670.0,75.35388407223905,530.7620792999815,10.670700215778066
671.0,75.95769188177002,530.7407290328276,10.670951417820296
672.0,75.0192260427851,530.7192076867946,10.671202603914624
673.0,75.55069692698616,530.6979522394158,10.671453774037618
674.0,75.91179904540367,530.6765462086197,10.671704928165846
675.0,75.03254888267782,530.6550378655569,10.671956066275879
676.0,76.03435290131561,530.6337786433735,10.672207188344288
677.0,74.3387987365858,530.6122355767181,10.672458294347646
678.0,74.73733682230836,530.5911729170759,10.672709384262527
679.0,74.0754420646785,530.5699973383097,10.672960458065509
680.0,74.3662177654594,530.5490092963914,10.673211515733168
681.0,75.21875060152435,530.5279388680244,10.673462557242084
682.0,75.40970573482934,530.5066268886874,10.673713582568835
683.0,74.66076549041469,530.4852608053959,10.673964591690007
684.0,75.5950160838089,530.4641069218403,10.674215584582182
685.0,76.35790809034319,530.4426883339498,10.674466561221944
686.0,76.8596077116486,530.4210535933242,10.674717521585878
687.0,74.41839046748589,530.3992767044726,10.674968465650577
688.0,75.3262560127393,530.3781914938402,10.675219393392625
689.0,74.42664076389207,530.3568490546365,10.67547030478862
690.0,74.7391712005131,530.3357615064201,10.675721199815149
691.0,73.68506323306181,530.3145854079132,10.67597207844881
692.0,75.78372510296924,530.2937079733306,10.676222940666195
693.0,74.2814352176578,530.2722359178847,10.676473786443905
694.0,74.35730120099414,530.2511895112398,10.676724615758536
695.0,73.94503128108069,530.2301216092328,10.67697542858669
696.0,75.04234281853,530.2091705170365,10.677226224904967
697.0,74.26429788503138,530.1879085199046,10.677477004689974
698.0,73.01318554775581,530.1668669688372,10.677727767918313
699.0,75.03330249275189,530.1461798995986,10.67797851456659
700.0,75.6045310372299,530.1249204638923,10.678229244611416
701.0,74.94763358042412,530.1034991800984,10.678479958029396
702.0,74.08573557638879,530.0822640172507,10.678730654797148
703.0,75.15408238797717,530.0612730588374,10.67898133489128
704.0,75.06243856322162,530.0399794021607,10.679231998288405
705.0,75.19523917142294,530.0187117112346,10.679482644965143
706.0,75.16113676466993,529.9974063934693,10.679733274898108
707.0,74.50296881558647,529.9761107380526,10.679983888063923
708.0,75.62605752570506,529.9550015635549,10.680234484439204
709.0,75.99268438801596,529.9335741805893,10.680485064000575
710.0,76.21398875739001,529.9120429200127,10.68073562672466
711.0,74.55428621087975,529.8904489565314,10.680986172588083
712.0,75.13729961838571,529.869325242105,10.681236701567473
713.0,74.69916969801945,529.8480363405465,10.681487213639459
714.0,76.23450748985599,529.8268715757987,10.681737708780666
715.0,73.91960523539248,529.8052717986766,10.681988186967729
716.0,75.75368271679487,529.7843279105266,10.68223864817728
717.0,74.74288130792851,529.7628643670901,10.682489092385959
718.0,74.34206935456994,529.7416872173862,10.682739519570394
719.0,74.67776037192247,529.720623631069,10.682989929707226
720.0,75.4891798792918,529.6994649322969,10.683240322773097
721.0,74.40775594585678,529.6780763313312,10.683490698744643
722.0,75.64461267250636,529.6569941338132,10.683741057598514
723.0,75.44429769348747,529.635561493556,10.683991399311347
724.0,76.1414226900183,529.6141856092095,10.684241723859792
725.0,76.06089336755603,529.592612206114,10.684492031220493
726.0,75.53799287314402,529.5710616196599,10.684742321370104
727.0,75.46970159224341,529.5496591883458,10.684992594285275
728.0,75.6403461395743,529.5282761062281,10.685242849942652
729.0,73.41116824036087,529.5068446748219,10.685493088318896
730.0,74.33686557766114,529.4860448438203,10.68574330939066
731.0,74.17622966662981,529.4649827319067,10.6859935131346
732.0,76.02319758800184,529.4439661335011,10.686243699527372
733.0,74.67014569535432,529.4224262275179,10.686493868545645
734.0,75.33931480022662,529.4012696862376,10.686744020166074
735.0,75.65198396777679,529.3799235470442,10.686994154365323
736.0,74.5487173493353,529.3584888182532,10.687244271120061
737.0,74.20131133275379,529.337366681671,10.687494370406949
738.0,74.92302021870823,529.3163429767933,10.687744452202661
739.0,73.65094350889683,529.2951147877313,10.687994516483865
740.0,74.70189333790279,529.2742470204039,10.688244563227235
741.0,74.32591354724296,529.2530814839581,10.68849459240944
742.0,75.12606355731889,529.2320224751197,10.688744604007157
743.0,76.14975783068692,529.2107367571118,10.688994597997063
744.0,74.92330678725813,529.1891609923932,10.689244574355836
745.0,74.73964370625048,529.1679327221368,10.689494533060154
746.0,75.47078261488846,529.1467564897533,10.689744474086703
747.0,75.50976563006294,529.1253731013458,10.689994397412164
748.0,75.02625935415283,529.1039786677507,10.690244303013223
749.0,76.32138599154027,529.0827212276002,10.690494190866561
750.0,74.40897755995482,529.0610968349026,10.690744060948873
751.0,75.61730717629526,529.0400142912606,10.690993913236847
752.0,74.13441246445325,529.0185893875607,10.691243747707171
753.0,76.35987009656033,528.9975846373625,10.691493564336543
754.0,74.22209213189606,528.9759493408351,10.691743363101656
755.0,76.0296087621461,528.9549197480644,10.691993143979207
756.0,76.43906732568215,528.9333780255818,10.692242906945891
757.0,75.49612164230604,528.9117202898394,10.692492651978412
758.0,75.29237289232358,528.8903297220409,10.692742379053469
759.0,74.6270007372453,528.8689968830547,10.692992088147765
760.0,74.67529954542289,528.8478525661792,10.693241779238008
761.0,74.8201200743636,528.8266945646412,10.693491452300902
762.0,74.63881574867632,528.8054955306202,10.693741107313153
763.0,75.51742857564679,528.784347866158,10.693990744251478
764.0,73.51838770163445,528.762951261395,10.69424036309258
765.0,74.3820803440415,528.7421210515461,10.69448996381318
766.0,75.66104585617207,528.7210461287821,10.694739546389986
767.0,75.38996689619114,528.6996088324561,10.694989110799721
768.0,75.37861892743561,528.6782483418356,10.695238657019098
769.0,75.43971565856789,528.6568910664728,10.695488185024843
770.0,75.07991794435918,528.6355164803695,10.69573769479367
771.0,74.77391733479251,528.6142438369518,10.695987186302307
772.0,75.95132420706246,528.593057893707,10.696236659527482
773.0,76.26172120952133,528.5715383518484,10.696486114445918
774.0,73.12561106936099,528.5499308641723,10.696735551034342
775.0,76.0678821598666,528.529211941036,10.69698496926949
776.0,74.89755933598772,528.5076593744241,10.697234369128088
777.0,74.20920611175664,528.4864383992789,10.697483750586873
778.0,75.83348501270972,528.4654124575472,10.697733113622581
779.0,75.31023824675674,528.4439263034603,10.697982458211948
780.0,74.32202048687344,528.4225884026237,10.698231784331712
781.0,74.19389027079235,528.4015304968191,10.698481091958612
782.0,72.79779053880044,528.3805088945757,10.698730381069396
783.0,74.4460279595784,528.359882853923,10.698979651640805
784.0,75.4082904823818,528.3387898126678,10.699228903649582
785.0,75.7659603093502,528.3174241303645,10.699478137072479
786.0,75.31493191203765,528.2959571082768,10.699727351886244
787.0,74.31494398603378,528.2746178775684,10.699976548067625
788.0,75.68738645107422,528.2535619767723,10.700225725593379
789.0,74.90518658190872,528.2321172172778,10.700474884440254
790.0,75.04487026551263,528.2108940810797,10.700724024585014
791.0,73.91988265563742,528.1896313678378,10.700973146004415
792.0,74.83918699320124,528.1686874010854,10.701222248675213
793.0,74.70817115205617,528.1474829647707,10.701471332574174
794.0,75.29482324714911,528.1263156496109,10.701720397678056
795.0,75.3955309907133,528.1049821163575,10.701969443963629
796.0,75.75610871782972,528.0836200492435,10.702218471407658
797.0,75.16185998616984,528.06215581844,10.702467479986911
798.0,76.06581577217253,528.0408599581107,10.702716469678156
799.0,75.06746808297946,528.0193079769751,10.702965440458168
800.0,75.35723993932588,527.9980388610184,10.703214392303721
801.0,74.96567260364942,527.9766876430356,10.70346332519159
802.0,75.1971154191605,527.9554473691312,10.703712239098548
803.0,74.62527274256435,527.9341415197624,10.703961134001382
804.0,74.14686810715799,527.9129976924853,10.704210009876867
805.0,75.30749474724144,527.8919894131884,10.704458866701787
806.0,75.80169696970646,527.8706522896766,10.704707704452927
807.0,74.60936674463427,527.8491751422018,10.704956523107073
808.0,76.02776511985557,527.8280358216242,10.705205322641012
809.0,74.30998736355399,527.806494621507,10.705454103031535
810.0,74.3502775939268,527.7854401250872,10.705702864255432
811.0,76.49401223279934,527.7643742131023,10.705951606289497
812.0,74.55077744201638,527.7427009096364,10.706200329110526
813.0,74.37197715086447,527.7215781893611,10.706449032695316
814.0,74.63632960898967,527.7005061291684,10.706697717020665
815.0,75.83065822236732,527.6793591691126,10.706946382063371
816.0,74.74586699959895,527.6578738159494,10.70719502780024
817.0,73.39960897724777,527.6366958202996,10.707443654208076
818.0,74.32939079951994,527.6158992644228,10.707692261263682
819.0,74.69701047454201,527.5948392703629,10.707940848943867
820.0,74.05067928864514,527.573675117395,10.70818941722544
821.0,74.35918230171201,527.5526940915965,10.708437966085214
822.0,75.95033131993652,527.5316256566111,10.7086864955
823.0,75.05185905336769,527.5101063960706,10.708935005446614
824.0,75.45358278730704,527.4888417026721,10.709183495901874
825.0,75.04831041633052,527.4674631875489,10.709431966842597
826.0,75.13230163870199,527.4461994995977,10.709680418245604
827.0,75.67424606740127,527.4249120141333,10.709928850087715
828.0,75.52359083326574,527.4034709777476,10.710177262345757
829.0,76.3709574508143,527.3820726270114,10.710425654996557
830.0,75.55125662580737,527.3604341890671,10.710674028016937
831.0,75.32447504841238,527.3390279996897,10.71092238138373
832.0,74.75186375599291,527.3176860650927,10.71117071507377
833.0,75.11552147456634,527.2965063703618,10.711419029063885
834.0,74.37931599583061,527.2752236392774,10.711667323330914
835.0,73.50861175650155,527.2541494997453,10.711915597851691
836.0,75.18377862304614,527.2333220597476,10.712163852603057
837.0,74.14572378290082,527.2120199891377,10.712412087561852
838.0,75.01894334200408,527.1910120340659,10.712660302704915
839.0,74.80345483854951,527.1697566667857,10.712908498009096
840.0,74.91819639795303,527.1485623545814,10.713156673451238
841.0,75.06938638162333,527.1273355322687,10.713404829008185
842.0,75.60329013740932,527.1060658727938,10.713652964656797
843.0,74.81137807056969,527.0846449405883,10.713901080373917
844.0,75.30162238677282,527.0634483834683,10.7141491761364
845.0,73.80088803509973,527.042112923792,10.714397251921104
846.0,75.0534045438413,527.0212026721821,10.714645307704883
847.0,74.80415867877346,526.9999375408946,10.7148933434646
848.0,74.42784382910581,526.978743029269,10.715141359177114
849.0,74.44833310104644,526.9576551401841,10.715389354819287
850.0,75.7947719434054,526.9365614458054,10.715637330367983
851.0,74.9234625137789,526.9150862604215,10.715885285800072
852.0,74.72192855903455,526.8938579460425,10.716133221092418
853.0,75.68347455534045,526.8726867329508,10.716381136221896
854.0,74.28108823287687,526.8512430818269,10.716629031165375
855.0,74.93350810032952,526.8301967734942,10.716876905899731
856.0,75.3278501914894,526.8089656128658,10.717124760401838
857.0,76.0748648601898,526.7876227219782,10.717372594648575
858.0,74.08654342573006,526.7660681769345,10.717620408616822
859.0,74.50425273569388,526.7450769896304,10.71786820228346
860.0,75.27097279726726,526.7239674513554,10.718115975625372
861.0,75.22343554619424,526.7026406757295,10.718363728619448
862.0,75.6195796054645,526.6813273689913,10.718611461242567
863.0,75.58806246710301,526.6599018214365,10.718859173471628
864.0,74.97266607218702,526.6384852037376,10.719106865283512
865.0,74.1695157910961,526.6172429483504,10.719354536655121
866.0,74.6387081228252,526.5962282522096,10.719602187563344
867.0,75.38360570645467,526.5750806182415,10.719849817985082
868.0,74.18317111932814,526.553721929958,10.720097427897233
869.0,74.96529246947664,526.5327033648075,10.720345017276692
870.0,75.67933193266902,526.5114631986078,10.72059258610037
871.0,75.06720458917134,526.4900207212269,10.720840134345165
872.0,73.65049529182382,526.4687516799266,10.721087661987989
873.0,75.52633144278727,526.447884039594,10.721335169005746
874.0,73.50808395668184,526.4264849123518,10.721582655375348
875.0,73.98204797544318,526.4056576218975,10.721830121073706
876.0,75.35801866254009,526.3846960416377,10.722077566077736
877.0,74.66143207487914,526.3633446030167,10.722324990364354
878.0,74.303578489847,526.3421905305954,10.722572393910477
879.0,74.84853084182537,526.3211378500233,10.722819776693024
880.0,75.05417832410143,526.2999307662849,10.72306713868892
881.0,74.52724146456328,526.2786654157596,10.723314479875086
882.0,75.37686557242841,526.2575493640113,10.723561800228447
883.0,75.32860114501649,526.2361925854325,10.723809099725935
884.0,74.71134588611822,526.2148494817748,10.724056378344475
885.0,75.16493535710254,526.193681267107,10.724303636061002
886.0,74.28558978543508,526.1723845354225,10.724550872852447
887.0,75.11383635013219,526.1513369516499,10.724798088695751
888.0,74.37680254750596,526.1300546980174,10.725045283567843
889.0,74.23228541125155,526.1089812706289,10.725292457445669
890.0,75.34650932843498,526.0879487897624,10.725539610306164
891.0,75.19092133088911,526.0666006121194,10.725786742126278
892.0,74.96892381549708,526.0452965177424,10.726033852882953
893.0,75.21574553316506,526.0240553226612,10.726280942553139
894.0,74.95949355594063,526.0027441947602,10.72652801111378
895.0,73.99808348063887,525.981505671586,10.726775058541833
896.0,75.33752058542139,525.9605395479332,10.727022084814248
897.0,76.31581559904826,525.9391939171006,10.72726908990798
898.0,75.70888112320105,525.9175711026809,10.727516073799986
899.0,73.83279538946128,525.8961202530293,10.727763036467225
900.0,75.44969308192688,525.8752009610023,10.728009977886662
901.0,74.25066919057687,525.8538235479624,10.728256898035257
902.0,74.84391372989302,525.8327858583584,10.728503796889973
903.0,74.66604513664822,525.8115800828016,10.72875067442778
904.0,74.3598620022403,525.7904247033462,10.728997530625644
905.0,76.40886800402411,525.7693560757789,10.72924436546054
906.0,74.5203897824141,525.7477068965111,10.729491178909441
907.0,75.84165937415985,525.7265927860727,10.729737970949317
908.0,74.12843969190601,525.7051043159167,10.729984741557148
909.0,76.55486616791666,525.684101258004,10.730231490709915
910.0,73.81822590477233,525.6624107125898,10.730478218384597
911.0,75.91560077804034,525.6414955485834,10.730724924558178
912.0,75.10760633489797,525.619986128363,10.73097160920764
913.0,75.75111290175113,525.5987056399015,10.731218272309974
914.0,75.4726116657199,525.5772428245793,10.731464913842164
915.0,75.12672339386681,525.5558589179407,10.731711533781205
916.0,74.32149363282711,525.5345730129791,10.731958132104092
917.0,74.68051462928446,525.5135152564498,10.732204708787815
918.0,74.71701955593392,525.4923557773047,10.732451263809375
919.0,75.75079707885835,525.4711859550973,10.732697797145766
920.0,73.91539080738771,525.4497232292583,10.732944308773996
921.0,75.26663877522473,525.4287805351962,10.733190798671064
922.0,75.23623884608436,525.4074549875431,10.733437266813977
923.0,73.8327274411067,525.3861380532035,10.73368371317974
924.0,76.7562009923351,525.3652187804284,10.733930137745364
925.0,75.65626006202451,525.3434711901473,10.73417654048786
926.0,75.88818554934619,525.3220352497965,10.73442292138424
927.0,75.70132656522439,525.3005335972241,10.73466928041152
928.0,74.3405355534153,525.2790848880306,10.73491561754672
929.0,74.79328838999974,525.2580217362905,10.735161932766854
930.0,76.04536549455399,525.23683030458,10.73540822604895
931.0,74.80533725657229,525.2152841176899,10.735654497370025
932.0,75.811013705546,525.1940892721339,10.73590074670711
933.0,73.5017604049787,525.1726094849173,10.736146974037231
934.0,74.40314158202916,525.1517839861358,10.736393179337414
935.0,74.44769960450238,525.130703096021,10.736639362584697
936.0,74.82117014224094,525.109609581133,10.736885523756108
937.0,74.64382335425694,525.0884102495927,10.737131662828688
938.0,74.81929913097609,525.067261166309,10.737377779779472
939.0,73.54549487540382,525.0460623648886,10.737623874585497
940.0,75.3249323047748,525.0252244746739,10.737869947223812
941.0,75.80889677790806,525.0038824105209,10.738115997671457
942.0,75.54324137796677,524.9824032231004,10.738362025905477
943.0,74.75791837232723,524.9609993047101,10.738608031902924
944.0,74.05992243534591,524.9398178945046,10.738854015640845
945.0,75.61371608005258,524.9188342498145,10.739099977096293
946.0,74.7431930282149,524.8974103635919,10.739345916246323
947.0,74.73647680527952,524.8762331255672,10.739591833067992
948.0,76.37304993262966,524.8550577904723,10.73983772753836
949.0,74.52323135891042,524.8334187596581,10.740083599634485
950.0,75.32129346569083,524.8123038441065,10.740329449333432
951.0,75.4802608247016,524.7909628109578,10.740575276612264
952.0,74.48684398816161,524.7695767370574,10.740821081448047
953.0,74.28189783662964,524.7484721312608,10.741066863817855
954.0,74.92408493907472,524.7274255935404,10.741312623698754
955.0,76.13090687899525,524.7061971028077,10.74155836106782
956.0,75.23514123791199,524.684626679192,10.741804075902127
957.0,75.06259657627334,524.6633100558413,10.742049768178754
958.0,76.05394180805318,524.6420423201446,10.74229543787478
959.0,75.13750323404193,524.620493703299,10.742541084967286
960.0,74.1836085193725,524.5992047440494,10.742786709433357
961.0,74.24082467881516,524.5781860549689,10.743032311250078
962.0,75.97795481954584,524.5571511546432,10.743277890394536
963.0,74.96330293936802,524.5356240674444,10.743523446843824
964.0,75.9272865838477,524.5143844649449,10.743768980575032
965.0,74.97603834926356,524.4928717337461,10.744014491565256
966.0,75.29082923770446,524.4716285228806,10.74425997979159
967.0,76.47025500855617,524.4502961212631,10.744505445231134
968.0,74.6803234079808,524.4286295490108,10.74475088786099
969.0,74.52318330486743,524.4074701240452,10.74499630765826
970.0,74.57984355714059,524.3863552221087,10.74524170460005
971.0,76.60436854953524,524.3652242664342,10.745487078663464
972.0,74.80294743948352,524.3435196953451,10.745732429825615
973.0,75.54967252716291,524.322325526904,10.74597775806361
974.0,74.38641790106993,524.3009197863546,10.746223063354567
975.0,74.30374948197698,524.279843634616,10.7464683456756
976.0,75.08936103214162,524.2587909055961,10.746713605003826
977.0,75.57143121849083,524.237515586637,10.746958841316367
978.0,75.23442855514008,524.2161036811251,10.747204054590343
979.0,75.58760140857068,524.1947872597011,10.74744924480288
980.0,74.36176974301115,524.1733707726353,10.747694411931104
981.0,75.42046667110066,524.1523016045414,10.74793955595214
982.0,76.06668792361089,524.1309324723181,10.748184676843126
983.0,76.02193881428842,524.109380244073,10.748429774581188
984.0,76.40921456299185,524.0878406947423,10.748674849143464
985.0,75.11046202781799,524.0661914172828,10.74891990050709
986.0,75.32112166520045,524.0449101197082,10.74916492864921
987.0,74.9506164676736,524.0235691352364,10.74940993354696
988.0,75.11591200912704,524.0023331272373,10.749654915177487
989.0,74.76379867300474,523.9810502855013,10.749899873517933
990.0,74.13408069104797,523.9598672092106,10.750144808545452
991.0,74.51600875226305,523.9388625530148,10.75038972023719
992.0,74.04488480782058,523.9177496838684,10.7506346085703
993.0,75.85446840518877,523.8967702998395,10.750879473521936
994.0,74.43983095253748,523.8752782004581,10.751124315069257
995.0,74.95609341841971,523.8541869150215,10.751369133189419
996.0,75.29180064981607,523.8329493552196,10.751613927859585
997.0,75.16401331607979,523.8116166783689,10.75185869905692
998.0,74.93392744751328,523.7903202079292,10.752103446758586
999.0,74.92355143959377,523.7690889284858,10.752348170941753
1000.0,74.50143864412544,523.7478605889112,10.75259287158359
1001.0,76.07294875620694,523.7267518479621,10.752837548661269
1002.0,74.94243891973937,523.7051978458144,10.753082202151965
1003.0,75.1924773614506,523.6839641547872,10.753326832032855
1004.0,73.7450468723637,523.6626596195348,10.753571438281117
1005.0,75.89087099913647,523.6417651895877,10.75381602087393
1006.0,75.36438769304938,523.6202627761379,10.75406057978848
1007.0,76.03540134453416,523.5989095329581,10.754305115001952
1008.0,74.12123555098634,523.577366169244,10.75454962649153
1009.0,74.14223439740225,523.5563651525044,10.754794114234407
1010.0,75.40346746803358,523.5353581860918,10.755038578207778
1011.0,74.77431846901776,523.5139938703093,10.755283018388829
1012.0,74.77676528545382,523.4928078134096,10.755527434754764
1013.0,74.39219373358382,523.4716210632455,10.755771827282778
1014.0,75.73098231928996,523.4505432750209,10.756016195950073
1015.0,74.08119930123783,523.4290861633638,10.756260540733852
1016.0,75.81724994950049,523.4080964902284,10.756504861611317
1017.0,75.56738819747949,523.3866149360761,10.756749158559682
1018.0,74.24967138639315,523.3652041760868,10.75699343155615
1019.0,73.54860483287673,523.344166769194,10.75723768057794
1020.0,75.96248544614257,523.3233279978247,10.757481905602258
1021.0,75.56085976924882,523.301805293615,10.757726106606329
1022.0,75.10665724475716,523.280396383347,10.757970283567364
1023.0,75.76382384316243,523.2591161637944,10.75821443646259
1024.0,75.51196648631003,523.2376497470387,10.758458565269226
1025.0,74.20186592602623,523.2162546898676,10.7587026699645
1026.0,75.59944147842744,523.1952308278553,10.75894675052564
1027.0,75.2309281454618,523.173810986103,10.759190806929874
1028.0,75.66571133781919,523.1524955564619,10.759434839154434
1029.0,74.56933386648858,523.1310569382495,10.759678847176554
1030.0,75.26955089281093,523.1099289603206,10.759922830973476
1031.0,74.43745016618283,523.0886025875677,10.760166790522433
1032.0,75.95189672764879,523.0675119766872,10.760410725800668
1033.0,74.96370756886199,523.0459922726144,10.760654636785429
1034.0,74.90665549416461,523.0247525554698,10.760898523453951
1035.0,74.48102144761299,523.0035290030798,10.761142385783494
1036.0,75.47821440999721,522.9824260470031,10.7613862237513
1037.0,75.83927310305668,522.9610405529202,10.761630037334626
1038.0,74.38736489282253,522.9395527588744,10.761873826510726
1039.0,75.94355669119818,522.9184763388214,10.762117591256857
1040.0,75.26447225645674,522.8969589977589,10.762361331550276
1041.0,76.26245640222842,522.8756340639529,10.762605047368247
1042.0,74.68653372940548,522.8540263679722,10.762848738688033
1043.0,74.68547145555134,522.8328651834156,10.763092405486903
1044.0,74.7924593664443,522.8117042998365,10.763336047742122
1045.0,76.22479043755143,522.7905131030161,10.763579665430964
1046.0,74.3607267208154,522.7689160790587,10.7638232585307
1047.0,75.37049114733453,522.7478472064878,10.764066827018603
1048.0,74.06817410646583,522.726492233996,10.764310370871955
1049.0,75.47433597849088,522.7055062513325,10.764553890068036
1050.0,74.54430293216382,522.6841218561387,10.764797384584126
1051.0,74.05309632626002,522.6630009703078,10.765040854397512
1052.0,75.55063246616602,522.6420192596821,10.765284299485478
1053.0,74.86819923957447,522.62061324715,10.765527719825315
1054.0,74.10287733482366,522.5994005906989,10.765771115394312
1055.0,75.73092197565771,522.5784047754539,10.766014486169768
1056.0,75.69659893227964,522.5569476808942,10.766257832128975
1057.0,75.18357761101035,522.5355003111968,10.766501153249234
1058.0,76.03276786026113,522.5141982975402,10.766744449507843
1059.0,74.75223501598042,522.4926556799799,10.766987720882108
1060.0,74.497587514699,522.4714758800587,10.767230967349331
1061.0,75.07465431044811,522.4503682302627,10.767474188886824
1062.0,75.19048925694852,522.4290970782082,10.767717385471892
1063.0,76.07341307577914,522.407793106252,10.767960557081855
1064.0,74.41136486374413,522.3862389725473,10.768203703694018
1065.0,74.6094414983692,522.3651557525025,10.768446825285707
1066.0,75.07376005830166,522.3440164107446,10.768689921834234
1067.0,75.52120927371475,522.3227455120615,10.768932993316929
1068.0,75.84153999500617,522.3013478361006,10.769176039711107
1069.0,75.56219665668,522.2798593997686,10.7694190609941
1070.0,73.39826920728078,522.2584501107159,10.769662057143236
1071.0,75.24822352537133,522.2376539344406,10.769905028135847
1072.0,75.55153747367135,522.2163336044416,10.770147973949264
1073.0,74.93944680714729,522.1949273354908,10.770390894560823
1074.0,74.76071187890871,522.1736944922288,10.770633789947864
1075.0,73.81609776097561,522.1525122905298,10.770876660087724
1076.0,76.00152467923296,522.1315977294975,10.771119504957753
1077.0,74.41052031573193,522.1100639641717,10.771362324535291
1078.0,74.21632484655339,522.0889809834156,10.771605118797682
1079.0,75.69537891638859,522.0679530247091,10.771847887722286
1080.0,74.99491851902542,522.0465060006827,10.772090631286446
1081.0,74.41851395146747,522.0252574404357,10.772333349467521
1082.0,74.69495335233283,522.0041721948161,10.772576042242868
1083.0,75.18562589754819,521.9830086246996,10.772818709589846
1084.0,73.99238073136856,521.9617060306953,10.773061351485813
1085.0,75.67418027177368,521.9407415228213,10.77330396790814
1086.0,75.45381723255248,521.9193005050777,10.773546558834187
1087.0,75.22293642398716,521.8979219235284,10.77378912424133
1088.0,75.48908776089571,521.8766087582085,10.774031664106934
1089.0,74.20642997803247,521.8552201833428,10.774274178408374
1090.0,76.05147569998525,521.8341950281824,10.774516667123029
1091.0,76.63688701047364,521.8126471100674,10.774759130228276
1092.0,75.08074513164063,521.7909333254144,10.775001567701496
1093.0,75.1642554846285,521.7696604476271,10.775243979520068
1094.0,74.55740090818966,521.7483639085731,10.775486365661385
1095.0,76.11131358555654,521.7272393116491,10.77572872610283
1096.0,74.1831942431458,521.7056744394665,10.775971060821794
1097.0,75.94759967714101,521.6846558677644,10.77621336979567
1098.0,74.62931608080919,521.6631373811891,10.776455653001856
1099.0,74.80878010012648,521.6419924082995,10.776697910417745
1100.0,75.60001205467576,521.6207965872711,10.776940142020742
1101.0,75.71839138967948,521.5993765838557,10.777182347788244
1102.0,73.96813469531457,521.5779230396286,10.77742452769766
1103.0,74.85332369933211,521.5569654014649,10.777666681726394
1104.0,74.40135214435232,521.5357569597502,10.777908809851862
1105.0,75.26164812977616,521.5146765766426,10.778150912051467
1106.0,76.30948695686557,521.4933524430058,10.778392988302633
1107.0,74.5700482939602,521.4717314217014,10.778635038582769
1108.0,74.54092113802369,521.4506032413515,10.778877062869297
1109.0,75.36326774916849,521.4294833136956,10.779119061139639
1110.0,74.40566415398014,521.4081303878334,10.77936103337122
1111.0,75.4569240738971,521.3870487829897,10.779602979541469
1112.0,74.94607822317269,521.3656693211688,10.77984489962781
1113.0,74.5314160933768,521.3444345990056,10.780086793607676
1114.0,74.54363771068256,521.3233173644458,10.780328661458501
1115.0,73.84447651029441,521.3021966670944,10.780570503157723
1116.0,75.87141430480293,521.2812740654165,10.780812318682779
1117.0,73.62205461091052,521.2597771646967,10.781054108011112
1118.0,75.41911261139046,521.2389175825571,10.781295871120163
1119.0,75.71837502803776,521.2175488339839,10.781537607987381
1120.0,74.52671767090354,521.1960952943925,10.781779318590214
1121.0,75.0161087850297,521.1749793910525,10.782021002906111
1122.0,75.27691217826653,521.1537248268967,10.78226266091253
1123.0,73.21432584996633,521.1323963684463,10.78250429258692
1124.0,75.72752110835135,521.1116523094554,10.782745897906747
1125.0,73.48248183378051,521.0901961784747,10.782987476849463
1126.0,75.13198638999673,521.0693761419551,10.78322902939254
1127.0,76.15771880616695,521.0480887458112,10.783470555513443
1128.0,74.64178012269922,521.0265107254829,10.783712055189632
1129.0,75.50501388325897,521.0053622211148,10.783953528398586
1130.0,75.40576480459924,520.9839691338478,10.784194975117776
1131.0,74.83862302598726,520.9626041671531,10.784436395324677
1132.0,76.63546404864846,520.9413998906291,10.784677788996765
1133.0,73.1356041049341,520.9196865091487,10.784919156111524
1134.0,74.92347911101284,520.8989647546523,10.785160496646437
1135.0,73.78911272820889,520.8777364355708,10.785401810578987
1136.0,74.29076875310476,520.8568295202979,10.785643097886663
1137.0,75.43532938973553,520.8357804691511,10.785884358546957
1138.0,76.51200738322645,520.8144071258241,10.786125592537362
1139.0,74.86574571949299,520.7927287237321,10.78636679983537
1140.0,76.40195126680551,520.7715167624449,10.786607980418484
1141.0,76.24957930456334,520.7498695429194,10.786849134264202
1142.0,74.61785310590781,520.7282654954497,10.787090261350025
1143.0,74.34148364856587,520.7071237704031,10.787331361653463
1144.0,75.23364090412774,520.6860603500359,10.78757243515202
1145.0,74.93925911187868,520.6647441517798,10.787813481823207
1146.0,75.36842071353797,520.6435113616981,10.78805450164454
1147.0,75.54591070301304,520.6221569758293,10.78829549459353
1148.0,76.09869759623143,520.6007523011301,10.7885364606477
1149.0,75.86812478321905,520.5791910034777,10.788777399784566
1150.0,74.7417296306712,520.5576950347893,10.789018311981653
1151.0,75.47352252626642,520.5365182113939,10.789259197216486
1152.0,75.54898346901054,520.5151340466781,10.789500055466595
1153.0,75.69211492096962,520.4937285013618,10.789740886709508
1154.0,74.8649011155466,520.4722824021343,10.78998169092276
1155.0,76.01416815226128,520.4510706801516,10.790222468083885
1156.0,74.54758458727913,520.4295333325083,10.790463218170421
1157.0,75.75514376963645,520.4084115168753,10.790703941159908
1158.0,75.01969429262046,520.3869475594739,10.790944637029893
1159.0,76.8590358139632,520.3656919794244,10.791185305757919
1160.0,73.71500948943462,520.3439152526105,10.791425947321533
1161.0,74.07682091133132,520.3230293332551,10.79166656169829
1162.0,75.45013854178023,520.3020409006635,10.791907148865741
1163.0,74.80704642343312,520.28066336141,10.792147708801439
1164.0,75.6354513375455,520.2594680315901,10.792388241482945
1165.0,76.09317853902763,520.2380379870444,10.792628746887821
1166.0,73.705846556142,520.2164782531249,10.792869224993629
1167.0,73.64108983540193,520.195594929934,10.793109675777934
1168.0,75.54382937219228,520.1747299544807,10.793350099218307
1169.0,74.80059459545262,520.1533258694919,10.793590495292317
1170.0,76.60630396694984,520.1321323676899,10.79383086397754
1171.0,75.18395998749561,520.1104272482326,10.794071205251548
1172.0,75.5943166104053,520.0891251262361,10.794311519091925
1173.0,74.58619944541796,520.0677067365298,10.79455180547625
1174.0,75.54129749911469,520.0465739800204,10.794792064382108
1175.0,74.6888320630492,520.0251706123956,10.795032295787081
1176.0,74.21483198398602,520.0040087766445,10.795272499668764
1177.0,74.9470470234851,519.9829812409156,10.795512676004744
1178.0,73.40072296422161,519.961746244259,10.795752824772618
1179.0,74.65350103881568,519.9409493727524,10.795992945949981
1180.0,76.04103303329931,519.9197975474581,10.796233039514437
1181.0,75.64557594647847,519.8982525880987,10.79647310544358
1182.0,75.45408004161274,519.8768196749138,10.796713143715019
1183.0,75.59681625396665,519.855441018902,10.796953154306362
1184.0,73.86732087300355,519.8340219209633,10.797193137195215
1185.0,74.89544539895518,519.813092846716,10.797433092359196
1186.0,75.23664571490062,519.7918724705196,10.797673019775914
1187.0,75.26093853127854,519.7705554209005,10.79791291942299
1188.0,74.44390223480556,519.7492314883166,10.79815279127804
1189.0,74.07789251748264,519.72813904935,10.79839263531869
1190.0,75.07697008197229,519.7071503131367,10.798632451522565
1191.0,76.66894206089962,519.6858785049469,10.798872239867293
1192.0,73.46403843671285,519.6641556380296,10.799112000330503
1193.0,73.86328683171425,519.6433408271391,10.799351732889829
1194.0,75.52534118750116,519.6224128958702,10.799591437522903
1195.0,74.17591620759569,519.6010140492004,10.799831114207368
1196.0,76.31257170547735,519.5799975396083,10.800070762920864
1197.0,74.92294413625828,519.5583756442918,10.800310383641031
1198.0,75.33800550027533,519.5371474767865,10.800549976345522
1199.0,74.54276985690994,519.5158017085614,10.800789541011977
1200.0,74.5414347408377,519.494681257102,10.80102907761805
1201.0,74.91540471027129,519.4735611839253,10.8012685861414
1202.0,75.76273976660187,519.4523351525909,10.801508066559677
1203.0,74.89901099650275,519.4308690429903,10.801747518850544
1204.0,74.76302658643814,519.4096476565412,10.801986942991661
1205.0,75.05965184502455,519.3884647990085,10.802226338960692
1206.0,75.58592877528325,519.3671978976523,10.802465706735306
1207.0,74.34696921497292,519.3457818844993,10.802705046293172
1208.0,75.09267466966594,519.3247169098884,10.802944357611958
1209.0,75.16032039870746,519.3034406520653,10.803183640669346
1210.0,75.13497673935731,519.2821452279524,10.803422895443006
1211.0,74.93279836072342,519.2608569845429,10.803662121910623
1212.0,75.26255059809964,519.2396260250073,10.803901320049881
1213.0,74.3832421772764,519.2183016356712,10.804140489838463
1214.0,73.77306128468636,519.197226383721,10.804379631254056
1215.0,75.95457883132737,519.1763240163571,10.804618744274352
1216.0,75.8852041985314,519.1548035523548,10.804857828877044
1217.0,75.06535982819891,519.1333027444985,10.80509688503983
1218.0,75.21959190808528,519.1120342258805,10.805335912740407
1219.0,75.48210987226774,519.0907220081733,10.805574911956473
1220.0,74.91499435608407,519.0693354103762,10.805813882665738
1221.0,75.73128417242813,519.0481094953086,10.806052824845906
1222.0,75.82479440751264,519.0266522981264,10.806291738474686
1223.0,75.40842715839361,519.0051686063775,10.80653062352979
1224.0,75.13587666956575,518.9838028853494,10.806769479988933
1225.0,74.7030102520689,518.9625143869596,10.807008307829834
1226.0,75.10133984310603,518.9413485340549,10.807247107030207
1227.0,73.87033895292076,518.9200698210993,10.807485877567784
1228.0,74.84810663798837,518.8991398917294,10.807724619420283
1229.0,74.37054922119536,518.877932928182,10.807963332565432
1230.0,75.18212648188904,518.8568612725693,10.808202016980966
1231.0,73.59720990773495,518.835559670066,10.808440672644613
1232.0,76.08041778251665,518.8147071272589,10.808679299534116
1233.0,75.57617339456662,518.7931510088872,10.80891789762721
1234.0,74.82833965997841,518.7717377597587,10.809156466901632
1235.0,75.70529292749012,518.7505363968551,10.809395007335134
1236.0,74.79083473509446,518.7290865638589,10.809633518905459
1237.0,74.6472467426876,518.7078958273506,10.809872001590355
1238.0,74.33194935381633,518.6867457741068,10.810110455367578
1239.0,73.7558089014035,518.6656850551233,10.810348880214878
1240.0,74.64149952036875,518.6447875759345,10.810587276110017
1241.0,76.378146923878,518.6236391510704,10.810825643030752
1242.0,74.00981571126421,518.6019986761087,10.81106398095485
1243.0,74.48281085410903,518.5810292283238,10.811302289860071
1244.0,75.55741695002386,518.5599257652485,10.811540569724189
1245.0,76.15808051439119,518.5385178304459,10.811778820524971
1246.0,75.94882612302709,518.5169397076336,10.812017042240193
1247.0,74.34337882238958,518.4954208735654,10.812255234847632
1248.0,75.44944139228501,518.4743569162324,10.812493398325064
1249.0,75.36856437532889,518.4529795745045,10.812731532650275
1250.0,75.28960295941233,518.4316251479315,10.812969637801046
1251.0,75.0645543096288,518.4102930937597,10.813207713755169
1252.0,75.28532075512837,518.389024803372,10.81344576049043
1253.0,74.9513896710612,518.3676939624913,10.813683777984622
1254.0,76.46544424585622,518.346457735418,10.81392176621554
1255.0,74.78449334985636,518.3247925262149,10.814159725160987
1256.0,74.71110568336474,518.3036035864325,10.81439765479876
1257.0,74.94790948238354,518.2824354398222,10.814635555106664
1258.0,75.64674307442762,518.2612001988022,10.814873426062505
1259.0,76.16777343907648,518.239766954931,10.815111267644092
1260.0,76.40089371672025,518.21818608579,10.815349079829238
1261.0,75.29643123030125,518.1965391659036,10.815586862595756
1262.0,75.26495254068367,518.175205177055,10.815824615921466
1263.0,74.56958127371757,518.1538801071686,10.816062339784189
1264.0,75.35026005363716,518.132752059141,10.816300034161742
1265.0,73.74947950812324,518.1114028187924,10.816537699031956
1266.0,74.9747614543787,518.0905071329317,10.816775334372657
1267.0,75.33978293012063,518.069264283853,10.81701294016168
1268.0,74.86673327331833,518.0479180120228,10.817250516376854
1269.0,75.18068167108122,518.0267057709286,10.817488062996016
1270.0,74.3942352363219,518.0054045777886,10.81772557999701
1271.0,75.1438472351386,517.9843262111383,10.817963067357676
1272.0,75.527960706929,517.9630354544216,10.818200525055857
1273.0,74.03499506097448,517.9416358655546,10.818437953069404
1274.0,73.87930546605007,517.9206592836208,10.818675351376164
1275.0,75.84745544734777,517.8997268137387,10.818912719953994
1276.0,74.50964331327133,517.878236701362,10.81915005878075
1277.0,74.38545589151482,517.8571256357566,10.819387367834288
1278.0,74.41660347084934,517.8360497565873,10.81962464709247
1279.0,74.3481027815741,517.8149650522705,10.819861896533162
1280.0,74.97605164052588,517.7938997564825,10.82009911613423
1281.0,74.63225944859585,517.7726565418509,10.820336305873546
1282.0,75.09127015988463,517.7515107350072,10.820573465728978
1283.0,74.44299220193824,517.7302348751285,10.82081059567841
1284.0,75.00996146541594,517.7091426940046,10.821047695699713
1285.0,74.69135859086107,517.6878898715895,10.82128476577077
1286.0,75.46558376504613,517.6667273199887,10.821521805869466
1287.0,73.98311664679163,517.6453454045886,10.821758815973688
1288.0,74.687399217918,517.6243835215387,10.821995796061325
1289.0,74.62877106535755,517.6032220917602,10.822232746110267
1290.0,74.72619621084492,517.5820772732917,10.822469666098412
1291.0,75.66420022483479,517.5609048510321,10.822706556003656
1292.0,75.69661212363893,517.5394666609684,10.822943415803904
1293.0,75.39730818520064,517.5180192875333,10.823180245477056
1294.0,75.28436995901589,517.4966567168808,10.823417045001017
1295.0,76.08447326049692,517.4753261453925,10.8236538143537
1296.0,75.71701110734352,517.4537688779686,10.823890553513014
1297.0,75.8710713903809,517.4323157248216,10.824127262456875
1298.0,74.803659448317,517.4108189212609,10.8243639411632
1299.0,75.1058340985751,517.3896245510839,10.824600589609911
1300.0,75.60966296078544,517.368344564756,10.82483720777493
1301.0,73.66237810989668,517.3469218269171,10.825073795636182
1302.0,75.26768197210602,517.3260508197859,10.825310353171599
1303.0,74.34263091419143,517.3047249765605,10.825546880359111
1304.0,74.41393229084352,517.2836612311348,10.825783377176652
1305.0,74.66034738818502,517.2625772836524,10.826019843602161
1306.0,75.46849964115152,517.241423518559,10.826256279613578
1307.0,75.78764941074277,517.2200407769942,10.826492685188844
1308.0,75.06915373227326,517.198567609661,10.826729060305908
1309.0,75.8873688142506,517.1772980161036,10.826965404942715
1310.0,75.47718690362161,517.1557965949396,10.82720171907722
1311.0,74.95003617362077,517.1344113919836,10.827438002687376
1312.0,76.79472114554555,517.1131755484009,10.827674255751141
1313.0,76.9175550712639,517.0914170440765,10.827910478246476
1314.0,74.86201897512805,517.0696237368063,10.828146670151341
1315.0,75.22037787652211,517.0484128314299,10.828382831443705
1316.0,76.34726298123466,517.0271003910316,10.828618962101533
1317.0,76.04307926936985,517.0054686665203,10.8288550621028
1318.0,74.7786251185061,516.9839231273938,10.829091131425482
1319.0,75.49025348113707,516.9627358502771,10.829327170047552
1320.0,75.05868546754434,516.941346945124,10.82956317794699
1321.0,76.11450330916084,516.920080317575,10.829799155101785
1322.0,74.27587984711914,516.8985145416373,10.830035101489917
1323.0,76.18702814271,516.8774697090139,10.830271017089375
1324.0,74.9049321786435,516.8558833843736,10.830506901878154
1325.0,77.20389964822013,516.8346603202563,10.830742755834248
1326.0,76.655640256,516.8127858820226,10.830978578935651
1327.0,75.35349804890322,516.7910667839501,10.831214371160367
1328.0,73.93609763508529,516.7697166261695,10.831450132486395
1329.0,75.0491732912938,516.748768065173,10.831685862891746
1330.0,73.95109212810972,516.7275041327404,10.83192156235443
1331.0,75.7778978294834,516.7065513233041,10.83215723085245
1332.0,74.75999316610839,516.6850809189191,10.832392868363828
1333.0,75.34329927809566,516.6638989208553,10.832628474866578
1334.0,74.87024487269898,516.6425516527265,10.832864050338724
1335.0,74.5811632250067,516.6213384166792,10.833099594758288
1336.0,76.41755515314524,516.6002070870989,10.833335108103297
1337.0,75.17646368879124,516.5785554464721,10.833570590351776
1338.0,74.18689538317209,516.557255448427,10.833806041481763
1339.0,75.37798948140983,516.5362358280684,10.834041461471287
1340.0,73.73927646894124,516.5148787310486,10.834276850298393
1341.0,74.64949888951001,516.4939859360492,10.834512207941117
1342.0,73.70768318842617,516.4728352446971,10.8347475343775
1343.0,74.73774174737882,516.451951401127,10.834982829585597
1344.0,73.43496027382598,516.4307757076319,10.835218093543448
1345.0,73.23591602857583,516.4099691355543,10.83545332622911
1346.0,75.39687417812412,516.3892189593463,10.835688527620643
1347.0,75.77695634516648,516.3678565116625,10.835923697696098
1348.0,75.45478882679437,516.3463863740313,10.83615883643354
1349.0,74.8084109861909,516.325007517197,10.83639394381103
1350.0,75.48697818057954,516.303811800751,10.836629019806638
1351.0,76.62875170570942,516.2824238235999,10.836864064398434
1352.0,74.25182987528859,516.2607123439499,10.83709907756449
1353.0,74.23629357572192,516.2396743254852,10.83733405928288
1354.0,75.56096031995189,516.2186407089721,10.837569009531686
1355.0,73.9479956411869,516.1972317702148,10.837803928288988
1356.0,74.9085259298603,516.1762798381164,10.83803881553287
1357.0,74.39867646230219,516.1550557557696,10.83827367124142
1358.0,74.77298661311735,516.133976130772,10.838508495392734
1359.0,75.9696113580999,516.1127904512316,10.838743287964896
1360.0,76.0831224210781,516.0912657280135,10.838978048936006
1361.0,76.0990266365953,516.0697088433276,10.839212778284168
1362.0,75.09920554974431,516.0481474524472,10.83944747598748
1363.0,75.23324083317507,516.0268693442081,10.839682142024046
1364.0,75.8379593826007,516.0055532593053,10.839916776371975
1365.0,75.51226468718853,515.9840658374803,10.840151379009383
1366.0,75.04822872523599,515.9626706958188,10.840385949914378
1367.0,73.26951610889037,515.9414070310133,10.84062048906508
1368.0,75.13503027389048,515.9206473347825,10.840854996439608
1369.0,74.90560158472228,515.899359076205,10.841089472016085
1370.0,74.06829330841362,515.8781358224226,10.84132391577264
1371.0,74.75051398222263,515.8571498059853,10.841558327687398
1372.0,73.86593057612525,515.8359704936903,10.841792707738492
1373.0,75.5286981610944,515.8150418133603,10.842027055904058
1374.0,75.10672565275584,515.7936420155481,10.842261372162234
1375.0,72.83566813000017,515.772361776613,10.842495656491158
1376.0,75.80635678283204,515.7517250039763,10.842729908868977
1377.0,75.50959861743617,515.7302465362211,10.842964129273836
1378.0,75.28900054024524,515.7088521499462,10.843198317683889
1379.0,73.53700004581323,515.6875202664598,10.843432474077282
1380.0,74.33062021637265,515.6666847831134,10.843666598432174
1381.0,74.63771906298683,515.6456244407188,10.843900690726725
1382.0,75.81718287367163,515.6244770869844,10.844134750939094
1383.0,74.74898782146477,515.6029955518368,10.84436877904745
1384.0,75.40803674430605,515.581816671954,10.844602775029955
1385.0,75.39204181174156,515.5604510615432,10.844836738864785
1386.0,75.07385102759702,515.5390899830298,10.84507067053011
1387.0,75.37891302579841,515.5178190585721,10.845304570004108
1388.0,74.22009756199411,515.4964616998814,10.845538437264961
1389.0,74.8549403770181,515.4754326722388,10.845772272290848
1390.0,75.45692477321732,515.4542237724653,10.846006075059957
1391.0,74.30246574800776,515.4328443104462,10.846239845550476
1392.0,74.60017910385083,515.411791945151,10.846473583740597
1393.0,75.93078994832125,515.3906552277382,10.846707289608515
1394.0,75.32314452137393,515.3691415039195,10.846940963132425
1395.0,75.95567027169972,515.347799946305,10.847174604290535
1396.0,75.01554490990492,515.3262791730615,10.84740821306104
1397.0,74.83944567056855,515.3050247686704,10.847641789422154
1398.0,74.86907516047603,515.2838202590638,10.847875333352082
1399.0,75.1188366476902,515.262607354435,10.848108844829039
1400.0,75.24091759203837,515.2413236840514,10.84834232383124
1401.0,75.68592153005885,515.220005424067,10.848575770336906
1402.0,75.0224418399181,515.1985610796335,10.848809184324256
1403.0,73.9325077526725,515.1773047211121,10.84904256577152
1404.0,75.6126419619743,515.1563571772489,10.84927591465692
1405.0,75.04724463339052,515.1349335953596,10.84950923095869
1406.0,73.92365608440826,515.1136702093802,10.849742514655066
1407.0,75.4711847269837,515.0927251734896,10.849975765724281
1408.0,75.07854975916297,515.0713416711503,10.850208984144578
1409.0,75.93097986613643,515.0500694153852,10.850442169894198
1410.0,75.316290505113,515.0285556377564,10.850675322951393
1411.0,75.11565132014077,515.0072160221133,10.850908443294406
1412.0,73.9433871919333,514.9859332542393,10.85114153090149
1413.0,74.22347947208006,514.9649826278683,10.851374585750905
1414.0,75.31849355746616,514.9439526420178,10.851607607820904
1415.0,74.38269156413126,514.9226124021766,10.851840597089755
1416.0,73.30136197134196,514.9015373062334,10.852073553535716
1417.0,75.3395440153994,514.8807685870081,10.852306477137056
1418.0,74.24812903746054,514.8594223828704,10.852539367872051
1419.0,74.50230255486531,514.8383854129765,10.85277222571897
1420.0,75.77987334390336,514.8172764272526,10.853005050656092
1421.0,74.98891096979928,514.7958054631385,10.853237842661693
1422.0,74.99911474501194,514.7745586050304,10.853470601714063
1423.0,75.13645745211325,514.7533088558527,10.853703327791484
1424.0,75.9683832410173,514.7320201929078,10.853936020872244
1425.0,74.42218310298922,514.7104958176562,10.854168680934638
1426.0,75.05937560734826,514.6894095324437,10.854401307956959
1427.0,74.7238231082283,514.6681427093549,10.854633901917508
1428.0,75.06909961280309,514.6469709594743,10.854866462794584
1429.0,74.43943812351503,514.6257013812508,10.855098990566493
1430.0,75.31612801434515,514.6046102071157,10.85533148521154
1431.0,75.118336386408,514.5832706375116,10.855563946708042
1432.0,74.71192423840469,514.5619871088688,10.855796375034307
1433.0,76.05841552040302,514.5408187303346,10.856028770168653
1434.0,74.10860538658466,514.5192688459372,10.856261132089404
1435.0,76.06608963088601,514.4982714077443,10.856493460774878
1436.0,74.85658008054922,514.4767193490156,10.856725756203405
1437.0,75.59754928553433,514.4555099846593,10.856958018353314
1438.0,75.77833917695226,514.4340906790285,10.857190247202935
1439.0,74.59535820215181,514.4126201495951,10.857422442730604
1440.0,75.73132605339322,514.3914847981044,10.85765460491466
1441.0,75.31235745761676,514.370027589056,10.85788673373345
1442.0,74.6769284540548,514.3486890877764,10.858118829165308
1443.0,75.20057276375373,514.3275306247143,10.858350891188593
1444.0,74.83678115689965,514.3062237957646,10.85858291978165
1445.0,75.53413354958623,514.2850200411035,10.858814914922837
1446.0,74.96164912303236,514.2636187032645,10.859046876590508
1447.0,74.49208973586386,514.2423795693462,10.859278804763024
1448.0,73.17365566579257,514.2212734772544,10.859510699418749
1449.0,77.13351704974596,514.2005409414824,10.859742560536052
1450.0,76.30535397622475,514.178686444985,10.859974388093297
1451.0,75.23525142965502,514.1570665946917,10.860206182068865
1452.0,75.61622052635454,514.1357499401199,10.860437942441127
1453.0,76.23500530499881,514.1143253443042,10.860669669188463
1454.0,74.2417110196645,514.0927254261344,10.860901362289255
1455.0,75.68349706104506,514.0716902746789,10.861133021721892
1456.0,74.05106380211063,514.0502466171782,10.86136464746476
1457.0,75.68328460597182,514.0292654824343,10.86159623949625
1458.0,73.20753773273329,514.0078218851293,10.861827797794758
1459.0,74.31469627852034,513.9870797494384,10.862059322338682
1460.0,73.98108529071546,513.9660239188261,10.862290813106423
1461.0,75.13314744924223,513.9450626113271,10.862522270076388
1462.0,74.02640387089058,513.9237748862164,10.86275369322698
1463.0,74.8135691035182,513.9028007384529,10.862985082536614
1464.0,74.42136786785925,513.8816035605403,10.8632164379837
1465.0,75.72805470112297,513.8605175063111,10.86344775954666
1466.0,76.94646483229312,513.8390612241458,10.86367904720391
1467.0,75.71667228520667,513.8172597257767,10.863910300933874
1468.0,75.53590988817588,513.7958066686292,10.864141520714979
1469.0,75.93843162484092,513.7744048274942,10.864372706525657
1470.0,75.52146620060891,513.7528889385338,10.864603858344337
1471.0,75.08438433727014,513.731491189777,10.86483497614946
1472.0,75.05144868540825,513.7102172808815,10.86506605991946
1473.0,74.15822186260864,513.6889527037539,10.865297109632781
1474.0,74.00023587214473,513.6679412075595,10.86552812526787
1475.0,74.74181403079182,513.6469744740624,10.865759106803175
1476.0,74.24878378458739,513.6257976267536,10.865990054217148
1477.0,75.23134340350275,513.6047604713481,10.866220967488244
1478.0,75.29676648382562,513.5834449240504,10.866451846594922
1479.0,74.47004835586476,513.5621108402133,10.866682691515642
1480.0,74.8459771527998,513.541010993179,10.86691350222887
1481.0,75.26352706077462,513.5198046329858,10.867144278713074
1482.0,74.44887206851024,513.4984799669853,10.867375020946723
1483.0,74.78480367555674,513.4773861198992,10.867605728908293
1484.0,73.60953243470725,513.4561970921911,10.867836402576263
1485.0,75.44682498826388,513.4353410580013,10.868067041929109
1486.0,74.09208336107378,513.413964457588,10.868297646945319
1487.0,75.86553698962636,513.3929717006356,10.868528217603382
1488.0,75.07606665012683,513.3714764651552,10.86875875388178
1489.0,74.94300243277532,513.3502049129377,10.868989255759015
1490.0,74.9461329618815,513.3289710622485,10.86921972321358
1491.0,74.24564541121086,513.3077363245759,10.869450156223976
1492.0,76.05024868716187,513.286700058376,10.869680554768703
1493.0,75.39985559664997,513.2651524879147,10.86991091882627
1494.0,75.27980042818199,513.2437891954957,10.870141248375187
1495.0,74.8716706364496,513.2224599187077,10.870371543393967
1496.0,72.51026511697951,513.201246278694,10.870601803861122
1497.0,75.71689174885677,513.1807017035775,10.870832029755176
1498.0,76.39814436795909,513.1592485842486,10.87106222105465
1499.0,75.42565421167167,513.1376024433445,10.871292377738069
1500.0,75.86479723047638,513.1162318413178,10.87152249978396
1501.0,76.51999142268667,513.0947368154358,10.871752587170862
1502.0,73.81949646213715,513.0730561511994,10.8719826398773
1503.0,74.76991463492017,513.0521406272018,10.872212657881821
1504.0,76.17435095403475,513.0309558180552,10.872442641162964
1505.0,75.12210835023791,513.0093730852849,10.872672589699274
1506.0,74.46077625534478,512.988088487919,10.8729025034693
1507.0,73.77159061548686,512.96699126798,10.873132382451592
1508.0,75.6671429278456,512.9460893173057,10.873362226624707
1509.0,74.93410955197676,512.9246502934761,10.873592035967201
1510.0,76.24933154126101,512.9034189624363,10.873821810457637
1511.0,76.00742289143597,512.8818149851663,10.87405155007458
1512.0,75.43505161744098,512.8602795486804,10.874281254796593
1513.0,75.50600720765318,512.8389062840554,10.874510924602253
1514.0,75.59473789885497,512.8175129153466,10.87474055947013
1515.0,75.04279310721823,512.7960944062752,10.874970159378805
1516.0,74.63272586231517,512.7748322815615,10.875199724306857
1517.0,74.19025228281868,512.7536863425673,10.87542925423287
1518.0,75.18060135760749,512.7326657710871,10.87565874913543
1519.0,75.74793144435753,512.7113646007024,10.875888208993134
1520.0,75.4695696819741,512.6899026867932,10.876117633784567
1521.0,75.41831060076491,512.66851964205,10.876347023488332
1522.0,73.19601920684752,512.6471511207131,10.876576378083026
1523.0,74.72472477995221,512.6264122486045,10.876805697547258
1524.0,74.04825279097582,512.6052402432501,10.87703498185963
1525.0,74.44136581183827,512.5842599049594,10.877264230998755
1526.0,73.83010839378016,512.563168184646,10.877493444943243
1527.0,74.46868188380019,512.5422496539345,10.877722623671715
1528.0,73.41776511612403,512.5211501940674,10.877951767162788
1529.0,75.72182996560362,512.5003484939512,10.878180875395087
1530.0,74.9219803664487,512.478893975461,10.87840994834724
1531.0,74.21839035792077,512.4576660810237,10.878638985997874
1532.0,74.74799186227125,512.436637537089,10.878867988325625
1533.0,74.59810301532612,512.4154589393947,10.879096955309128
1534.0,75.27161363505618,512.3943228102071,10.879325886927022
1535.0,74.49310545511483,512.3729958530105,10.879554783157953
1536.0,74.02515680218694,512.3518894731315,10.879783643980566
1537.0,74.56945928184393,512.3309156787042,10.880012469373511
1538.0,74.60792080940614,512.309787665241,10.88024125931544
1539.0,75.58560325532389,512.288648754345,10.880470013785011
1540.0,74.35244182374254,512.2672328334227,10.880698732760882
1541.0,75.4380436456313,512.2461663082393,10.880927416221716
1542.0,74.60860002660678,512.2247921958731,10.881156064146182
1543.0,76.29013506601692,512.2036530925321,10.881384676512946
1544.0,73.90293461522201,512.1820375542634,10.881613253300685
1545.0,75.8427422429564,512.1610983894558,10.881841794488073
1546.0,75.07306723848474,512.139609612487,10.882070300053787
1547.0,75.63773229269401,512.1183389101027,10.882298769976515
1548.0,75.00860598981511,512.0969082192864,10.88252720423494
1549.0,76.09476885169427,512.0756557809227,10.882755602807753
1550.0,74.1120225259941,512.0540955964148,10.882983965673647
1551.0,75.1051958324689,512.0330971900323,10.883212292811317
1552.0,76.24364492925685,512.0118173845465,10.883440584199464
1553.0,74.81805011746566,511.9902150184832,10.883668839816787
1554.0,74.58840662292901,511.9690165709499,10.883897059641997
1555.0,73.64538554052533,511.94788318907337,10.884125243653804
1556.0,74.70006793337997,511.9270169965036,10.884353391830917
1557.0,73.88546957646288,511.9058519772558,10.884581504152054
1558.0,75.25887892804109,511.88491776087574,10.884809580595936
1559.0,75.37803623115161,511.8635944118462,10.885037621141285
1560.0,74.12083390000852,511.8422373015807,10.885265625766824
1561.0,75.13213184467271,511.8212363986423,10.885493594451289
1562.0,74.48828677566603,511.79994896128636,10.885721527173407
1563.0,74.99715665243316,511.7788439466999,10.885949423911919
1564.0,76.13660803194531,511.757594752315,10.88617728464556
1565.0,75.34982164253728,511.7360227133727,10.886405109353078
1566.0,75.64550660647775,511.7146735972406,10.886632898013218
1567.0,75.04675104246178,511.6932407037021,10.886860650604728
1568.0,74.84957637892296,511.6719774575734,10.887088367106363
1569.0,75.34073504060503,511.6507700775994,10.887316047496876
1570.0,75.48690270784293,511.62942353600454,10.887543691755031
1571.0,73.94649784775659,511.60803558023736,10.887771299859592
1572.0,74.66904566481453,511.5870840725138,10.887998871789323
1573.0,76.03545242193965,511.56592784290876,10.888226407522994
1574.0,75.42037605897589,511.54438446472255,10.888453907039379
1575.0,75.73155645646098,511.52301535817253,10.888681370317254
1576.0,74.43414927577894,511.5015580838432,10.8889087973354
1577.0,74.46679467031524,511.480468408215,10.889136188072602
1578.0,75.38985573690634,511.4593694830585,10.889363542507645
1579.0,75.65840183325197,511.43800902393303,10.889590860619318
1580.0,76.04014160402312,511.4165724767469,10.889818142386419
1581.0,75.32793274923006,511.3950277699591,10.89004538778774
1582.0,74.8628260115973,511.37368485568015,10.890272596802086
1583.0,74.82963078410064,511.35247372164355,10.890499769408258
1584.0,74.65471032956623,511.33127199292136,10.890726905585066
1585.0,74.48800102935797,511.3101198249947,10.890954005311317
1586.0,75.62869765900484,511.2890148913697,10.891181068565828
1587.0,73.5740470527328,511.2675867603663,10.891408095327414
1588.0,76.17854897572512,511.24674078036804,10.891635085574897
1589.0,74.9622708478228,511.2251568581582,10.891862039287101
1590.0,75.31665253041832,511.2039175480847,10.892088956442857
1591.0,74.93228574946382,511.18257782986774,10.892315837020993
1592.0,74.1830437224233,511.161347015572,10.892542681000343
1593.0,73.84408820783442,511.1403284865174,10.892769488359745
1594.0,75.96583536857246,511.1194059948585,10.892996259078043
1595.0,74.54455135099728,511.09788234150403,10.893222993134078
1596.0,76.11750120605512,511.0767613852879,10.893449690506703
1597.0,74.20318458296586,511.05519475994623,10.893676351174763
1598.0,74.61281888056381,511.0341705243144,10.893902975117118
1599.0,74.38414414866646,511.01303022563155,10.894129562312628
1600.0,75.11895231181337,510.99195471812277,10.89435611274015
1601.0,75.4490578301423,510.97067101496776,10.894582626378549
1602.0,74.9257536591077,510.94929378191586,10.8948091032067
1603.0,76.09557698531425,510.92806481837914,10.895035543203468
1604.0,75.35410397406825,510.9065044048999,10.895261946347736
1605.0,75.78170785118715,510.8851540754406,10.895488312618376
1606.0,75.02685789796722,510.8636825915495,10.895714641994275
1607.0,74.44750537351517,510.84242498181175,10.895940934454318
1608.0,75.69248074907257,510.82133152195587,10.896167189977392
1609.0,75.4350282241981,510.79988531907696,10.896393408542393
1610.0,73.98505578827321,510.7785120610801,10.896619590128214
1611.0,74.67930926838366,510.75754962860674,10.896845734713757
1612.0,74.01584640017558,510.73639049098074,10.897071842277928
1613.0,74.81709425972647,510.71541933450067,10.89729791279963
1614.0,75.76376549788708,510.6942211577937,10.897523946257772
1615.0,75.31929899935565,510.67275475756935,10.897749942631268
1616.0,75.32532714428518,510.65141428951955,10.897975901899038
1617.0,74.71663869069049,510.6300721134953,10.89820182404
1618.0,75.45118066181765,510.6089023991996,10.89842770903308
1619.0,74.99090835097385,510.5875245646788,10.898653556857202
1620.0,74.30773258067526,510.566277140646,10.8988793674913
1621.0,75.00337363477443,510.5452232830815,10.899105140914305
1622.0,74.74618188937251,510.5239723272183,10.89933087710516
1623.0,74.5652741207463,510.50279424234964,10.899556576042801
1624.0,75.23777557849903,510.4816674146821,10.899782237706177
1625.0,75.66143837199233,510.4603500449349,10.900007862074231
1626.0,75.18863671139546,510.43891263739613,10.90023344912592
1627.0,75.23145496737598,510.41760919032794,10.900458998840199
1628.0,76.02870954079343,510.3962936114205,10.900684511196022
1629.0,74.5008358942299,510.3747521437172,10.900909986172355
1630.0,75.4092470124538,510.35364357354723,10.901135423748162
1631.0,76.1121927233228,510.33227762022705,10.901360823902415
1632.0,74.27399592107254,510.3107124989554,10.90158618661408
1633.0,75.38608076541675,510.2896682001111,10.90181151186214
1634.0,75.47577422159362,510.2683088105609,10.902036799625574
1635.0,75.50438732587808,510.2469240078648,10.902262049883362
1636.0,74.61654993829248,510.2255310981225,10.902487262614489
1637.0,74.71936552109779,510.2043897423066,10.902712437797952
1638.0,74.38359929998872,510.18321925540897,10.902937575412736
1639.0,75.29462059463613,510.162143902274,10.903162675437846
1640.0,73.39358794838515,510.14081042643886,10.903387737852277
1641.0,75.1045122214881,510.12001557652013,10.903612762635039
1642.0,76.02211764853483,510.098735964724,10.903837749765133
1643.0,74.49360257164004,510.0771963647236,10.904062699221575
1644.0,74.3066094161483,510.056089843995,10.904287610983376
1645.0,74.40962934066559,510.0350363046604,10.904512485029557
1646.0,76.12968199609675,510.0139535763472,10.90473732133914
1647.0,74.1129988036156,509.9923834997817,10.904962119891147
1648.0,74.84297999985185,509.9713848167873,10.905186880664608
1649.0,75.3737016603542,509.9501793057873,10.905411603638559
1650.0,73.54405502626433,509.9288234236503,10.905636288792032
1651.0,75.24427627038884,509.90798594139284,10.905860936104066
1652.0,75.36197009444494,509.88666672978286,10.906085545553706
1653.0,75.06425513076253,509.86531417158943,10.906310117119997
1654.0,74.80740392150621,509.84404596596903,10.906534650781987
1655.0,75.01963813437153,509.82285053485793,10.906759146518736
1656.0,75.33759574575588,509.80159497071986,10.906983604309294
1657.0,75.0633529552018,509.7802493185919,10.907208024132727
1658.0,74.27116435858072,509.75898136858797,10.907432405968093
1659.0,74.91639908337726,509.7379378720197,10.907656749794466
1660.0,75.53245177385298,509.71671155894603,10.907881055590911
1661.0,75.3510328762456,509.6953106976102,10.908105323336507
1662.0,74.81953027689441,509.6739612382952,10.908329553010333
1663.0,75.8122405912366,509.6527623713834,10.908553744591465
1664.0,75.44419765043567,509.6312822365492,10.908777898058998
1665.0,73.19507238070776,509.6099063805483,10.909002013392012
1666.0,73.88609997717653,509.58916777670703,10.909226090569604
1667.0,75.48435477036563,509.5682333817135,10.909450129570866
1668.0,75.88232091968963,509.5468461478619,10.909674130374905
1669.0,75.10480045347695,509.5253461569347,10.909898092960816
1670.0,75.82485347390833,509.5040664634729,10.91012201730771
1671.0,74.42777724707305,509.4825827549886,10.910345903394697
1672.0,75.7571775726805,509.46149488476857,10.910569751200892
1673.0,74.85964392288696,509.440030351123,10.910793560705407
1674.0,74.69684421516676,509.41882011867824,10.911017331887372
1675.0,74.92658311212709,509.39765601281727,10.911241064725903
1676.0,75.71254848043964,509.37642681426877,10.911464759200134
1677.0,74.6299521788082,509.35497492553264,10.911688415289193
1678.0,76.50759833528954,509.3338297724153,10.911912032972216
1679.0,75.28552953240585,509.3121526195537,10.912135612228344
1680.0,75.35447134464233,509.2908217195195,10.912359153036718
1681.0,74.22756026114962,509.2694712859718,10.912582655376486
1682.0,74.97619985074653,509.2484401438979,10.912806119226792
1683.0,75.049419994823,509.22719688727346,10.913029544566795
1684.0,75.26263268033767,509.2059328849416,10.913252931375652
1685.0,74.92707533801938,509.1846084723488,10.91347627963252
1686.0,74.28329827044395,509.16337913433637,10.913699589316565
1687.0,74.50447274125145,509.1423321998264,10.913922860406954
1688.0,75.16622507359408,509.1212225992164,10.91414609288286
1689.0,75.72003072272729,509.0999255021122,10.914369286723455
1690.0,75.13209049542397,509.07847149340745,10.914592441907917
1691.0,76.19575956314367,509.0571840677671,10.91481555841543
1692.0,75.2205413054244,509.0355952692242,10.915038636225184
1693.0,74.86886019020405,509.01428278252104,10.91526167531636
1694.0,75.256731219124,508.99306993880043,10.915484675668154
1695.0,75.3688805311104,508.97174719828837,10.915707637259764
1696.0,75.37217224447333,508.9503926821379,10.91593056007039
1697.0,76.00495698970965,508.9290372333353,10.916153444079233
1698.0,74.87039242696396,508.9075024955215,10.916376289265505
1699.0,73.81666388361968,508.88628921766724,10.916599095608413
1700.0,75.93310253993795,508.86537449623347,10.916821863087176
1701.0,75.59314783727078,508.84386011718055,10.917044591681005
1702.0,74.64454474782737,508.8224420586267,10.917267281369128
1703.0,73.97169109276703,508.80129277094807,10.917489932130767
1704.0,76.19153986038162,508.7803341251385,10.917712543945155
1705.0,76.1298123195202,508.75874652217806,10.91793511679152
1706.0,74.23522970221374,508.7371764086875,10.918157650649103
1707.0,75.74512110721194,508.71614309360524,10.91838014549714
1708.0,74.42793874904342,508.69468197595813,10.918602601314877
1709.0,75.63021404077388,508.6735940599793,10.918825018081561
1710.0,74.04680354676077,508.6521654993344,10.919047395776444
1711.0,75.10051203954758,508.6311855716628,10.919269734378776
1712.0,73.10085994170933,508.6099070932516,10.91949203386782
1713.0,75.44546489704726,508.58919518293476,10.919714294222837
1714.0,74.41368487839947,508.5678189678806,10.91993651542309
1715.0,75.81376920885418,508.5467350904984,10.920158697447851
1716.0,75.70096131780063,508.5252545225559,10.920380840276394
1717.0,74.66854454715403,508.50380591684916,10.920602943887992
1718.0,75.2509689941813,508.48264982922746,10.920825008261927
1719.0,73.33750558246486,508.4613287213458,10.921047033377482
1720.0,74.78548628105032,508.44054976143076,10.921269019213945
1721.0,73.3652767353221,508.4193605403178,10.921490965750605
1722.0,74.48167060016758,508.3985737119095,10.921712872966761
1723.0,74.51128783530389,508.3774705719061,10.92193474084171
1724.0,72.96840526911897,508.35635904035274,10.922156569354751
1725.0,75.36743396853834,508.33568465885986,10.922378358485194
1726.0,75.55777140850007,508.3143305525687,10.922600108212349
1727.0,75.61343932352695,508.2929225173363,10.922821818515525
1728.0,74.81046394046328,508.27149870952803,10.92304348937404
1729.0,75.65610830533018,508.25030241141155,10.923265120767214
1730.0,73.93197607463058,508.2288665140584,10.923486712674375
1731.0,75.48221633753043,508.2079191208372,10.923708265074849
1732.0,74.80675414830877,508.1865324928749,10.923929777947965
1733.0,75.58856896091723,508.1653372458662,10.924151251273063
1734.0,75.09746888548324,508.1439204846606,10.924372685029477
1735.0,74.70054654942317,508.1226428684764,10.92459407919655
1736.0,75.72519580940111,508.10147771362074,10.924815433753633
1737.0,74.67821256739128,508.08002224147475,10.925036748680073
1738.0,74.92002625740062,508.0588634145807,10.925258023955225
1739.0,74.30711596696094,508.0376360738077,10.925479259558443
1740.0,74.25712241552326,508.0165823909504,10.925700455469093
1741.0,73.32502270506724,507.9955428729327,10.925921611666535
1742.0,73.31526445555744,507.97476744983294,10.926142728130142
1743.0,74.44245709269411,507.9539947915705,10.926363804839283
1744.0,75.84636386695216,507.9329027620609,10.926584841773336
1745.0,75.47967508403782,507.9114129589653,10.92680583891168
1746.0,75.39470243515176,507.89002705102473,10.927026796233697
1747.0,74.31920214036525,507.8686652186681,10.927247713718778
1748.0,75.41260860628879,507.84760811139506,10.927468591346308
1749.0,74.33484877699925,507.82624120562326,10.927689429095686
1750.0,75.61505868431159,507.80517966513645,10.927910226946308
1751.0,74.27880815283996,507.78375539850924,10.928130984877578
1752.0,75.19158169577148,507.76270973619927,10.928351702868898
1753.0,75.76983677500914,507.7414054547188,10.928572380899682
1754.0,75.10690608536005,507.7199373342992,10.928793018949342
1755.0,75.89622190820643,507.69865704424166,10.929013616997294
1756.0,76.19208212529662,507.677153114701,10.929234175022957
1757.0,74.71493864026294,507.6555653580989,10.929454693005757
1758.0,74.17527110753474,507.63439612548416,10.929675170925123
1759.0,75.00660887361103,507.6133797986703,10.929895608760486
1760.0,75.0130649397635,507.59212792615614,10.93011600649128
1761.0,74.55911771834002,507.5708742244232,10.930336364096947
1762.0,75.12762164663303,507.54974914106964,10.93055668155693
1763.0,75.939204908156,507.52846298160307,10.93077695885067
1764.0,75.52855174419275,507.5069468735458,10.930997195957627
1765.0,74.73441922271532,507.48554711721823,10.931217392857247
1766.0,74.67926147497198,507.4643723651052,10.931437549528994
1767.0,75.52617271086594,507.4432132410206,10.931657665952326
1768.0,76.57034056956711,507.4218141587525,10.931877742106709
1769.0,74.44071721301647,507.4001192289245,10.932097777971613
1770.0,73.57159932603524,507.37902769238076,10.932317773526512
1771.0,75.12769020815486,507.35818240590504,10.932537728750882
1772.0,75.9358915600353,507.33689622701274,10.932757643624202
1773.0,76.31507880717686,507.31538105773745,10.93297751812596
1774.0,74.68279229347489,507.29375845207534,10.933197352235638
1775.0,74.51267996295547,507.2725983275922,10.933417145932737
1776.0,74.85956328533385,507.25148640160273,10.933636899196745
1777.0,74.81759428589554,507.2302761920052,10.933856612007162
1778.0,75.44166986987565,507.2090778736242,10.934076284343496
1779.0,75.05638564661173,507.18770273382773,10.934295916185249
1780.0,76.05255721949277,507.16643675789453,10.934515507511936
1781.0,75.68228881245518,507.144888533349,10.934735058303065
1782.0,74.41534752341629,507.12344521818545,10.934954568538163
1783.0,74.66593014166519,507.1023608697205,10.935174038196745
1784.0,74.78710337435515,507.08120552284703,10.935393467258342
1785.0,75.02603535914487,507.0600158435576,10.93561285570248
1786.0,74.76920774445426,507.03875846687254,10.935832203508694
1787.0,73.8089344022209,507.0175738580116,10.93605151065652
1788.0,73.40994673801254,506.9966613265977,10.9362707771255
1789.0,75.7036722007015,506.9758618416885,10.936490002895178
1790.0,74.82082246773936,506.95441246789835,10.936709187945105
1791.0,74.66386904723008,506.93321323486583,10.936928332254833
1792.0,74.78096153412598,506.9120584719691,10.937147435803913
1793.0,75.77110762663239,506.8908705328677,10.937366498571913
1794.0,74.8087768936603,506.8694020523736,10.937585520538391
1795.0,74.43103796463929,506.8482062322537,10.937804501682919
1796.0,75.94737577884396,506.8271174381637,10.938023441985063
1797.0,75.31340480427376,506.80559901502636,10.938242341424402
1798.0,75.27981819588737,506.7842602169985,10.938461199980516
1799.0,74.9238470465333,506.7629309351763,10.938680017632986
1800.0,75.75923043905298,506.7417025118465,10.938898794361396
1801.0,75.34424951782827,506.7202373965554,10.939117530145342
1802.0,74.42693079620318,506.69888985919204,10.939336224964416
1803.0,75.01770216448159,506.67780222879975,10.939554878798216
1804.0,75.79861064138383,506.6565472131865,10.939773491626342
1805.0,75.58510503205379,506.63507094017143,10.939992063428402
1806.0,74.87336956241175,506.6136551604124,10.940210594184009
1807.0,74.51971845932675,506.5924410390364,10.94042908387277
1808.0,76.4610268749056,506.5713271188062,10.940647532474305
1809.0,75.2339757404606,506.54966316119163,10.940865939968235
1810.0,74.79037525059691,506.52834686806517,10.941084306334186
1811.0,75.57065824271965,506.50715626174417,10.941302631551787
1812.0,75.44720557058305,506.48574457524205,10.941520915600668
1813.0,75.28297990425732,506.46436786699707,10.941739158460466
1814.0,75.0734159149088,506.44303768935754,10.941957360110827
1815.0,74.43021684554154,506.42176688818165,10.942175520531388
1816.0,74.27074940439721,506.4006783267421,10.9423936397018
1817.0,73.43866014931936,506.3796349477442,10.942611717601713
1818.0,75.14041458508757,506.3588273273685,10.942829754210788
1819.0,74.21474071718076,506.33753754323607,10.943047749508677
1820.0,73.00132583689215,506.31651003336617,10.943265703475047
1821.0,75.66981154129208,506.2958263243791,10.94348361608957
1822.0,73.86470221782395,506.2743865444424,10.943701487331909
1823.0,74.2712367286344,506.25345821214734,10.943919317181741
1824.0,75.10422411469393,506.2324146950742,10.94413710561875
1825.0,75.29812030521593,506.2111351649084,10.944354852622617
1826.0,74.39817456542437,506.1898006974886,10.944572558173022
1827.0,75.86625137086622,506.1687212146951,10.944790222249663
1828.0,74.12560690814448,506.1472257768067,10.94500784483223
1829.0,74.72610689659716,506.126223521516,10.945225425900423
1830.0,74.66554151649653,506.10505112456195,10.945442965433944
1831.0,74.3438774215308,506.083895887799,10.9456604634125
1832.0,74.75297796996712,506.0628317891962,10.945877919815798
1833.0,73.42805677603178,506.0416517787714,10.946095334623553
1834.0,75.48772673862892,506.0208471626848,10.946312707815485
1835.0,74.59552367757162,505.99945897344224,10.946530039371313
1836.0,74.00404085138878,505.97832357506695,10.946747329270758
1837.0,75.19799958616834,505.9573557634924,10.946964577493558
1838.0,74.97331059817807,505.9360496636096,10.947181784019444
1839.0,76.1219839669473,505.9148072256068,10.947398948828148
1840.0,74.84320176854992,505.89323933014947,10.947616071899413
1841.0,74.73727548296056,505.8720337563151,10.947833153212985
1842.0,75.5683026675736,505.85085819492826,10.948050192748614
1843.0,73.98053417774987,505.8294471758391,10.948267190486051
1844.0,73.6541231622696,505.80848602448873,10.94848414640505
1845.0,76.89883928853438,505.78761735625943,10.948701060485377
1846.0,74.56070471018012,505.76582935179437,10.948917932706788
1847.0,74.59400301880758,505.7447038187931,10.949134763049061
1848.0,74.46994215576588,505.7235688512711,10.949351551491961
1849.0,75.76384924100938,505.702469034327,10.949568298015267
1850.0,75.54441142046173,505.6810026103754,10.949785002598759
1851.0,75.76275983170173,505.65959836047296,10.950001665222219
1852.0,75.22318720876649,505.63813224518725,10.950218285865436
1853.0,74.55747137448938,505.61681900881143,10.950434864508201
1854.0,75.85376791472505,505.595694391922,10.95065140113031
1855.0,75.83893857201069,505.57420249101284,10.950867895711566
1856.0,75.58554633764243,505.55271479175076,10.951084348231765
1857.0,73.48304435921935,505.5312988869551,10.951300758670719
1858.0,75.84870073680509,505.5104786910533,10.95151712700824
1859.0,76.87059201064953,505.48898822584454,10.95173345322414
1860.0,74.87012707811338,505.4672082247749,10.951949737298241
1861.0,76.0772449021088,505.4459950221027,10.952165979210365
1862.0,76.03109345999361,505.4244398027138,10.95238217894034
1863.0,74.42404014623283,505.4028976595668,10.952598336467993
1864.0,75.19856651784029,505.381810848192,10.952814451773165
1865.0,73.90962066057021,505.36050458767863,10.953030524835688
1866.0,73.97378058529604,505.3395635284915,10.95324655563541
1867.0,74.0337456353223,505.318604290659,10.953462544152176
1868.0,75.75654956229843,505.29762806272896,10.953678490365837
1869.0,76.45024959139656,505.27616370701963,10.953894394256245
1870.0,72.89940071096308,505.2545028029688,10.954110255803265
1871.0,74.15299270709858,505.2338479727673,10.954326074986753
1872.0,75.41803941522771,505.212837958167,10.954541851786574
1873.0,74.52619705969082,505.191469513666,10.954757586182607
1874.0,73.95494621607973,505.1703537578324,10.954973278154718
1875.0,74.87140691401788,505.1493998564045,10.955188927682793
1876.0,75.66947893936972,505.12818629111223,10.955404534746705
1877.0,74.17416818287764,505.10674660541275,10.955620099326346
1878.0,73.907644916428,505.0857305910942,10.955835621401608
1879.0,75.08899236913837,505.06479009170124,10.95605110095238
1880.0,74.82051027038318,505.0435148771967,10.956266537958562
1881.0,74.96798790202948,505.0223157326201,10.95648193240006
1882.0,75.47339974346113,505.00107480271447,10.956697284256773
1883.0,74.82952505691259,504.9796906727871,10.956912593508616
1884.0,75.26281452880484,504.95848897402107,10.957127860135502
1885.0,75.41377081636611,504.93716450990456,10.95734308411735
1886.0,74.37905365648453,504.9157972748399,10.957558265434077
1887.0,75.18070999473852,504.8947232096372,10.957773404065613
1888.0,74.3554268785473,504.87342200847206,10.95798849999189
1889.0,75.35478828866324,504.8523546375231,10.958203553192838
1890.0,74.3626376674113,504.8310041141747,10.958418563648396
1891.0,74.9833032379496,504.8099347001689,10.958633531338506
1892.0,75.90696343279032,504.78868943091817,10.958848456243116
1893.0,76.70304678421367,504.7671824579455,10.95906333834217
1894.0,75.56081391020524,504.7454499280234,10.959278177615628
1895.0,74.3573988123786,504.7240410307488,10.959492974043446
1896.0,75.05667656572011,504.70297310108526,10.959707727605585
1897.0,75.04577453245446,504.681707042725,10.959922438282009
1898.0,74.68033719673095,504.6604440732741,10.960137106052692
1899.0,76.4208793183711,504.6392846444017,10.960351730897605
1900.0,75.28686843023803,504.6176320619282,10.960566312796727
1901.0,75.74834245201772,504.59630078253963,10.960780851730041
1902.0,75.1927261192974,504.5748387521782,10.96099534767753
1903.0,75.88561606889387,504.5535341464444,10.961209800619184
1904.0,74.88643316481473,504.5320332218916,10.961424210534998
1905.0,74.21244689239211,504.5108153991615,10.961638577404972
1906.0,73.48206264557422,504.4897885392087,10.961852901209108
1907.0,75.38488201825136,504.4689686214591,10.962067181927406
1908.0,74.09182527557017,504.4476095715539,10.962281419539881
1909.0,74.38057123506476,504.42661688772586,10.962495614026546
1910.0,75.93163212505635,504.4055423925426,10.962709765367418
1911.0,74.26183894418122,504.38402843010715,10.96292387354252
1912.0,75.93441130435248,504.3629875757396,10.963137938531878
1913.0,74.19016114541967,504.3414728258701,10.963351960315523
1914.0,73.7720596739798,504.32045228021224,10.963565938873487
1915.0,75.46087623680967,504.29955019663794,10.963779874185809
1916.0,75.97630058169727,504.2781696150375,10.96399376623253
1917.0,73.65669695545566,504.2566429965393,10.9642076149937
1918.0,75.71521910819637,504.2357735990686,10.964421420449366
1919.0,75.45824212340031,504.21432095365464,10.964635182579585
1920.0,75.93963053369087,504.1929411183864,10.964848901364409
1921.0,75.25632718296065,504.17142488973514,10.965062576783907
1922.0,75.1167417845669,504.1501022636999,10.965276208818144
1923.0,74.83182707783824,504.128819186861,10.965489797447187
1924.0,73.80675954285208,504.1076168358556,10.965703342651116
1925.0,74.71248451240814,504.0867049206518,10.965916844410005
1926.0,74.37932380034768,504.0655363833733,10.966130302703942
1927.0,74.8421172211508,504.04446224162984,10.966343717513006
1928.0,75.02994149218543,504.0232569750839,10.966557088817293
1929.0,75.34434810745363,504.001998491661,10.966770416596894
1930.0,75.65672221664315,503.980650926364,10.966983700831912
1931.0,75.86848931220989,503.95921485506926,10.967196941502449
1932.0,74.89082989916031,503.9377187830974,10.967410138588612
1933.0,74.95480727791647,503.91649971462607,10.96762329207051
1934.0,74.37812947849781,503.8952625192306,10.967836401928261
1935.0,74.60197785021313,503.87418871587835,10.968049468141981
1936.0,74.54469464420015,503.8530514888208,10.968262490691796
1937.0,74.44401307339463,503.831930492005,10.968475469557829
1938.0,76.02429679920425,503.8108380216342,10.968688404720218
1939.0,72.61712002236864,503.7892978042077,10.968901296159093
1940.0,75.16962973053865,503.7687229535347,10.969114143854599
1941.0,75.56771914331509,503.74742489177777,10.969326947786872
1942.0,74.73627046679933,503.7260140380205,10.969539707936065
1943.0,75.54598611197724,503.7048387613882,10.96975242428233
1944.0,74.4406624657514,503.6834340653231,10.96996509680582
1945.0,74.41595792270695,503.66234254429116,10.970177725486698
1946.0,75.75029520456117,503.64125802287975,10.970390310305126
1947.0,75.99685104824212,503.61979543923843,10.970602851241273
1948.0,74.44091836929836,503.59826299810817,10.970815348275309
1949.0,74.64444109897204,503.57717140457015,10.971027801387415
1950.0,74.60550499497053,503.5560221462588,10.971240210557768
1951.0,74.64611092589561,503.53488391984354,10.971452575766552
1952.0,75.01564500462665,503.5137341884145,10.971664896993959
1953.0,74.92017902131953,503.4924797556632,10.97187717422018
1954.0,74.18993736393928,503.47125237160714,10.972089407425411
1955.0,74.87030083551511,503.4502318893541,10.972301596589853
1956.0,73.45915276456981,503.42901863745067,10.972513741693714
1957.0,74.26081490685422,503.408205210834,10.972725842717198
1958.0,74.2605818161259,503.3871646466104,10.972937899640522
1959.0,75.79919814621603,503.3661241484292,10.973149912443903
1960.0,75.52995958357626,503.3446477089544,10.973361881107559
1961.0,75.02769519987231,503.32324755373907,10.973573805611721
1962.0,75.64129282006826,503.30198970676577,10.973785685936617
1963.0,75.63202353520671,503.28055800713344,10.973997522062481
1964.0,76.10033073344623,503.2591289337984,10.97420931396955
1965.0,75.25194889894951,503.237567173424,10.974421061638065
1966.0,74.50612870015259,503.2162457879026,10.974632765048273
1967.0,74.37343971484016,503.19513571810427,10.974844424180427
1968.0,73.86369310474595,503.17406324351833,10.97505603901478
1969.0,75.05630334128908,503.1531351971386,10.975267609531588
1970.0,75.13064805344607,503.1318692445253,10.975479135711117
1971.0,74.69906179504018,503.1105822275768,10.975690617533633
1972.0,75.55839529857542,503.0894174934016,10.975902054979407
1973.0,74.696533789822,503.0680092814003,10.976113448028714
1974.0,74.9496506526324,503.0468452634932,10.976324796661835
1975.0,74.4739077198926,503.02560952914166,10.976536100859052
1976.0,73.9556118077225,503.004508588621,10.976747360600651
1977.0,75.05597054306467,502.9835544986088,10.976958575866925
1978.0,75.54337792164827,502.96228864028825,10.977169746638172
1979.0,75.82375737067511,502.94088468321047,10.977380872894688
1980.0,74.9352311823129,502.91940128528876,10.977591954616782
1981.0,74.65089810212066,502.89816963645376,10.977802991784758
1982.0,73.98527664320777,502.87701854865816,10.978013984378933
1983.0,75.76332241389548,502.8560560536093,10.97822493237962
1984.0,76.36133470892341,502.8345897789253,10.978435835767142
1985.0,75.52414585550206,502.81295406742447,10.97864669452182
1986.0,75.50685343461693,502.7915555594321,10.978857508623989
1987.0,74.68629653005664,502.77016195095894,10.97906827805398
1988.0,75.56975667338457,502.74900083360876,10.979279002792127
1989.0,74.67056283778642,502.72758940255125,10.979489682818777
1990.0,74.56458690065887,502.7064327430806,10.979700318114274
1991.0,74.77510980671195,502.6853061101254,10.979910908658967
1992.0,74.91406185191232,502.6641198290135,10.980121454433212
1993.0,75.31258732912752,502.6428941781554,10.980331955417364
1994.0,75.20623120045872,502.6215556117455,10.98054241159179
1995.0,74.76778357331844,502.6002471795721,10.980752822936854
1996.0,73.97322622776326,502.5790629742263,10.980963189432925
1997.0,76.18164840435588,502.55810389346175,10.981173511060385
1998.0,73.78619000353366,502.5365190930805,10.981383787799606
1999.0,73.80246065411406,502.5156130059129,10.981594019630974
2000.0,74.72577883945047,502.49470230872754,10.981804206534878
2001.0,75.67091516968122,502.473530004723,10.982014348491711
2002.0,74.677589439064,502.4520899120916,10.982224445481863
2003.0,75.67928703691841,502.4309312617505,10.98243449748574
2004.0,73.29186922365228,502.4094887970901,10.982644504483746
2005.0,75.60670899753805,502.3887227674767,10.982854466456287
2006.0,74.66523819386698,502.36730086659406,10.983064383383775
2007.0,76.32241008118038,502.3461457157725,10.98327425524663
2008.0,75.64075084747058,502.32452103291615,10.983484082025274
2009.0,75.48718980806588,502.3030894868427,10.98369386370013
2010.0,72.98440534813211,502.2817014497304,10.98390360025163
2011.0,74.6951005550355,502.26102253488176,10.984113291660204
2012.0,74.29432058247971,502.23985892305785,10.984322937906294
2013.0,75.3960127351609,502.2188088655595,10.98453253897034
2014.0,75.41404003602224,502.1974466619512,10.98474209483279
2015.0,75.37516618772108,502.17607935060767,10.984951605474093
2016.0,73.31499940238704,502.1547230535211,10.985161070874707
2017.0,76.68709516065037,502.1339504703571,10.985370491015086
2018.0,75.04557040020967,502.11222246006156,10.985579865875696
2019.0,75.93520767154514,502.0909595484482,10.985789195437007
2020.0,74.7292299260645,502.0694445729412,10.98599847967949
2021.0,74.73863206865126,502.0482712911289,10.986207718583616
2022.0,76.68191623647242,502.02709534537604,10.986416912129874
2023.0,76.65461110701307,502.0053688024424,10.986626060298741
2024.0,75.70332903552143,501.98364999596214,10.98683516307071
2025.0,75.19152573765295,501.962200719402,10.987044220426272
2026.0,73.76836308634938,501.94089645377636,10.987253232345925
2027.0,76.26146332808504,501.9199954175686,10.987462198810169
2028.0,75.2355256632995,501.89838800295894,10.987671119799511
2029.0,74.41778707799406,501.8770712706877,10.987879995294461
2030.0,76.28114262051972,501.85598623101555,10.988088825275536
2031.0,74.87833794624011,501.83437324060645,10.988297609723247
2032.0,76.42278247017303,501.8131577115217,10.988506348618124
2033.0,74.73542020418027,501.7915045898217,10.98871504194069
2034.0,75.28621817612891,501.77032955409726,10.988923689671479
2035.0,75.53905027999322,501.74899845894737,10.989132291791023
2036.0,74.21816615577174,501.7275957280347,10.989340848279866
2037.0,75.59254303217408,501.70656724762387,10.989549359118548
2038.0,75.42851247960463,501.6851493604314,10.989757824287619
2039.0,75.67543125130905,501.6637779485622,10.989966243767629
2040.0,74.79355262189955,501.64233657637436,10.990174617539138
2041.0,75.25930015522567,501.62114506979816,10.990382945582706
2042.0,75.8280882613109,501.59982160142084,10.9905912278789
2043.0,75.47570260368539,501.5783369764134,10.990799464408285
2044.0,74.70600987697942,501.55695219400906,10.99100765515144
2045.0,75.11279586518484,501.53578549121056,10.99121580008894
2046.0,75.74530450892003,501.5145035323821,10.991423899201365
2047.0,75.45215031415431,501.49304236277123,10.991631952469307
2048.0,73.6076359837797,501.4716642535156,10.991839959873356
2049.0,74.82723527711748,501.4508087566535,10.992047921394104
2050.0,74.97657452128038,501.4296077066584,10.99225583701215
2051.0,75.26693260757361,501.4083643438773,10.992463706708103
2052.0,75.65131601212074,501.38703871297184,10.992671530462566
2053.0,73.59687580104278,501.36560417343503,10.992879308256153
2054.0,74.87976795535536,501.3447517252915,10.993087040069483
2055.0,74.90570438929065,501.3235357910374,10.993294725883175
2056.0,75.66368821368903,501.3023125081271,10.993502365677848
2057.0,75.65500024789284,501.2808744631332,10.993709959434144
2058.0,74.33725315555667,501.25943887972966,10.993917507132686
2059.0,74.46254282245806,501.23837665800227,10.994125008754118
2060.0,74.9143047469303,501.2172789375359,10.994332464279081
2061.0,75.21503628804881,501.1960532178576,10.994539873688218
2062.0,74.6947526778046,501.1747422909093,10.994747236962187
2063.0,75.10492073235434,501.15357877765064,10.994954554081637
2064.0,73.18911550168613,501.1322990501098,10.995161825027232
2065.0,75.9119418060978,501.1115621340509,10.995369049779633
2066.0,75.14890602949117,501.09005375053925,10.995576228319507
2067.0,75.02804423253988,501.0687615604976,10.99578336062753
2068.0,74.45787525544071,501.04750361463164,10.99599044668438
2069.0,76.17280653828229,501.0264072166426,10.99619748647073
2070.0,75.46635919829679,501.00482492145676,10.996404479967275
2071.0,74.2162640636357,500.98344278635057,10.9966114271547
2072.0,74.72083043165016,500.9624148448659,10.9968183280137
2073.0,73.35891942901583,500.94124394291026,10.997025182524974
2074.0,74.86509088677559,500.92045891573866,10.99723199066922
2075.0,74.34963199206383,500.8992471399874,10.997438752427154
2076.0,75.05160194083298,500.878181410923,10.99764546777948
2077.0,74.44533992399649,500.85691679037313,10.997852136706918
2078.0,73.10238158251077,500.8358239440613,10.998058759190185
2079.0,73.95968511119348,500.81511160261294,10.998265335210005
2080.0,75.63321058749129,500.7941563584981,10.99847186474711
2081.0,74.63414743809743,500.77272694883163,10.998678347782231
2082.0,74.84411409921569,500.7515806070575,10.998884784296104
2083.0,76.14231661544183,500.7303747747294,10.999091174269473
2084.0,74.06804341754379,500.70880111835504,10.999297517683084
2085.0,74.37490656493166,500.6878151727201,10.999503814517688
2086.0,73.96894703158934,500.6667422825266,10.999710064754039
2087.0,74.88978972988077,500.64578441420105,10.999916268372893
2088.0,75.46002852529347,500.6245656404443,11.000122425355018
2089.0,74.64864866684765,500.6031852990287,11.000328535681179
2090.0,73.9542935401188,500.58203484857313,11.00053459933215
2091.0,74.92250432717253,500.5610811320701,11.000740616288708
2092.0,74.52118588718015,500.53985308917737,11.000946586531631
2093.0,74.6991720195611,500.518738753176,11.001152510041704
2094.0,75.35170739991756,500.4975739877705,11.001358386799723
2095.0,74.81128896474797,500.4762243373405,11.001564216786472
2096.0,75.5593913772626,500.4550278054672,11.001769999982757
2097.0,74.32145404398734,500.43361931124366,11.00197573636938
2098.0,74.94518835201518,500.4125615659311,11.002181425927144
2099.0,76.07774106884169,500.3913270958981,11.002387068636864
2100.0,74.76405764240641,500.36977173592857,11.002592664479355
2101.0,75.44599077450587,500.34858858626325,11.002798213435435
2102.0,74.73017313469802,500.32721222221045,11.00300371548593
2103.0,75.1441414480015,500.30603867315557,11.00320917061167
2104.0,73.82639325069127,500.2847478330787,11.003414578793487
2105.0,75.25123693970912,500.263830354991,11.00361994001222
2106.0,76.96580097441318,500.2425091711914,11.00382525424871
2107.0,75.77831511020787,500.22070219424864,11.0040305214838
2108.0,74.146537144591,500.1992316716341,11.004235741698349
2109.0,75.69293944540725,500.1782234861098,11.004440914873205
2110.0,75.5132446831604,500.15677715326694,11.00464604098923
2111.0,75.04114417539566,500.13538173394005,11.00485112002729
2112.0,74.8482652287719,500.1141200764237,11.00505615196825
2113.0,74.78115074639717,500.09291306794216,11.005261136792985
2114.0,75.23232537937851,500.07172507523075,11.00546607448237
2115.0,73.87466298985166,500.05040924970655,11.00567096501729
2116.0,74.27416905926445,500.02947809519276,11.005875808378628
2117.0,75.13678383762691,500.00843374729266,11.006080604547273
2118.0,73.93862824647506,499.987144991872,11.006285353504124
2119.0,74.51960731800477,499.96619571386884,11.006490055230078
2120.0,75.07854955095816,499.94508182512874,11.006694709706037
2121.0,75.21225236946431,499.92380956942264,11.00689931691291
2122.0,74.64558396255323,499.9024994312513,11.007103876831614
2123.0,75.54947490903487,499.8813498491285,11.007308389443061
2124.0,75.77744607971349,499.859944164571,11.007512854728171
2125.0,74.9941118266606,499.83847388818174,11.007717272667872
2126.0,74.52576631158605,499.8172255564975,11.007921643243094
2127.0,73.7562587082544,499.7961099227092,11.00812596643477
2128.0,75.8034769192672,499.77521231607517,11.008330242223842
2129.0,75.72440637641243,499.75373466428147,11.00853447059125
2130.0,75.62401612810967,499.73227941580814,11.008738651517945
2131.0,75.34961300350909,499.71085261123847,11.008942784984873
2132.0,73.96728286989307,499.68950355422083,11.009146870972998
2133.0,75.76417298854689,499.66854615740766,11.009350909463276
2134.0,75.7381519347815,499.64707964172754,11.009554900436678
2135.0,75.43398934891498,499.6256204986794,11.009758843874167
2136.0,75.69030522748982,499.60424753503054,11.009962739756718
2137.0,74.20187998480634,499.5828019485494,11.010166588065315
2138.0,74.13198285858948,499.5617780825537,11.01037038878094
2139.0,75.35011662733159,499.54077402074375,11.010574141884575
2140.0,75.39392681186874,499.5194248210327,11.010777847357218
2141.0,74.7032097714762,499.498063208436,11.010981505179863
2142.0,76.01400051593932,499.4768972990008,11.011185115333513
2143.0,74.48412154710445,499.45535999885465,11.011388677799168
2144.0,73.29479777581382,499.43425616441624,11.011592192557845
2145.0,74.91308330370568,499.4134893050464,11.011795659590556
2146.0,74.95410273105809,499.3922639314437,11.011999078878315
2147.0,75.56123430066742,499.37102693566993,11.01220245040215
2148.0,76.69140493882847,499.34961791928475,11.012405774143089
2149.0,75.24487233960534,499.3278886878854,11.012609050082162
2150.0,76.30709776521168,499.30656930738917,11.012812278200403
2151.0,74.78760740285104,499.2849489630224,11.013015458478861
2152.0,75.91965316581792,499.2637591409249,11.013218590898575
2153.0,75.45151419623475,499.24224857252796,11.013421675440597
2154.0,74.57717927931238,499.22087064350563,11.013624712085981
2155.0,75.968202656118,499.19974044270987,11.013827700815787
2156.0,75.59012209105032,499.17821611862394,11.014030641611074
2157.0,76.1298722959024,499.15679891736477,11.014233534452917
2158.0,74.06316307485832,499.13522878688093,11.014436379322381
2159.0,75.02125039232585,499.1142442240098,11.014639176200552
2160.0,75.24057203150267,499.09298820306526,11.014841925068499
2161.0,74.25915482429623,499.0716700409897,11.015044625907318
2162.0,75.13948391557967,499.0506299471228,11.015247278698096
2163.0,73.50131249977028,499.02934042668005,11.015449883421926
2164.0,74.89665083102258,499.0085150548051,11.015652440059908
2165.0,76.94106571784869,498.9872943370696,11.015854948593148
2166.0,75.25675658966586,498.96549436844964,11.016057409002752
2167.0,75.6797065823737,498.94417162074916,11.01625982126983
2168.0,74.28030791140195,498.9227290372175,11.016462185375506
2169.0,75.19897662196294,498.90168294997596,11.016664501300896
2170.0,75.09342927537892,498.8803765732664,11.016866769027127
2171.0,75.59234089465254,498.8591001016384,11.017068988535332
2172.0,75.28052701443956,498.8376822717183,11.017271159806645
2173.0,75.73183359838445,498.8163527890641,11.017473282822204
2174.0,75.27330890582914,498.7948954362113,11.017675357563157
2175.0,75.96925279891747,498.77356799868795,11.017877384010646
2176.0,74.39090125422756,498.75204337706157,11.018079362145832
2177.0,75.48022263269391,498.73096595503955,11.018281291949863
2178.0,74.88904251346075,498.7095798919603,11.018483173403913
2179.0,74.51595781852787,498.6883613299148,11.018685006489141
2180.0,74.4252933071763,498.66724847519953,11.01888679118672
2181.0,74.63235086765745,498.64616130876254,11.019088527477823
2182.0,73.87236082506182,498.6250154760167,11.019290215343636
2183.0,74.71289634061692,498.60408497378296,11.019491854765338
2184.0,73.72281123790604,498.5829163198198,11.019693445724121
2185.0,74.09673327372118,498.562028189969,11.01989498820118
2186.0,74.95153683008672,498.54103411554144,11.020096482177712
2187.0,74.34073783301069,498.5197978467729,11.020297927634918
2188.0,74.63008584303257,498.49873463772025,11.020499324554006
2189.0,75.24589231721762,498.47758944673143,11.020700672916192
2190.0,73.16854180846609,498.4562697772415,11.020901972702687
2191.0,75.24417175003259,498.4355386903958,11.021103223894713
2192.0,73.75435165944727,498.4142195084,11.021304426473497
2193.0,74.42183792029618,498.3933224420964,11.021505580420271
2194.0,76.05341882004397,498.3722362546857,11.021706685716266
2195.0,74.78348965323315,498.35068778602,11.021907742342721
2196.0,74.63680935410855,498.3294991306183,11.02210875028088
2197.0,73.86842791593607,498.3083520346346,11.022309709511994
2198.0,76.67825238702996,498.2874226467251,11.02251062001731
2199.0,76.03393613465663,498.26569714188213,11.022711481778094
2200.0,75.61414987904759,498.24415419331064,11.022912294775601
2201.0,75.38231909407236,498.22273018417815,11.023113058991097
2202.0,74.4153162271359,498.20137186043485,11.023313774405857
2203.0,74.55490781386106,498.18028752083717,11.023514441001153
2204.0,73.73232234931157,498.1591636302899,11.023715058758265
2205.0,75.31486826579201,498.1382728056243,11.023915627658482
2206.0,73.80970009424236,498.116933592949,11.024116147683088
2207.0,74.67331155843826,498.09602084458896,11.02431661881338
2208.0,75.55936525151837,498.074863406314,11.024517041030654
2209.0,74.23903921125743,498.05345491949276,11.024717414316214
2210.0,75.86832211626228,498.03242052504964,11.024917738651366
2211.0,74.16655206137905,498.01092450045,11.025118014017423
2212.0,75.4141410289457,497.9899106440326,11.025318240395702
2213.0,74.43298221580967,497.9685433040744,11.025518417767524
2214.0,76.06027736454419,497.94745395911326,11.025718546114213
2215.0,74.76222651540908,497.9259035471933,11.0259186254171
2216.0,75.31882071309748,497.9047209163473,11.026118655657523
2217.0,75.05355822431665,497.8833805838119,11.026318636816814
2218.0,74.73169180750436,497.86211540898165,11.026518568876325
2219.0,74.81715932339955,497.84094142963625,11.0267184518174
2220.0,76.38474452048982,497.8197432344946,11.026918285621395
2221.0,74.79291852237694,497.7981008902138,11.027118070269662
2222.0,73.21270470911486,497.7769095632991,11.02731780574357
2223.0,74.82868816543174,497.7561659636315,11.02751749202448
2224.0,74.46478296585539,497.7349645019847,11.027717129093768
2225.0,76.5599339734257,497.713866146811,11.027916716932808
2226.0,76.00432848003852,497.6921741655185,11.028116255522983
2227.0,75.57542197718482,497.6706396057825,11.028315744845674
2228.0,73.92581340571648,497.6492265695556,11.028515184882274
2229.0,75.45869582418621,497.62828092242404,11.028714575614176
2230.0,74.60920445121137,497.6069009586072,11.028913917022779
2231.0,73.67897842282348,497.58576168401265,11.029113209089488
2232.0,76.39967636194223,497.5648859734595,11.02931245179571
2233.0,75.11397873339408,497.54323939849036,11.029511645122858
2234.0,74.0840854358393,497.5219571045159,11.02971078905235
2235.0,73.91093086306495,497.50096661364233,11.029909883565606
2236.0,75.54692991604264,497.48002518323113,11.030108928644058
2237.0,74.98537779525485,497.45862021975495,11.030307924269131
2238.0,75.71805976648581,497.43737436271294,11.030506870422265
2239.0,75.31438101242507,497.41592091244576,11.030705767084896
2240.0,73.91524048468779,497.39458183782557,11.030904614238477
2241.0,74.10339975073731,497.3736391863549,11.031103411864446
2242.0,76.70657635911408,497.35264322309223,11.03130215994427
2243.0,74.58614724915792,497.33090969312383,11.031500858459399
2244.0,74.99964288626197,497.3097769514032,11.031699507391302
2245.0,75.79223423493812,497.28852705258544,11.031898106721444
2246.0,75.23720804384331,497.2670525862189,11.032096656431296
2247.0,75.44300178179004,497.24573537727315,11.032295156502341
2248.0,73.87351929472648,497.2243598601016,11.03249360691606
2249.0,75.24340488530171,497.2034290296348,11.032692007653935
2250.0,75.5152038782009,497.1821100649173,11.032890358697461
2251.0,75.1778859877152,497.1607140904851,11.033088660028136
2252.0,74.44032348473088,497.13941368945524,11.033286911627455
2253.0,75.61464949280467,497.11832226446796,11.033485113476928
2254.0,75.51049338343435,497.0968981137783,11.033683265558064
2255.0,75.89141554352175,497.0755034739863,11.033881367852377
2256.0,74.79513172679987,497.054000906249,11.034079420341383
2257.0,73.70617506026409,497.0328089522597,11.034277423006614
2258.0,76.09293080073441,497.01192553599265,11.03447537582959
2259.0,74.9037033533702,496.9903658722658,11.03467327879185
2260.0,76.69929033597026,496.9691431563156,11.034871131874928
2261.0,74.84390622179028,496.94741169072046,11.035068935060368
2262.0,74.59210308261632,496.92620591729093,11.035266688329717
2263.0,72.75080889143048,496.9050714880842,11.035464391664526
2264.0,74.83025241471636,496.8844587588983,11.035662045046356
2265.0,75.16129453638949,496.8632568540475,11.03585964845676
2266.0,75.31382689401163,496.8419611539288,11.036057201877313
2267.0,75.0544091581974,496.82062223630885,11.036254705289577
2268.0,73.86069515800664,496.7993568203807,11.03645215867513
2269.0,75.25623553356775,496.77842962341924,11.036649562015556
2270.0,76.17229081241665,496.7571070233514,11.036846915292433
2271.0,74.68747250030721,496.7355248742879,11.037044218487356
2272.0,76.07110906668214,496.71436342374614,11.037241471581913
2273.0,73.19296503256886,496.69280994284395,11.037438674557706
2274.0,74.78627735327359,496.6720719360847,11.037635827396338
2275.0,75.76501209218347,496.6508824908346,11.037832930079414
2276.0,75.09183957793113,496.62941573740846,11.03802998258855
2277.0,75.38418376693761,496.6081397161947,11.038226984905362
2278.0,75.2312756354841,496.58678086412743,11.038423937011471
2279.0,75.19015819758353,496.5654653360307,11.038620838888503
2280.0,75.52538726607396,496.54416145787474,11.038817690518092
2281.0,75.23840862317812,496.5227625981493,11.039014491881872
2282.0,75.02935176567782,496.50144504903943,11.039211242961484
2283.0,76.16434062295437,496.4801867327058,11.03940794373857
2284.0,74.82609149751529,496.458606836196,11.039604594194788
2285.0,74.51553757421249,496.4374061102717,11.039801194311785
2286.0,74.82011076239216,496.41629337462564,11.039997744071222
2287.0,76.08186767972768,496.395094343243,11.040194243454765
2288.0,74.61386913575143,496.37353781406705,11.040390692444083
2289.0,75.20082442537591,496.3523972178119,11.040587091020846
2290.0,74.63954287917177,496.33109031755805,11.040783439166736
2291.0,74.00926552008846,496.3099424470756,11.040979736863434
2292.0,74.450536970197,496.28897315517827,11.041175984092627
2293.0,74.54284048406349,496.2678788363701,11.041372180836008
2294.0,74.78042082206737,496.24675836489956,11.041568327075275
2295.0,74.95233879354294,496.225570579,11.04176442279213
2296.0,75.781849891936,496.20433408300846,11.041960467968277
2297.0,75.01639046723966,496.18286255887244,11.042156462585428
2298.0,74.73133930231715,496.1616079149067,11.0423524066253
2299.0,74.92098541727464,496.14043403543775,11.042548300069612
2300.0,75.27627214883391,496.11920642290283,11.04274414290009
2301.0,75.11107418706727,496.09787814579397,11.042939935098463
2302.0,74.59534471853762,496.0765966747743,11.04313567664647
2303.0,74.67884039812311,496.05546132710407,11.043331367525845
2304.0,74.41938157724256,496.0343023223246,11.043527007718334
2305.0,77.22669973785042,496.0132168308777,11.043722597205686
2306.0,75.12271625961414,495.99133593261865,11.043918135969657
2307.0,74.86595681163375,495.97005116301176,11.044113623992
2308.0,76.12454507339837,495.9488391419152,11.044309061254484
2309.0,74.27741468424841,495.927270520811,11.044504447738873
2310.0,74.7506565042029,495.90622525331713,11.04469978342694
2311.0,74.38187045856516,495.88504590064093,11.044895068300464
2312.0,76.71217364632912,495.86397103734436,11.04509030234123
2313.0,73.93510378690176,495.8422359214779,11.045285485531016
2314.0,75.52585542534808,495.8212876420716,11.04548061785162
2315.0,75.75453602706949,495.7998886497011,11.045675699284837
2316.0,75.67997590337552,495.77842486449345,11.045870729812467
2317.0,74.77300626196713,495.75698220465415,11.046065709416316
2318.0,75.50708046261886,495.73579651954657,11.046260638078197
2319.0,75.48862821499884,495.71440284674884,11.046455515779924
2320.0,75.2787988177885,495.69301440208795,11.046650342503314
2321.0,73.52014017666892,495.67168540908955,11.046845118230195
2322.0,74.41410527926371,495.65085470270617,11.047039842942398
2323.0,74.47694003650122,495.62977070621037,11.047234516621753
2324.0,74.09393082549673,495.6086689065334,11.0474291392501
2325.0,75.11275465793338,495.5876756261328,11.047623710809285
2326.0,76.0184499873742,495.56639367897975,11.047818231281155
2327.0,74.48229795469445,495.54485511814994,11.048012700647567
2328.0,74.91207930435945,495.5237518003961,11.048207118890375
2329.0,74.21639237663022,495.50252671125986,11.048401485991443
2330.0,74.63139840834478,495.48149873341987,11.048595801932636
2331.0,76.37605049255394,495.4603531705375,11.048790066695831
2332.0,74.51267634399528,495.4387132895646,11.048984280262902
2333.0,75.08379360707876,495.41760136460044,11.049178442615734
2334.0,75.79254783324967,495.39632762307843,11.04937255373621
2335.0,75.3860578852764,495.374853067859,11.049566613606228
2336.0,74.04029773327126,495.3534936847916,11.049760622207677
2337.0,75.55556310371968,495.33251560043374,11.04995457952246
2338.0,74.45723945109329,495.31110819088775,11.050148485532485
2339.0,74.90705024109673,495.29001197304325,11.050342340219665
2340.0,74.91640982658912,495.26878830880827,11.050536143565907
2341.0,74.53989122134287,495.24756199269075,11.050729895553138
2342.0,73.93369440248011,495.2264423568447,11.050923596163281
2343.0,74.69248319533988,495.205494476764,11.051117245378268
2344.0,75.29201170645187,495.18433160652535,11.051310843180033
2345.0,75.14850536647913,495.16299886987514,11.051504389550512
2346.0,76.05523025307707,495.1417067933547,11.05169788447165
2347.0,74.96233638068735,495.1201578114496,11.0518913279254
2348.0,73.89459480594445,495.0989184828084,11.052084719893713
2349.0,74.73152568946843,495.0779816809467,11.052278060358551
2350.0,75.29778077842731,495.05680774866806,11.052471349301872
2351.0,74.13668902487447,495.0354733774475,11.052664586705648
2352.0,75.06235251091955,495.0144679822238,11.05285777255185
2353.0,75.19793063442859,494.993200315679,11.053050906822456
2354.0,74.62479733891655,494.9718942353326,11.053243989499448
2355.0,75.97375169746765,494.95075054275327,11.053437020564818
2356.0,74.75858196963087,494.9292246464389,11.053630000000554
2357.0,74.3164083381847,494.9080430482142,11.053822927788655
2358.0,75.45726160811525,494.8869867325184,11.05401580391112
2359.0,75.58921224442419,494.8656071750628,11.054208628349963
2360.0,73.94792810752173,494.84419023159353,11.054401401087185
2361.0,74.8700068994145,494.8232383186297,11.054594122104813
2362.0,76.54590551235734,494.8020251500082,11.054786791384862
2363.0,74.84752377628298,494.7803371434464,11.054979408909357
2364.0,77.55374451287678,494.7591303450431,11.055171974660333
2365.0,74.39140941470369,494.7371567840978,11.055364488619823
2366.0,75.24082024205828,494.7160792180969,11.05555695076987
2367.0,76.01532738277425,494.69476098569504,11.055749361092516
2368.0,75.72904832883798,494.6732233096032,11.055941719569816
2369.0,74.66981427139852,494.6517667459101,11.05613402618382
2370.0,73.78210648511472,494.6306102985332,11.056326280916592
2371.0,74.47058240844584,494.6097053683624,11.05651848375019
2372.0,73.3290174195776,494.58860537001334,11.056710634666695
2373.0,74.7942644623578,494.5678288150778,11.05690273364817
2374.0,74.42735170806341,494.5466371068135,11.0570947806767
2375.0,75.09909203586136,494.52554935716284,11.057286775734369
2376.0,76.2431771546353,494.504271281086,11.057478718803265
2377.0,74.1997197435328,494.4826690475589,11.05767060986548
2378.0,74.89478055272247,494.4616457936316,11.057862448903117
2379.0,74.21139217842938,494.4404256058083,11.058054235898277
2380.0,74.00432650800009,494.4193990446911,11.058245970833068
2381.0,74.1140808107819,494.3984311521805,11.058437653689603
2382.0,75.11079510557002,494.37743216261737,11.058629284450001
2383.0,74.04043248390472,494.3561507706708,11.058820863096388
2384.0,73.98046777502647,494.3351726481337,11.059012389610885
2385.0,74.80623553003176,494.31421151559744,11.059203863975627
2386.0,75.79746864734345,494.29301641553064,11.059395286172757
2387.0,74.23289132367698,494.2715404660805,11.05958665618441
2388.0,76.65499357897646,494.25050781353883,11.059777973992736
2389.0,74.81637198812975,494.22878889869145,11.059969239579889
2390.0,75.79138337714375,494.20759092662814,11.060160452928024
2391.0,75.79365457774145,494.18611670133794,11.060351614019304
2392.0,74.44254954314962,494.16464183254095,11.060542722835894
2393.0,74.8300348289769,494.14354977683706,11.060733779359968
2394.0,73.94970762088985,494.1223479336355,11.0609247835737
2395.0,75.18974937330144,494.10139551647626,11.061115735459273
2396.0,74.33357263540012,494.08009175415384,11.061306634998873
2397.0,74.72719744662224,494.05903057524046,11.061497482174692
2398.0,75.00738966720442,494.0378578692972,11.061688276968924
2399.0,74.62694341405776,494.0166057755582,11.06187901936377
2400.0,74.70213326840074,493.99546147492424,11.062069709341442
2401.0,74.63482246348305,493.97429587049817,11.062260346884141
2402.0,74.0754316043794,493.95314933746687,11.06245093197409
2403.0,74.4624637547639,493.93216129851226,11.062641464593504
2404.0,74.64083789353907,493.9110636004484,11.06283194472461
2405.0,73.83811023383873,493.8899153630453,11.063022372349645
2406.0,74.56533201585938,493.86899456514567,11.063212747450835
2407.0,76.76989530672735,493.8478677210745,11.063403070010423
2408.0,74.33030346177925,493.8261162507376,11.063593340010655
2409.0,75.12591070301366,493.80505599809004,11.063783557433782
2410.0,75.69462165721184,493.7837703233909,11.063973722262057
2411.0,75.65610922362947,493.7623235139214,11.064163834477739
2412.0,74.86204226937777,493.74088761630804,11.064353894063094
2413.0,74.91745865569528,493.71967670433173,11.064543901000391
2414.0,75.14938700692628,493.6984500910459,11.064733855271905
2415.0,74.86404798997363,493.67715776472727,11.064923756859914
2416.0,73.79555767851879,493.6559462844634,11.065113605746703
2417.0,75.33795221084867,493.6350375431212,11.065303401914562
2418.0,74.55107805531426,493.61369178999485,11.065493145345785
2419.0,75.2182448743235,493.5925689845458,11.06568283602267
2420.0,74.68185589321048,493.5712571484981,11.065872473927522
2421.0,73.47297308638433,493.55009728932833,11.066062059042647
2422.0,74.90208298817508,493.5292799469538,11.066251591350362
2423.0,75.13414680356765,493.5080576901072,11.066441070832987
2424.0,75.28545642588638,493.4867696818462,11.066630497472842
2425.0,74.06254441248242,493.4654388025255,11.066819871252253
2426.0,75.15473067290819,493.444454414942,11.067009192153563
2427.0,75.56546550626022,493.42316057458464,11.0671984601591
2428.0,76.1148264606472,493.4017503593579,11.067387675251215
2429.0,74.96785726892438,493.3801844918607,11.067576837412254
2430.0,74.97252281838813,493.3589435989678,11.06776594662457
2431.0,75.28128671545029,493.3377013841693,11.06795500287052
2432.0,75.06768992274093,493.31637168626656,11.068144006132465
2433.0,74.71627366780588,493.2951025074551,11.068332956392778
2434.0,75.3499707765288,493.2739328965826,11.06852185363383
2435.0,73.84826910971569,493.2525837381959,11.068710697838002
2436.0,74.37817048780221,493.23166006194816,11.068899488987672
2437.0,75.6400962025312,493.2105862469766,11.069088227065228
2438.0,74.50111417643946,493.1891548863859,11.069276912053066
2439.0,75.16873596473899,493.1680462373692,11.069465543933582
2440.0,73.52174991448686,493.1467484288459,11.069654122689178
2441.0,74.08991320075152,493.12591726637015,11.069842648302265
2442.0,73.19990698635553,493.1049251242965,11.070031120755251
2443.0,76.34715040366355,493.08418515065046,11.070219540030557
2444.0,75.59585345835015,493.06255345803606,11.070407906110606
2445.0,75.02839199682566,493.04113463288957,11.070596218977823
2446.0,74.87168262674534,493.01987658849043,11.07078447861464
2447.0,73.84386722353958,492.9986629450795,11.070972685003495
2448.0,73.7498909062573,492.9777405160329,11.071160838126833
2449.0,74.48970881643537,492.9568447136094,11.071348937967098
2450.0,74.00265749382179,492.9357392961114,11.071536984506745
2451.0,74.44443314636038,492.91477187648815,11.07172497772823
2452.0,75.63749539735154,492.8936792870967,11.071912917614014
2453.0,74.35780173947617,492.8722486634008,11.072100804146569
2454.0,74.76458909338099,492.8511806195746,11.072288637308363
2455.0,74.54501955714386,492.8299973193315,11.072476417081873
2456.0,75.5883015994621,492.808876230457,11.07266414344958
2457.0,74.95323651163554,492.78745954500374,11.072851816393978
2458.0,73.61097257989779,492.76622279465886,11.073039435897552
2459.0,74.45616058013721,492.7453663524279,11.073227001942804
2460.0,74.91686744495117,492.72427044026347,11.073414514512233
2461.0,74.51878511903789,492.7030439944874,11.073601973588348
2462.0,75.39027428798825,492.6819303387037,11.07378937915366
2463.0,75.23133317540767,492.6605697609887,11.073976731190685
2464.0,78.02383017057117,492.63925421658905,11.074164029681947
2465.0,74.62489169816132,492.6171474647074,11.074351274609972
2466.0,74.9850558927227,492.5960037453929,11.074538465957295
2467.0,74.26848255853514,492.5747579795566,11.074725603706447
2468.0,74.35474974873864,492.5537152428317,11.074912687839976
2469.0,75.63400773833698,492.53264806373625,11.075099718340427
2470.0,74.10813530287837,492.5112184282104,11.075286695190353
2471.0,74.90935786236382,492.4902211232079,11.075473618372309
2472.0,75.18471144974122,492.4689968051469,11.07566048786886
2473.0,74.75213712151749,492.4476944702361,11.075847303662568
2474.0,76.05433594459434,492.4265146980517,11.07603406573601
2475.0,75.53224558061727,492.4049659695341,11.076220774071762
2476.0,74.6133395795072,492.3835651666195,11.076407428652406
2477.0,74.6050414412227,492.36242472040533,11.076594029460528
2478.0,75.92671656711954,492.3412866253303,11.07678057647872
2479.0,75.30543993666743,492.31977405563634,11.076967069689582
2480.0,74.42340222810489,492.29843751432094,11.077153509075716
2481.0,75.64549594073183,492.2773508836896,11.077339894619726
2482.0,75.50823689633755,492.25591799317306,11.077526226304224
2483.0,73.59863280242296,492.2345239927191,11.077712504111833
2484.0,75.56144552692241,492.21367104675846,11.07789872802517
2485.0,75.02544428865036,492.1922619705258,11.078084898026864
2486.0,74.41314943953044,492.17100476131066,11.078271014099547
2487.0,75.01709824127533,492.14992103563617,11.078457076225858
2488.0,75.7598946999864,492.12866619113447,11.078643084388435
2489.0,73.97242511038658,492.10720088763617,11.078829038569932
2490.0,74.3709164699843,492.0862420338549,11.079014938752998
2491.0,75.06129028576336,492.0651702741884,11.079200784920289
2492.0,74.01121725956308,492.04390290860744,11.079386577054471
2493.0,75.19444235730542,492.0229330637172,11.079572315138208
2494.0,75.34435011051409,492.00162797171595,11.079757999154175
2495.0,74.83320386078363,491.9802804058513,11.07994362908505
2496.0,74.17071770527433,491.9590776647574,11.080129204913517
2497.0,75.21598773016947,491.93806262807425,11.080314726622259
2498.0,74.87212353767713,491.91675143155067,11.08050019419397
2499.0,76.55230827656088,491.89553766321507,11.080685607611352
2500.0,74.44575844249997,491.8738478425367,11.080870966857107
2501.0,76.8378548998214,491.85275487764466,11.081056271913939
2502.0,73.6918674881319,491.8309841520897,11.081241522764564
2503.0,75.19840430259687,491.81010478963475,11.081426719391702
2504.0,74.52444477176954,491.7887985750823,11.081611861778072
2505.0,75.8077127560282,491.7676833157303,11.081796949906403
2506.0,76.51703639606868,491.74620446378276,11.081981983759432
2507.0,74.47088652727352,491.7245246368039,11.082166963319892
2508.0,74.77524198384877,491.7034245522878,11.08235188857053
2509.0,74.65265281017533,491.68223823372574,11.082536759494095
2510.0,76.08819891139454,491.6610866487628,11.082721576073338
2511.0,75.75789335890511,491.63952832573796,11.08290633829102
2512.0,75.31706660357891,491.6180635892863,11.083091046129903
2513.0,74.64961473875196,491.59672375374856,11.083275699572756
2514.0,74.47091244836481,491.57557302957264,11.083460298602354
2515.0,75.77355628744306,491.5544729377122,11.083644843201476
2516.0,74.66921219798256,491.5330037634308,11.083829333352904
2517.0,74.88013982849786,491.51184748664133,11.084013769039426
2518.0,75.66248721715075,491.4906314470233,11.084198150243841
2519.0,75.16526765584058,491.4691937423118,11.084382476948944
2520.0,75.4885795609246,491.4478969164759,11.084566749137545
2521.0,74.55685638203337,491.4265084856003,11.084750966792445
2522.0,74.9806783395088,491.40538404295876,11.084935129896465
2523.0,74.11599227736629,491.3841395174292,11.085119238432423
2524.0,74.09488475612042,491.363139986284,11.085303292383141
2525.0,75.58543379857048,491.34214643560307,11.085487291731454
2526.0,75.04356183296917,491.3207305626935,11.08567123646019
2527.0,73.90673918491798,491.29946822017416,11.085855126552195
2528.0,75.40277554268782,491.27852797740513,11.086038961990312
2529.0,75.5461310998782,491.257163857668,11.08622274275739
2530.0,74.07571695214605,491.235759120523,11.086406468836286
2531.0,76.00172783220575,491.21477100071996,11.086590140209859
2532.0,75.55472798371515,491.19323717783413,11.086773756860975
2533.0,74.86829077992392,491.1718300049054,11.086957318772505
2534.0,75.5837732363821,491.1506173225178,11.087140825927325
2535.0,73.8276283658712,491.1292019201008,11.087324278308314
2536.0,74.96496666936551,491.1082840920638,11.08750767589836
2537.0,74.08940224452874,491.08704401817414,11.087691018680351
2538.0,75.14871385071274,491.06605202087155,11.087874306637188
2539.0,74.5401401331955,491.0447598852805,11.08805753975177
2540.0,74.0985937408031,491.02364017890943,11.088240718007
2541.0,74.00155439263355,491.0026455773495,11.088423841385792
2542.0,73.63474267317545,490.9816784702716,11.088606909871064
2543.0,74.51498706513472,490.9608152931809,11.088789923445734
2544.0,74.44942421976438,490.9397027135124,11.088972882092737
2545.0,75.59639795082488,490.9186087099835,11.089155785794993
2546.0,75.36228389906603,490.8971897305641,11.089338634535448
2547.0,75.03300153435082,490.8758370834594,11.089521428297042
2548.0,74.9072257969842,490.8545777330246,11.089704167062722
2549.0,75.06936437859915,490.83335401904884,11.089886850815443
2550.0,76.14762787351212,490.81208436580823,11.090069479538155
2551.0,75.31491962760256,490.7905092045774,11.090252053213828
2552.0,74.38937971903867,490.7691699773496,11.090434571825428
2553.0,75.11826456597886,490.7480929864292,11.090617035355926
2554.0,74.15700469788493,490.72680947813546,11.090799443788303
2555.0,73.59179599047819,490.70579832680437,11.09098179710554
2556.0,74.82779495619815,490.68494731794044,11.091164095290628
2557.0,74.91905953358967,490.6637461093695,11.091346338326558
2558.0,75.43548839088486,490.64251904250165,11.091528526196331
2559.0,75.2592403661522,490.62114565412423,11.091710658882947
2560.0,74.92504801762638,490.59982220268716,11.09189273636942
2561.0,74.17063034490025,490.57859343908217,11.092074758638761
2562.0,75.2424457495645,490.55757842715116,11.092256725673991
2563.0,74.98899326289022,490.5362597341888,11.09243863745813
2564.0,76.02591052583074,490.5150128527643,11.092620493974213
2565.0,75.84793997544038,490.49347217811527,11.092802295205274
2566.0,74.4936511099784,490.4719819284556,11.092984041134352
2567.0,75.31133337715048,490.45087539397446,11.09316573174449
2568.0,75.36622263195146,490.4295371828509,11.093347367018744
2569.0,75.10468391340348,490.40818341977183,11.093528946940161
2570.0,74.65661266774575,490.38690375932975,11.093710471491807
2571.0,74.58990616964496,490.3657510524072,11.09389194065675
2572.0,73.61850279553384,490.3446172456591,11.094073354418054
2573.0,75.51295157370848,490.32375866986706,11.094254712758802
2574.0,75.31466054288053,490.3023633335878,11.09443601566207
2575.0,75.00841698980913,490.28102417976737,11.09461726311095
2576.0,75.91821225781791,490.25977179495356,11.094798455088526
2577.0,75.61082587814326,490.23826163481385,11.0949795915779
2578.0,74.07927006440953,490.2168385674817,11.095160672562173
2579.0,74.49499189036614,490.19584944096346,11.095341698024454
2580.0,74.65464949616606,490.1747425265945,11.095522667947849
2581.0,76.32374122889883,490.15359037590395,11.095703582315483
2582.0,74.11711038268403,490.1319653158891,11.095884441110474
2583.0,75.14763566220418,490.1109654679473,11.096065244315952
2584.0,75.09809568409635,490.089673637843,11.09624599191505
2585.0,74.79432220515474,490.0683958440659,11.096426683890906
2586.0,74.69067165944409,490.04720411944106,11.09660732022666
2587.0,74.88375302714653,490.02604176247087,11.096787900905467
2588.0,77.02659087198104,490.0048246991132,11.096968425910473
2589.0,75.35445462700855,489.98300049836615,11.097148895224844
2590.0,76.24397057156807,489.96165006955516,11.097329308831743
2591.0,75.22044638022923,489.94004761122653,11.097509666714336
2592.0,75.12883423462748,489.9187351514188,11.0976899688558
2593.0,75.08519490532281,489.89744864838565,11.097870215239315
2594.0,74.02387636401905,489.8761745098292,11.098050405848062
2595.0,74.74991920768859,489.8552010781927,11.098230540665236
2596.0,75.23779225774325,489.8340219344172,11.098410619674032
2597.0,75.34399963412682,489.81270455994417,11.09859064285765
2598.0,74.78094481568166,489.7913570933811,11.098770610199294
2599.0,73.04948403384125,489.7701691590167,11.098950521682175
2600.0,75.83612704332262,489.7494718052071,11.099130377289512
2601.0,75.55192735642046,489.72798490254485,11.099310177004524
2602.0,74.40091624276032,489.7065785231272,11.09948992081044
2603.0,75.75850814868197,489.68549826352506,11.099669608690489
2604.0,75.79368697944217,489.66403335288294,11.09984924062791
2605.0,74.73686773280517,489.64255847490546,11.100028816605946
2606.0,75.43553266180763,489.6213830290478,11.100208336607839
2607.0,75.27529032261172,489.60000962812694,11.100387800616849
2608.0,75.22515852692804,489.5786816292022,11.100567208616233
2609.0,75.63208612426448,489.55736783428625,11.100746560589249
2610.0,75.77948505680125,489.53593874321774,11.100925856519169
2611.0,74.83782168712091,489.5144678891183,11.101105096389269
2612.0,74.52492484792946,489.49326383964024,11.101284280182822
2613.0,75.25265087762541,489.4721484442667,11.101463407883116
2614.0,74.70849361028857,489.45082685985136,11.101642479473439
2615.0,75.32674546349453,489.42965945332844,11.101821494937088
2616.0,75.55805700697275,489.4083168754471,11.10200045425736
2617.0,74.10778417428106,489.3869087592952,11.102179357417562
2618.0,75.45614701508198,489.3659115537791,11.102358204401
2619.0,74.0402243662054,489.34453231212484,11.102536995190995
2620.0,75.72810216212523,489.3235542485544,11.102715729770868
2621.0,75.49129348162721,489.30209795294184,11.102894408123937
2622.0,74.57448200018554,489.280708753122,11.103073030233542
2623.0,75.58893990762702,489.2595793165553,11.103251596083016
2624.0,74.71227580501397,489.2381624502481,11.103430105655704
2625.0,74.24525807074866,489.2169939721034,11.103608558934946
2626.0,75.39210632371902,489.19595781565,11.1037869559041
2627.0,75.93481172968991,489.17459671885825,11.103965296546521
2628.0,75.69372776793588,489.1530818555349,11.104143580845577
2629.0,74.1089804292068,489.13163529933394,11.104321808784626
2630.0,74.75638272224077,489.110637754879,11.104499980347049
2631.0,75.09724581477352,489.08945677977437,11.104678095516222
2632.0,74.86579239286907,489.0681792267936,11.10485615427553
2633.0,74.3135571443503,489.04696725228223,11.105034156608363
2634.0,75.90608658886742,489.02591174442466,11.105212102498111
2635.0,76.95343475778664,489.0044050198911,11.105389991928178
2636.0,74.51289008127169,488.9826015467098,11.105567824881966
2637.0,74.11192550708873,488.96148956118674,11.105745601342889
2638.0,74.26950953903294,488.94049118229304,11.105923321294355
2639.0,73.75240458237526,488.9194481545904,11.106100984719793
2640.0,74.70027796679665,488.89855163995867,11.106278591602624
2641.0,73.84863169349009,488.8773865612014,11.106456141926282
2642.0,74.23766074520336,488.85646278222157,11.1066336356742
2643.0,75.72833137358491,488.8354287783438,11.106811072829823
2644.0,75.81501073130607,488.81397241778797,11.106988453376596
2645.0,75.09922765728042,488.7924914980807,11.107165777297972
2646.0,74.85247838232152,488.77121338357784,11.107343044577407
2647.0,76.53351655425804,488.7500051813695,11.10752025519837
2648.0,74.98057428541372,488.7283206850125,11.10769740914432
2649.0,74.73297843480964,488.7070761889649,11.107874506398739
2650.0,75.69779177223153,488.6859018450751,11.1080515469451
2651.0,74.57214154999652,488.66445413740627,11.10822853076689
2652.0,75.26791285479294,488.6433253639671,11.1084054578476
2653.0,75.32566604062482,488.6219994553249,11.10858232817072
2654.0,73.90898080086275,488.6006571832801,11.108759141719748
2655.0,74.85963810879372,488.5797163053865,11.1089358984782
2656.0,73.82198673840163,488.558506074589,11.109112598429574
2657.0,75.35750295797361,488.53758984501314,11.109289241557395
2658.0,74.37533800628792,488.51623855250836,11.10946582784518
2659.0,75.47015226563994,488.49516554007323,11.109642357276456
2660.0,74.73338239248373,488.4737823302646,11.109818829834754
2661.0,75.2480994566159,488.4526078719201,11.109995245503612
2662.0,75.34043059734867,488.43128757707404,11.110171604266576
2663.0,74.58338493589315,488.4099411217382,11.110347906107185
2664.0,75.79863845882358,488.388809162673,11.110524151008999
2665.0,73.6312104819704,488.36733288177635,11.110700338955573
2666.0,75.96257132508345,488.3464707054731,11.110876469930474
2667.0,75.25444945338421,488.324947976931,11.111052543917266
2668.0,75.60572853821847,488.30362588291916,11.111228560899526
2669.0,76.54219611700472,488.28220425983335,11.111404520860836
2670.0,74.7471349071713,488.2605173042669,11.111580423784776
2671.0,75.23101128246587,488.23933894937653,11.11175626965494
2672.0,73.85033525011008,488.2180234961798,11.11193205845492
2673.0,74.70389164133405,488.19709923452564,11.11210779016832
2674.0,75.57566861298663,488.17593313189394,11.112283464778745
2675.0,74.57835525556919,488.15452002578695,11.112459082269806
2676.0,74.75769334066642,488.1333894917978,11.112634642625121
2677.0,74.55983758894571,488.1122081453513,11.112810145828309
2678.0,75.24842056533205,488.09108285803444,11.112985591863001
2679.0,74.59846657746935,488.06976247220763,11.11316098071283
2680.0,74.5732344923483,488.04862624001066,11.113336312361431
2681.0,74.32006586595149,488.0274971569045,11.11351158679245
2682.0,75.467389006261,488.0064398049091,11.113686803989538
2683.0,76.08304635530956,487.98505737802407,11.11386196393634
2684.0,74.7831905302781,487.96350051489003,11.114037066616525
2685.0,75.32398879883722,487.9423119442398,11.114212112013755
2686.0,74.66929493617586,487.9209701474134,11.1143871001117
2687.0,76.7027455760914,487.8998138471815,11.114562030894032
2688.0,75.93232335832217,487.87808140260165,11.114736904344436
2689.0,76.124242632896,487.8565672443168,11.1149117204466
2690.0,75.52528594950353,487.8349987089041,11.11508647918421
2691.0,74.4384141370768,487.8135998778851,11.115261180540966
2692.0,76.31291476443509,487.79250899387955,11.115435824500572
2693.0,74.3470469232944,487.770887001363,11.115610411046733
2694.0,75.52337714899969,487.74982200473477,11.11578494016316
2695.0,74.84205955094141,487.72842371454254,11.115959411833575
2696.0,74.30077490202144,487.7072184643364,11.1161338260417
2697.0,74.3836622083971,487.6861665781142,11.116308182771268
2698.0,75.57847507939093,487.6650912071551,11.11648248200601
2699.0,75.57558849511764,487.64367730588265,11.116656723729664
2700.0,76.11160274810707,487.6222642224757,11.116830907925976
2701.0,74.11772741517689,487.6006992683637,11.1170050345787
2702.0,75.56097134773937,487.5796992455961,11.117179103671587
2703.0,75.40337916334323,487.5582903037142,11.117353115188402
2704.0,73.79682175964271,487.53692601295126,11.11752706911291
2705.0,75.50379451425556,487.5160169134527,11.117700965428885
2706.0,74.25652058843151,487.49462417167365,11.1178748041201
2707.0,74.4343463942256,487.4735848241736,11.118048585170342
2708.0,75.94019795327121,487.45249509269524,11.118222308563398
2709.0,75.97932854347495,487.4309787032751,11.118395974283061
2710.0,75.76612814219185,487.4094512268545,11.118569582313128
2711.0,75.42792650281145,487.3879841572142,11.118743132637405
2712.0,74.95088647392127,487.36661291137176,11.118916625239704
2713.0,72.60598609170434,487.34537682687085,11.119090060103836
2714.0,74.33300463770792,487.3248051308115,11.119263437213625
2715.0,74.9434508454196,487.3037441128308,11.119436756552895
2716.0,75.401482573721,487.28251013509123,11.11961001810548
2717.0,75.06139641531716,487.2611463816954,11.11978322185521
2718.0,74.98587687454982,487.23987898604435,11.119956367785932
2719.0,75.70740241313582,487.2186329875966,11.120129455881491
2720.0,74.1445235091513,487.1971825569129,11.120302486125743
2721.0,74.55341562741243,487.17617494191865,11.120475458502543
2722.0,75.8398864715282,487.1550514741575,11.120648372995758
2723.0,74.52772503779553,487.1335635063239,11.120821229589252
2724.0,75.54138080808909,487.1124473175632,11.120994028266903
2725.0,74.82860458202494,487.09104392633424,11.121166769012587
2726.0,74.45973146344772,487.0698424883693,11.121339451810197
2727.0,74.86219765273651,487.0487455644547,11.121512076643617
2728.0,74.16939586691285,487.0275346084531,11.121684643496744
2729.0,74.15225395699466,487.0065199462908,11.12185715235348
2730.0,74.49338469766025,486.985510141003,11.122029603197731
2731.0,74.36700153426497,486.9644036820053,11.122201996013413
2732.0,74.22038466061667,486.9433330315706,11.122374330784439
2733.0,75.32244443713195,486.92230392258347,11.122546607494733
2734.0,74.87721951772707,486.90096256332623,11.122718826128224
2735.0,74.97183581728652,486.8797473511296,11.122890986668848
2736.0,75.33041009957556,486.85850533098136,11.12306308910054
2737.0,74.9372378827231,486.8371617147864,11.123235133407249
2738.0,75.64222674427127,486.8159294973864,11.123407119572922
2739.0,75.4142071646184,486.79449753314213,11.123579047581517
2740.0,75.57259858283693,486.77313017444544,11.123750917416995
2741.0,73.75110881060738,486.7517179381804,11.123922729063318
2742.0,75.48660729850701,486.730821790684,11.124094482504463
2743.0,75.23480911258507,486.70943391861607,11.124266177724405
2744.0,74.53917869978682,486.68811738936756,11.124437814707125
2745.0,74.930776413817,486.66699795540256,11.124609393436616
2746.0,74.21097595931384,486.64576756875204,11.124780913896867
2747.0,74.9326526847636,486.62474112556356,11.124952376071878
2748.0,75.01366734164588,486.6035102073029,11.125123779945659
2749.0,75.34126611305197,486.5822563348894,11.12529512550221
2750.0,75.08763688422646,486.560909642824,11.125466412725554
2751.0,75.60964244692602,486.5396348123735,11.12563764159971
2752.0,75.25847321672813,486.51821208034687,11.125808812108701
2753.0,74.65071840539902,486.4968888462688,11.125979924236562
2754.0,75.43214843223049,486.4757378093872,11.126150977967328
2755.0,75.64264810798532,486.45436536733143,11.126321973285046
2756.0,74.9718141446329,486.4329332837009,11.12649291017376
2757.0,74.37681362378302,486.4116912696932,11.12666378861752
2758.0,75.16898338686897,486.3906178391665,11.126834608600396
2759.0,75.67842980285018,486.3693199605402,11.12700537010644
2760.0,74.85741799987854,486.34787773876275,11.12717607311973
2761.0,74.07617522627886,486.32666813699615,11.127346717624336
2762.0,74.5981931879894,486.3056798873487,11.127517303604343
2763.0,75.02568465677768,486.28454373261206,11.127687831043835
2764.0,74.03352831936763,486.2632864552927,11.127858299926906
2765.0,74.48522695669145,486.2423102889355,11.128028710237649
2766.0,73.82113363832687,486.2212061412978,11.12819906196017
2767.0,74.74254378805283,486.20029015343357,11.128369355078577
2768.0,74.79314527923384,486.1791130993603,11.12853958957698
2769.0,73.99124034746946,486.1579217081979,11.1287097654395
2770.0,73.4628318439422,486.1369575234327,11.128879882650264
2771.0,74.13682249209387,486.11614305441026,11.129049941193399
2772.0,73.76048190425,486.09513762137084,11.12921994105304
2773.0,74.68981210817331,486.07423881816464,11.129389882213333
2774.0,74.71975899974952,486.053076704734,11.129559764658415
2775.0,75.57864509812009,486.03190610635073,11.129729588372445
2776.0,75.726620535744,486.01049215690625,11.12989935333958
2777.0,72.97954587382658,485.9890362810878,11.130069059543981
2778.0,75.79884618251135,485.9683587430902,11.130238706969816
2779.0,75.33518336769308,485.9468824033385,11.130408295601258
2780.0,76.33249885494631,485.9255374347177,11.130577825422492
2781.0,75.59753318057076,485.9039098933754,11.130747296417693
2782.0,74.43357113897213,485.8824905923076,11.130916708571059
2783.0,76.65299862849365,485.8614010804849,11.131086061866782
2784.0,74.40799386998683,485.83968273087345,11.131255356289063
2785.0,73.93225863397842,485.81860046594363,11.131424591822112
2786.0,74.84407817698727,485.79765299266404,11.13159376845014
2787.0,75.19389625392081,485.77644717051385,11.131762886157365
2788.0,75.12378142986343,485.75514223324194,11.131931944928004
2789.0,73.77744004807266,485.7338571618368,11.132100944746293
2790.0,74.42298616984328,485.7129535538232,11.132269885596465
2791.0,76.12860214552857,485.69186704107506,11.132438767462759
2792.0,75.57724792877562,485.6702972704672,11.132607590329417
2793.0,74.17071713818417,485.6488837168873,11.132776354180693
2794.0,74.38734172650014,485.6278686803648,11.132945059000846
2795.0,75.15754647282454,485.6067922668757,11.13311370477413
2796.0,73.8421251977939,485.58549762870837,11.133282291484818
2797.0,74.83425278982791,485.56457569323567,11.133450819117181
2798.0,74.78345453505605,485.5433726549452,11.133619287655495
2799.0,75.19790431669925,485.5221840094936,11.133787697084049
2800.0,76.55827165371288,485.5008779366039,11.13395604738713
2801.0,76.29439452864646,485.479186426302,11.134124338549029
2802.0,74.36460876872897,485.4575696811856,11.134292570554049
2803.0,75.66588672980403,485.4364997087011,11.134460743386498
2804.0,73.78996480151775,485.41506104079434,11.134628857030687
2805.0,75.23577861122547,485.39415388410055,11.134796911470927
2806.0,75.42490994091891,485.3728370801607,11.134964906691549
2807.0,74.71814314353051,485.3514666890108,11.135132842676871
2808.0,75.3600650986576,485.3302965484535,11.135300719411235
2809.0,74.28683846092568,485.30894453000883,11.13546853687898
2810.0,75.64396567843004,485.2878965924449,11.135636295064442
2811.0,74.9321628405226,485.26646413550264,11.135803993951978
2812.0,74.64878243246241,485.2452333560312,11.13597163352594
2813.0,73.74852410851415,485.22408286767535,11.136139213770695
2814.0,75.03060795962546,485.2031874525112,11.136306734670603
2815.0,74.18869072706467,485.181928780256,11.136474196210038
2816.0,75.74932152291238,485.1609086512167,11.136641598373378
2817.0,75.21898529888848,485.1394463434519,11.136808941145008
2818.0,74.68590029206526,485.1181342976172,11.136976224509315
2819.0,73.97492343100605,485.0969732925344,11.137143448450693
2820.0,74.94612415129184,485.0760137308956,11.137310612953542
2821.0,75.22886392507576,485.05477899571946,11.137477718002268
2822.0,75.0129198771547,485.03346415094063,11.137644763581282
2823.0,75.1422418437421,485.0122104903088,11.137811749674999
2824.0,75.84957508185649,484.9909201884531,11.137978676267842
2825.0,75.60004683827579,484.9694294755132,11.138145543344239
2826.0,74.94219503693617,484.94800946224234,11.13831235088862
2827.0,74.92521279408278,484.92677584031526,11.13847909888543
2828.0,74.86510089879006,484.90554703002357,11.13864578731911
2829.0,73.37401088527204,484.8843352514356,11.138812416174108
2830.0,75.75730615007633,484.86354594835143,11.138978985434882
2831.0,74.51374389125662,484.84208137827557,11.139145495085891
2832.0,74.15785783427528,484.8209691508397,11.139311945111599
2833.0,74.91298306768749,484.7999577577867,11.139478335496486
2834.0,76.01951759061089,484.7787324125842,11.139644666225022
2835.0,75.3442351125458,484.75719354926684,11.139810937281695
2836.0,74.68032392379294,484.735846015985,11.13997714865099
2837.0,75.57657620962419,484.7146865908732,11.140143300317405
2838.0,76.16284497169634,484.6932732276138,11.140309392265435
2839.0,74.37125384830682,484.6716937548718,11.140475424479588
2840.0,74.09494894963069,484.6506218996148,11.140641396944376
2841.0,74.88184004032159,484.62962833074573,11.140807309644318
2842.0,75.59846083169883,484.608411809401,11.14097316256393
2843.0,73.99386061567625,484.58699224549866,11.141138955687744
2844.0,75.64753114886557,484.56602731832425,11.141304689000291
2845.0,74.3559051757895,484.5445938511654,11.141470362486112
2846.0,73.93224598442264,484.5235263446989,11.141635976129749
2847.0,74.88997227963162,484.5025788750033,11.141801529915755
2848.0,75.32281393874678,484.4813600495241,11.141967023828682
2849.0,74.86196229552317,484.4600185855748,11.142132457853096
2850.0,75.20566506440687,484.4388076962577,11.142297831973561
2851.0,75.03757862875304,484.4174994244895,11.142463146174649
2852.0,74.8703966098795,484.39623877721135,11.142628400440937
2853.0,74.84159402201959,484.3750254981719,11.142793594757011
2854.0,73.82348036379588,484.3538203798656,11.142958729107459
2855.0,74.90571037203617,484.33290372709587,11.143123803476877
2856.0,72.6314718338083,484.3116804424905,11.143288817849864
2857.0,75.24881822771965,484.2911015254709,11.143453772211025
2858.0,74.4737992225053,484.2697810269731,11.143618666544974
2859.0,74.77574327954798,484.2486801171933,11.14378350083633
2860.0,73.24352692791432,484.22749365659746,11.14394827506971
2861.0,74.86132956934048,484.20674132396783,11.144112989229745
2862.0,75.32738682210393,484.1855306139233,11.144277643301068
2863.0,74.48054909810078,484.16418785432364,11.144442237268322
2864.0,75.6265471350325,484.14308503207917,11.144606771116148
2865.0,76.0805498419887,484.12165751039095,11.144771244829201
2866.0,74.68504863463593,484.1001013546024,11.144935658392134
2867.0,75.32677179021731,484.0789405908225,11.14510001178961
2868.0,74.868145480522,484.05759800548196,11.145264305006297
2869.0,76.10290228326693,484.03638536426246,11.14542853802687
2870.0,74.60072036286019,484.0148228752822,11.145592710836002
2871.0,73.44000068146828,483.9936860045127,11.145756823418383
2872.0,74.873765010344,483.9728780043197,11.145920875758701
2873.0,74.89336407549725,483.9516637709001,11.146084867841653
2874.0,74.66194735919008,483.930443984412,11.14624879965194
2875.0,74.54402782137898,483.90928976599355,11.146412671174268
2876.0,75.11208070765163,483.88816895811084,11.14657648239335
2877.0,74.29682565001991,483.8668872019104,11.146740233293901
2878.0,74.06202903717754,483.8458364346429,11.146903923860652
2879.0,75.18915629337693,483.82485219308234,11.147067554078326
2880.0,75.56407490999574,483.80354859879924,11.147231123931663
2881.0,75.32389270269377,483.7821387775747,11.1473946334054
2882.0,74.16344794261384,483.7607970079756,11.147558082484284
2883.0,73.7029554569972,483.7397840310585,11.14772147115307
2884.0,75.7825245918695,483.71890152701235,11.14788479939651
2885.0,74.94956416467538,483.69742981171134,11.14804806719937
2886.0,76.04503773944653,483.67619410186467,11.148211274546423
2887.0,75.40098071714517,483.65464800783855,11.148374421422439
2888.0,74.819447082311,483.63328439663536,11.148537507812197
2889.0,75.38447113091954,483.6120855532953,11.148700533700485
2890.0,75.75824245561637,483.5907266198082,11.148863499072096
2891.0,75.8588658276812,483.5692617844458,11.149026403911826
2892.0,74.98415522443682,483.547768439128,11.149189248204475
2893.0,74.76777612304704,483.52652292848103,11.149352031934855
2894.0,74.8860230021864,483.5053387252462,11.149514755087779
2895.0,74.04623956230797,483.4841210187289,11.149677417648066
2896.0,75.8131520837035,483.4631412508529,11.149840019600541
2897.0,74.0690208187272,483.44166085776254,11.150002560930036
2898.0,74.23421288254711,483.4206746351972,11.150165041621388
2899.0,75.64705190974898,483.3996416082138,11.150327461659439
2900.0,74.38345329283118,483.3782082768394,11.150489821029037
2901.0,74.64211511317728,483.35713296507305,11.150652119715033
2902.0,75.01287677110828,483.33598436579103,11.150814357702291
2903.0,74.14492854229913,483.3147307173725,11.150976534975673
2904.0,75.53312017003815,483.2937229876189,11.15113865152005
2905.0,74.72417265396292,483.272321936904,11.1513007073203
2906.0,73.66464542581014,483.2511500879854,11.151462702361302
2907.0,75.01003626066476,483.23027843844807,11.151624636627947
2908.0,76.21469150975838,483.2090255948409,11.151786510105124
2909.0,75.08632227565519,483.1874314322465,11.151948322777734
2910.0,75.44871597709441,483.1661569742684,11.152110074630686
2911.0,75.72242077963965,483.1447798380749,11.152271765648882
2912.0,76.12625440906221,483.1233251521873,11.152433395817244
2913.0,75.17612456231844,483.1017560467714,11.152594965120695
2914.0,75.28260516691478,483.0804561448121,11.152756473544157
2915.0,75.72205643853742,483.0591260733481,11.152917921072564
2916.0,74.76506317170498,483.03767149069057,11.15307930769086
2917.0,75.33411677370907,483.0164880561252,11.153240633383982
2918.0,74.97021796158646,482.995143389706,11.153401898136885
2919.0,76.11925920521733,482.9739018279503,11.153563101934523
2920.0,75.81179994656387,482.9523347045087,11.153724244761857
2921.0,75.85105683417702,482.9308546945239,11.153885326603856
2922.0,74.623327247758,482.9093635617542,11.154046347445492
2923.0,75.89293128769091,482.88822028570064,11.154207307271744
2924.0,74.63764895858351,482.8667172885025,11.154368206067595
2925.0,74.61378573337895,482.8455699546309,11.154529043818036
2926.0,73.78260622397214,482.82442938200643,11.154689820508061
2927.0,75.16713695780302,482.803524310243,11.15485053612267
2928.0,75.58185293356617,482.7822269547716,11.155011190646876
2929.0,74.45723396113387,482.7608120964405,11.155171784065686
2930.0,75.0417911675429,482.73971588015144,11.15533231636412
2931.0,74.75538935358185,482.71845403932065,11.155492787527203
2932.0,73.9603587157359,482.6972733456705,11.155653197539964
2933.0,74.48150186743888,482.676317910701,11.15581354638744
2934.0,74.35768939198928,482.6552148185052,11.15597383405467
2935.0,74.15709116061079,482.63414680651084,11.156134060526702
2936.0,75.23206921947961,482.613135630682,11.156294225788589
2937.0,73.91618274313325,482.5918198777365,11.156454329825388
2938.0,74.41119164776944,482.5708769592926,11.156614372622164
2939.0,74.08802959541624,482.54979378832576,11.156774354163986
2940.0,74.80751148150007,482.5288021799403,11.156934274435931
2941.0,75.39510945302395,482.5076067183539,11.15709413342308
2942.0,75.23991511186844,482.48624477067557,11.157253931110517
2943.0,75.42037699093798,482.46492679472726,11.157413667483338
2944.0,74.9597840573739,482.44355768791314,11.157573342526641
2945.0,75.58910712790559,482.4223190824302,11.157732956225528
2946.0,75.7982797548927,482.4009021687439,11.157892508565109
2947.0,74.18407056705311,482.37942598948007,11.158051999530501
2948.0,75.07387916089459,482.3584071694861,11.158211429106826
2949.0,76.27362464473099,482.33713623705717,11.15837079727921
2950.0,76.58772714956447,482.3155253767411,11.158530104032783
2951.0,75.06121047787748,482.2938255207154,11.158689349352686
2952.0,74.93117696840376,482.2725581777467,11.158848533224063
2953.0,76.096037265044,482.2513276776057,11.159007655632065
2954.0,73.84032198929093,482.2297671337139,11.159166716561847
2955.0,74.99729938724896,482.20884570915024,11.159325715998568
2956.0,75.58415307639135,482.18759647432387,11.159484653927398
2957.0,74.9619950636009,482.16618096428556,11.159643530333508
2958.0,74.21452658330563,482.14494173235084,11.159802345202078
2959.0,76.17859509800273,482.12391428315226,11.159961098518291
2960.0,76.12364948298483,482.1023303478745,11.160119790267338
2961.0,74.62324945639327,482.08076198052095,11.160278420434414
2962.0,75.9479670050856,482.05961872650835,11.16043698900472
2963.0,75.0585865346431,482.0381001358569,11.160595495963467
2964.0,76.22645355783112,482.01683353633877,11.16075394129586
2965.0,75.41648212288588,481.99523604116405,11.160912324987128
2966.0,75.64561772553822,481.9738680378959,11.16107064702249
2967.0,75.87937934902172,481.9524351128737,11.161228907387176
2968.0,74.94287286012496,481.9309359553914,11.161387106066421
2969.0,73.77983618843916,481.9097021414144,11.16154524304547
2970.0,74.40741428011796,481.8887978544943,11.16170331830957
2971.0,74.43348111801019,481.8677157537817,11.161861331843975
2972.0,76.2888035093855,481.84662626746484,11.162019283633937
2973.0,74.74454710330112,481.8250111064705,11.16217717366473
2974.0,75.38322934870108,481.80383348479126,11.162335001921623
2975.0,74.18686106387118,481.78247490314243,11.162492768389889
2976.0,75.9502512911991,481.7614552925077,11.162650473054807
2977.0,75.5701468842252,481.7399360546419,11.162808115901674
2978.0,75.69352038001617,481.7185245130247,11.162965696915776
2979.0,76.24829758108253,481.69707801558366,11.16312321608242
2980.0,75.6742948966859,481.6754743312691,11.163280673386904
2981.0,72.88614923909438,481.65403328104827,11.163438068814541
2982.0,75.17079320905214,481.63338220543056,11.163595402350648
2983.0,75.58183270399934,481.61208381402133,11.163752673980548
2984.0,75.71192291651236,481.59066896142184,11.16390988368957
2985.0,75.28293737705427,481.5692172499288,11.164067031463045
2986.0,76.04326431420442,481.54788708433864,11.164224117286315
2987.0,75.73147143999822,481.526341492783,11.164381141144728
2988.0,74.0578829677185,481.5048842425416,11.164538103023629
2989.0,75.35903443354258,481.4839011757008,11.164695002908385
2990.0,74.53854422383074,481.46254944927796,11.164851840784348
2991.0,76.34045995673053,481.4414301950812,11.165008616636893
2992.0,75.2670328634161,481.41980039809346,11.165165330451392
2993.0,74.40508360139921,481.3984747387821,11.165321982213229
2994.0,76.1315216233357,481.3773932984284,11.165478571907787
2995.0,75.0760257472093,481.35582270063514,11.165635099520458
2996.0,76.00115430468315,481.3345511600068,11.16579156503664
2997.0,75.0758573477105,481.31301749962046,11.165947968441738
2998.0,74.36479115047733,481.29174600670524,11.166104309721158
2999.0,76.02335267733902,481.270675982546,11.166260588860316
3000.0,73.19578039699476,481.2491360326207,11.166416805844639
3001.0,74.32099885958729,481.22839722817486,11.166572960659543
3002.0,75.39555578262734,481.20733961183134,11.16672905329047
3003.0,74.10207072836813,481.18597753769296,11.166885083722851
3004.0,75.10296237477222,481.16498195098654,11.167041051942137
3005.0,74.32680523374218,481.1437027783137,11.167196957933772
3006.0,74.06320524114133,481.1226435168308,11.167352801683213
3007.0,74.1849542368055,481.1016589420125,11.167508583175925
3008.0,74.49581323037711,481.08063987164536,11.16766430239737
3009.0,74.70649856646973,481.0595327245635,11.167819959333025
3010.0,74.9748324749616,481.03836588330296,11.16797555396837
3011.0,74.63941063778452,481.01712301410174,11.168131086288884
3012.0,76.0333390781062,480.99597518108766,11.168286556280062
3013.0,73.98856526960223,480.97443240168224,11.1684419639274
3014.0,75.54904808496677,480.95346897485587,11.168597309216398
3015.0,75.54488737391236,480.93206341123175,11.168752592132567
3016.0,74.91454897162038,480.9106590264758,11.168907812661418
3017.0,77.03978555323809,480.88943323760054,11.169062970788472
3018.0,75.63304244445186,480.8676052983604,11.169218066499253
3019.0,74.21331218186269,480.8461759363345,11.169373099779294
3020.0,75.55966857570249,480.8251488312163,11.169528070614135
3021.0,73.61871988758392,480.80374025845316,11.16968297898931
3022.0,74.03451553696888,480.7828816211517,11.16983782489038
3023.0,74.18340751908839,480.7619051750829,11.169992608302886
3024.0,75.35355492506696,480.7408865429525,11.1701473292124
3025.0,76.40984446567376,480.7195363690571,11.170301987604482
3026.0,74.96269947144464,480.69788691312516,11.170456583464706
3027.0,74.81756115848998,480.6766474816082,11.170611116778646
3028.0,75.17150010652509,480.6554491726133,11.170765587531893
3029.0,74.32127864333835,480.63415058091647,11.170919995710031
3030.0,75.67848574558211,480.6130928853009,11.17107434129866
3031.0,75.60287729956843,480.59165064767296,11.171228624283374
3032.0,75.29968306544713,480.5702298324381,11.171382844649786
3033.0,73.59604862301985,480.54889492223623,11.17153700238351
3034.0,74.24007576533396,480.5280427084596,11.171691097470159
3035.0,74.45243190019741,480.50700802032617,11.171845129895361
3036.0,74.57498828998324,480.48591316462114,11.171999099644749
3037.0,73.89264411348006,480.46478358460564,11.172153006703953
3038.0,74.28409179405215,480.4438473354401,11.172306851058618
3039.0,74.75159533652564,480.42280017609846,11.172460632694396
3040.0,74.93567812119791,480.40162055741973,11.172614351596938
3041.0,74.5691158932645,480.3803887819521,11.172768007751898
3042.0,74.5414182946616,480.35926086578235,11.172921601144951
3043.0,75.01583007167292,480.3381407972655,11.173075131761763
3044.0,74.53929238400708,480.31688631207857,11.173228599588013
3045.0,74.78111508886201,480.2957668459031,11.173382004609383
3046.0,74.15006107920445,480.2745788632946,11.173535346811564
3047.0,75.52253146468247,480.25356967932214,11.173688626180247
3048.0,74.86499177797035,480.23217162874045,11.173841842701137
3049.0,75.12365586146943,480.21095988107004,11.173994996359939
3050.0,76.3504712056815,480.1896748452426,11.174148087142363
3051.0,74.88422845980169,480.16804221173436,11.17430111503413
3052.0,75.1921600041503,480.14682501367076,11.174454080020965
3053.0,72.90379221969738,480.12552056833624,11.174606982088594
3054.0,76.27615674083746,480.104864493874,11.174759821222757
3055.0,74.86646996993785,480.08325291613073,11.174912597409195
3056.0,74.37683045143802,480.06204074963927,11.175065310633656
3057.0,74.51481183238155,480.04096731434475,11.17521796088189
3058.0,75.29408623395182,480.0198547843255,11.17537054813966
3059.0,77.4433622505808,479.9985214598926,11.175523072392728
3060.0,74.90044027317866,479.9765791739216,11.175675533626872
3061.0,74.39677348113375,479.95535738251084,11.175827931827861
3062.0,76.51952213193412,479.9342782966912,11.175980266981481
3063.0,74.74589693326074,479.9125977654205,11.176132539073521
3064.0,74.79355045392727,479.89141976128934,11.176284748089778
3065.0,74.60696367778483,479.87022825532745,11.176436894016048
3066.0,75.1236810380796,479.8490896156187,11.17658897683814
3067.0,75.77386351829813,479.82780457265795,11.176740996541868
3068.0,74.76489200160364,479.80633531132776,11.176892953113047
3069.0,73.83158827549524,479.7851519252606,11.177044846537502
3070.0,74.71401196155087,479.7642329752493,11.177196676801062
3071.0,75.85725457557004,479.74306400519345,11.177348443889567
3072.0,74.92779406279081,479.72157111639706,11.177500147788853
3073.0,74.47685856028674,479.70034157474595,11.177651788484775
3074.0,75.22366589524711,479.67923979815384,11.17780336596318
3075.0,74.21102968388004,479.6579264261502,11.17795488020993
3076.0,73.56207479407834,479.6368999677398,11.178106331210891
3077.0,75.68612375949257,479.61605737988145,11.178257718951931
3078.0,75.9484802663003,479.5946129781496,11.178409043418931
3079.0,75.75451394096298,479.5730942420742,11.178560304597772
3080.0,74.36149782526923,479.55163046312424,11.178711502474346
3081.0,75.62119166229778,479.5305613720737,11.178862637034545
3082.0,74.66718435545889,479.50913536776943,11.179013708264266
3083.0,73.93830440629479,479.4879796655353,11.179164716149426
3084.0,74.83948163218727,479.4670304792869,11.179315660675929
3085.0,74.54705787791858,479.4458259594911,11.179466541829695
3086.0,73.2722626858295,479.42470429309236,11.179617359596653
3087.0,75.51774424717081,479.4039438186647,11.179768113962727
3088.0,76.20145874932811,479.3825471244614,11.179918804913857
3089.0,75.99633480304955,479.3609567111491,11.180069432435985
3090.0,75.27994571145054,479.3394244162882,11.180219996515058
3091.0,75.62212875000506,479.31809509833664,11.18037049713703
3092.0,76.27135734348587,479.29666882852416,11.180520934287864
3093.0,73.06656634381996,479.27505861061013,11.18067130795352
3094.0,75.32071521727393,479.2543564168127,11.180821618119975
3095.0,73.43725540324517,479.23301554750117,11.180971864773205
3096.0,74.94345018833451,479.2122083251369,11.181122047899194
3097.0,75.62471659663024,479.19097434758356,11.181272167483929
3098.0,74.84977452485218,479.1695473445478,11.181422223513408
3099.0,74.17952255816962,479.14833990843243,11.181572215973635
3100.0,75.8509042769483,479.12732237704097,11.181722144850612
3101.0,75.29781346828034,479.10583128749585,11.181872010130352
3102.0,75.17985914342971,479.08449690701315,11.18202181179888
3103.0,74.44488050724142,479.06319594692246,11.182171549842217
3104.0,74.9121982179545,479.04210323077876,11.182321224246394
3105.0,74.65152075424558,479.02087810795035,11.18247083499745
3106.0,74.82339197605857,478.99972684373665,11.182620382081426
3107.0,75.51561837460144,478.97852688267676,11.18276986548437
3108.0,75.14551565025937,478.957130790804,11.182919285192343
3109.0,75.5428613061662,478.93583956136973,11.183068641191399
3110.0,74.40618601363978,478.9144357506663,11.183217933467608
3111.0,75.8284285961632,478.8933539979625,11.18336716200704
3112.0,76.63274370372,478.8718692765269,11.183516326795777
3113.0,74.19942163634423,478.85015666581086,11.1836654278199
3114.0,74.70826913200413,478.8291334963472,11.183814465065504
3115.0,74.46911896016032,478.8079661534265,11.183963438518681
3116.0,74.03233396680307,478.7868665697211,11.184112348165536
3117.0,75.7675803788338,478.7658907417638,11.184261193992176
3118.0,75.68626357385726,478.7444232606565,11.18440997598472
3119.0,73.61749334735761,478.7229788193105,11.18455869412928
3120.0,75.2820179072485,478.7021205295288,11.184707348411985
3121.0,74.97476528535203,478.6807906244551,11.184855938818972
3122.0,74.64084368068094,478.65954777429096,11.185004465336373
3123.0,75.31968282248488,478.638399535248,11.185152927950337
3124.0,74.19723547645454,478.6170589584484,11.18530132664701
3125.0,75.52193100396566,478.59603640839674,11.185449661412552
3126.0,75.27183599937364,478.5746385279456,11.185597932233122
3127.0,75.07050625982473,478.5533115077458,11.185746139094888
3128.0,74.98093785597672,478.53204153097215,11.185894281984027
3129.0,74.4318028805788,478.510796931913,11.186042360886717
3130.0,75.22329906101709,478.4897079210968,11.186190375789138
3131.0,75.31636699508887,478.46839465302946,11.186338326677493
3132.0,74.91564730510154,478.4470550157142,11.186486213537972
3133.0,75.55132058260101,478.42582891564444,11.18663403635678
3134.0,77.29450555577108,478.404422708146,11.18678179512013
3135.0,75.23679592321709,478.38252259823855,11.186929489814235
3136.0,74.25926112131503,478.36120550606034,11.187077120425316
3137.0,75.06341648689462,478.3401653820759,11.187224686939603
3138.0,74.28996178138172,478.31889741407133,11.187372189343327
3139.0,75.10143503745901,478.2978485915666,11.187519627622727
3140.0,73.99100937209155,478.2765698516393,11.187667001764055
3141.0,73.3008948138066,478.25560573231724,11.187814311753554
3142.0,74.90906450013627,478.2348371454533,11.18796155757749
3143.0,75.37743170921355,478.2136129105116,11.188108739222121
3144.0,74.9182300218789,478.19225597152735,11.188255856673717
3145.0,74.71782382039108,478.1710291396878,11.188402909918556
3146.0,75.60230116875682,478.14985908960534,11.188549898942917
3147.0,75.6999964166491,478.12843843760754,11.188696823733089
3148.0,74.34894948140231,478.1069901052895,11.188843684275364
3149.0,75.23467428898621,478.0859245696031,11.188990480556042
3150.0,75.55550756032672,478.06460807855456,11.189137212561432
3151.0,74.92642428903956,478.0432006847458,11.189283880277841
3152.0,76.13486031906658,478.0219715311972,11.18943048369159
3153.0,76.21549638681522,478.0003999874401,11.189577022788995
3154.0,74.67995000620266,477.9788055967972,11.189723497556397
3155.0,76.0416766290782,477.9576462776288,11.189869907980125
3156.0,74.43788921578481,477.9361011359172,11.190016254046519
3157.0,74.7064348762869,477.9150104006394,11.19016253574193
3158.0,74.7697891926664,477.8938435774245,11.190308753052708
3159.0,74.15027837213638,477.8726588038199,11.190454905965218
3160.0,73.60146104989656,477.8516495582811,11.190600994465818
3161.0,75.29622456221242,477.8307958109836,11.190747018540888
3162.0,74.72290614081636,477.80946188069095,11.190892978176798
3163.0,74.15344034237287,477.78829039061776,11.191038873359938
3164.0,74.16621372875059,477.7672802491874,11.191184704076694
3165.0,74.79082969149546,477.7462664886309,11.19133047031346
3166.0,75.60949888967545,477.7250757535517,11.19147617205664
3167.0,74.6703483547585,477.7036530621996,11.191621809292641
3168.0,75.23225305127995,477.6824964634991,11.191767382007878
3169.0,74.83436955779042,477.6611806584679,11.191912890188771
3170.0,75.41363506566142,477.6399775870932,11.192058333821741
3171.0,75.20955222864016,477.61861039049126,11.192203712893225
3172.0,75.96341908451684,477.5973010173598,11.192349027389657
3173.0,75.10213248097055,477.57577804861916,11.192494277297484
3174.0,74.95624651641154,477.5544991110829,11.192639462603154
3175.0,75.72153098270438,477.53326150790326,11.192784583293122
3176.0,73.8535305809474,477.5118070741249,11.192929639353853
3177.0,76.02786026472835,477.4908819071269,11.19307463077181
3178.0,74.53626510889035,477.46934068005186,11.19321955753347
3179.0,74.98704820827028,477.4482220716044,11.193364419625311
3180.0,75.17943555159589,477.4269757412787,11.193509217033823
3181.0,74.45676540775227,477.40567490120577,11.193653949745494
3182.0,75.32917628476815,477.3845788176735,11.193798617746825
3183.0,75.20464790979494,477.3632355510595,11.193943221024318
3184.0,74.77030321277937,477.34192756748513,11.19408775956448
3185.0,74.9205142784643,477.32074264824143,11.194232233353835
3186.0,75.309593257786,477.2995151691959,11.194376642378899
3187.0,74.74142549392126,477.2781774511062,11.194520986626204
3188.0,74.73938882054931,477.2570007138829,11.194665266082279
3189.0,74.69170001142612,477.2358245537171,11.194809480733667
3190.0,75.18777990352332,477.2146619053806,11.19495363056692
3191.0,75.68405335359986,477.19335870107454,11.19509771556858
3192.0,73.75408660026638,477.1719148859577,11.195241735725213
3193.0,75.19887658280551,477.15101789475426,11.195385691023382
3194.0,75.108328086465,477.12971154638916,11.195529581449657
3195.0,75.5634377839069,477.10843085343134,11.195673406990613
3196.0,76.00346426298275,477.0870212127259,11.195817167632834
3197.0,74.07281139608826,477.0654868978514,11.19596086336291
3198.0,74.20454615644671,477.04449960128915,11.196104494167432
3199.0,75.20333600362771,477.0234749798782,11.196248060033007
3200.0,73.76994915575003,477.0021673680105,11.196391560946235
3201.0,74.35906045010474,476.9812658824164,11.196534996893734
3202.0,74.66625073747122,476.96019748195545,11.19667836786212
3203.0,74.2761487631393,476.93904204424655,11.196821673838018
3204.0,75.56649142907328,476.91799713543026,11.196964914808063
3205.0,75.93696002843353,476.89658662952536,11.197108090758888
3206.0,76.20454471798149,476.8750711575173,11.197251201677139
3207.0,75.60422901111599,476.8534798698472,11.197394247549463
3208.0,74.420710906421,476.8320586716274,11.197537228362515
3209.0,74.03653168911964,476.81097280353725,11.19768014410296
3210.0,75.91578552289961,476.78999578622535,11.197822994757464
3211.0,74.43696384257916,476.7684863136605,11.197965780312696
3212.0,75.77686267561364,476.7473958405718,11.198108500755344
3213.0,74.93286884168342,476.7259257294804,11.198251156072088
3214.0,76.57360039097765,476.70469474997526,11.198393746249621
3215.0,75.32842409181816,476.6829988965311,11.19853627127464
3216.0,75.39356996135393,476.66165584303843,11.198678731133851
3217.0,75.3939095224108,476.64029433154934,11.198821125813964
3218.0,74.0863568557068,476.6189327238514,11.198963455301692
3219.0,76.05318295551676,476.59794158940895,11.199105719583763
3220.0,74.8159516289188,476.5763931875715,11.199247918646899
3221.0,75.79475038036139,476.55519533460995,11.199390052477838
3222.0,76.10410641417434,476.5337201553356,11.199532121063319
3223.0,76.66578098108684,476.5121573251849,11.19967412439009
3224.0,76.61310802112412,476.49043535390695,11.1998160624449
3225.0,75.26451695548597,476.46872830663426,11.199957935214513
3226.0,74.32383230251207,476.4474033601635,11.200099742685692
3227.0,75.06601178562558,476.42634494101117,11.200241484845204
3228.0,75.7700241692567,476.4050762376719,11.200383161679833
3229.0,74.70678223153419,476.3836080641573,11.200524773176358
3230.0,74.3713006420793,476.362441142525,11.200666319321567
3231.0,75.39271926118334,476.3413692740097,11.200807800102258
3232.0,74.40664260094206,476.3200080035524,11.20094921550523
3233.0,74.54901956746328,476.29892612148217,11.20109056551729
3234.0,74.77407398418109,476.27780389927136,11.201231850125257
3235.0,75.03995668287511,476.2566179116425,11.201373069315943
3236.0,75.08686825791355,476.23535659058234,11.201514223076181
3237.0,74.79272183187295,476.2140819779093,11.2016553113928
3238.0,75.32866140917767,476.1928907067236,11.201796334252636
3239.0,74.17023882126928,476.171547585991,11.201937291642537
3240.0,75.6693327109693,476.1505326849916,11.202078183549348
3241.0,74.57884557803871,476.1290930407235,11.202219009959927
3242.0,74.98160346776348,476.1079623678097,11.202359770861142
3243.0,74.98684922781462,476.0867175801605,11.202500466239854
3244.0,74.14688823134878,476.0654713062126,11.202641096082944
3245.0,74.51349532999372,476.04446302121374,11.202781660377287
3246.0,74.66047917662746,476.0233508642036,11.202922159109773
3247.0,74.61750242534652,476.00219706177023,11.203062592267298
3248.0,75.68925544994346,475.98105543608307,11.203202959836753
3249.0,75.28416044882626,475.95961014703886,11.20334326180505
3250.0,74.38786945581828,475.9382796349117,11.2034834981591
3251.0,75.26399995813227,475.9172030718992,11.203623668885815
3252.0,75.68001857700622,475.8958782719111,11.203763773972124
3253.0,73.79177137215984,475.8744355999809,11.203903813404956
3254.0,75.43099165165052,475.85352793142545,11.204043787171248
3255.0,75.26471035970498,475.8321558171242,11.204183695257937
3256.0,74.49561057482141,475.81083081585564,11.204323537651973
3257.0,75.02329953617865,475.78972372619273,11.204463314340313
3258.0,75.59895329363238,475.7684671246575,11.204603025309916
3259.0,74.66960151112453,475.7470474212243,11.204742670547748
3260.0,74.84899674824938,475.7258910341295,11.20488225004078
3261.0,75.42848661833983,475.7046838183841,11.205021763775992
3262.0,74.91919906675685,475.6833124138423,11.205161211740371
3263.0,74.26383270061685,475.66208530744,11.205300593920908
3264.0,75.23195056673559,475.64104388817486,11.205439910304598
3265.0,73.82702023010062,475.6197281688476,11.205579160878445
3266.0,75.69401422130763,475.5988105131157,11.205718345629457
3267.0,76.31179187490662,475.57736387575306,11.205857464544652
3268.0,75.5039800957686,475.5557422013885,11.205996517611048
3269.0,73.95662857244771,475.534349407028,11.206135504815677
3270.0,76.56488905985277,475.51339502893245,11.206274426145573
3271.0,76.59001894234635,475.49170164369883,11.206413281587775
3272.0,75.89789306366531,475.4700011383319,11.206552071129327
3273.0,73.84936692868182,475.44849673529717,11.206690794757284
3274.0,74.31104314491975,475.4275727480007,11.206829452458702
3275.0,75.10964823235923,475.406517952443,11.206968044220652
3276.0,74.28897138904823,475.3852368854438,11.207106570030197
3277.0,75.08865433883389,475.36418834355027,11.20724502987442
3278.0,74.35135824692745,475.34291322482096,11.207383423740401
3279.0,74.18705974466906,475.32184700665096,11.20752175161523
3280.0,74.5153158139482,475.3008273397233,11.207660013486004
3281.0,74.7555598331768,475.27971466690934,11.207798209339824
3282.0,76.01950378289922,475.2585339249566,11.207936339163796
3283.0,75.36823602316693,475.23699506555147,11.208074402945034
3284.0,75.23435063484723,475.21564073201154,11.20821240067066
3285.0,74.27268453291772,475.194324332665,11.208350332327802
3286.0,74.78339317993321,475.17328040538064,11.20848819790359
3287.0,74.2471381019586,475.152091777313,11.20862599738516
3288.0,74.92960019971697,475.13105508818416,11.208763730759662
3289.0,75.03542786324581,475.1098250347942,11.208901398014245
3290.0,76.38844580697406,475.08856499689966,11.209038999136066
3291.0,75.7360530685054,475.066921603921,11.209176534112288
3292.0,75.1627666815815,475.0454630555516,11.20931400293008
3293.0,74.49901487617507,475.02416693832515,11.209451405576619
3294.0,74.12064241539862,475.0030588841102,11.209588742039085
3295.0,74.02495976998158,474.9820580354259,11.209726012304667
3296.0,74.13878168187333,474.96108429682437,11.209863216360562
3297.0,75.58019365823988,474.94007830868117,11.210000354193966
3298.0,75.11648352091323,474.918663920478,11.210137425792086
3299.0,74.3576595369607,474.89738091681374,11.210274431142137
3300.0,74.95267546791443,474.87631291327824,11.210411370231338
3301.0,74.62726120843925,474.8550763218957,11.210548243046912
3302.0,74.30014746182034,474.8339319312199,11.21068504957609
3303.0,74.54460419615097,474.8128802227725,11.210821789806113
3304.0,75.96232811575541,474.7917592515836,11.210958463724221
3305.0,74.44848476543741,474.7702365919508,11.211095071317665
3306.0,75.64905292809776,474.74914285460056,11.2112316125737
3307.0,73.23654053015414,474.7277089562709,11.211368087479592
3308.0,74.01637132595273,474.7069586031207,11.211504496022606
3309.0,75.2553297958301,474.6859872979117,11.211640838190016
3310.0,74.2216020437119,474.6646649544695,11.211777113969104
3311.0,75.44374272709588,474.64363550055714,11.211913323347158
3312.0,75.75214313980801,474.6222597734511,11.21204946631147
3313.0,74.86129097717458,474.6007966662282,11.212185542849339
3314.0,74.24129816938645,474.57958596711796,11.21232155294807
3315.0,76.31967193769316,474.5585509326367,11.212457496594977
3316.0,74.99927364051007,474.53692702558766,11.212593373777379
3317.0,75.7382600575145,474.51567723138953,11.212729184482594
3318.0,73.67102816390616,474.4942180577066,11.212864928697957
3319.0,74.0791481863185,474.4733445997268,11.213000606410805
3320.0,74.22480881069649,474.45235550774066,11.21313621760848
3321.0,76.01274348153311,474.43132514524433,11.213271762278328
3322.0,74.33406560256972,474.40978820125787,11.213407240407708
3323.0,74.90679660698227,474.3887268826704,11.21354265198398
3324.0,75.5063911471725,474.3675032902985,11.21367799699451
3325.0,75.16793670000197,474.3461098128068,11.213813275426677
3326.0,75.86370913348027,474.32481223074177,11.213948487267853
3327.0,75.88436572442696,474.30331751315396,11.21408363250543
3328.0,73.92631907885381,474.28181694286536,11.214218711126803
3329.0,76.82637097568559,474.2608711524597,11.21435372311936
3330.0,74.51152623688664,474.2391036806833,11.214488668470516
3331.0,74.50989642490006,474.2179920815828,11.214623547167678
3332.0,75.50820096895168,474.1968809442624,11.214758359198264
3333.0,74.43172361510744,474.1754869539879,11.214893104549697
3334.0,74.00052488513839,474.15439796563027,11.21502778320941
3335.0,74.55502875923213,474.13343115024617,11.21516239516483
3336.0,75.84680873542383,474.11230722543104,11.21529694040341
3337.0,76.34128971373444,474.09081729628934,11.215431418912592
3338.0,74.33596998483654,474.0691872642038,11.21556583067983
3339.0,75.51280149252877,474.04812540604144,11.215700175692593
3340.0,75.43168290619506,474.0267301122852,11.215834453938337
3341.0,75.03416227509753,474.0053578021284,11.215968665404542
3342.0,74.76421396464102,473.98409812281716,11.216102810078684
3343.0,74.44949493439623,473.9629149288605,11.216236887948254
3344.0,74.2666466965193,473.94182090529574,11.21637089900074
3345.0,75.50080145143991,473.9207786887318,11.216504843223639
3346.0,74.05251805722787,473.8993867949872,11.21663872060446
3347.0,75.4123781239902,473.87840524820433,11.21677253113071
3348.0,73.82033104033253,473.85703840773584,11.216906274789906
3349.0,75.59309010456577,473.8361226472744,11.217039951569573
3350.0,74.53653065116518,473.8147046050781,11.217173561457239
3351.0,74.71069082870704,473.7935859213936,11.217307104440442
3352.0,74.6778352616951,473.77241789232545,11.217440580506722
3353.0,75.67892389548996,473.7512591723347,11.217573989643627
3354.0,75.45497255294895,473.7298168105643,11.217707331838712
3355.0,74.49552964273705,473.7084379016743,11.217840607079538
3356.0,74.10237989568094,473.6873308349422,11.217973815353668
3357.0,73.63392552168928,473.6663351606384,11.218106956648679
3358.0,75.70402003335614,473.6454722150739,11.218240030952153
3359.0,74.1142568831962,473.62402274273114,11.218373038251672
3360.0,73.60236348432063,473.60302370328094,11.218505978534825
3361.0,75.4126645992273,473.5821697002937,11.218638851789217
3362.0,75.38246895008683,473.56080277865726,11.218771658002444
3363.0,76.16541677601691,473.5394444124547,11.218904397162126
3364.0,75.37320869629288,473.51786421103486,11.219037069255874
3365.0,75.6496758546033,473.49650846857094,11.219169674271312
3366.0,75.48230866138876,473.47507439374544,11.21930221219607
3367.0,74.5956975805422,473.45368773962474,11.21943468301778
3368.0,74.74613177215231,473.43255229197683,11.219567086724094
3369.0,75.55030677154389,473.4113742213081,11.219699423302647
3370.0,76.0393834163352,473.3899683010562,11.219831692741106
3371.0,74.22070932798898,473.3684238090882,11.219963895027123
3372.0,75.29348556037098,473.3473946081119,11.220096030148367
3373.0,74.85997872739148,473.32606145386984,11.220228098092512
3374.0,74.80203742716431,473.30485112656373,11.220360098847237
3375.0,75.97383891727256,473.2836572159594,11.220492032400228
3376.0,74.71722691805078,473.26213129493283,11.220623898739179
3377.0,75.58136883735101,473.24096141397274,11.220755697851786
3378.0,74.02943458940084,473.21954669280217,11.220887429725753
3379.0,75.55897710906397,473.19857168633513,11.221019094348792
3380.0,74.69112176974342,473.1771633094876,11.221150691708619
3381.0,74.83090669142824,473.15600082498617,11.221282221792963
3382.0,75.55768763055542,473.13479873475694,11.221413684589546
3383.0,75.41900632229037,473.1133907232616,11.221545080086107
3384.0,75.1085187217304,473.09202200480354,11.221676408270389
3385.0,74.70744543329803,473.0707412578324,11.221807669130138
3386.0,75.2098962019942,473.04957414829295,11.221938862653113
3387.0,75.06720692991344,473.0282646777024,11.222069988827073
3388.0,75.88131940326625,473.006995635739,11.222201047639784
3389.0,75.3042881279012,472.9854959285747,11.22233203907902
3390.0,75.58248288916073,472.96415971360517,11.222462963132564
3391.0,74.75636012923023,472.94274467678656,11.222593819788198
3392.0,74.93238187943875,472.9215637080833,11.222724609033715
3393.0,74.61398343195879,472.90033286655074,11.222855330856918
3394.0,75.04028349478708,472.8791922379117,11.222985985245609
3395.0,74.23095367321616,472.8579308242548,11.2231165721876
3396.0,75.30576908142314,472.83689872071415,11.223247091670707
3397.0,74.3222858253679,472.81556208614103,11.223377543682755
3398.0,73.89243675664667,472.7945041051572,11.223507928211575
3399.0,74.6239231961141,472.7735679147428,11.223638245245002
3400.0,75.59259540263533,472.75242446983725,11.223768494770882
3401.0,75.43010432969606,472.7310065678065,11.223898676777061
3402.0,75.00502285567656,472.70963470491307,11.224028791251394
3403.0,73.99407151511382,472.68838328177065,11.224158838181745
3404.0,74.72871813523676,472.66741829484135,11.224288817555983
3405.0,74.23485997987302,472.6462451580364,11.224418729361979
3406.0,75.01495280492726,472.62521194770875,11.224548573587617
3407.0,76.15393784197094,472.6039577110807,11.224678350220781
3408.0,74.52699564311644,472.5823807620254,11.224808059249366
3409.0,75.95335968463205,472.56126477992655,11.22493770066127
3410.0,74.83615723766913,472.53974466134923,11.225067274444399
3411.0,74.8880010596571,472.5185410834652,11.225196780586668
3412.0,74.94408327528708,472.4973228164984,11.225326219075994
3413.0,76.05197150275467,472.4760886595704,11.225455589900298
3414.0,74.6787894851916,472.4545406009779,11.225584893047518
3415.0,74.94297220169291,472.43338161062377,11.225714128505587
3416.0,75.02913770112261,472.41214776849995,11.22584329626245
3417.0,75.85936570617359,472.390889512818,11.225972396306055
3418.0,75.44417692674169,472.3693960258679,11.22610142862436
3419.0,74.68871316591002,472.34802017573867,11.22623039320533
3420.0,75.4311732365428,472.32685837367495,11.22635929003693
3421.0,74.48870228491742,472.30548620792456,11.226488119107138
3422.0,75.25826222644795,472.28438107561055,11.226616880403933
3423.0,75.67757854195449,472.26305790131306,11.226745573915307
3424.0,75.31051685321866,472.24161592072613,11.226874199629252
3425.0,74.69307712717551,472.2202779409511,11.227002757533768
3426.0,75.79052764945266,472.19911490243175,11.227131247616862
3427.0,74.23770580533363,472.1776409195977,11.22725966986655
3428.0,75.93571133036224,472.15660690295283,11.227388024270846
3429.0,74.462664141568,472.1350917847426,11.227516310817782
3430.0,75.05677114510344,472.11399402990247,11.227644529495388
3431.0,75.95371958803008,472.0927279447447,11.227772680291702
3432.0,74.70875343559571,472.0712077241948,11.227900763194766
3433.0,75.47704536033255,472.0500402440547,11.22802877819264
3434.0,75.7693274321218,472.0286550812026,11.228156725273372
3435.0,74.18350394730622,472.0071871050968,11.228284604425031
3436.0,74.3968805285331,471.9861684456451,11.228412415635686
3437.0,75.48591158877952,471.9650893294953,11.228540158893416
3438.0,74.46984011248527,471.9437016545452,11.228667834186298
3439.0,75.34234358964659,471.9226018665133,11.22879544150243
3440.0,74.52285530402989,471.90125486916287,11.2289229808299
3441.0,74.90517571446487,471.8801400601601,11.229050452156812
3442.0,74.78785343321519,471.85891692704104,11.229177855471278
3443.0,75.20607182629666,471.8377270352349,11.229305190761407
3444.0,75.23258177862883,471.8164186482174,11.229432458015324
3445.0,74.79910197545915,471.79510275004685,11.229559657221154
3446.0,76.05472422320612,471.77390967115383,11.229686788367033
3447.0,75.54637071749609,471.7523608326239,11.229813851441099
3448.0,75.15785051225704,471.73095602758724,11.229940846431498
3449.0,73.95857392863597,471.7096613032755,11.230067773326386
3450.0,75.37030989529673,471.6887063739957,11.230194632113921
3451.0,75.49511672241849,471.66735145285867,11.230321422782266
3452.0,76.06034438050806,471.6459611697873,11.230448145319595
3453.0,75.84381058533873,471.6244107388795,11.230574799714084
3454.0,76.1109331076153,471.6029216592137,11.230701385953921
3455.0,75.41227540957672,471.58135689483316,11.230827904027295
3456.0,74.78977849361613,471.5599900834671,11.230954353922401
3457.0,75.49316414831247,471.5387996462273,11.231080735627446
3458.0,74.25528600857446,471.51740991638525,11.23120704913064
3459.0,75.52900400249716,471.49637091868277,11.231333294420198
3460.0,74.58697384381985,471.47497103421546,11.23145947148434
3461.0,75.23899498071023,471.453838058293,11.2315855803113
3462.0,74.502370170288,471.43252034304845,11.231711620889312
3463.0,75.70274827744186,471.4114113381669,11.231837593206617
3464.0,74.99861506560688,471.389962226155,11.231963497251462
3465.0,75.48359651096635,471.36871261855305,11.232089333012103
3466.0,74.9547318863048,471.34732559954165,11.232215100476798
3467.0,75.8145207840005,471.3260884255071,11.232340799633821
3468.0,76.74149407715143,471.30460764461833,11.23246643047144
3469.0,74.85508606442478,471.28286422129645,11.23259199297794
3470.0,75.51504837733654,471.2616552802449,11.2327174871416
3471.0,75.26009029184809,471.24025934987134,11.232842912950717
3472.0,74.9509046545612,471.21893565762196,11.23296827039359
3473.0,74.66499226099361,471.19769956796983,11.233093559458524
3474.0,74.72066423766852,471.1765444868292,11.233218780133832
3475.0,73.08349603128242,471.1553736319619,11.233343932407832
3476.0,75.2726650958562,471.1346666414197,11.233469016268849
3477.0,74.04431558869322,471.1133393863092,11.233594031705211
3478.0,75.6676192924229,471.092360163559,11.23371897870526
3479.0,75.80770423459246,471.07092100475955,11.233843857257336
3480.0,75.35205826697558,471.04944215522636,11.23396866734979
3481.0,75.23226110846811,471.0280924053841,11.234093408970981
3482.0,75.45683679632083,471.00677659807,11.234218082109269
3483.0,75.76246244283904,470.98539716097775,11.234342686753026
3484.0,74.35283180337707,470.96393112995224,11.234467222890625
3485.0,75.63043373496339,470.9428644942746,11.234591690510449
3486.0,75.65884511935148,470.92143587138304,11.234716089600889
3487.0,75.18946321307087,470.89999919859923,11.234840420150338
3488.0,76.05463933978673,470.87869551735554,11.234964682147197
3489.0,75.94387298512807,470.8571467028759,11.235088875579873
3490.0,74.85848527176312,470.8356292721968,11.23521300043678
3491.0,75.67904584909294,470.81441936803645,11.235337056706342
3492.0,75.01731756716138,470.7929769717125,11.23546104437698
3493.0,73.21140835861986,470.77172206506856,11.235584963437136
3494.0,73.98587708359169,470.75097883270024,11.23570881387524
3495.0,75.21890377598497,470.7300161675265,11.235832595679746
3496.0,75.17373208471743,470.70870414479003,11.235956308839098
3497.0,74.1068650498149,470.68740492069935,11.236079953341767
3498.0,73.78283379791064,470.66640797560194,11.236203529176207
3499.0,74.31477717300983,470.64550283935915,11.236327036330893
3500.0,76.33651933307357,470.6244469858268,11.236450474794307
3501.0,74.86283367946488,470.60281830534916,11.236573844554929
3502.0,74.72835604376206,470.58160716913994,11.236697145601253
3503.0,76.39826690466631,470.56043413492756,11.236820377921774
3504.0,75.19231070495407,470.53878795930456,11.236943541504997
3505.0,74.51848136176754,470.5174834712715,11.237066636339433
3506.0,74.57558407277999,470.4963699015523,11.237189662413597
3507.0,75.08452211564386,470.4752401527317,11.237312619716011
3508.0,76.39530750370982,470.453966204799,11.237435508235208
3509.0,76.11849369704565,470.4323208676729,11.237558327959722
3510.0,74.6521177398722,470.4107539611254,11.237681078878094
3511.0,74.76399036975424,470.38960252776576,11.237803760978874
3512.0,76.06921015477297,470.368419397161,11.237926374250616
3513.0,76.09737774179318,470.3468664542838,11.238048918681883
3514.0,75.99810100840703,470.32530553059036,11.238171394261245
3515.0,72.47120418723351,470.3037727353046,11.23829380097727
3516.0,74.08379217701619,470.28323922745153,11.238416138818545
3517.0,74.79386997727627,470.262248819668,11.238538407773655
3518.0,74.52872553004887,470.2410572231745,11.238660607831193
3519.0,74.70362504528605,470.21994075094096,11.238782738979758
3520.0,74.59158796123639,470.19877472384474,11.238904801207958
3521.0,75.11935759579237,470.17764044058913,11.239026794504406
3522.0,75.34992354842942,470.1563566226036,11.239148718857722
3523.0,74.50064848806677,470.1350074775982,11.23927057425653
3524.0,75.51770807983415,470.1138989605266,11.239392360689466
3525.0,74.56423209882453,470.09250227657066,11.239514078145163
3526.0,75.0643240823541,470.07137574414264,11.23963572661227
3527.0,73.40816997044533,470.05010751898595,11.239757306079436
3528.0,76.50232477452732,470.02930853749433,11.239878816535324
3529.0,75.7973192930452,470.00763287880824,11.240000257968592
3530.0,75.34986289277752,469.9861569716752,11.240121630367915
3531.0,75.31607974207023,469.96480784385557,11.240242933721968
3532.0,75.84972362269616,469.9434682879287,11.240364168019436
3533.0,75.17617541706403,469.92197753290225,11.240485333249008
3534.0,74.91620501826294,469.9006776165341,11.240606429399383
3535.0,73.76597862091234,469.8794513584456,11.240727456459263
3536.0,74.62586867971244,469.85855099783635,11.240848414417355
3537.0,75.26289705546158,469.8374070017104,11.240969303262379
3538.0,74.30391949612265,469.81608251421136,11.241090122983055
3539.0,74.68027889176905,469.7950297370208,11.24121087356811
3540.0,74.08273609384113,469.7738703246681,11.241331555006283
3541.0,74.27416218056477,469.75288021610817,11.241452167286315
3542.0,76.26328843356485,469.731835870157,11.241572710396953
3543.0,76.1521481302397,469.71022793843423,11.241693184326952
3544.0,75.12448101906257,469.68865149646393,11.241813589065073
3545.0,75.25161571144037,469.6673662268419,11.241933924600083
3546.0,75.62941717505998,469.64604493572364,11.242054190920758
3547.0,75.22557231866142,469.62461660085745,11.242174388015876
3548.0,75.78639328718114,469.6033026887004,11.242294515874224
3549.0,75.81879289859184,469.5818298772691,11.2424145744846
3550.0,74.37692682352878,469.5603478859478,11.242534563835797
3551.0,74.61427935235416,469.5392744233478,11.242654483916628
3552.0,75.10506036538337,469.5181337108646,11.2427743347159
3553.0,77.23066876017893,469.49685394376115,11.242894116222436
3554.0,74.96714079996471,469.47497192094573,11.24301382842506
3555.0,75.14797974371827,469.4537312310524,11.243133471312603
3556.0,75.32203647752642,469.43243930345835,11.243253044873907
3557.0,75.03103453083565,469.4110980597897,11.243372549097813
3558.0,74.44996532047976,469.38983926667265,11.243491983973177
3559.0,74.79046898979618,469.3687451098318,11.243611349488855
3560.0,75.09788759010739,469.3475544769514,11.24373064563371
3561.0,75.60365416856818,469.3262767421342,11.243849872396614
3562.0,75.87855834743912,469.30485570678644,11.243969029766445
3563.0,75.34410822997262,469.2833567819213,11.244088117732087
3564.0,75.21418591389417,469.26200928458945,11.244207136282428
3565.0,75.10060232379834,469.24069859858054,11.24432608540637
3566.0,75.32870713445678,469.2194200945888,11.244444965092812
3567.0,76.18847379757693,469.1980769609007,11.244563775330667
3568.0,73.98462530050836,469.176490226658,11.244682516108846
3569.0,74.64615475413575,469.15552791615625,11.244801187416277
3570.0,75.96672732174618,469.13437817230925,11.244919789241887
3571.0,74.94648117316657,469.1128542662347,11.245038321574611
3572.0,74.70540011045262,469.0916194299024,11.245156784403394
3573.0,75.67405897822817,469.0704528998711,11.24527517771718
3574.0,75.10527067868634,469.0490119164939,11.245393501504932
3575.0,75.28425526641166,469.0277320898016,11.245511755755604
3576.0,74.37868890693237,469.0064015508094,11.245629940458167
3577.0,75.39540731188657,468.9853275889525,11.245748055601599
3578.0,75.7670546408862,468.9639655568808,11.245866101174874
3579.0,74.1541357870446,468.94249822473256,11.245984077166986
3580.0,75.47995531183433,468.92148788625957,11.246101983566925
3581.0,75.30942849486478,468.9001018989212,11.246219820363693
3582.0,75.16680950168634,468.8787642275143,11.2463375875463
3583.0,74.12187646618725,468.8574669648222,11.246455285103755
3584.0,75.0053285655008,468.8364657664901,11.246572913025084
3585.0,75.15163314717589,468.81521425672986,11.246690471299305
3586.0,75.23425519254175,468.7939212940048,11.246807959915458
3587.0,74.17680559889304,468.7726049217003,11.24692537886258
3588.0,76.26972907148911,468.7515881601139,11.247042728129715
3589.0,75.15613696858519,468.72997840354367,11.24716000770592
3590.0,75.31158537473398,468.70868416473587,11.247277217580255
3591.0,74.27009677965974,468.68734588221304,11.24739435774178
3592.0,75.66331225499566,468.6663026881255,11.24751142817957
3593.0,74.16798497585727,468.6448647496532,11.247628428882704
3594.0,76.21141162472148,468.6238504872434,11.247745359840266
3595.0,74.95735235764876,468.6022572539497,11.247862221041348
3596.0,74.84473441091073,468.58101933744837,11.247979012475051
3597.0,76.39371103196154,468.55981332936534,11.248095734130475
3598.0,74.91672325071772,468.53816844457293,11.248212385996734
3599.0,75.85976955313834,468.5169420396519,11.248328968062943
3600.0,73.73844708858759,468.49544843827846,11.248445480318228
3601.0,74.63176089635353,468.47455587827005,11.24856192275172
3602.0,74.72978576936706,468.45341021268274,11.248678295352558
3603.0,74.56113395655802,468.4322367733814,11.248794598109884
3604.0,75.11932737938616,468.41111111876046,11.248910831012845
3605.0,76.39528247127457,468.3898273093362,11.249026994050602
3606.0,75.5021469101185,468.36818197930273,11.249143087212314
3607.0,74.59366760692652,468.34678970434487,11.249259110487158
3608.0,75.30453840098728,468.32565483185624,11.249375063864303
3609.0,74.79042777286378,468.30431854597595,11.249490947332935
3610.0,75.54601477922375,468.2831279247737,11.249606760882243
3611.0,73.71396363044481,468.26172322058625,11.249722504501424
3612.0,76.08012156240224,468.2408375975575,11.24983817817968
3613.0,75.03269470172305,468.21928156311486,11.249953781906216
3614.0,76.75825801488517,468.198022299616,11.250069315670252
3615.0,75.30055788643652,468.1762741265119,11.250184779461007
3616.0,75.03411927850358,468.154938968444,11.250300173267712
3617.0,75.17975328351895,468.1336793013151,11.250415497079603
3618.0,76.52386382799868,468.11237837121814,11.25053075088592
3619.0,74.88233960540266,468.0906966098002,11.250645934675909
3620.0,74.45564155659484,468.069479946912,11.250761048438825
3621.0,74.32143722314028,468.0483841818043,11.250876092163933
3622.0,76.14571207471108,468.02732644125774,11.250991065840497
3623.0,73.98542759825816,468.00575182283654,11.251105969457791
3624.0,73.38489291730885,467.98478928501703,11.251220803005097
3625.0,74.77180080694586,467.9639968986905,11.251335566471704
3626.0,74.88452964521048,467.9428115551285,11.251450259846903
3627.0,74.57166233392658,467.9215942717291,11.251564883119999
3628.0,72.92748941261443,467.90046563406776,11.251679436280291
3629.0,75.67260353592914,467.87980284540083,11.251793919317098
3630.0,74.16739355492068,467.858362274399,11.251908332219738
3631.0,76.10208774623325,467.83734817955843,11.252022674977542
3632.0,75.44343471349505,467.81578592136367,11.252136947579835
3633.0,74.7555320622038,467.79441028152814,11.252251150015963
3634.0,74.98265707942564,467.77322954744386,11.252365282275273
3635.0,77.0037257458218,467.7519844612714,11.252479344347112
3636.0,74.82900319918873,467.7301667389767,11.252593336220842
3637.0,74.28367165008514,467.70896518807024,11.25270725788583
3638.0,74.81992647314308,467.68791814776944,11.252821109331446
3639.0,76.21990123233063,467.666719168602,11.252934890547072
3640.0,75.08707063642971,467.64512352991954,11.25304860152209
3641.0,72.54440546136118,467.6238488599059,11.253162242245894
3642.0,74.62083469741187,467.6032946116918,11.253275812707884
3643.0,75.10341214809974,467.5821520418609,11.253389312897461
3644.0,74.92118375514323,467.5608727417523,11.253502742804042
3645.0,74.69599511787104,467.5396450730217,11.25361610241704
3646.0,75.72752721633252,467.51848120773826,11.253729391725882
3647.0,74.68640694879103,467.49702507502695,11.25384261072
3648.0,75.54465402535233,467.47586392639147,11.25395575938883
3649.0,74.89398298694913,467.45445960775095,11.254068837721817
3650.0,75.6664513925686,467.4332396459046,11.254181845708416
3651.0,74.53041954270351,467.4118008180101,11.25429478333808
3652.0,74.04278943415378,467.3906838658063,11.254407650600275
3653.0,75.15834775174602,467.36970507546664,11.25452044748447
3654.0,74.16626711072202,467.34841021027034,11.254633173980146
3655.0,74.46482762020023,467.32739643458893,11.254745830076782
3656.0,75.68006884074379,467.3062980667632,11.254858415763872
3657.0,74.92629326002609,467.28485538059164,11.254970931030911
3658.0,75.05952059621183,467.26362626416795,11.255083375867404
3659.0,75.04486556404397,467.24235939999903,11.25519575026286
3660.0,74.12033632922511,467.22109668808923,11.255308054206797
3661.0,74.98274260904604,467.20009592612934,11.255420287688736
3662.0,74.91834233608536,467.1788508157234,11.255532450698208
3663.0,74.88242325419138,467.15762395206156,11.25564454322475
3664.0,75.75096840208634,467.1364072654728,11.255756565257908
3665.0,75.72323136060903,467.1149444910922,11.255868516787224
3666.0,75.83620053759655,467.0934895755401,11.25598039780226
3667.0,75.68618296535142,467.07200265205444,11.256092208292577
3668.0,75.63964794897903,467.05055823354763,11.256203948247745
3669.0,74.96386237758617,467.02912699996205,11.256315617657338
3670.0,73.89418927604274,467.00788723895505,11.256427216510941
3671.0,74.47108786097853,466.9869505519935,11.25653874479814
3672.0,75.88108209689462,466.9658504104329,11.256650202508535
3673.0,75.6613798585985,466.9443507705055,11.256761589631724
3674.0,73.93944186782977,466.9229133795455,11.256872906157318
3675.0,73.94514369867223,466.9019638710163,11.256984152074931
3676.0,75.5149516824692,466.88101274696834,11.257095327374188
3677.0,75.88357492701384,466.85961684399166,11.257206432044713
3678.0,76.30427104177367,466.8381164977623,11.257317466076143
3679.0,73.89131782575353,466.8164969543005,11.257428429458121
3680.0,76.26371979942087,466.7955610809165,11.257539322180296
3681.0,75.76405242570459,466.77395302697335,11.25765014423232
3682.0,75.35111422177062,466.7524865454527,11.257760895603857
3683.0,74.93149282334352,466.7311370630899,11.257871576284574
3684.0,75.16789601838086,466.7099064734566,11.257982186264144
3685.0,74.33969345114623,466.6886089029181,11.258092725532252
3686.0,74.62890565961173,466.6675459897736,11.258203194078582
3687.0,76.34104526114966,466.64640113317006,11.258313591892835
3688.0,75.75743092604186,466.62477117034604,11.258423918964702
3689.0,74.70092561778804,466.603306564917,11.258534175283899
3690.0,74.7481656645583,466.5821413026586,11.258644360840139
3691.0,75.46367884598229,466.56096265572035,11.258754475623137
3692.0,73.72016838120986,466.5395812800473,11.258864519622627
3693.0,75.05708816884437,466.51869389900594,11.258974492828342
3694.0,75.03168936635855,466.4974277240248,11.259084395230023
3695.0,74.92691274747014,466.47616874537096,11.259194226817414
3696.0,74.68106407214934,466.4549394534259,11.259303987580271
3697.0,74.75567102019258,466.43377981860544,11.259413677508354
3698.0,74.7314635601186,466.4125990451497,11.259523296591432
3699.0,75.93069115964894,466.3914251304744,11.259632844819276
3700.0,73.53716605565607,466.3699114346458,11.25974232218167
3701.0,75.20931413059257,466.3490759042634,11.259851728668396
3702.0,75.69445729654326,466.32776659859303,11.259961064269252
3703.0,74.49830108565644,466.30631983569236,11.260070328974034
3704.0,74.13780821135192,466.2852119837181,11.260179522772553
3705.0,75.00315466427895,466.2642062713915,11.26028864565462
3706.0,74.32702197689686,466.24295537756996,11.260397697610058
3707.0,74.33405166077486,466.2218960546765,11.260506678628689
3708.0,75.36426506932825,466.20083474003934,11.260615588700349
3709.0,74.4117363763701,466.179481531603,11.260724427814877
3710.0,74.47002092560469,466.1583982062964,11.26083319596212
3711.0,75.41488587228564,466.1372983670341,11.26094189313193
3712.0,75.8708341152923,466.11593081603695,11.261050519314168
3713.0,75.81536557097346,466.0944340797043,11.261159074498702
3714.0,76.22700258838768,466.07295305945917,11.2612675586754
3715.0,76.26243309227041,466.0513554087258,11.261375971834148
3716.0,76.02224178842164,466.0297477193497,11.261484313964827
3717.0,76.15675485539775,466.00820808417626,11.261592585057333
3718.0,75.19733063086387,465.9866303369672,11.261700785101562
3719.0,75.06085535034103,465.9653244266218,11.261808914087425
3720.0,75.37233437112829,465.9440571842726,11.26191697200483
3721.0,76.38654261189853,465.92270168953405,11.2620249588437
3722.0,75.0642503665875,465.901058835794,11.26213287459396
3723.0,74.82341413065906,465.8797906315235,11.26224071924554
3724.0,75.21589501159569,465.8585906641865,11.262348492788384
3725.0,74.57966541483707,465.83727949393324,11.262456195212433
3726.0,74.71577893921999,465.81614858873235,11.262563826507645
3727.0,73.63567635721807,465.79497911803287,11.262671386663973
3728.0,74.40591698655271,465.7741156763983,11.262778875671389
3729.0,75.14022908534005,465.7530339999188,11.262886293519857
3730.0,74.09653420108825,465.7317442683446,11.262993640199367
3731.0,76.17814215090098,465.710750250321,11.263100915699896
3732.0,76.47569854123594,465.68916644337827,11.263208120011441
3733.0,74.16766037197756,465.66749832879157,11.263315253124
3734.0,74.41430332540428,465.64648415835285,11.263422315027576
3735.0,74.9082603913139,465.62540010574395,11.263529305712185
3736.0,74.75252957587801,465.6041760986331,11.263636225167845
3737.0,74.25114759991297,465.5829962152533,11.26374307338458
3738.0,74.49820032515522,465.5619583900999,11.263849850352422
3739.0,74.58231236472186,465.54085056667446,11.263956556061412
3740.0,74.64151187175148,465.5197189115044,11.264063190501595
3741.0,76.63661421464684,465.4985704831408,11.264169753663023
3742.0,75.50475007267913,465.47685677578005,11.264276245535754
3743.0,73.5852712706814,465.4554637632594,11.264382666109855
3744.0,73.82686911801788,465.434614603066,11.264489015375396
3745.0,75.60170963481745,465.4136969901493,11.264595293322458
3746.0,75.4280614473712,465.39227650575276,11.264701499941125
3747.0,74.56644518795343,465.37090522167597,11.264807635221489
3748.0,76.14050544496142,465.3497780622061,11.264913699153649
3749.0,74.45587607747818,465.3282049189967,11.265019691727712
3750.0,74.57922744292881,465.3071090874414,11.265125612933788
3751.0,74.59746670876287,465.28597830633254,11.265231462761996
3752.0,74.88690651152429,465.26484235743175,11.265337241202463
3753.0,75.81108962654328,465.24362440058684,11.265442948245319
3754.0,74.76345449691769,465.22214459185926,11.265548583880703
3755.0,73.85648951741345,465.20096161308516,11.265654148098761
3756.0,75.60370983532734,465.1800356077219,11.265759640889645
3757.0,74.61330447683989,465.1586145566019,11.265865062243511
3758.0,74.24719000841903,465.1374741203335,11.26597041215053
3759.0,75.6761513010932,465.1164374164977,11.266075690600868
3760.0,75.43447198185957,465.0949958402958,11.26618089758471
3761.0,74.6220709145883,465.07362273990094,11.266286033092236
3762.0,75.10122949257456,465.0524798198084,11.266391097113639
3763.0,74.62099480218396,465.03120113811894,11.26649608963912
3764.0,74.4530916366484,465.01005852292496,11.266601010658881
3765.0,75.30724089312096,464.98896348029456,11.266705860163139
3766.0,75.69321062967484,464.96762642870823,11.266810638142106
3767.0,74.31009880930445,464.9461800190298,11.266915344586012
3768.0,74.72266373397089,464.92512549103384,11.26701997948509
3769.0,75.5158067776236,464.90395406964257,11.267124542829574
3770.0,75.70860118614478,464.88255792438883,11.267229034609713
3771.0,76.56020035287138,464.8611071540528,11.26733345481576
3772.0,74.28507165596163,464.8394150972861,11.26743780343797
3773.0,76.38244185395624,464.818367660317,11.26754208046661
3774.0,75.53574434506594,464.7967259684583,11.267646285891951
3775.0,73.45220335675879,464.77532417422725,11.267750419704276
3776.0,75.22071489850808,464.75451271660944,11.267854481893865
3777.0,74.5069160624608,464.73320018072155,11.267958472451014
3778.0,74.33242993946943,464.7120898878372,11.268062391366021
3779.0,74.87960273936295,464.6910290326877,11.268166238629192
3780.0,75.3892488370386,464.66981314524486,11.268270014230836
3781.0,76.28849971469532,464.64845285807434,11.268373718161273
3782.0,76.29752793002133,464.6268377831552,11.268477350410832
3783.0,75.23637025030364,464.6052201502417,11.268580910969844
3784.0,76.39407282043918,464.58390317867077,11.268684399828643
3785.0,75.17284952922496,464.56225819137165,11.26878781697758
3786.0,75.0892077722567,464.54095921733835,11.268891162407005
3787.0,75.20581895464862,464.51968394180295,11.26899443610728
3788.0,74.6679734149304,464.49837562643245,11.269097638068766
3789.0,74.49910732404193,464.4772197006315,11.26920076828184
3790.0,75.93156790599942,464.456111620223,11.269303826736877
3791.0,74.65274061594313,464.434597675983,11.269406813424265
3792.0,74.56830984616141,464.41344606614183,11.269509728334397
3793.0,74.8015098084332,464.39231837835206,11.269612571457671
3794.0,74.15951662412307,464.3711246172397,11.26971534278449
3795.0,74.36545238233018,464.3501127541962,11.269818042305273
3796.0,75.78514097162856,464.32904254268783,11.269920670010436
3797.0,74.79723922144481,464.30757008607924,11.270023225890405
3798.0,74.63018970198907,464.2863775349665,11.270125709935611
3799.0,74.24551551987618,464.26523231455093,11.270228122136494
3800.0,76.05927605168611,464.24419608515365,11.270330462483503
3801.0,75.0217277707135,464.222645956939,11.270432730967089
3802.0,74.8260531462797,464.2013898007373,11.27053492757771
3803.0,74.05634648049681,464.18018908567916,11.270637052305835
3804.0,75.11561675638687,464.1592064541764,11.270739105141933
3805.0,75.44140208185918,464.1379236960954,11.270841086076487
3806.0,74.02092398284518,464.1165486321722,11.270942995099983
3807.0,73.93357537456959,464.09557603704377,11.27104483220291
3808.0,74.5289609158941,464.07462819068763,11.271146597375774
3809.0,74.33506114069138,464.0535116517615,11.271248290609076
3810.0,74.54964504610528,464.03245005110495,11.271349911893333
3811.0,74.91119105400882,464.01132765167523,11.271451461219064
3812.0,75.40545184110638,463.9901028142099,11.271552938576793
3813.0,76.02345796902517,463.9687379361883,11.271654343957055
3814.0,75.62299415948146,463.9471979564304,11.27175567735039
3815.0,75.37888249727189,463.9257714414185,11.271856938747344
3816.0,74.449773388603,463.90441409137765,11.271958128138474
3817.0,75.81779469551206,463.88331998891755,11.272059245514335
3818.0,75.5415345367606,463.8618382804205,11.272160290865498
3819.0,74.76001503426373,463.84043484563506,11.272261264182534
3820.0,74.66336817251,463.8192528413753,11.272362165456022
3821.0,74.44497815156511,463.7980982203931,11.272462994676552
3822.0,74.89252720929237,463.77700547658355,11.272563751834717
3823.0,75.39858755496223,463.75578592720757,11.272664436921119
3824.0,73.41385601838778,463.73442299406696,11.27276504992636
3825.0,74.9684191805439,463.7136224015285,11.272865590841059
3826.0,74.9380868333087,463.6923813494273,11.272966059655836
3827.0,74.86291860061785,463.67114889149116,11.273066456361315
3828.0,74.7381853944086,463.64993773122103,11.273166780948134
3829.0,76.40165102209711,463.62876191202594,11.273267033406931
3830.0,72.9715417483178,463.6071147775697,11.273367213728356
3831.0,75.08973210803828,463.58643950740765,11.27346732190306
3832.0,75.16095159871756,463.5651640833103,11.273567357921708
3833.0,75.07860942857312,463.5438684803574,11.273667321774967
3834.0,74.92264931884495,463.522596207686,11.273767213453507
3835.0,75.31905945923222,463.50136812371227,11.273867032948013
3836.0,74.73731950614007,463.48002772353215,11.273966780249173
3837.0,76.0550317004085,463.4588521496721,11.274066455347683
3838.0,75.18823086524608,463.43730322402365,11.27416605823424
3839.0,75.41206238161536,463.41599989194515,11.274265588899555
3840.0,74.12897522344313,463.394633140937,11.27436504733434
3841.0,75.56116134517617,463.3736299312904,11.274464433529321
3842.0,75.38066213734666,463.35222093557593,11.274563747475224
3843.0,76.34525771004228,463.3308630813037,11.274662989162785
3844.0,74.42188191012214,463.3092319249525,11.274762158582746
3845.0,74.91773684449683,463.288145725078,11.274861255725854
3846.0,74.49452589486248,463.266919032972,11.274960280582864
3847.0,74.22652444685143,463.24581225063514,11.275059233144539
3848.0,76.18874933588341,463.22478140204186,11.275158113401652
3849.0,74.80067281263513,463.20319458973006,11.27525692134497
3850.0,74.90881952252458,463.1820010657665,11.275355656965283
3851.0,76.06675160034696,463.1607769002351,11.275454320253376
3852.0,73.87239667792926,463.1392246539483,11.275552911200045
3853.0,75.06505042186585,463.1182941415562,11.275651429796092
3854.0,74.45202149598566,463.09702571060336,11.275749876032332
3855.0,73.4559002913516,463.07593097117945,11.275848249899571
3856.0,74.19949805498698,463.0551184660969,11.275946551388643
3857.0,74.58654415310835,463.0340952749814,11.276044780490368
3858.0,73.72588051669186,463.0129624208047,11.276142937195589
3859.0,74.90951347662804,462.9920734213249,11.276241021495142
3860.0,75.15888153213767,462.97084905917325,11.276339033379886
3861.0,74.96908335062548,462.94955404273907,11.27643697284067
3862.0,75.21736441241994,462.9283128024564,11.27653483986836
3863.0,75.37158936153219,462.90700121587287,11.276632634453824
3864.0,75.75386561225585,462.8856459322205,11.276730356587946
3865.0,75.89685584539625,462.86418233696367,11.276828006261601
3866.0,74.78509973362837,462.8426782278074,11.276925583465683
3867.0,75.91419741616828,462.82148911621624,11.27702308819109
3868.0,75.0064757811768,462.799980093615,11.277120520428722
3869.0,75.19999546589784,462.7787282588103,11.277217880169495
3870.0,74.74210080593225,462.7574215934283,11.277315167404325
3871.0,75.1973695624394,462.73624466486666,11.277412382124133
3872.0,74.3231991031794,462.7149387434906,11.277509524319852
3873.0,74.47240186878086,462.6938805037447,11.277606593982421
3874.0,74.82559300376936,462.6727799898819,11.27770359110278
3875.0,76.31908095298284,462.65157940519754,11.277800515671887
3876.0,75.00343309866594,462.62995566559414,11.277897367680692
3877.0,74.2542004986272,462.60870469288284,11.277994147120168
3878.0,75.64463991578394,462.5876660027416,11.278090853981283
3879.0,75.61518845654506,462.5662333547654,11.278187488255012
3880.0,76.3827818835323,462.5448090513694,11.278284049932342
3881.0,74.66744170147766,462.5231672631691,11.278380539004269
3882.0,75.86799714829486,462.50201148802034,11.278476955461787
3883.0,75.00002589797742,462.480515555495,11.278573299295903
3884.0,74.82094566853687,462.4592655481572,11.27866957049763
3885.0,74.84449727328406,462.4380662802178,11.278765769057985
3886.0,74.50750449532461,462.4168603393237,11.278861894967994
3887.0,73.81880235725258,462.3957498797167,11.278957948218693
3888.0,74.05712479619726,462.37483455238214,11.279053928801115
3889.0,75.06179558723066,462.35385170035653,11.279149836706312
3890.0,74.86128244052462,462.33258419160677,11.279245671925333
3891.0,73.5421036067454,462.31137349491536,11.27934143444924
3892.0,73.87686684356726,462.2905365655601,11.279437124269098
3893.0,75.36634863070998,462.2696047866211,11.27953274137598
3894.0,74.45837294580133,462.24825098784237,11.279628285760968
3895.0,74.26463616545412,462.2271544488411,11.279723757415145
3896.0,74.52994385215142,462.20611280192753,11.279819156329609
3897.0,74.64943623449491,462.18499598450273,11.279914482495455
3898.0,73.98464051196119,462.16384531090296,11.280009735903796
3899.0,75.12017545276011,462.14288299609126,11.280104916545744
3900.0,73.48315406556999,462.1215989463796,11.280200024412416
3901.0,74.94858963171187,462.1007787193944,11.280295059494945
3902.0,75.20653041580157,462.0795432856654,11.280390021784461
3903.0,74.30386498008862,462.0582347687142,11.280484911272108
3904.0,74.63810557374039,462.0371820069699,11.28057972794903
3905.0,76.20295695922465,462.016034543724,11.280674471806385
3906.0,75.44275765040562,461.9944437059189,11.280769142835334
3907.0,74.14555522798969,461.973068257918,11.280863741027044
3908.0,75.20413469089291,461.95206035060335,11.280958266372693
3909.0,74.50948878098168,461.93075251244096,11.281052718863458
3910.0,74.1857129158906,461.90964149061966,11.281147098490532
3911.0,75.09598996749766,461.88862220529353,11.281241405245108
3912.0,74.19451946147115,461.86734500813606,11.28133563911839
3913.0,75.34733988404514,461.84632322762195,11.281429800101584
3914.0,73.08411469447208,461.82497481465487,11.28152388818591
3915.0,74.94492006595883,461.8042676488247,11.281617903362587
3916.0,74.87312201471632,461.783033254806,11.281711845622846
3917.0,74.62941945901237,461.76181920356856,11.281805714957923
3918.0,75.096013401067,461.7406742013885,11.28189951135906
3919.0,73.33168101920255,461.7193969975915,11.281993234817508
3920.0,76.17360832833828,461.69861968796937,11.282086885324523
3921.0,75.15423651970522,461.67703716560965,11.28218046287137
3922.0,73.34548400737313,461.6557434652624,11.282273967449317
3923.0,75.3895105786298,461.6349622447937,11.282367399049644
3924.0,74.87061805597973,461.6136018834631,11.28246075766363
3925.0,75.21677550589821,461.5923885416806,11.282554043282571
3926.0,74.12152088111691,461.57107712195386,11.28264725589776
3927.0,75.26817095698152,461.55007602437087,11.282740395500504
3928.0,73.52751660655395,461.52875004259977,11.282833462082113
3929.0,75.62296947078603,461.50791724622786,11.282926455633907
3930.0,74.65696105053924,461.48649073821116,11.283019376147209
3931.0,74.88502668925108,461.46533793258016,11.283112223613351
3932.0,75.02820559373464,461.44412050835155,11.283204998023669
3933.0,74.25770443713868,461.42286251676666,11.283297699369509
3934.0,75.3060356840171,461.4018228338428,11.283390327642225
3935.0,73.12211681380424,461.3804861237323,11.283482882833177
3936.0,74.25476722905314,461.35976819063507,11.283575364933727
3937.0,76.07650765901035,461.3387293399202,11.28366777393525
3938.0,74.49368825432326,461.3171743294168,11.283760109829123
3939.0,74.72405920168437,461.29606778441143,11.283852372606733
3940.0,74.66902042658532,461.27489596763763,11.283944562259475
3941.0,74.74540445613616,461.2537397451834,11.284036678778744
3942.0,74.94656155586522,461.23256188058747,11.28412872215595
3943.0,75.04041217831275,461.21132702148,11.284220692382506
3944.0,75.75919813501714,461.19006557136277,11.284312589449835
3945.0,75.68723608088274,461.16860046522453,11.284404413349355
3946.0,76.02835517764832,461.14715574833497,11.284496164072511
3947.0,74.84744541481678,461.12561438103467,11.284587841610735
3948.0,75.48766373286524,461.10440760483374,11.28467944595548
3949.0,75.98257750517848,461.0830194334428,11.284770977098196
3950.0,75.03951841089953,461.061491036483,11.284862435030348
3951.0,75.00044209005073,461.0402298395999,11.284953819743402
3952.0,74.76482492280039,461.018979714341,11.285045131228834
3953.0,76.09274320583401,460.9977963472796,11.285136369478124
3954.0,75.24850833886437,460.9762367367046,11.28522753448276
3955.0,75.16096083156113,460.9549163260086,11.28531862623424
3956.0,73.06919308878763,460.93362072043965,11.285409644724066
3957.0,74.17975518802065,460.91291778239787,11.28550058994374
3958.0,74.9288885757667,460.8919001850946,11.285591461884788
3959.0,74.3973699506948,460.8706703333314,11.285682260538728
3960.0,74.28391361303287,460.84959107851205,11.28577298589709
3961.0,75.10009242042395,460.828543969655,11.285863637951406
3962.0,75.13520342969213,460.8072656101359,11.285954216693227
3963.0,76.77564931855103,460.7859773024975,11.286044722114097
3964.0,75.73689247266618,460.76422420185725,11.286135154205576
3965.0,75.3365199865179,460.74276541565666,11.286225512959225
3966.0,75.55451424768972,460.7214200683271,11.286315798366617
3967.0,73.89815433868225,460.70001295595694,11.286406010419329
3968.0,75.48365759339522,460.679075145561,11.286496149108943
3969.0,74.89636502698637,460.6576881092428,11.286586214427054
3970.0,74.99535499248107,460.6364674724852,11.286676206365255
3971.0,75.70091711481996,460.6152187885707,11.286766124915154
3972.0,76.10102461121485,460.5937701953882,11.286855970068363
3973.0,75.32629897306667,460.572208238415,11.286945741816497
3974.0,74.88550932968704,460.5508657870393,11.287035440151186
3975.0,76.25801097479167,460.52964822606253,11.287125065064057
3976.0,75.30197662616445,460.5080417896197,11.287214616546756
3977.0,75.46111420467793,460.4867062295756,11.287304094590919
3978.0,75.08068407539217,460.46532558055094,11.287393499188209
3979.0,74.52433225004346,460.4440527200629,11.287482830330276
3980.0,74.77025192329472,460.42293749259204,11.287572088008794
3981.0,75.70544033786157,460.4017525878804,11.287661272215434
3982.0,76.57057098730665,460.38030271311806,11.287750382941873
3983.0,75.73625509201808,460.358607718005,11.2878394201798
3984.0,74.01168068366374,460.33714911239554,11.287928383920912
3985.0,75.81351705202272,460.31617913620187,11.288017274156905
3986.0,74.2726310233237,460.29469863970377,11.288106090879486
3987.0,74.01430104524596,460.27365472758055,11.288194834080375
3988.0,75.11665298552738,460.25268400895106,11.288283503751288
3989.0,74.1819863262288,460.23140095727183,11.288372099883956
3990.0,74.94568665965335,460.2103827278127,11.288460622470113
3991.0,75.41518357908019,460.18914811659243,11.288549071501501
3992.0,75.6811602898373,460.167780481245,11.288637446969867
3993.0,74.8954333806224,460.1463374858296,11.288725748866968
3994.0,74.41499836119779,460.1251171130384,11.288813977184567
3995.0,75.3823410235414,460.10403286350277,11.288902131914433
3996.0,74.33868638535692,460.0826745335461,11.288990213048342
3997.0,74.37095986383763,460.0616119057369,11.289078220578075
3998.0,75.51799469832763,460.0405401337755,11.289166154495422
3999.0,74.89829703237078,460.01914336861097,11.289254014792185
4000.0,75.4917964273223,459.9979221844518,11.289341801460164
4001.0,74.5408881738103,459.9765328421307,11.289429514491168
4002.0,75.37588773387537,459.95541292381483,11.289517153877014
4003.0,75.22991958125627,459.9340564222902,11.28960471960953
4004.0,74.85695985125284,459.9127412784089,11.289692211680544
4005.0,75.08311739388947,459.89153180645104,11.289779630081894
4006.0,74.13899501679258,459.87025825652273,11.289866974805427
4007.0,74.84719129650658,459.8492522079347,11.289954245842992
4008.0,74.6130330060926,459.82804550373396,11.29004144318645
4009.0,75.22462933308888,459.80690514438226,11.290128566827667
4010.0,75.0166160332336,459.7855914994046,11.290215616758513
4011.0,74.90398597282778,459.7643367915285,11.290302592970866
4012.0,75.79022166148437,459.7431139955028,11.290389495456616
4013.0,75.01274437398861,459.7216400993654,11.29047632420765
4014.0,74.6903605177616,459.70038648845946,11.290563079215874
4015.0,76.22949973351625,459.6792242196461,11.290649760473194
4016.0,76.01941857459087,459.6576258613883,11.29073636797152
4017.0,75.81469950343416,459.63608702612544,11.290822901702779
4018.0,74.45202663508687,459.6146061945995,11.290909361658887
4019.0,75.30568105219963,459.59351145371954,11.290995747831788
4020.0,75.79692739083481,459.57217484408807,11.291082060213421
4021.0,75.20463318224527,459.55069904799404,11.291168298795732
4022.0,76.43054510336844,459.5293910685924,11.291254463570679
4023.0,76.14445068790022,459.5077357474797,11.29134055453022
4024.0,75.15779992885433,459.4861614864515,11.291426571666326
4025.0,77.0212398705118,459.4648667764717,11.291512514970972
4026.0,75.41193047748834,459.4430440918417,11.29159838443614
4027.0,76.18141589529097,459.4216773782064,11.29168418005382
4028.0,74.24365654711094,459.40009264370275,11.291769901816009
4029.0,75.35456349736435,459.3790569410144,11.291855549714708
4030.0,73.87754470227706,459.35770648135684,11.291941123741928
4031.0,75.25479751701856,459.3367745103579,11.292026623889686
4032.0,75.87476704667093,459.31545231772805,11.292112050150006
4033.0,75.16704253563933,459.29395446706485,11.292197402514919
4034.0,75.68491190053068,459.2726571383464,11.292282680976461
4035.0,74.21598807344215,459.25121307997455,11.292367885526678
4036.0,75.02490810132974,459.2301852166871,11.292453016157618
4037.0,74.65179060663668,459.20892815939175,11.292538072861346
4038.0,72.97035276153507,459.18777681871984,11.29262305562992
4039.0,76.11647009352204,459.1671018854374,11.292707964455415
4040.0,74.8107676175447,459.1455355522442,11.292792799329913
4041.0,75.9399119178726,459.12433916808595,11.292877560245497
4042.0,75.03264200312097,459.1028228597092,11.292962247194255
4043.0,76.01362555075491,459.08156361114163,11.293046860168294
4044.0,74.52083068735668,459.0600264172356,11.29313139915972
4045.0,75.06904674868542,459.0389121818742,11.293215864160642
4046.0,76.34483192070078,459.0176426186287,11.293300255163182
4047.0,75.32910840627075,458.99601158291784,11.293384572159468
4048.0,74.96919216472504,458.9746683355361,11.293468815141633
4049.0,74.83054250915649,458.9534270644228,11.29355298410182
4050.0,74.83250268736408,458.9322250773785,11.293637079032179
4051.0,76.42377214287893,458.9110225349504,11.293721099924857
4052.0,73.7596254300457,458.8893691328433,11.293805046772023
4053.0,75.45937183394975,458.8684705723047,11.293888919565845
4054.0,75.14909440787069,458.84709041695174,11.293972718298493
4055.0,75.60552458012211,458.8257981735362,11.294056442962155
4056.0,74.63672656945869,458.8043766082385,11.294140093549018
4057.0,74.83872527743297,458.7832295357106,11.29422367005128
4058.0,74.36078618102856,458.7620252302153,11.294307172461144
4059.0,74.5697595852407,458.74095634079725,11.294390600770818
4060.0,76.17401211171754,458.7198282422482,11.29447395497252
4061.0,74.13996769896879,458.6982456054832,11.294557235058475
4062.0,75.42916230301047,458.67723928130175,11.294640441020915
4063.0,75.33882538758523,458.6558676853159,11.294723572852075
4064.0,74.71925688910962,458.6345216847895,11.2948066305442
4065.0,74.2937052738824,458.61335122867087,11.294889614089543
4066.0,75.29781553394349,458.59230134550995,11.294972523480363
4067.0,74.47814232761874,458.570966964442,11.295055358708922
4068.0,74.69300174688938,458.5498648241158,11.295138119767495
4069.0,73.57279277875425,458.5287018069542,11.295220806648363
4070.0,75.66462471462685,458.5078561823335,11.295303419343808
4071.0,73.96199043887789,458.48641787199773,11.295385957846127
4072.0,74.30348357646135,458.4654619747067,11.29546842214762
4073.0,74.80439751309898,458.44440932102674,11.29555081224059
4074.0,75.74984994839602,458.42321474173133,11.295633128117354
4075.0,73.20688051023673,458.40175228424596,11.295715369770233
4076.0,74.98110031613626,458.38101033476806,11.295797537191554
4077.0,75.76529754592578,458.3597656896785,11.29587963037365
4078.0,74.07831937279636,458.3382988553738,11.295961649308866
4079.0,74.45084791410827,458.3173099982182,11.296043593989546
4080.0,75.21336937047447,458.2962155913092,11.296125464408053
4081.0,74.94033447368233,458.27490513665424,11.296207260556741
4082.0,74.19257168268125,458.25367204188666,11.296288982427983
4083.0,76.10308893090357,458.23265081324325,11.296370630014156
4084.0,74.69352048333428,458.2110882713795,11.296452203307641
4085.0,75.87314965844864,458.1899251072425,11.296533702300835
4086.0,74.4906210695165,458.1684277148393,11.296615126986124
4087.0,75.52496478636377,458.1473220388696,11.296696477355917
4088.0,75.44746528101916,458.12592329884677,11.296777753402628
4089.0,75.5468393080004,458.1045465170172,11.296858955118669
4090.0,75.73085096157945,458.08314157921325,11.296940082496473
4091.0,74.04741921790652,458.0616845047741,11.297021135528464
4092.0,74.58042425218025,458.0407044026624,11.297102114207082
4093.0,75.22491347386882,458.0195732824576,11.297183018524775
4094.0,75.08109689558793,457.9982595569734,11.297263848473992
4095.0,76.62888052393178,457.9769865795196,11.297344604047199
4096.0,75.07362131560494,457.9552750633712,11.297425285236855
4097.0,74.1380622509675,457.9340042039984,11.297505892035439
4098.0,73.71582383650413,457.91299841969396,11.297586424435426
4099.0,75.35043277363557,457.8921122696069,11.297666882429308
4100.0,75.51546486544828,457.8707629803211,11.297747266009578
4101.0,73.7808206995061,457.8493669319426,11.297827575168734
4102.0,74.87589397328001,457.82846236607764,11.297907809899286
4103.0,75.10848473906158,457.80724752945196,11.29798797019375
4104.0,75.96310949908133,457.7859667921092,11.298068056044647
4105.0,75.02573535723982,457.7644439110844,11.298148067444508
4106.0,76.8072347060508,457.7431866193999,11.298228004385864
4107.0,75.75532931879549,457.7214245695665,11.298307866861263
4108.0,74.93868537990102,457.69996055959285,11.29838765486325
4109.0,75.8488698250913,457.6787279320685,11.298467368384387
4110.0,74.6633777942762,457.65723741895147,11.298547007417232
4111.0,74.96001541629208,457.63608279524306,11.298626571954358
4112.0,76.19802412205054,457.61484412420845,11.298706061988344
4113.0,74.68892733620284,457.5932546840406,11.298785477511771
4114.0,74.22908671956466,457.5720928212953,11.298864818517234
4115.0,74.91578445921117,457.55106124672477,11.29894408499733
4116.0,75.56326440795605,457.5298351077946,11.299023276944663
4117.0,74.97820179210223,457.50842551621236,11.299102394351848
4118.0,75.85213669154405,457.4871816923713,11.2991814372115
4119.0,74.16721794341328,457.465690253642,11.299260405516248
4120.0,75.27798297098224,457.44467620855806,11.299339299258728
4121.0,75.42751056141957,457.4233474467162,11.299418118431575
4122.0,75.5961312866452,457.4019763187239,11.299496863027437
4123.0,75.15900726894041,457.38055741485925,11.299575533038972
4124.0,74.60951026169812,457.35926236279977,11.299654128458835
4125.0,74.35785644844313,457.3381230015589,11.299732649279697
4126.0,74.68529793383945,457.3170549422319,11.299811095494233
4127.0,73.97088129518244,457.29589410781733,11.299889467095124
4128.0,74.56990820497928,457.2749356914503,11.29996776407506
4129.0,75.1035753171695,457.2538075507922,11.300045986426735
4130.0,74.8903876879564,457.2325282044523,11.300124134142854
4131.0,75.60848460843124,457.2113092612741,11.300202207216124
4132.0,73.72434263660921,457.1898868573017,11.300280205639263
4133.0,75.97261414914243,457.1689982935547,11.300358129404996
4134.0,75.36955596452442,457.14747271954576,11.300435978506052
4135.0,75.0304004558564,457.12611801202246,11.300513752935167
4136.0,74.82741199124816,457.10485939856,11.300591452685088
4137.0,75.11996475468005,457.0836582984958,11.300669077748568
4138.0,74.29387223452204,457.062374308482,11.30074662811836
4139.0,75.36548503741652,457.04132437801553,11.300824103787233
4140.0,75.89461380558159,457.01997082392154,11.300901504747962
4141.0,75.48536059447359,456.99846735001,11.300978830993321
4142.0,74.93704160188882,456.97707983117493,11.301056082516096
4143.0,75.35366248072677,456.9558476693877,11.301133259309086
4144.0,75.1509756931237,456.9344974650181,11.301210361365088
4145.0,73.7541547861065,456.91320468857174,11.301287388676908
4146.0,75.13982692474876,456.89230767804906,11.301364341237361
4147.0,74.78182417681892,456.87101806042034,11.301441219039269
4148.0,74.9801834676087,456.8498298769036,11.30151802207546
4149.0,76.99096445653696,456.82858549158783,11.301594750338767
4150.0,73.96948511777583,456.80677138499175,11.301671403822038
4151.0,75.43628575969967,456.78581336420837,11.301747982518114
4152.0,76.10507065397944,456.76443974990974,11.301824486419857
4153.0,74.74727862258521,456.7428766465578,11.301900915520127
4154.0,74.39132733804361,456.7216982509481,11.301977269811797
4155.0,74.30687872900141,456.7006207082023,11.30205354928774
4156.0,74.80011209804326,456.6795670925624,11.302129753940845
4157.0,75.54551669855984,456.65837372746796,11.302205883763996
4158.0,75.53569400946695,456.6369691644034,11.302281938750097
4159.0,74.54651342327887,456.61556738443403,11.30235791889205
4160.0,76.22753524519031,456.59444587229746,11.302433824182769
4161.0,75.42003423189614,456.5728480706447,11.302509654615172
4162.0,74.97332742273213,456.5514790609456,11.302585410182182
4163.0,75.10272507897082,456.5302366181758,11.302661090876734
4164.0,73.31858520134737,456.50895751273674,11.30273669669177
4165.0,75.4198233891229,456.4881839135964,11.302812227620233
4166.0,75.63049109905971,456.4668149636362,11.30288768365508
4167.0,75.29794282669498,456.44538632449144,11.30296306478927
4168.0,75.61751129274063,456.4240519073572,11.30303837101577
4169.0,75.2750541286629,456.40262694582424,11.303113602327558
4170.0,74.5425530072241,456.38129901382115,11.303188758717614
4171.0,74.86530232864344,456.36017862380237,11.303263840178923
4172.0,74.12216513689498,456.33896678814267,11.303338846704486
4173.0,75.4898292734398,456.3179655080205,11.303413778287304
4174.0,74.54952162053692,456.2965767230597,11.303488634920386
4175.0,75.4930914692222,456.27545435860054,11.303563416596749
4176.0,75.39013025704391,456.25406464935094,11.303638123309417
4177.0,74.4509061131905,456.2327041124448,11.303712755051423
4178.0,76.07639060210906,456.2116096890461,11.3037873118158
4179.0,75.20046636713846,456.1900547117088,11.303861793595594
4180.0,75.0049963527659,456.16874791290473,11.303936200383857
4181.0,76.22430246014245,456.14749649727145,11.30401053217365
4182.0,74.51962862115431,456.1258996115744,11.304084788958036
4183.0,75.02632089754208,456.10478571679846,11.304158970730091
4184.0,74.65203682585637,456.0835282592108,11.30423307748289
4185.0,74.26335573964768,456.0623768487768,11.30430710920952
4186.0,73.89162490632489,456.0413355646506,11.30438106590308
4187.0,74.04695399986441,456.0203996042605,11.304454947556664
4188.0,74.47139019474677,455.9994196339605,11.304528754163384
4189.0,75.17834026023858,455.97831940673865,11.304602485716353
4190.0,75.2691989044858,455.9570188769983,11.304676142208695
4191.0,74.71311636931347,455.9356926039753,11.304749723633536
4192.0,75.75940355731684,455.91452388767067,11.304823229984011
4193.0,74.09268152000386,455.89305872332943,11.304896661253265
4194.0,74.00986683589052,455.87206579689877,11.304970017434448
4195.0,74.76478507719749,455.8510963346286,11.305043298520713
4196.0,74.72809987186686,455.8299129788567,11.305116504505229
4197.0,76.31393393405125,455.8087400172264,11.305189635381158
4198.0,74.06584054804722,455.78711773594506,11.305262691141689
4199.0,75.38177782920869,455.7661324144564,11.305335671779998
4200.0,74.97605483159587,455.7447742440715,11.305408577289283
4201.0,75.00501924546677,455.72353102853583,11.305481407662738
4202.0,73.92927793369317,455.7022796064163,11.305554162893568
4203.0,75.2510277257192,455.6813329776685,11.30562684297499
4204.0,74.91320992995955,455.6600118531462,11.30569944790022
4205.0,74.53502172274163,455.63878644366605,11.30577197766249
4206.0,74.98659772110194,455.61766818751124,11.305844432255027
4207.0,74.38873101182318,455.59642198482356,11.305916811671077
4208.0,75.77548203494335,455.5753451777035,11.305989115903884
4209.0,75.27362377063669,455.55387545779365,11.306061344946706
4210.0,74.99017858985125,455.5325479310587,11.306133498792803
4211.0,75.89364524038784,455.5113007137915,11.306205577435442
4212.0,73.13589485523734,455.48979751430676,11.306277580867905
4213.0,75.39770997749353,455.4690756774311,11.30634950908347
4214.0,74.79250738665488,455.44771299293745,11.306421362075426
4215.0,74.87157235096248,455.42652178251126,11.306493139837071
4216.0,75.13650673023024,455.40530817034517,11.306564842361714
4217.0,75.48757784178383,455.38401949343825,11.306636469642658
4218.0,74.71375450161038,455.36263134638307,11.306708021673225
4219.0,75.42311943865323,455.3414624492743,11.30677949844674
4220.0,75.12694639084181,455.32009256543336,11.306850899956535
4221.0,74.79657519870231,455.29880659728923,11.30692222619595
4222.0,75.62375696514181,455.27761423431633,11.306993477158327
4223.0,75.15377792650405,455.2561875031762,11.307064652837022
4224.0,75.47536788164388,455.23489393276367,11.307135753225396
4225.0,73.85317781774671,455.2135092451972,11.307206778316813
4226.0,74.61940619147383,455.1925841781489,11.30727772810465
4227.0,75.41431678602403,455.17144201306127,11.307348602582287
4228.0,74.47214173254379,455.1500746233052,11.307419401743113
4229.0,74.95503759325489,455.12897418314765,11.30749012558052
4230.0,75.5155034831851,455.10773692249626,11.307560774087916
4231.0,75.41975891456053,455.086340863176,11.307631347258708
4232.0,75.39066324675461,455.0649719314835,11.307701845086308
4233.0,75.79947809473813,455.04361124356365,11.307772267564143
4234.0,75.71074937240748,455.0221347247701,11.307842614685644
4235.0,74.52115219358167,455.0006833457812,11.307912886444248
4236.0,75.43126878051864,454.97956901932645,11.307983082833397
4237.0,74.95530727813932,454.95819682650523,11.308053203846546
4238.0,74.77490959588573,454.93695948944315,11.30812324947715
4239.0,74.24822484519264,454.9157732650576,11.308193219718678
4240.0,73.67307678510133,454.89473626801816,11.3082631145646
4241.0,75.7991567612818,454.8738622295958,11.308332934008396
4242.0,74.6534155752512,454.8523858018467,11.308402678043553
4243.0,75.41870169623527,454.83123400076704,11.308472346663565
4244.0,75.09091011383417,454.8098653686198,11.308541939861934
4245.0,76.13187516924974,454.7885896107542,11.308611457632162
4246.0,75.88193717419068,454.7670189127895,11.30868089996777
4247.0,74.43830901218877,454.74551903059023,11.308750266862276
4248.0,74.24386248084946,454.7244281763701,11.308819558309214
4249.0,75.26821650558784,454.70339241533384,11.308888774302114
4250.0,76.04165455395874,454.6820664206573,11.30895791483452
4251.0,74.61833916847151,454.66052128520033,11.309026979899985
4252.0,75.48648593512334,454.6393794224359,11.309095969492063
4253.0,75.67995099879712,454.61799158475435,11.30916488360432
4254.0,74.76382815318415,454.5965489319713,11.309233722230324
4255.0,75.36229607570213,454.57536584732793,11.309302485363656
4256.0,74.16984263813042,454.5540131967731,11.309371172997901
4257.0,74.4353803936938,454.53299840802566,11.309439785126651
4258.0,75.09005113650873,454.51190838358076,11.309508321743506
4259.0,76.46720665405321,454.4906328690921,11.309576782842068
4260.0,75.01814759320561,454.46896716054016,11.309645168415955
4261.0,75.49202859106664,454.4477120187221,11.309713478458788
4262.0,75.93592649226204,454.42632261062124,11.309781712964188
4263.0,75.41576002142743,454.4048074314484,11.309849871925797
4264.0,75.9738941796232,454.3834396327757,11.309917955337252
4265.0,75.45233483253631,454.36191369609145,11.309985963192203
4266.0,74.90381540856171,454.3405355345556,11.310053895484305
4267.0,75.64233913549518,454.3193127868565,11.31012175220722
4268.0,75.33165995970224,454.2978807907681,11.310189533354619
4269.0,75.52444322369838,454.2765368204462,11.310257238920181
4270.0,75.43350629454645,454.2551382281995,11.310324868897585
4271.0,75.82116574267445,454.233765401416,11.310392423280524
4272.0,75.46824874257945,454.2122827377889,11.310459902062698
4273.0,74.38067940936837,454.1909000673118,11.310527305237809
4274.0,74.3998542288285,454.1698255414792,11.31059463279957
4275.0,73.31797452743605,454.14874558278103,11.3106618847417
4276.0,75.16477966632085,454.1279721566649,11.310729061057927
4277.0,76.3609500543273,454.1066754690928,11.310796161741978
4278.0,74.88349262107427,454.0850398665774,11.310863186787602
4279.0,75.68480614138034,454.0638228770015,11.310930136188539
4280.0,73.71620268901144,454.0423788485947,11.310997009938548
4281.0,74.49341216299985,454.0214925911661,11.311063808031388
4282.0,75.17051868252592,454.00038612438664,11.31113053046083
4283.0,75.49879113769998,453.9790878107599,11.311197177220647
4284.0,74.16332578722998,453.9576964866043,11.311263748304622
4285.0,75.08860114628135,453.9366835442979,11.311330243706545
4286.0,74.6368879357389,453.91540844063974,11.311396663420213
4287.0,74.91532259246405,453.89426132239134,11.311463007439428
4288.0,74.95998427449801,453.8730353143235,11.311529275758003
4289.0,74.91059830054049,453.85179665211234,11.311595468369756
4290.0,73.82024893791666,453.8305719825939,11.31166158526851
4291.0,74.52833695565961,453.80965624539476,11.3117276264481
4292.0,74.67700355813928,453.78853988325733,11.311793591902362
4293.0,76.104210624868,453.76738139891586,11.311859481625142
4294.0,75.02207685905755,453.74581853923877,11.311925295610296
4295.0,74.6339396363799,453.72456228412875,11.311991033851681
4296.0,75.71871921906309,453.7034160012318,11.312056696343168
4297.0,74.22397866104691,453.6819623641197,11.312122283078631
4298.0,74.10474079015268,453.6609322368324,11.312187794051948
4299.0,73.7662168391061,453.6399358936086,11.31225322925701
4300.0,75.74209033138867,453.6190354655041,11.312318588687713
4301.0,74.24417300435965,453.5975752065769,11.312383872337957
4302.0,75.39951856295676,453.576539357559,11.312449080201654
4303.0,75.34425672725506,453.5551761606328,11.312514212272722
4304.0,75.47017405157321,453.53382862122675,11.312579268545083
4305.0,75.74703522969997,453.51244540524544,11.312644249012667
4306.0,74.3457290550481,453.49098374526375,11.312709153669415
4307.0,75.33459233583159,453.4699191220315,11.312773982509269
4308.0,74.62931426978314,453.4485743208696,11.312838735526183
4309.0,74.8830083135579,453.42742934849326,11.312903412714116
4310.0,75.63019817661605,453.4062124961377,11.312968014067033
4311.0,73.89470607062947,453.38478393998764,11.31303253957891
4312.0,74.04795596298945,453.363847106601,11.313096989243727
4313.0,75.28579963478626,453.3428668524115,11.31316136305547
4314.0,74.90987692546196,453.32153587584827,11.313225661008131
4315.0,75.53748414975642,453.3003114107194,11.313289883095718
4316.0,76.30047955843145,453.27890912354366,11.313354029312237
4317.0,74.23476551258165,453.25729065433546,11.313418099651702
4318.0,74.19504254154015,453.23625747077347,11.313482094108139
4319.0,75.744485278744,453.21523554205345,11.313546012675575
4320.0,74.3912441904565,453.1937746045578,11.31360985534805
4321.0,73.80381502850814,453.1726970853705,11.313673622119607
4322.0,74.12832639148085,453.15178600444574,11.313737312984296
4323.0,74.25275305918353,453.13078297863484,11.313800927936176
4324.0,74.31157428331439,453.1097446986014,11.313864466969314
4325.0,74.76580467154825,453.08868975255444,11.31392793007778
4326.0,74.24658958054408,453.06750610789754,11.313991317255656
4327.0,75.62773114711149,453.04646957418305,11.314054628497027
4328.0,73.92290323736728,453.0250417170247,11.314117863795989
4329.0,75.70108006215138,453.0040968944408,11.314181023146638
4330.0,76.13444543959612,452.9826482550898,11.314244106543086
4331.0,73.72425716911421,452.96107682888197,11.31430711397945
4332.0,73.53909505199933,452.94018828935066,11.314370045449845
4333.0,74.59522307051242,452.9193522124193,11.314432900948407
4334.0,74.66506136569298,452.898216899216,11.31449568046927
4335.0,76.04458342673449,452.8770617984957,11.314558384006574
4336.0,74.60607251242728,452.8555158331915,11.314621011554475
4337.0,75.01113024402444,452.8343774459796,11.31468356310713
4338.0,75.57697405173025,452.81312429241046,11.314746038658697
4339.0,75.0042256668956,452.79171081642914,11.314808438203354
4340.0,75.07905444720882,452.77045961915684,11.314870761735278
4341.0,75.87537062605817,452.74918722039683,11.314933009248657
4342.0,75.57475048537688,452.7276891987194,11.31499518073768
4343.0,75.51801177599674,452.70627635274855,11.315057276196548
4344.0,74.84595560965971,452.68487958274534,11.315119295619471
4345.0,74.4804959745578,452.66367322865597,11.315181239000662
4346.0,74.37546225189573,452.6425704214632,11.31524310633434
4347.0,72.89970059002488,452.62149737382515,11.315304897614737
4348.0,75.27660427567135,452.60084245865795,11.315366612836085
4349.0,74.02400078424348,452.5795140874465,11.31542825199263
4350.0,74.48351018974931,452.55854062055766,11.31548981507862
4351.0,74.5003195456661,452.53743695933724,11.315551302088313
4352.0,74.94854312682396,452.51632853546596,11.31561271301597
4353.0,75.09573250696614,452.49509311491335,11.315674047855865
4354.0,74.06671678627556,452.47381599070303,11.315735306602274
4355.0,75.33647583813163,452.45283042094695,11.315796489249484
4356.0,73.4228108096641,452.43148508612614,11.315857595791787
4357.0,75.75024160391,452.41068195639673,11.315918626223484
4358.0,74.59062486052093,452.38921938794226,11.315979580538878
4359.0,74.88860842363545,452.36808537756514,11.316040458732283
4360.0,75.45876613927149,452.34686693851177,11.316101260798023
4361.0,74.10149765116893,452.3254869547723,11.316161986730423
4362.0,75.42124054293707,452.3044915304378,11.316222636523818
4363.0,76.51258617105923,452.28312217895063,11.316283210172552
4364.0,74.93601270611498,452.26144361286885,11.316343707670974
4365.0,75.62787791575471,452.2402117426021,11.316404129013437
4366.0,75.16933208726473,452.21878384385934,11.316464474194307
4367.0,75.80425571085627,452.1974858664346,11.316524743207957
4368.0,75.10187423528527,452.1760079939832,11.316584936048757
4369.0,75.798568790399,452.1547291296165,11.316645052711097
4370.0,75.40329285382212,452.1332528684592,11.316705093189372
4371.0,74.6619113857611,452.11188860215066,11.316765057477973
4372.0,73.25433608712507,452.09073439392466,11.316824945571312
4373.0,75.01714002040889,452.0699789987,11.316884757463798
4374.0,75.66993511447424,452.0487241423609,11.316944493149855
4375.0,75.85963565426934,452.0272843274118,11.317004152623907
4376.0,73.7790805384832,452.0057907639764,11.317063735880392
4377.0,74.28117630867018,451.98488669115716,11.317123242913748
4378.0,74.69219955865029,451.9638403578697,11.317182673718424
4379.0,75.59828651720804,451.94267756799474,11.317242028288879
4380.0,76.06252684470009,451.92125805348155,11.317301306619573
4381.0,74.97498396523135,451.8997070042089,11.317360508704976
4382.0,75.04921072545879,451.8784640920854,11.317419634539567
4383.0,74.96473648997934,451.8572001490465,11.317478684117827
4384.0,76.04678291588517,451.83596014037437,11.31753765743425
4385.0,74.70349961905947,451.81441355188156,11.317596554483336
4386.0,75.52712733210272,451.7932475603228,11.317655375259585
4387.0,73.99492548702435,451.7718482075787,11.317714119757515
4388.0,74.48827383464254,451.7508829786907,11.317772787971643
4389.0,74.44156404810789,451.72977796777093,11.317831379896496
4390.0,75.29298587584557,451.7086861912906,11.317889895526612
4391.0,74.51016580653851,451.6873531786258,11.317948334856526
4392.0,75.5590036016427,451.6662419649806,11.318006697880788
4393.0,75.82774364441964,451.64483358062677,11.318064984593956
4394.0,73.48403928042967,451.6233490532609,11.31812319499059
4395.0,75.17070038175844,451.6025285754648,11.318181329065261
4396.0,74.6937133485495,451.5812302103566,11.318239386812547
4397.0,74.19837837842451,451.56006699157456,11.318297368227027
4398.0,76.02824242859299,451.5390441177006,11.318355273303295
4399.0,75.68794857827707,451.5175027823459,11.318413102035953
4400.0,75.66013382294484,451.496057863582,11.318470854419598
4401.0,74.0906063531083,451.4746208256655,11.318528530448848
4402.0,74.17643559759851,451.4536284871988,11.31858613011832
4403.0,74.87851844400198,451.4326118304461,11.318643653422646
4404.0,75.20096089721079,451.4113962502203,11.318701100356451
4405.0,73.69784307653015,451.39008931129945,11.318758470914382
4406.0,73.30672889125665,451.36920825576107,11.318815765091085
4407.0,74.25917872081112,451.3484380159086,11.318872982881215
4408.0,74.54511264323762,451.32739791527104,11.318930124279433
4409.0,75.59160203566181,451.3062768000221,11.318987189280413
4410.0,73.64542119611625,451.28485917944533,11.319044177878824
4411.0,74.9662307108696,451.2639929767731,11.319101090069356
4412.0,76.2372646098903,451.2427525447383,11.3191579258467
4413.0,74.88835302786991,451.22115198643223,11.319214685205548
4414.0,76.44883795058082,451.199933619741,11.319271368140612
4415.0,75.81139796034498,451.17827311565503,11.319327974646594
4416.0,76.52964704962531,451.1567932195662,11.319384504718226
4417.0,75.86657326140156,451.13510981956887,11.319440958350224
4418.0,74.4880054970705,451.1136142904781,11.319497335537328
4419.0,73.81290748218558,451.09250935558725,11.319553636274275
4420.0,73.91919032955458,451.07159569846726,11.319609860555815
4421.0,74.28542214854617,451.05065192787396,11.319666008376702
4422.0,73.95414893841343,451.0296043915985,11.319722079731696
4423.0,75.37695110291007,451.008650716066,11.319778074615568
4424.0,76.11433553200368,450.9872939132535,11.319833993023098
4425.0,74.69369731899499,450.96572818485276,11.31988983494906
4426.0,75.24279827246355,450.94456497061236,11.319945600388255
4427.0,74.63603408266265,450.9232461777685,11.320001289335472
4428.0,74.97792802342752,450.90209930144505,11.320056901785524
4429.0,73.54748878103103,450.88085555517176,11.320112437733217
4430.0,75.73260533736541,450.86001710001716,11.320167897173372
4431.0,74.63629478594322,450.8385595285049,11.320223280100812
4432.0,75.66006640887707,450.81741257831555,11.320278586510378
4433.0,76.66283442031468,450.7959755594997,11.320333816396902
4434.0,74.70214353170368,450.7742544230806,11.32038896975524
4435.0,73.80618362288328,450.75308881574665,11.320444046580237
4436.0,74.59287428434047,450.73217706372014,11.320499046866765
4437.0,75.18442391804146,450.71104241600625,11.320553970609685
4438.0,75.22339460886606,450.68974016256277,11.320608817803878
4439.0,74.67045258665105,450.6684268674236,11.320663588444228
4440.0,75.21578177217214,450.64727023919073,11.320718282525622
4441.0,75.1876519512032,450.6259591010219,11.320772900042957
4442.0,75.37540059116799,450.6046559329691,11.320827440991144
4443.0,75.74159375885046,450.58329956946824,11.320881905365088
4444.0,76.23777349440525,450.56183945123655,11.320936293159713
4445.0,75.79707597135692,450.5402387487465,11.32099060436994
4446.0,76.04103332051561,450.5187629105546,11.321044838990707
4447.0,74.5929112097857,450.4972179511138,11.321098997016955
4448.0,74.23303019383017,450.4760832929377,11.321153078443626
4449.0,76.05223534702928,450.45505060104944,11.32120708326568
4450.0,75.37756682211051,450.43350246770115,11.321261011478079
4451.0,74.91567547070761,450.41214549043485,11.32131486307579
4452.0,76.4205805507639,450.3909193823848,11.321368638053787
4453.0,75.96754513519997,450.3692668845621,11.321422336407059
4454.0,75.92687584153438,450.3477427467738,11.321475958130591
4455.0,73.45938772742807,450.32623013195206,11.321529503219386
4456.0,75.12368439021667,450.30541663876255,11.321582971668445
4457.0,74.10389389318505,450.284131594852,11.32163636347278
4458.0,73.92049002276015,450.2631354915823,11.321689678627411
4459.0,75.20345938914872,450.2421913527425,11.321742917127365
4460.0,75.12984766465318,450.2208837059155,11.321796078967678
4461.0,73.17267177581058,450.1995969157439,11.321849164143384
4462.0,73.98552779683868,450.1788646587408,11.321902172649535
4463.0,75.69087961092109,450.1579020925317,11.321955104481185
4464.0,74.51454396462302,450.13645634330857,11.322007959633396
4465.0,76.5816009066672,450.1153438891853,11.32206073810124
4466.0,74.44524904178357,450.09364576892835,11.322113439879786
4467.0,74.78442176840583,450.07255294836654,11.322166064964124
4468.0,74.05164302347198,450.0513640288655,11.322218613349346
4469.0,75.59811590734094,450.03038273000885,11.322271085030543
4470.0,75.03467431388783,450.0089632638351,11.322323480002824
4471.0,74.02327706012453,449.98770343944614,11.322375798261302
4472.0,75.31568404071562,449.9667301776124,11.322428039801094
4473.0,75.18665463758033,449.94539073380093,11.322480204617328
4474.0,73.84768135205361,449.92408784832026,11.322532292705136
4475.0,74.95367717555193,449.90316433860386,11.322584304059662
4476.0,74.2687617104431,449.88192746340417,11.32263623867605
4477.0,74.11711008789742,449.8608846475862,11.322688096549456
4478.0,74.7072189945163,449.83988479972794,11.322739877675046
4479.0,75.06484617058102,449.81871775434615,11.322791582047984
4480.0,74.18773931964417,449.79744938126447,11.322843209663448
4481.0,74.50249744610375,449.7764295217906,11.322894760516625
4482.0,75.12840140782328,449.7553204808475,11.322946234602703
4483.0,74.62003068458206,449.73403410044864,11.32299763191688
4484.0,75.67366028180562,449.71289175842134,11.323048952454362
4485.0,76.10337704651593,449.6914508880081,11.32310019621036
4486.0,75.17100286103965,449.66988826451166,11.323151363180095
4487.0,74.7835136257125,449.648589813701,11.323202453358794
4488.0,75.97751403351178,449.62740115150706,11.32325346674169
4489.0,74.75222638153035,449.60587418919755,11.323304403324025
4490.0,76.33496571462338,449.5846943917228,11.323355263101044
4491.0,77.1390790983841,449.563066151437,11.323406046068007
4492.0,73.66192206493028,449.54121007902575,11.323456752220173
4493.0,74.43614702388969,449.5203392011074,11.323507381552812
4494.0,75.47839345304199,449.4992489594506,11.323557934061203
4495.0,74.64159871308705,449.47786341463893,11.323608409740627
4496.0,75.21954239974605,449.4567149616702,11.323658808586377
4497.0,74.84874371229938,449.43540275799023,11.323709130593752
4498.0,74.12737977963434,449.41419561393843,11.323759375758058
4499.0,75.53671270570514,449.3931928563343,11.323809544074603
4500.0,74.56063984613952,449.3717907877343,11.323859635538712
4501.0,75.15995432935635,449.35066527311125,11.323909650145714
4502.0,74.90958259275416,449.3293699527179,11.323959587890933
4503.0,74.82174335265759,449.3081455709833,11.324009448769722
4504.0,73.81599869229727,449.2869460770334,11.324059232777419
4505.0,76.70018600560438,449.26603154407053,11.324108939909387
4506.0,75.14840676407624,449.2442998247023,11.32415857016099
4507.0,74.55003282341411,449.2230077761191,11.32420812352759
4508.0,74.25004396640088,449.2018852668192,11.324257600004573
4509.0,75.36503715251696,449.18084775436205,11.324306999587316
4510.0,75.86440223282763,449.1594943271688,11.324356322271216
4511.0,74.54799133694644,449.13799941320286,11.32440556805167
4512.0,74.66749408602098,449.11687748232407,11.324454736924084
4513.0,73.57734196088953,449.095721692333,11.324503828883868
4514.0,75.0443244696004,449.07487477877737,11.324552843926448
4515.0,76.63008607981533,449.0536122201777,11.324601782047248
4516.0,73.48223116875782,449.0319003624551,11.324650643241704
4517.0,75.88345283844582,449.0110803969573,11.324699427505251
4518.0,75.16911173148739,448.9895800853197,11.324748134833351
4519.0,74.33672304467318,448.96828217032913,11.324796765221448
4520.0,75.78551124625858,448.94722009879985,11.324845318665012
4521.0,74.35085887982662,448.92574753728,11.324893795159513
4522.0,74.9906224247721,448.90468146059743,11.324942194700425
4523.0,74.70106675949827,448.88343411757705,11.324990517283238
4524.0,75.79752844984259,448.8622688153285,11.325038762903437
4525.0,73.42715288520623,448.84079284893437,11.325086931556529
4526.0,74.8537514540847,448.8199884889503,11.325135023238015
4527.0,75.37182932379733,448.79877992603826,11.325183037943413
4528.0,76.2506005472795,448.7774245743965,11.325230975668237
4529.0,75.22014706309702,448.75582023757477,11.325278836408023
4530.0,74.03332964401292,448.7345078625736,11.325326620158302
4531.0,73.50761404284319,448.71353175250783,11.325374326914616
4532.0,75.30217279198385,448.69270459519566,11.325421956672514
4533.0,75.33721344728194,448.6713689795713,11.325469509427553
4534.0,74.53929883111205,448.65002343576117,11.3255169851753
4535.0,76.24337669068699,448.6289039677591,11.32556438391132
4536.0,75.24941125421333,448.6073016776967,11.3256117056312
4537.0,75.53062739733117,448.5859810111746,11.325658950330515
4538.0,75.52604803171396,448.5645806667454,11.325706118004865
4539.0,74.37823888800934,448.5431816198031,11.325753208649846
4540.0,75.05198109459022,448.52210778545145,11.32580022226107
4541.0,74.03717509752605,448.50084305747464,11.325847158834145
4542.0,73.04471820370259,448.47986585786373,11.325894018364696
4543.0,73.89298770356625,448.45916985437265,11.32594080084835
4544.0,74.69097157005271,448.4382335078567,11.325987506280741
4545.0,74.87112488002727,448.4170710659118,11.326034134657517
4546.0,74.24002590902859,448.39585758052914,11.326080685974327
4547.0,75.13086874994336,448.37482290652156,11.326127160226822
4548.0,74.64090688344676,448.35353582704244,11.326173557410673
4549.0,76.32678022098821,448.3323875700921,11.326219877521549
4550.0,75.53782911846116,448.31076164902953,11.326266120555129
4551.0,75.83336675165091,448.28935926411265,11.3263122865071
4552.0,75.65590338534403,448.267873143533,11.326358375373157
4553.0,75.18329595103519,448.2464373042405,11.326404387148994
4554.0,74.32989548754651,448.22513537038765,11.326450321830325
4555.0,75.18816368302161,448.20407523333284,11.326496179412862
4556.0,75.8465346336325,448.1827719202893,11.326541959892328
4557.0,75.23827727772169,448.1612820688098,11.326587663264451
4558.0,77.04249608438714,448.13996455691444,11.326633289524967
4559.0,75.45200011956058,448.1181358496906,11.326678838669622
4560.0,74.20719617423954,448.09675778299004,11.326724310694162
4561.0,74.31134506242162,448.07573241074067,11.326769705594351
4562.0,75.35847897810127,448.05467752963966,11.326815023365953
4563.0,74.76818946981952,448.0333259605958,11.326860264004736
4564.0,75.53475285380476,448.012141640246,11.326905427506484
4565.0,73.20878223106584,447.99074012693745,11.32695051386698
4566.0,75.31908610307399,447.96999763863863,11.326995523082022
4567.0,76.94987421036616,447.9486572309095,11.32704045514741
4568.0,74.31620892918392,447.92685476654987,11.32708531005895
4569.0,75.68364465408291,447.9057985073532,11.327130087812458
4570.0,75.04761948385072,447.8843548080346,11.327174788403758
4571.0,75.33636630004422,447.8630913158475,11.32721941182868
4572.0,75.68872520019087,447.8417460120625,11.327263958083062
4573.0,75.7851779520795,447.82030087325575,11.327308427162745
4574.0,73.79078518548955,447.7988284061693,11.327352819063583
4575.0,74.02590387983516,447.7779210170334,11.327397133781437
4576.0,74.44507521401752,447.75694701093414,11.327441371312167
4577.0,74.36748314513063,447.73585423962356,11.32748553165165
4578.0,75.75459644588986,447.7147834527324,11.327529614795768
4579.0,74.84790088494033,447.69331965040607,11.327573620740404
4580.0,75.87045847682526,447.67211274515535,11.327617549481454
4581.0,74.23995517425118,447.65061611525357,11.327661401014822
4582.0,75.56925939534808,447.6295814612875,11.327705175336416
4583.0,75.83325242181678,447.6081701711255,11.327748872442152
4584.0,74.67534693825243,447.5866840829393,11.327792492327955
4585.0,75.17766859266796,447.56552606797345,11.327836034989753
4586.0,75.11150763399527,447.5442257285389,11.327879500423487
4587.0,73.48907443149972,447.5229441347093,11.3279228886251
4588.0,75.50497128116541,447.502122230287,11.327966199590543
4589.0,74.83787165727975,447.48072915509067,11.328009433315781
4590.0,75.60333156379616,447.4595250914545,11.328052589796776
4591.0,74.80394997362215,447.4381041475114,11.328095669029501
4592.0,75.36823584571357,447.41690969501883,11.328138671009942
4593.0,75.24915533309003,447.39555536152926,11.328181595734085
4594.0,75.5319466739537,447.3742347675182,11.328224443197925
4595.0,74.61798036215338,447.35283404929396,11.328267213397465
4596.0,76.67385073899815,447.3316922881913,11.328309906328716
4597.0,74.11256448279678,447.30996803048197,11.328352521987695
4598.0,74.63088990961678,447.28896947054517,11.328395060370424
4599.0,75.58128075735884,447.2678240517374,11.328437521472939
4600.0,74.95519811382269,447.24640935552287,11.328479905291275
4601.0,74.00648401915005,447.2251720493906,11.328522211821479
4602.0,74.05145929763837,447.20420354558513,11.328564441059605
4603.0,74.31539282164366,447.1832222987842,11.328606593001714
4604.0,75.79788475837213,447.16216627081803,11.32864866764387
4605.0,74.3095277436773,447.14069020346983,11.328690664982153
4606.0,73.82819889466879,447.1196358372758,11.328732585012645
4607.0,74.14337680412363,447.09871784758894,11.32877442773143
4608.0,74.97364166567037,447.07771055749447,11.32881619313461
4609.0,73.97288716409197,447.0564680256892,11.328857881218285
4610.0,75.52342030995737,447.0355090409927,11.328899491978568
4611.0,73.51634869742522,447.0141107385715,11.328941025411575
4612.0,74.92706639309131,446.9932811064406,11.328982481513435
4613.0,75.05922867780602,446.9720517709626,11.329023860280278
4614.0,75.27299376235156,446.95078498950386,11.329065161708243
4615.0,75.69536239911011,446.9294576412712,11.329106385793482
4616.0,75.87396591051146,446.9080106219248,11.329147532532142
4617.0,74.68124439953392,446.8865129982501,11.32918860192039
4618.0,74.97687761320012,446.8653533123369,11.329229593954391
4619.0,75.56535502715813,446.8441098636799,11.329270508630323
4620.0,74.99024357630452,446.82269967975554,11.32931134594437
4621.0,77.12396205748212,446.80145244407555,11.329352105892722
4622.0,75.05693158014094,446.7796006548259,11.329392788471575
4623.0,74.97549326060846,446.75833452421153,11.329433393677132
4624.0,75.5655824388708,446.7370914677877,11.32947392150561
4625.0,74.07770428606615,446.71568121943005,11.329514371953225
4626.0,74.7570667403367,446.694692536549,11.329554745016203
4627.0,75.33386523095207,446.6735113676392,11.32959504069078
4628.0,74.6963651414771,446.6521667724904,11.329635258973196
4629.0,75.31635480961916,446.63100280236705,11.329675399859697
4630.0,74.94001186738338,446.6096631685043,11.329715463346542
4631.0,73.88050810509098,446.58843016514186,11.329755449429987
4632.0,75.8810305097944,446.5674973545121,11.32979535810631
4633.0,73.86905103355569,446.54599772920096,11.329835189371783
4634.0,75.99475921639359,446.52506816474147,11.329874943222691
4635.0,73.97008804599189,446.5035363162968,11.329914619655325
4636.0,74.76691954326469,446.4825781246838,11.329954218665986
4637.0,75.80216704456504,446.46139416414655,11.329993740250977
4638.0,74.13092624400863,446.4399168834839,11.330033184406613
4639.0,75.76963162233093,446.4189131210481,11.330072551129211
4640.0,74.78579621488161,446.3974450587551,11.330111840415105
4641.0,76.2068709191638,446.3762557498275,11.330151052260623
4642.0,74.91962601124996,446.3546638030671,11.33019018666211
4643.0,73.93161770474796,446.3334365756973,11.330229243615914
4644.0,74.46909406869787,446.31248928401425,11.330268223118395
4645.0,74.10967968026782,446.2913897073615,11.330307125165913
4646.0,75.6743154462066,446.27039196478535,11.330345949754838
4647.0,74.67016462829926,446.2489509087423,11.330384696881552
4648.0,75.51679203179164,446.2277943620976,11.330423366542437
4649.0,74.0341311410114,446.2063979376886,11.330461958733887
4650.0,75.39268823251956,446.18542160053204,11.3305004734523
4651.0,74.74410445980935,446.1640603388661,11.330538910694086
4652.0,75.02870271388309,446.1428828426025,11.330577270455658
4653.0,74.65267131433397,446.1216247101669,11.330615552733438
4654.0,74.66460571205296,446.1004731199612,11.330653757523852
4655.0,75.26217658268435,446.0793181483428,11.330691884823338
4656.0,73.78306705220058,446.0579938649777,11.330729934628339
4657.0,75.63215240392113,446.0370886626462,11.330767906935305
4658.0,75.28049167554869,446.0156595527984,11.330805801740695
4659.0,74.18024244303393,445.994330080157,11.330843619040973
4660.0,76.27290451130845,445.97331234479816,11.33088135883261
4661.0,74.32193677709175,445.95170168852,11.330919021112086
4662.0,74.54553084064017,445.9306438064331,11.330956605875887
4663.0,74.50980435659463,445.9095225726949,11.330994113120507
4664.0,75.64859606551036,445.8884114614605,11.33103154284245
4665.0,75.42335114605851,445.86697769257535,11.33106889503822
4666.0,73.73128494431673,445.845607743084,11.331106169704332
4667.0,74.3340945981532,445.82471721234975,11.331143366837313
4668.0,74.13910132361461,445.8036558855469,11.33118048643369
4669.0,74.95381469336967,445.7826498068386,11.33121752849
4670.0,75.79523698131761,445.7614128926755,11.33125449300279
4671.0,73.47811474355846,445.73993757553075,11.331291379968608
4672.0,73.36804647341506,445.7191187763534,11.331328189384015
4673.0,75.304566478738,445.6983311631859,11.331364921245576
4674.0,75.53294172971012,445.6769948693503,11.331401575549867
4675.0,75.18398235289065,445.6555938691936,11.331438152293465
4676.0,75.5899977356843,445.6342917408602,11.331474651472957
4677.0,74.77363709566292,445.61287457483513,11.331511073084943
4678.0,75.30144627890571,445.5916887109913,11.331547417126023
4679.0,76.99242441855978,445.5703533012123,11.331583683592806
4680.0,75.51464944622333,445.54853878096037,11.331619872481909
4681.0,74.96649809232025,445.52714296361734,11.331655983789954
4682.0,74.9159447794978,445.50590245582447,11.331692017513575
4683.0,74.50685932068491,445.4846762714703,11.331727973649409
4684.0,75.49621768584404,445.46356599466276,11.331763852194104
4685.0,74.8318151669568,445.4421753996518,11.331799653144309
4686.0,75.29652327310063,445.4209730520211,11.331835376496686
4687.0,76.0118355816533,445.3996390370938,11.331871022247904
4688.0,76.14512970387004,445.3781023503456,11.331906590394636
4689.0,75.28999072382719,445.3565278969295,11.331942080933564
4690.0,74.85279160646584,445.3351957328911,11.331977493861379
4691.0,75.72550449051381,445.3139874419359,11.332012829174772
4692.0,74.83287438888722,445.2925318823303,11.33204808687045
4693.0,74.50298340731746,445.27132923458674,11.332083266945128
4694.0,75.94128286682512,445.2502200559547,11.332118369395518
4695.0,75.3919691715876,445.2287033591424,11.332153394218347
4696.0,75.35858960125455,445.20734230121053,11.33218834141035
4697.0,74.56901212489194,445.1859907008234,11.332223210968262
4698.0,74.8346236224035,445.16486281405474,11.332258002888834
4699.0,73.96970319046098,445.14365967069506,11.332292717168821
4700.0,73.86170660617766,445.1227015881244,11.332327353804981
4701.0,75.93157864995771,445.101774104586,11.332361912794086
4702.0,75.41643501541421,445.0802601573019,11.332396394132909
4703.0,76.3510689973132,445.0588921673808,11.332430797818233
4704.0,74.2265324330708,445.03725936449825,11.332465123846854
4705.0,75.97837540199436,445.0162285136422,11.332499372215565
4706.0,74.91097969192353,444.9947013072783,11.33253354292117
4707.0,75.92176367335972,444.9734765296989,11.332567635960487
4708.0,75.13244727877533,444.9519653633248,11.332601651330329
4709.0,75.85037925315802,444.9306778365958,11.332635589027527
4710.0,75.22249585229132,444.90918689580747,11.332669449048911
4711.0,74.96105056399307,444.88787385531595,11.332703231391328
4712.0,74.2198637871518,444.86663489098953,11.33273693605162
4713.0,75.84149578680378,444.84560592958314,11.332770563026648
4714.0,74.68074834073363,444.8241175057769,11.332804112313273
4715.0,74.84005294459682,444.80295796041366,11.332837583908365
4716.0,76.21858732353361,444.78175327874607,11.3328709778088
4717.0,75.68707230705803,444.76015801233774,11.332904294011469
4718.0,74.27756862378367,444.7387133418507,11.332937532513254
4719.0,74.73365663401903,444.71766803074064,11.332970693311061
4720.0,75.83785637612708,444.6964934946943,11.333003776401796
4721.0,73.50843711955719,444.67500610205445,11.33303678178237
4722.0,75.01102565398767,444.6541787115372,11.333069709449706
4723.0,76.03934294897464,444.6329255876019,11.333102559400734
4724.0,74.45871888993103,444.61138110709976,11.333135331632386
4725.0,74.03554803508189,444.5902844700809,11.333168026141607
4726.0,75.85143106161152,444.569307731471,11.333200642925343
4727.0,76.52574178621795,444.54781649267017,11.333233181980557
4728.0,74.33098737345121,444.52613419916406,11.333265643304209
4729.0,74.10542687322997,444.5050737527416,11.333298026893274
4730.0,73.64165898771087,444.48407721512757,11.333330332744728
4731.0,74.90673532686797,444.4632120784143,11.333362560855557
4732.0,74.92485956560053,444.441988503405,11.333394711222757
4733.0,75.65706174979178,444.4207597931948,11.333426783843331
4734.0,74.79605182318544,444.399323625699,11.333458778714279
4735.0,74.9995932063112,444.37813141101583,11.333490695832623
4736.0,74.47069146858664,444.356881526274,11.333522535195383
4737.0,75.26699467653388,444.3357814970245,11.33355429679959
4738.0,74.55111941708833,444.3144558485329,11.333585980642281
4739.0,75.02450015874786,444.2933330313647,11.333617586720498
4740.0,75.60921936475069,444.27207608965307,11.333649115031294
4741.0,74.45035220101552,444.2506534774997,11.333680565571727
4742.0,74.96093443383691,444.2295592110428,11.333711938338864
4743.0,75.76807861073593,444.20832027961984,11.333743233329779
4744.0,75.36464053095204,444.18685265734683,11.333774450541549
4745.0,75.55113090613877,444.16549934252976,11.333805589971265
4746.0,75.78881749674956,444.14409318877296,11.333836651616023
4747.0,74.70876781693005,444.1226196904822,11.333867635472922
4748.0,75.34328107734437,444.1014522062674,11.333898541539075
4749.0,74.14831227985364,444.0801049432955,11.333929369811592
4750.0,75.14124901469559,444.0590962548162,11.333960120287605
4751.0,76.03783775735727,444.03780623426206,11.333990792964244
4752.0,74.47628408169386,444.01626218023085,11.334021387838645
4753.0,75.60237618079238,443.99516056640766,11.334051904907952
4754.0,75.65396410467307,443.97373989315645,11.334082344169321
4755.0,75.14675360672122,443.95230460332675,11.334112705619914
4756.0,75.46977888062308,443.93101302313823,11.334142989256897
4757.0,75.51108560690889,443.90962991912204,11.334173195077444
4758.0,75.2928808288917,443.8882351115334,11.334203323078736
4759.0,74.85996727147149,443.86690212863186,11.334233373257966
4760.0,74.51289199731578,443.8456918045717,11.334263345612328
4761.0,74.42683926516156,443.82457981850575,11.334293240139028
4762.0,75.94049830843565,443.8034922140473,11.334323056835274
4763.0,75.22483099301826,443.7819757395265,11.334352795698285
4764.0,76.56116845939532,443.76066203741186,11.33438245672529
4765.0,74.93435098949446,443.73896970634837,11.33441203991352
4766.0,74.696275855068,443.71773830690137,11.334441545260216
4767.0,74.4527586308597,443.69657436207575,11.33447097276262
4768.0,74.79704517218599,443.675479413797,11.334500322417997
4769.0,74.47742284865014,443.6542869176649,11.3345295942236
4770.0,74.75809196120451,443.6331849811911,11.334558788176702
4771.0,74.28927798822997,443.61200352180214,11.334587904274578
4772.0,75.09423469895272,443.59095489303877,11.334616942514513
4773.0,74.91298771067973,443.5696781932074,11.3346459028938
4774.0,74.02794500065288,443.5484528466894,11.334674785409733
4775.0,74.95897527196324,443.52747826227255,11.33470359005962
4776.0,75.2392823822855,443.50623988594543,11.334732316840775
4777.0,74.32942072105423,443.48492208927047,11.334760965750515
4778.0,75.51576153059224,443.46386208673283,11.33478953678617
4779.0,74.77944557569081,443.44246595429917,11.334818029945074
4780.0,75.02520190820951,443.42127844471935,11.334846445224569
4781.0,75.22830345148913,443.4000213041787,11.334874782622002
4782.0,74.93965544657368,443.37870661820085,11.334903042134732
4783.0,75.08933333469126,443.3574737158243,11.334931223760124
4784.0,74.57467573581654,443.3361984047128,11.334959327495543
4785.0,75.82273703161947,443.3150689132544,11.334987353338375
4786.0,74.18768924052938,443.2935858044287,11.335015301285997
4787.0,75.72320228958884,443.2725659591439,11.33504317133581
4788.0,75.30938744792091,443.2511110518285,11.33507096348521
4789.0,75.79224188792911,443.2297733920516,11.335098677731605
4790.0,74.92741327557792,443.2082989235167,11.335126314072408
4791.0,74.24430438275934,443.18706948975523,11.33515387250504
4792.0,75.53405383309007,443.1660336035135,11.335181353026938
4793.0,75.09353907098037,443.14463228826077,11.335208755635529
4794.0,74.41583172267063,443.123355785524,11.335236080328258
4795.0,74.42792157104712,443.10227129986924,11.335263327102583
4796.0,74.64160324813386,443.08118338875744,11.335290495955952
4797.0,73.5745654627812,443.0600349345038,11.33531758688584
4798.0,76.6334810540876,443.0391888076227,11.335344599889712
4799.0,74.60604798853116,443.0174759879907,11.335371534965056
4800.0,73.86307988091012,442.9963376077273,11.335398392109349
4801.0,74.46843746390698,442.97540973509433,11.335425171320095
4802.0,75.24796983705443,442.9543103444796,11.33545187259479
4803.0,74.97075290539811,442.93299008635904,11.335478495930946
4804.0,75.77940452114333,442.9117483730359,11.335505041326078
4805.0,76.19375288196446,442.8902775417549,11.335531508777711
4806.0,73.9007829246322,442.8686893117717,11.335557898283373
4807.0,74.44453448655273,442.8477507566097,11.335584209840604
4808.0,74.86811954810531,442.8266581385052,11.335610443446951
4809.0,75.69081632614143,442.8054455046332,11.335636599099965
4810.0,76.17439900628348,442.78399977334084,11.335662676797204
4811.0,76.15726915102704,442.7624170269557,11.33568867653624
4812.0,74.85364613795136,442.7408391340296,11.335714598314643
4813.0,75.17606908094638,442.71963060095715,11.335740442129996
4814.0,74.58862627484685,442.69833071471754,11.33576620797989
4815.0,74.35621488053408,442.6771972706063,11.33579189586192
4816.0,75.71619558572137,442.6561296763902,11.33581750577369
4817.0,75.76865488094428,442.6346767543076,11.335843037712808
4818.0,77.01011968688027,442.613208968758,11.335868491676898
4819.0,75.86982167950156,442.5913894348467,11.335893867663579
4820.0,74.7522734307324,442.56989298537087,11.33591916567049
4821.0,75.69359370310785,442.5487131745654,11.335944385695264
4822.0,74.37643700104267,442.5272666563495,11.335969527735553
4823.0,75.31376725070697,442.50619333253263,11.33599459178901
4824.0,74.19093703669051,442.4848544318116,11.336019577853298
4825.0,73.98361346236278,442.46383366631784,11.336044485926088
4826.0,75.49716447678793,442.4428716425035,11.33606931600505
4827.0,73.5508688183556,442.4214807792351,11.33609406808787
4828.0,74.09041565044505,442.4006413664032,11.336118742172244
4829.0,75.46608654816079,442.3796490819689,11.336143338255866
4830.0,74.22862625468647,442.3582670241136,11.33616785633644
4831.0,74.26193511006545,442.3372355800081,11.336192296411681
4832.0,74.73065214989478,442.31619469839353,11.336216658479309
4833.0,73.92818006889597,442.2950210136178,11.33624094253705
4834.0,74.38190616783871,442.27407469593163,11.33626514858264
4835.0,73.66161814970447,442.2529998225174,11.33628927661382
4836.0,74.38723618326938,442.23212903070834,11.336313326628341
4837.0,74.64598404800535,442.21105264712304,11.336337298623956
4838.0,74.60155169892217,442.18990295164275,11.33636119259843
4839.0,74.08519244857955,442.1687658453281,11.336385008549534
4840.0,74.1969151880958,442.147775040801,11.33640874647505
4841.0,74.64573012306441,442.1267525814977,11.336432406372756
4842.0,75.16320030137216,442.1056029579628,11.336455988240452
4843.0,75.40895953314836,442.08430671787744,11.336479492075934
4844.0,75.02883967867632,442.0629408460097,11.33650291787701
4845.0,74.38477224472123,442.04168267476746,11.336526265641496
4846.0,74.6067186832362,442.02060698929813,11.33654953536721
4847.0,75.04128104014987,441.99946841900453,11.336572727051985
4848.0,75.27138177298403,441.97820672270984,11.336595840693658
4849.0,75.3671656253848,441.9568798312075,11.336618876290071
4850.0,75.90707117700362,441.93552580094695,11.336641833839074
4851.0,73.72280147866948,441.9140187974468,11.336664713338529
4852.0,75.25407774336797,441.8931306703612,11.336687514786298
4853.0,75.49675913217871,441.87180868166723,11.336710238180254
4854.0,74.58764411640868,441.85041793324643,11.33673288351828
4855.0,75.3216942940022,441.82928476741347,11.336755450798261
4856.0,74.91703185012271,441.80794362069685,11.336777940018091
4857.0,76.21563256152153,441.78671712833926,11.336800351175675
4858.0,74.2198595895906,441.76512269911353,11.336822684268922
4859.0,74.87564842417206,441.74409373889654,11.336844939295744
4860.0,76.20355251752227,441.722878971843,11.336867116254071
4861.0,75.39540954640458,441.70128796529633,11.33688921514183
4862.0,74.45906187728481,441.67992593259146,11.33691123595696
4863.0,76.16692689952991,441.65882919839294,11.336933178697407
4864.0,73.92500196356822,441.63724856910477,11.336955043361126
4865.0,74.31437035687858,441.61630315188177,11.336976829946074
4866.0,74.69917731346145,441.59524741361395,11.33699853845022
4867.0,75.1056448982324,441.57408264670846,11.337020168871543
4868.0,74.15956409283032,441.5528027139873,11.337041721208015
4869.0,74.07849605995655,441.5317908374943,11.337063195457636
4870.0,75.14185435746965,441.5108019302773,11.337084591618396
4871.0,75.54927543688493,441.4895117382094,11.337105909688301
4872.0,75.76614102856206,441.4681061101689,11.337127149665365
4873.0,76.22186257818946,441.4466390368775,11.337148311547603
4874.0,75.90158748051043,441.4250428424803,11.33716939533304
4875.0,74.49108248179866,441.4035373926942,11.337190401019711
4876.0,74.24931195296705,441.382431585991,11.337211328605656
4877.0,75.36175456952638,441.3613942809377,11.337232178088927
4878.0,74.37510732864843,441.3400417838096,11.337252949467569
4879.0,74.62412468052513,441.31896883673323,11.337273642739655
4880.0,74.65159696607112,441.29782533474037,11.337294257903247
4881.0,75.99412280299657,441.27667404893333,11.337314794956427
4882.0,74.96042170441775,441.25514238080586,11.337335253897274
4883.0,74.47326646031651,441.2339035946563,11.337355634723883
4884.0,73.7505358383426,441.2128028358258,11.337375937434354
4885.0,75.5711178924026,441.19190685067167,11.337396162026788
4886.0,75.57348854278847,441.1704950339354,11.337416308499302
4887.0,75.22262753670564,441.14908254551494,11.337436376850015
4888.0,73.94533951712727,441.1277694677129,11.337456367077055
4889.0,75.29741524481528,441.1068182881831,11.337476279178558
4890.0,75.02075869119591,441.0854840205303,11.337496113152667
4891.0,75.4133536731283,441.06422813890117,11.337515868997531
4892.0,75.22629716489833,441.0428610220271,11.337535546711306
4893.0,75.74672338029049,441.0215469044971,11.337555146292155
4894.0,76.19805250710472,441.00008533287263,11.337574667738252
4895.0,75.00160950131192,440.97849588466227,11.337594111047778
4896.0,75.15657938246946,440.9572454286369,11.337613476218916
4897.0,74.24362275328428,440.93595106447856,11.337632763249859
4898.0,74.91310666865863,440.91491537136517,11.33765197213881
4899.0,74.84402154049202,440.8936899911423,11.337671102883974
4900.0,75.50711476907142,440.87248418503924,11.337690155483568
4901.0,75.33470541993138,440.8510905025213,11.337709129935815
4902.0,74.59644463741716,440.829745669319,11.337728026238945
4903.0,76.09690208162377,440.80861001000505,11.337746844391194
4904.0,75.59589752240458,440.78704922108193,11.337765584390807
4905.0,75.28061420530369,440.76563038345057,11.337784246236039
4906.0,75.60746256636241,440.74430087609244,11.337802829925144
4907.0,75.17665861345944,440.7228787616986,11.337821335456388
4908.0,74.76620628432977,440.7015787084248,11.33783976282805
4909.0,75.5988997449814,440.68039494997754,11.337858112038406
4910.0,74.95332133011233,440.6589752617165,11.337876383085746
4911.0,74.80405459782236,440.6377384873396,11.337894575968368
4912.0,74.94378986845165,440.6165440052036,11.337912690684572
4913.0,74.95603975430525,440.5953099314075,11.337930727232669
4914.0,75.26970230665168,440.5740723868105,11.337948685610973
4915.0,75.4310280121345,440.5527459711569,11.337966565817814
4916.0,73.53739448608056,440.53137384655344,11.337984367851522
4917.0,76.65713067741623,440.5105382514491,11.338002091710432
4918.0,74.88454358553047,440.4888187310905,11.3380197373929
4919.0,73.57082076554535,440.4676014437413,11.338037304897268
4920.0,74.40887873865789,440.4467563778577,11.33805479422191
4921.0,75.58548861775932,440.4256738622151,11.338072205365183
4922.0,74.88036208767963,440.4042579737734,11.338089538325468
4923.0,75.5181876824894,440.3830418711819,11.338106793101149
4924.0,74.39681379740723,440.3616450513385,11.338123969690615
4925.0,74.62956324137991,440.34056595409595,11.338141068092263
4926.0,75.91885418162488,440.31942091117753,11.3381580883045
4927.0,75.52383067526046,440.2979105691594,11.338175030325734
4928.0,74.9500729870918,440.2765121504681,11.33819189415439
4929.0,74.26121131570486,440.255276296455,11.33820867978889
4930.0,74.11255997009745,440.2342356199156,11.338225387227668
4931.0,74.949593734949,440.21323706125736,11.338242016469172
4932.0,75.19477587887178,440.1920013430325,11.338258567511843
4933.0,76.2051705102652,440.17069615653344,11.33827504035414
4934.0,74.59288088787213,440.1491046915556,11.338291434994526
4935.0,74.30814166496482,440.1279700419706,11.338307751431474
4936.0,74.3118963398571,440.10691606849895,11.338323989663458
4937.0,75.78718821079947,440.0858610312026,11.338340149688968
4938.0,74.37517065995412,440.0643879945429,11.338356231506488
4939.0,75.5853268842229,440.0433150295226,11.338372235114527
4940.0,74.71166775822223,440.0218991869054,11.338388160511585
4941.0,76.11353433072442,440.0007308810405,11.33840400769618
4942.0,75.56572068515615,439.9791653796469,11.338419776666836
4943.0,75.70403760117371,439.95775509211944,11.338435467422077
4944.0,74.37890535998741,439.9363056147991,11.338451079960443
4945.0,74.90041888187055,439.91523159161375,11.338466614280474
4946.0,76.1630592240059,439.8940098062639,11.33848207038072
4947.0,75.11749208115427,439.87243027281704,11.338497448259746
4948.0,75.68227070788457,439.85114698339413,11.33851274791611
4949.0,75.28059692272147,439.82970367336014,11.338527969348387
4950.0,75.57388118866437,439.80837417089873,11.338543112555161
4951.0,74.71766712305143,439.78696157122863,11.338558177535015
4952.0,74.34881121058713,439.7657915655438,11.338573164286545
4953.0,75.41011684987095,439.7447260690341,11.338588072808351
4954.0,74.58805847698498,439.72335986926,11.338602903099046
4955.0,75.3834843931725,439.7022265860248,11.338617655157243
4956.0,74.15446813634625,439.6808679321134,11.338632328981568
4957.0,75.36832312073705,439.65985749947475,11.338646924570646
4958.0,73.38499174335898,439.6385031412573,11.338661441923128
4959.0,74.58417024575635,439.61771072693,11.338675881037648
4960.0,75.23398209586182,439.59657854536033,11.338690241912865
4961.0,74.73046374383361,439.5752622504332,11.338704524547435
4962.0,76.07420610321718,439.55408861903913,11.33871872894003
4963.0,74.31009313505903,439.5325342606432,11.338732855089322
4964.0,74.64131454236713,439.5114797342549,11.338746902993995
4965.0,74.68718341419968,439.4903313618012,11.338760872652738
4966.0,75.7768149149042,439.4691699931672,11.338774764064247
4967.0,74.9015023913361,439.44769989560797,11.338788577227227
4968.0,75.04174227009709,439.42647780326377,11.33880231214039
4969.0,75.20579242087335,439.40521597628725,11.33881596880245
4970.0,73.95170334040392,439.3839076684347,11.338829547212137
4971.0,73.82043158553452,439.36295468582153,11.338843047368186
4972.0,76.07333180940293,439.34203889687234,11.338856469269336
4973.0,75.47000240170112,439.320484786193,11.338869812914332
4974.0,74.41897650834566,439.2991016188458,11.338883078301933
4975.0,74.23556604664807,439.27801624216846,11.3388962654309
4976.0,75.78758450975118,439.2569828317886,11.338909374300002
4977.0,73.83620858810684,439.23550968284417,11.338922404908017
4978.0,74.16355166755595,439.21458942374414,11.33893535725373
4979.0,73.77634357590368,439.19357641743835,11.33894823133593
4980.0,74.31583090751654,439.1726731200919,11.33896102715342
4981.0,73.37519005885963,439.1516169680014,11.338973744705003
4982.0,74.1148785723506,439.1308273308181,11.338986383989495
4983.0,74.75188336977277,439.10982811522257,11.338998945005715
4984.0,75.80980861418104,439.0886484149345,11.33901142775249
4985.0,75.2418772279017,439.06716896916043,11.33902383222866
4986.0,75.5392124038869,439.0458504372792,11.339036158433064
4987.0,75.0058745294018,439.0244476604314,11.339048406364553
4988.0,75.25496236492914,439.0031959959814,11.339060576021984
4989.0,74.40707189629828,438.98187375664475,11.339072667404226
4990.0,73.12673597322555,438.96079175294074,11.339084680510144
4991.0,74.5947236092359,438.94007251108167,11.33909661533862
4992.0,75.58528940383705,438.9189373393924,11.339108471888544
4993.0,75.5052552980578,438.89752150739463,11.339120250158807
4994.0,75.91119953902243,438.8761283517269,11.339131950148309
4995.0,75.33742331594654,438.85462017852416,11.339143571855958
4996.0,75.26206509517876,438.83327457525127,11.339155115280677
4997.0,73.84643046300377,438.8119503234743,11.339166580421379
4998.0,73.97839145501013,438.79102716817647,11.339177967277003
4999.0,75.86291637466488,438.77006662393086,11.339189275846481
5000.0,74.48336414264003,438.74857213095805,11.33920050612876
5001.0,75.52900208330232,438.72746851111765,11.339211658122792
5002.0,75.20279894454363,438.70606862719404,11.339222731827538
5003.0,75.56081852015488,438.6847611674931,11.339233727241966
5004.0,74.83046079524001,438.6633522689124,11.339244644365047
5005.0,74.91721553376951,438.6421503050204,11.33925548319576
5006.0,73.67811001965276,438.6209237606191,11.339266243733103
5007.0,74.4169308787391,438.6000482961136,11.339276925976066
5008.0,75.38780097441078,438.57896349903126,11.33928752992365
5009.0,75.1995194692984,438.5576036220885,11.33929805557487
5010.0,75.3932732010928,438.5362970915722,11.339308502928745
5011.0,74.77008544291334,438.5149356641652,11.339318871984299
5012.0,74.424937450086,438.4937508066231,11.339329162740562
5013.0,75.98677173932262,438.4726637410122,11.339339375196575
5014.0,74.49925319106374,438.45113415568613,11.33934950935139
5015.0,74.09775985280547,438.43002603394865,11.339359565204056
5016.0,74.75260550856399,438.409031668657,11.339369542753635
5017.0,75.54254585100864,438.3878517637629,11.339379441999203
5018.0,74.6016842301938,438.36644804243844,11.339389262939829
5019.0,75.10406405213473,438.3453108985732,11.339399005574599
5020.0,75.18976206390998,438.32403141375846,11.339408669902607
5021.0,75.30366050690853,438.30272764784036,11.339418255922944
5022.0,74.82194793529415,438.28139161069674,11.339427763634726
5023.0,75.71638569185485,438.2601920587817,11.339437193037059
5024.0,74.68352461765268,438.2387390828357,11.339446544129064
5025.0,74.49437640597462,438.2175787508607,11.33945581690987
5026.0,75.39103077006199,438.196472010879,11.339465011378612
5027.0,75.5371673667712,438.1751112188275,11.339474127534434
5028.0,75.35407196360993,438.15370902140694,11.33948316537648
5029.0,75.34362739262966,438.13235870101727,11.339492124903913
5030.0,75.12371245735775,438.11101133992264,11.339501006115894
5031.0,75.452110870477,438.0897262880597,11.339509809011593
5032.0,74.44072382228633,438.06834818997976,11.339518533590194
5033.0,75.54268119594771,438.04725665156343,11.33952717985088
5034.0,74.01790702982903,438.02585289189125,11.339535747792842
5035.0,74.06375117905198,438.0048811515661,11.339544237415284
5036.0,75.71633922180955,437.9838964220654,11.339552648717412
5037.0,75.21748106400773,437.9624434592859,11.339560981698444
5038.0,75.90190698303915,437.94113183965106,11.3395692363576
5039.0,75.32587225048654,437.91962629933926,11.33957741269411
5040.0,75.83206178157805,437.89828396886827,11.339585510707215
5041.0,75.43818740695708,437.87679821803016,11.339593530396154
5042.0,75.35281300223156,437.8554240649315,11.339601471760183
5043.0,75.92952967798712,437.83407410124755,11.339609334798558
5044.0,74.19509500469381,437.81256073450544,11.33961711951055
5045.0,73.87861001877623,437.79153879092075,11.339624825895427
5046.0,75.80347881030457,437.7706065180821,11.339632453952476
5047.0,75.10174015122514,437.7491288657525,11.339640003680982
5048.0,74.69045415718976,437.7278500393764,11.339647475080238
5049.0,73.91169227912867,437.7066877440318,11.339654868149552
5050.0,74.01491959734946,437.68574609788607,11.339662182888233
5051.0,75.26700021848553,437.6647752040002,11.339669419295598
5052.0,74.4941818541271,437.64344955393824,11.339676577370971
5053.0,75.07473401271785,437.6223428690796,11.339683657113685
5054.0,74.56213244178043,437.6010716944427,11.33969065852308
5055.0,74.75381580781871,437.5799457569175,11.339697581598502
5056.0,74.14999562710089,437.5587655091053,11.33970442633931
5057.0,74.60138248053946,437.5377563436776,11.339711192744856
5058.0,74.80396468886063,437.51661928530814,11.339717880814515
5059.0,75.79274384093078,437.49542482864626,11.339724490547662
5060.0,75.38912871776327,437.4739502178913,11.339731021943683
5061.0,74.97502540923388,437.4525899647546,11.339737475001963
5062.0,75.73629003245627,437.4313470408887,11.339743849721904
5063.0,72.99055159833684,437.40988842537945,11.339750146102912
5064.0,75.20704924271962,437.3892077690933,11.339756364144396
5065.0,75.35755152336155,437.3678991051412,11.339762503845778
5066.0,73.94653489469762,437.34654779887626,11.339768565206487
5067.0,76.16801639570221,437.3255962806561,11.339774548225952
5068.0,75.17446429584952,437.30401534267725,11.339780452903623
5069.0,76.4885713434479,437.2827159111268,11.339786279238943
5070.0,75.6629848308863,437.2610441492462,11.339792027231368
5071.0,75.52663149145681,437.239606303544,11.339797696880368
5072.0,75.4382379876921,437.21820709128815,11.339803288185408
5073.0,74.59639940131942,437.1968329238583,11.339808801145967
5074.0,75.6273753590963,437.1756972773613,11.339814235761533
5075.0,74.59746764204101,437.1542695210095,11.3398195920316
5076.0,74.61938704656883,437.13313357184427,11.339824869955663
5077.0,76.06367046439588,437.11199141218106,11.339830069533235
5078.0,74.83576689462438,437.09044003888283,11.33983519076383
5079.0,74.17343426644247,437.06923657159604,11.339840233646969
5080.0,75.15048157522666,437.04822076522055,11.33984519818218
5081.0,72.10215780501832,437.0269281287742,11.339850084369004
5082.0,74.9834253339647,437.0064991840628,11.339854892206981
5083.0,74.94139654569453,436.9852538802182,11.339859621695666
5084.0,74.86269874328922,436.96402048453024,11.339864272834618
5085.0,74.16383894756228,436.94280938655294,11.339868845623396
5086.0,74.8489503424997,436.9217962988512,11.339873340061581
5087.0,76.39017400639278,436.90058909625407,11.339877756148752
5088.0,75.37820021644524,436.8789452136189,11.339882093884496
5089.0,75.74043642363749,436.85758805689096,11.339886353268408
5090.0,74.03292382526658,436.83612826657094,11.33989053430009
5091.0,75.2496349624091,436.81515227148714,11.339894636979158
5092.0,74.87818291044637,436.7938315415811,11.339898661305222
5093.0,75.04888611057214,436.7726160564232,11.339902607277908
5094.0,77.2266560127726,436.7513522053585,11.33990647489685
5095.0,74.4800327367243,436.7294713194882,11.339910264161686
5096.0,75.21361870039686,436.7083686435462,11.339913975072063
5097.0,75.75198621536684,436.6870581182477,11.339917607627637
5098.0,75.08936811860274,436.6655950554866,11.339921161828062
5099.0,75.63717252555314,436.6443197345197,11.339924637673017
5100.0,75.05953611727509,436.6228892023042,11.339928035162165
5101.0,75.1129878432824,436.60162233373757,11.3399313542952
5102.0,75.59957835934698,436.58034032051535,11.339934595071808
5103.0,75.57081654784108,436.5589204399802,11.339937757491686
5104.0,75.57197097516645,436.53750870862496,11.33994084155454
5105.0,74.86774223810106,436.516096650182,11.339943847260082
5106.0,75.29232416586817,436.49488412321455,11.339946774608032
5107.0,74.86425827591425,436.47355129803424,11.33994962359812
5108.0,75.6990275338848,436.4523397581894,11.339952394230073
5109.0,75.63637989317769,436.4308917003881,11.339955086503636
5110.0,74.36425515587061,436.40946139275167,11.33995770041856
5111.0,75.82160313509999,436.38839152045756,11.3399602359746
5112.0,76.22942721476967,436.36690873290263,11.339962693171518
5113.0,75.35622854314244,436.34531039519175,11.339965072009086
5114.0,75.79542031430717,436.3239594637712,11.33996737248708
5115.0,74.72870978058901,436.30248409468214,11.339969594605291
5116.0,74.44385247966679,436.2813109602443,11.339971738363504
5117.0,74.68887883612594,436.2602185353751,11.339973803761527
5118.0,74.93579660548264,436.2390566863715,11.339975790799159
5119.0,75.84631290668065,436.2178248773333,11.33997769947622
5120.0,75.26088315781952,436.1963350886764,11.339979529792531
5121.0,75.05182747045143,436.17501117178165,11.33998128174792
5122.0,75.65156766482612,436.1537464873317,11.339982955342228
5123.0,74.30072769699193,436.13231187649336,11.339984550575293
5124.0,73.80627577392434,436.11126000364584,11.33998606744697
5125.0,74.03721665231764,436.0903482255099,11.339987505957113
5126.0,75.26314775126023,436.0693710141251,11.339988866105593
5127.0,75.63231766928652,436.04804645559557,11.339990147892284
5128.0,76.80829679955765,436.02661729892264,11.339991351317057
5129.0,75.56308291704103,436.00485494816274,11.339992476379813
5130.0,74.31944026952729,435.98344540800286,11.339993523080436
5131.0,76.09558811870215,435.96238823325984,11.339994491418834
5132.0,74.85668191488631,435.94082781662627,11.339995381394914
5133.0,74.66059541926928,435.919618423417,11.339996193008593
5134.0,74.75491838006769,435.8984645880482,11.339996926259799
5135.0,74.32017245280592,435.8772840278406,11.339997581148463
5136.0,74.9313069116543,435.8562266456456,11.339998157674518
5137.0,73.95137094219211,435.83499610868733,11.339998655837915
5138.0,75.75612221742647,435.81404322025367,11.339999075638609
5139.0,74.909037381461,435.7925789856254,11.339999417076557
5140.0,73.52709195437235,435.77135475836735,11.339999680151731
5141.0,74.99592789419839,435.75052208231364,11.339999864864101
5142.0,75.24625095768751,435.7292732360769,11.339999971213654
5143.0,75.97484824358426,435.7079534649722,11.33999999920038
5144.0,74.88284646998535,435.6864272579699,11.339999948824275
5145.0,75.24563638549205,435.66521045147005,11.339999820085342
5146.0,75.62328090253703,435.64389085449415,11.339999612983599
5147.0,74.57538374569664,435.62246425823844,11.33999932751906
5148.0,74.72012976739397,435.6013345661771,11.339998963691752
5149.0,74.37435538691588,435.58016386274306,11.339998521501709
5150.0,75.71379811254612,435.5590911287168,11.339998000948974
5151.0,75.07096926975792,435.53763888591817,11.339997402033598
5152.0,75.2300750370729,435.5163687779584,11.33999672475563
5153.0,74.7208406136674,435.49505359003126,11.33999596911514
5154.0,74.01730689871891,435.47388268519074,11.339995135112193
5155.0,75.5537692740616,435.45291111490275,11.33999422274687
5156.0,74.55034800091646,435.43150421360843,11.339993232019255
5157.0,74.87174139452084,435.4103816150082,11.339992162929441
5158.0,76.69718779482866,435.3891679549464,11.339991015477528
5159.0,75.17702976837126,435.36743708507123,11.339989789663623
5160.0,74.66385536123546,435.3461369266368,11.339988485487838
5161.0,75.83063107474767,435.3249821676178,11.3399871029503
5162.0,75.13485022651625,435.30349682214666,11.33998564205113
5163.0,75.37416774474971,435.28220861458243,11.33998410279047
5164.0,75.03874114582975,435.2608526003881,11.339982485168465
5165.0,76.24988233121967,435.2395916237301,11.339980789185262
5166.0,75.35372471656775,435.21798749040295,11.33997901484102
5167.0,75.31353117882787,435.19663726839985,11.339977162135904
5168.0,75.38658661146455,435.17529843456595,11.339975231070088
5169.0,76.27569443801872,435.15393890169264,11.339973221643753
5170.0,74.77001065744474,435.13232745493525,11.339971133857086
5171.0,74.81183968060331,435.1111426185823,11.33996896771028
5172.0,75.73783051018219,435.0899459306728,11.339966723203542
5173.0,74.46062386544128,435.0684868786949,11.339964400337076
5174.0,76.31497573166222,435.047389701933,11.339961999111097
5175.0,74.68346316864606,435.02576712547574,11.339959519525836
5176.0,75.43341253348278,435.00460681091124,11.33995696158152
5177.0,74.49002936333584,434.9832340106934,11.339954325278388
5178.0,73.6232936734702,434.96212850237384,11.339951610616684
5179.0,73.10285460201611,434.94126856916637,11.33994881759667
5180.0,74.71315935903016,434.9205560936958,11.339945946218593
5181.0,74.98058118344589,434.8993873652107,11.339942996482732
5182.0,75.06565110237045,434.87814286720874,11.339939968389357
5183.0,76.57778608723883,434.8568742660631,11.33993686193875
5184.0,75.57037842560531,434.8351772266717,11.339933677131206
5185.0,75.38343720327269,434.8137656194511,11.339930413967016
5186.0,75.79043763111454,434.79240697891015,11.339927072446487
5187.0,74.91931931703851,434.77093302158136,11.339923652569933
5188.0,75.96299259011087,434.7497058811082,11.339920154337669
5189.0,75.1055168023664,434.72818303320764,11.339916577750024
5190.0,74.10511763090472,434.7069031367803,11.339912922807331
5191.0,75.48110166027132,434.6859066867849,11.339909189509928
5192.0,75.63413893491665,434.66452037464785,11.339905377858168
5193.0,75.69369541437423,434.6430907019496,11.339901487852405
5194.0,74.45033875514066,434.62164415491554,11.339897519493
5195.0,75.6405695623768,434.6005498922682,11.339893472780327
5196.0,74.53329521891581,434.5791183975589,11.33988934771476
5197.0,73.98933476926267,434.5580006305802,11.339885144296684
5198.0,73.99324972490753,434.5370369857289,11.339880862526494
5199.0,75.29767372733221,434.5160722316402,11.339876502404586
5200.0,74.6009019437435,434.4947378907508,11.339872063931368
5201.0,72.44223097850539,434.4736009685334,11.339867547107255
5202.0,75.6003288410894,434.4530756697561,11.33986295193267
5203.0,75.94527148716384,434.4316555765845,11.339858278408038
5204.0,75.0948791514901,434.41013774966314,11.339853526533794
5205.0,74.60916209804606,434.3888608672369,11.339848696310387
5206.0,75.76954014711373,434.36772160464244,11.33984378773826
5207.0,75.9303940069869,434.3462535682674,11.33983880081788
5208.0,74.43587043980587,434.32473995663213,11.339833735549707
5209.0,74.87730585836766,434.3036497933408,11.339828591934213
5210.0,75.1303404360457,434.2824345566809,11.33982336997188
5211.0,75.90705073189284,434.26114762689076,11.339818069663192
5212.0,75.53750034221756,434.2396406291834,11.339812691008644
5213.0,75.0940192944357,434.21823833741973,11.339807234008743
5214.0,74.47493664763792,434.19696169861965,11.339801698663994
5215.0,76.24035218106256,434.1758604665695,11.33979608497491
5216.0,74.24839367972712,434.1542590334515,11.339790392942023
5217.0,75.3570857494057,434.1332219885756,11.339784622565858
5218.0,76.62152354222026,434.11187081427994,11.339778773846952
5219.0,74.34971247129356,434.09016138260966,11.339772846785857
5220.0,74.82974306153746,434.0690956307428,11.33976684138312
5221.0,75.19275590916438,434.04789387020867,11.339760757639304
5222.0,75.28362818397815,434.0265892560344,11.339754595554979
5223.0,74.68730370641396,434.00525889471567,11.339748355130713
5224.0,74.88494061047132,433.9840974919988,11.339742036367094
5225.0,74.54612116564132,433.96288009215914,11.339735639264708
5226.0,74.89347234219828,433.9417586911622,11.339729163824154
5227.0,75.47994239244667,433.9205388739986,11.339722610046035
5228.0,73.746613442343,433.8991528903208,11.339715977930965
5229.0,75.20953015462104,433.8782580165121,11.339709267479558
5230.0,74.85021323013859,433.85694864963494,11.339702478692443
5231.0,73.19462116546762,433.83574108921977,11.339695611570255
5232.0,74.05262481306455,433.8150026132229,11.33968866611363
5233.0,75.63526076528566,433.79402103619253,11.339681642323221
5234.0,75.28136207006996,433.77259104564234,11.339674540199677
5235.0,76.32824553898428,433.75126132638917,11.339667359743668
5236.0,74.98511308340669,433.72963499015316,11.339660100955857
5237.0,75.71833240312586,433.7083892081128,11.339652763836927
5238.0,74.93286601164972,433.68693568059854,11.339645348387558
5239.0,75.98587368578302,433.6657047018953,11.339637854608442
5240.0,74.46591754901768,433.6441753710177,11.339630282500282
5241.0,75.78138936160214,433.62307669437877,11.339622632063783
5242.0,74.42522840954115,433.6016053007263,11.339614903299655
5243.0,73.10639620919123,433.5805181526769,11.339607096208622
5244.0,76.10910557112153,433.55980467375105,11.339599210791413
5245.0,74.88354680628198,433.5382404271725,11.339591247048762
5246.0,76.38549817751742,433.51702342224405,11.339583204981414
5247.0,74.54920658316762,433.4953808644271,11.339575084590116
5248.0,75.04041003704259,433.47425858922855,11.339566885875628
5249.0,75.18093770009808,433.45299713971804,11.339558608838715
5250.0,74.73138223732903,433.4316958740364,11.339550253480146
5251.0,72.62801439680365,433.41052198240243,11.339541819800706
5252.0,73.98262923174777,433.38994404499,11.339533307801176
5253.0,74.40688076595748,433.368982300041,11.339524717482353
5254.0,76.23050597027422,433.3479003504907,11.33951604884504
5255.0,75.8420689856659,433.3263017071324,11.339507301890041
5256.0,74.66559048376,433.30481312091985,11.339498476618177
5257.0,75.6114018938734,433.28365787028275,11.339489573030267
5258.0,75.23767952244657,433.26223463974617,11.339480591127145
5259.0,74.590948319587,433.2409172972148,11.339471530909648
5260.0,75.03580023336318,433.21978319519087,11.339462392378621
5261.0,74.36282826938361,433.1985230517915,11.339453175534915
5262.0,73.92902625828441,433.1774535837818,11.33944388037939
5263.0,74.75131252310595,433.15650702634196,11.339434506912918
5264.0,75.33233776109913,433.13532748779375,11.339425055136367
5265.0,75.24223211193691,433.1139833254281,11.33941552505062
5266.0,74.76064644589559,433.0926646929964,11.33940591665657
5267.0,74.42208622231911,433.07148250983664,11.33939622995511
5268.0,74.82653555196265,433.0503962520737,11.339386464947147
5269.0,74.45305404200768,433.02919540033395,11.339376621633585
5270.0,74.51145811613057,433.00810036835543,11.33936670001535
5271.0,75.53892821211257,432.98698878855583,11.339356700093363
5272.0,75.63897450044918,432.96558609222905,11.33934662186856
5273.0,74.28872418877837,432.94415504945397,11.339336465341876
5274.0,74.93560686412553,432.9231065776005,11.339326230514265
5275.0,74.80382373394349,432.9018748223223,11.339315917386678
5276.0,75.84461197397677,432.8806804055977,11.339305525960077
5277.0,75.15941943946407,432.8591910988717,11.339295056235432
5278.0,75.9803504389704,432.8378959300306,11.339284508213721
5279.0,74.49050432707584,432.81636816407286,11.339273881895927
5280.0,75.9262077406841,432.7952625211801,11.33926317728304
5281.0,74.33711241318701,432.77375009565367,11.339252394376063
5282.0,73.89445862683225,432.75268791380324,11.339241533175997
5283.0,74.98213408244916,432.73175115052555,11.339230593683855
5284.0,76.03377319533712,432.71050621253556,11.339219575900662
5285.0,74.64417776267194,432.68896331013025,11.339208479827441
5286.0,75.02710278598663,432.6678141264308,11.33919730546523
5287.0,74.70214601279439,432.6465564473081,11.339186052815075
5288.0,74.25203989120989,432.6253908392712,11.339174721878019
5289.0,75.55580351723377,432.604352761302,11.33916331265512
5290.0,73.03042621568461,432.58294528363876,11.339151825147447
5291.0,75.0086959591553,432.5622533295443,11.339140259356066
5292.0,75.30988182073072,432.5410008656892,11.339128615282062
5293.0,74.49153343546772,432.51966306584,11.339116892926516
5294.0,75.69656284345548,432.4985571313666,11.339105092290524
5295.0,75.34165979568436,432.47710977189433,11.339093213375186
5296.0,75.06161931671544,432.4557629682855,11.339081256181611
5297.0,74.37555192915404,432.4344955094792,11.339069220710915
5298.0,75.46315439922641,432.41342243643254,11.33905710696422
5299.0,75.69391949514748,432.3920412093528,11.339044914942656
5300.0,74.76092709059282,432.3705945988291,11.339032644647359
5301.0,75.65650013040414,432.3494123361535,11.339020296079477
5302.0,76.03567075224782,432.3279763277832,11.339007869240158
5303.0,75.10599102216412,432.30643288773666,11.338995364130563
5304.0,74.26748965943868,432.28515285694715,11.338982780751861
5305.0,76.38537406642136,432.2641104015436,11.338970119105221
5306.0,75.30603143385164,432.2424678788915,11.33895737919183
5307.0,74.91984948872695,432.2211311699852,11.338944561012873
5308.0,73.46676075798418,432.19990387929676,11.338931664569547
5309.0,74.93336657690959,432.179088297082,11.338918689863052
5310.0,75.0134356101452,432.1578571765519,11.338905636894602
5311.0,76.24315493579024,432.13660336979564,11.338892505665413
5312.0,75.31214165021875,432.1150011425638,11.33887929617671
5313.0,74.67987170933621,432.0936627024296,11.338866008429727
5314.0,73.78998108532073,432.0725034054452,11.338852642425703
5315.0,74.50007901206249,432.0515962441377,11.338839198165884
5316.0,73.66136387728078,432.03048788841767,11.338825675651524
5317.0,76.55880584091656,432.0096171686525,11.338812074883885
5318.0,74.61829618040629,431.9879255069975,11.338798395864234
5319.0,75.28892758150353,431.9667836564131,11.33878463859385
5320.0,75.4312290809734,431.9454517935983,11.338770803074016
5321.0,75.79756469359839,431.92407961202537,11.338756889306023
5322.0,75.42882896756271,431.90260363536214,11.338742897291167
5323.0,74.50238880020382,431.88123213382136,11.338728827030756
5324.0,73.43032068808385,431.8601231236613,11.338714678526099
5325.0,75.72869224260563,431.83931786613306,11.338700451778516
5326.0,75.68698036040584,431.81786140333094,11.33868614678934
5327.0,75.35052476391735,431.79641675889553,11.338671763559901
5328.0,73.80129442796992,431.77506744354577,11.338657302091537
5329.0,74.99707744266195,431.7541570767911,11.338642762385607
5330.0,75.01757867407603,431.73290790484907,11.33862814444346
5331.0,75.44234257130776,431.7116529242247,11.33861344826646
5332.0,75.05716929974527,431.69027759382953,11.33859867385598
5333.0,74.76373519167953,431.6690113958613,11.3385838212134
5334.0,73.22240599220166,431.6478283375569,11.3385688903401
5335.0,75.71592568286313,431.6270819891925,11.338553881237477
5336.0,74.67264043764186,431.60562914358235,11.338538793906931
5337.0,75.32084374648221,431.58447189545836,11.33852362834987
5338.0,74.46235165564069,431.56313098973015,11.338508384567708
5339.0,76.02408901847242,431.54203332342775,11.338493062561865
5340.0,76.68671041944239,431.52049316487256,11.338477662333771
5341.0,76.83251610341476,431.498765263587,11.338462183884868
5342.0,74.81768030211411,431.47699605069107,11.338446627216594
5343.0,74.8983360797176,431.45579770793876,11.3384309923304
5344.0,75.50683571924688,431.4345765127162,11.33841527922775
5345.0,74.94835564145647,431.4131829092624,11.338399487910104
5346.0,74.38526979104559,431.39194754183063,11.33838361837894
5347.0,74.8506091563755,431.3708717153899,11.338367670635733
5348.0,74.64152503988412,431.3496640427956,11.338351644681977
5349.0,74.91952889784554,431.32851561070095,11.338335540519163
5350.0,75.61634624445139,431.3072884108465,11.338319358148793
5351.0,74.93919052702283,431.28586377941065,11.338303097572378
5352.0,75.39350966032941,431.2646310087613,11.338286758791435
5353.0,74.14490568476113,431.2432695143575,11.338270341807489
5354.0,75.840993471594,431.22226179108014,11.33825384662207
5355.0,74.24926936940697,431.2007735095965,11.338237273236718
5356.0,74.2276067727345,431.17973621660855,11.338220621652978
5357.0,74.86512737023291,431.1587050613563,11.338203891872405
5358.0,74.46462468108665,431.13749327526807,11.338187083896557
5359.0,74.92257103846488,431.1163949649417,11.338170197727003
5360.0,75.12882658044312,431.0951669031475,11.338153233365322
5361.0,75.16177304135817,431.07388040228307,11.338136190813092
5362.0,74.13541841073054,431.052584566588,11.338119070071903
5363.0,75.54467728276839,431.0315795313716,11.338101871143355
5364.0,73.91573182254368,431.0101752061415,11.338084594029054
5365.0,74.71233009210329,430.98923241545845,11.338067238730604
5366.0,75.00737891240546,430.96806392193236,11.33804980524963
5367.0,75.27706382100922,430.9468118312405,11.338032293587759
5368.0,74.83497586479479,430.92548332982454,11.338014703746621
5369.0,74.51383845425688,430.9042800866629,11.337997035727861
5370.0,75.16279440092663,430.88316783243414,11.337979289533124
5371.0,74.61396315017723,430.8618717073539,11.337961465164065
5372.0,75.50022216032131,430.8407310844613,11.337943562622351
5373.0,74.92407774722042,430.81933935484926,11.337925581909646
5374.0,75.46559190494156,430.7981108661542,11.337907523027635
5375.0,74.85118865130597,430.7767289484478,11.337889385977997
5376.0,75.01967134256354,430.75552111166326,11.337871170762426
5377.0,75.16050232375758,430.73426553811623,11.33785287738262
5378.0,74.9950519131439,430.7129700624578,11.337834505840286
5379.0,73.99975991870686,430.69172146441576,11.33781605613714
5380.0,75.2096624054741,430.6707548657721,11.3377975282749
5381.0,74.75033784352007,430.64944546142385,11.337778922255296
5382.0,74.42333635517116,430.62826619903495,11.337760238080065
5383.0,75.03474793009325,430.60717958706766,11.33774147575095
5384.0,74.33453088148971,430.58591974182076,11.337722635269696
5385.0,74.34556429872934,430.56485829140433,11.337703716638066
5386.0,75.52471290557831,430.54379371485305,11.337684719857824
5387.0,74.36161495780507,430.5223950461965,11.337665644930745
5388.0,74.27009735185649,430.5013259219584,11.3376464918586
5389.0,74.42336008081108,430.48028272770875,11.337627260643185
5390.0,74.85544283959626,430.45919610901916,11.337607951286287
5391.0,75.59301434138658,430.43798706688125,11.33758856378971
5392.0,74.98988004549793,430.4165690461512,11.337569098155265
5393.0,74.80489258567583,430.39532191347166,11.337549554384767
5394.0,74.29560833495557,430.3741271939057,11.337529932480038
5395.0,72.73852010797036,430.3530767715441,11.337510232442906
5396.0,76.24927145072257,430.33246752418023,11.337490454275214
5397.0,74.38086885768688,430.3108635639358,11.337470597978802
5398.0,76.75642381924497,430.2897889844262,11.33745066355553
5399.0,74.40053587371504,430.26804133101075,11.337430651007248
5400.0,76.64374036929574,430.24696117917983,11.337410560335826
5401.0,75.16270216481222,430.2252454527419,11.337390391543146
5402.0,75.52418197321491,430.20394935379517,11.337370144631077
5403.0,74.77630554451464,430.1825508355695,11.337349819601519
5404.0,74.67564151769787,430.1613642156652,11.33732941645636
5405.0,74.23559382151076,430.14020611723515,11.337308935197509
5406.0,72.96982572692612,430.1191726989857,11.337288375826873
5407.0,74.56483276912937,430.0984979150298,11.337267738346371
5408.0,75.80218435091288,430.07737121241183,11.33724702275793
5409.0,75.65062696800136,430.0558939268457,11.337226229063479
5410.0,75.33530843645227,430.03445958253815,11.337205357264962
5411.0,74.54957031922017,430.0131145784811,11.337184407364326
5412.0,74.89464472215029,429.991992200224,11.33716337936352
5413.0,74.33712790466262,429.97077205088607,11.337142273264508
5414.0,75.26495863961999,429.9497098646464,11.337121089069264
5415.0,74.45617867512568,429.9283847930319,11.337099826779756
5416.0,73.6420974612026,429.90728887574056,11.337078486397976
5417.0,74.75564426779691,429.8864236147933,11.337057067925908
5418.0,75.28014038277011,429.8652428489174,11.337035571365552
5419.0,75.1042826817429,429.84391347580896,11.337013996718918
5420.0,74.1971137546516,429.8226339290491,11.336992343988012
5421.0,74.61030821391611,429.8016114134853,11.336970613174858
5422.0,75.86578172625958,429.780471826158,11.33694880428148
5423.0,74.63631442139939,429.75897652133557,11.336926917309917
5424.0,74.88640632250753,429.73782956558284,11.33690495226221
5425.0,76.0369338464074,429.7166117504582,11.336882909140403
5426.0,73.96397954762271,429.695067952535,11.336860787946557
5427.0,74.24428553317274,429.6741114916632,11.336838588682735
5428.0,74.64369754567998,429.6530756107621,11.336816311351008
5429.0,74.84769748756219,429.6319265631241,11.336793955953453
5430.0,75.33790913903772,429.6107197155027,11.336771522492157
5431.0,74.33412123857104,429.5893739745799,11.336749010969209
5432.0,74.5591825914924,429.568312640229,11.336726421386716
5433.0,75.18411541608887,429.54718753849477,11.336703753746779
5434.0,75.30167365072474,429.52588537246027,11.336681008051517
5435.0,75.06451473655724,429.5045498982592,11.336658184303051
5436.0,75.04050286479834,429.48328161908387,11.336635282503508
5437.0,75.11524757000147,429.4620201432721,11.336612302655025
5438.0,75.32740905676249,429.44073748979395,11.336589244759745
5439.0,75.78743727783869,429.4193947238946,11.336566108819822
5440.0,74.93505128203941,429.3979216166658,11.336542894837415
5441.0,75.04328996424586,429.3766900188026,11.336519602814686
5442.0,75.66863882459154,429.3554277533127,11.33649623275381
5443.0,76.55978431026506,429.33398830564573,11.336472784656966
5444.0,74.14167193670085,429.3122963667579,11.336449258526342
5445.0,75.83210248058644,429.2912895597091,11.336425654364133
5446.0,74.94732248457902,429.26980379733965,11.336401972172542
5447.0,74.61183279637224,429.2485687226357,11.336378211953773
5448.0,75.8760774084781,429.2274287033433,11.336354373710051
5449.0,75.23033454309949,429.205930481411,11.336330457443593
5450.0,75.33784496191635,429.18461521995704,11.336306463156633
5451.0,74.08469505214893,429.16326949721787,11.33628239085141
5452.0,76.38437226447168,429.1422788336198,11.336258240530169
5453.0,74.42681661424128,429.1206365948115,11.336234012195163
5454.0,76.39354484454732,429.0995489967708,11.33620970584865
5455.0,75.02353439492012,429.0779041590648,11.3361853214929
5456.0,76.2624837771949,429.0566474909863,11.33616085913019
5457.0,75.39627369282061,429.03503978724945,11.336136318762795
5458.0,74.58057355491962,429.01367750970314,11.336111700393012
5459.0,74.81721722116599,428.99254634719586,11.336087004023133
5460.0,75.61124705225576,428.97134813564986,11.336062229655463
5461.0,75.30005486734986,428.9499249489851,11.336037377292314
5462.0,74.68665919332759,428.92858993343935,11.336012446936003
5463.0,73.99103032807315,428.9074287133345,11.335987438588855
5464.0,75.51968181653537,428.88646458807494,11.335962352253208
5465.0,74.87379781801536,428.8650673448936,11.335937187931398
5466.0,75.7245578912235,428.8438531021785,11.33591194562577
5467.0,75.23055680296748,428.82239781077595,11.335886625338688
5468.0,75.3490770698864,428.80108248634843,11.335861227072504
5469.0,75.54770279828247,428.7797335811787,11.335835750829592
5470.0,74.43653119807986,428.75832839871913,11.33581019661233
5471.0,74.9648337122832,428.737238048213,11.335784564423099
5472.0,75.06126365123568,428.71599801199454,11.335758854264292
5473.0,75.06453977444455,428.69473065396,11.335733066138308
5474.0,74.2599508735192,428.6734623676906,11.33570720004755
5475.0,75.2852045450042,428.65242204827643,11.335681255994434
5476.0,74.96143079127175,428.631091240322,11.335655233981377
5477.0,74.26044114985426,428.6098521682645,11.33562913401081
5478.0,76.2368941662841,428.5888117099387,11.335602956085166
5479.0,75.46150632360435,428.5672112565916,11.33557670020689
5480.0,73.39453710453174,428.5458304964665,11.335550366378426
5481.0,74.03608838914526,428.5250353776203,11.335523954602236
5482.0,74.59764489243001,428.50405848591004,11.33549746488078
5483.0,74.65624088989637,428.4829224865238,11.33547089721653
5484.0,74.19115911998362,428.4617698849384,11.335444251611966
5485.0,74.96500658693932,428.44074905652104,11.335417528069573
5486.0,74.7504293266833,428.4195089713214,11.335390726591845
5487.0,74.44919454196628,428.39832968301215,11.335363847181279
5488.0,73.35504788823872,428.3772357445586,11.335336889840386
5489.0,75.46087302315645,428.3564518143236,11.33530985457168
5490.0,76.58588218403352,428.33507123363376,11.335282741377684
5491.0,75.38852681171285,428.3133719003483,11.335255550260923
5492.0,76.62329684326653,428.29201181775164,11.33522828122394
5493.0,75.39760962484797,428.270301883646,11.335200934269274
5494.0,75.16018942901442,428.2489392275856,11.335173509399478
5495.0,75.36356807896983,428.22764384058075,11.335146006617109
5496.0,74.0472724589144,428.20629082962506,11.335118425924735
5497.0,76.40577022675218,428.185310769095,11.33509076732493
5498.0,73.12041402734236,428.16366246753074,11.335063030820269
5499.0,74.04216375055348,428.14294501688966,11.335035216413344
5500.0,75.67965879820431,428.121966403827,11.33500732410675
5501.0,74.73370398393331,428.1005238338342,11.334979353903083
5502.0,74.38567011613887,428.0793492843721,11.334951305804962
5503.0,75.80956030609522,428.05827334450584,11.334923179814995
5504.0,74.6813041110366,428.0367939690858,11.334894975935812
5505.0,75.12676733889843,428.0156342662543,11.334866694170039
5506.0,75.1864945303737,427.99434834884164,11.334838334520317
5507.0,75.39585596119458,427.97304550872474,11.334809896989293
5508.0,74.94464256689011,427.9516833495357,11.334781381579617
5509.0,76.38883850325921,427.93044903414176,11.334752788293951
5510.0,73.71860362238739,427.90880552989915,11.334724117134963
5511.0,75.16954666732347,427.8879185922061,11.334695368105324
5512.0,74.8719097330433,427.86662055398375,11.33466654120772
5513.0,75.62093264520965,427.845406846226,11.334637636444839
5514.0,75.0943139217574,427.8239809153099,11.334608653819377
5515.0,73.93454842775252,427.80270419303207,11.334579593334038
5516.0,74.59146593787887,427.7817560709775,11.334550454991534
5517.0,73.99223550342342,427.76062182229515,11.334521238794583
5518.0,74.36676201177569,427.73965735556914,11.334491944745908
5519.0,75.0386472295305,427.7185867729992,11.334462572848246
5520.0,75.00331083094144,427.6973258229508,11.334433123104334
5521.0,75.45969713198663,427.676074884882,11.33440359551692
5522.0,74.88675431595519,427.65469463736133,11.334373990088757
5523.0,74.38308370053181,427.6334767236384,11.334344306822612
5524.0,76.07349159804627,427.61240151658996,11.334314545721249
5525.0,74.83497291466553,427.59084736063716,11.334284706787445
5526.0,74.20427117199763,427.5696441183114,11.334254790023985
5527.0,75.53231459967989,427.54861957481256,11.334224795433663
5528.0,76.06652020111014,427.5272187523427,11.334194723019273
5529.0,73.80991813516547,427.50566657161903,11.334164572783619
5530.0,74.9732394766673,427.4847537614807,11.334134344729518
5531.0,75.63924742436232,427.463511343629,11.334104038859786
5532.0,75.3120162651932,427.44208022352547,11.334073655177253
5533.0,74.17410035349023,427.42074181891695,11.334043193684755
5534.0,74.94929799532798,427.3997258238168,11.334012654385127
5535.0,74.31033235129993,427.3784901893848,11.333982037281226
5536.0,74.13234825798963,427.3574355952186,11.333951342375904
5537.0,75.59555197605818,427.3364314298788,11.333920569672024
5538.0,75.73176889248573,427.31501269015234,11.33388971917246
5539.0,74.36448976883844,427.2935553556328,11.333858790880083
5540.0,75.16239871039939,427.2724854168649,11.333827784797789
5541.0,75.49339800677906,427.251189403897,11.33379670092846
5542.0,74.59565183652087,427.2297996077951,11.333765539275003
5543.0,73.81084159541548,427.2086641731081,11.333734299840323
5544.0,74.58386462749006,427.1877511013227,11.333702982627331
5545.0,73.83921381849287,427.16661900634494,11.333671587638953
5546.0,74.71787187123196,427.145697895763,11.333640114878117
5547.0,76.33466427245101,427.1245278320661,11.333608564347758
5548.0,75.17931277997486,427.10289967718893,11.33357693605082
5549.0,75.49297919280151,427.0815988719013,11.33354522999025
5550.0,74.96403181947551,427.06020919446337,11.333513446169013
5551.0,74.91169984569734,427.0389693854478,11.333481584590066
5552.0,75.75030851728319,427.0177444038249,11.333449645256389
5553.0,75.08006127206568,426.9962818164116,11.333417628170956
5554.0,74.46684028028298,426.97500913238457,11.333385533336756
5555.0,75.7838563967358,426.95391019430514,11.333353360756785
5556.0,75.76221100168125,426.9324381016594,11.333321110434039
5557.0,76.88358998352567,426.9109721418756,11.33328878237153
5558.0,74.50864580280592,426.88918845804693,11.333256376572278
5559.0,74.63722656129552,426.8680776750694,11.3332238930393
5560.0,75.06056796595817,426.8469304608771,11.333191331775625
5561.0,74.67342728645204,426.8256632999534,11.333158692784297
5562.0,74.11649105591387,426.8045058288889,11.333125976068354
5563.0,75.16681604895003,426.7835061564231,11.333093181630856
5564.0,74.94487545310284,426.76220889187584,11.333060309474856
5565.0,74.40326411621717,426.74097451049744,11.333027359603424
5566.0,76.10354886531795,426.7198935856646,11.33299433201963
5567.0,73.39538950449003,426.6983309134861,11.33296122672656
5568.0,75.04194682760578,426.67753555312646,11.3329280437273
5569.0,74.83484194840054,426.656273668192,11.332894783024946
5570.0,75.5016860131502,426.63507046297326,11.3328614446226
5571.0,76.17060262602789,426.61367831860287,11.332828028523371
5572.0,74.72352688283168,426.5920966478588,11.33279453473038
5573.0,74.26216639668114,426.5709249819087,11.332760963246749
5574.0,76.00666311188603,426.549884034763,11.332727314075612
5575.0,75.84092408022127,426.52834881354795,11.332693587220103
5576.0,75.42045919558117,426.5068605517252,11.332659782683374
5577.0,75.39565829954623,426.48549142161977,11.332625900468576
5578.0,74.17635157245213,426.4641293184349,11.332591940578872
5579.0,76.19023484183157,426.4431126854894,11.332557903017427
5580.0,75.11364223628617,426.4215254522842,11.33252378778742
5581.0,75.27987808109621,426.4002432536506,11.332489594892028
5582.0,74.61679340651189,426.37891395486093,11.332455324334447
5583.0,74.0646663338455,426.35777253006245,11.332420976117868
5584.0,75.05492311092026,426.3367875412679,11.332386550245502
5585.0,73.92022699034779,426.3155219797198,11.332352046720555
5586.0,74.66472973847202,426.29457791540585,11.332317465546248
5587.0,74.76914315631834,426.27342290864664,11.332282806725807
5588.0,75.14157964210577,426.2522383180857,11.332248070262468
5589.0,74.6364059489958,426.23094820385376,11.332213256159466
5590.0,73.68225117774527,426.2098012221682,11.332178364420052
5591.0,75.07382580693309,426.1889245843345,11.332143395047481
5592.0,75.36851744025456,426.1676536670225,11.332108348045013
5593.0,75.25987296219932,426.14629925374777,11.332073223415923
5594.0,75.15772295898418,426.12497562307516,11.332038021163482
5595.0,73.87102336111177,426.1036809349035,11.332002741290976
5596.0,75.65627191943369,426.08275081161776,11.331967383801697
5597.0,74.71914833883781,426.0613148679073,11.33193194869894
5598.0,75.83987365050511,426.0401444425446,11.331896435986017
5599.0,75.26496275720136,426.01865647834364,11.331860845666236
5600.0,75.86503783978768,425.9973314055624,11.33182517774292
5601.0,74.69075928299482,425.97583631150786,11.331789432219393
5602.0,74.22957631120913,425.95467392971096,11.331753609098994
5603.0,74.10921467119074,425.9336422164228,11.331717708385058
5604.0,73.51462236127897,425.9126446055993,11.331681730080943
5605.0,75.50682830841772,425.8918154625969,11.33164567419
5606.0,74.07919717574028,425.87042186124285,11.331609540715593
5607.0,74.66710341917772,425.8494327553764,11.331573329661095
5608.0,75.1818734535813,425.82827707607436,11.331537041029884
5609.0,75.89800366763973,425.80697554526245,11.33150067482534
5610.0,73.87302560124905,425.78547111089,11.331464231050862
5611.0,75.28177738887581,425.764540420303,11.33142770970985
5612.0,74.54419527178538,425.74321058337614,11.331391110805704
5613.0,74.71301447956706,425.7220897280491,11.331354434341845
5614.0,74.39370961748666,425.7009210406132,11.331317680321693
5615.0,74.8851903220097,425.67984282288825,11.331280848748673
5616.0,75.48530019436464,425.658625352297,11.331243939626226
5617.0,74.51008488827566,425.6372378505753,11.331206952957794
5618.0,75.63228614646567,425.61612665985695,11.331169888746825
5619.0,73.09083594045109,425.59469751211543,11.33113274699678
5620.0,76.46337494832751,425.57398844193233,11.33109552771112
5621.0,74.88076760726028,425.5523238190303,11.331058230893323
5622.0,73.42247051427135,425.5311076015416,11.33102085654686
5623.0,74.37459727140174,425.5103045682292,11.330983404675228
5624.0,74.39958760106451,425.48923176566893,11.33094587528191
5625.0,74.84213992795904,425.4681518825153,11.330908268370417
5626.0,74.98260381482784,425.44694660953576,11.330870583944249
5627.0,74.6365647624659,425.4257015384549,11.330832822006927
5628.0,76.08915524264397,425.4045545117722,11.330794982561972
5629.0,75.6582433491522,425.3829959177868,11.330757065612914
5630.0,75.38185605341934,425.36155941550453,11.330719071163289
5631.0,74.63952330844482,425.34020122295607,11.330680999216643
5632.0,75.81416867888878,425.3190533580187,11.33064284977653
5633.0,75.80315922736514,425.29757267689297,11.330604622846504
5634.0,74.6506147793283,425.2760951151119,11.330566318430133
5635.0,76.73623916185431,425.25494410759103,11.330527936530993
5636.0,75.9029696415756,425.2332021731619,11.33048947715266
5637.0,75.41601068443869,425.21169633176345,11.330450940298727
5638.0,75.89797864426029,425.1903284620695,11.330412325972786
5639.0,74.45651464146727,425.168824034787,11.330373634178438
5640.0,75.99508911661908,425.1477280223053,11.330334864919294
5641.0,75.92588370318657,425.1261960803888,11.330296018198972
5642.0,76.41877872000666,425.10468374667295,11.330257094021096
5643.0,75.31756431245275,425.08303175936896,11.330218092389295
5644.0,75.0036887301095,425.06169178281374,11.330179013307209
5645.0,73.65048580419236,425.0404407376735,11.33013985677848
5646.0,75.60543972269322,425.01957310002905,11.33010062280677
5647.0,76.043230021247,424.9981515587742,11.330061311395728
5648.0,74.36083005078304,424.9766059769349,11.33002192254903
5649.0,75.00544936537955,424.95553707508714,11.329982456270345
5650.0,75.52728203488563,424.93428553110033,11.329942912563357
5651.0,74.74884905744526,424.9128861345238,11.329903291431755
5652.0,75.60239637219367,424.8917072939575,11.329863592879235
5653.0,75.07983299557692,424.8702866149854,11.329823816909503
5654.0,74.8926165540142,424.8490139956366,11.329783963526264
5655.0,75.01363977989459,424.8277944209463,11.329744032733242
5656.0,75.23479000262503,424.806540556342,11.329704024534156
5657.0,76.01480937079542,424.785224032508,11.329663938932741
5658.0,73.88123687305888,424.76368650318625,11.329623775932742
5659.0,73.96154689416883,424.74275348607216,11.329583535537896
5660.0,74.09992815149025,424.7217977144521,11.329543217751963
5661.0,73.53293180885456,424.70080273480926,11.329502822578705
5662.0,75.42168660477209,424.6799684041301,11.329462350021888
5663.0,75.5328810202436,424.6585989262587,11.329421800085287
5664.0,74.34226062153073,424.63719794330297,11.329381172772685
5665.0,74.69313531971142,424.6161343027935,11.329340468087873
5666.0,76.13947944207933,424.5949712477863,11.329299686034648
5667.0,75.3329916910071,424.5733983952777,11.329258826616817
5668.0,74.20269215852709,424.55205404763194,11.329217889838189
5669.0,75.28134867828582,424.53102995152034,11.329176875702583
5670.0,72.7850625466556,424.50970023606146,11.329135784213825
5671.0,75.93960706217638,424.48907780167326,11.329094615375752
5672.0,75.15771996516995,424.46756157967235,11.3290533691922
5673.0,74.259921407864,424.4462668923489,11.32901204566702
5674.0,75.35576944157937,424.4252265812833,11.328970644804064
5675.0,74.04634399655158,424.40387577994153,11.328929166607194
5676.0,74.11947872786148,424.3828959824759,11.328887611080283
5677.0,75.54895110624341,424.3618954635029,11.328845978227207
5678.0,75.96169087274262,424.3404899273562,11.328804268051847
5679.0,75.79178614006766,424.3189674482756,11.328762480558098
5680.0,76.87072770695701,424.2974931088692,11.328720615749853
5681.0,75.0272251434452,424.27571306935226,11.328678673631023
5682.0,74.94096089986085,424.2544553555616,11.32863665420552
5683.0,75.2751605726433,424.23322208330666,11.328594557477262
5684.0,75.08242910840742,424.2118941211444,11.328552383450173
5685.0,75.58940754270463,424.1906207662304,11.328510132128194
5686.0,74.53260006283494,424.1692037674266,11.328467803515265
5687.0,74.54154849763361,424.14808619740876,11.32842539761533
5688.0,76.33954031259547,424.1269660920011,11.328382914432352
5689.0,74.6703229524751,424.1053365555792,11.328340353970288
5690.0,74.21317401225564,424.08417996407604,11.32829771623311
5691.0,74.47904439784189,424.0631528981059,11.3282550012248
5692.0,76.20365106423078,424.04205050219315,11.328212208949338
5693.0,75.03173529064938,424.020459467725,11.328169339410717
5694.0,75.41795266473564,423.9992004760593,11.328126392612939
5695.0,75.40047653023608,423.97783205613763,11.328083368560007
5696.0,75.21051158469761,423.9564685877874,11.328040267255934
5697.0,75.41364023283518,423.93515894283837,11.327997088704745
5698.0,75.05558270004099,423.9137917447724,11.327953832910467
5699.0,75.47055701945183,423.89252599634074,11.327910499877131
5700.0,74.27813530136785,423.8711426718518,11.327867089608787
5701.0,74.79050945444884,423.85009720018314,11.327823602109476
5702.0,76.13691721153201,423.82890655583776,11.327780037383263
5703.0,75.45517262168953,423.80733442929443,11.327736395434206
5704.0,74.86184426991845,423.7859554637183,11.327692676266379
5705.0,75.60591485111496,423.7647446078418,11.327648879883862
5706.0,74.1864919130609,423.7433229319673,11.327605006290739
5707.0,74.66247950566725,423.7223034259253,11.327561055491103
5708.0,74.86094687362734,423.70114905673205,11.327517027489053
5709.0,74.67704302862111,423.6799384551178,11.327472922288695
5710.0,74.66408396340333,423.65877995959306,11.32742873989415
5711.0,75.09023881337555,423.63762513580343,11.327384480309533
5712.0,75.23291779260353,423.61634956813964,11.32734014353898
5713.0,75.66840284353596,423.595033574765,11.327295729586618
5714.0,73.9311014577656,423.57359419395937,11.327251238456597
5715.0,76.30786546115286,423.55264704854636,11.327206670153066
5716.0,75.97366742400371,423.5310264866657,11.327162024680181
5717.0,74.95918425071444,423.5095006142289,11.327117302042112
5718.0,75.53645966897096,423.48826217869123,11.327072502243023
5719.0,74.99826642883491,423.46686018178497,11.327027625287098
5720.0,75.20776561356115,423.4456106729635,11.326982671178525
5721.0,74.79504266409478,423.42430180603964,11.326937639921498
5722.0,74.48183086200001,423.4031098772848,11.326892531520214
5723.0,74.26350434910154,423.3820066918739,11.326847345978882
5724.0,74.52671248283684,423.3609653656417,11.32680208330172
5725.0,74.88174142302663,423.3398494637715,11.326756743492949
5726.0,75.21477123701156,423.31863297036836,11.326711326556799
5727.0,75.76735358744338,423.29732211851785,11.326665832497504
5728.0,74.51316989035554,423.2758547016681,11.326620261319313
5729.0,74.95334152722317,423.25474263686584,11.326574613026473
5730.0,76.29751386894063,423.23350585676644,11.326528887623246
5731.0,75.09233781551664,423.2118882278369,11.326483085113896
5732.0,75.15269663545325,423.1906120654558,11.326437205502694
5733.0,75.93129497785077,423.16931880140913,11.326391248793925
5734.0,74.61894160870914,423.1478049344987,11.326345214991873
5735.0,73.77769799347094,423.1266629010429,11.32629910410083
5736.0,74.90389412109157,423.10575921994473,11.326252916125103
5737.0,75.42243096632869,423.0845364499438,11.326206651068999
5738.0,74.65449578824455,423.06316676117,11.32616030893683
5739.0,74.84889763162937,423.04201465402997,11.326113889732925
5740.0,74.95019372528076,423.0208074663677,11.32606739346161
5741.0,75.22912283771423,422.9995715781455,11.326020820127226
5742.0,75.55342216334125,422.9782566600082,11.325974169734115
5743.0,74.80396299863213,422.9568498570619,11.325927442286632
5744.0,74.9591061952316,422.935655400879,11.325880637789133
5745.0,74.12762820594517,422.91441698745706,11.325833756245988
5746.0,75.51060827650605,422.8934141594653,11.325786797661566
5747.0,74.20149878472958,422.8720194871203,11.325739762040248
5748.0,75.88165324367066,422.8509957291313,11.325692649386427
5749.0,75.01001961678978,422.82949592737896,11.325645459704493
5750.0,73.19251616171542,422.80824308848753,11.325598192998854
5751.0,75.60690918875378,422.7875052089084,11.325550849273913
5752.0,74.42630474315146,422.7660832513049,11.325503428534088
5753.0,74.87087240530042,422.7449957982943,11.325455930783807
5754.0,75.52067834492257,422.7237823844461,11.325408356027497
5755.0,75.08636117130824,422.7023848589151,11.325360704269597
5756.0,75.20522606245677,422.68111038991657,11.325312975514553
5757.0,75.19946881931502,422.6598022425322,11.32526516976682
5758.0,74.6928784163599,422.63849572636667,11.325217287030853
5759.0,76.2306194004162,422.6173327441487,11.325169327311123
5760.0,73.65559761344782,422.59573406865195,11.325121290612099
5761.0,76.13263124060992,422.5748649826615,11.325073176938268
5762.0,73.91275597768343,422.5532940704766,11.325024986294114
5763.0,77.55171230531388,422.53235212294965,11.324976718684136
5764.0,76.31564204182403,422.51037913779646,11.324928374112835
5765.0,74.92842851192707,422.4887563725513,11.324879952584723
5766.0,75.32153374348121,422.4675266511395,11.324831454104313
5767.0,74.48446625435686,422.44618554991223,11.324782878676134
5768.0,75.70226274297808,422.4250816178069,11.324734226304715
5769.0,74.67230453726445,422.403632643363,11.324685496994597
5770.0,73.96786989996589,422.3824754904108,11.324636690750323
5771.0,75.38302071144133,422.3615179272724,11.324587807576446
5772.0,74.90397412988793,422.34015940473756,11.324538847477529
5773.0,75.12960242283145,422.3189366120674,11.32448981045814
5774.0,75.64620954890046,422.2976498913809,11.324440696522851
5775.0,75.00176661378465,422.2762167986754,11.324391505676243
5776.0,74.02860750357682,422.25496629813483,11.324342237922908
5777.0,75.1991807344228,422.2339915260088,11.324292893267438
5778.0,74.17642650002598,422.2126850914674,11.324243471714441
5779.0,76.1911105599129,422.1916684372924,11.324193973268526
5780.0,75.6516183179171,422.1700809559671,11.32414439793431
5781.0,75.94861977218045,422.148646330777,11.324094745716415
5782.0,74.86025270620927,422.1271275551749,11.324045016619479
5783.0,74.58263193836977,422.1059171502415,11.323995210648137
5784.0,74.51973753484678,422.0847854045256,11.323945327807039
5785.0,74.90249538678806,422.06367147889074,11.323895368100832
5786.0,74.31653276132228,422.04244910519776,11.323845331534184
5787.0,74.89340743210103,422.0213927542487,11.323795218111757
5788.0,75.95523953304173,422.00017295547633,11.323745027838232
5789.0,75.25290659931125,421.9786523042753,11.323694760718285
5790.0,75.7775664774178,421.9573306474055,11.323644416756608
5791.0,75.01572972693002,421.93586033690354,11.323593995957898
5792.0,74.68072656392222,421.9146058801476,11.32354349832686
5793.0,75.07177929505528,421.8934463409545,11.323492923868201
5794.0,75.6463587658856,421.87217600348754,11.323442272586645
5795.0,74.9950014957451,421.85074286850386,11.32339154448691
5796.0,75.24854559217448,421.8294942847467,11.323340739573734
5797.0,75.58794232820439,421.80817386349565,11.323289857851854
5798.0,74.47343926559307,421.78675727983597,11.323238899326018
5799.0,75.43067587418261,421.765656472044,11.323187864000978
5800.0,74.61921987165611,421.74428444721303,11.323136751881497
5801.0,73.8498044519321,421.723142334916,11.323085562972341
5802.0,74.86569652112286,421.70221822365465,11.323034297278289
5803.0,75.64328524170988,421.68100627630696,11.322982954804118
5804.0,74.76579038782201,421.6595740121552,11.322931535554623
5805.0,74.93835539707135,421.6383903715453,11.3228800395346
5806.0,75.44285493966139,421.6171578375161,11.32282846674885
5807.0,74.69348951798938,421.59578236194994,11.322776817202186
5808.0,76.08896738206845,421.5746192065865,11.322725090899427
5809.0,75.57602863366407,421.55306066582824,11.322673287845396
5810.0,74.93514100800337,421.5316474577154,11.32262140804493
5811.0,75.49894078754951,421.51041583442975,11.322569451502865
5812.0,73.37456740747268,421.48902446787326,11.322517418224049
5813.0,74.15022805753102,421.46823500710786,11.322465308213337
5814.0,72.5818200359734,421.44722577582485,11.32241312147559
5815.0,75.52304039327711,421.4266609268147,11.322360858015674
5816.0,75.00570468010442,421.4052627320366,11.322308517838469
5817.0,74.52407624024283,421.38401111571056,11.322256100948854
5818.0,74.8480035193079,421.3628959607758,11.322203607351724
5819.0,74.18029599826684,421.34168902644535,11.32215103705197
5820.0,75.5241400963727,421.3206712759125,11.3220983900545
5821.0,75.64740933403594,421.29927276955186,11.32204566636422
5822.0,74.96412407341722,421.27783933690716,11.321992865986056
5823.0,75.45783001473228,421.2565995017531,11.32193998892493
5824.0,75.20121830554774,421.23521978324885,11.321887035185776
5825.0,75.75883809728211,421.21391277139566,11.321834004773534
5826.0,74.88457895504675,421.1924477672681,11.321780897693149
5827.0,75.08415603190848,421.1712304698975,11.321727713949574
5828.0,74.71832274537819,421.14995662568845,11.321674453547777
5829.0,75.76988655232853,421.128786434244,11.321621116492722
5830.0,75.18326315190157,421.10731829972076,11.321567702789384
5831.0,74.00085755846638,421.0860163751611,11.32151421244275
5832.0,74.95225318052603,421.0650494655195,11.321460645457806
5833.0,75.57263264308747,421.043812993785,11.321407001839551
5834.0,75.29285114042257,421.0224007478694,11.32135328159299
5835.0,73.66933687425777,421.0010677733797,11.321299484723133
5836.0,74.76660298085945,420.9801947945987,11.321245611235
5837.0,76.36782689609738,420.9590109237541,11.321191661133614
5838.0,76.42355594940389,420.9373733728002,11.32113763442401
5839.0,74.13001183960262,420.91572003194784,11.321083531111233
5840.0,75.34396106649353,420.89471652859334,11.321029351200321
5841.0,75.27418934014075,420.8733690729578,11.320975094696333
5842.0,74.61051509585575,420.8520413859781,11.32092076160433
5843.0,75.65208399814394,420.8309017400343,11.320866351929384
5844.0,74.95364478320091,420.8094669829015,11.320811865676566
5845.0,74.85274311707606,420.78823011687956,11.32075730285096
5846.0,74.32236012892031,420.7670218396631,11.320702663457658
5847.0,74.12499194878079,420.7459638376265,11.320647947501756
5848.0,75.14308083670859,420.7249617565744,11.32059315498836
5849.0,75.10984157181583,420.70367121700394,11.32053828592258
5850.0,74.1454354582737,420.6823900952253,11.320483340309533
5851.0,75.61969997603377,420.66138222184543,11.320428318154347
5852.0,74.16460890393027,420.6399566401856,11.320373219462155
5853.0,75.16713635164318,420.61894333432946,11.320318044238098
5854.0,74.57890902173942,420.59764597902983,11.32026279248732
5855.0,76.05041814804328,420.57651528814034,11.32020746421498
5856.0,75.25411216843696,420.554967669665,11.320152059426233
5857.0,75.31231857735366,420.5336456712173,11.320096578126254
5858.0,74.99902165579606,420.5123071809537,11.320041020320216
5859.0,75.46516581153085,420.49105745815126,11.319985386013304
5860.0,74.70937272403567,420.4696756611713,11.319929675210703
5861.0,74.82217615710968,420.44850800556617,11.319873887917616
5862.0,75.17674362172214,420.4273083889883,11.319818024139243
5863.0,75.74019866796228,420.40600831162885,11.3197620838808
5864.0,75.23703132294987,420.38454858867294,11.3197060671475
5865.0,76.104071103986,420.3632314297981,11.319649973944575
5866.0,74.95722190458912,420.34166860965195,11.319593804277254
5867.0,73.87866898081519,420.3204307301123,11.319537558150778
5868.0,73.02441846959869,420.2994984405678,11.319481235570391
5869.0,74.29451804345993,420.278808188668,11.319424836541351
5870.0,74.8422948785464,420.2577580752224,11.31936836106892
5871.0,74.84126691821041,420.23655275834017,11.319311809158364
5872.0,73.97680418625846,420.2153477327133,11.319255180814961
5873.0,74.61140066109525,420.19438763819386,11.319198476043992
5874.0,74.71616218588044,420.17324774133994,11.319141694850746
5875.0,75.41411118762817,420.15207816205395,11.319084837240524
5876.0,76.22489267532931,420.1307108305507,11.319027903218625
5877.0,74.10361469494114,420.1091137776261,11.318970892790365
5878.0,76.11003970477857,420.08811775346254,11.31891380596106
5879.0,75.09140840853965,420.0665532422128,11.318856642736035
5880.0,74.47862412627683,420.0452773431638,11.318799403120625
5881.0,75.10208891275981,420.024175066328,11.318742087120171
5882.0,75.3220435638327,420.002896141136,11.318684694740014
5883.0,75.7892474780068,419.98155489545957,11.318627225985512
5884.0,75.01283277587322,419.9600812753408,11.318569680862028
5885.0,75.82556811068528,419.9388276393876,11.318512059374928
5886.0,74.44585900732443,419.91734372842296,11.318454361529584
5887.0,74.91191639943722,419.8962507350376,11.318396587331385
5888.0,73.95682651755054,419.8750256920577,11.318338736785718
5889.0,74.2297283002013,419.85407125787776,11.31828080989798
5890.0,74.3086423540431,419.833039501526,11.318222806673576
5891.0,73.78839902275915,419.81198538619236,11.318164727117912
5892.0,75.77344691434709,419.7910786731359,11.318106571236413
5893.0,73.5302734533364,419.76960952984354,11.3180483390345
5894.0,75.25312579624334,419.74877595236507,11.317990030517606
5895.0,74.95380935057327,419.7274542333895,11.317931645691173
5896.0,73.94398256539304,419.70621732074017,11.317873184560645
5897.0,74.7732445493859,419.68526652568,11.31781464713148
5898.0,75.7746286146998,419.66408077305766,11.31775603340913
5899.0,73.58819632623916,419.64261129495014,11.317697343399072
5900.0,74.14286641296341,419.6217613059911,11.317638577106777
5901.0,75.92397580272845,419.6007541605074,11.317579734537729
5902.0,76.13033449458086,419.5792423673633,11.317520815697414
5903.0,75.54684026494321,419.55767210592313,11.317461820591332
5904.0,75.41262526913636,419.5362671678481,11.317402749224986
5905.0,75.32969770549538,419.5149002573552,11.317343601603886
5906.0,74.0448753427381,419.49355684300525,11.31728437773355
5907.0,75.70312267100563,419.47257746165815,11.317225077619502
5908.0,75.88576321675677,419.451128243568,11.317165701267278
5909.0,74.93855056232374,419.4296272773233,11.31710624868241
5910.0,75.10845870879893,419.4083946879973,11.317046719870453
5911.0,74.90887724703263,419.3871139580298,11.316987114836953
5912.0,76.48190390398021,419.36588977614315,11.316927433587473
5913.0,74.98006709655805,419.34421990337034,11.316867676127583
5914.0,74.62542846981903,419.32297555102633,11.316807842462854
5915.0,75.01067050265652,419.30183167962656,11.31674793259887
5916.0,75.70613270646723,419.2805786563174,11.316687946541219
5917.0,74.49928226446363,419.25912858538396,11.3166278842955
5918.0,75.52336946512443,419.238020455409,11.316567745867308
5919.0,75.30388602695115,419.2166221673939,11.316507531262266
5920.0,72.3247004117287,419.19528606635293,11.31644724048598
5921.0,74.85668141018814,419.17479406790295,11.31638687354408
5922.0,75.11452377765741,419.15358467483674,11.316326430442194
5923.0,74.49423428607675,419.132302226433,11.316265911185965
5924.0,74.18322178345052,419.1111955267187,11.316205315781037
5925.0,74.77451355369593,419.0901769472133,11.316144644233061
5926.0,74.39742847923503,419.0689908350398,11.3160838965477
5927.0,74.99338534485918,419.04791156363734,11.31602307273062
5928.0,75.52858786849716,419.02666343778964,11.315962172787494
5929.0,74.46464613075682,419.0052636712269,11.315901196724004
5930.0,74.56288323251982,418.98416535482323,11.31584014454584
5931.0,76.34109643586062,418.963039204574,11.315779016258697
5932.0,74.36346345925206,418.94140922725046,11.315717811868275
5933.0,74.44797322626826,418.9203395792703,11.315656531380284
5934.0,74.07790824118872,418.8992459868562,11.315595174800446
5935.0,74.29914480139588,418.8782572461879,11.31553374213448
5936.0,75.62465865593643,418.85720582182745,11.315472233388116
5937.0,75.29845308647225,418.8357788352084,11.315410648567097
5938.0,75.20950296607926,418.8144442735005,11.315348987677163
5939.0,75.03555170138327,418.79313491432674,11.31528725072407
5940.0,75.42439921428247,418.7718748413447,11.315225437713577
5941.0,73.59478174611688,418.7505045949007,11.315163548651448
5942.0,73.93823499680296,418.7296527400726,11.315101583543457
5943.0,74.83067542881395,418.7087035734902,11.31503954239539
5944.0,75.43513942302502,418.6875015487853,11.314977425213026
5945.0,74.16520752368922,418.6661282592821,11.314915232002168
5946.0,74.30326005633248,418.64511478381706,11.314852962768613
5947.0,74.15791313005288,418.6240621934678,11.31479061751817
5948.0,75.68293442360238,418.60305078474767,11.31472819625666
5949.0,75.15118092294298,418.5816072866609,11.3146656989899
5950.0,73.66616810246134,418.56031445206605,11.314603125723721
5951.0,74.5293308470868,418.53944237110375,11.314540476463968
5952.0,74.6904263211525,418.51832572736373,11.314477751216478
5953.0,74.58317090521633,418.49716343990605,11.314414949987102
5954.0,75.41438629029959,418.47603154148294,11.314352072781706
5955.0,74.28987904672145,418.45466413203405,11.314289119606148
5956.0,74.4861705255372,418.43361533297076,11.314226090466303
5957.0,74.9648484434847,418.4125109179885,11.314162985368053
5958.0,75.70997109537352,418.39127087759624,11.314099804317284
5959.0,74.80051362103514,418.3698197191192,11.314036547319889
5960.0,73.45194587744368,418.34862624025993,11.31397321438177
5961.0,74.79738053361304,418.3278148555946,11.313909805508837
5962.0,73.72075626624854,418.30662226444343,11.313846320707
5963.0,75.6251819947307,418.28573471683467,11.31378275998219
5964.0,75.60906723728858,418.2643075819362,11.31371912334033
5965.0,75.24081296175677,418.2428850128856,11.313655410787357
5966.0,75.38005544727262,418.22156678254646,11.313591622329216
5967.0,75.70358500210813,418.20020910016973,11.31352775797186
5968.0,75.07088491503981,418.17875975108575,11.313463817721242
5969.0,75.27942686519033,418.15748966702654,11.313399801583332
5970.0,75.32190404988583,418.13616049608135,11.313335709564099
5971.0,74.9300204214935,418.1148192899339,11.313271541669522
5972.0,74.33234231605194,418.0935891174812,11.313207297905587
5973.0,74.7500157224695,418.07252828715826,11.313142978278286
5974.0,73.84505430538076,418.05134911603693,11.313078582793626
5975.0,76.56071518113379,418.03042635065043,11.313014111457607
5976.0,75.45691128417621,418.0087341480157,11.312949564276247
5977.0,75.12917780383472,417.9873546898185,11.312884941255568
5978.0,75.06879350318111,417.9660680894408,11.312820242401596
5979.0,75.8195707202894,417.94479859794825,11.312755467720367
5980.0,74.8531997026954,417.92331638624415,11.312690617217926
5981.0,75.3287988791495,417.9021079796617,11.312625690900319
5982.0,76.44416879815424,417.88076481997933,11.31256068877361
5983.0,74.99485625724995,417.8591056388198,11.312495610843857
5984.0,74.345837384094,417.8378570962136,11.31243045711713
5985.0,73.96378539877213,417.81679244228815,11.312365227599514
5986.0,74.62039057131987,417.7958360364251,11.312299922297088
5987.0,75.25289394308984,417.7746935924299,11.312234541215947
5988.0,74.9845582313448,417.75337193914606,11.312169084362187
5989.0,74.03214147153028,417.73212631431386,11.312103551741918
5990.0,75.93538417259673,417.7111505408969,11.312037943361254
5991.0,74.00980575467699,417.6896355153813,11.311972259226314
5992.0,75.36881068120762,417.6686660704175,11.311906499343225
5993.0,76.46935989127607,417.6473115740578,11.311840663718122
5994.0,74.45439724089188,417.62564525542194,11.311774752357147
5995.0,75.66132693002083,417.60454984287037,11.31170876526645
5996.0,75.09117710758623,417.58311246690687,11.311642702452186
5997.0,74.71750327270901,417.561836633393,11.311576563920516
5998.0,75.12275595864301,417.54066667413247,11.311510349677613
5999.0,74.07113661798518,417.51938189327745,11.311444059729652
6000.0,75.32362059014552,417.49839507123573,11.311377694082818
6001.0,76.78399788880644,417.47705337873515,11.3113112527433
6002.0,76.57103000817989,417.4552979126667,11.311244735717302
6003.0,75.38053239360623,417.4336027874977,11.311178143011023
6004.0,74.85026958438105,417.4122449699862,11.31111147463068
6005.0,75.26122506433599,417.39103739360394,11.31104473058249
6006.0,75.84935514301978,417.36971337983573,11.310977910872678
6007.0,74.40266751486844,417.34822272921184,11.31091101550748
6008.0,75.2964203602726,417.32714197341596,11.31084404449314
6009.0,74.64100096253664,417.3058079876472,11.310776997835898
6010.0,74.84377118072243,417.28465970404113,11.310709875542013
6011.0,74.1838836180132,417.2634539688733,11.310642677617745
6012.0,76.90377169108775,417.2424352018482,11.310575404069366
6013.0,75.4835372772815,417.22064579986903,11.310508054903151
6014.0,75.52302312617128,417.1992587976405,11.31044063012538
6015.0,75.19283942289904,417.1778606077547,11.310373129742345
6016.0,75.55362262787756,417.15655596991826,11.310305553760344
6017.0,76.23115350362065,417.1351491101737,11.310237902185678
6018.0,74.65165417637306,417.11355028334765,11.310170175024663
6019.0,74.57057952747991,417.09239898133103,11.310102372283612
6020.0,76.26208544069948,417.0712706504649,11.310034493968853
6021.0,75.32543414386292,417.04966305959,11.309966540086721
6022.0,74.49791582749866,417.0283208532493,11.309898510643547
6023.0,75.17407199739444,417.00721311043145,11.309830405645688
6024.0,74.07819009503962,416.9859137900322,11.30976222509949
6025.0,74.66731903676641,416.96492496950526,11.309693969011315
6026.0,73.97474951484291,416.9437692291115,11.30962563738753
6027.0,74.7957867919135,416.92280971674904,11.309557230234514
6028.0,75.81995689161877,416.901617577158,11.309488747558644
6029.0,74.89586590295382,416.88013525603867,11.30942018936631
6030.0,74.53649706384441,416.85891476069946,11.309351555663909
6031.0,75.1142709652355,416.83779608653134,11.30928284645784
6032.0,74.86578706616687,416.81651370975794,11.30921406175452
6033.0,76.17142547447804,416.79530173675585,11.309145201560359
6034.0,74.59712701375524,416.77371983287145,11.309076265881782
6035.0,73.79373848364696,416.7525839802175,11.309007254725222
6036.0,74.92568767074837,416.7316757543138,11.308938168097118
6037.0,75.19335978554349,416.71044680947375,11.30886900600391
6038.0,74.40822780010342,416.6891420242012,11.308799768452056
6039.0,75.72333060781648,416.6680596929911,11.30873045544801
6040.0,74.77845876602528,416.64660474931895,11.30866106699824
6041.0,75.36256712933482,416.62541751933526,11.308591603109223
6042.0,73.85234096462811,416.6040647919819,11.308522063787436
6043.0,76.88265020930369,416.5831399620419,11.308452449039363
6044.0,74.74767681341326,416.56135654448263,11.308382758871504
6045.0,76.26465603935753,416.54017803605217,11.308312993290357
6046.0,75.19576540939923,416.51856971684106,11.308243152302431
6047.0,74.40639249842667,416.49726424997505,11.308173235914243
6048.0,75.23776270744669,416.4761824387671,11.308103244132312
6049.0,75.18571412404611,416.4548650726667,11.30803317696317
6050.0,74.11114030624478,416.4335624536649,11.307963034413355
6051.0,76.12475117201707,416.4125642972448,11.307892816489405
6052.0,76.09721446561576,416.390995617746,11.307822523197876
6053.0,76.26482961336245,416.36943474031415,11.307752154545323
6054.0,74.83963138680947,416.3478263719237,11.307681710538315
6055.0,76.21372946768116,416.32662180969743,11.307611191183415
6056.0,75.18017376414419,416.30502791968155,11.307540596487211
6057.0,75.10593335597355,416.2837268704484,11.307469926456282
6058.0,74.93181861610773,416.2624468559975,11.307399181097223
6059.0,75.5449508894412,416.24121617405626,11.307328360416633
6060.0,75.38332643035267,416.21981177130425,11.307257464421122
6061.0,74.06290697361723,416.198453162149,11.3071864931173
6062.0,75.37068561096685,416.17746867183985,11.307115446511789
6063.0,74.72484212836095,416.15611364425,11.307044324611219
6064.0,76.02981321688009,416.134941605647,11.306973127422221
6065.0,75.65005924059217,416.1133998252356,11.306901854951443
6066.0,74.41837712520922,416.0919656417841,11.306830507205525
6067.0,73.61505838446563,416.07088043493195,11.306759084191132
6068.0,74.75685905465681,416.0500228350563,11.306687585914919
6069.0,74.664900100927,416.0288417249908,11.306616012383564
6070.0,75.72045739456784,416.00768666996225,11.306544363603738
6071.0,74.58098446824273,415.9862325403671,11.306472639582125
6072.0,75.78683038852974,415.9651012614344,11.306400840325422
6073.0,74.88897859913236,415.9436283261577,11.30632896584032
6074.0,75.17882722392784,415.9224097822212,11.30625701613353
6075.0,75.29244239928302,415.9011091145078,11.30618499121176
6076.0,76.3953973533495,415.87977625582795,11.306112891081732
6077.0,75.71626952548031,415.85813089324455,11.30604071575017
6078.0,76.14025164103197,415.83667795021233,11.305968465223804
6079.0,74.86660998455837,415.815104878914,11.305896139509384
6080.0,75.90267358886219,415.7938926727517,11.305823738613649
6081.0,75.00137096395441,415.77238691523485,11.305751262543355
6082.0,75.07207046907394,415.75113652679505,11.305678711305264
6083.0,75.31126550415178,415.72986610682887,11.305606084906143
6084.0,74.9697809260921,415.70852791493604,11.305533383352769
6085.0,74.03346723909945,415.6872864770069,11.305460606651923
6086.0,75.51768736298565,415.6663103279559,11.305387754810397
6087.0,74.76666088247417,415.6449136498697,11.305314827834984
6088.0,76.47599323542825,415.62372976261963,11.305241825732487
6089.0,76.11837903828257,415.60206156453626,11.305168748509717
6090.0,74.72551191226347,415.58049469047546,11.305095596173494
6091.0,75.95803898063295,415.55932246210034,11.30502236873064
6092.0,75.6913657120779,415.5378010177225,11.304949066187985
6093.0,74.83114459456353,415.5163551307707,11.304875688552372
6094.0,74.01529270215478,415.4951529731356,11.304802235830639
6095.0,75.26044509071684,415.4741819735367,11.304728708029645
6096.0,75.31818506808217,415.4528581807609,11.304655105156247
6097.0,76.54584837931304,415.431518028325,11.304581427217311
6098.0,75.43655910895417,415.4098300379509,11.30450767421971
6099.0,75.70387888970949,415.3884563462034,11.304433846170326
6100.0,76.12090516546961,415.36700691385124,11.304359943076046
6101.0,75.51534420109583,415.3454393240544,11.30428596494376
6102.0,74.99411371799418,415.324043309864,11.304211911780376
6103.0,75.52498118910809,415.30279497764394,11.304137783592799
6104.0,74.47905691877949,415.2813962329737,11.304063580387943
6105.0,74.46506814523943,415.2602938335134,11.303989302172733
6106.0,76.41301593773504,415.23919539753894,11.303914948954098
6107.0,76.37729676406892,415.2175450430232,11.303840520738975
6108.0,74.52845845499672,415.19590480894004,11.303766017534304
6109.0,74.96951672729087,415.1747884123778,11.303691439347038
6110.0,74.33560890588987,415.1535470493051,11.303616786184131
6111.0,76.75668190054124,415.13248529344844,11.303542058052555
6112.0,74.90897059371403,415.11073756690996,11.303467254959275
6113.0,73.60516421791831,415.089513358575,11.303392376911269
6114.0,74.75101690671053,415.0686585620466,11.303317423915523
6115.0,74.2469614495086,415.04747910725644,11.303242395979032
6116.0,72.98121067894746,415.026442468179,11.303167293108794
6117.0,75.55344410749778,415.0057644584867,11.303092115311815
6118.0,75.3076327430518,414.9843576493229,11.303016862595108
6119.0,74.04548226725323,414.96302048671237,11.302941534965692
6120.0,76.1263621114797,414.9420409334033,11.302866132430598
6121.0,74.36102445153631,414.9204717974717,11.302790654996855
6122.0,76.29467291181278,414.8994028405438,11.30271510267151
6123.0,74.93206136878383,414.87778601655214,11.302639475461605
6124.0,74.91682186208457,414.85655526583093,11.302563773374203
6125.0,73.96151120699191,414.83532883297,11.302487996416358
6126.0,76.29697650365573,414.8143730714614,11.302412144595143
6127.0,74.77107108030265,414.7927555947854,11.302336217917636
6128.0,75.11221496993318,414.77157045797924,11.302260216390916
6129.0,75.20283949262968,414.7502886637378,11.302184140022076
6130.0,74.49537240995083,414.7289811925482,11.302107988818213
6131.0,77.1877323332973,414.70787417036536,11.302031762786429
6132.0,74.49338105678667,414.6860043128709,11.301955461933836
6133.0,74.71076916047579,414.66489785490484,11.301879086267554
6134.0,74.57345295044286,414.6437298036427,11.301802635794706
6135.0,75.6367179519246,414.62260065864007,11.301726110522427
6136.0,76.22113519743846,414.6011702552204,11.301649510457851
6137.0,74.66462263587945,414.57957426691445,11.301572835608127
6138.0,76.81262241220578,414.558419290501,11.301496085980405
6139.0,74.26847615465812,414.5366557141508,11.30141926158185
6140.0,75.5952880941252,414.51561297924036,11.301342362419625
6141.0,75.6689226029999,414.4941943142803,11.301265388500907
6142.0,75.7212226667052,414.47275478620946,11.301188339832873
6143.0,73.81373733392012,414.45130043978725,11.301111216422711
6144.0,74.90747514017762,414.43038654754264,11.301034018277619
6145.0,74.52650380317598,414.4091627629196,11.300956745404799
6146.0,75.53841543085204,414.3880469201754,11.300879397811457
6147.0,76.21599217124904,414.3666443691366,11.300801975504807
6148.0,75.67324725841671,414.34504983802145,11.300724478492075
6149.0,74.56222328052424,414.3236090846316,11.30064690678049
6150.0,74.20637522607763,414.30248312136877,11.30056926037729
6151.0,75.00328957690398,414.28145798172136,11.300491539289716
6152.0,74.93788872135366,414.2602070496746,11.300413743525018
6153.0,74.30591829063071,414.2389746478702,11.300335873090457
6154.0,74.5193517478652,414.21792130435455,11.300257927993293
6155.0,75.6669481043642,414.19680748802597,11.300179908240803
6156.0,74.33363412290755,414.1753685193964,11.30010181384026
6157.0,73.60370080364626,414.1543073230615,11.300023644798953
6158.0,75.01200877243132,414.1334529411672,11.299945401124173
6159.0,74.27154014690738,414.11219953868164,11.29986708282322
6160.0,75.61789065543333,414.09115593563996,11.299788689903396
6161.0,75.66564268567733,414.069730866621,11.29971022237202
6162.0,75.24203168801213,414.04829226786,11.299631680236411
6163.0,73.80853172701237,414.0269736922151,11.299553063503893
6164.0,75.06299197580367,414.00606127489243,11.299474372181802
6165.0,74.67646259933385,413.9847934271659,11.299395606277479
6166.0,74.94281222051228,413.96363509609614,11.299316765798274
6167.0,74.18637099964549,413.9424012993003,11.299237850751538
6168.0,74.70986853947613,413.9213818275171,11.299158861144637
6169.0,75.90594232469564,413.90021403143095,11.299079796984934
6170.0,75.3886850068375,413.87870734777226,11.29900065827981
6171.0,74.96475938842735,413.8573472203537,11.298921445036648
6172.0,75.98932551792434,413.8361072051936,11.298842157262838
6173.0,75.20379944050869,413.8145768962969,11.29876279496577
6174.0,74.54315849236595,413.79326915312214,11.298683358152857
6175.0,75.37788174896593,413.77214859154924,11.2986038468315
6176.0,75.44248171159832,413.7507915250537,11.298524261009128
6177.0,74.38660497402716,413.7294161552354,11.298444600693156
6178.0,74.71909762338333,413.70833995049276,11.298364865891017
6179.0,74.46643015895957,413.6871695394995,11.298285056610153
6180.0,74.9448317246928,413.66607071762115,11.298205172858003
6181.0,75.51128229056462,413.64483634863245,11.298125214642027
6182.0,74.93825563588305,413.62344148531673,11.29804518196968
6183.0,75.63007266732242,413.60220897955327,11.29796507484843
6184.0,75.32925136184404,413.58078045896417,11.29788489328575
6185.0,75.69415421557521,413.5594371710783,11.297804637289117
6186.0,75.41161751147061,413.5379904940506,11.29772430686602
6187.0,75.72749901292867,413.516623869089,11.297643902023953
6188.0,75.65734256172111,413.49516774436864,11.297563422770418
6189.0,74.83964869483304,413.47373149730953,11.297482869112923
6190.0,75.46118316651663,413.4525269301793,11.297402241058979
6191.0,74.80044509849412,413.4311462616154,11.297321538616112
6192.0,74.25262919873485,413.4099528021709,11.297240761791848
6193.0,74.1434150318754,413.38891455723126,11.297159910593724
6194.0,75.40157432953306,413.36790725630556,11.29707898502928
6195.0,75.74288263990351,413.34654347691213,11.29699798510607
6196.0,73.22838182455463,413.3250829934975,11.296916910831648
6197.0,74.8325687571076,413.3043349519806,11.296835762213576
6198.0,73.19485791018545,413.28313239083275,11.296754539259426
6199.0,74.36108124144673,413.2623938477581,11.296673241976775
6200.0,74.4789580357111,413.24132487473975,11.296591870373208
6201.0,75.56804208466234,413.22022250329627,11.296510424456313
6202.0,75.10052769390738,413.198811558039,11.296428904233693
6203.0,74.38342625074372,413.1775330751924,11.296347309712948
6204.0,75.05250904573965,413.156457771088,11.29626564090169
6205.0,75.06532556185505,413.1351928935251,11.296183897807541
6206.0,74.64989834819742,413.1139243846158,11.296102080438127
6207.0,73.82539701077084,413.0927735800839,11.296020188801077
6208.0,73.06358145258737,413.07185638426415,11.295938222904034
6209.0,75.3141117717528,413.0511550361859,11.295856182754642
6210.0,75.39801830298288,413.02981603785054,11.295774068360556
6211.0,74.83270436920316,413.008453265998,11.29569187972944
6212.0,75.12384570811338,412.9872506664268,11.295609616868951
6213.0,75.04052437072721,412.9659655768095,11.295527279786775
6214.0,76.22920503463872,412.94470409490447,11.295444868490584
6215.0,75.4698715757463,412.92310582014466,11.29536238298807
6216.0,74.39400192277886,412.90172268986487,11.29527982328693
6217.0,74.23110565097295,412.8806443893201,11.295197189394862
6218.0,76.11781672303935,412.8596122427189,11.295114481319578
6219.0,75.70234215995426,412.8380455279808,11.295031699068788
6220.0,73.94038967247047,412.81659653103543,11.294948842650225
6221.0,75.46039128014641,412.7956467539616,11.294865912071609
6222.0,74.43781477063109,412.7742663097656,11.29478290734068
6223.0,73.28088067715811,412.75317559558056,11.294699828465182
6224.0,74.2499320401174,412.7324126793887,11.294616675452865
6225.0,74.40603603554982,412.7113751986439,11.294533448311489
6226.0,75.53801188347326,412.6902934884339,11.294450147048812
6227.0,74.8492356005374,412.66889105173357,11.29436677167261
6228.0,74.19959351541264,412.6476837683134,11.294283322190658
6229.0,74.75144840697864,412.62666055015075,11.294199798610741
6230.0,75.73607761816702,412.6054809731021,11.294116200940655
6231.0,75.04744439224051,412.5840224177769,11.294032529188195
6232.0,73.89721989390213,412.56275897519913,11.293948783361168
6233.0,74.00532651319183,412.5418214295625,11.293864963467387
6234.0,75.0375131193046,412.52085325371706,11.293781069514669
6235.0,75.93746138563311,412.499592625,11.293697101510842
6236.0,74.3856914051777,412.4780770109407,11.293613059463741
6237.0,75.16233306706432,412.45700106504256,11.293528943381204
6238.0,74.17830162740506,412.4357050706735,11.293444753271078
6239.0,73.2164717437672,412.41468788521246,11.293360489141218
6240.0,74.49087817855819,412.3939432182184,11.293276150999485
6241.0,74.9430127983111,412.37283746940113,11.293191738853745
6242.0,74.92783170919601,412.35160361577493,11.293107252711877
6243.0,75.47293227114658,412.3303740634573,11.293022692581758
6244.0,75.17150730482591,412.3089900659805,11.292938058471277
6245.0,75.42182830837068,412.28769147224415,11.29285335038833
6246.0,74.36550302678519,412.2663219542235,11.292768568340824
6247.0,74.96457624139606,412.2452517283659,11.292683712336663
6248.0,73.67823025414332,412.2240117650975,11.292598782383765
6249.0,74.72272026937132,412.20313626652546,11.292513778490052
6250.0,75.40009304319834,412.18196482911577,11.292428700663454
6251.0,76.37054036120348,412.1606014694202,11.292343548911909
6252.0,75.28037918579058,412.1389631496512,11.292258323243358
6253.0,73.72052782837721,412.11763370888184,11.292173023665756
6254.0,74.62132628966496,412.09674622599715,11.292087650187057
6255.0,74.97842490638519,412.07560351688176,11.292002202815228
6256.0,74.07560217743077,412.054359629825,11.291916681558236
6257.0,73.66276727836025,412.0333715425413,11.291831086424065
6258.0,74.14762746633944,412.0125004251458,11.291745417420696
6259.0,75.00059763273897,411.99149193069707,11.291659674556124
6260.0,75.62019171655228,411.9702417613678,11.291573857838342
6261.0,74.58614225021215,411.9488160403814,11.291487967275364
6262.0,75.83812054308373,411.9276833000772,11.291402002875197
6263.0,74.41190741413541,411.90619583258996,11.291315964645861
6264.0,76.10299594161508,411.8851124588227,11.291229852595384
6265.0,74.39093336600736,411.8635499433059,11.291143666731799
6266.0,74.39542802003362,411.8424725121855,11.291057407063146
6267.0,75.92726399024613,411.8213938075798,11.290971073597472
6268.0,74.90125714921999,411.7998810827826,11.290884666342832
6269.0,74.29357601566784,411.77865905992365,11.290798185307283
6270.0,74.88705741364166,411.7576092133859,11.290711630498897
6271.0,74.75514269309176,411.73639121378534,11.290625001925749
6272.0,73.45690753068436,411.7152105900223,11.290538299595916
6273.0,74.70652516551272,411.6943977995553,11.290451523517492
6274.0,75.64970242282364,411.67323095075835,11.290364673698567
6275.0,74.19328298989412,411.65179686840526,11.290277750147247
6276.0,73.73461693319307,411.6307754382248,11.29019075287164
6277.0,75.20747033139956,411.609883963427,11.290103681879858
6278.0,75.35135158684193,411.58857518016646,11.29001653718003
6279.0,75.40712831889009,411.5672256305502,11.289929318780281
6280.0,74.81863063333994,411.5458602775265,11.289842026688753
6281.0,75.62627647331654,411.5246616655137,11.289754660913584
6282.0,74.95080723431974,411.5032342205129,11.289667221462922
6283.0,74.18979183915303,411.48199815846317,11.289579708344933
6284.0,75.5508868125753,411.4609777174421,11.289492121567775
6285.0,74.70986966042729,411.43957163284523,11.289404461139618
6286.0,74.97030391151459,411.4184038364414,11.289316727068645
6287.0,75.05030688588259,411.39716225033317,11.289228919363037
6288.0,74.37290768542987,411.3758979967155,11.289141038030985
6289.0,75.78988428643223,411.35482567287124,11.289053083080688
6290.0,74.79493074136373,411.3333518723234,11.288965054520352
6291.0,75.9256357073591,411.31215997528005,11.28887695235819
6292.0,74.83181836755999,411.2906477118296,11.288788776602418
6293.0,74.87720461650042,411.2694453632921,11.288700527261264
6294.0,75.99453935354917,411.24823015531746,11.28861220434296
6295.0,74.77119157810577,411.22669836916725,11.288523807855746
6296.0,74.6860225035575,411.20551319822016,11.288435337807869
6297.0,74.73620657261115,411.18435215851076,11.28834679420758
6298.0,74.54062348398709,411.1631768999819,11.28825817706314
6299.0,73.71709127074303,411.1420570566615,11.288169486382818
6300.0,75.61820732972409,411.12117054746807,11.288080722174886
6301.0,75.9618862759962,411.0997453887246,11.287991884447628
6302.0,74.52308807977971,411.07822285427983,11.287902973209325
6303.0,74.45601725762232,411.05710797932386,11.287813988468278
6304.0,76.00602215351316,411.03601210776753,11.287724930232782
6305.0,74.95205986579887,411.0144770681573,11.287635798511152
6306.0,75.35162194990161,410.9932406511954,11.2875465933117
6307.0,75.16184731504175,410.97189102497623,11.287457314642744
6308.0,75.28884028474023,410.950595168237,11.28736796251262
6309.0,74.96520556799412,410.92926333015635,11.287278536929659
6310.0,75.6369445385414,410.90802318857874,11.287189037902204
6311.0,75.22208037309586,410.88659272095947,11.287099465438605
6312.0,75.08781185173294,410.86527979818715,11.287009819547215
6313.0,75.1083064467536,410.84400491816245,11.286920100236403
6314.0,76.00716584077126,410.8227242313359,11.286830307514537
6315.0,75.4684331259818,410.801188867681,11.28674044138999
6316.0,75.46950527292346,410.779806144962,11.286650501871147
6317.0,75.07415407704046,410.758423118468,11.286560488966401
6318.0,75.10912254951957,410.7371521081462,11.286470402684145
6319.0,76.2282987040547,410.71587119009047,11.286380243032788
6320.0,74.83926596976256,410.69427317212427,11.286290010020737
6321.0,75.99495886873576,410.6730687134328,11.286199703656413
6322.0,75.5478158740737,410.6515368084201,11.286109323948237
6323.0,73.95814556008504,410.63013159392233,11.286018870904641
6324.0,75.44395563294955,410.6091767860137,11.285928344534065
6325.0,76.19741171111872,410.5878009985843,11.285837744844956
6326.0,75.73550240355036,410.56621173193287,11.285747071845764
6327.0,74.35514350793146,410.54475333958516,11.285656325544943
6328.0,75.42292556617068,410.5236860489246,11.285565505950967
6329.0,75.91998307524464,410.5023162200142,11.285474613072303
6330.0,74.63567593691432,410.48080555814283,11.285383646917431
6331.0,74.31249864338724,410.45965878329406,11.285292607494839
6332.0,76.46318625858892,410.4386035753451,11.285201494813018
6333.0,74.16478151304781,410.41693900590514,11.285110308880471
6334.0,75.10558789804584,410.39592565114316,11.2850190497057
6335.0,74.69321449483307,410.374645734572,11.28492771729722
6336.0,74.85767968563057,410.3534826571318,11.284836311663554
6337.0,74.31432672705496,410.33227298122085,11.284744832813228
6338.0,75.67648453520138,410.3112172553149,11.284653280754775
6339.0,74.68402063491837,410.28977558469654,11.284561655496734
6340.0,75.66322915625003,410.26861511218334,11.284469957047657
6341.0,74.67167788962065,410.2471771972558,11.284378185416093
6342.0,74.2885109989501,410.2260202218537,11.28428634061061
6343.0,74.57159608008935,410.204971810404,11.284194422639773
6344.0,75.47371646477433,410.1838431915146,11.284102431512153
6345.0,74.4143313349881,410.1624589718496,11.284010367236338
6346.0,73.76187326060301,410.14137491130464,11.283918229820912
6347.0,75.30914815423172,410.12047571388086,11.283826019274475
6348.0,74.03708164381821,410.0991381219038,11.283733735605626
6349.0,75.2416054084638,410.0781609487714,11.283641378822974
6350.0,74.899958477223,410.05684249390566,11.283548948935135
6351.0,75.17465547806817,410.0356208390038,11.283456445950732
6352.0,74.1976395681685,410.014321353285,11.283363869878395
6353.0,74.5240555714249,409.99329868874065,11.283271220726762
6354.0,75.8977698775542,409.9721835396621,11.283178498504471
6355.0,75.85441388462266,409.95067917153017,11.283085703220179
6356.0,74.49229502749733,409.9291870875962,11.282992834882535
6357.0,73.84396418755544,409.9080809373384,11.28289989350021
6358.0,75.31695344195687,409.88715848081864,11.282806879081868
6359.0,74.24450881387851,409.8658186773433,11.28271379163619
6360.0,75.56667987035607,409.8447827331794,11.282620631171861
6361.0,74.4538199780414,409.82337217388283,11.282527397697569
6362.0,74.82246237696319,409.80227692488904,11.282434091222013
6363.0,75.22264739124105,409.7810772272155,11.282340711753898
6364.0,75.97688844101242,409.75976414378806,11.282247259301935
6365.0,74.19830677250658,409.73823735872975,11.282153733874837
6366.0,74.19574536670896,409.7172145051443,11.28206013548134
6367.0,75.61252382325614,409.6961923772904,11.281966464130164
6368.0,73.99437356780663,409.67476882887377,11.281872719830055
6369.0,75.16100293435547,409.6538037563629,11.281778902589757
6370.0,76.57354179280387,409.63250813886486,11.28168501241802
6371.0,75.7015610811695,409.6108123020236,11.281591049323605
6372.0,74.32312504619475,409.58936352638386,11.281497013315274
6373.0,75.28942181522545,409.56830530762073,11.281402904401807
6374.0,75.21709148002937,409.54697330477313,11.281308722591977
6375.0,74.98504735910826,409.5256617955204,11.281214467894571
6376.0,75.81053320129821,409.50441603210203,11.281120140318384
6377.0,73.65943246489527,409.4829363810283,11.281025739872213
6378.0,76.24174817857386,409.4620662084966,11.280931266564867
6379.0,75.85121891598146,409.44046437984593,11.280836720405159
6380.0,75.85614958030928,409.4189732011531,11.280742101401906
6381.0,75.07332459885286,409.3974806254387,11.28064740956394
6382.0,74.53734210200949,409.3762098501357,11.280552644900089
6383.0,73.4307113524781,409.35509093654014,11.2804578074192
6384.0,75.03548563913313,409.3342855683236,11.280362897130116
6385.0,74.12095101668304,409.3130255140591,11.280267914041694
6386.0,75.01102933698465,409.29202457793775,11.28017285816279
6387.0,75.07000421448764,409.27077145295897,11.280077729502276
6388.0,74.060388787062,409.24950161843157,11.279982528069025
6389.0,75.08871402483244,409.2285178416085,11.279887253871918
6390.0,75.48467823538267,409.20724270596816,11.279791906919842
6391.0,74.23242036983439,409.1858553804681,11.279696487221697
6392.0,74.01549590149195,409.16482286136335,11.279600994786378
6393.0,74.41430905763757,409.14385180419123,11.279505429622796
6394.0,75.44008949838611,409.1227677499582,11.279409791739868
6395.0,75.45962419114186,409.1013930579337,11.279314081146513
6396.0,76.04605625265901,409.0800128310795,11.279218297851664
6397.0,74.28870269545921,409.0584664484746,11.27912244186425
6398.0,74.81807817555554,409.03741798271085,11.279026513193218
6399.0,74.7498499701326,409.01621952722775,11.278930511847516
6400.0,74.03949659139828,408.9950404030696,11.278834437836101
6401.0,75.0171962873318,408.974062545702,11.278738291167937
6402.0,75.58399591176837,408.9528076734206,11.278642071851985
6403.0,75.11109990451777,408.93139220791227,11.278545779897232
6404.0,74.86916469867882,408.910110729606,11.278449415312656
6405.0,75.47960581155175,408.88889779960806,11.278352978107243
6406.0,75.99834992300222,408.86751191129474,11.27825646829
6407.0,75.34783249139286,408.84597904548326,11.278159885869918
6408.0,73.6725025082543,408.82463049294404,11.278063230856016
6409.0,74.17344822756733,408.8037566172333,11.277966503257307
6410.0,75.12716573157925,408.7827408069022,11.277869703082816
6411.0,74.9532726953109,408.7614547766116,11.277772830341572
6412.0,75.21071290477849,408.7402180160146,11.277675885042614
6413.0,74.61066502845688,408.7189083140248,11.277578867194984
6414.0,75.13182113450391,408.69776862560013,11.277481776807736
6415.0,73.50563994235999,408.6764812762787,11.277384613889922
6416.0,75.11465499588371,408.65565467829504,11.277287378450612
6417.0,74.23954618127178,408.6343721927129,11.277190070498873
6418.0,75.0908117158715,408.6133376546282,11.277092690043785
6419.0,74.67271377092605,408.592061924642,11.276995237094429
6420.0,74.25991105891846,408.5709046557402,11.276897711659903
6421.0,75.66865851115529,408.54986434760684,11.276800113749298
6422.0,76.14868037279874,408.52842489436205,11.276702443371722
6423.0,76.53846614432737,408.5068494349231,11.276604700536287
6424.0,74.29667438688115,408.48516353618214,11.276506885252111
6425.0,75.73593007692497,408.46411281177257,11.276408997528321
6426.0,75.6933646147443,408.4426542982507,11.276311037374043
6427.0,74.98341292535648,408.42120784494324,11.276213004798423
6428.0,74.57783021148853,408.39996254461437,11.276114899810601
6429.0,75.02353181335995,408.3788321593878,11.276016722419731
6430.0,75.70123596534049,408.35757549204067,11.27591847263497
6431.0,76.56605643983902,408.3361268085171,11.275820150465487
6432.0,74.63031799328164,408.31443309252586,11.275721755920452
6433.0,75.57092285224624,408.293287835761,11.275623289009046
6434.0,75.61127837829822,408.27187607428624,11.275524749740454
6435.0,75.07709009878316,408.25045287874576,11.275426138123866
6436.0,74.19115435378983,408.22918103655104,11.275327454168487
6437.0,73.68379759015515,408.2081602094842,11.275228697883518
6438.0,75.07063668470404,408.18728313350033,11.275129869278175
6439.0,73.95689406177102,408.1660131197729,11.275030968361676
6440.0,75.45604816681976,408.14505866645544,11.274931995143247
6441.0,74.69243626865958,408.12367945280823,11.274832949632122
6442.0,75.14690647167721,408.1025165958654,11.27473383183754
6443.0,76.19814808895912,408.08122497236513,11.27463464176875
6444.0,74.24935510382676,408.0596354970732,11.274535379435005
6445.0,74.99406551868164,408.0385981797938,11.274436044845562
6446.0,73.34096341586883,408.01734986123023,11.27433663800969
6447.0,75.08410990291105,407.99656992159566,11.274237158936662
6448.0,76.38609002746031,407.9752960904566,11.274137607635758
6449.0,75.23090116263351,407.95365336494876,11.274037984116267
6450.0,75.10680117280236,407.93233794295264,11.273938288387482
6451.0,75.06120786270336,407.91105768262037,11.273838520458703
6452.0,74.10832465698755,407.8897903403926,11.273738680339235
6453.0,75.7845861056887,407.8687929817398,11.273638768038396
6454.0,75.41266200192516,407.84732068234314,11.273538783565503
6455.0,76.36889459072943,407.8259537614426,11.273438726929887
6456.0,74.55470868261742,407.80431590797525,11.27333859814088
6457.0,75.40497753549246,407.78319207384845,11.273238397207823
6458.0,76.14118002395948,407.76182733021346,11.273138124140065
6459.0,76.2439858756483,407.74025399587333,11.273037778946959
6460.0,73.84278066345435,407.7186515332086,11.272937361637867
6461.0,74.42607405247091,407.6977294120206,11.272836872222157
6462.0,74.28470621251539,407.6766420243724,11.2727363107092
6463.0,75.19523157544936,407.6555946909455,11.272635677108383
6464.0,73.30574548830016,407.6342893753325,11.272534971429092
6465.0,76.01900409361292,407.6135194141107,11.27243419368072
6466.0,74.91610904159317,407.5919806962842,11.27233334387267
6467.0,73.89155086177483,407.5707544653891,11.272232422014351
6468.0,74.51568851715642,407.54981852597825,11.272131428115173
6469.0,74.09783825157561,407.5287057475651,11.272030362184566
6470.0,75.56999221277968,407.50771136006045,11.271929224231949
6471.0,74.4155403703261,407.48629986226683,11.271828014266765
6472.0,75.78211230294136,407.465215459162,11.27172673229845
6473.0,75.42449145206058,407.4437438606761,11.271625378336458
6474.0,75.6336733776476,407.4223735880981,11.271523952390238
6475.0,74.34634268227478,407.4009440473077,11.271422454469256
6476.0,76.39225597148244,407.3798792502144,11.27132088458298
6477.0,75.2270484128469,407.3582347776891,11.271219242740887
6478.0,73.59008628491698,407.3369204473055,11.271117528952455
6479.0,75.7321619614149,407.3160699228581,11.271015743227174
6480.0,74.75644162194186,407.29461247696906,11.270913885574544
6481.0,75.27870782074474,407.27343148517616,11.270811956004062
6482.0,74.54122964032135,407.25210251796034,11.27070995452524
6483.0,75.77509718171282,407.2309825028956,11.270607881147589
6484.0,74.18337421031342,407.2095128920274,11.270505735880636
6485.0,73.2486289823613,407.1884942693345,11.270403518733909
6486.0,75.52254867343329,407.1677404911228,11.270301229716944
6487.0,75.35379457601185,407.14634243566536,11.270198868839282
6488.0,74.59256967908867,407.12499219386876,11.270096436110475
6489.0,73.49576823245458,407.1038576324597,11.269993931540073
6490.0,76.93009562049082,407.0830338314605,11.269891355137643
6491.0,75.81229103195443,407.0612369710347,11.269788706912756
6492.0,75.59680857076468,407.039756821909,11.269685986874984
6493.0,73.62666695479797,407.0183377261473,11.269583195033913
6494.0,75.85506682633772,406.9974768371768,11.26948033139913
6495.0,75.02754868801911,406.9759845682426,11.26937739598023
6496.0,73.77583764004704,406.954726762781,11.269274388786817
6497.0,75.69840675963032,406.93382360878303,11.269171309828504
6498.0,75.94322211490284,406.91237572686777,11.269068159114902
6499.0,74.33772301540569,406.8908584806018,11.268964936655635
6500.0,74.52558923082103,406.86979612574754,11.268861642460335
6501.0,75.14679670116554,406.8486805421321,11.268758276538637
6502.0,73.74429972051288,406.82738894973346,11.268654838900181
6503.0,75.59416568540671,406.80649473147923,11.268551329554622
6504.0,74.7157291089365,406.7850763845351,11.268447748511614
6505.0,75.05357992566437,406.7639069279542,11.268344095780815
6506.0,73.99174143686558,406.74264174697527,11.268240371371903
6507.0,73.58122464512904,406.7216774202348,11.268136575294548
6508.0,75.4413545215812,406.7008294065854,11.268032707558437
6509.0,74.2221044996274,406.67945435613757,11.267928768173256
6510.0,74.32628231040435,406.65842475986267,11.267824757148707
6511.0,75.12199737605137,406.6373656465414,11.267720674494488
6512.0,73.73274514917645,406.61608108061824,11.26761652022031
6513.0,75.13176652502311,406.59519013615926,11.267512294335889
6514.0,75.4216329219581,406.5739028023105,11.26740799685095
6515.0,74.94706468877678,406.5525333396493,11.267303627775222
6516.0,74.90773183936669,406.5312983379875,11.267199187118441
6517.0,74.82199413458405,406.510074480633,11.26709467489035
6518.0,75.11218172125236,406.48887491562823,11.266990091100702
6519.0,74.50108523397444,406.46759313080724,11.26688543575925
6520.0,74.27890762028579,406.4464844899909,11.266780708875757
6521.0,74.63479096082587,406.4254387994985,11.266675910459993
6522.0,74.09435888864067,406.4042922753929,11.266571040521738
6523.0,73.54677539731466,406.38329887370776,11.26646609907077
6524.0,75.24142856150259,406.3624606206785,11.266361086116882
6525.0,73.83131906411029,406.34114221591943,11.266256001669872
6526.0,75.22584360269673,406.32022334218465,11.266150845739542
6527.0,74.78200679462607,406.2989093531639,11.2660456183357
6528.0,75.52974079973819,406.2777211179054,11.265940319468164
6529.0,74.07780823400405,406.25632102467875,11.265834949146756
6530.0,75.64306333481812,406.2353323123458,11.265729507381309
6531.0,75.61522699283495,406.21390011106763,11.265623994181656
6532.0,75.19428934316541,406.192475796753,11.265518409557643
6533.0,74.442876790788,406.17117074810574,11.265412753519119
6534.0,75.10727148108997,406.1500785996817,11.26530702607594
6535.0,74.08276767520327,406.1287982060954,11.265201227237968
6536.0,75.40430479905027,406.10780808858743,11.265095357015078
6537.0,76.06277359117024,406.08644353556105,11.264989415417137
6538.0,74.99842883491281,406.0648924163769,11.264883402454037
6539.0,74.89997231153367,406.0436428615403,11.264777318135666
6540.0,75.42824378613871,406.0224212027187,11.26467116247192
6541.0,75.16504647968164,406.00104986697926,11.2645649354727
6542.0,75.97923852418666,405.9797531038101,11.264458637147918
6543.0,74.66473551470051,405.95822565289484,11.26435226750749
6544.0,74.5940266504444,405.93707064449904,11.26424582656134
6545.0,74.84888621188966,405.9159356702814,11.264139314319396
6546.0,74.64021491019362,405.8947284858547,11.264032730791595
6547.0,75.8519848801046,405.8735804249635,11.263926075987879
6548.0,74.74154042638382,405.85208902924745,11.2638193499182
6549.0,74.86040450870782,405.83091225946,11.263712552592516
6550.0,76.2568472846693,405.8097018115159,11.263605684020783
6551.0,75.11589950063055,405.7880957047852,11.263498744212978
6552.0,75.32646810951015,405.76681286659334,11.263391733179073
6553.0,75.31409278849402,405.7454703672957,11.263284650929053
6554.0,74.05415618540461,405.72413137433887,11.26317749747291
6555.0,76.90201903762824,405.7031493634197,11.263070272820633
6556.0,74.88674387144363,405.6813604580257,11.26296297698223
6557.0,74.41600215633083,405.6601425472622,11.262855609967712
6558.0,75.96284859027192,405.6390580133178,11.26274817178709
6559.0,74.591230417174,405.61753520621727,11.262640662450393
6560.0,74.5660365584338,405.59640102426573,11.262533081967643
6561.0,76.64718705694877,405.57527398057414,11.26242543034888
6562.0,73.9375289885517,405.5535572775747,11.26231770760415
6563.0,73.3270345198249,405.53260831102796,11.2622099137435
6564.0,74.19599378224467,405.51183231791396,11.262102048776985
6565.0,75.81565930253629,405.4908101196757,11.261994112714666
6566.0,76.03647089767944,405.46932901620664,11.261886105566616
6567.0,73.62259484701654,405.44778534945226,11.261778027342906
6568.0,74.87594846018015,405.4269256142456,11.261669878053624
6569.0,73.17329062325803,405.40571076218185,11.261561657708857
6570.0,75.48747262049561,405.3849783298386,11.2614533663187
6571.0,75.01870492131842,405.36359021259614,11.261345003893252
6572.0,74.85099111880407,405.3423349128684,11.26123657044263
6573.0,74.81873544699215,405.3211271320514,11.261128065976946
6574.0,76.69029512583977,405.2999284903415,11.26101949050632
6575.0,74.94350265762921,405.27819957338914,11.260910844040884
6576.0,74.0572210790924,405.2569655809695,11.260802126590772
6577.0,76.02964463247615,405.2359827016637,11.260693338166128
6578.0,75.39531067839582,405.2144409690178,11.260584478777096
6579.0,76.33536602624245,405.19307896432565,11.260475548433835
6580.0,75.67118753025021,405.1714506106182,11.260366547146509
6581.0,75.01308614773396,405.15001044081794,11.260257474925282
6582.0,75.50713949890735,405.12875673307605,11.260148331780334
6583.0,74.84207856945358,405.1073630435514,11.260039117721842
6584.0,74.62680934946057,405.0861577879567,11.259929832759996
6585.0,74.47491198906405,405.06501352530773,11.259820476904993
6586.0,74.06768166956935,405.04391230024413,11.259711050167036
6587.0,74.73792556079127,405.0229264571044,11.259601552556328
6588.0,72.97398445078306,405.00175071152887,11.25949198408309
6589.0,74.95471216810907,404.9810747492678,11.259382344757537
6590.0,74.88921530215912,404.9598375808202,11.259272634589903
6591.0,74.99197375838764,404.9386189698179,11.259162853590418
6592.0,74.68424874546297,404.9173712439197,11.259053001769328
6593.0,76.0952225543536,404.89621070677515,11.258943079136879
6594.0,74.8242529007536,404.8746503937181,11.258833085703323
6595.0,74.72640085262036,404.85345018872954,11.258723021478923
6596.0,74.15102580668886,404.832277708488,11.25861288647395
6597.0,75.23449379896009,404.81126825117605,11.258502680698674
6598.0,74.60911837671028,404.7899518112664,11.258392404163377
6599.0,75.34517545955389,404.76881256105963,11.25828205687835
6600.0,76.42937030946486,404.7474647613461,11.258171638853883
6601.0,74.53207596680183,404.7258097730917,11.258061150100277
6602.0,74.15308843655474,404.7046923515678,11.257950590627843
6603.0,75.29414066142517,404.68368230984413,11.25783996044689
6604.0,74.23531563496753,404.6623489699901,11.257729259567743
6605.0,75.282942506981,404.6413156305602,11.257618488000727
6606.0,73.8465534063722,404.61998546351646,11.257507645756176
6607.0,75.00916482540264,404.5990622733847,11.25739673284443
6608.0,75.15796645483374,404.5778096766841,11.257285749275837
6609.0,75.33034611090997,404.556514919522,11.257174695060751
6610.0,74.57187560448465,404.5351713214572,11.25706357020953
6611.0,74.80853240780618,404.5140426233693,11.256952374732542
6612.0,74.88320112275805,404.49284687252043,11.256841108640161
6613.0,74.07938533528227,404.47162996553556,11.256729771942766
6614.0,75.01636693129382,404.4506408063572,11.256618364650743
6615.0,73.79362030604865,404.4293861690601,11.256506886774487
6616.0,75.23202581689453,404.40847797664003,11.256395338324396
6617.0,74.94480917747258,404.387162235992,11.256283719310874
6618.0,75.61944359406716,404.3659278733916,11.25617202974434
6619.0,75.83290348753671,404.3445023643733,11.25606026963521
6620.0,73.91025929940788,404.32301637505185,11.255948438993908
6621.0,75.95600054234738,404.30207513491706,11.255836537830868
6622.0,75.2644931479333,404.2805542680967,11.255724566156532
6623.0,75.28968711420427,404.2592293283715,11.255612523981341
6624.0,75.98343454426899,404.23789725035573,11.25550041131575
6625.0,74.67937487534806,404.2163686105682,11.255388228170219
6626.0,74.32527867589671,404.1952094543536,11.255275974555211
6627.0,74.85589907538638,404.1741506253954,11.255163650481203
6628.0,74.75384339717633,404.1529414539907,11.255051255958664
6629.0,75.6792297833119,404.13176119836146,11.25493879099809
6630.0,73.2539168978912,404.11031874992284,11.254826255609963
6631.0,73.77269892386661,404.0895634734685,11.254713649804788
6632.0,75.12262440070837,404.06866120877334,11.254600973593067
6633.0,74.46736109461045,404.04737646519317,11.254488226985314
6634.0,75.04950415504231,404.0262773795497,11.254375409992043
6635.0,74.65402625347302,404.0050133533725,11.254262522623785
6636.0,74.15062722875945,403.9838613792673,11.254149564891064
6637.0,74.7886920165547,403.9628520348858,11.25403653680442
6638.0,75.55029041739085,403.9416619054811,11.2539234383744
6639.0,75.17332659030924,403.9202559898629,11.253810269611552
6640.0,74.05475952965612,403.8989568806623,11.253697030526435
6641.0,75.00099994538598,403.8779746987956,11.253583721129612
6642.0,74.52067365386681,403.85672441547763,11.253470341431655
6643.0,75.90386097475287,403.835610224609,11.253356891443138
6644.0,76.50280683886265,403.81410413066624,11.25324337117465
6645.0,74.23906944659082,403.7924283353952,11.253129780636774
6646.0,74.47771219224667,403.77139393238537,11.253016119840112
6647.0,74.51944696192334,403.7502919139309,11.252902388795265
6648.0,74.74789946714749,403.72917807062504,11.252788587512844
6649.0,75.0635464589858,403.7079994991093,11.252674716003467
6650.0,75.07192536352488,403.68673149427923,11.252560774277756
6651.0,75.04945605136592,403.6654611154263,11.252446762346334
6652.0,73.70207560657242,403.6441971028783,11.25233268021985
6653.0,75.46717394576206,403.6233148481232,11.252218527908934
6654.0,74.3563131861844,403.6019324821719,11.252104305424242
6655.0,75.22792362537328,403.58086486010245,11.25199001277643
6656.0,74.18683065288603,403.5595502817419,11.251875649976157
6657.0,74.79199650421403,403.5385306797236,11.25176121703409
6658.0,74.34307775290601,403.5173396140474,11.251646713960913
6659.0,74.10314110291029,403.4962757420174,11.2515321407673
6660.0,74.74464092215962,403.4752798520383,11.25141749746394
6661.0,76.1767556168076,403.4541022037769,11.251302784061533
6662.0,73.52870382884902,403.4325187896855,11.251188000570778
6663.0,73.94031130814305,403.411685656934,11.25107314700238
6664.0,74.4258726391272,403.3907359020634,11.250958223367057
6665.0,75.49014448473123,403.3696485714823,11.250843229675528
6666.0,74.12528384310714,403.34825969721163,11.250728165938524
6667.0,73.9410415333462,403.3272575334561,11.250613032166775
6668.0,74.62188058997494,403.3063075716883,11.250497828371024
6669.0,75.13408140366504,403.28516470552114,11.25038255456202
6670.0,74.8338290475866,403.2638767157901,11.250267210750513
6671.0,75.37452809786582,403.2426737975599,11.250151796947264
6672.0,73.15407903889832,403.22131768126553,11.250036313163044
6673.0,75.55313482927512,403.2005906922045,11.24992075940862
6674.0,74.85893694297373,403.17918397066967,11.249805135694778
6675.0,74.38574834892916,403.1579739385358,11.2496894420323
6676.0,74.936737801229,403.1368979765036,11.249573678431982
6677.0,74.17573791605108,403.11566590079326,11.249457844904622
6678.0,73.70256326652148,403.094649441717,11.249341941461026
6679.0,75.29170888026684,403.07376704879147,11.249225968112006
6680.0,76.18167004644806,403.0524343979421,11.24910992486838
6681.0,75.1936147085146,403.03084959142893,11.248993811740977
6682.0,74.42597671790618,403.0095447339282,11.248877628740626
6683.0,75.04606340826314,402.9884573738581,11.248761375878168
6684.0,75.20958325579196,402.9671943225591,11.248645053164449
6685.0,75.056635470657,402.94588494063663,11.248528660610315
6686.0,75.11995110222685,402.92461889391996,11.24841219822663
6687.0,74.3438038613706,402.9033349077743,11.248295666024257
6688.0,75.61660443594323,402.88227083001357,11.248179064014066
6689.0,74.89960038711723,402.8608461254234,11.248062392206934
6690.0,74.11189704791526,402.8396245719804,11.247945650613751
6691.0,74.6840842034596,402.8186262011501,11.247828839245397
6692.0,75.41390337576456,402.79746571062583,11.24771195811278
6693.0,73.90622095188606,402.7760984380027,11.2475950072268
6694.0,73.94969478670247,402.75515834206635,11.247477986598362
6695.0,75.03166717915992,402.7342059285434,11.247360896238389
6696.0,75.38376412891253,402.712946956176,11.247243736157804
6697.0,74.80767583823756,402.69158822300614,11.247126506367536
6698.0,75.9215318368967,402.67039271485197,11.247009206878516
6699.0,74.2022109095254,402.6488816141649,11.246891837701696
6700.0,74.66948552836077,402.62785765440714,11.24677439884802
6701.0,75.09523649989222,402.6067013001741,11.246656890328442
6702.0,76.22599049370338,402.58542431649914,11.246539312153928
6703.0,74.80863306631723,402.5638269525259,11.246421664335443
6704.0,75.24490599214845,402.54263117315713,11.24630394688397
6705.0,75.77480977895964,402.521311783126,11.24618615981048
6706.0,76.04481435492846,402.4998422536887,11.246068303125968
6707.0,74.52942451358433,402.4782962229548,11.24595037684143
6708.0,75.7715984689972,402.4571795526759,11.245832380967862
6709.0,75.01894038451579,402.4357109331097,11.245714315516274
6710.0,75.81669822439616,402.4144555666674,11.245596180497682
6711.0,73.98839414588574,402.39297416883716,11.245477975923105
6712.0,75.42610054903025,402.3720107904958,11.245359701803569
6713.0,75.94791623102984,402.3506400620069,11.24524135815011
6714.0,74.27095732434445,402.3291214857415,11.245122944973767
6715.0,76.6717580354213,402.3080780478329,11.24500446228559
6716.0,73.86630089111189,402.2863543830562,11.244885910096626
6717.0,72.80670322687776,402.2654255978037,11.244767288417938
6718.0,73.92980669313728,402.24479703188945,11.24464859726059
6719.0,74.82972827092374,402.22385025332636,11.244529836635659
6720.0,74.1393427756623,402.20264849698293,11.24441100655422
6721.0,75.64592453522968,402.1816423498631,11.244292107027361
6722.0,75.96245509249746,402.1602093379115,11.244173138066174
6723.0,73.50808225641218,402.138686642302,11.244054099681755
6724.0,74.19650074589082,402.11785935232933,11.24393499188521
6725.0,74.45579847723907,402.09683701045134,11.243815814687652
6726.0,75.6325000804639,402.0757412008828,11.243696568100198
6727.0,75.16518425887816,402.05431199252666,11.243577252133973
6728.0,74.17242185409307,402.03301519032,11.243457866800105
6729.0,75.12598199504833,402.0119996707946,11.243338412109734
6730.0,74.71482951765006,401.99071397589597,11.243218888074004
6731.0,76.44717687620481,401.96954477419933,11.243099294704066
6732.0,75.36094594014966,401.94788474075114,11.242979632011075
6733.0,75.09072222552032,401.9265324727347,11.242859900006195
6734.0,75.62011980998176,401.9052567681042,11.242740098700594
6735.0,74.27979215229327,401.8838310674913,11.242620228105448
6736.0,75.21177824640118,401.86278512638154,11.242500288231945
6737.0,75.75730201464846,401.84147512254503,11.242380279091266
6738.0,75.22428377037586,401.8200105536409,11.242260200694613
6739.0,74.764384193924,401.79869700657264,11.242140053053186
6740.0,75.02262460533036,401.7775137643843,11.242019836178192
6741.0,75.58115173691806,401.7562573540795,11.241899550080849
6742.0,74.58192090117964,401.73484269442076,11.241779194772374
6743.0,75.58540114003246,401.71371115016535,11.241658770264
6744.0,73.63360400531089,401.692295286509,11.241538276566958
6745.0,74.87707749289395,401.6714324320409,11.241417713692487
6746.0,75.14071838946607,401.65021726008456,11.241297081651837
6747.0,74.70443957237656,401.6289273898742,11.241176380456263
6748.0,74.80218718077087,401.60776113199535,11.241055610117023
6749.0,75.3146024797006,401.5865671789608,11.240934770645383
6750.0,75.67509043996785,401.5652280415916,11.240813862052619
6751.0,74.95390618354499,401.5437867659669,11.240692884350008
6752.0,74.12412545126016,401.5225498258816,11.240571837548833
6753.0,74.17805369248154,401.50154799033703,11.240450721660391
6754.0,74.9213524707058,401.4805308751242,11.240329536695981
6755.0,75.1208766672225,401.45930315859084,11.240208282666904
6756.0,73.70777963009684,401.43801891020183,11.240086959584477
6757.0,74.2638875026736,401.4171350393066,11.239965567460015
6758.0,74.85941984564548,401.39609360451414,11.239844106304842
6759.0,74.21320418437544,401.3748834355579,11.23972257613029
6760.0,75.17885629457061,401.353856361039,11.239600976947697
6761.0,74.70968503205188,401.33255568508883,11.239479308768406
6762.0,75.3415986557895,401.3113879409964,11.239357571603765
6763.0,75.64320773337003,401.2900411547106,11.239235765465137
6764.0,74.20681451037494,401.2686089125195,11.23911389036388
6765.0,75.33187362734577,401.2475836484083,11.238991946311366
6766.0,75.6213427952024,401.22623961754715,11.23886993331897
6767.0,74.52397411532415,401.2048135704219,11.238747851398074
6768.0,73.89329477089092,401.18369844442253,11.238625700560068
6769.0,75.66539990127438,401.1627620109041,11.238503480816346
6770.0,74.1130754644701,401.1413234809321,11.238381192178311
6771.0,73.97453471435978,401.1203247762171,11.23825883465737
6772.0,75.08986945075674,401.09936532471477,11.23813640826494
6773.0,74.8942559400186,401.0780898617037,11.238013913012441
6774.0,75.90235393767323,401.0568698225207,11.2378913489113
6775.0,75.43019423980294,401.0353641555717,11.237768715972951
6776.0,74.72890203692695,401.0139922672037,11.237646014208833
6777.0,74.91002195315842,400.99281907829334,11.237523243630394
6778.0,74.31923224449018,400.97159457207323,11.237400404249088
6779.0,74.00452697393779,400.95053745627064,11.237277496076372
6780.0,75.50828296050523,400.9295695069613,11.237154519123715
6781.0,74.31342112807239,400.9081754934559,11.23703147340259
6782.0,76.19240186548903,400.88712002413627,11.236908358924472
6783.0,74.54472080024807,400.865532176941,11.236785175700847
6784.0,74.3204511048358,400.8444111727143,11.236661923743208
6785.0,75.81034247291252,400.8233537115679,11.236538603063055
6786.0,75.16384364225223,400.8018741145339,11.236415213671888
6787.0,75.03117471911341,400.78057769216866,11.23629175558122
6788.0,75.52751121761874,400.7593188593316,11.236168228802573
6789.0,75.24434267954477,400.7379193978199,11.236044633347461
6790.0,73.73431871221317,400.71660016739406,11.23592096922742
6791.0,74.37821559598653,400.69570877709225,11.235797236453989
6792.0,75.41824254406117,400.67463494934003,11.235673435038706
6793.0,74.5995839699126,400.6532664472859,11.235549564993121
6794.0,75.37166027987405,400.63212989849444,11.235425626328793
6795.0,74.92314594996726,400.6107745947485,11.235301619057278
6796.0,74.89068486493264,400.58954637006264,11.23517754319015
6797.0,75.50470431225628,400.56832734268426,11.235053398738986
6798.0,75.37856626415986,400.5469343431291,11.23492918571536
6799.0,75.42611137010574,400.52557708268756,11.234804904130863
6800.0,75.53204541814888,400.5042063511328,11.234680553997093
6801.0,75.40249520345992,400.4828056049309,11.234556135325645
6802.0,74.73981972452908,400.46144156462327,11.234431648128128
6803.0,75.23363185058766,400.440265282368,11.234307092416154
6804.0,74.71599597472645,400.418949086677,11.234182468201345
6805.0,73.17934896285729,400.39777955448415,11.234057775495327
6806.0,75.47306855197078,400.37704540561134,11.23393301430973
6807.0,75.33987868876058,400.3556613695216,11.233808184656194
6808.0,75.71089032957231,400.3343150705598,11.233683286546366
6809.0,75.25461425386416,400.31286365163305,11.233558319991895
6810.0,74.1823354321367,400.29154151092786,11.233433285004441
6811.0,75.01096655831029,400.27052318255534,11.233308181595667
6812.0,76.15467107523982,400.2492700753639,11.233183009777244
6813.0,75.19900040472847,400.2276929185592,11.233057769560853
6814.0,75.47266871039633,400.2063865351112,11.232932460958171
6815.0,75.27869594172513,400.1850026123099,11.23280708398089
6816.0,76.59767419034593,400.1636736484598,11.23268163864071
6817.0,76.31747164167547,400.1419709741059,11.23255612494933
6818.0,74.06022812971851,400.12034769047403,11.232430542918458
6819.0,73.70597273672703,400.0993639591706,11.232304892559814
6820.0,74.82963837554959,400.07848060022854,11.232179173885116
6821.0,76.23327707939129,400.0572788693555,11.232053386906095
6822.0,74.9159125084988,400.03567944084966,11.231927531634481
6823.0,75.7158538754939,400.0144532656389,11.231801608082021
6824.0,75.28492407017991,399.99300044037426,11.231675616260459
6825.0,73.93515315878983,399.9716697118877,11.231549556181548
6826.0,75.24900859965757,399.95072141849266,11.231423427857047
6827.0,75.74016353579516,399.92940086605614,11.231297231298727
6828.0,75.29850927271497,399.90794115305425,11.231170966518357
6829.0,74.8902110041713,399.88660657542704,11.231044633527718
6830.0,75.62575293808399,399.8653876823092,11.230918232338595
6831.0,74.67062418302244,399.8439603856434,11.23079176296278
6832.0,75.63567362061517,399.8228037087915,11.23066522541207
6833.0,74.36680579242271,399.8013736012657,11.230538619698269
6834.0,75.18798526504915,399.78030300629115,11.230411945833191
6835.0,75.75514859448454,399.7589997437994,11.230285203828652
6836.0,74.21257264127422,399.73753578503096,11.230158393696476
6837.0,74.80561146158152,399.7165088894493,11.23003151544849
6838.0,74.86239777315598,399.6953139662018,11.229904569096531
6839.0,74.61311428111549,399.67410295349947,11.229777554652447
6840.0,73.49436292574615,399.65296257111976,11.229650472128082
6841.0,74.79567564646665,399.63213916829085,11.229523321535293
6842.0,75.7437656964755,399.61094706019105,11.22939610288594
6843.0,74.03073752633296,399.589486326577,11.229268816191892
6844.0,73.65303983067628,399.5685109509446,11.229141461465026
6845.0,74.87891873834519,399.5476425896592,11.22901403871722
6846.0,74.23477976744894,399.5264268960167,11.228886547960364
6847.0,74.6358329003442,399.5053937084159,11.228758989206346
6848.0,74.65287236587842,399.4842468890941,11.228631362467073
6849.0,75.23058538782465,399.4630952419238,11.228503667754447
6850.0,75.7857345582987,399.4417799093972,11.228375905080378
6851.0,74.98596609586455,399.4203072846057,11.228248074456792
6852.0,73.383130472205,399.39906126087857,11.228120175895608
6853.0,75.43687190304945,399.3782693739114,11.227992209408761
6854.0,74.59739185746353,399.3568955935389,11.227864175008184
6855.0,73.8220746062326,399.33575966584596,11.227736072705829
6856.0,75.07972251683462,399.31484341137417,11.22760790251364
6857.0,75.19140057338343,399.29357082332774,11.227479664443576
6858.0,75.37970454712413,399.27226659316534,11.227351358507601
6859.0,75.1610973010617,399.2509090102103,11.227222984717685
6860.0,74.45533231612085,399.229613365975,11.227094543085803
6861.0,74.70162825999007,399.2085176884854,11.226966033623935
6862.0,75.17972892809206,399.1873522271451,11.226837456344073
6863.0,75.51011653702074,399.1660513039488,11.226708811258211
6864.0,74.55850839245696,399.14465677093,11.226580098378347
6865.0,74.48979392799868,399.12353186021875,11.226451317716492
6866.0,73.85332286646353,399.1024264186059,11.22632246928466
6867.0,75.40583084207476,399.08150131046034,11.22619355309487
6868.0,75.83886698190713,399.0601363250551,11.22606456915915
6869.0,74.4866888070249,399.0386486460769,11.225935517489528
6870.0,74.69550660691819,399.0175440842483,11.22580639809805
6871.0,75.12988207556607,398.99638035737627,11.225677210996755
6872.0,75.01326836591376,398.9750935574549,11.2255479561977
6873.0,74.26613455508257,398.9538397980845,11.225418633712938
6874.0,75.24649471976188,398.9327977266272,11.225289243554537
6875.0,75.61148409457431,398.9114778864567,11.225159785734569
6876.0,74.3487207312263,398.89005463262987,11.225030260265104
6877.0,75.0996855115179,398.868989161756,11.224900667158236
6878.0,74.26931107083487,398.84771091752776,11.224771006426046
6879.0,75.13901987194787,398.8266679460577,11.22464127808063
6880.0,73.75370995483186,398.805378557094,11.224511482134096
6881.0,74.15945829038255,398.7844816726068,11.22438161859855
6882.0,75.90388274048036,398.7634698260912,11.224251687486104
6883.0,76.19520014405875,398.74196372598135,11.224121688808882
6884.0,75.29575894208293,398.72037508594053,11.22399162257901
6885.0,73.72423904184606,398.6990412875736,11.223861488808625
6886.0,75.36072143269311,398.67815275317844,11.223731287509866
6887.0,74.80688321551659,398.6568005487725,11.223601018694874
6888.0,73.97464253308628,398.6356052651948,11.223470682375808
6889.0,75.50216880299679,398.61464578314377,11.223340278564825
6890.0,76.94920501120384,398.5932535019829,11.223209807274088
6891.0,74.47052699396401,398.5714512272297,11.223079268515772
6892.0,75.90224020541208,398.55035124458146,11.222948662302052
6893.0,74.47801810246872,398.52884560985655,11.222817988645113
6894.0,75.07669636528894,398.50774350472756,11.222687247557149
6895.0,74.26396413039406,398.4864717740907,11.222556439050352
6896.0,76.25265307019788,398.4654303175871,11.222425563136925
6897.0,75.3320652628497,398.4438253992172,11.222294619829082
6898.0,74.51935872206111,398.42248131405944,11.222163609139033
6899.0,75.79491811941502,398.4013674957548,11.222032531079005
6900.0,75.39615180490712,398.3798922689543,11.221901385661221
6901.0,76.27789395579946,398.3585300259429,11.22177017289792
6902.0,74.76721163537012,398.3369179559888,11.221638892801337
6903.0,73.43958640277954,398.3157339126921,11.221507545383725
6904.0,74.0896875897797,398.29492602987796,11.221376130657335
6905.0,75.14689172096507,398.27393395172754,11.221244648634427
6906.0,74.74867166695476,398.2526423324066,11.221113099327265
6907.0,75.97760223111835,398.2314635421009,11.220981482748122
6908.0,75.71798745879268,398.20993655480214,11.220849798909278
6909.0,74.54605251746975,398.1884831250222,11.220718047823016
6910.0,74.62516139986742,398.1673617434755,11.22058622950163
6911.0,74.47670732750962,398.1462179477456,11.220454343957412
6912.0,74.72205345622852,398.1251162140028,11.220322391202668
6913.0,74.22616255916319,398.1039449655235,11.220190371249709
6914.0,75.50903964730918,398.0829142194651,11.220058284110848
6915.0,75.86230126567182,398.061519991565,11.219926129798411
6916.0,75.48294959779409,398.04002567287307,11.219793908324725
6917.0,76.12932281126558,398.0186388371537,11.219661619702125
6918.0,75.17348858888053,397.9970688623571,11.219529263942949
6919.0,74.06132969050503,397.975769707257,11.219396841059549
6920.0,74.58153136039883,397.9547856638447,11.219264351064277
6921.0,75.69742966421492,397.9336542299592,11.21913179396949
6922.0,73.40982047898423,397.91220662488763,11.218999169787558
6923.0,73.57362543405155,397.89140717575197,11.218866478530853
6924.0,75.15649470950997,397.8705613152123,11.218733720211752
6925.0,75.40223534167761,397.8492669750446,11.21860089484264
6926.0,76.10202980155486,397.8279030083644,11.218468002435907
6927.0,74.59638420885715,397.8063407665873,11.218335043003956
6928.0,75.56082388242362,397.7852051243948,11.218202016559186
6929.0,75.77388216525131,397.7637962242948,11.218068923114007
6930.0,73.97114273010568,397.7423269576813,11.217935762680833
6931.0,76.03222640862336,397.7213684672411,11.217802535272092
6932.0,75.35891325630452,397.699826003092,11.21766924090021
6933.0,74.52663501767049,397.67847431100273,11.217535879577621
6934.0,74.43385445162079,397.65735843108104,11.217402451316769
6935.0,75.03765134381763,397.63626883898644,11.217268956130098
6936.0,73.755103746435,397.61500817110567,11.217135394030063
6937.0,75.08230970403176,397.59411089171084,11.217001765029122
6938.0,75.78792383373114,397.57283757062805,11.216868069139746
6939.0,73.81860323685217,397.55136432554184,11.216734306374404
6940.0,75.12769396791606,397.53044905462474,11.216600476745574
6941.0,74.91007763372606,397.5091628746672,11.216466580265742
6942.0,76.4925879250108,397.48793835267094,11.216332616947401
6943.0,75.18638238240989,397.4662654527589,11.216198586803042
6944.0,74.60608983120237,397.44496264441716,11.216064489845175
6945.0,75.1485591572322,397.4238242522983,11.215930326086308
6946.0,74.24584488020813,397.40253216053713,11.215796095538959
6947.0,75.74768374240273,397.38149583782103,11.215661798215644
6948.0,74.95561148147497,397.36003399409407,11.215527434128898
6949.0,74.86934685677474,397.33879657084094,11.215393003291252
6950.0,74.63453084177313,397.3175835892315,11.215258505715248
6951.0,75.31262806537494,397.2964371388264,11.215123941413431
6952.0,76.27107245651824,397.2750985608745,11.214989310398359
6953.0,76.01835178137156,397.25348842367845,11.214854612682586
6954.0,74.99566130450914,397.2319498906737,11.214719848278685
6955.0,75.8063494463504,397.2107011199708,11.214585017199221
6956.0,76.10044137452083,397.1892226542943,11.214450119456778
6957.0,75.76885438739004,397.16766086257155,11.214315155063936
6958.0,75.08616494553495,397.1461930204951,11.214180124033287
6959.0,75.40383256024553,397.12491860709383,11.21404502637743
6960.0,74.6211445460186,397.10355418786844,11.213909862108967
6961.0,74.54924990479387,397.08241153024704,11.213774631240504
6962.0,74.53921498230233,397.061289242774,11.213639333784661
6963.0,75.54581604907379,397.040169798529,11.213503969754058
6964.0,75.85190033551976,397.0187651506485,11.213368539161324
6965.0,75.89582736236513,396.99727377888684,11.21323304201909
6966.0,76.19625247905667,396.9757699611341,11.213097478340002
6967.0,75.2006479628746,396.9541810229317,11.2129618481367
6968.0,76.06165607869137,396.93287417267555,11.212826151421844
6969.0,73.4225038739316,396.9113233701199,11.212690388208086
6970.0,74.66380144124825,396.8905203273556,11.212554558508096
6971.0,76.06928205476672,396.86936558361396,11.212418662334542
6972.0,74.10314025561405,396.8478126203651,11.212282699700106
6973.0,74.78690277013617,396.826816730626,11.212146670617468
6974.0,75.23158292651624,396.8056271081745,11.21201057509932
6975.0,75.78706855253179,396.78431149301196,11.211874413158357
6976.0,75.19971258538735,396.7628384902554,11.211738184807283
6977.0,75.39804897362058,396.7415319050229,11.211601890058805
6978.0,74.20647298250061,396.7201691244804,11.211465528925638
6979.0,74.75371296744109,396.69914395713533,11.211329101420503
6980.0,74.79624389541372,396.67796373846124,11.211192607556129
6981.0,74.46446176790336,396.6567714693575,11.211056047345247
6982.0,75.12667197818892,396.63567320518996,11.210919420800598
6983.0,74.57254027958831,396.6143873147962,11.210782727934928
6984.0,76.14488223981411,396.5932584283836,11.210645968760987
6985.0,75.5892684580095,396.57168404508235,11.210509143291535
6986.0,75.01178240552177,396.5502670856859,11.210372251539338
6987.0,74.5923021380665,396.5290137473377,11.210235293517162
6988.0,75.13089564869445,396.5078792617319,11.210098269237786
6989.0,75.45384096656845,396.48659217463137,11.209961178713993
6990.0,75.10916675352654,396.46521358635755,11.209824021958571
6991.0,75.80491322509944,396.4439326557774,11.209686798984317
6992.0,72.97644024260325,396.42245459703025,11.209549509804033
6993.0,75.18995108807373,396.4017779389615,11.209412154430524
6994.0,75.3565295989187,396.3804741194866,11.209274732876604
6995.0,74.33364318358572,396.3591231027669,11.209137245155096
6996.0,76.87645357473768,396.33806190386485,11.208999691278821
6997.0,75.09853287548454,396.3162802420187,11.208862071260615
6998.0,75.87083005713717,396.2950023243706,11.208724385113317
6999.0,75.56858811988667,396.2735055891878,11.20858663284977
7000.0,75.48487012446773,396.2520944892205,11.208448814482823
7001.0,75.2399178284458,396.2307071093519,11.20831093002534
7002.0,74.79486519275815,396.2093891326338,11.208172979490172
7003.0,75.19636412209323,396.1881972541625,11.2080349628902
7004.0,75.01879153370555,396.1668916176613,11.207896880238295
7005.0,76.27758246081058,396.1456362933934,11.207758731547337
7006.0,75.02823984757696,396.1240243116962,11.207620516830215
7007.0,74.62718946519063,396.102766310406,11.207482236099823
7008.0,75.66005501979288,396.0816219400576,11.207343889369062
7009.0,73.58454104038559,396.0601849244687,11.207205476650836
7010.0,75.05383029982107,396.0393359711739,11.207066997958062
7011.0,74.5219671780699,396.01807071925555,11.206928453303652
7012.0,74.45952832878854,395.9969561618884,11.206789842700536
7013.0,74.40889703456386,395.97585929552866,11.206651166161643
7014.0,74.47442436898666,395.95477677470217,11.206512423699909
7015.0,76.34157354127521,395.9336756877976,11.206373615328278
7016.0,75.44919868674864,395.91204557529426,11.2062347410597
7017.0,74.98757598888588,395.890668302333,11.206095800907129
7018.0,76.44423929915622,395.8694218224695,11.205956794883528
7019.0,74.3409313563507,395.84776262133477,11.205817723001864
7020.0,73.61218599419043,395.8266993574504,11.205678585275113
7021.0,75.42116808083932,395.80584257141874,11.205539381716251
7022.0,74.18954201501415,395.7844732404625,11.205400112338266
7023.0,74.46542309624877,395.76345287022497,11.20526077715415
7024.0,76.0982433550038,395.74235433368096,11.205121376176905
7025.0,74.63950375813297,395.7207931647304,11.204981909419532
7026.0,76.20001562534024,395.69964530533224,11.20484237689504
7027.0,74.79191927533869,395.6780553009051,11.204702778616449
7028.0,74.93899000595795,395.6568642571104,11.204563114596782
7029.0,75.82736808535502,395.63563154327534,11.204423384849068
7030.0,74.24152359813141,395.6141471223179,11.204283589386339
7031.0,73.97593376662218,395.59311202396503,11.204143728221641
7032.0,75.6111138214387,395.57215217606455,11.204003801368021
7033.0,75.38700927738542,395.55072902714846,11.20386380883853
7034.0,75.55915461698925,395.5293693745199,11.20372375064623
7035.0,73.91952785533697,395.5079609473784,11.203583626804182
7036.0,74.82875299289067,395.4870170811527,11.203443437325465
7037.0,75.51086873067716,395.4658156011381,11.203303182223154
7038.0,75.51466208324763,395.4444208549977,11.203162861510332
7039.0,75.96069849784976,395.4230250340741,11.203022475200092
7040.0,73.8365698252264,395.4015028361664,11.202882023305529
7041.0,76.17571378690506,395.3805824747159,11.202741505839745
7042.0,75.84931056701271,395.35899935580966,11.202600922815849
7043.0,74.37440419701099,395.33750871781564,11.202460274246958
7044.0,75.93937715497962,395.3164359699598,11.20231956014619
7045.0,74.8429524909233,395.2949198130992,11.202178780526674
7046.0,74.31745768176829,395.2737143098935,11.202037935401544
7047.0,74.7164826369088,395.2526576968836,11.201897024783937
7048.0,74.98420205759759,395.2314880268031,11.201756048686999
7049.0,74.7829410888922,395.21024250288684,11.201615007123882
7050.0,74.41723613287638,395.1890540029117,11.201473900107745
7051.0,74.77595016785054,395.1679691193407,11.20133272765175
7052.0,74.82313173891613,395.14678260012647,11.201191489769064
7053.0,74.53819041246183,395.12558271280045,11.20105018647287
7054.0,74.590701327887,395.1044635588502,11.200908817776345
7055.0,76.37385895475148,395.08332952680735,11.200767383692678
7056.0,74.53418711498173,395.06169026677014,11.200625884235064
7057.0,74.89282966921797,395.04057224708754,11.200484319416702
7058.0,74.40193223787156,395.0193526120146,11.200342689250801
7059.0,74.3014871506495,394.9982720645472,11.20020099375057
7060.0,75.16210766878687,394.9772199765212,11.200059232929231
7061.0,74.47067902265576,394.955924046015,11.199917406800008
7062.0,75.06659056067923,394.934824020292,11.19977551537613
7063.0,73.42021741554746,394.91355515296647,11.199633558670836
7064.0,75.63756966321438,394.89275275803203,11.199491536697368
7065.0,74.71000035317554,394.8713221132942,11.199349449468974
7066.0,74.76337515669866,394.8501542798607,11.199207296998912
7067.0,73.73943646315932,394.82897132356635,11.199065079300441
7068.0,75.05659700690508,394.80807848323514,11.198922796386828
7069.0,75.71715686882676,394.7868124474165,11.198780448271348
7070.0,74.37459708102345,394.76535925297037,11.198638034967281
7071.0,73.74748657925036,394.7442864504641,11.198495556487913
7072.0,74.92521130886783,394.7233913292666,11.198353012846532
7073.0,75.3840828644358,394.70216251939576,11.198210404056438
7074.0,73.44215285644097,394.68080369591746,11.198067730130935
7075.0,74.68528774138824,394.65999508594155,11.197924991083333
7076.0,75.43589147791091,394.6388342544148,11.197782186926947
7077.0,75.41661625460642,394.6174607518294,11.197639317675101
7078.0,76.02083188589842,394.59609271055723,11.197496383341123
7079.0,75.30896188176291,394.57455347485626,11.197353383938346
7080.0,75.0500239147688,394.5532159356564,11.197210319480108
7081.0,74.32145066127741,394.53195176221385,11.197067189979759
7082.0,74.30899975220981,394.51089401785987,11.196923995450652
7083.0,74.93120976024393,394.48983980126343,11.196780735906144
7084.0,76.25500815187522,394.46860929183134,11.196637411359598
7085.0,74.01015495285367,394.4470037061883,11.196494021824384
7086.0,74.93602400088078,394.426034162285,11.196350567313884
7087.0,73.4980515541334,394.4048022888181,11.196207047841474
7088.0,74.93211972874862,394.3839778408777,11.19606346342055
7089.0,75.80925472125855,394.3627470736213,11.195919814064501
7090.0,75.08311586689146,394.34126778478355,11.19577609978673
7091.0,75.83094474210034,394.31999423528794,11.195632320600645
7092.0,74.98885720688928,394.2985088009443,11.195488476519655
7093.0,75.3122450136444,394.27726195806906,11.195344567557184
7094.0,74.70928951394346,394.25592348864853,11.195200593726657
7095.0,75.05384512965263,394.23475585661953,11.1950565550415
7096.0,74.29503612047895,394.2134906004995,11.194912451515156
7097.0,73.2836343380936,394.19244034026536,11.194768283161066
7098.0,74.0505637171469,394.17167664386955,11.194624049992678
7099.0,74.67665247699568,394.1506956508163,11.194479752023447
7100.0,75.12535181220521,394.1295372659479,11.194335389266838
7101.0,74.91756241463561,394.1082517496011,11.194190961736318
7102.0,74.56688231909838,394.087025106917,11.194046469445357
7103.0,75.76109874533518,394.0658978235932,11.193901912407437
7104.0,74.95012836951396,394.04443217894874,11.193757290636043
7105.0,74.68329029919519,394.0231963092441,11.193612604144665
7106.0,75.56292462778468,394.0020360436593,11.193467852946807
7107.0,75.37336558462921,393.9806265483481,11.193323037055963
7108.0,74.2435714905085,393.95927076143244,11.193178156485653
7109.0,74.6831248324128,393.93823508284345,11.193033211249384
7110.0,74.73087595132039,393.91707486414094,11.192888201360681
7111.0,74.52757226687876,393.8959011159547,11.192743126833076
7112.0,76.72550687254378,393.8747849704791,11.192597987680095
7113.0,75.1552548485455,393.8530460768652,11.192452783915284
7114.0,76.34694603957986,393.83175208799145,11.192307515552187
7115.0,74.50235011567054,393.8101204532802,11.192162182604356
7116.0,75.13537276816312,393.78901145408076,11.19201678508535
7117.0,75.27876761443112,393.7677230984632,11.19187132300873
7118.0,74.78795811472929,393.7463941143057,11.191725796388068
7119.0,75.13160182524234,393.7252041928399,11.191580205236942
7120.0,75.18345458422371,393.70391690565606,11.19143454956893
7121.0,73.69903550248287,393.68261492685724,11.191288829397623
7122.0,74.8129146523311,393.6617335334649,11.191143044736616
7123.0,73.96530007151405,393.64053654098007,11.190997195599506
7124.0,74.34021547991641,393.6195797059598,11.1908512819999
7125.0,74.10172162526935,393.5985166449072,11.190705303951411
7126.0,75.32692034243587,393.5775211571133,11.190559261467659
7127.0,74.29063120359979,393.55617852968294,11.190413154562261
7128.0,75.68930695189641,393.5351295175086,11.190266983248856
7129.0,75.27803136724874,393.51368421387224,11.190120747541075
7130.0,75.61419311859562,393.4923554383182,11.189974447452563
7131.0,74.92884093820065,393.4709314169346,11.189828082996966
7132.0,75.03563363949577,393.44970157866874,11.189681654187938
7133.0,75.81287777281474,393.4284414824709,11.18953516103914
7134.0,74.17239249532466,393.40696116710194,11.189388603564241
7135.0,76.14929505775635,393.3859456558949,11.189241981776906
7136.0,74.4762918919593,393.36437002229525,11.189095295690821
7137.0,74.92377345848074,393.3432684062592,11.188948545319667
7138.0,73.72409491412336,393.3220400037793,11.188801730677135
7139.0,75.77660101314092,393.3011515102202,11.188654851776919
7140.0,75.57395393989286,393.2796814732665,11.188507908632722
7141.0,75.3513196576573,393.2582688529836,11.188360901258255
7142.0,73.73814647286403,393.2369193124139,11.188213829667228
7143.0,74.49419605750496,393.21602683757993,11.188066693873363
7144.0,74.84410593507013,393.194920148697,11.187919493890387
7145.0,74.6482242781208,393.1737143186821,11.187772229732033
7146.0,76.3462156167106,393.1525639884699,11.187624901412036
7147.0,75.64373791926391,393.13093256071187,11.187477508944141
7148.0,75.86445300064932,393.1095001683014,11.187330052342102
7149.0,74.58057731271946,393.08800523995126,11.18718253161967
7150.0,75.30511140682191,393.0668740763793,11.18703494679061
7151.0,74.56160151544458,393.0455376281473,11.186887297868687
7152.0,74.6559962854737,393.0244118410513,11.186739584867679
7153.0,76.19290827975703,393.00325930877045,11.186591807801362
7154.0,75.59046192831475,392.98167131809123,11.186443966683525
7155.0,75.6766460214134,392.9602540205448,11.18629606152796
7156.0,75.5952559815114,392.93881230417213,11.186148092348464
7157.0,77.66331432184147,392.9173936483107,11.18600005915884
7158.0,74.4199314810781,392.89538904258615,11.185851961972897
7159.0,74.78457143918457,392.8743033953332,11.185703800804456
7160.0,74.66846682422567,392.85311443342545,11.185555575667335
7161.0,75.23134023234272,392.8319583678252,11.185407286575362
7162.0,74.12006775711339,392.8106428214261,11.185258933542368
7163.0,75.07632090892486,392.7896421355615,11.1851105165822
7164.0,76.5458975638532,392.76837051130406,11.184962035708697
7165.0,75.32238690771801,392.74668250699426,11.184813490935714
7166.0,75.54433984456722,392.7253411640371,11.184664882277108
7167.0,74.8917726459154,392.7039369344145,11.184516209746743
7168.0,74.66914723513516,392.68271759883146,11.184367473358487
7169.0,73.91879478635933,392.6615613404482,11.184218673126212
7170.0,73.09467938875898,392.6406176819254,11.18406980906381
7171.0,75.77679534581573,392.61990752276523,11.183920881185157
7172.0,75.7449200743552,392.5984374307506,11.183771889504156
7173.0,72.75166207107897,392.57697637006294,11.183622834034699
7174.0,74.75580640786639,392.5563633991427,11.183473714790695
7175.0,74.8720762099817,392.5351825873272,11.183324531786052
7176.0,75.18722926173338,392.513968832401,11.183175285034693
7177.0,75.62808479594703,392.49266578411016,11.183025974550533
7178.0,75.09447653690881,392.47123782675135,11.182876600347509
7179.0,75.62422454022281,392.4499610583992,11.182727162439551
7180.0,73.74951263390363,392.42853419477944,11.182577660840602
7181.0,74.71025695708705,392.40763849953316,11.182428095564607
7182.0,74.8468191003332,392.38647059339536,11.182278466625519
7183.0,74.90181365048181,392.3652639946502,11.1821287740373
7184.0,73.19024857221822,392.34404181411594,11.181979017813914
7185.0,75.2686909691512,392.32330457702045,11.181829197969327
7186.0,75.16388637841646,392.3019784479126,11.18167931451752
7187.0,74.57521685749225,392.28068201343865,11.181529367472473
7188.0,75.5652347901801,392.25955236866236,11.181379356848176
7189.0,75.48536481120998,392.23814221880514,11.181229282658624
7190.0,74.691986148257,392.21675469877533,11.181079144917813
7191.0,74.23638101806472,392.1955919693666,11.180928943639756
7192.0,74.51876337540152,392.1745583280782,11.180778678838461
7193.0,75.25264637293365,392.1534446784552,11.180628350527945
7194.0,75.20601441078313,392.1321230953161,11.180477958722236
7195.0,74.57064684828596,392.1108147245664,11.18032750343536
7196.0,75.55349615763546,392.08968637462607,11.180176984681353
7197.0,74.11135933949119,392.0682795507148,11.180026402474258
7198.0,75.88403809615009,392.0472813322352,11.179875756828125
7199.0,76.66963503417404,392.0257808547746,11.179725047757003
7200.0,73.66471612157612,392.004057791515,11.179574275274955
7201.0,79.55759156942968,391.9831861219472,11.179423439396045
7202.0,84.8520851815745,391.9606448043359,11.179272540134347
7203.0,91.27562435194197,391.93660338020106,11.179121577503933
7204.0,95.64849680181126,391.9107419533014,11.17897055151889
7205.0,99.98506178636964,391.8836415458742,11.178819462193307
7206.0,106.2101588488423,391.85531244503477,11.178668309541278
7207.0,111.37681300400017,391.8252195666942,11.178517093576902
7208.0,117.59621321724629,391.79366280300974,11.17836581431429
7209.0,120.61718056384171,391.76034387593154,11.17821447176755
7210.0,126.62695970904733,391.7261690081051,11.178063065950806
7211.0,133.0009615025558,391.6902913695209,11.177911596878177
7212.0,137.37463206291275,391.6526077637618,11.177760064563797
7213.0,143.4742665156772,391.613684951344,11.177608469021804
7214.0,148.1833816405473,391.57303390916456,11.177456810266335
7215.0,152.7198017511037,391.5310486176997,11.177305088311542
7216.0,158.1517339400019,391.48777800720353,11.177153303171576
7217.0,162.66471151752273,391.4429683492539,11.177001454860598
7218.0,167.14509034661694,391.3968800143239,11.176849543392777
7219.0,173.0586685938323,391.3495222387257,11.176697568782279
7220.0,177.87727541395708,391.3004889492908,11.176545531043287
7221.0,183.14241373477324,391.2500903879235,11.176393430189982
7222.0,189.4102510366139,391.1982000373653,11.176241266236552
7223.0,194.46419620948234,391.1445337995716,11.176089039197194
7224.0,199.76470731178057,391.0894356106456,11.175936749086109
7225.0,204.16561855942794,391.03283561024057,11.175784395917505
7226.0,210.56498989279748,390.97498868498207,11.175631979705592
7227.0,214.30875553639373,390.9153286045125,11.175479500464592
7228.0,218.75869939308708,390.8546077904438,11.175326958208727
7229.0,224.7972430380734,390.7926261589491,11.175174352952226
7230.0,224.7529293778017,390.728933606755,11.175021684709334
7231.0,223.95030997369906,390.6652536100979,11.17486895349428
7232.0,226.76402559327147,390.60180102227207,11.174716159321326
7233.0,223.73500849744056,390.53755121502064,11.174563302204717
7234.0,224.99090580028994,390.47415962927965,11.174410382158714
7235.0,224.1253276199044,390.4104122059696,11.174257399197588
7236.0,225.1804844781698,390.34691002981066,11.174104353335602
7237.0,225.31229650001026,390.2831088925418,11.173951244587043
7238.0,224.36314397468018,390.2192704085335,11.173798072966184
7239.0,225.35837809278956,390.155700851074,11.173644838487325
7240.0,225.2500902719188,390.0918493106144,11.173491541164754
7241.0,224.72523524251966,390.028028451704,11.173338181012774
7242.0,224.2426009916077,389.9643563017186,11.173184758045691
7243.0,224.78215325459257,389.90082089810437,11.173031272277822
7244.0,225.2954248332675,389.83713262134887,11.172877723723477
7245.0,225.12870687297507,389.7732989176461,11.172724112396988
7246.0,224.37480154007454,389.70951245069875,11.172570438312682
7247.0,225.24454698660088,389.6459395902624,11.172416701484899
7248.0,225.20473072549066,389.58212030194954,11.172262901927976
7249.0,225.2953518621484,389.5183122949107,11.17210903965626
7250.0,223.3949882045047,389.4544786118831,11.171955114684108
7251.0,224.90475938173185,389.3911833652251,11.17180112702588
7252.0,225.06508676749036,389.32746035006693,11.17164707669594
7253.0,225.24791112528558,389.2636919088162,11.171492963708662
7254.0,225.49409752437094,389.1998716673307,11.171338788078417
7255.0,225.22699193873652,389.13598167303206,11.171184549819593
7256.0,225.71860347726434,389.07216735864944,11.171030248946577
7257.0,225.23288827461334,389.00821375433094,11.17087588547376
7258.0,225.55489085853182,388.9443977693198,11.170721459415551
7259.0,225.3048380568402,388.8804905502432,11.170566970786348
7260.0,224.29135368671257,388.8166541794604,11.17041241960057
7261.0,225.61710149989415,388.7531049625825,11.17025780587263
7262.0,226.24404265062822,388.68918011715755,11.170103129616951
7263.0,225.5211489015427,388.62507763840654,11.169948390847967
7264.0,224.40603141541487,388.56117997955107,11.169793589580111
7265.0,225.78218917971014,388.49759827065003,11.169638725827825
7266.0,225.67577706077245,388.4336266503824,11.169483799605553
7267.0,224.55699546361478,388.36968518021524,11.169328810927754
7268.0,224.6972561849629,388.3060606981672,11.169173759808881
7269.0,224.93517288735435,388.2423964755815,11.169018646263401
7270.0,224.54158102845835,388.17866484326333,11.168863470305785
7271.0,226.11123014435572,388.11504472863857,11.168708231950509
7272.0,225.51000567784416,388.0509798800977,11.168552931212053
7273.0,224.48870362731466,387.98708537848904,11.168397568104908
7274.0,225.30706683407288,387.92348024579456,11.168242142643566
7275.0,225.6448161680854,387.8596432435249,11.168086654842524
7276.0,225.1296503159776,387.79571054561063,11.167931104716292
7277.0,225.3637226187063,387.7319238113545,11.167775492279377
7278.0,225.35008868193896,387.6680707566125,11.167619817546303
7279.0,225.24427261721215,387.6042215648193,11.167464080531582
7280.0,224.57649464121437,387.5404023542444,11.167308281249753
7281.0,226.1990253921001,387.47677234742946,11.167152419715341
7282.0,226.69248457225987,387.4126826235683,11.166996495942893
7283.0,225.76912157218047,387.34845308627285,11.166840509946953
7284.0,225.76525602455717,387.28448516849403,11.166684461742074
7285.0,225.3971443554809,387.22051834595374,11.166528351342809
7286.0,225.43430958095206,387.15665582171965,11.166372178763726
7287.0,224.7880065910122,387.0927827673384,11.166215944019394
7288.0,225.6644015162231,387.0290928321376,11.166059647124385
7289.0,225.19563628189925,386.9651545850413,11.165903288093283
7290.0,225.03014447739054,386.9013491547615,11.165746866940673
7291.0,224.48937001430514,386.83759061382625,11.165590383681147
7292.0,224.8516142667314,386.7739852923222,11.165433838329303
7293.0,225.00919094511528,386.7102773349466,11.165277230899747
7294.0,225.2620852520582,386.6465247308455,11.165120561407086
7295.0,224.204576828602,386.58270047335736,11.16496382986594
7296.0,224.07797357638944,386.51917584325594,11.164807036290924
7297.0,224.41310463821034,386.455687084076,11.16465018069667
7298.0,224.12493455003255,386.3921033710952,11.164493263097809
7299.0,224.79074028764975,386.32860130630604,11.16433628350898
7300.0,224.49015290918766,386.26491059655785,11.16417924194483
7301.0,225.33683170464542,386.20130505323357,11.164022138420004
7302.0,225.40165274587474,386.1374596175839,11.163864972949161
7303.0,225.58840962445848,386.0735958159725,11.163707745546963
7304.0,225.31738217235525,386.0096790999123,11.163550456228078
7305.0,225.19640938158884,385.9458391749635,11.163393105007179
7306.0,225.73086110648893,385.88203352563875,11.163235691898944
7307.0,224.21251385754988,385.81807644832514,11.16307821691806
7308.0,223.5298152176079,385.75454956939893,11.162920680079214
7309.0,224.6677101057253,385.69121612175394,11.162763081397106
7310.0,225.21379363651945,385.6275602705573,11.16260542088644
7311.0,224.71131430572197,385.5637496956936,11.162447698561918
7312.0,224.86018730680254,385.50008148997364,11.162289914438258
7313.0,225.65877833896323,385.4363711035701,11.162132068530179
7314.0,225.72586242024025,385.3724344497074,11.161974160852402
7315.0,226.28452550359594,385.3084787886883,11.161816191419666
7316.0,225.0128532971298,385.24436483979565,11.161658160246702
7317.0,224.4083737006661,385.18061119802803,11.161500067348257
7318.0,225.54907904314663,385.11702882547957,11.161341912739072
7319.0,226.72810170514535,385.05312325308404,11.161183696433907
7320.0,225.530961580458,384.98888362426754,11.161025418447524
7321.0,224.98818493316182,384.92498318515305,11.16086707879468
7322.0,224.72824208109236,384.86123653275536,11.160708677490156
7323.0,224.30842285648387,384.7975635308324,11.160550214548724
7324.0,226.9909997548094,384.73400947768965,11.160391689985167
7325.0,224.53946273927207,384.66969536109247,11.160233103814273
7326.0,224.92395979424302,384.60607584664973,11.160074456050836
7327.0,224.4521393038732,384.5423473913747,11.159915746709661
7328.0,224.93983983944307,384.4787526185719,11.15975697580555
7329.0,225.0652352946972,384.4150196639508,11.159598143353312
7330.0,225.44662275914044,384.3512511806173,11.15943924936777
7331.0,223.8260590824284,384.2873746375022,11.159280293863743
7332.0,225.30240285550244,384.2239572540955,11.159121276856064
7333.0,224.00474069905528,384.16012157328646,11.158962198359562
7334.0,225.3724636643938,384.0966535634217,11.158803058389081
7335.0,225.32135198906246,384.0327980320501,11.158643856959467
7336.0,224.61951647238192,383.96895698231987,11.158484594085568
7337.0,224.68048326430292,383.905314785986,11.158325269782246
7338.0,224.8095627713195,383.8416553157278,11.158165884064363
7339.0,223.42306624206986,383.77795927294255,11.158006436946787
7340.0,224.00278972938884,383.71465607084065,11.157846928444393
7341.0,223.7071199746249,383.65118861375066,11.157687358572064
7342.0,225.37547161219777,383.58780492975785,11.157527727344679
7343.0,226.28203462651726,383.5239485461344,11.157368034777138
7344.0,226.09599947167035,383.4598353029902,11.157208280884335
7345.0,225.73907827818192,383.3957747698066,11.157048465681171
7346.0,225.8301347059428,383.3318153642944,11.15688858918256
7347.0,224.48515035832096,383.26783015946114,11.156728651403414
7348.0,226.95157092379586,383.20422603352625,11.156568652358652
7349.0,225.0443868673313,383.1399230884312,11.156408592063201
7350.0,223.65869384710896,383.0761605121521,11.156248470531997
7351.0,225.22380083705457,383.0127905488954,11.156088287779973
7352.0,224.78654311398958,382.9489771386582,11.155928043822072
7353.0,224.48329621490856,382.8852876181093,11.155767738673248
7354.0,223.44893787251584,382.8216840175151,11.15560737234845
7355.0,224.6933725975491,382.7583734851179,11.15544694486264
7356.0,225.86665122513008,382.6947103628819,11.155286456230787
7357.0,225.9959827849921,382.63071481170147,11.155125906467859
7358.0,225.4488334417893,382.5666826165791,11.154965295588834
7359.0,226.01456123159502,382.5028054471039,11.1548046236087
7360.0,224.93627181225034,382.4387679880883,11.154643890542438
7361.0,225.35897882062162,382.3750360444081,11.15448309640505
7362.0,224.4598373995042,382.3111843337423,11.154322241211531
7363.0,225.42807235492958,382.24758737981244,11.154161324976894
7364.0,225.79031382810186,382.1837160926452,11.154000347716142
7365.0,225.19807565104304,382.1197421703939,11.1538393094443
7366.0,225.67330146276845,382.05593604895944,11.153678210176382
7367.0,223.36048465004382,381.9919952802116,11.153517049927427
7368.0,224.69375858973837,381.92870980956076,11.153355828712465
7369.0,225.7094200503095,381.8650465779603,11.153194546546537
7370.0,223.33531905806365,381.80109557561275,11.153033203444684
7371.0,223.7675277537814,381.73781723521296,11.152871799421966
7372.0,226.8186155100383,381.6744164356827,11.152710334493433
7373.0,224.8196983189011,381.61015116128823,11.15254880867415
7374.0,225.74055296519055,381.54645224676455,11.152387221979188
7375.0,224.4955959379217,381.4824924234244,11.15222557442362
7376.0,226.21508294282694,381.41888533790865,11.152063866022525
7377.0,225.5228897514056,381.35479106440823,11.15190209679099
7378.0,224.2850406453195,381.29089291231196,11.151740266744104
7379.0,225.3835710612552,381.22734548412916,11.151578375896964
7380.0,225.5006312371386,381.16348680566176,11.151416424264678
7381.0,223.9512332621483,381.0995949601446,11.151254411862347
7382.0,223.68368952133608,381.03614211072033,11.151092338705089
7383.0,225.07057612942165,380.97276506535593,11.150930204808027
7384.0,225.25450073411906,380.9089950687859,11.150768010186278
7385.0,223.81458143548372,380.84517296024455,11.150605754854979
7386.0,225.56785936189564,380.78175882883784,11.150443438829264
7387.0,225.24030835512752,380.717847935352,11.150281062124277
7388.0,224.51439824526466,380.6540298479847,11.150118624755166
7389.0,225.4889748479575,380.5904174351486,11.149956126737083
7390.0,224.71878139413957,380.526528892275,11.149793568085189
7391.0,226.25891403101366,380.46285857088,11.149630948814648
7392.0,224.99415056027465,380.39875187857115,11.14946826894063
7393.0,225.13534600695206,380.33500353591245,11.149305528478312
7394.0,223.8962276572197,380.2712151878771,11.149142727442879
7395.0,226.35306938235613,380.2077779233743,11.148979865849512
7396.0,224.74858757861494,380.14364455371594,11.14881694371341
7397.0,224.7798778517189,380.0799657872353,11.148653961049767
7398.0,226.23279056588382,380.01627815517736,11.148490917873792
7399.0,224.63697403078234,379.95217886451707,11.148327814200693
7400.0,224.575370663287,379.888531721875,11.148164650045684
7401.0,225.47181877164397,379.8249020335204,11.148001425423992
7402.0,223.7746734432381,379.7610183515351,11.147838140350837
7403.0,226.25798655885686,379.6976155273928,11.147674794841459
7404.0,225.24777665776205,379.63350909786783,11.147511388911088
7405.0,226.99421920375596,379.5696888944815,11.147347922574976
7406.0,226.25813513240553,379.5053738657071,11.14718439584837
7407.0,224.23194319267557,379.4412673940862,11.147020808746522
7408.0,225.79533635565576,379.37773501018165,11.146857161284697
7409.0,225.49521238359438,379.3137596648809,11.146693453478159
7410.0,225.43612130298942,379.24986935470554,11.14652968534218
7411.0,224.76169120425268,379.185995787003,11.146365856892041
7412.0,224.76649008831663,379.12231330782845,11.146201968143023
7413.0,224.55486939587396,379.0586294689701,11.146038019110414
7414.0,225.7203652063565,378.99500558930794,11.14587400980951
7415.0,224.58453685930283,378.93105148583277,11.145709940255612
7416.0,225.06649500129086,378.8674192003893,11.145545810464025
7417.0,225.98901082105235,378.803650360139,11.14538162045006
7418.0,224.09551504937684,378.7396201404063,11.145217370229034
7419.0,224.73532033112443,378.6761264111424,11.145053059816274
7420.0,225.81518112858174,378.61245140371517,11.1448886892271
7421.0,225.44202672022823,378.54847043572875,11.144724258476854
7422.0,225.3763699168771,378.4845951948247,11.144559767580873
7423.0,224.5062047751198,378.42073855668156,11.144395216554498
7424.0,224.67566888311828,378.3571284653286,11.144230605413087
7425.0,225.1461331970866,378.2934703591451,11.144065934171993
7426.0,224.6639781204242,378.22967895473926,11.143901202846576
7427.0,223.7578025046476,378.16602416093843,11.143736411452206
7428.0,223.3846817109388,378.10262611689546,11.143571560004256
7429.0,225.30516873459743,378.03933379041075,11.143406648518106
7430.0,224.78699981833435,377.9754973259359,11.143241677009136
7431.0,226.50738989812814,377.9118076759874,11.14307664549274
7432.0,224.61888938637532,377.84763058218294,11.142911553984314
7433.0,224.02683647535392,377.78398856352345,11.142746402499258
7434.0,225.82050625632527,377.7205142931887,11.142581191052978
7435.0,224.87336492272073,377.6565318164161,11.142415919660886
7436.0,224.52406435356366,377.5928176963547,11.142250588338404
7437.0,224.35208675703032,377.52920254478784,11.142085197100952
7438.0,224.4032730175562,377.46563612020674,11.141919745963959
7439.0,225.84456160396573,377.4020551928517,11.141754234942862
7440.0,223.59979723283385,377.3380659003973,11.1415886640531
7441.0,225.45647949094652,377.2747126245146,11.141423033310119
7442.0,226.56496808454594,377.21083328865893,11.14125734272937
7443.0,224.68725154145665,377.1466398810349,11.14109159232631
7444.0,223.0074513882882,377.08297849309815,11.140925782116406
7445.0,225.19359782582606,377.0197930485382,11.14075991211512
7446.0,223.70061050156758,376.95598819582085,11.14059398233793
7447.0,224.4088039027233,376.89260635617876,11.140427992800314
7448.0,226.5322273884405,376.8290238617397,11.140261943517755
7449.0,224.2916595166848,376.7648397306462,11.140095834505749
7450.0,224.18073422464303,376.70129042711653,11.139929665779789
7451.0,223.6747470524874,376.63777255241956,11.139763437355374
7452.0,223.5094614506376,376.5743980407547,11.139597149248013
7453.0,224.1760915556782,376.51107036001036,11.139430801473223
7454.0,225.85907992197392,376.4475538007363,11.139264394046517
7455.0,225.03154804819337,376.3835603947583,11.139097926983423
7456.0,226.30205406693972,376.31980145614466,11.138931400299468
7457.0,225.00130562062847,376.25568254082566,11.138764814010186
7458.0,225.10758953347863,376.19193217089986,11.138598168131121
7459.0,224.22280369276373,376.1281516871987,11.138431462677818
7460.0,225.19382855430663,376.0646218928191,11.13826469766583
7461.0,224.53179805063166,376.0008169747287,11.138097873110711
7462.0,224.30020141514365,375.93719963194775,11.137930989028025
7463.0,224.9584105937237,375.8736479082134,11.137764045433343
7464.0,224.46270194519835,375.80990969187854,11.137597042342238
7465.0,224.72539655129242,375.7463119263274,11.137429979770287
7466.0,224.05037212651655,375.68263973063785,11.137262857733079
7467.0,224.68434993622333,375.6191587918687,11.1370956762462
7468.0,224.85994335954268,375.55549822605343,11.136928435325252
7469.0,224.13271044119494,375.49178790876823,11.136761134985832
7470.0,224.80059634104208,375.42828364080987,11.136593775243549
7471.0,224.20583127776248,375.3645901385132,11.136426356114017
7472.0,223.8670313268945,375.30106515298456,11.136258877612851
7473.0,225.4652067374465,375.2376361607753,11.136091339755678
7474.0,224.43388281340933,375.17375435219964,11.135923742558127
7475.0,224.76611731277814,375.1101647520692,11.135756086035833
7476.0,224.54770100786126,375.04648101883055,11.135588370204434
7477.0,225.4385224662098,374.98285917021167,11.13542059507958
7478.0,224.77414199209406,374.91898492217956,11.13525276067692
7479.0,224.76512700464798,374.8552989152819,11.135084867012111
7480.0,225.35531316570226,374.79161546263055,11.134916914100817
7481.0,225.48416568182773,374.72776479056694,11.134748901958707
7482.0,225.49560576323788,374.6638776102904,11.13458083060145
7483.0,225.0141378127866,374.59998718865745,11.13441270004473
7484.0,225.68431178450925,374.53623318294393,11.134244510304232
7485.0,224.51783775483202,374.47228929460493,11.134076261395645
7486.0,225.04921209386433,374.40867590724105,11.133907953334663
7487.0,225.04564114021727,374.34491196381447,11.133739586136986
7488.0,224.26627698887017,374.2811490321581,11.133571159818327
7489.0,225.78546207619402,374.21760692034456,11.133402674394395
7490.0,224.58827206069722,374.15363437275636,11.133234129880906
7491.0,226.22647472344465,374.0900010290058,11.133065526293585
7492.0,224.19530722048336,374.02590352783415,11.132896863648162
7493.0,224.7699380241045,373.96238152412167,11.132728141960369
7494.0,226.19301682382078,373.89869670834815,11.132559361245947
7495.0,225.74356669163836,373.8346086869148,11.132390521520643
7496.0,223.98529039370771,373.7706480096855,11.132221622800206
7497.0,225.19904484227402,373.70718551074054,11.132052665100392
7498.0,225.443339189589,373.64337911470193,11.131883648436963
7499.0,224.32761194755622,373.5795035019315,11.13171457282569
7500.0,225.27527750401242,373.5159440118797,11.131545438282341
7501.0,224.8779969667316,373.45211601658696,11.131376244822697
7502.0,224.3633518737092,373.388400584113,11.131206992462541
7503.0,225.15034155089663,373.3248309677488,11.131037681217665
7504.0,224.7048766239389,373.26103837097605,11.130868311103859
7505.0,225.5983653662194,373.19737198926595,11.130698882136928
7506.0,224.43652765568714,373.1334524524122,11.130529394332676
7507.0,224.83990493299157,373.0698621029098,11.130359847706911
7508.0,225.99424238597604,373.0061574631787,11.130190242275456
7509.0,224.7782701022893,372.94212576116934,11.130020578054129
7510.0,224.88990840593087,372.8784385846404,11.129850855058763
7511.0,225.261920912425,372.8147197772587,11.129681073305184
7512.0,225.09000325357647,372.7508955663335,11.129511232809236
7513.0,225.2131575691813,372.68712006541165,11.12934133358676
7514.0,225.081874715004,372.62330967076707,11.129171375653607
7515.0,225.35788486004753,372.55953647293114,11.129001359025636
7516.0,225.48239788187047,372.4956850722208,11.128831283718702
7517.0,224.45244155613508,372.43179839282095,11.128661149748675
7518.0,223.64590894336732,372.36820353438003,11.128490957131424
7519.0,224.81107023748802,372.30483719351275,11.128320705882826
7520.0,225.58604408228388,372.24114072361215,11.128150396018768
7521.0,224.5911711406287,372.1772246777888,11.127980027555132
7522.0,224.6965444297082,372.11359051263224,11.127809600507813
7523.0,224.44467726611714,372.04992649171055,11.127639114892716
7524.0,225.6078408081225,371.9863338331518,11.12746857072574
7525.0,224.92352487792792,371.9224116115895,11.127297968022793
7526.0,224.5013917037332,371.85868327954074,11.127127306799794
7527.0,224.66874309899092,371.79507455189133,11.126956587072664
7528.0,225.05375118384336,371.7314184080133,11.126785808857328
7529.0,223.97557894246074,371.6676531785112,11.126614972169717
7530.0,225.4080101635287,371.6041934311442,11.126444077025772
7531.0,226.31884774360464,371.54032782826454,11.126273123441429
7532.0,225.81219261400153,371.47620415473716,11.126102111432642
7533.0,224.7782614117645,371.41222403349656,11.125931041015363
7534.0,226.7891598543476,371.3485368594299,11.125759912205549
7535.0,224.55450613373634,371.2842799308044,11.125588725019167
7536.0,224.6688296873821,371.2206561540666,11.125417479472185
7537.0,225.86454794485888,371.15699998565515,11.12524617558058
7538.0,226.54488523152227,371.0930050304041,11.12507481336033
7539.0,225.30245769056978,371.02881731292183,11.124903392827425
7540.0,225.76814882834046,370.96498161657615,11.124731913997856
7541.0,224.77714191545792,370.9010139744081,11.124560376887617
7542.0,224.85856289020572,370.837327117532,11.124388781512712
7543.0,225.3972673336764,370.77361719137986,11.124217127889152
7544.0,225.86657224085303,370.70975463230195,11.124045416032946
7545.0,225.40658173663118,370.6457591035004,11.123873645960114
7546.0,225.09588042817563,370.5818939053417,11.123701817686683
7547.0,224.41191243299778,370.5181167392203,11.123529931228678
7548.0,226.093514013383,370.45453336403097,11.123357986602139
7549.0,225.1440556325989,370.39047353506055,11.123185983823104
7550.0,226.04563946434038,370.326682719298,11.123013922907619
7551.0,224.38987826719736,370.26263645478303,11.122841803871735
7552.0,225.4982231850225,370.19905932260735,11.122669626731511
7553.0,224.70056472390237,370.1351681593716,11.122497391503009
7554.0,224.3513576460399,370.07150299936654,11.122325098202293
7555.0,225.25510210647838,370.00793678136677,11.12215274684544
7556.0,223.71042163764628,369.94411450243666,11.121980337448527
7557.0,224.60823051753323,369.8807298829726,11.121807870027636
7558.0,225.00341759800494,369.81709088432603,11.121635344598861
7559.0,224.78084433892988,369.75333991600655,11.121462761178293
7560.0,224.95197180266592,369.68965201011054,11.121290119782032
7561.0,225.0671420268004,369.6259156180998,11.121117420426186
7562.0,224.8751090508504,369.56214659452553,11.120944663126863
7563.0,224.44528231196483,369.49843198029447,11.120771847900183
7564.0,225.54163808849742,369.43483915030606,11.120598974762267
7565.0,223.87481374274898,369.3709356861809,11.12042604372924
7566.0,225.92503057437446,369.30750448895384,11.120253054817237
7567.0,225.29249559522992,369.2434923969578,11.12008000804239
7568.0,225.96681152416087,369.1796595232058,11.119906903420851
7569.0,225.4148456385377,369.11563559327396,11.119733740968766
7570.0,223.76028148154572,369.05176805367637,11.119560520702283
7571.0,224.22330638280158,368.9883693072566,11.11938724263757
7572.0,225.6696800300254,368.9248393704481,11.119213906790787
7573.0,223.91347472409066,368.860899627773,11.119040513178106
7574.0,225.3180245406036,368.7974574766011,11.118867061815704
7575.0,224.15228848791563,368.733617369648,11.118693552719758
7576.0,224.91068742840665,368.6701075545764,11.11851998590646
7577.0,225.81159184705365,368.606382859805,11.118346361391996
7578.0,225.4036685779925,368.54240290878175,11.118172679192568
7579.0,225.26554332926938,368.47853853601794,11.11799893932438
7580.0,225.39270308331263,368.41471329874133,11.117825141803634
7581.0,224.35622292762932,368.35085203286775,11.117651286646545
7582.0,225.5854925176826,368.2872844363716,11.117477373869335
7583.0,224.2914751426776,368.2233685468249,11.117303403488226
7584.0,225.9754387960413,368.1598192955344,11.117129375519447
7585.0,224.26269973596482,368.09579292120895,11.116955289979236
7586.0,224.0255753412481,368.0322518229504,11.116781146883827
7587.0,225.45706881886977,367.968777909937,11.116606946249473
7588.0,226.9632740989271,367.904898407105,11.116432688092422
7589.0,224.8156835809274,367.84059214611034,11.116258372428929
7590.0,224.95903630633612,367.77689436909577,11.116083999275256
7591.0,223.94542487659345,367.7131559754756,11.115909568647673
7592.0,225.92391755749543,367.6497047717606,11.11573508056245
7593.0,224.96976825823242,367.5856929951193,11.115560535035863
7594.0,227.2424176281314,367.5219515607794,11.1153859320842
7595.0,225.24758494984033,367.4575662091181,11.115211271723746
7596.0,223.3239487765687,367.393746060049,11.115036553970798
7597.0,225.43020829372034,367.330470941229,11.114861778841652
7598.0,225.1453672401972,367.2665990488791,11.114686946352613
7599.0,225.5123161009157,367.20280786149436,11.114512056519992
7600.0,225.82894314853465,367.1389127052658,11.114337109360102
7601.0,225.74789073733962,367.07492783804037,11.114162104889267
7602.0,225.3005136720979,367.01096593566484,11.113987043123814
7603.0,225.65727463076465,366.94713079012445,11.113811924080071
7604.0,224.78671680442852,366.8831945623123,11.113636747774377
7605.0,224.03701939826803,366.8195049925511,11.113461514223072
7606.0,225.61012600143462,366.7560278370549,11.113286223442502
7607.0,224.97243547365176,366.69210496802117,11.113110875449022
7608.0,225.44126602568784,366.62836277797027,11.112935470258995
7609.0,225.08258312622553,366.56448775259634,11.112760007888776
7610.0,224.40164927329573,366.5007143540439,11.112584488354734
7611.0,225.34766236510595,366.4371338867498,11.112408911673251
7612.0,225.74204421012664,366.3732853824131,11.1122332778607
7613.0,224.9208218229973,366.30932513655347,11.112057586933467
7614.0,224.5447565265851,366.24559757037025,11.11188183890794
7615.0,225.47806347851434,366.18197655602114,11.111706033800521
7616.0,225.5861847906168,366.1180911047022,11.111530171627605
7617.0,224.06201002285005,366.0541750190115,11.111354252405597
7618.0,225.49156664798355,365.9906907828384,11.111178276150914
7619.0,225.53064822791842,365.9268015056214,11.111002242879968
7620.0,225.3701727856792,365.86290115529016,11.110826152609182
7621.0,223.7269178740629,365.79904627300095,11.110650005354984
7622.0,226.31536583847512,365.7356569796033,11.110473801133805
7623.0,224.88776821195978,365.6715342926157,11.110297539962087
7624.0,226.39169061217365,365.60781609162234,11.110121221856268
7625.0,223.75744621361244,365.54367177928225,11.109944846832802
7626.0,224.9597927769329,365.48027383618836,11.109768414908137
7627.0,224.94892484114146,365.4165352282349,11.109591926098735
7628.0,224.2080461207145,365.3527996995299,11.109415380421062
7629.0,224.94671822483986,365.28927408646234,11.109238777891587
7630.0,225.36045422895972,365.2255391829653,11.109062118526783
7631.0,225.93641736719863,365.16168705426713,11.108885402343134
7632.0,225.74429978612932,365.0976717360131,11.10870862935712
7633.0,226.63477604281275,365.0337108510737,11.108531799585236
7634.0,224.4307068362364,364.9694976645282,11.10835491304398
7635.0,224.6326172812613,364.90590896425795,11.10817796974985
7636.0,224.39620998929774,364.8422630560283,11.108000969719354
7637.0,224.3043023861774,364.77868412986464,11.107823912969005
7638.0,224.62372176862783,364.7151312441885,11.10764679951532
7639.0,224.71243384492993,364.65148785635404,11.107469629374823
7640.0,224.88599848061722,364.58781933343136,11.107292402564036
7641.0,223.7970877765707,364.52410163386185,11.107115119099502
7642.0,224.8024497815027,364.4606924589918,11.106937778997752
7643.0,224.7001238399466,364.39699843155375,11.106760382275333
7644.0,225.0949755977266,364.3333333964657,11.106582928948793
7645.0,224.54947205304168,364.26955648671304,11.10640541903469
7646.0,224.58828535471744,364.205934136298,11.106227852549578
7647.0,225.49174021115482,364.1423007887808,11.106050229510027
7648.0,225.63387637936717,364.07841146238775,11.105872549932604
7649.0,223.786350021144,364.0144818640802,11.105694813833885
7650.0,227.09629839916897,363.9510757315742,11.105517021230453
7651.0,226.2492967704269,363.8867317803612,11.105339172138892
7652.0,224.65043481510114,363.8226278129428,11.105161266575792
7653.0,223.97812027670585,363.7589768564119,11.104983304557756
7654.0,225.7031422344185,363.6955163890002,11.104805286101378
7655.0,224.95976783415244,363.63156716536713,11.10462721122327
7656.0,224.72774994366864,363.56782856448075,11.104449079940043
7657.0,224.79594693327957,363.50415570199675,11.104270892268318
7658.0,225.4729603357424,363.4404635170323,11.104092648224709
7659.0,225.09934711114957,363.37657951160384,11.103914347825855
7660.0,224.3182724718669,363.3128013632557,11.103735991088383
7661.0,225.0371201816975,363.24924451938864,11.103557578028935
7662.0,225.86337349932896,363.1854840020038,11.10337910866415
7663.0,225.21525473063124,363.1214893795123,11.103200583010683
7664.0,224.5443568946127,363.05767839067204,11.103022001085186
7665.0,225.85853679038993,362.9940574895519,11.102843362904318
7666.0,225.28352018540397,362.9300642374613,11.102664668484744
7667.0,224.5501396998541,362.866233906742,11.102485917843138
7668.0,223.91029311672114,362.80261136716047,11.10230711099617
7669.0,225.25899178986134,362.739170117444,11.102128247960525
7670.0,225.56985563459656,362.67534673643684,11.101949328752884
7671.0,224.90517536280862,362.6114352773404,11.101770353389945
7672.0,225.41648361167051,362.5477121443209,11.1015913218884
7673.0,224.68682250626586,362.48384414063094,11.101412234264952
7674.0,224.3369885289782,362.4201828742541,11.101233090536306
7675.0,224.49994699385013,362.3566207275043,11.101053890719175
7676.0,224.53583536552827,362.2930124091894,11.10087463483028
7677.0,224.5577494572448,362.2293939225025,11.10069532288634
7678.0,225.7036248192286,362.16576922682293,11.10051595490408
7679.0,223.78634903752268,362.10181986645745,11.100336530900242
7680.0,225.29969339775295,362.0384137342301,11.100157050891557
7681.0,223.24851657057067,361.9745788211008,11.099977514894768
7682.0,224.93797234585668,361.9113250747391,11.099797922926628
7683.0,224.63369373901472,361.84759264924116,11.099618275003888
7684.0,225.43936633782354,361.78394643601507,11.099438571143308
7685.0,224.92769057421808,361.720071948886,11.099258811361654
7686.0,224.96917223014975,361.65634243655666,11.099078995675695
7687.0,224.13991837272403,361.5926011710915,11.098899124102205
7688.0,225.2905621927021,361.52909486088583,11.098719196657964
7689.0,225.49488133170087,361.46526253493124,11.098539213359757
7690.0,226.32050996891365,361.4013723185539,11.098359174224376
7691.0,224.3890972234057,361.3372481740628,11.098179079268615
7692.0,225.5162235175976,361.2736712631828,11.097998928509273
7693.0,225.51756016423258,361.2097749998528,11.097818721963163
7694.0,225.71845203091524,361.1458783578063,11.09763845964709
7695.0,222.86050075425493,361.0819247963975,11.097458141577873
7696.0,226.34686954416182,361.0187809878505,11.097277767772331
7697.0,223.5828140609118,360.95464937481296,11.097097338247297
7698.0,225.4414050718871,360.89130091082905,11.096916853019597
7699.0,225.78969052428772,360.8274258460587,11.09673631210607
7700.0,224.10723123361993,360.7634521004102,11.096555715523559
7701.0,225.4016133537284,360.6999550515606,11.096375063288912
7702.0,224.40866332736962,360.6360912611104,11.096194355418982
7703.0,224.64936202422754,360.572508806501,11.096013591930628
7704.0,226.26786943187636,360.5088581539274,11.09583277284071
7705.0,224.94487676154168,360.44474892425507,11.0956518981661
7706.0,225.5110234301899,360.38101454250597,11.095470967923669
7707.0,225.85188928970518,360.3171197525341,11.095289982130296
7708.0,225.2005367844387,360.253128383902,11.095108940802865
7709.0,224.82773007921423,360.18932156514643,11.094927843958269
7710.0,224.76196309419393,360.12562037495735,11.094746691613397
7711.0,225.42343447246222,360.0619378187473,11.094565483785154
7712.0,225.22631374335265,359.99806784564674,11.094384220490436
7713.0,224.83710784985396,359.9342537234195,11.094202901746161
7714.0,225.7924224368481,359.87054987619535,11.094021527569245
7715.0,225.7683439175845,359.8065753565049,11.0938400979766
7716.0,225.57263840601672,359.74260765906155,11.093658612985159
7717.0,224.55845876015496,359.67869541151316,11.093477072611849
7718.0,224.68610921554526,359.6150705148645,11.093295476873605
7719.0,226.0510672035179,359.55140945058673,11.093113825787373
7720.0,224.97483793080767,359.4873616482124,11.092932119370092
7721.0,225.9194633963235,359.4236187774654,11.09275035763872
7722.0,225.27616384021556,359.3596082628364,11.092568540610205
7723.0,226.5398313270422,359.295780016415,11.092386668301517
7724.0,224.84992446730027,359.23159373087236,11.092204740729619
7725.0,225.25174269396453,359.16788625227326,11.092022757911483
7726.0,225.45695036994465,359.10406492517666,11.091840719864088
7727.0,224.660506496727,359.04018545590515,11.09165862660441
7728.0,225.588548245357,358.9765316457311,11.091476478149444
7729.0,225.03465061935518,358.91261489039493,11.091294274516178
7730.0,224.5670565400051,358.8488550727194,11.09111201572161
7731.0,226.4355442546025,358.785227740033,11.090929701782745
7732.0,226.30449312859548,358.7210710024943,11.090747332716589
7733.0,225.902324044301,358.6569513961078,11.090564908540156
7734.0,225.3408878723217,358.5929457376286,11.09038242927046
7735.0,224.7971013315078,358.5290991527315,11.090199894924533
7736.0,225.08739422765404,358.4654066406875,11.090017305519394
7737.0,226.11542641181333,358.4016318789897,11.089834661072084
7738.0,223.76533785980925,358.3375658415063,11.089651961599637
7739.0,225.60855943936414,358.27416566244597,11.0894692071191
7740.0,225.06050377514467,358.2102432372715,11.08928639764752
7741.0,223.59461801357355,358.1464760945353,11.089103533201952
7742.0,225.43023386907242,358.08312428609804,11.088920613799454
7743.0,225.38225056606842,358.0192523865018,11.088737639457092
7744.0,225.23336345080068,357.95539408217473,11.088554610191933
7745.0,225.24516502824645,357.89157796253033,11.088371526021055
7746.0,224.61830822966755,357.8277584991057,11.088188386961537
7747.0,226.12333099009547,357.7641166451073,11.088005193030462
7748.0,224.23339538351786,357.7000483679934,11.087821944244922
7749.0,225.13976369442875,357.6365155726348,11.087638640622009
7750.0,226.00420572252614,357.5727259729214,11.087455282178828
7751.0,224.66875533865655,357.5086914479666,11.087271868932481
7752.0,225.84424684825524,357.4450353006207,11.087088400900079
7753.0,224.36456614062456,357.381046097347,11.08690487809874
7754.0,224.6289182099334,357.31747613694046,11.08672130054558
7755.0,225.14908282548245,357.25383127678106,11.086537668257726
7756.0,223.65678848915027,357.1900390366472,11.086353981252312
7757.0,225.13127812856754,357.1266696132419,11.086170239546473
7758.0,225.1380315585166,357.0628824177721,11.08598644315735
7759.0,225.03135916115164,356.9990933088305,11.085802592102084
7760.0,225.46328915770673,356.93533442373484,11.085618686397835
7761.0,226.59432909707687,356.8714531584735,11.085434726061754
7762.0,225.63967199989816,356.80725143189596,11.085250711111001
7763.0,224.76289641313747,356.7433201914961,11.085066641562749
7764.0,226.29225282236112,356.6796373708456,11.084882517434163
7765.0,224.84233560297906,356.6155212325459,11.084698338742424
7766.0,222.58334544823717,356.55181590412514,11.084514105504713
7767.0,225.60278752316543,356.4887506229148,11.084329817738217
7768.0,225.73950006564348,356.4248298331165,11.084145475460126
7769.0,225.120992497106,356.36087030809796,11.083961078687638
7770.0,224.79687467668217,356.2970860268904,11.083776627437956
7771.0,224.4636551019533,356.23339357906536,11.083592121728287
7772.0,224.2815165647233,356.1697955434531,11.083407561575847
7773.0,224.75006307699243,356.10624911375976,11.083222946997848
7774.0,224.58372576975535,356.0425699292213,11.083038278011513
7775.0,224.56875685650314,355.9789378735866,11.082853554634072
7776.0,224.02989435195423,355.9153100591439,11.082668776882757
7777.0,224.6593182407983,355.85183492241083,11.082483944774804
7778.0,225.71652330181868,355.78818144890926,11.08229905832746
7779.0,224.2179388200498,355.72422843397374,11.082114117557966
7780.0,225.00734723247,355.6607000179747,11.081929122483583
7781.0,225.37109976650277,355.59694793625886,11.081744073121563
7782.0,226.27686435254103,355.53309279132503,11.081558969489173
7783.0,225.2245050495174,355.4689810130919,11.08137381160368
7784.0,224.90839379626587,355.4051674033278,11.081188599482353
7785.0,225.0359753616721,355.34144335841887,11.081003333142478
7786.0,224.37417222354512,355.2776831653997,11.080818012601332
7787.0,224.79807596848957,355.2141104832697,11.080632637876207
7788.0,223.89260082687528,355.15041769507866,11.080447208984392
7789.0,225.19213216435273,355.0869814581777,11.08026172594319
7790.0,225.73120015887784,355.0231770207311,11.080076188769903
7791.0,225.88955442962694,354.9592198473528,11.079890597481839
7792.0,225.73368307774365,354.8952178069311,11.079704952096314
7793.0,224.1141597213763,354.83125993005905,11.079519252630645
7794.0,225.6179160049002,354.767760918138,11.079333499102155
7795.0,224.34689131795338,354.70383584193667,11.079147691528172
7796.0,225.19093668907064,354.64027088939656,11.078961829926035
7797.0,225.19391463951538,354.57646679066795,11.078775914313077
7798.0,225.0759520573327,354.5126618481868,11.078589944706644
7799.0,224.48982166840167,354.4488903284372,11.078403921124083
7800.0,224.98860916626737,354.38528487896446,11.078217843582753
7801.0,225.71720953942966,354.3215381063673,11.07803171210001
7802.0,225.90694810004942,354.2575848969978,11.077845526693215
7803.0,225.21096288262183,354.1935779283695,11.077659287379742
7804.0,224.56018481572923,354.1297681555527,11.077472994176963
7805.0,224.7457571981342,354.06614276985493,11.077286647102259
7806.0,225.63246690367083,354.00246480531547,11.077100246173012
7807.0,225.7517698011159,353.93853560635944,11.076913791406609
7808.0,224.3458589768642,353.8745726049158,11.07672728282045
7809.0,225.22348431620932,353.8110079448723,11.076540720431929
7810.0,223.13116100282082,353.747194624316,11.076354104258451
7811.0,225.00751816924642,353.6839741286986,11.07616743431743
7812.0,223.80908945979687,353.6202219985507,11.075980710626276
7813.0,225.51343121372483,353.5568094232037,11.075793933202405
7814.0,224.85111284068762,353.4929139510265,11.07560710206325
7815.0,224.86107151066022,353.42920613572164,11.075420217226235
7816.0,224.99980756380353,353.3654954987936,11.075233278708792
7817.0,224.2236991725812,353.3017455533172,11.075046286528364
7818.0,226.2269463719734,353.2382155052183,11.074859240702398
7819.0,226.0476723167371,353.1741178704129,11.074672141248339
7820.0,224.33814454201377,353.1100710299231,11.07448498818364
7821.0,225.65006382763207,353.04650855563625,11.074297781525763
7822.0,225.57590647785403,352.98257437088506,11.074110521292175
7823.0,223.89266567224124,352.918661197383,11.07392320750034
7824.0,223.55194119002272,352.8552249421092,11.073735840167734
7825.0,225.39225603509664,352.79188522543876,11.073548419311836
7826.0,225.334125302185,352.7280240862288,11.073360944950135
7827.0,224.5997959709502,352.6641794173932,11.073173417100113
7828.0,226.13722145058856,352.6005428085347,11.07298583577927
7829.0,223.90146952314805,352.53647059579043,11.072798201005101
7830.0,225.86364063200122,352.4730318460922,11.072610512795116
7831.0,223.69246733078973,352.4090371479132,11.072422771166817
7832.0,224.498138363894,352.3456576155028,11.072234976137725
7833.0,225.21938926112747,352.282049809633,11.072047127725355
7834.0,225.43488518356756,352.21823764934226,11.07185922594723
7835.0,225.37738501866144,352.15436443187366,11.071671270820888
7836.0,225.2291269774524,352.09050750611834,11.07148326236385
7837.0,225.13759641356037,352.0266925868081,11.071295200593665
7838.0,225.80684491691136,351.96290360115756,11.071107085527874
7839.0,226.18193247790194,351.8989249950978,11.070918917184025
7840.0,224.84938419314446,351.834840114229,11.070730695579673
7841.0,225.7479868532255,351.77113278870763,11.070542420732378
7842.0,225.55540792478067,351.7071708590992,11.070354092659706
7843.0,226.29411512858997,351.6432634935206,11.070165711379218
7844.0,223.72468799227133,351.5791468275674,11.069977276908494
7845.0,225.07239262171908,351.51575816596966,11.069788789265115
7846.0,225.2317646304883,351.4519876547268,11.06960024846666
7847.0,224.67798857837698,351.3881719880815,11.069411654530718
7848.0,225.27591087042057,351.32451322465096,11.069223007474886
7849.0,224.937875973377,351.2606850499043,11.06903430731676
7850.0,224.7215790860501,351.19695265171185,11.068845554073945
7851.0,225.41820920787256,351.13328153763746,11.06865674776405
7852.0,224.58404889641915,351.06941304502857,11.068467888404687
7853.0,224.93968405918565,351.0057808978413,11.068278976013477
7854.0,225.51609120079635,350.94204798735785,11.068090010608039
7855.0,225.36463199337246,350.8781517615176,11.067900992206006
7856.0,224.59001294954854,350.8142984491195,11.06771192082501
7857.0,225.5313240882322,350.7506646121171,11.067522796482688
7858.0,224.41197983480714,350.6867640702921,11.067333619196685
7859.0,225.19660165471163,350.6231806760056,11.067144388984648
7860.0,225.3804633159702,350.55937497220344,11.06695510586423
7861.0,225.63663054457322,350.4955171742639,11.066765769853088
7862.0,225.34014664567988,350.43158679560963,11.066576380968888
7863.0,225.74309241220823,350.36774042072665,11.066386939229297
7864.0,224.6689243517196,350.3037798778765,11.066197444651987
7865.0,224.58394368481754,350.24012368264357,11.066007897254636
7866.0,224.95375304360994,350.1764915652662,11.065818297054927
7867.0,224.83536538032763,350.11275466857046,11.065628644070545
7868.0,223.98382026139308,350.0490513150461,11.065438938319186
7869.0,225.725901568829,349.98558923263863,11.065249179818547
7870.0,224.58130962657071,349.9216335605275,11.06505936858633
7871.0,225.58972200396747,349.8580021894666,11.06486950464024
7872.0,225.013373150305,349.7940851015655,11.064679587997993
7873.0,224.0655971461679,349.7303313125063,11.064489618677305
7874.0,224.86886496575465,349.66684605998154,11.064299596695896
7875.0,225.338489431932,349.60313321490787,11.064109522071496
7876.0,224.56122560011008,349.5392873095688,11.063919394821834
7877.0,224.54893263207873,349.47566162898215,11.06372921496465
7878.0,225.73308750528474,349.41203943140306,11.06353898251768
7879.0,224.40752671924534,349.3480817232765,11.063348697498679
7880.0,225.4273208455707,349.2844995907061,11.063158359925392
7881.0,225.09181895489903,349.22062851646655,11.062967969815576
7882.0,225.15799131075985,349.15685250109595,11.062777527186995
7883.0,225.59016993305028,349.0930577368913,11.062587032057415
7884.0,225.53960882900535,349.02914052207683,11.062396484444605
7885.0,225.02201249986345,348.96523763290867,11.062205884366342
7886.0,223.4552150606251,348.9014813960337,11.062015231840407
7887.0,224.9397833959449,348.8381690850999,11.061824526884587
7888.0,225.35292493230529,348.77443614647103,11.061633769516671
7889.0,225.44032437871846,348.7105861510736,11.061442959754453
7890.0,225.30118503113823,348.6467113924996,11.061252097615737
7891.0,226.15523874061182,348.58287605674076,11.061061183118326
7892.0,224.37643961992958,348.5187987390976,11.060870216280033
7893.0,225.1737419840687,348.4552254145386,11.060679197118672
7894.0,225.8344945297066,348.39142618764316,11.06048812565206
7895.0,224.7276980048868,348.32743974752634,11.060297001898023
7896.0,225.76867079463887,348.2637668997583,11.060105825874395
7897.0,224.84070044469632,348.1997991096998,11.059914597599004
7898.0,225.32309929931046,348.1360942445738,11.059723317089695
7899.0,224.13879099286046,348.0722526997724,11.05953198436431
7900.0,224.93670534098152,348.00874670899105,11.0593405994407
7901.0,224.57523438252804,347.94501464247776,11.059149162336718
7902.0,226.27943260576595,347.881384992736,11.058957673070221
7903.0,225.82825198591476,347.8172724868311,11.058766131659077
7904.0,224.06649559274808,347.7532878154351,11.05857453812115
7905.0,225.58831127772248,347.68980230835047,11.058382892474315
7906.0,224.00720417958576,347.6258856201551,11.058191194736454
7907.0,224.1809553188617,347.56241691230423,11.057999444925446
7908.0,225.64871992378812,347.4988989749638,11.057807643059181
7909.0,225.2950158376216,347.43496517098544,11.057615789155555
7910.0,224.78332174000255,347.37113158316475,11.05742388323246
7911.0,226.13283254482107,347.3074429753384,11.057231925307802
7912.0,225.23170997076568,347.2433720061174,11.057039915399486
7913.0,225.36643894801443,347.17955635495895,11.05684785352543
7914.0,222.7579844485538,347.11570253059034,11.056655739703546
7915.0,224.87356274485919,347.05258776832994,11.056463573951756
7916.0,224.98441116485762,346.98887359221897,11.05627135628799
7917.0,224.7777472558767,346.9251280090555,11.05607908673018
7918.0,224.87194993523195,346.8614409806664,11.055886765296261
7919.0,224.8454238423744,346.797727261518,11.055694392004174
7920.0,226.19270885982417,346.73402105809606,11.055501966871867
7921.0,223.94597904780193,346.6699331239191,11.055309489917292
7922.0,224.736432738486,346.6064817631889,11.055116961158399
7923.0,226.08019711449302,346.5428064405797,11.054924380613157
7924.0,223.42290035165382,346.4787503847305,11.054731748299526
7925.0,224.73854758777873,346.4154472296309,11.05453906423548
7926.0,225.28303217610448,346.3517713078144,11.05434632843899
7927.0,224.62303212732385,346.2879411153645,11.05415354092804
7928.0,225.22249269283523,346.2242979229284,11.053960701720612
7929.0,223.64595125489151,346.16048488333206,11.053767810834701
7930.0,224.85028064167602,346.0971185304765,11.053574868288296
7931.0,224.5714379769485,346.03341095096135,11.053381874099397
7932.0,225.41760445249443,345.96978237686795,11.053188828286013
7933.0,223.85698494074072,345.90591405560633,11.052995730866149
7934.0,225.7451968790466,345.84248790987317,11.05280258185782
7935.0,224.9879891201962,345.7785267707574,11.05260938127904
7936.0,224.74015487653423,345.71478017384,11.052416129147844
7937.0,224.27087115467444,345.651103796625,11.052222825482248
7938.0,224.891393954693,345.58756038313123,11.052029470300294
7939.0,225.71120067292745,345.5238411548441,11.051836063620014
7940.0,225.17472170137023,345.45988964798676,11.051642605459453
7941.0,225.1562177880941,345.39609014350464,11.05144909583666
7942.0,225.03613679459724,345.332295881798,11.051255534769686
7943.0,225.42273981272115,345.26853564303957,11.051061922276586
7944.0,225.58461932968962,345.2046658667593,11.050868258375425
7945.0,224.88523675082624,345.1407502246159,11.050674543084272
7946.0,224.0354029672789,345.0770327408698,11.05048077642119
7947.0,224.0127525821191,345.0135560433624,11.050286958404264
7948.0,225.46300850824463,344.95008576346413,11.05009308905157
7949.0,224.7832530482871,344.8862045777201,11.049899168381197
7950.0,223.435872056314,344.8225159893565,11.049705196411233
7951.0,226.49415869807476,344.7592091589405,11.049511173159775
7952.0,226.13083992319184,344.69503581397606,11.049317098644924
7953.0,225.70612456877825,344.63096540933117,11.049122972884783
7954.0,226.17140914810108,344.56701534070334,11.048928795897462
7955.0,225.63195613678005,344.50293344144467,11.048734567701077
7956.0,224.92563783570293,344.43900438720596,11.048540288313747
7957.0,224.78960940003674,344.37527545648584,11.048345957753597
7958.0,226.31585426593992,344.3115850671558,11.048151576038752
7959.0,225.44023569552934,344.24746224178045,11.047957143187352
7960.0,223.8621923540811,344.18358750833335,11.047762659217529
7961.0,224.69808365515462,344.12015988716644,11.04756812414743
7962.0,224.92179873759116,344.0564954301307,11.047373537995202
7963.0,225.0904043933553,343.9927675871551,11.047178900779002
7964.0,223.89811425778564,343.92899197257697,11.04698421251698
7965.0,224.80154409177283,343.86555417353725,11.046789473227301
7966.0,226.27705718726358,343.8018604027113,11.046594682928133
7967.0,223.73258589014634,343.73774856984153,11.04639984163765
7968.0,224.8193561639242,343.67435767050597,11.046204949374026
7969.0,224.69934159398196,343.61065885292624,11.04601000615544
7970.0,224.616444704812,343.54699403947455,11.045815012000082
7971.0,224.64118842904563,343.4833527134749,11.045619966926141
7972.0,224.1746221427485,343.4197043767533,11.045424870951814
7973.0,223.57299704230337,343.35618823381293,11.045229724095298
7974.0,224.47041773467757,343.29284255131756,11.045034526374804
7975.0,226.46396789470992,343.2292425996261,11.044839277808537
7976.0,224.1062920779641,343.1650778087226,11.044643978414712
7977.0,224.37641912035733,343.10158102596716,11.04444862821155
7978.0,224.3169675410331,343.03800770721637,11.044253227217272
7979.0,225.001711821874,342.9744512330798,11.04405777545011
7980.0,224.40516772539263,342.9107007480635,11.043862272928298
7981.0,223.91968574701625,342.84711928387475,11.043666719670071
7982.0,225.11043134366903,342.783675372913,11.043471115693675
7983.0,224.75857547850322,342.7198940840324,11.043275461017355
7984.0,227.72068274779843,342.65621248764677,11.043079755659367
7985.0,225.64413776510244,342.59169162753494,11.042883999637965
7986.0,225.99766129463703,342.5277591218348,11.042688192971411
7987.0,225.00343667504472,342.4637264511346,11.04249233567797
7988.0,225.19744241558487,342.39997547741,11.042296427775922
7989.0,224.59076107233847,342.33616953539223,11.042100469283533
7990.0,226.51982893163344,342.27253548642176,11.041904460219088
7991.0,225.14589960870944,342.2083548682245,11.041708400600873
7992.0,223.91055133659233,342.144563530002,11.041512290447178
7993.0,223.1258980025942,342.0811222071233,11.041316129776297
7994.0,224.35012614410252,342.01790320268924,11.041119918606528
7995.0,225.96477490268032,341.9543373336151,11.04092365695618
7996.0,224.31116183741406,341.890313980726,11.040727344843557
7997.0,224.472291542018,341.82675915153874,11.04053098228698
7998.0,224.92529592871165,341.7631586689351,11.040334569304758
7999.0,225.1598407546142,341.69942983508867,11.04013810591522
8000.0,222.8341961097476,341.6356345468749,11.039941592136694
8001.0,226.01063377573442,341.57249819131044,11.039745027987511
8002.0,225.15715099679497,341.50846184507395,11.039548413486008
8003.0,224.89524497822032,341.44466731895824,11.039351748650526
8004.0,224.6504387018183,341.3809469995477,11.039155033499418
8005.0,226.67350164081373,341.3172960419156,11.038958268051026
8006.0,223.3440939279431,341.25307188311734,11.038761452323714
8007.0,225.42003476985573,341.1897910565044,11.03856458633584
8008.0,226.13287413648123,341.125922046653,11.038367670105767
8009.0,227.10332939487802,341.06185106564766,11.038170703651867
8010.0,225.86460426958453,340.99750512231907,11.037973686992517
8011.0,224.58320777921168,340.9335101511093,11.037776620146092
8012.0,225.66294731573393,340.86987824223854,11.037579503130981
8013.0,226.53682919323978,340.8059404071658,11.037382335965567
8014.0,226.2722571783988,340.7417549722277,11.037185118668251
8015.0,225.16585637242272,340.6776444993605,11.036987851257427
8016.0,225.23292222766742,340.6138475067216,11.036790533751496
8017.0,225.2152180371967,340.5500315120904,11.036593166168869
8018.0,226.07372806475323,340.4862205336466,11.036395748527957
8019.0,225.74874425312632,340.4221663106949,11.036198280847177
8020.0,224.49742336954716,340.3582041664898,11.03600076314495
8021.0,226.2566626008525,340.29459656320176,11.035803195439701
8022.0,225.13280379487838,340.2304905087982,11.035605577749866
8023.0,226.0974999439147,340.1667028810563,11.035407910093877
8024.0,225.4108162494311,340.1026419227389,11.035210192490172
8025.0,224.00412885474626,340.03877552480145,11.0350124249572
8026.0,224.9809291147551,339.9753076882927,11.03481460751341
8027.0,225.32094182371824,339.91156309171015,11.034616740177253
8028.0,225.83562511519006,339.84772215819345,11.03441882296719
8029.0,225.00295178948164,339.7837353977441,11.034220855901685
8030.0,225.79778558667365,339.71998456140375,11.034022838999206
8031.0,224.69624912912658,339.6560085221542,11.033824772278226
8032.0,225.55238316060706,339.59234458490096,11.033626655757221
8033.0,225.03831541040395,339.5284380763388,11.033428489454675
8034.0,224.58225104217615,339.4646772203058,11.033230273389071
8035.0,225.02427674688775,339.4010455825105,11.033032007578903
8036.0,224.75451474628068,339.33728870409885,11.032833692042672
8037.0,225.54404943079186,339.2736082582541,11.03263532679887
8038.0,225.0948340407215,339.20970411091537,11.032436911866009
8039.0,225.73319154854474,339.1459272412705,11.032238447262595
8040.0,225.82764047359865,339.0819695036651,11.032039933007143
8041.0,225.09388047610588,339.01798500553093,11.031841369118174
8042.0,225.5250690425987,338.95420840606266,11.03164275561421
8043.0,224.95847792160552,338.89030963650066,11.03144409251378
8044.0,224.16238031991534,338.8265714010895,11.031245379835418
8045.0,226.54296393935084,338.7630587266655,11.03104661759766
8046.0,224.39824151095817,338.6988715535494,11.030847805819052
8047.0,224.2415319957129,338.6352920517879,11.030648944518136
8048.0,224.53825276483187,338.5717569510558,11.030450033713466
8049.0,226.0317051344206,338.5081377794391,11.0302510734236
8050.0,225.450372954841,338.4440954629843,11.030052063667094
8051.0,224.4142918085527,338.3802178573138,11.029853004462518
8052.0,224.59131294481654,338.31663380796806,11.029653895828442
8053.0,225.31296421197175,338.2529996026337,11.029454737783437
8054.0,225.68922398541508,338.1891609294403,11.029255530346086
8055.0,225.59155369728222,338.1252156493111,11.029056273534973
8056.0,224.50472380903744,338.06129804243017,11.028856967368682
8057.0,223.61656407180203,337.99768837068433,11.028657611865809
8058.0,225.2051065914867,337.9343303441973,11.028458207044952
8059.0,224.97779980846607,337.87052223066297,11.028258752924712
8060.0,225.1087789730694,337.80677852071733,11.028059249523697
8061.0,225.29543577324475,337.74299770000823,11.02785969686052
8062.0,224.69898508048612,337.6791639932058,11.027660094953795
8063.0,225.76259385287455,337.6154992807663,11.027460443822143
8064.0,225.05578069555781,337.55153321250805,11.027260743484188
8065.0,225.4199282607673,337.4877674079776,11.027060993958564
8066.0,225.9789867774763,337.42389842830374,11.0268611952639
8067.0,224.06404019629173,337.3598710487168,11.026661347418838
8068.0,224.46493950511928,337.29638623732785,11.02646145044202
8069.0,224.7323323512757,337.2327878378014,11.026261504352098
8070.0,226.33649302944806,337.1691136769685,11.026061509167722
8071.0,224.3336978264577,337.1049850039435,11.02586146490755
8072.0,223.82431693263356,337.0414237895593,11.025661371590243
8073.0,224.01269405634258,336.97800689976174,11.025461229234466
8074.0,224.01188673216714,336.9145366364458,11.025261037858892
8075.0,224.1074842670199,336.85106660187165,11.0250607974822
8076.0,225.59323233584865,336.78756948132934,11.024860508123066
8077.0,224.9421034753212,336.72365139883414,11.024660169800175
8078.0,224.50838564416986,336.6599178028495,11.024459782532217
8079.0,225.30906610853245,336.5963070935836,11.024259346337887
8080.0,224.75070233038898,336.53246952485284,11.024058861235885
8081.0,223.08607029150735,336.4687901591926,11.023858327244909
8082.0,225.3041333583953,336.4055824392767,11.023657744383671
8083.0,224.5242962504107,336.3417462681585,11.023457112670881
8084.0,225.8635178652491,336.2781310508875,11.023256432125255
8085.0,224.8766914425535,336.2141363874924,11.023055702765518
8086.0,223.77595356008268,336.150421324917,11.022854924610394
8087.0,223.8916955491435,336.08701813807494,11.02265409767861
8088.0,225.14152593209485,336.0235821576694,11.022453221988906
8089.0,224.59914165909495,335.95979205865524,11.02225229756002
8090.0,225.61416319831,335.8961556351852,11.022051324410693
8091.0,224.92115206753303,335.832231622279,11.021850302559677
8092.0,224.93191945280014,335.7685039625265,11.021649232025727
8093.0,225.99235426029608,335.70477325201495,11.021448112827594
8094.0,225.57475065733018,335.6407420849745,11.021246944984046
8095.0,225.6832324828731,335.5768292389549,11.02104572851385
8096.0,225.40342463075208,335.51288565641806,11.020844463435772
8097.0,224.54068581280634,335.44902135277266,11.02064314976859
8098.0,225.77119435149726,335.38540149179244,11.02044178753109
8099.0,223.73674663748116,335.32143298672617,11.02024037674205
8100.0,224.51623004898212,335.2580409085122,11.020038917420262
8101.0,223.7315989584877,335.19442797666494,11.019837409584518
8102.0,226.00474425606228,335.1310373569601,11.01963585325362
8103.0,225.64714549952188,335.0670026794208,11.019434248446368
8104.0,224.51281461903318,335.0030693215293,11.01923259518157
8105.0,224.95888984931983,334.9394573573872,11.01903089347804
8106.0,225.50041171761094,334.87571900526325,11.018829143354594
8107.0,224.88718338240292,334.8118272219433,11.018627344830055
8108.0,225.28999636637167,334.7481091866516,11.018425497923241
8109.0,225.76337681786003,334.68427702101445,11.01822360265299
8110.0,225.82421808649067,334.62031073091606,11.018021659038133
8111.0,224.66343660670384,334.55632720245825,11.01781966709751
8112.0,223.99878835979464,334.49267256208634,11.017617626849963
8113.0,225.19310454009852,334.4292062387177,11.017415538314342
8114.0,224.74034861141902,334.3654015257647,11.017213401509503
8115.0,226.91290642913057,334.30172509365815,11.017011216454295
8116.0,224.747904273543,334.23743310350324,11.016808983167587
8117.0,224.6084132139118,334.1737545306257,11.016606701668241
8118.0,224.15812352842872,334.1101154802151,11.01640437197513
8119.0,225.72851630793988,334.04660401188204,11.016201994107126
8120.0,224.37599719253734,333.98264759892817,11.015999568083112
8121.0,224.36261056995426,333.91907439972357,11.015797093921972
8122.0,224.15006994358714,333.85550499339547,11.015594571642591
8123.0,225.44213823615786,333.79199580691136,11.015392001263866
8124.0,226.24856060422064,333.7281205344111,11.015189382804696
8125.0,226.31057105464308,333.6640167755733,11.014986716283977
8126.0,224.2716184843882,333.5998954471078,11.01478400172062
8127.0,225.03435245331895,333.5363518218706,11.014581239133534
8128.0,224.72563728717577,333.47259208867547,11.014378428541635
8129.0,223.496035705404,333.4089198247774,11.014175569963847
8130.0,224.39673429444105,333.3455959479942,11.01397266341909
8131.0,223.78950884862738,333.2820168732774,11.013769708926292
8132.0,224.6146096783631,333.21860984577035,11.013566706504387
8133.0,225.80916074320777,333.1549690396948,11.013363656172316
8134.0,223.4266537325425,333.0909897774842,11.013160557949021
8135.0,224.43190712347436,333.0276855589267,11.01295741185345
8136.0,225.35778027162868,332.96409651857505,11.012754217904545
8137.0,224.22911943729824,332.900245147498,11.012550976121274
8138.0,224.64525419843665,332.83671356365744,11.01234768652259
8139.0,224.44741854820273,332.7730640749679,11.01214434912746
8140.0,224.49174645466414,332.7094706397126,11.011940963954853
8141.0,225.8098400246092,332.6458646448838,11.01173753102374
8142.0,226.76694722378357,332.58188519021013,11.011534050353106
8143.0,227.1918704235542,332.5176345551634,11.011330521961924
8144.0,223.42065013210595,332.45326352521005,11.01112694586919
8145.0,225.28750539390057,332.3899610076726,11.01092332209389
8146.0,226.60081143574496,332.32612954781104,11.010719650655021
8147.0,225.7276948371991,332.26192598457084,11.01051593157158
8148.0,225.46596353034602,332.197969804367,11.010312164862581
8149.0,225.29214114259486,332.13408778136676,11.010108350547025
8150.0,225.04343658918071,332.070255008043,11.00990448864393
8151.0,225.1907995559538,332.00649270100945,11.00970057917231
8152.0,226.36232632987225,331.94268864113525,11.00949662215119
8153.0,225.0910342846371,331.8785526486751,11.009292617599598
8154.0,225.36170183015255,331.81477685562777,11.009088565536565
8155.0,224.54965912886982,331.75092437344256,11.008884465981122
8156.0,225.48598327593226,331.6873019700227,11.008680318952317
8157.0,225.43167558634065,331.6234142747612,11.00847612446919
8158.0,224.61563963209372,331.5595419666784,11.008271882550792
8159.0,225.0236709050108,331.49590086878266,11.008067593216174
8160.0,224.87040057503728,331.43214416202625,11.007863256484395
8161.0,226.2445331340347,331.3684308818633,11.007658872374519
8162.0,224.57774828947714,331.30432826414193,11.007454440905613
8163.0,223.9634593922222,331.24069790212667,11.007249962096743
8164.0,225.19593274142483,331.17724158863217,11.007045435966992
8165.0,225.4874132295531,331.11343607435543,11.006840862535437
8166.0,224.7942142353354,331.0495479739404,11.00663624182116
8167.0,224.44129896044714,330.98585627990707,11.006431573843255
8168.0,224.4927682428106,330.9222645785349,11.006226858620812
8169.0,224.14005890357012,330.8586582941994,11.006022096172927
8170.0,224.7086064968358,330.7951519441767,11.005817286518704
8171.0,226.11399830435758,330.7314845056693,11.00561242967725
8172.0,226.02121353330486,330.6674188728164,11.005407525667676
8173.0,224.2972823812733,330.603379528982,11.005202574509097
8174.0,225.45974063095505,330.53982863230726,11.004997576220632
8175.0,225.44230194401908,330.47594837246186,11.004792530821407
8176.0,222.83580180442598,330.4120730535777,11.004587438330546
8177.0,225.71550487947093,330.3489362430665,11.004382298767188
8178.0,225.92584259937945,330.28498351668395,11.004177112150467
8179.0,225.67594102623042,330.2209711946141,11.003971878499524
8180.0,226.03189960614458,330.15702967799007,11.003766597833506
8181.0,225.41452227939934,330.09298730643496,11.003561270171565
8182.0,224.55089425938684,330.02911985845583,11.003355895532852
8183.0,225.42596848348353,329.96549710508236,11.003150473936532
8184.0,224.29770096196216,329.90162641401196,11.002945005401761
8185.0,225.87622106234443,329.8380753987395,11.002739489947714
8186.0,225.49304319084067,329.7740771361051,11.00253392759356
8187.0,224.74708053087042,329.7101874405344,11.002328318358476
8188.0,224.03182009732163,329.64650910105064,11.002122662261643
8189.0,224.55213024477314,329.58303341868975,11.001916959322246
8190.0,226.44567724985677,329.5194103151204,11.001711209559478
8191.0,224.71679555502317,329.4552507065663,11.001505412992527
8192.0,225.9124713273209,329.39158094782573,11.001299569640597
8193.0,226.77685220798529,329.327572414283,11.001093679522892
8194.0,225.44124704137923,329.263318972824,11.000887742658612
8195.0,225.9715445629897,329.199443952829,11.000681759066978
8196.0,225.6104344892248,329.13541868186945,11.000475728767197
8197.0,224.46461502234547,329.07149572543085,11.000269651778495
8198.0,224.394515500899,329.0078974178412,11.000063528120098
8199.0,224.93443618042366,328.9443189717826,10.99985735781123
8200.0,226.05770954526153,328.88058754819815,10.999651140871128
8201.0,226.586250428682,328.816537863827,10.999444877319027
8202.0,224.77741311831537,328.75233842620554,10.99923856717417
8203.0,225.10509348347907,328.6886514924887,10.999032210455807
8204.0,226.16166215076206,328.62487171600173,10.998825807183188
8205.0,225.07596713766165,328.5607925783924,10.998619357375562
8206.0,226.10949965591817,328.49702105437,10.998412861052195
8207.0,226.03371558731212,328.43295669613417,10.998206318232349
8208.0,223.81562555696738,328.3689138100511,10.997999728935289
8209.0,224.7435195570643,328.30549938281,10.997793093180293
8210.0,223.66347513682945,328.24182205226884,10.997586410986635
8211.0,224.7675394223515,328.1784507343134,10.997379682373598
8212.0,222.83009221163627,328.1147665981438,10.997172907360463
8213.0,225.14731814462775,328.05163140535046,10.996966085966523
8214.0,223.82047042373807,327.9878396652095,10.996759218211073
8215.0,225.57803321372978,327.9244238652561,10.996552304113411
8216.0,225.84480966621226,327.86051008917883,10.99634534369284
8217.0,225.67886279033644,327.79652072644006,10.996138336968665
8218.0,224.5054746187345,327.7325783819828,10.9959312839602
8219.0,225.023433652957,327.66896849750754,10.99572418468676
8220.0,226.1586176199057,327.6052118579725,10.995517039167664
8221.0,224.9843706788085,327.5411335829802,10.995309847422236
8222.0,224.0541387692113,327.47738801128787,10.995102609469809
8223.0,224.0602555026409,327.4139060053032,10.99489532532971
8224.0,225.3817065670469,327.35042226624415,10.99468799502128
8225.0,225.2954085858669,327.28656411605016,10.99448061856386
8226.0,225.21540921317788,327.2227304169508,10.994273195976797
8227.0,224.10344636810052,327.15891938434044,10.994065727279441
8228.0,224.96159025812082,327.0954234078695,10.993858212491144
8229.0,225.69991415503358,327.0316842906297,10.993650651631269
8230.0,224.61708492665693,326.9677359816191,10.993443044719175
8231.0,225.66945225912195,326.9040944742232,10.993235391774231
8232.0,223.9232645589728,326.8401547960831,10.99302769281581
8233.0,224.89315978605114,326.7767098711247,10.992819947863287
8234.0,224.67831038162723,326.7129901425187,10.992612156936042
8235.0,224.44247410882667,326.6493312879105,10.99240432005346
8236.0,225.3889779331995,326.58573925357973,10.992196437234933
8237.0,225.1939946106263,326.5218790431653,10.991988508499848
8238.0,225.93614711480473,326.4580740780256,10.991780533867606
8239.0,225.08199809722265,326.3940588363431,10.991572513357609
8240.0,224.8110513644589,326.33028560354893,10.99136444698926
8241.0,223.3295840368808,326.2665891389956,10.991156334781975
8242.0,224.8639735069767,326.20331242351847,10.990948176755165
8243.0,224.34886033133606,326.13960096435824,10.990739972928248
8244.0,226.1782234021537,326.076035453931,10.990531723320649
8245.0,225.89956561055618,326.0119516239671,10.990323427951795
8246.0,226.42586740364908,325.9479467470441,10.990115086841119
8247.0,225.07041451751627,325.88379275127977,10.989906700008051
8248.0,225.37455563720377,325.82002280049977,10.98969826747204
8249.0,224.62946066659518,325.75616667640253,10.989489789252524
8250.0,225.2100408563664,325.69252166254705,10.989281265368955
8251.0,225.2301325332007,325.62871215097107,10.989072695840784
8252.0,224.11314907187756,325.5648969467533,10.988864080687469
8253.0,224.07856080866742,325.50139822118297,10.988655419928472
8254.0,224.71260052575957,325.43790929562044,10.98844671358326
8255.0,225.29829480391635,325.3742407254715,10.988237961671299
8256.0,225.77448824295797,325.31040620861046,10.988029164212067
8257.0,225.0799075441954,325.2464367702749,10.98782032122504
8258.0,223.8787281036185,325.1826641298041,10.987611432729704
8259.0,226.11359936998406,325.119231823508,10.987402498745542
8260.0,225.57013159968827,325.0551663036866,10.987193519292049
8261.0,224.98237738769708,324.9912547664,10.98698449438872
8262.0,225.96874310115598,324.9275097594735,10.98677542405505
8263.0,224.94720285964675,324.8634852822615,10.98656630831055
8264.0,224.90302464541236,324.79975024145125,10.986357147174722
8265.0,225.0343464557269,324.7360277178018,10.986147940667081
8266.0,224.51159167417237,324.67226798630594,10.985938688807147
8267.0,225.7833387926985,324.6086563686649,10.985729391614436
8268.0,225.3316028766242,324.5446844226737,10.985520049108473
8269.0,223.32256749963543,324.4808404685253,10.985310661308793
8270.0,225.98113829670524,324.4175657410671,10.985101228234923
8271.0,225.00847109923424,324.35353775188304,10.984891749906405
8272.0,225.4981851178117,324.28978535173826,10.984682226342779
8273.0,224.810221878797,324.2258941992881,10.984472657563593
8274.0,224.96707804987776,324.1621979697558,10.984263043588397
8275.0,225.1079151206532,324.0984572976417,10.984053384436745
8276.0,223.88799147347106,324.0346767216908,10.983843680128196
8277.0,224.35422088768053,323.9712417907734,10.983633930682313
8278.0,225.26174476636254,323.90767476152183,10.983424136118664
8279.0,224.86470767189323,323.84385060050477,10.983214296456818
8280.0,225.91898485564053,323.78013893333105,10.983004411716355
8281.0,225.64713894556164,323.7161285542886,10.982794481916851
8282.0,223.59910728608094,323.652195198254,10.982584507077892
8283.0,224.25536810604024,323.5888421178563,10.982374487219069
8284.0,224.15046527985302,323.5253030968929,10.98216442235997
8285.0,225.1514076476592,323.46179379839697,10.981954312520195
8286.0,225.9965578427853,323.3980008995635,10.981744157719342
8287.0,224.88741076110534,323.33396854150794,10.981533957977017
8288.0,225.0070888255026,323.27025044179237,10.981323713312833
8289.0,224.64248557708365,323.20649843329176,10.9811134237464
8290.0,225.78949973965527,323.14284972904494,10.980903089297335
8291.0,225.1065875652211,323.07887603745206,10.980692709985261
8292.0,223.07585274617614,323.0150958376419,10.980482285829805
8293.0,225.977136092612,322.9518910126971,10.980271816850596
8294.0,225.84186420618585,322.88786415747086,10.980061303067272
8295.0,225.6539053899842,322.8238756292792,10.979850744499466
8296.0,224.04627875812858,322.75994035608534,10.979640141166824
8297.0,223.92915583248893,322.6964605771039,10.979429493088992
8298.0,225.7134066205576,322.6330139829513,10.979218800285624
8299.0,226.7677620977204,322.5690618510755,10.979008062776371
8300.0,226.0358413742407,322.5048109851478,10.978797280580896
8301.0,224.8921234434611,322.4407674967585,10.978586453718858
8302.0,225.12288442628497,322.37704806178283,10.978375582209932
8303.0,224.20284807640024,322.3132632445287,10.978164666073784
8304.0,223.8525942244961,322.24973910424035,10.977953705330092
8305.0,224.02361353925744,322.1863142025435,10.977742699998538
8306.0,224.72859106173894,322.122840845374,10.977531650098804
8307.0,225.029093157772,322.0591677445732,10.977320555650579
8308.0,223.44369600827534,321.9954095015118,10.977109416673558
8309.0,225.07078676712948,321.9321004543095,10.976898233187438
8310.0,224.96454767281676,321.8683303980588,10.976687005211916
8311.0,223.72571502705716,321.80459044288483,10.976475732766701
8312.0,224.31178249001906,321.74120149029375,10.976264415871501
8313.0,225.29277620377144,321.67764648525497,10.97605305454603
8314.0,224.19688728769472,321.6138135319972,10.975841648810004
8315.0,224.4145338227209,321.5502910805991,10.975630198683149
8316.0,224.8159384699677,321.48670696268266,10.975418704185186
8317.0,226.3936804467552,321.42300911344944,10.97520716533585
8318.0,225.15907902577632,321.35886423732296,10.97499558215487
8319.0,224.84697265166764,321.2950691649323,10.974783954661989
8320.0,225.39878154460462,321.23136252268097,10.974572282876947
8321.0,224.90323362677162,321.1674995345766,10.974360566819493
8322.0,225.53341925201678,321.10377695171576,10.974148806509374
8323.0,224.4588827491777,321.03987581626103,10.97393700196635
8324.0,224.9801262039335,320.9762791328154,10.973725153210175
8325.0,225.0751695627712,320.91253476372435,10.973513260260614
8326.0,224.47097398424984,320.8487634656815,10.973301323137436
8327.0,224.0338183278817,320.785163356386,10.97308934186041
8328.0,225.56021402134698,320.7216871078598,10.972877316449312
8329.0,225.54103283646447,320.65777838055374,10.972665246923924
8330.0,225.11490792547505,320.59387508791673,10.972453133304029
8331.0,224.77877727841081,320.5300925306712,10.972240975609411
8332.0,223.83833251575484,320.4664052104423,10.972028773859867
8333.0,226.29554067482587,320.40298434956287,10.97181652807519
8334.0,224.84197476932334,320.33886727970497,10.971604238275182
8335.0,225.1262844040911,320.2751620535204,10.971391904479646
8336.0,224.96755002267895,320.2113762729392,10.97117952670839
8337.0,225.4297888078947,320.1476354670994,10.970967104981229
8338.0,224.43019130280268,320.0837636936039,10.970754639317978
8339.0,225.12205634157345,320.02017513940143,10.970542129738456
8340.0,224.69860721897342,319.9563905567713,10.970329576262491
8341.0,224.95760000680872,319.8927259513926,10.970116978909912
8342.0,225.97238889342896,319.82898796472404,10.969904337700548
8343.0,226.13479359570684,319.7649624545375,10.969691652654243
8344.0,226.01732149044423,319.7008909296854,10.96947892379083
8345.0,225.86324389983048,319.6368526885965,10.969266151130158
8346.0,224.602967282873,319.57285810282485,10.969053334692079
8347.0,225.00025392085178,319.509220595428,10.968840474496442
8348.0,225.00933724457357,319.4454705234838,10.968627570563106
8349.0,225.53748402232293,319.3817178779312,10.968414622911936
8350.0,224.65731516898956,319.3178155907915,10.968201631562794
8351.0,223.82295865370486,319.25416268482695,10.96798859653555
8352.0,225.2896061496666,319.190746179875,10.967775517850079
8353.0,223.9327136456458,319.1269141247993,10.967562395526256
8354.0,225.32082347324993,319.06346652259975,10.967349229583968
8355.0,225.93933721387873,318.99962562261567,10.9671360200431
8356.0,224.02619445304111,318.93560947707175,10.966922766923537
8357.0,224.7033569842402,318.87213538864336,10.966709470245178
8358.0,225.8000970766856,318.8084694374978,10.966496130027918
8359.0,224.87298426538004,318.7444927433261,10.966282746291665
8360.0,224.8528965516943,318.6807787311176,10.96606931905632
8361.0,224.46267974945138,318.6170704104279,10.965855848341794
8362.0,225.0227364682283,318.5534726511656,10.965642334168004
8363.0,225.21427894300672,318.4897162091662,10.965428776554866
8364.0,224.65240898464185,318.425905496799,10.965215175522307
8365.0,224.77965838477846,318.36225398092006,10.965001531090246
8366.0,224.55126483566917,318.29856641104436,10.96478784327862
8367.0,225.18803777265202,318.2349435526743,10.964574112107362
8368.0,224.41730900924807,318.17114027530533,10.96436033759641
8369.0,226.1342864646933,318.107555371086,10.964146519765707
8370.0,224.55677533879327,318.043483989921,10.963932658635203
8371.0,224.92299874238282,317.97985957024173,10.963718754224844
8372.0,225.50494389256826,317.91613138726467,10.963504806554587
8373.0,225.40631609457193,317.8522383198285,10.963290815644392
8374.0,223.3989983095446,317.78837319693497,10.963076781514221
8375.0,226.0174558641523,317.7250768140806,10.96286270418404
8376.0,224.58780264758894,317.66103853491904,10.962648583673822
8377.0,226.36350067193408,317.5974053241689,10.962434420003541
8378.0,225.2374328326869,317.5332689989785,10.962220213193179
8379.0,224.09154729704065,317.4694517263426,10.962005963262715
8380.0,225.4017307755068,317.40595912127503,10.961791670232136
8381.0,225.7056897343064,317.3420952975554,10.961577334121436
8382.0,225.76021475875638,317.27814535213065,10.96136295495061
8383.0,224.70467647102706,317.21417995794894,10.961148532739657
8384.0,225.41507789432083,317.1505136329489,10.96093406750858
8385.0,226.13009584310038,317.08664602754544,10.960719559277385
8386.0,225.3349803607112,317.0225758337233,10.960505008066084
8387.0,225.72508312343348,316.9587309226211,10.960290413894693
8388.0,224.92968039080668,316.89477548240274,10.96007577678323
8389.0,225.13140017082407,316.831045406292,10.959861096751721
8390.0,225.92379829570206,316.7672581762436,10.95964637382019
8391.0,224.36329619975982,316.7032464333932,10.959431608008671
8392.0,225.50778489347857,316.6396768328033,10.959216799337197
8393.0,224.87734153322526,316.57578296041675,10.95900194782581
8394.0,224.8820043948946,316.512067713649,10.95878705349455
8395.0,225.15068601740728,316.4483511457371,10.958572116363467
8396.0,225.05573238893535,316.38455845136554,10.958357136452609
8397.0,224.10312979289213,316.32079266052205,10.958142113782037
8398.0,224.22077512775715,316.2572967737473,10.957927048371804
8399.0,224.8450446088927,316.1937675541278,10.957711940241976
8400.0,224.72012126919518,316.13006145815535,10.957496789412623
8401.0,225.0005871888695,316.06639075712906,10.957281595903812
8402.0,224.0011499343166,316.0026405907589,10.95706635973562
8403.0,225.0141352039884,315.9391735982775,10.956851080928127
8404.0,222.94894773618924,315.87541959330304,10.956635759501413
8405.0,224.10392516837987,315.81225072477775,10.956420395475568
8406.0,225.5455178669143,315.74875461264674,10.956204988870683
8407.0,225.17320761842728,315.6848500492511,10.95598953970685
8408.0,226.08184092251932,315.6210509737593,10.955774048004173
8409.0,224.86338716111786,315.55699445216453,10.955558513782751
8410.0,225.0040537796049,315.49328315913556,10.955342937062696
8411.0,225.23275402538934,315.4295320105647,10.955127317864111
8412.0,225.91022722745714,315.36571606359087,10.954911656207116
8413.0,225.4256562562482,315.30170816587633,10.954695952111832
8414.0,224.98537430149423,315.23783756327043,10.954480205598378
8415.0,225.9037471733333,315.17409170721834,10.954264416686883
8416.0,224.08742283348644,315.11008564551923,10.954048585397473
8417.0,225.08964120758625,315.0465942090497,10.953832711750287
8418.0,224.4932542153089,314.98281881070756,10.953616795765466
8419.0,224.20575173792463,314.9192123886799,10.95340083746315
8420.0,225.1123944636447,314.8556874256875,10.953184836863482
8421.0,225.97519841033656,314.7919055805895,10.952968793986617
8422.0,224.8106059331346,314.7278792743732,10.952752708852707
8423.0,224.48914392353228,314.6641829360255,10.952536581481914
8424.0,226.5056954159231,314.60057767858046,10.952320411894394
8425.0,225.13942446603662,314.5364010648793,10.952104200110321
8426.0,224.23881876555564,314.4726115612806,10.951887946149858
8427.0,225.5057250067573,314.40907722929705,10.951671650033184
8428.0,224.97526404615132,314.3451839405451,10.951455311780474
8429.0,224.61163770093881,314.2814409490653,10.951238931411915
8430.0,224.11287415834462,314.2178009850501,10.951022508947688
8431.0,224.8900332194038,314.1543023373719,10.950806044407981
8432.0,224.99828679578596,314.0905834946264,10.950589537812995
8433.0,226.07861570566428,314.0268339800342,10.950372989182922
8434.0,224.81058103181752,313.96277837225097,10.950156398537967
8435.0,224.5885890709264,313.8990820409586,10.94993976589833
8436.0,224.61779038058864,313.83544860738846,10.949723091284227
8437.0,223.86613956415997,313.77180690011403,10.949506374715869
8438.0,224.4146661418786,313.7083781605708,10.949289616213473
8439.0,225.21311206095635,313.644794005164,10.94907281579726
8440.0,226.00661727128477,313.5809836234134,10.948855973487454
8441.0,225.2560012595078,313.51694841518656,10.948639089304288
8442.0,224.78089490202558,313.4531258814963,10.94842216326799
8443.0,223.35906535639614,313.3894379612741,10.948205195398799
8444.0,225.62953398954178,313.32615289275645,10.947988185716957
8445.0,225.38475752561786,313.2622245247927,10.947771134242705
8446.0,225.91409464371944,313.1983655101605,10.947554040996298
8447.0,225.63207934274035,313.1343565166781,10.947336905997984
8448.0,223.80688180238562,313.070427427531,10.947119729268017
8449.0,225.1967491117016,313.007015477687,10.946902510826662
8450.0,225.02371483234168,312.94320973210534,10.946685250694179
8451.0,225.31838919028232,312.87945301290284,10.94646794889084
8452.0,224.0823549670694,312.8156128026323,10.946250605436914
8453.0,224.26810050390895,312.75212280205824,10.946033220352678
8454.0,225.2713714338466,312.6885801735821,10.945815793658413
8455.0,224.8825062279332,312.6247532850092,10.945598325374398
8456.0,226.54247133463122,312.5610365749113,10.945380815520926
8457.0,226.38120867027814,312.4968495413665,10.945163264118284
8458.0,225.56178744247117,312.43270819890995,10.944945671186769
8459.0,225.27692259198486,312.36879902580125,10.94472803674668
8460.0,224.3078285826559,312.30497056440015,10.944510360818322
8461.0,223.8891768253891,312.24141667963505,10.944292643421996
8462.0,225.45590311458653,312.17798141286784,10.944074884578018
8463.0,225.7156925323827,312.1141022403187,10.9438570843067
8464.0,225.32627327930956,312.05014946076784,10.943639242628361
8465.0,225.8183105543962,311.9863070166721,10.943421359563324
8466.0,225.82432579987,311.922325162015,10.943203435131915
8467.0,225.6089260562145,311.8583416030384,10.942985469354465
8468.0,226.07563566227054,311.79441907398916,10.942767462251304
8469.0,225.88100997871152,311.7303643105515,10.942549413842773
8470.0,223.91522709849986,311.66636469105754,10.94233132414921
8471.0,226.10208166351705,311.6029220433796,10.942113193190965
8472.0,226.60036426146857,311.5388597869083,10.941895020988385
8473.0,225.65457960334967,311.4746563503675,10.941676807561823
8474.0,225.38168044668018,311.4107208861466,10.941458552931635
8475.0,224.35208328173323,311.34686274335337,10.941240257118187
8476.0,224.96142941229877,311.2832963197568,10.941021920141836
8477.0,223.99104482101177,311.21955724809004,10.940803542022953
8478.0,225.20045391731324,311.1560931187241,10.940585122781915
8479.0,225.99329469942086,311.0922863234475,10.940366662439091
8480.0,225.2636335020566,311.0282548899493,10.940148161014866
8481.0,224.486137527263,310.96443019379046,10.939929618529622
8482.0,224.73892242999733,310.9008257881577,10.939711035003748
8483.0,223.9160123018042,310.83714976013584,10.939492410457632
8484.0,225.60588508981002,310.77370688998366,10.939273744911674
8485.0,226.54410387736021,310.7097852225416,10.93905503838627
8486.0,225.46319270248745,310.645597726443,10.938836290901822
8487.0,224.9523586280067,310.5817164885106,10.93861750247874
8488.0,224.7946659361702,310.5179799868994,10.938398673137431
8489.0,224.57794739699435,310.4542881648841,10.938179802898313
8490.0,224.592818261293,310.39065774645496,10.937960891781803
8491.0,223.9237126977784,310.32702311461424,10.937741939808323
8492.0,225.98500838923104,310.2635780626832,10.937522946998296
8493.0,224.17348217082383,310.19954897697295,10.937303913372155
8494.0,225.19409381182126,310.13603315702454,10.937084838950334
8495.0,225.12379902547158,310.0722281637778,10.936865723753266
8496.0,226.19172011772852,310.0084430873873,10.936646567801397
8497.0,225.07338794820842,309.94435543335396,10.936427371115167
8498.0,224.7979902209231,309.880584640102,10.93620813371503
8499.0,224.59948376609097,309.816891876206,10.935988855621433
8500.0,225.03173993526164,309.7532553558056,10.935769536854838
8501.0,226.14319403068924,309.68949636282395,10.935550177435701
8502.0,224.97560513858164,309.62542245784863,10.935330777384486
8503.0,225.08362585640867,309.561679369726,10.935111336721663
8504.0,224.7803525061274,309.49790567573336,10.9348918554677
8505.0,224.47923048742413,309.43421790918995,10.934672333643077
8506.0,224.77896859678813,309.3706154605519,10.934452771268267
8507.0,224.0762277601315,309.3069280861161,10.934233168363757
8508.0,225.1839994671064,309.24343982158405,10.934013524950032
8509.0,224.85281722292655,309.1796376884017,10.933793841047585
8510.0,226.33007505082801,309.11592939018857,10.933574116676906
8511.0,224.8937535478081,309.05180253559087,10.933354351858494
8512.0,224.91332224989878,308.9880826387523,10.933134546612854
8513.0,225.73146330216187,308.92435719744816,10.932914700960486
8514.0,223.16754447788367,308.8603999495125,10.932694814921904
8515.0,223.81033405890466,308.7971691452438,10.932474888517618
8516.0,224.88918509289775,308.73375621726046,10.932254921768147
8517.0,225.20125139430866,308.6700376148175,10.93203491469401
8518.0,225.57634744255478,308.60623059358903,10.93181486731573
8519.0,224.60896236078605,308.54231729514703,10.931594779653837
8520.0,225.24590724290056,308.4786780891448,10.931374651728863
8521.0,224.93131943347115,308.414858415426,10.931154483561343
8522.0,225.3481499450622,308.3511278749198,10.930934275171815
8523.0,225.06378438213298,308.2872792324354,10.930714026580825
8524.0,224.1907216771987,308.22351116019377,10.930493737808916
8525.0,225.03193661546678,308.1599904557186,10.93027340887664
8526.0,225.1610417890291,308.0962314070109,10.930053039804555
8527.0,224.24647800894692,308.032435778504,10.929832630613213
8528.0,224.7919880938407,307.9688992764015,10.929612181323181
8529.0,226.48603789302658,307.90520821310827,10.92939169195502
8530.0,225.89465754897984,307.8410371690386,10.929171162529302
8531.0,224.33933707806943,307.777033682733,10.928950593066599
8532.0,225.2076225788692,307.7134708705609,10.92872998358749
8533.0,225.01900179378825,307.64966204416356,10.928509334112551
8534.0,225.57664469465573,307.585906660322,10.92828864466237
8535.0,225.78156365048685,307.52199327765845,10.928067915257532
8536.0,224.11400007595935,307.45802183462416,10.927847145918632
8537.0,225.0672111419504,307.394522867936,10.927626336666263
8538.0,223.3095158718509,307.3307538247791,10.927405487521025
8539.0,226.06230607296436,307.26748279528204,10.92718459850352
8540.0,224.6687277003053,307.2034318085614,10.926963669634358
8541.0,225.14553047887205,307.13977566904634,10.926742700934142
8542.0,225.00941570445093,307.0759844354106,10.926521692423492
8543.0,224.78499409841285,307.0122317676277,10.926300644123025
8544.0,224.4575764932531,306.94854268596646,10.92607955605336
8545.0,225.25505731685047,306.88494637262676,10.925858428235124
8546.0,225.45112541587574,306.82112410638695,10.925637260688942
8547.0,224.62780170761562,306.7572462875191,10.925416053435455
8548.0,224.97874954283432,306.69360174370195,10.925194806495291
8549.0,223.5579481022313,306.62985776466485,10.924973519889095
8550.0,224.67560268667393,306.5665163460358,10.924752193637508
8551.0,224.84637373803835,306.502858258608,10.924530827761176
8552.0,225.15640967059267,306.43915178604885,10.924309422280755
8553.0,224.51016759962386,306.37535746997554,10.924087977216894
8554.0,225.82963717022426,306.31174625582224,10.923866492590253
8555.0,223.55066695036257,306.24776119195735,10.923644968421499
8556.0,225.23744170614975,306.18442183632146,10.923423404731292
8557.0,225.12654157175578,306.1206045611714,10.923201801540303
8558.0,224.78205432330216,306.05681870772605,10.922980158869207
8559.0,225.24239993698953,305.9931304590011,10.922758476738677
8560.0,224.87445745835532,305.929311779019,10.922536755169396
8561.0,224.96277005578332,305.86559734940573,10.92231499418205
8562.0,224.99196729514952,305.80185789788993,10.922093193797325
8563.0,224.3596545978883,305.738110173823,10.921871354035911
8564.0,226.56532173559282,305.67454160502024,10.921649474918507
8565.0,225.8094698176756,305.6103480971952,10.921427556465808
8566.0,224.36099992478287,305.5463687474135,10.921205598698519
8567.0,225.10454636266013,305.4827997974348,10.920983601637346
8568.0,225.40713766847296,305.4190201759654,10.920761565302998
8569.0,225.38203217692023,305.3551548202927,10.920539489716187
8570.0,225.11599582762284,305.2912965778425,10.920317374897634
8571.0,225.14673840674465,305.2275137123581,10.920095220868056
8572.0,224.57393237455543,305.1637221364761,10.919873027648183
8573.0,224.87609350533506,305.10009285563666,10.919650795258738
8574.0,224.00359493062064,305.0363779624768,10.919428523720455
8575.0,224.8744850151595,304.9729102772465,10.91920621305407
8576.0,224.293574691066,304.90919583982554,10.91898386328032
8577.0,225.1759187868947,304.845645993663,10.918761474419947
8578.0,225.13368100964348,304.78184615000674,10.918539046493704
8579.0,223.497743853722,304.71805827372066,10.918316579522333
8580.0,225.33252008125717,304.6547339129621,10.918094073526595
8581.0,225.83037315087722,304.59088969893907,10.917871528527241
8582.0,225.0887759282559,304.5269044265463,10.917648944545036
8583.0,225.30767566597422,304.4631292733667,10.917426321600745
8584.0,224.0486241718802,304.3992920985947,10.917203659715133
8585.0,223.32225286339192,304.3358116550792,10.916980958908972
8586.0,223.3249059486469,304.27253701676796,10.916758219203041
8587.0,224.676918311951,304.2092616267492,10.916535440618118
8588.0,224.96365793365115,304.1456031665608,10.916312623174985
8589.0,224.41742074056674,304.0818634634796,10.91608976689443
8590.0,225.27719774272828,304.0182785276032,10.91586687179724
8591.0,225.64068349322318,303.95444998824263,10.915643937904209
8592.0,225.68617554761366,303.8905184612529,10.915420965236137
8593.0,225.57598535673498,303.8265740448478,10.915197953813825
8594.0,224.5616616182367,303.7626608489967,10.914974903658075
8595.0,224.55783786844486,303.69903504487155,10.914751814789698
8596.0,225.06721653691073,303.6354103241422,10.914528687229502
8597.0,223.74392546325421,303.5716412794567,10.914305520998305
8598.0,223.89864655697394,303.5082471672421,10.914082316116925
8599.0,225.36979750199185,303.44480921738426,10.913859072606185
8600.0,225.63955234969578,303.3809544414254,10.913635790486913
8601.0,224.58512673229362,303.31702323492635,10.913412469779935
8602.0,225.44357346791566,303.25339078235214,10.913189110506089
8603.0,225.64264984879753,303.1895151032029,10.912965712686205
8604.0,225.37672096669309,303.12558301907904,10.912742276341131
8605.0,225.28225794382496,303.06172628147186,10.912518801491707
8606.0,225.1247115836672,302.99789630838774,10.91229528815878
8607.0,225.92215945160302,302.93411097343903,10.912071736363208
8608.0,225.3768540111368,302.8700996949277,10.91184814612584
8609.0,224.5955539727622,302.8062429196246,10.911624517467532
8610.0,225.25921362040117,302.74260751266564,10.911400850409152
8611.0,225.22461806734464,302.6787840688065,10.911177144971562
8612.0,224.52751846100116,302.61497042702075,10.910953401175634
8613.0,224.20242425958392,302.5513542967901,10.910729619042243
8614.0,224.00102506829376,302.4878302765832,10.910505798592256
8615.0,225.3286856107681,302.42436331948056,10.910281939846564
8616.0,222.79256857171535,302.3605201918908,10.910058042826043
8617.0,226.21261194674912,302.29739563079556,10.909834107551582
8618.0,224.7577819521917,302.23330205741064,10.909610134044074
8619.0,224.87205458832622,302.1696206858575,10.909386122324412
8620.0,225.0273416703006,302.1059069370575,10.909162072413492
8621.0,224.4502507279871,302.04214919025094,10.90893798433222
8622.0,223.6814121099472,301.9785549525446,10.908713858101494
8623.0,224.43953474710588,301.9151785524468,10.90848969374223
8624.0,225.36485018746657,301.85158735093506,10.908265491275333
8625.0,225.90508316396821,301.78773397671534,10.908041250721725
8626.0,224.3778521515846,301.7237275364855,10.907816972102323
8627.0,225.4484626697358,301.6601538117093,10.907592655438046
8628.0,224.1406553763019,301.5962767472862,10.907368300749829
8629.0,224.52078331211618,301.5327702282629,10.907143908058591
8630.0,224.2096270816481,301.46915600632445,10.906919477385273
8631.0,224.5109826073689,301.405629945318,10.906695008750809
8632.0,224.87416779362417,301.34201850024596,10.906470502176141
8633.0,224.62850655451865,301.2783041527044,10.906245957682211
8634.0,223.68906478930944,301.21465940918057,10.906021375289967
8635.0,224.2029364022325,301.15128084082363,10.905796755020363
8636.0,225.29409827901927,301.08775667550964,10.905572096894351
8637.0,224.3716478515141,301.023923347664,10.905347400932888
8638.0,225.916335931374,300.96035138077264,10.905122667156938
8639.0,225.58789741034317,300.8963417522588,10.904897895587467
8640.0,224.89314142390106,300.8324251813259,10.90467308624544
8641.0,225.13117206625805,300.76870545792247,10.904448239151833
8642.0,223.76953971154194,300.70491829250363,10.90422335432762
8643.0,224.57606431646056,300.6415169229187,10.90399843179378
8644.0,223.53049946309065,300.577887038029,10.903773471571295
8645.0,224.56645959585853,300.51455339651443,10.903548473681155
8646.0,225.4181248949404,300.45092623296233,10.903323438144348
8647.0,226.0084955169468,300.38705776424206,10.903098364981865
8648.0,225.21588256665225,300.3230220238456,10.902873254214704
8649.0,224.41130548368173,300.25921085711843,10.902648105863868
8650.0,225.32992851710583,300.19562765389804,10.902422919950357
8651.0,226.12138330842964,300.1317841741515,10.90219769649518
8652.0,224.45500099274352,300.06771644888073,10.901972435519351
8653.0,225.75642599435866,300.0041208652662,10.901747137043882
8654.0,224.95520323255138,299.9401565445678,10.901521801089789
8655.0,226.07149020401224,299.8764192369852,10.901296427678096
8656.0,224.6991393244585,299.8123656480941,10.901071016829825
8657.0,225.67888922041914,299.7487008919521,10.900845568566007
8658.0,223.94449411516996,299.6847585400063,10.900620082907674
8659.0,225.18224343599286,299.62130760000707,10.90039455987586
8660.0,224.58321206477734,299.5575059643669,10.900168999491603
8661.0,224.28818587056588,299.4938740542819,10.899943401775944
8662.0,225.056809423496,299.43032573495185,10.899717766749937
8663.0,223.9900654114934,299.3665596389485,10.899492094434622
8664.0,223.80907900786625,299.30309578708193,10.899266384851058
8665.0,225.010950696528,299.23968321469636,10.899040638020297
8666.0,226.2971789001472,299.17593011199904,10.8988148539634
8667.0,225.00123387145496,299.11181257797733,10.898589032701432
8668.0,224.64842174691006,299.04806222838045,10.898363174255458
8669.0,224.3933137311544,298.9844118422188,10.898137278646548
8670.0,224.47589797768464,298.9208337366616,10.897911345895775
8671.0,223.32795231138303,298.8572322322346,10.897685376024217
8672.0,225.38513335705295,298.7939559790798,10.897459369052957
8673.0,224.77873335608098,298.7300968579619,10.897233325003075
8674.0,225.95888379573674,298.66640955017766,10.897007243895658
8675.0,224.627203029419,298.60238786643555,10.8967811257518
8676.0,225.9420199220655,298.5387434922439,10.896554970592595
8677.0,225.82595459125167,298.4747265865993,10.896328778439141
8678.0,224.82211506339513,298.4107425661318,10.896102549312536
8679.0,224.8892647563764,298.34704296686385,10.89587628323389
8680.0,224.37021466870956,298.2833243418495,10.895649980224304
8681.0,224.22884746432624,298.21975278102667,10.895423640304896
8682.0,225.58487863539514,298.1562212742452,10.89519726349678
8683.0,225.1546638149638,298.0923055586318,10.89497084982107
8684.0,225.6478549753841,298.0285117372175,10.894744399298894
8685.0,224.7550125708377,297.9645781783079,10.894517911951372
8686.0,224.5821266382493,297.90089759141284,10.894291387799639
8687.0,225.02463327447398,297.8372659888653,10.89406482686482
8688.0,225.22584189628265,297.77350900943753,10.893838229168058
8689.0,225.62132723786925,297.7096950209002,10.893611594730483
8690.0,224.8308050458952,297.64576897818284,10.893384923573247
8691.0,225.32168745288675,297.58206691675315,10.893158215717492
8692.0,225.04979627801276,297.5182257719748,10.892931471184363
8693.0,224.82044696491795,297.4544616630294,10.892704689995021
8694.0,225.6303084141687,297.39076253638933,10.892477872170618
8695.0,224.32025734251528,297.3268339490053,10.892251017732313
8696.0,225.57154838706552,297.26327654275826,10.89202412670127
8697.0,226.2375291768673,297.1993646040485,10.891797199098653
8698.0,225.56279150089705,297.13526397078175,10.891570234945636
8699.0,224.9425490902632,297.0713545131899,10.891343234263392
8700.0,225.82414840030452,297.00762079094767,10.891116197073094
8701.0,225.48137666815802,296.94363728223425,10.890889123395924
8702.0,224.7449426083116,296.8797508921782,10.890662013253067
8703.0,225.2060721982116,296.8160731584392,10.890434866665707
8704.0,225.32509497508283,296.7522647713164,10.890207683655039
8705.0,224.94614446779104,296.6884226610734,10.88998046424225
8706.0,223.21135317953002,296.6246879201409,10.889753208448543
8707.0,223.811230672215,296.5614447034067,10.889525916295115
8708.0,224.21372952848898,296.49803152138287,10.889298587803172
8709.0,224.61106677848124,296.43450429801646,10.88907122299392
8710.0,224.87159241607475,296.37086449576265,10.88884382188857
8711.0,224.69786855405147,296.30715087791145,10.888616384508333
8712.0,225.2664537272847,296.2434864818211,10.888388910874435
8713.0,224.50947679110726,296.1796609865984,10.888161401008087
8714.0,226.21247254888672,296.1160499681742,10.88793385493052
8715.0,225.15857723693225,296.05195643428533,10.887706272662955
8716.0,225.82472065889885,295.9881615040682,10.88747865422663
8717.0,225.41289511186412,295.92417783321486,10.887250999642776
8718.0,225.35532769030348,295.8603108462665,10.887023308932632
8719.0,224.57713304537768,295.7964601700875,10.886795582117436
8720.0,226.6610074949299,295.73282998239137,10.886567819218435
8721.0,223.35403594880142,295.6686093636011,10.886340020256878
8722.0,226.02291945712756,295.6053257200823,10.886112185254012
8723.0,225.3658885963321,295.54128589290275,10.885884314231095
8724.0,225.21925037075533,295.4774322244672,10.885656407209382
8725.0,224.79990460317475,295.4136201035288,10.885428464210138
8726.0,225.0539788587246,295.34992679722455,10.885200485254625
8727.0,224.12768635296004,295.2861615032146,10.884972470364112
8728.0,223.85912706616796,295.2226586587479,10.884744419559869
8729.0,225.99655015183632,295.1592319060792,10.884516332863173
8730.0,224.65374766559367,295.0951995502028,10.8842882102953
8731.0,224.61296889585208,295.0315476550309,10.88406005187753
8732.0,225.8239179773403,294.96790731384374,10.88383185763115
8733.0,226.20274545030003,294.90392387041686,10.88360362757745
8734.0,226.03698242952623,294.83983309253927,10.883375361737716
8735.0,224.32125326845906,294.7757892808509,10.883147060133249
8736.0,224.86619167987683,294.7122315924248,10.88291872278534
8737.0,224.44634149315897,294.6485195047822,10.882690349715297
8738.0,224.92253153297696,294.58492637469243,10.882461940944419
8739.0,226.08606484672114,294.5211983240914,10.882233496494019
8740.0,224.80825192574375,294.4571406057182,10.882005016385406
8741.0,224.60078733287287,294.39344493433924,10.881776500639894
8742.0,224.57323671603703,294.3298080445949,10.8815479492788
8743.0,225.5396739379904,294.2661789608587,10.881319362323453
8744.0,225.91772369750123,294.20227605324294,10.881090739795168
8745.0,225.75344275465332,294.13826603152864,10.880862081715277
8746.0,225.72706729661564,294.0743025560815,10.88063338810511
8747.0,225.53103196065118,294.0103465536808,10.880404658986006
8748.0,225.84599361155009,293.94644609462523,10.880175894379299
8749.0,224.80850776037175,293.8824563964353,10.87994709430633
8750.0,224.9852667763657,293.8187606525699,10.879718258788445
8751.0,226.0042900642031,293.7550148269832,10.87948938784699
8752.0,223.97361921818094,293.6909802781317,10.879260481503321
8753.0,224.93318790512717,293.6275210860199,10.879031539778786
8754.0,225.36566464689966,293.5637900161134,10.878802562694746
8755.0,225.7568056283902,293.49993641113014,10.878573550272563
8756.0,224.58648283799494,293.43597198286875,10.8783445025336
8757.0,225.39279678753815,293.37233914606463,10.878115419499226
8758.0,224.17155650665038,293.3084778536415,10.87788630119081
8759.0,225.32905671536463,293.244962579298,10.877657147629726
8760.0,225.29405633733944,293.18111934656196,10.877427958837353
8761.0,224.0396501372342,293.1172860305997,10.877198734835073
8762.0,225.327730018262,293.0538081297275,10.876969475644266
8763.0,224.19028901102928,292.989965272889,10.876740181286324
8764.0,222.77244282896413,292.92644469100253,10.876510851782633
8765.0,225.29093442996486,292.863325832201,10.876281487154593
8766.0,225.1704988192211,292.7994934007791,10.876052087423595
8767.0,224.83017734290019,292.7356950927803,10.875822652611044
8768.0,225.68036932056174,292.67199320919985,10.87559318273834
8769.0,223.70088787852387,292.60805043789236,10.875363677826893
8770.0,225.4501702460567,292.5446685196601,10.875134137898112
8771.0,224.43602514016706,292.48079097142374,10.874904562973413
8772.0,224.6613072366045,292.4172007643007,10.874674953074207
8773.0,225.12649365841767,292.3535467272503,10.87444530822192
8774.0,225.88523990555842,292.28976088738045,10.874215628437975
8775.0,225.19491685798405,292.22576006940716,10.873985913743793
8776.0,226.1686122951203,292.16195484296406,10.87375616416081
8777.0,224.24718714904267,292.0978737361471,10.873526379710455
8778.0,225.58751853435575,292.0343370331216,10.873296560414166
8779.0,224.23939762733121,291.9704205695368,10.873066706293386
8780.0,224.183840762887,291.9068860735424,10.872836817369553
8781.0,226.3338813993237,291.8433673186596,10.872606893664114
8782.0,224.68973050539597,291.77923938559644,10.87237693519852
8783.0,226.30350547562807,291.7155772952866,10.872146941994222
8784.0,225.9753326323543,291.65145796873514,10.871916914072676
8785.0,224.84787487433542,291.58743162448934,10.871686851455344
8786.0,224.34097934736025,291.5237247266083,10.871456754163685
8787.0,225.20932459907382,291.46016144912653,10.871226622219167
8788.0,225.1926270840331,291.39635214049014,10.870996455643253
8789.0,225.06623377818534,291.33254756281633,10.870766254457424
8790.0,225.03019620820876,291.26877879657917,10.87053601868315
8791.0,224.10208632499922,291.20502024098687,10.870305748341908
8792.0,224.97379786755482,291.1415246498614,10.870075443455184
8793.0,225.4241379129425,291.07778207379897,10.86984510404446
8794.0,226.5886757360845,291.0139119013903,10.869614730131223
8795.0,223.28889175541434,290.9497117765984,10.86938432173697
8796.0,225.1670391787634,290.886446590601,10.86915387888319
8797.0,224.67926196076155,290.8226492628337,10.868923401591385
8798.0,223.65185491742383,290.75899013861147,10.86869288988305
8799.0,224.7022033778597,290.6956221130515,10.868462343779695
8800.0,224.91611979405474,290.63195648876115,10.868231763302825
8801.0,224.76993536037088,290.56823025481947,10.868001148473951
8802.0,224.63709485882987,290.50454543980067,10.867770499314586
8803.0,225.77783381297718,290.440898262924,10.86753981584625
8804.0,224.430240342171,290.376927876677,10.86730909809046
8805.0,225.6823211550171,290.31333930858,10.867078346068741
8806.0,224.47679868276555,290.24939598425277,10.86684755980262
8807.0,224.02411138821344,290.18579422462597,10.866616739313628
8808.0,224.54757163754212,290.1223207263993,10.866385884623293
8809.0,225.45415885955987,290.05869891443535,10.866154995753154
8810.0,226.08676419423662,289.9948202360918,10.865924072724752
8811.0,225.1562500699734,289.93076231957014,10.86569311555963
8812.0,223.86581527063822,289.8669680487169,10.86546212427933
8813.0,224.19596394955855,289.8035394010569,10.865231098905403
8814.0,225.14841736668572,289.74001721127127,10.865000039459403
8815.0,224.7081251564374,289.676225159684,10.864768945962883
8816.0,223.681695622551,289.61255785755634,10.8645378184374
8817.0,224.57111571607066,289.54918137712997,10.864306656904521
8818.0,225.92458566679156,289.48555289434375,10.864075461385806
8819.0,224.27437443726902,289.42154092840485,10.863844231902824
8820.0,224.7854693637333,289.35799652231424,10.863612968477147
8821.0,225.67010762744923,289.29430730599455,10.863381671130352
8822.0,224.59182286324233,289.23036744216677,10.863150339884012
8823.0,226.0057104620974,289.1667330923555,10.862918974759708
8824.0,225.52363281777411,289.1026981410579,10.862687575779026
8825.0,224.92190487118015,289.0387997784262,10.862456142963554
8826.0,224.48153322567745,288.97507190537937,10.862224676334877
8827.0,224.4779853407072,288.91146880429875,10.861993175914593
8828.0,225.74852747608907,288.8478667084522,10.861761641724298
8829.0,225.23800842300912,288.78390462566733,10.861530073785591
8830.0,225.25707894435095,288.72008718994755,10.861298472120074
8831.0,225.95156715334383,288.65626435091326,10.861066836749355
8832.0,225.48390513191862,288.5922447402198,10.86083516769504
8833.0,225.08232438705,288.52835763376584,10.860603464978743
8834.0,224.68836997763603,288.46458430852283,10.860371728622077
8835.0,225.81355643992745,288.4009226036958,10.860139958646666
8836.0,226.0951307809733,288.3369420960379,10.859908155074127
8837.0,225.14341707637848,288.27288180898324,10.859676317926084
8838.0,223.68779856451903,288.20909117414493,10.85944444722417
8839.0,226.15682818643788,288.14571296455165,10.85921254299001
8840.0,225.08109534351982,288.08163519656546,10.858980605245241
8841.0,224.56755736871605,288.0178622195515,10.858748634011501
8842.0,226.0959308781366,287.9542347449637,10.85851662931043
8843.0,225.1873475575487,287.8901742312148,10.85828459116367
8844.0,225.0449641894741,287.8263711494069,10.858052519592869
8845.0,224.06046185816936,287.7626084095532,10.857820414619678
8846.0,226.16670454866306,287.6991246120267,10.857588276265746
8847.0,223.2882397824417,287.6350440457379,10.857356104552732
8848.0,224.1329249347097,287.5717790444662,10.857123899502295
8849.0,224.35035538564279,287.50827471573473,10.856891661136096
8850.0,225.59270388110605,287.44470878170875,10.856659389475798
8851.0,223.96213417803938,287.38079084894247,10.856427084543077
8852.0,223.34300462621852,287.31733491092535,10.856194746359597
8853.0,225.9307145513334,287.2540543929479,10.855962374947035
8854.0,224.80978213287904,287.19004069049174,10.85572997032707
8855.0,224.28510012270633,287.1263445855541,10.855497532521383
8856.0,224.0414385901894,287.0627971405193,10.855265061551655
8857.0,224.64988527285206,286.99931873291877,10.855032557439575
8858.0,224.9617600378349,286.9356679320914,10.854800020206833
8859.0,224.1634535407029,286.8719287667474,10.854567449875123
8860.0,224.5906054450981,286.80841578824413,10.854334846466141
8861.0,224.68957626523405,286.74478178336807,10.854102210001583
8862.0,225.2313989948832,286.68111973675957,10.853869540503156
8863.0,223.5117774384038,286.617304173711,10.853636837992562
8864.0,224.82984436347976,286.5539758367701,10.853404102491513
8865.0,224.44896801358558,286.49027404753383,10.85317133402172
8866.0,225.16403029373114,286.42668017326326,10.852938532604895
8867.0,224.3784427048087,286.36288369801343,10.852705698262756
8868.0,224.01099322385394,286.2993098059137,10.85247283101703
8869.0,224.49593777390214,286.23584002450025,10.852239930889432
8870.0,225.95790279650174,286.172232842131,10.852006997901695
8871.0,226.52009530850114,286.1082114363387,10.851774032075548
8872.0,224.6075010262676,286.0440307426679,10.851541033432724
8873.0,225.20841199130052,285.9803919507105,10.851308001994958
8874.0,225.1395978092218,285.9165829006463,10.851074937783993
8875.0,225.12613303708915,285.85279334793364,10.850841840821566
8876.0,224.34724279412896,285.78900761023976,10.850608711129425
8877.0,224.6913193868238,285.72544255811476,10.850375548729318
8878.0,225.0527740586758,285.6617800176218,10.850142353642998
8879.0,225.9087420980686,285.59801506497195,10.84990912589222
8880.0,225.3812234534974,285.5340075880441,10.849675865498737
8881.0,225.74621658192987,285.4701495747323,10.849442572484314
8882.0,225.05538883284294,285.40618814670074,10.849209246870714
8883.0,225.46147857577705,285.3424224531981,10.848975888679703
8884.0,224.55630161813477,285.27854170093497,10.848742497933051
8885.0,225.53849433934448,285.2149174154765,10.84850907465253
8886.0,225.10310143617747,285.1510148420804,10.848275618859919
8887.0,225.32547504408643,285.0872356300068,10.848042130576992
8888.0,225.1000650837541,285.0233934120776,10.847808609825533
8889.0,225.12692273853014,284.9596150603039,10.847575056627331
8890.0,224.36362322058872,284.8958290988613,10.847341471004166
8891.0,225.01545120992014,284.83225940561545,10.847107852977837
8892.0,225.47827393381536,284.7685050277727,10.846874202570131
8893.0,225.55074079887154,284.7046195168248,10.84664051980285
8894.0,224.91309094766592,284.6407134735984,10.846406804697793
8895.0,225.40899235351446,284.5769880978299,10.846173057276761
8896.0,224.42614469543204,284.5131222166631,10.845939277561564
8897.0,226.5588100356733,284.4495348089994,10.845705465574007
8898.0,225.14682604568264,284.38534314615595,10.845471621335903
8899.0,224.84926906031046,284.32155154544296,10.845237744869069
8900.0,225.3380722510659,284.25784425254255,10.845003836195321
8901.0,223.7560652714081,284.1939984654048,10.844769895336482
8902.0,225.02323559849793,284.13060091357784,10.844535922314375
8903.0,225.7159081787217,284.0668443301583,10.844301917150826
8904.0,225.4871270642866,284.00289148950765,10.84406787986767
8905.0,225.71039458238826,283.9390034701728,10.843833810486734
8906.0,226.68259838412808,283.8750521917077,10.843599709029856
8907.0,224.32696107710515,283.81082545549896,10.843365575518877
8908.0,225.03408377217434,283.7472661498604,10.84313140997564
8909.0,224.9881005427716,283.6835064927916,10.842897212421985
8910.0,224.88225724914074,283.6197598643045,10.842662982879764
8911.0,225.5777507308584,283.5560432247506,10.842428721370828
8912.0,224.39428482182788,283.49212952871017,10.842194427917029
8913.0,225.29269033620676,283.4285511480106,10.841960102540225
8914.0,224.8896184850033,283.36471821908196,10.841725745262279
8915.0,225.00785502468605,283.30099949384453,10.841491356105047
8916.0,224.51712596273495,283.23724726825424,10.841256935090401
8917.0,225.72292559181136,283.17363408256483,10.841022482240211
8918.0,225.39375877656212,283.1096792536472,10.840787997576344
8919.0,226.10218297432607,283.04581768866046,10.840553481120674
8920.0,225.83974870902517,282.9817554034844,10.840318932895086
8921.0,225.18675189618148,282.9177674746835,10.840084352921453
8922.0,224.06390151160977,282.8539645616463,10.839849741221665
8923.0,224.39349539574638,282.79047978955134,10.839615097817603
8924.0,223.2977549214152,282.7269016325225,10.83938042273116
8925.0,224.03124164438904,282.6636339352948,10.83914571598423
8926.0,225.64983683147622,282.6001584168289,10.838910977598706
8927.0,224.15108960070538,282.5362242963933,10.838676207596489
8928.0,224.90364640842807,282.47271482100643,10.838441405999477
8929.0,225.31500183291496,282.40899212119075,10.838206572829575
8930.0,224.92721790913984,282.3451528706714,10.837971708108695
8931.0,224.33515863750534,282.2814234922638,10.837736811858742
8932.0,225.5656027497709,282.2178618639832,10.83750188410163
8933.0,225.04121916042757,282.1539516098708,10.837266924859279
8934.0,223.34942686460903,282.0901899311086,10.837031934153604
8935.0,223.3180713841733,282.02690759349707,10.836796912006529
8936.0,225.4281507992469,281.9636341399382,10.836561858439975
8937.0,225.50512601762648,281.8997628305451,10.836326773475879
8938.0,224.74957307559913,281.8358697115068,10.836091657136162
8939.0,224.89486444535638,281.77219066580204,10.835856509442765
8940.0,224.96998983295427,281.7084704542092,10.83562133041762
8941.0,225.0551969104962,281.6447289570899,10.83538612008267
8942.0,224.62286913394797,281.58096331796526,10.835150878459855
8943.0,224.76858902200814,281.5173201717106,10.834915605571123
8944.0,224.6727301596022,281.4536357381544,10.834680301438421
8945.0,224.4238622416672,281.3899784646092,10.834444966083696
8946.0,225.51212712073686,281.32639170364075,10.834209599528911
8947.0,225.27514868659608,281.2624966009565,10.833974201796018
8948.0,225.22103532231841,281.1986686421619,10.833738772906976
8949.0,225.63660403487327,281.1348560154873,10.83350331288375
8950.0,225.7548134802865,281.0709256443441,10.833267821748304
8951.0,226.34206407163964,281.00696178052465,10.83303229952261
8952.0,224.33815556637376,280.9428315290377,10.83279674622864
8953.0,225.79112430929402,280.8792690516272,10.832561161888362
8954.0,224.89197903834724,280.81529489973957,10.83232554652376
8955.0,225.11567444313434,280.7515755056787,10.832089900156815
8956.0,224.2011946863219,280.6877927312532,10.8318542228095
8957.0,224.13645500933916,280.6242690594254,10.831618514503816
8958.0,226.3267455636587,280.5607637305061,10.831382775261739
8959.0,224.3719166005492,280.496637819263,10.831147005105269
8960.0,224.36054447318492,280.4330657762262,10.830911204056399
8961.0,225.74624563044284,280.3694969552921,10.830675372137126
8962.0,226.1684165456087,280.3055355190302,10.830439509369448
8963.0,224.8648346363949,280.24145446767557,10.830203615775371
8964.0,223.74372348933787,280.1777427645286,10.829967691376904
8965.0,225.89907103876794,280.11434870953997,10.829731736196052
8966.0,225.52732003463032,280.0503439727456,10.829495750254827
8967.0,225.23620439232872,279.9864445654025,10.829259733575245
8968.0,225.47019845405387,279.9226276408247,10.829023686179326
8969.0,223.71481378827096,279.85874441792936,10.828787608089087
8970.0,224.91560881020033,279.79535855402264,10.828551499326554
8971.0,225.68726720481058,279.73163246485973,10.828315359913752
8972.0,223.38349663329504,279.6676877391517,10.828079189872714
8973.0,224.46568432062492,279.60439574843895,10.827842989225463
8974.0,224.6052182406819,279.54079713788144,10.827606757994044
8975.0,224.48937218293747,279.47715899271327,10.827370496200489
8976.0,224.85418189946276,279.41355367059475,10.827134203866843
8977.0,224.74441976003365,279.3498449857233,10.826897881015142
8978.0,224.72752223099914,279.28616740012455,10.82666152766744
8979.0,224.47411660148077,279.22249460215914,10.826425143845784
8980.0,225.24630595894266,279.15889360245535,10.826188729572223
8981.0,224.87329443032914,279.095073815767,10.825952284868816
8982.0,224.15297913265857,279.0313597156784,10.82571580975762
8983.0,225.16157461089415,278.9678497049242,10.825479304260691
8984.0,224.09019879727808,278.9040539254511,10.825242768400098
8985.0,226.36888240930597,278.84056170245856,10.825006202197903
8986.0,225.11702446379732,278.7764238524426,10.82476960567618
8987.0,224.92003045712508,278.71264069551114,10.824532978856997
8988.0,223.64103375678442,278.64891335354827,10.824296321762429
8989.0,223.9879255764217,278.58554839398386,10.824059634414555
8990.0,225.52733666896808,278.5220851484039,10.823822916835452
8991.0,223.9923731435183,278.4581857363477,10.823586169047209
8992.0,225.60997670172227,278.39472123062365,10.823349391071908
8993.0,224.5040697872935,278.33079840389144,10.823112582931635
8994.0,225.2857291973649,278.2671889174518,10.822875744648488
8995.0,225.92143757686156,278.2033579608458,10.822638876244561
8996.0,224.25429609506222,278.1393468868657,10.822401977741945
8997.0,225.7086787984043,278.0758081696388,10.822165049162745
8998.0,224.65316920981212,278.0118573773126,10.821928090529063
8999.0,224.56261187728222,277.9482056460365,10.821691101863003
9000.0,225.2470894933171,277.8845795726712,10.821454083186675
9001.0,225.13613288904818,277.8207595639815,10.82121703452219
9002.0,224.73688452354108,277.75697099299623,10.820979955891664
9003.0,224.05127747266266,277.69329554238124,10.82074284731721
9004.0,226.15405346349598,277.6298143470973,10.82050570882095
9005.0,225.1177442822452,277.56573736528264,10.820268540425007
9006.0,224.89611266476697,277.5019540044027,10.820031342151502
9007.0,226.66053139614496,277.43823343914767,10.819794114022569
9008.0,225.14647699401183,277.3740129552521,10.819556856060338
9009.0,225.0803780405796,277.3102214534371,10.819319568286936
9010.0,225.5822255434015,277.246448679659,10.819082250724506
9011.0,223.87380102212845,277.1825337157551,10.818844903395185
9012.0,223.78081004001842,277.11910280546545,10.818607526321117
9013.0,225.02779808925945,277.05569824262074,10.818370119524442
9014.0,226.939594457829,276.99194036649544,10.818132683027311
9015.0,224.5000020093399,276.9276408147324,10.817895216851873
9016.0,225.48217459404887,276.8640324808298,10.81765772102028
9017.0,225.62108992264876,276.80014586469474,10.817420195554691
9018.0,225.8167739316058,276.7362198892167,10.817182640477265
9019.0,225.42707847610907,276.6722384699361,10.816945055810159
9020.0,224.43104280727763,276.60836746436786,10.816707441575538
9021.0,225.72873709143485,276.5447786689058,10.81646979779557
9022.0,225.2210067008246,276.48082219339653,10.816232124492425
9023.0,224.0915536319796,276.41700957483135,10.815994421688274
9024.0,226.14184603511669,276.353516967969,10.815756689405294
9025.0,226.04399816102844,276.2894434449257,10.81551892766566
9026.0,224.68185780654773,276.2253976454467,10.815281136491556
9027.0,225.25094248589997,276.1617377857349,10.81504331590516
9028.0,226.20366183865588,276.0979166853639,10.814805465928668
9029.0,224.4286621291937,276.0338256478429,10.814567586584257
9030.0,224.13690556956047,275.9702375269063,10.814329677894126
9031.0,225.21549446146076,275.90673207032825,10.814091739880467
9032.0,225.14632595701863,275.84292101356414,10.813853772565478
9033.0,225.52605642030593,275.77912955454303,10.813615775971357
9034.0,227.07772383368857,275.7152305052239,10.813377750120308
9035.0,223.35768299433346,275.65089181680435,10.813139695034534
9036.0,225.6977996401415,275.587607139956,10.812901610736247
9037.0,224.90995947008992,275.52365943005793,10.812663497247653
9038.0,225.84606555013863,275.4599349415414,10.812425354590971
9039.0,224.24821042051133,275.39594522296886,10.812187182788414
9040.0,224.1654140828608,275.3324082300163,10.811948981862198
9041.0,225.53574220238679,275.2688946960262,10.811710751834546
9042.0,224.6494041327618,275.2049929024022,10.811472492727688
9043.0,224.79630894316242,275.1413422378979,10.811234204563842
9044.0,225.21136090537303,275.07764995036393,10.810995887365245
9045.0,223.87458402931213,275.01384006477406,10.810757541154125
9046.0,225.40641450205368,274.9504089326324,10.810519165952721
9047.0,225.84172889010378,274.88654378185686,10.810280761783265
9048.0,224.6945820624119,274.82255529200467,10.810042328668002
9049.0,225.40413830252768,274.75889182708704,10.809803866629174
9050.0,226.45947174825952,274.69502732123465,10.80956537568903
9051.0,225.49410213105313,274.6308638042393,10.809326855869813
9052.0,226.6041442057664,274.56697380863557,10.809088307193775
9053.0,224.15682330322286,274.50276930111056,10.808849729683175
9054.0,224.88604318671133,274.43925820117465,10.808611123360265
9055.0,225.75608355555,274.37554048893844,10.808372488247306
9056.0,225.00536302911806,274.31157626526436,10.80813382436656
9057.0,224.22930958573093,274.2478247457394,10.807895131740294
9058.0,224.10475904433855,274.18429310802344,10.807656410390772
9059.0,225.02801193083602,274.1207967596276,10.807417660340263
9060.0,226.435014014412,274.05703882291385,10.807178881611046
9061.0,226.89629921507338,273.9928822356097,10.806940074225391
9062.0,224.96810043542908,273.9285949508321,10.806701238205575
9063.0,225.48013893394196,273.8648539890421,10.806462373573885
9064.0,224.73420389425343,273.80096794967744,10.806223480352598
9065.0,224.20476571341865,273.7372932585741,10.805984558564006
9066.0,225.35101239834017,273.67376857495526,10.805745608230392
9067.0,224.7759588031089,273.6099191214424,10.805506629374051
9068.0,225.5399980676527,273.5462325997815,10.805267622017277
9069.0,226.2616596427889,273.48232960032897,10.805028586182367
9070.0,225.53366620401846,273.41822213009686,10.804789521891616
9071.0,225.39599694728648,273.3543209246724,10.804550429167332
9072.0,225.31596616471577,273.29045872553735,10.804311308031817
9073.0,225.68644777364005,273.22661920179064,10.804072158507381
9074.0,223.8719292785494,273.16267470825477,10.80383298061633
9075.0,223.5506375446909,273.09924432829257,10.803593774380978
9076.0,224.7505715447468,273.0359049809882,10.80335453982364
9077.0,225.6032617029332,272.9722256523838,10.80311527696664
9078.0,224.83158895319963,272.9083047282347,10.802875985832287
9079.0,225.92291751125165,272.84460244469795,10.802636666442913
9080.0,224.96648563983717,272.78059095140304,10.802397318820844
9081.0,225.32827127859898,272.7168504471385,10.802157942988403
9082.0,223.8280334245011,272.6530074369429,10.801918538967925
9083.0,224.86035784973205,272.5895894941393,10.801679106781744
9084.0,224.68937731765024,272.5258790594152,10.801439646452195
9085.0,224.8908435409048,272.4622170691752,10.801200158001617
9086.0,224.6775348485398,272.3984979968386,10.800960641452352
9087.0,224.95407818481073,272.3348393619648,10.800721096826745
9088.0,224.68377009389238,272.2711023731458,10.800481524147143
9089.0,225.11383210355055,272.20744197161923,10.800241923435895
9090.0,225.3604467339286,272.1436597191899,10.80000229471535
9091.0,223.20022948763443,272.0798075926153,10.799762638007868
9092.0,224.90522439350033,272.0165675275938,10.799522953335803
9093.0,225.45091557024398,271.95284438068234,10.799283240721518
9094.0,224.18896990459973,271.88896662127075,10.799043500187372
9095.0,224.39761670240011,271.8254464131311,10.798803731755731
9096.0,225.11360646082898,271.7618670883988,10.798563935448966
9097.0,225.0540374376573,271.6980848999016,10.798324111289443
9098.0,225.7710449719974,271.63431958929425,10.798084259299536
9099.0,224.91425066844758,271.57035112655217,10.797844379501623
9100.0,224.03306049235513,271.5066254221962,10.79760447191808
9101.0,224.31885770997872,271.44314938839,10.79736453657129
9102.0,225.59571140117168,271.3795923787055,10.797124573483634
9103.0,225.59682434931253,271.31567359380847,10.796884582677498
9104.0,224.41089715644972,271.2517544935762,10.796644564175272
9105.0,225.39197875437566,271.18817140604847,10.796404517999347
9106.0,224.26392629107534,271.12431034540145,10.796164444172115
9107.0,224.8061969135834,271.06076889961895,10.79592434271597
9108.0,224.5633771179754,270.9970738104935,10.795684213653319
9109.0,225.6970235019528,270.93344752031004,10.795444057006558
9110.0,225.78649138293792,270.86950003031785,10.795203872798089
9111.0,224.7065271699937,270.80552719109266,10.794963661050323
9112.0,224.32515069889948,270.74186034172783,10.794723421785667
9113.0,225.19627690351234,270.6783015490298,10.79448315502653
9114.0,225.5256628467218,270.61449593724046,10.794242860795332
9115.0,225.990850888101,270.5505969994339,10.794002539114489
9116.0,226.25202807176407,270.4865662583489,10.793762190006415
9117.0,225.3349638441597,270.42246151706183,10.793521813493536
9118.0,225.89623717639836,270.3586166106394,10.793281409598276
9119.0,227.60844794366017,270.2946126767728,10.793040978343065
9120.0,225.07339155953156,270.23012361652206,10.792800519750326
9121.0,223.41930089112626,270.16635282224684,10.792560033842495
9122.0,224.54055844673096,270.1030506869944,10.792319520642007
9123.0,225.77083115259447,270.0394308621011,10.792078980171297
9124.0,225.59401791294545,269.9754624599412,10.791838412452808
9125.0,225.41077924483892,269.91154415486585,10.79159781750898
9126.0,225.21917101273945,269.84767776741313,10.791357195362261
9127.0,225.62446373356005,269.7838656689595,10.791116546035095
9128.0,225.09432407560197,269.7199387375683,10.790875869549932
9129.0,225.05560298994095,269.6561620124136,10.790635165929226
9130.0,225.41496916129566,269.59239625823307,10.79039443519543
9131.0,225.9296963536294,269.52852868363743,10.790153677371007
9132.0,224.6201125764955,269.4645152696705,10.789912892478412
9133.0,224.67040031837647,269.4008729044406,10.78967208054011
9134.0,224.40682854425452,269.33721629101706,10.789431241578558
9135.0,224.99477600495902,269.27363435626285,10.789190375616238
9136.0,225.1846857554736,269.20988583639473,10.78894948267561
9137.0,225.7710264458021,269.14608350876404,10.78870856277915
9138.0,225.36755613087385,269.08211505127105,10.78846761594933
9139.0,223.9825879343822,269.0182609103673,10.788226642208635
9140.0,225.21032109834238,268.9547991771192,10.787985641579537
9141.0,224.52289946371314,268.8909895861413,10.787744614084522
9142.0,224.48484050469938,268.8273747646266,10.787503559746076
9143.0,224.84356967840824,268.7637707264836,10.78726247858669
9144.0,224.53952462900855,268.700065048408,10.787021370628846
9145.0,225.5489454553757,268.63644551642983,10.786780235895042
9146.0,224.923668164568,268.5725399818841,10.786539074407774
9147.0,225.11033129580076,268.50881160923745,10.786297886189537
9148.0,224.25007232621,268.44503034870365,10.786056671262832
9149.0,225.13258267525399,268.3814928282112,10.785815429650164
9150.0,225.33815067047735,268.31770526311993,10.785574161374035
9151.0,225.20220986806783,268.2538594537633,10.785332866456955
9152.0,224.79110275628767,268.19005216096735,10.785091544921432
9153.0,223.90340742158247,268.1263613485197,10.78485019678998
9154.0,225.51794819047655,268.0629220497503,10.784608822085115
9155.0,224.95624635489582,267.99902529776296,10.784367420829355
9156.0,225.0683544220555,267.9352876946291,10.784125993045214
9157.0,226.51177794631414,267.87151832754284,10.783884538755224
9158.0,223.45333750735583,267.80733999045805,10.783643057981903
9159.0,225.98342679711146,267.7440282114976,10.783401550747781
9160.0,224.49211787141817,267.6799995739051,10.783160017075389
9161.0,225.71377630108512,267.6163934738415,10.782918456987257
9162.0,224.37134419410117,267.55244123722287,10.782676870505924
9163.0,223.98287937448828,267.4888693563679,10.782435257653923
9164.0,225.09731324765724,267.4254075405451,10.782193618453794
9165.0,225.59082891763288,267.36162996845826,10.781951952928083
9166.0,225.3456276934257,267.2977125669316,10.781710261099331
9167.0,225.33281561044114,267.23386463908514,10.781468542990087
9168.0,225.08073860775218,267.17002034132884,10.781226798622901
9169.0,224.8991525173177,267.10624746538997,10.780985028020325
9170.0,225.32554740628152,267.0425260388434,10.78074323120491
9171.0,224.7087235994417,266.9786838004116,10.780501408199221
9172.0,226.5317933000504,266.9150163287251,10.78025955902581
9173.0,224.70015149402974,266.8508323206234,10.780017683707241
9174.0,225.95568816365773,266.78716727770006,10.779775782266078
9175.0,223.65658874025132,266.7231464993871,10.779533854724892
9176.0,225.3696984858704,266.65977713257735,10.779291901106246
9177.0,223.74105022504324,266.59592238467303,10.779049921432714
9178.0,224.5935851857635,266.5325290871093,10.77880791572687
9179.0,225.49565014838245,266.46889423797336,10.778565884011295
9180.0,224.4391168691347,266.40500380376466,10.77832382630856
9181.0,224.9162761783128,266.3414127206517,10.77808174264125
9182.0,224.304205945713,266.27768644240115,10.77783963303195
9183.0,225.5235035213942,266.2141335840499,10.777597497503248
9184.0,226.5745621480334,266.15023525805213,10.777355336077726
9185.0,225.10559693869902,266.0860391321102,10.77711314877798
9186.0,225.37394322456586,266.0222592129776,10.776870935626599
9187.0,225.5199367458118,265.95840326239727,10.776628696646187
9188.0,225.64264852992554,265.894505946986,10.776386431859335
9189.0,225.25846513828245,265.8305738632358,10.776144141288645
9190.0,225.3834569269397,265.7667506314466,10.775901824956723
9191.0,224.7548818271334,265.7028919853173,10.775659482886171
9192.0,225.0552751845877,265.6392114354663,10.7754171150996
9193.0,223.87085242803238,265.57544577416394,10.775174721619615
9194.0,224.32810633170052,265.51201569930936,10.774932302468835
9195.0,225.5164420664817,265.44845606918204,10.774689857669873
9196.0,225.4692321664689,265.3845597439298,10.774447387245344
9197.0,225.437265992234,265.320676794816,10.774204891217872
9198.0,224.49644060069033,265.2568029027849,10.773962369610075
9199.0,226.26657724835252,265.193195577948,10.773719822444578
9200.0,225.32648702453324,265.12908671439436,10.773477249744012
9201.0,225.6279290844537,265.0652442097374,10.773234651531002
9202.0,224.51334888702627,265.0013162964968,10.772992027828185
9203.0,223.26923260754373,264.9377041809788,10.772749378658188
9204.0,225.3222742865756,264.87444456507336,10.772506704043654
9205.0,225.0828136933532,264.81060325402547,10.772264004007216
9206.0,224.86488845588704,264.7468297901456,10.772021278571522
9207.0,224.37187662773044,264.68311807174985,10.771778527759208
9208.0,225.4896349295372,264.61954604003864,10.771535751592927
9209.0,225.14553505200956,264.5556573101419,10.771292950095324
9210.0,225.11098554358742,264.4918660752105,10.771050123289049
9211.0,224.94221889683428,264.42808462930645,10.770807271196759
9212.0,224.55106466577558,264.3643510006191,10.770564393841104
9213.0,224.9497467406836,264.3007281989637,10.770321491244745
9214.0,224.95499985775226,264.23699243738724,10.770078563430342
9215.0,223.20371211839722,264.17325518742757,10.769835610420557
9216.0,225.325821312137,264.11001413566066,10.769592632238055
9217.0,226.36441152612832,264.04617181962226,10.769349628905506
9218.0,224.46892025938783,263.9820352363565,10.769106600445575
9219.0,226.02307311302147,263.91843570894963,10.768863546880935
9220.0,225.191753363631,263.85439583823427,10.768620468234259
9221.0,224.6355614582419,263.79059150811463,10.768377364528229
9222.0,225.56823920217892,263.72694476570143,10.768134235785517
9223.0,225.05211720596037,263.66303376459416,10.767891082028813
9224.0,223.48644060724877,263.5992689980525,10.767647903280789
9225.0,225.95786567018504,263.53594783988046,10.767404699564143
9226.0,225.35671799394265,263.4719264446072,10.767161470901556
9227.0,223.61554032273213,263.40807537450894,10.766918217315716
9228.0,224.14428603772723,263.3447176380842,10.766674938829324
9229.0,225.74073231438567,263.2812100903735,10.76643163546507
9230.0,226.41726432674304,263.2172502162178,10.766188307245653
9231.0,225.56836759663116,263.1530986579919,10.765944954193774
9232.0,225.3984837641782,263.08918762050615,10.76570157633213
9233.0,224.50195418966103,263.02532471677296,10.765458173683431
9234.0,225.8020391096854,262.9617158297525,10.765214746270386
9235.0,225.35794620864525,262.8977385853381,10.764971294115695
9236.0,224.0556750540335,262.8338871672456,10.764727817242077
9237.0,225.80424280859054,262.77040472598037,10.764484315672243
9238.0,224.5306699905499,262.7064268571846,10.764240789428909
9239.0,224.68617250279047,262.64280983402057,10.763997238534795
9240.0,225.19123741794604,262.57914875181143,10.76375366301262
9241.0,225.1371677743034,262.51534456787635,10.763510062885107
9242.0,226.01022368720794,262.45155570367365,10.763266438174982
9243.0,224.85181486806255,262.3875194736289,10.763022788904973
9244.0,223.9522193736229,262.32381145941633,10.762779115097807
9245.0,225.50555073924042,262.26035833059376,10.76253541677622
9246.0,225.08013790968445,262.19646509121765,10.762291693962942
9247.0,225.72893484808492,262.1326923854766,10.762047946680712
9248.0,225.2107431259428,262.06873585393635,10.76180417495227
9249.0,223.72359962426583,262.00492614338395,10.76156037880036
9250.0,225.6524323330718,261.9415377901571,10.761316558247717
9251.0,225.4640441671346,261.8776029343294,10.761072713317093
9252.0,225.01933322998718,261.8137214551487,10.760828844031234
9253.0,225.60101018808308,261.74996597740017,10.760584950412893
9254.0,225.3420267744882,261.6860456911802,10.760341032484819
9255.0,223.25797817975635,261.6221987835941,10.760097090269769
9256.0,223.7851941866462,261.5589423564432,10.7598531237905
9257.0,224.68254360802254,261.4955365514237,10.759609133069771
9258.0,225.82199863842868,261.4318764974014,10.759365118130344
9259.0,227.30465817492305,261.3678935977872,10.759121078994982
9260.0,225.19355530982506,261.30349061130426,10.758877015686451
9261.0,224.54208226644016,261.2396857706332,10.758632928227522
9262.0,224.41522016315278,261.17606551399103,10.758388816640965
9263.0,225.8322854933752,261.11248120161144,10.758144680949549
9264.0,224.33632501610342,261.04849538738836,10.757900521176053
9265.0,223.88062161685755,260.9849334286338,10.757656337343255
9266.0,223.24579750376867,260.92150058584235,10.75741212947393
9267.0,224.8493616410372,260.85824760988294,10.757167897590866
9268.0,225.78390308902405,260.7945402907513,10.756923641716845
9269.0,224.23544118225414,260.73056818487606,10.756679361874651
9270.0,226.3526259941499,260.6670348098744,10.756435058087076
9271.0,223.60597601601955,260.6029015658428,10.75619073037691
9272.0,224.99145746599027,260.5395465393049,10.755946378766943
9273.0,224.699701657133,260.47579895968954,10.755702003279973
9274.0,223.8721254884273,260.41213404422,10.755457603938797
9275.0,224.62161313284705,260.348703608665,10.755213180766217
9276.0,224.9065035453273,260.2850608182773,10.754968733785033
9277.0,224.86472435778416,260.22133730893944,10.754724263018048
9278.0,225.72913988027776,260.1576256370381,10.754479768488073
9279.0,225.78931094683475,260.09366904740534,10.754235250217908
9280.0,224.02393314519023,260.0296954093037,10.753990708230374
9281.0,225.37458293433576,259.96622196157927,10.753746142548279
9282.0,226.12207513429325,259.90236582974785,10.753501553194434
9283.0,225.07594097622678,259.8382979084598,10.753256940191665
9284.0,225.20257678085525,259.7745263918499,10.753012303562791
9285.0,224.48542386718512,259.71071899509536,10.752767643330625
9286.0,226.25941301370813,259.64711479166624,10.752522959518002
9287.0,225.7776478449593,259.583007957979,10.752278252147741
9288.0,225.93915860221568,259.519037624423,10.752033521242671
9289.0,225.04413208257094,259.4550215294857,10.751788766825626
9290.0,224.24203329132752,259.3912590253956,10.75154398891944
9291.0,224.69298943553292,259.32772378262973,10.751299187546945
9292.0,224.86542722134985,259.26406076895637,10.75105436273098
9293.0,225.1779185007375,259.2003488979103,10.75080951449438
9294.0,225.51470716497911,259.1365484876684,10.75056464285999
9295.0,224.89867953296962,259.07265265397166,10.750319747850657
9296.0,225.36037217680885,259.0089313614373,10.75007482948922
9297.0,225.24503844127383,258.9450792559872,10.749829887798535
9298.0,224.18483440765905,258.8812598284288,10.749584922801446
9299.0,225.05087722877468,258.81774079201335,10.74933993452081
9300.0,223.68147658826877,258.75397637679856,10.749094922979479
9301.0,224.97156592010143,258.69059995843185,10.748849888200311
9302.0,225.61384069299382,258.6268580147545,10.748604830206165
9303.0,225.24253534751475,258.56293409322484,10.748359749019903
9304.0,224.67457732921227,258.49911537487634,10.748114644664387
9305.0,223.5645662955206,258.4354575779664,10.747869517162483
9306.0,224.83038853601087,258.37211428418266,10.747624366537057
9307.0,225.68779575476375,258.30841234076416,10.747379192810984
9308.0,224.64226331630977,258.2444674653003,10.747133996007129
9309.0,224.87076364907844,258.18081882402737,10.746888776148372
9310.0,226.11841675597879,258.11710544099344,10.746643533257586
9311.0,225.70133924612077,258.05303855624584,10.746398267357652
9312.0,225.11979752894294,257.98908984345945,10.746152978471448
9313.0,226.10601116846138,257.9253059008263,10.745907666621859
9314.0,224.4127675155437,257.86124253099524,10.745662331831769
9315.0,225.80997139751742,257.7976589135325,10.745416974124065
9316.0,224.68483622476842,257.7336794216365,10.745171593521636
9317.0,226.6947836305603,257.6700187180395,10.744926190047375
9318.0,226.45326290317385,257.6057885293442,10.744680763724173
9319.0,225.41569520033397,257.5416267715216,10.744435314574925
9320.0,224.2909882378461,257.47775899121484,10.744189842622532
9321.0,225.66583482365135,257.41420987788075,10.743944347889894
9322.0,224.90040067660124,257.3502712246807,10.743698830399907
9323.0,224.9918286266453,257.286549444489,10.743453290175482
9324.0,226.0572259022507,257.2228017597115,10.743207727239522
9325.0,225.1004939018739,257.1587522123725,10.742962141614937
9326.0,224.4096277320436,257.0949737391003,10.742716533324636
9327.0,224.13439770820966,257.03139101124293,10.74247090239153
9328.0,223.78004100459967,256.96788626522556,10.742225248838539
9329.0,225.01425334476951,256.9044819202743,10.741979572688575
9330.0,225.40883978136165,256.84072788182664,10.741733873964556
9331.0,226.7965977442611,256.77686204388857,10.741488152689406
9332.0,224.63438053059372,256.712603007861,10.741242408886048
9333.0,224.8824882474431,256.648956600044,10.740996642577409
9334.0,225.29728369963777,256.58523989504056,10.74075085378641
9335.0,224.59687323301452,256.521405664659,10.740505042535988
9336.0,224.29401302474955,256.4577698839097,10.74025920884907
9337.0,225.7324541720089,256.39421991355266,10.740013352748589
9338.0,226.90719560432726,256.3302623848706,10.73976747425748
9339.0,225.1871581914107,256.2659720127827,10.739521573398688
9340.0,223.33114696598872,256.20216898462843,10.739275650195145
9341.0,224.85659479319295,256.13889182632147,10.739029704669797
9342.0,224.4034044769884,256.0751824577967,10.738783736845585
9343.0,226.02131549859376,256.0116014931949,10.73853774674546
9344.0,225.1176715415387,255.94756212047025,10.738291734392364
9345.0,224.48299278963808,255.88377878020015,10.73804569980925
9346.0,224.52366376735876,255.82017526557644,10.737799643019072
9347.0,224.93398506692378,255.75656022750903,10.737553564044784
9348.0,225.56689676206557,255.69282893174008,10.737307462909339
9349.0,225.5034831363129,255.62891831099085,10.7370613396357
9350.0,223.98390977626582,255.56502565743557,10.736815194246827
9351.0,225.90661302073894,255.5015635496656,10.73656902676568
9352.0,225.0154852568192,255.4375566759764,10.736322837215225
9353.0,225.5853414964543,255.37380228848693,10.73607662561843
9354.0,224.46526739378305,255.30988644172962,10.735830391998261
9355.0,224.60754368557306,255.2462879493014,10.735584136377694
9356.0,224.58621765534176,255.18264914525716,10.735337858779696
9357.0,224.788749061262,255.11901638358816,10.735091559227245
9358.0,224.87201951890162,255.05532623802083,10.734845237743318
9359.0,225.22923204934492,254.99161249915713,10.734598894350894
9360.0,225.12877063224,254.9277975500765,10.734352529072954
9361.0,226.53767670655265,254.864011065064,10.734106141932479
9362.0,225.9880430578965,254.79982538999712,10.73385973295246
9363.0,225.45483747059635,254.7357954444641,10.733613302155879
9364.0,224.3287176901074,254.6719165738474,10.733366849565726
9365.0,224.3258661952688,254.6083567705019,10.733120375204996
9366.0,224.28631505848884,254.5447977750799,10.732873879096678
9367.0,225.1375267239209,254.48124998581335,10.73262736126377
9368.0,225.2626163722936,254.41746101990822,10.732380821729267
9369.0,223.83719444954025,254.35363661193608,10.73213426051617
9370.0,225.05146805602843,254.29021607350873,10.731887677647482
9371.0,224.56531126019905,254.22645149089283,10.731641073146204
9372.0,225.02930636243,254.1628246527024,10.731394447035344
9373.0,224.80991713804104,254.09906634923306,10.731147799337906
9374.0,225.2234719711396,254.03537020604395,10.730901130076901
9375.0,223.67886944802376,253.97155688898548,10.730654439275343
9376.0,225.5809294939388,253.9081812093085,10.730407726956242
9377.0,225.38645223571424,253.84426661261853,10.730160993142617
9378.0,224.5240582892568,253.7804071178184,10.729914237857484
9379.0,225.36044235668223,253.71679196796978,10.72966746112386
9380.0,225.7370214161105,253.6529398426354,10.72942066296477
9381.0,225.2005713504689,253.58898101990084,10.729173843403238
9382.0,224.37210345991363,253.52517419135154,10.728927002462285
9383.0,225.9977769154254,253.46160209537123,10.728680140164943
9384.0,224.56305453852502,253.3975693919119,10.728433256534242
9385.0,223.28930645693907,253.333943193126,10.72818635159321
9386.0,223.3568630707138,253.2706778896299,10.727939425364882
9387.0,224.236989304388,253.2073934450932,10.727692477872294
9388.0,224.46744536371918,253.14385963145693,10.727445509138484
9389.0,224.79053047052886,253.08026052193722,10.727198519186489
9390.0,224.93566194139382,253.01656987163724,10.726951508039356
9391.0,224.1715126730891,252.95283810075384,10.72670447572012
9392.0,224.8399797267716,252.88932283882983,10.726457422251833
9393.0,225.53048869575824,252.82561817790724,10.72621034765754
9394.0,225.44273271635362,252.76171787277676,10.725963251960293
9395.0,225.3402163769853,252.69784243184048,10.72571613518314
9396.0,225.32454238331283,252.63399603720032,10.725468997349136
9397.0,225.0344315274783,252.5701540835251,10.725221838481334
9398.0,224.92826610052484,252.50639432792565,10.724974658602793
9399.0,225.35810104093733,252.4426646525305,10.724727457736574
9400.0,225.83128891146276,252.37881319056893,10.724480235905736
9401.0,224.91931128460666,252.3148276587107,10.724232993133343
9402.0,225.07596148284478,252.2511005205134,10.723985729442457
9403.0,225.8546604674113,252.18732899809325,10.72373844485615
9404.0,224.7262265084935,252.1233368442942,10.723491139397487
9405.0,225.3944278364739,252.05966441345012,10.723243813089539
9406.0,224.35689953579262,251.99580265889642,10.722996465955381
9407.0,226.55063070334032,251.93223487069466,10.722749098018088
9408.0,224.99015968296564,251.86804552532874,10.722501709300735
9409.0,226.37468285931507,251.80429831341857,10.722254299826403
9410.0,224.68401292378542,251.74015881994177,10.72200686961817
9411.0,225.97305215553612,251.67649834961335,10.721759418699119
9412.0,224.53873437246907,251.6124726515026,10.721511947092335
9413.0,225.3492057145723,251.54885334343038,10.721264454820904
9414.0,223.672753693211,251.48500440181124,10.721016941907916
9415.0,224.71517962983242,251.42163045493152,10.720769408376457
9416.0,225.1452640494094,251.3579611540364,10.720521854249624
9417.0,225.87055356251275,251.29416999588906,10.720274279550509
9418.0,223.16368658355285,251.23017333904636,10.720026684302209
9419.0,223.8407833804077,251.1669436278477,10.719779068527819
9420.0,225.48443711563564,251.10352207255661,10.719531432250442
9421.0,225.614871426825,251.03963481537386,10.719283775493182
9422.0,224.45360451638206,250.97571060180292,10.719036098279137
9423.0,223.245029630133,250.9121154138566,10.718788400631412
9424.0,224.39056214553457,250.84886265546143,10.71854068257312
9425.0,224.64843637243143,250.7852853295202,10.71829294412737
9426.0,224.81459883538693,250.7216349392147,10.718045185317267
9427.0,224.19964001086075,250.65793746954466,10.717797406165934
9428.0,225.18941055553694,250.59441423820826,10.717549606696476
9429.0,224.2958467249074,250.53061057188415,10.717301786932014
9430.0,225.04928994281937,250.4670600819788,10.71705394689567
9431.0,224.37500262096873,250.40329611649497,10.71680608661056
9432.0,224.41175311918022,250.3397231990857,10.71655820609981
9433.0,223.98646201735528,250.27613986903526,10.716310305386544
9434.0,224.80680926869866,250.21267703813035,10.716062384493885
9435.0,225.15349935676227,250.1489817755042,10.715814443444966
9436.0,224.73500239361488,250.08518828401978,10.715566482262917
9437.0,224.10472060386718,250.02151336667495,10.715318500970866
9438.0,225.13732769535613,249.95801702917055,10.715070499591949
9439.0,225.03382719164853,249.89422811965687,10.714822478149301
9440.0,224.51368467574025,249.83046853528592,10.714574436666064
9441.0,225.30617200691054,249.76685632462778,10.714326375165372
9442.0,226.80034938760863,249.7030195758925,10.714078293670372
9443.0,223.43900629648493,249.63875947689937,10.7138301922042
9444.0,224.08048280604302,249.57545175844865,10.71358207079001
9445.0,224.5197211543222,249.5119622883203,10.71333392945094
9446.0,225.57727797122027,249.44834836732656,10.713085768210144
9447.0,225.79131812829877,249.38443480523466,10.712837587090771
9448.0,225.7735526176416,249.32046059843165,10.712589386115974
9449.0,226.5864159019409,249.25649142518998,10.71234116530891
9450.0,224.5064240152887,249.1922919406844,10.712092924692731
9451.0,225.50274086696317,249.1286817872134,10.7118446642906
9452.0,225.32609050292342,249.06478934396773,10.711596384125675
9453.0,224.20174637457072,249.0009469516586,10.711348084221113
9454.0,224.86906187536292,248.93742312351912,10.711099764600085
9455.0,224.8589790352318,248.87371022265444,10.710851425285753
9456.0,226.44725291782117,248.8100001785945,10.710603066301285
9457.0,223.84279522010416,248.7458401236011,10.710354687669847
9458.0,224.4071832390041,248.68241799828877,10.710106289414616
9459.0,227.03633635737447,248.61883596303775,10.70985787155876
9460.0,225.56925006013657,248.55450900106982,10.709609434125456
9461.0,224.69450731636394,248.49059771355277,10.70936097713788
9462.0,224.19603257426857,248.42693426981316,10.70911250061921
9463.0,224.06432986585736,248.3634120605838,10.708864004592625
9464.0,225.65475832939052,248.2999271671218,10.70861548908131
9465.0,224.51806090364036,248.23599165226184,10.708366954108447
9466.0,225.23891776372722,248.17237820167247,10.708118399697222
9467.0,224.01163583655168,248.1085605083061,10.707869825870821
9468.0,223.60560076356245,248.0450905448191,10.707621232652434
9469.0,224.9716417010722,247.98173562460275,10.707372620065254
9470.0,224.51752047738952,247.91799365945414,10.707123988132473
9471.0,225.60650480440464,247.8543803619856,10.706875336877282
9472.0,225.40524735111725,247.79045851895768,10.706626666322881
9473.0,226.47446519794497,247.7265936988749,10.706377976492469
9474.0,225.1359499881877,247.66242593373545,10.706129267409244
9475.0,225.2727882050804,247.59863741457215,10.705880539096407
9476.0,225.3472074306864,247.53481012458073,10.705631791577165
9477.0,224.29299723161625,247.47096174914205,10.705383024874719
9478.0,225.06536296081012,247.4074120665931,10.705134239012281
9479.0,225.4082504150363,247.34364354708754,10.704885434013057
9480.0,224.184145205257,247.2797778761366,10.704636609900259
9481.0,226.0490553788855,247.21625903499512,10.7043877666971
9482.0,224.35556794086918,247.15221180263774,10.70413890442679
9483.0,225.4518262355756,247.08864439172117,10.703890023112553
9484.0,224.10822630919816,247.0247663742878,10.703641122777599
9485.0,224.96606458458325,246.96126904350018,10.703392203445151
9486.0,224.0637567205216,246.89752865853453,10.703143265138433
9487.0,224.61443073874838,246.83404392746374,10.702894307880667
9488.0,225.6178388876079,246.77040317208773,10.702645331695074
9489.0,224.80779073578745,246.70647811773622,10.702396336604885
9490.0,224.6973647903493,246.64278257702776,10.702147322633326
9491.0,224.83258665233308,246.5791183236705,10.701898289803628
9492.0,225.33128043201484,246.51541575745233,10.701649238139025
9493.0,224.85281708514898,246.45157189466323,10.701400167662749
9494.0,225.5637719464846,246.3878635964891,10.701151078398036
9495.0,224.17648210782613,246.32395386110423,10.700901970368122
9496.0,226.58427144678262,246.2604371911737,10.700652843596249
9497.0,226.38753031016802,246.19623831426375,10.700403698105653
9498.0,225.02188447116632,246.13209518067586,10.700154533919582
9499.0,223.49850501341,246.06833898007568,10.699905351061277
9500.0,225.30794468126115,246.00501440365522,10.699656149553984
9501.0,224.8379998088845,245.94117715266222,10.699406929420954
9502.0,224.87938346469744,245.87747305271637,10.699157690685434
9503.0,224.42292829591145,245.8137572274014,10.698908433370672
9504.0,224.2708254588313,245.75017073105087,10.69865915749993
9505.0,224.73700852827142,245.68662733050422,10.698409863096453
9506.0,224.3827019390942,245.62295184475457,10.698160550183502
9507.0,225.22708275217366,245.55937674587184,10.697911218784336
9508.0,224.82142511300975,245.49556240575873,10.697661868922214
9509.0,227.161216116695,245.4318630019767,10.697412500620397
9510.0,226.7813431562702,245.36750065741032,10.697163113902148
9511.0,224.01109684664118,245.303245943516,10.696913708790733
9512.0,225.0437283446864,245.23977613274283,10.696664285309417
9513.0,223.50414247045953,245.17601374304516,10.69641484348147
9514.0,224.13842802778288,245.1126875693452,10.696165383330163
9515.0,225.7105059357982,245.049181681404,10.695915904878769
9516.0,224.53745054767603,244.98523037138887,10.695666408150558
9517.0,223.41316482682726,244.921611427067,10.695416893168806
9518.0,226.79872839972853,244.85831103036605,10.695167359956793
9519.0,224.03666609282865,244.79405139065278,10.694917808537795
9520.0,224.84043514638554,244.7305743352598,10.694668238935094
9521.0,226.39214086836614,244.66686954530164,10.694418651171969
9522.0,225.5218041821325,244.60272510538894,10.694169045271707
9523.0,224.82784591800333,244.53882726087068,10.693919421257593
9524.0,225.41711500212745,244.47512603786058,10.693669779152915
9525.0,226.32145455633443,244.41125785527666,10.693420118980958
9526.0,224.4246725445331,244.3471334431524,10.693170440765016
9527.0,225.4758819166996,244.28354645259807,10.692920744528383
9528.0,225.20075894318805,244.21966161938832,10.692671030294347
9529.0,225.32781300868754,244.15585473768775,10.69242129808621
9530.0,224.6912479739434,244.09201185733525,10.692171547927265
9531.0,226.40387682846756,244.02834933707595,10.691921779840813
9532.0,224.74912269899434,243.96420157197454,10.691671993850152
9533.0,224.4610891352899,243.90052265387646,10.691422189978587
9534.0,224.71194676753987,243.83692534528814,10.691172368249422
9535.0,224.71900073239314,243.77325696037067,10.690922528685963
9536.0,223.64570910132522,243.70958657682982,10.690672671311514
9537.0,225.33877368892118,243.64622029258447,10.690422796149386
9538.0,223.6741412988528,243.5823743067059,10.690172903222892
9539.0,225.8868707934585,243.51899996667126,10.68992299255534
9540.0,223.96383435655576,243.4549986866131,10.689673064170048
9541.0,224.9685367487974,243.39154226687873,10.689423118090328
9542.0,226.89852280818502,243.32780118146658,10.689173154339498
9543.0,224.35084739845274,243.26351326667097,10.688923172940878
9544.0,226.33299391011207,243.1999471932414,10.688673173917792
9545.0,225.18416256186964,243.13581951163354,10.688423157293556
9546.0,224.21232685265747,243.072017332241,10.688173123091493
9547.0,223.83988625927597,243.00849050629944,10.687923071334936
9548.0,225.08469625259895,242.94506920519265,10.687673002047205
9549.0,225.67488915606063,242.88129520792108,10.687422915251634
9550.0,225.57295104661648,242.8173539893269,10.687172810971548
9551.0,224.14811459853897,242.753441653197,10.686922689230283
9552.0,224.24779756552226,242.68993302072744,10.686672550051174
9553.0,225.22186692408616,242.62639614475052,10.686422393457553
9554.0,224.30761004943722,242.56258328245536,10.686172219472754
9555.0,223.81691981234053,242.49902945960804,10.685922028120121
9556.0,225.10523478091483,242.43561466566118,10.685671819422994
9557.0,223.85023783880865,242.37183484913996,10.685421593404712
9558.0,223.82528518338762,242.30841061508562,10.68517135008862
9559.0,226.24508548569963,242.24499345095032,10.684921089498062
9560.0,224.98479380846783,242.18089067672935,10.684670811656385
9561.0,225.0824570962636,242.11714498515028,10.684420516586936
9562.0,224.20513570283546,242.05337162230634,10.684170204313066
9563.0,224.8938230725208,241.9898468338572,10.683919874858127
9564.0,223.86447693612098,241.92612691731995,10.683669528245472
9565.0,225.68794352292423,241.86269864885472,10.683419164498455
9566.0,225.03402003549567,241.79875373152322,10.683168783640431
9567.0,226.14885486435745,241.73499409251315,10.682918385694759
9568.0,225.53655684503883,241.67091858363491,10.682667970684799
9569.0,224.3339131206353,241.6070165591955,10.68241753863391
9570.0,225.5560896343305,241.5434552838113,10.682167089565457
9571.0,224.3853538462735,241.47954772508157,10.681916623502802
9572.0,225.06020804354324,241.41597187482515,10.681666140469313
9573.0,223.65383124791512,241.35220481587947,10.681415640488357
9574.0,226.7079230613101,241.28883623035924,10.681165123583302
9575.0,224.4200905851169,241.22460231882516,10.680914589777517
9576.0,224.31974347005195,241.16101662649277,10.680664039094376
9577.0,225.4959818897081,241.09745936584292,10.680413471557252
9578.0,225.5273884888088,241.03356883764081,10.680162887189521
9579.0,226.24743160081954,240.9696694109023,10.679912286014558
9580.0,224.0900845221319,240.9055659719487,10.679661668055743
9581.0,225.03512570711078,240.84207378133414,10.679411033336457
9582.0,224.92049017358084,240.77831382905046,10.67916038188008
9583.0,226.10072469222487,240.7145863568346,10.678909713709995
9584.0,223.73814786659847,240.65052448483846,10.678659028849586
9585.0,225.2231780085294,240.5871320096096,10.67840832732224
9586.0,224.28202721163194,240.5233187758405,10.678157609151343
9587.0,225.48772208591257,240.4597722014639,10.67790687436029
9588.0,224.24774765128996,240.39588401353953,10.677656122972463
9589.0,224.754406494961,240.332347151705,10.677405355011262
9590.0,225.68154901894192,240.26866673653146,10.677154570500075
9591.0,223.6865759475538,240.2047236309761,10.676903769462303
9592.0,223.81436418504242,240.141345767791,10.67665295192134
9593.0,226.20498878136127,240.07793169793854,10.676402117900585
9594.0,225.57540511180153,240.0138402844505,10.676151267423437
9595.0,225.10549432170842,239.94992725300216,10.6759004005133
9596.0,224.86348309520275,239.88614736294434,10.675649517193575
9597.0,227.12480127031338,239.82243604273404,10.675398617487668
9598.0,224.6598823042321,239.75808401570742,10.675147701418984
9599.0,225.07892513698616,239.6944303823879,10.67489676901093
9600.0,225.60148354629757,239.63065802026577,10.67464582028692
9601.0,225.56831653367922,239.56673759992765,10.674394855270359
9602.0,225.0210184192768,239.5028265769098,10.67414387398466
9603.0,222.97069259414184,239.439070621691,10.673892876453241
9604.0,225.10475106954104,239.37589559212265,10.673641862699515
9605.0,224.33815140174747,239.31211591265296,10.673390832746897
9606.0,225.3134294892316,239.24855343642247,10.673139786618806
9607.0,225.7226567440905,239.1847146314005,10.672888724338668
9608.0,224.46626903027152,239.12075987865637,10.672637645929896
9609.0,223.89385020166296,239.05716110243108,10.672386551415915
9610.0,224.61855856671644,238.99372451154065,10.672135440820151
9611.0,224.79414253069376,238.93008258661342,10.671884314166032
9612.0,223.93528870547195,238.8663909128964,10.671633171476978
9613.0,226.4751600698187,238.80294258109652,10.671382012776427
9614.0,225.68562551169967,238.73877461907674,10.671130838087805
9615.0,224.2679876680525,238.6748303585151,10.670879647434543
9616.0,225.90150577504352,238.61128776200917,10.670628440840074
9617.0,224.44703235994191,238.5472823353729,10.670377218327834
9618.0,224.677733624999,238.48368900953756,10.67012597992126
9619.0,223.94220124075525,238.4200303183438,10.66987472564379
9620.0,223.98453607362808,238.35658002799227,10.669623455518861
9621.0,224.85951028354887,238.2931177427714,10.669372169569916
9622.0,224.86422413199836,238.22940754819106,10.669120867820395
9623.0,225.29696080699796,238.16569601802033,10.668869550293744
9624.0,224.9470036682902,238.10186187912498,10.668618217013409
9625.0,224.72356404746748,238.03812689475228,10.668366868002833
9626.0,225.55836198997457,237.9744552182722,10.668115503285469
9627.0,224.2039035839457,237.91054701570835,10.66786412288476
9628.0,225.96988603505056,237.84702257635956,10.667612726824162
9629.0,226.57673477079234,237.78299777531626,10.667361315127128
9630.0,225.49634883803165,237.71880103379786,10.667109887817109
9631.0,224.8872331560667,237.65491040162706,10.666858444917558
9632.0,224.92172034150505,237.59119235223284,10.666606986451939
9633.0,224.30817156357094,237.5274645314694,10.666355512443706
9634.0,224.8068724896232,237.4639105495264,10.666104022916322
9635.0,223.97880851344505,237.40021526898764,10.665852517893242
9636.0,225.51811354745888,237.3367546065755,10.665600997397936
9637.0,225.05846000450907,237.27285780773704,10.665349461453863
9638.0,224.51561476288788,237.20909124406907,10.665097910084489
9639.0,225.91078795487343,237.14547848655295,10.664846343313284
9640.0,224.28850394491042,237.08147042996575,10.664594761163714
9641.0,223.4934768887678,237.01792202051467,10.66434316365925
9642.0,224.84622822480134,236.95459886872953,10.664091550823363
9643.0,223.5097752580727,236.89089243739917,10.663839922679525
9644.0,224.8807617766253,236.82756466774273,10.66358827925121
9645.0,225.59306540650863,236.76384845190606,10.663336620561894
9646.0,225.58173725628058,236.69993041670753,10.663084946635058
9647.0,225.6798692944635,236.6360155911516,10.66283325749417
9648.0,223.8592843223285,236.57207296151813,10.662581553162722
9649.0,224.7998386033441,236.50864616429345,10.662329833664188
9650.0,224.52103077868023,236.44495287668917,10.662078099022054
9651.0,225.41528463698677,236.38133858463522,10.661826349259801
9652.0,225.14027610466076,236.31747092065476,10.661574584400917
9653.0,225.32244027140425,236.25368117575846,10.661322804468888
9654.0,224.5903634836604,236.18983981768153,10.6610710094872
9655.0,225.57652185164653,236.12620588136113,10.660819199479347
9656.0,225.37284232421365,236.06229253350318,10.660567374468817
9657.0,224.93761507126476,235.99843689484464,10.660315534479107
9658.0,225.0267412905599,235.93470457057447,10.660063679533703
9659.0,223.7607231180118,235.87094699387546,10.659811809656109
9660.0,224.56227824351166,235.8075481223254,10.659559924869816
9661.0,223.9525835315314,235.74392214348975,10.659308025198323
9662.0,224.68452329795218,235.68046891148916,10.65905611066513
9663.0,225.23907349932358,235.61680829655475,10.658804181293739
9664.0,225.54941513803564,235.5529905590633,10.658552237107653
9665.0,226.04532927473565,235.48908489144085,10.658300278130373
9666.0,223.42848805559484,235.42503871481304,10.658048304385403
9667.0,224.26080191157746,235.36173397653062,10.657796315896254
9668.0,224.42278512910562,235.298193415989,10.65754431268643
9669.0,224.2150774373722,235.23460696020243,10.65729229477944
9670.0,224.57778113950485,235.1710793549285,10.657040262198796
9671.0,225.75779669150228,235.10744898360562,10.656788214968014
9672.0,224.68538985982053,235.043484274543,10.656536153110597
9673.0,225.1842292707256,234.97982341408274,10.656284076650072
9674.0,225.25209399005055,234.91602121578939,10.656031985609944
9675.0,225.66486245410422,234.85219978915887,10.655779880013737
9676.0,225.85901927609038,234.78826141146354,10.655527759884967
9677.0,225.56225282287502,234.7242680226686,10.655275625247155
9678.0,225.14153906852175,234.66035871770217,10.655023476123821
9679.0,225.78323883663504,234.59656861496606,10.654771312538491
9680.0,224.51995723490978,234.5325966972957,10.654519134514686
9681.0,225.0757408878945,234.46898270941247,10.654266942075932
9682.0,224.30505765452568,234.40521124949427,10.654014735245758
9683.0,224.63168973497093,234.3416581498255,10.653762514047688
9684.0,224.5997873902356,234.27801250440058,10.653510278505255
9685.0,226.00902778474907,234.21437589797333,10.653258028641986
9686.0,225.213484104245,234.15034000676766,10.65300576448142
9687.0,225.9367982819913,234.08652951960477,10.652753486047086
9688.0,224.62132409531168,234.02251409342486,10.652501193362518
9689.0,224.75251407220156,233.95887138493123,10.652248886451252
9690.0,225.2061037675692,233.8951915059441,10.651996565336828
9691.0,224.50396879197777,233.83138310987664,10.651744230042786
9692.0,224.95688650080334,233.76777365205223,10.651491880592662
9693.0,225.41479985449777,233.70403586754364,10.651239517009996
9694.0,224.941027333824,233.6401683409182,10.650987139318339
9695.0,225.35307550053454,233.57643504984028,10.650734747541227
9696.0,225.0372527958456,233.5125850117818,10.65048234170221
9697.0,224.71092250275663,233.44882445682296,10.650229921824833
9698.0,223.6709643380121,233.38515636211383,10.649977487932643
9699.0,225.46482859040748,233.32178292221803,10.64972504004919
9700.0,226.04555676066832,233.2579012207841,10.649472578198026
9701.0,224.88418284651286,233.1938549797019,10.649220102402703
9702.0,224.79113564281818,233.13013779456207,10.648967612686773
9703.0,224.42319254571947,233.06644697279663,10.648715109073793
9704.0,224.1454034689464,233.00286040157536,10.648462591587313
9705.0,223.89654630622385,232.9393525372591,10.648210060250896
9706.0,225.8767449100581,232.87591518247237,10.647957515088097
9707.0,224.2762523916897,232.81191677141453,10.647704956122476
9708.0,224.60563461160797,232.7483718332369,10.647452383377598
9709.0,223.791140141952,232.6847335700969,10.647199796877018
9710.0,224.57912862189784,232.62132608039005,10.646947196644309
9711.0,225.16113630779492,232.55769532728053,10.646694582703027
9712.0,224.967327127119,232.49389967199335,10.64644195507674
9713.0,223.57710502160532,232.4301589293073,10.646189313789023
9714.0,225.68267777957476,232.36681208288454,10.645936658863436
9715.0,224.92570168880854,232.30286865751364,10.64568399032355
9716.0,225.13422280077356,232.23913970870177,10.645431308192938
9717.0,224.80119543688681,232.1753516789082,10.645178612495174
9718.0,225.30716277802208,232.1116580068678,10.644925903253831
9719.0,224.8729365146709,232.04782097741403,10.644673180492482
9720.0,224.89535559477827,231.9841069787349,10.644420444234704
9721.0,224.287879936236,231.92038662798305,10.644167694504075
9722.0,225.2704970217688,231.85683839533445,10.643914931324176
9723.0,226.75708425134894,231.7930117545116,10.643662154718582
9724.0,226.2077683611236,231.72876391397372,10.64340936471088
9725.0,225.83149682100048,231.66467171293806,10.643156561324648
9726.0,224.14993940995888,231.60068612217208,10.642903744583473
9727.0,224.7112140282764,231.53717697267257,10.642650914510936
9728.0,224.90739842904304,231.47350879536455,10.642398071130629
9729.0,224.64759263305274,231.40978503247635,10.642145214466131
9730.0,225.68187353639578,231.3461348812303,10.641892344541041
9731.0,224.92270978501043,231.2821916837283,10.641639461378944
9732.0,226.29817748575118,231.21846358262258,10.64138656500343
9733.0,225.50217131588283,231.15434576566827,10.641133655438091
9734.0,225.06512496924668,231.09045348379544,10.640880732706528
9735.0,224.98409528762878,231.0266850317208,10.640627796832325
9736.0,224.36449614222116,230.962939538056,10.640374847839086
9737.0,224.16990424133397,230.8993695974824,10.640121885750405
9738.0,224.32890753094614,230.8358547912807,10.639868910589884
9739.0,225.06247418390137,230.77229493414694,10.639615922381116
9740.0,224.98983833437674,230.70852723312814,10.639362921147713
9741.0,225.54202697421917,230.64478011226674,10.639109906913266
9742.0,225.4823810575971,230.58087653795735,10.638856879701384
9743.0,224.6507880290453,230.51698986332437,10.638603839535671
9744.0,224.3842883269271,230.45333880671615,10.638350786439732
9745.0,224.55214877466855,230.38976325835682,10.638097720437175
9746.0,225.5700706577032,230.32614014953734,10.637844641551611
9747.0,224.9797019446997,230.26222862951767,10.637591549806643
9748.0,225.11438038017727,230.19848438063332,10.637338445225886
9749.0,225.2324429902188,230.13470197285895,10.637085327832953
9750.0,225.5395043666795,230.0708861140117,10.636832197651454
9751.0,224.27286993234702,230.00698325444114,10.636579054705006
9752.0,224.15263542228678,229.94343927462697,10.636325899017223
9753.0,224.32849810471714,229.8799293612573,10.63607273061172
9754.0,224.01801700431125,229.81636962012763,10.635819549512116
9755.0,226.5630958417744,229.75289784864307,10.635566355742034
9756.0,225.52343635806014,229.6887049714879,10.63531314932509
9757.0,224.64213426076788,229.62480666451978,10.635059930284903
9758.0,225.57496542344037,229.56115805981256,10.634806698645102
9759.0,225.1978902963232,229.49724515294255,10.634553454429305
9760.0,225.49658278202287,229.4334390840253,10.63430019766114
9761.0,224.69238232726437,229.3695483855704,10.634046928364235
9762.0,226.58724947053435,229.30588554391102,10.633793646562212
9763.0,225.27763302462031,229.24168582322767,10.633540352278706
9764.0,224.43998819804423,229.17785716053737,10.63328704553734
9765.0,223.47832547191175,229.11426583054788,10.633033726361747
9766.0,225.36371896580698,229.05094697166422,10.63278039477556
9767.0,225.2326053044025,228.98709391795722,10.632527050802413
9768.0,225.86333387989916,228.923278013121,10.632273694465937
9769.0,224.9721409977738,228.85928340185504,10.632020325789773
9770.0,224.6645807203169,228.795541295239,10.63176694479755
9771.0,225.42739894575922,228.7318863307016,10.63151355151291
9772.0,225.98483107282883,228.66801523433364,10.63126014595949
9773.0,225.3513982363525,228.603986198863,10.631006728160934
9774.0,225.5152264145922,228.5401366360294,10.63075329814088
9775.0,224.54005666051904,228.47624065521194,10.630499855922968
9776.0,225.33598981208692,228.41262097249145,10.630246401530846
9777.0,225.00243942736992,228.34877577537802,10.629992934988156
9778.0,225.54525235098154,228.28502508420695,10.629739456318543
9779.0,225.20314310556512,228.2211205960408,10.629485965545658
9780.0,224.43450785332564,228.15731303882757,10.629232462693142
9781.0,224.08134372640734,228.09372326160243,10.628978947784653
9782.0,225.0504175495729,228.03023354754663,10.628725420843832
9783.0,225.083160776712,227.9664692625743,10.628471881894336
9784.0,225.61971197450154,227.90269570035423,10.628218330959816
9785.0,225.67292866290995,227.83877011529478,10.627964768063922
9786.0,224.5873532078402,227.77482945217363,10.627711193230315
9787.0,224.29691697643239,227.71119636876477,10.627457606482647
9788.0,226.94710961977742,227.64764557562145,10.627204007844577
9789.0,224.36204351298642,227.58334389456252,10.62695039733976
9790.0,225.1887265347088,227.51977464890052,10.626696774991858
9791.0,224.77870090922434,227.45597117638238,10.62644314082453
9792.0,223.7831206534448,227.39228387779144,10.626189494861437
9793.0,224.65149647370149,227.32887866027295,10.62593583712624
9794.0,224.57278571763698,227.2652274029387,10.625682167642605
9795.0,223.71258670403807,227.20159844698537,10.625428486434195
9796.0,225.09879218597854,227.1382132140859,10.625174793524678
9797.0,224.90838399582387,227.0744352229665,10.624921088937718
9798.0,224.5714489998032,227.01071118083436,10.624667372696985
9799.0,224.1908173633593,226.94708260361776,10.624413644826147
9800.0,225.60443168870776,226.88356187203144,10.624159905348874
9801.0,224.30932689293581,226.8196406163863,10.623906154288838
9802.0,225.65308642218508,226.75608630709996,10.623652391669706
9803.0,224.83498283138871,226.692151265947,10.623398617515159
9804.0,223.42428822495452,226.62844802081142,10.623144831848867
9805.0,225.71839827216044,226.56514447248105,10.622891034694508
9806.0,224.41447589854204,226.50119092630393,10.622637226075756
9807.0,225.19074688914995,226.43760682479933,10.62238340601629
9808.0,223.93234696137313,226.37380277984738,10.622129574539787
9809.0,225.81064239961387,226.31035528154166,10.621875731669927
9810.0,223.87214031681492,226.24637559952845,10.621621877430394
9811.0,225.88142080748764,226.182945159772,10.621368011844869
9812.0,224.36372821818037,226.11894542387657,10.621114134937027
9813.0,224.46965971243492,226.0553757008814,10.620860246730564
9814.0,225.14710576188187,225.9917759639629,10.620606347249158
9815.0,225.29049847596323,225.92798428399706,10.620352436516495
9816.0,224.9762412490947,225.8641519760955,10.620098514556265
9817.0,223.204892213133,225.8004087077416,10.619844581392151
9818.0,225.58902959405387,225.73716732161458,10.61959063704785
9819.0,224.76595646911792,225.67325042989629,10.619336681547047
9820.0,224.0620644887228,225.60956674223004,10.619082714913432
9821.0,225.77246679097735,225.5460824906249,10.618828737170702
9822.0,224.81013334695442,225.48211362503412,10.618574748342548
9823.0,224.52108079969034,225.41841742058583,10.618320748452666
9824.0,225.1013856359767,225.35480311435924,10.618066737524746
9825.0,225.60545588873248,225.29102438842907,10.617812715582488
9826.0,225.7837836065131,225.22710284259392,10.617558682649593
9827.0,224.42320885832487,225.16313077057208,10.617304638749752
9828.0,224.88207053422303,225.0995441947289,10.617050583906673
9829.0,225.3023485522508,225.03582760807754,10.616796518144051
9830.0,225.28608272733402,224.97199194265443,10.616542441485587
9831.0,225.0000760869657,224.90816088588167,10.616288353954987
9832.0,224.42233207048568,224.84441086432366,10.616034255575952
9833.0,225.09550192479514,224.7808245369037,10.615780146372188
9834.0,223.42241538247367,224.71704747802502,10.6155260263674
9835.0,224.54251034296456,224.6537444603333,10.615271895585296
9836.0,225.78948308499122,224.59012408240278,10.61501775404958
9837.0,225.39465259413188,224.5261503955287,10.614763601783967
9838.0,225.59282473346815,224.4622885772937,10.61450943881216
9839.0,224.81958557972825,224.39837061028587,10.61425526515787
9840.0,223.8442289634986,224.33467172770494,10.614001080844817
9841.0,225.96085145948044,224.27124919616526,10.613746885896704
9842.0,224.55759273621558,224.20722695491835,10.613492680337247
9843.0,224.57778739842072,224.1436023036431,10.613238464190164
9844.0,225.45934201609543,224.0799719305469,10.612984237479166
9845.0,224.66210160633463,224.0160917836423,10.612730000227975
9846.0,225.8768728724099,223.9524375215205,10.612475752460306
9847.0,225.82163149618563,223.88843907420667,10.612221494199872
9848.0,225.05009309102326,223.82445627861608,10.611967225470401
9849.0,226.06622550557455,223.76069208557362,10.611712946295611
9850.0,224.45560839897414,223.69663998834702,10.611458656699222
9851.0,225.54575312950126,223.63304423263398,10.611204356704956
9852.0,224.57829763548204,223.56913960258063,10.610950046336537
9853.0,224.16209586316978,223.50550908491724,10.61069572561769
9854.0,224.73419988434483,223.44199649108933,10.610441394572142
9855.0,224.46313606962204,223.37832180112207,10.610187053223616
9856.0,225.50959121871793,223.314723912569,10.609932701595842
9857.0,224.3766751544678,223.2508295283904,10.609678339712543
9858.0,224.5915785406782,223.18725613709663,10.609423967597456
9859.0,225.96916443232442,223.1236218565101,10.609169585274307
9860.0,223.73678652106213,223.05959725992096,10.608915192766828
9861.0,223.80078219928953,222.99620517040668,10.608660790098748
9862.0,224.55619595621843,222.93279494878354,10.608406377293804
9863.0,224.08697760791767,222.86917069326262,10.608151954375728
9864.0,224.35942479504416,222.80567938294035,10.607897521368255
9865.0,225.66685268543216,222.74211087924843,10.607643078295121
9866.0,225.0693383714346,222.6781719376542,10.607388625180063
9867.0,224.0530109327639,222.61440229178228,10.607134162046817
9868.0,223.89094738344022,222.55092060535134,10.606879688919127
9869.0,225.60520695612047,222.48748483692606,10.606625205820725
9870.0,226.48965633088102,222.42356336162186,10.606370712775357
9871.0,226.04217180628,222.3593912923281,10.606116209806762
9872.0,224.08751566353527,222.2953460103163,10.605861696938684
9873.0,225.16119773961373,222.23185454754497,10.605607174194866
9874.0,225.744760390605,222.1680588748521,10.605352641599048
9875.0,223.95448828319223,222.10409785940809,10.605098099174981
9876.0,224.29992314427142,222.04064408772786,10.604843546946409
9877.0,223.3699264693536,221.97709244283695,10.604588984937077
9878.0,224.00406716063782,221.91380429700396,10.604334413170733
9879.0,224.84536617777806,221.8503364779751,10.604079831671129
9880.0,225.15573660057248,221.78663029089142,10.603825240462013
9881.0,223.94092457004075,221.72283616552127,10.603570639567137
9882.0,224.97016509284512,221.65938623689308,10.60331602901025
9883.0,224.07264137341284,221.59564469011676,10.603061408815105
9884.0,223.73647949917168,221.53215744172766,10.602806779005455
9885.0,224.80643391215045,221.4687654392029,10.602552139605054
9886.0,224.0597229138833,221.40507028292782,10.602297490637659
9887.0,223.24713854414492,221.34158669476892,10.602042832127022
9888.0,225.14958468572584,221.27833333884809,10.601788164096908
9889.0,224.66213568698427,221.21454095652047,10.601533486571066
9890.0,225.52239991701185,221.15088668474252,10.601278799573258
9891.0,224.83599935361127,221.0869886714327,10.601024103127244
9892.0,224.1504415609168,221.0232851382825,10.600769397256785
9893.0,225.89486590055392,220.9597758465069,10.600514681985638
9894.0,225.43105480335618,220.89577230116842,10.600259957337574
9895.0,225.1838601852924,220.8319001689741,10.600005223336344
9896.0,225.32222036115726,220.7680980752549,10.599750480005723
9897.0,225.1693929140192,220.70425677948592,10.59949572736947
9898.0,225.16695481634673,220.64045878482693,10.59924096545135
9899.0,224.90694341695712,220.5766614809623,10.598986194275133
9900.0,226.29860104722212,220.5129378469942,10.598731413864583
9901.0,225.29152918353975,220.4488199100308,10.598476624243473
9902.0,224.81168663889807,220.38498731009545,10.598221825435566
9903.0,224.42591006295694,220.32129066554774,10.597967017464635
9904.0,224.80883362525842,220.2577033243632,10.59771220035445
9905.0,225.849199144281,220.1940074881694,10.597457374128787
9906.0,225.86186318056795,220.13001688174523,10.59720253881141
9907.0,223.79543010256276,220.0660226871774,10.596947694426103
9908.0,225.3115480995904,220.00261398198163,10.59669284099663
9909.0,224.64892899457845,219.93877571002008,10.59643797854677
9910.0,225.0728507039183,219.8751251801383,10.596183107100302
9911.0,225.6662340705223,219.81135453910554,10.595928226680998
9912.0,225.8596828729408,219.74741577278556,10.59567333731264
9913.0,226.3112520790959,219.68342219597153,10.595418439019003
9914.0,225.7411163468212,219.6193006745491,10.595163531823864
9915.0,225.32585411720044,219.55534069158418,10.59490861575101
9916.0,224.58466150595092,219.49149836625097,10.594653690824217
9917.0,224.06040708572587,219.42786604549096,10.594398757067268
9918.0,224.7095141780039,219.36438226348335,10.594143814503946
9919.0,224.81829319034878,219.30071456779962,10.593888863158034
9920.0,225.18320887221068,219.23701605139567,10.593633903053314
9921.0,224.34436292737354,219.17321414221522,10.593378934213575
9922.0,224.73741538189222,219.10964990605245,10.593123956662598
9923.0,225.0171400657135,219.0459743050276,10.592868970424174
9924.0,224.33387870907953,218.98221944867564,10.59261397552209
9925.0,226.0320828461826,218.9186581830414,10.592358971980131
9926.0,225.25242573901895,218.8546157595683,10.592103959822088
9927.0,225.06009595771494,218.79079423894223,10.591848939071754
9928.0,225.10093899273582,218.72702721175423,10.591593909752914
9929.0,223.86278668613963,218.6632486123729,10.591338871889363
9930.0,224.9161056913735,218.59982082281186,10.591083825504892
9931.0,224.86559294651525,218.53609459286596,10.590828770623295
9932.0,224.89684320204796,218.47238267486446,10.590573707268364
9933.0,225.70739463122672,218.40866190262386,10.590318635463897
9934.0,224.26981568001486,218.34471147414502,10.590063555233684
9935.0,223.86164940911863,218.28116835970235,10.589808466601527
9936.0,226.09801822805667,218.21774089236973,10.589553369591219
9937.0,224.50799318035703,218.15367978720514,10.58929826422656
9938.0,224.2525930399151,218.09006918913738,10.589043150531346
9939.0,224.02686942917006,218.02653095444276,10.58878802852938
9940.0,225.65803208943603,217.96305667477114,10.588532898244459
9941.0,224.15657679079226,217.89912023234584,10.588277759700386
9942.0,225.88545267862304,217.83560920225514,10.58802261292096
9943.0,225.64453876790606,217.7716083239962,10.587767457929989
9944.0,225.2623645711554,217.7076757046786,10.587512294751267
9945.0,225.20413139662756,217.6438513680501,10.587257123408605
9946.0,224.40131123737012,217.58004353082106,10.58700194392581
9947.0,224.9324496308093,217.5164631593038,10.586746756326677
9948.0,223.96974787780385,217.45273229857506,10.586491560635022
9949.0,225.02927554252,217.389274203343,10.586236356874648
9950.0,223.89173863582988,217.32551590860592,10.585981145069363
9951.0,224.0972796251998,217.26207991599244,10.585725925242977
9952.0,224.76325428568566,217.19858568676534,10.585470697419295
9953.0,226.4218840796996,217.1349027647177,10.585215461622132
9954.0,224.7256110544117,217.07074989756177,10.584960217875295
9955.0,225.47672070155005,217.00707764109634,10.584704966202601
9956.0,226.55168118909194,216.9431925702309,10.584449706627854
9957.0,225.17690880735645,216.87900292722733,10.584194439174874
9958.0,225.5664622431485,216.8152028030653,10.583939163867472
9959.0,223.90855761986762,216.7512923054297,10.583683880729462
9960.0,225.02598164316078,216.6878515474374,10.583428589784658
9961.0,225.59197588908356,216.62409418597184,10.583173291056877
9962.0,224.7493417885619,216.56017645946997,10.582917984569937
9963.0,225.7074567502235,216.49649747929652,10.582662670347654
9964.0,225.1320285285479,216.4325470332173,10.582407348413847
9965.0,224.09399806586978,216.36875962513417,10.582152018792332
9966.0,225.3763931997079,216.3052663256822,10.58189668150693
9967.0,224.30984421765567,216.2414096809423,10.581641336581464
9968.0,224.58067740051038,216.17785522508063,10.581385984039752
9969.0,224.83091730349534,216.1142240331505,10.581130623905615
9970.0,225.4010503308013,216.05052193991452,10.580875256202876
9971.0,224.72742017308417,215.98665830898747,10.58061988095536
9972.0,225.3489712813829,215.92298553993842,10.580364498186889
9973.0,225.7092610275133,215.85913666474204,10.580109107921288
9974.0,226.49226107838552,215.7951857074509,10.57985371018238
9975.0,225.0922779208133,215.73101290014537,10.579598304993993
9976.0,225.34681959559475,215.66723675473446,10.579342892379954
9977.0,225.3259221631179,215.60338848918238,10.579087472364089
9978.0,225.0133092614708,215.5395461445695,10.578832044970227
9979.0,224.65757653500484,215.47579237361208,10.578576610222193
9980.0,224.4140576560154,215.4121393935938,10.57832116814382
9981.0,225.57483540997765,215.34855541059127,10.578065718758937
9982.0,223.020167695251,215.28464254055845,10.577810262091376
9983.0,224.73974222585878,215.22145349304478,10.577554798164964
9984.0,225.54063407072005,215.15777723274743,10.577299327003539
9985.0,225.54064446670378,215.09387405309405,10.577043848630929
9986.0,225.55303390637928,215.02997087049513,10.576788363070971
9987.0,224.12757047941005,214.966064177555,10.576532870347494
9988.0,226.2614239264816,214.90256136591918,10.576277370484338
9989.0,226.10518182566577,214.83845396247338,10.576021863505336
9990.0,224.63960636558753,214.77439082762277,10.575766349434321
9991.0,225.7709151771142,214.7107429391525,10.575510828295135
9992.0,225.5334753189231,214.64677451318565,10.575255300111612
9993.0,225.40490986444976,214.5828733618453,10.574999764907592
9994.0,225.07212797208058,214.5190086373837,10.574744222706913
9995.0,223.5777769162289,214.45523820112496,10.574488673533413
9996.0,225.08041884680935,214.39189116433204,10.574233117410932
9997.0,225.6578627994022,214.3281183789921,10.573977554363314
9998.0,224.97487817336827,214.26418198453226,10.573721984414396
9999.0,225.50816003585734,214.20043910238311,10.57346640758802
10000.0,225.52003486496517,214.1365451237063,10.573210823908033
10001.0,223.94244266825365,214.07264778049455,10.572955233398273
10002.0,224.8136727952428,214.00919742173858,10.572699636082588
10003.0,225.78851762696544,213.94550021444658,10.57244403198482
10004.0,225.14356079143715,213.88152680111892,10.572188421128814
10005.0,225.70050844437202,213.81773612556137,10.571932803538417
10006.0,224.13602334180305,213.7537876481688,10.571677179237474
10007.0,223.75764890474915,213.69028244155533,10.571421548249836
10008.0,223.8892671772377,213.6268844410323,10.57116591059934
10009.0,224.82560610092935,213.56344914866543,10.570910266309847
10010.0,224.0939133557362,213.49974856027015,10.5706546154052
10011.0,225.81608722146,213.43625528481934,10.570398957909246
10012.0,224.11361372625396,213.37227406010658,10.57014329384584
10013.0,224.50080891679926,213.30877520288414,10.569887623238829
10014.0,224.68615434739098,213.2451666403577,10.569631946112064
10015.0,225.29096396126164,213.18150556329257,10.569376262489403
10016.0,225.54567991810188,213.11767312350358,10.569120572394693
10017.0,225.41546763415187,213.05376851419342,10.568864875851784
10018.0,225.0969525168296,212.98990079836375,10.568609172884537
10019.0,223.72496493917052,212.92612332848395,10.568353463516804
10020.0,225.55858395323298,212.86273458841785,10.568097747772438
10021.0,224.34550357802698,212.79882632296443,10.567842025675295
10022.0,226.06000060901673,212.7352617636173,10.56758629724923
10023.0,224.0425108712069,212.67121143011138,10.567330562518103
10024.0,225.24792297546782,212.60773271869783,10.56707482150577
10025.0,225.05735080651962,212.54391247385476,10.566819074236088
10026.0,224.10519086164533,212.48014622445962,10.566563320732914
10027.0,226.38471717288118,212.41664975371546,10.56630756102011
10028.0,224.80948631148027,212.35250741718315,10.566051795121535
10029.0,225.26956245261525,212.2888113960616,10.565796023061049
10030.0,225.25142161406157,212.22498502003336,10.565540244862511
10031.0,224.45860414599733,212.1611637839094,10.565284460549783
10032.0,226.67311787983405,212.09756717940135,10.565028670146729
10033.0,224.0051020858162,212.03334312933538,10.564772873677212
10034.0,225.43301244486747,211.96987501707773,10.564517071165088
10035.0,225.53327645337785,211.90600233021834,10.56426126263423
10036.0,224.89919951588288,211.84210123522323,10.564005448108494
10037.0,224.05242414077995,211.7783797953604,10.563749627611749
10038.0,223.83644829620928,211.71489827518718,10.563493801167862
10039.0,224.64861846702536,211.6514779481699,10.563237968800694
10040.0,225.70862336466988,211.58782750627094,10.562982130534115
10041.0,224.87734464058698,211.52387672965096,10.56272628639199
10042.0,224.45486183562178,211.4601614820028,10.562470436398188
10043.0,225.71650121587578,211.39656593781606,10.562214580576578
10044.0,225.8898818379744,211.33261292913824,10.561958718951024
10045.0,225.9021382309272,211.26861079595082,10.561702851545398
10046.0,223.75654662681663,211.20460519011874,10.561446978383572
10047.0,225.01792947511402,211.14120750190784,10.56119109948941
10048.0,225.2647715931952,211.0774524218899,10.560935214886786
10049.0,224.06188516378285,211.0136274032718,10.560679324599574
10050.0,224.972027214888,210.95014320247537,10.560423428651644
10051.0,224.91874383648968,210.88640112809782,10.560167527066866
10052.0,224.30729185833152,210.82267415067747,10.559911619869117
10053.0,225.02492715078617,210.75912041798426,10.559655707082266
10054.0,225.04754612461548,210.69536335529156,10.55939978873019
10055.0,224.59611959660995,210.6315998838896,10.55914386483676
10056.0,226.12009401478537,210.56796431667058,10.558887935425853
10057.0,224.09716345961328,210.50389695669972,10.558632000521344
10058.0,224.9824250761176,210.44040276038618,10.558376060147113
10059.0,225.9745050666544,210.37665773994794,10.55812011432703
10060.0,224.04224141484102,210.31263163017906,10.557864163084977
10061.0,224.91687536733892,210.24915299511153,10.557608206444828
10062.0,225.93207096576657,210.18542654709077,10.557352244430461
10063.0,224.56475271950708,210.12141246031712,10.557096277065757
10064.0,225.82664680498107,210.0577857803799,10.556840304374592
10065.0,225.2980095304611,209.99380156378518,10.556584326380847
10066.0,225.3441211537562,209.92996712775152,10.556328343108403
10067.0,225.18210935364584,209.86611962675798,10.55607235458114
10068.0,224.7509563270758,209.8023180291078,10.555816360822938
10069.0,225.6878218787034,209.73863859148176,10.55556036185768
10070.0,225.54680919027382,209.67469370861613,10.555304357709245
10071.0,225.38490299672188,209.61078877934554,10.555048348401517
10072.0,226.3817236505525,209.5469297234965,10.55479233395838
10073.0,224.50076914873603,209.48278823512882,10.554536314403716
10074.0,225.8776045272125,209.41917968387006,10.55428028976141
10075.0,226.55084362329137,209.35518102925403,10.554024260055346
10076.0,224.78024721653264,209.29099162356079,10.553768225309405
10077.0,225.2286940751977,209.2273038868494,10.553512185547477
10078.0,225.70142719273895,209.16348909019473,10.553256140793447
10079.0,224.94560459167963,209.09954035249012,10.553000091071201
10080.0,225.36218912902595,209.0358057645225,10.552744036404622
10081.0,226.00481332084368,208.9719531442693,10.552487976817604
10082.0,225.69733731471328,208.90791844716173,10.55223191233403
10083.0,225.6513735776557,208.8439708682559,10.551975842977786
10084.0,224.74386623425588,208.78003631240887,10.551719768772765
10085.0,225.2466091285414,208.7163588836425,10.551463689742855
10086.0,225.5562938425124,208.65253901105606,10.551207605911943
10087.0,224.53948930435448,208.58863139446734,10.55095151730392
10088.0,223.36284254216108,208.52501187249777,10.550695423942678
10089.0,225.3778791423464,208.4617257337775,10.550439325852107
10090.0,225.83833115716138,208.39786866802052,10.550183223056095
10091.0,225.0173432770101,208.33388114085935,10.549927115578539
10092.0,225.04913358043427,208.27012622693087,10.549671003443326
10093.0,224.3679230526725,208.20636230574974,10.54941488667435
10094.0,225.6465879958675,208.14279139421814,10.549158765295507
10095.0,224.74749177743524,208.078858194286,10.548902639330686
10096.0,225.66545878551875,208.0151797382824,10.548646508803785
10097.0,224.84424043056018,207.95124119162654,10.548390373738693
10098.0,225.85092409523105,207.88753532350452,10.548134234159308
10099.0,223.95208065012815,207.8235442283442,10.547878090089524
10100.0,223.621453394108,207.76009113882668,10.547621941553238
10101.0,224.72005521398273,207.69673172703165,10.547365788574343
10102.0,225.29805282440478,207.63306104472105,10.547109631176738
10103.0,224.50966634573825,207.5692265964208,10.546853469384319
10104.0,225.1808197661549,207.5056155242895,10.546597303220983
10105.0,226.65836177317274,207.4418142920224,10.546341132710626
10106.0,225.5613013638804,207.37759442285332,10.546084957877149
10107.0,224.2666263070454,207.3136853874669,10.545828778744445
10108.0,223.82685126818038,207.25014317667996,10.54557259533642
10109.0,226.4667552431235,207.18672556882063,10.54531640767697
10110.0,225.1624400331199,207.12255998816843,10.545060215789988
10111.0,225.29345411812335,207.05876396349237,10.544804019699384
10112.0,225.76819439738267,206.99493081815888,10.544547819429056
10113.0,226.15773073112757,206.9309631630796,10.5442916150029
10114.0,225.6371034112396,206.86688513937247,10.544035406444818
10115.0,224.54071045426568,206.80295462673925,10.543779193778715
10116.0,225.64100568739792,206.7393347587772,10.543522977028493
10117.0,224.8637652008371,206.67540314049913,10.54326675621805
10118.0,223.55389433923136,206.61169174035888,10.54301053137129
10119.0,224.20827928812702,206.54835147029607,10.542754302512122
10120.0,225.12587339549023,206.4848257911644,10.54249806966444
10121.0,224.86548894993751,206.4210401270357,10.542241832852152
10122.0,225.331437112816,206.3573282384999,10.541985592099163
10123.0,222.7583763078987,206.2934843313179,10.541729347429378
10124.0,225.28963683535167,206.23036945803065,10.541473098866696
10125.0,224.20240293159944,206.16653739426062,10.54121684643503
10126.0,224.93323680857708,206.10301338009668,10.540960590158283
10127.0,224.75256977954479,206.03928229633425,10.54070433006036
10128.0,227.09062762318527,205.97560240156338,10.540448066165165
10129.0,225.27453062477565,205.91126005707017,10.54019179849661
10130.0,225.9401160830896,205.8474322733931,10.539935527078594
10131.0,225.80622539621268,205.7834159071696,10.539679251935034
10132.0,225.52773684319186,205.71943747664068,10.539422973089831
10133.0,225.35003719129168,205.6555379512018,10.539166690566894
10134.0,225.57153026481745,205.59168877399762,10.538910404390133
10135.0,224.41345327580214,205.5277768404226,10.538654114583457
10136.0,224.8116533254724,205.46419302866116,10.538397821170776
10137.0,225.19693767451238,205.40049639355226,10.538141524175993
10138.0,225.58920173745878,205.3366905945445,10.537885223623022
10139.0,225.30555869018406,205.2727736540522,10.537628919535777
10140.0,224.5079207293464,205.20893707909,10.537372611938162
10141.0,225.77027996756547,205.14532650155,10.537116300854093
10142.0,226.0843686941954,205.08135825555917,10.536859986307476
10143.0,224.26030279929992,205.0173010177625,10.536603668322224
10144.0,223.68338774307364,204.95376059863602,10.536347346922252
10145.0,224.98331734793874,204.8903836387755,10.536091022131465
10146.0,223.54935750632905,204.82663836552692,10.535834693973783
10147.0,224.5627012866313,204.76329938090012,10.535578362473114
10148.0,225.2862850145816,204.69967328220224,10.535322027653372
10149.0,224.09375708056945,204.63584216811475,10.535065689538472
10150.0,225.5075737022692,204.57234893694192,10.534809348152326
10151.0,224.25605951755614,204.50845512439292,10.534553003518846
10152.0,226.52574001938234,204.44491590752966,10.534296655661949
10153.0,225.95780667329348,204.3807336145242,10.534040304605547
10154.0,224.9370102194001,204.31671223596675,10.533783950373557
10155.0,226.28376756191707,204.25298008307124,10.533527592989895
10156.0,225.8669139075989,204.1888663489287,10.533271232478473
10157.0,223.9793138562152,204.12487072332158,10.533014868863207
10158.0,225.30398631951059,204.06140991772898,10.532758502168017
10159.0,224.1113592144359,203.9975737882718,10.532502132416813
10160.0,224.41394293033412,203.93407556982774,10.532245759633517
10161.0,224.96532258841057,203.87049161933083,10.531989383842044
10162.0,224.9314785933547,203.8067514445974,10.53173300506631
10163.0,224.26978570174114,203.74302085899598,10.531476623330231
10164.0,223.5363351496632,203.67947775304717,10.53122023865773
10165.0,224.4776603817016,203.6161424580881,10.530963851072718
10166.0,224.8047958734269,203.55254045431326,10.530707460599118
10167.0,225.77033530689775,203.48884576214908,10.53045106726085
10168.0,225.09907666514496,203.42487750047877,10.530194671081826
10169.0,224.69193747625386,203.361099428757,10.529938272085971
10170.0,225.77731548390395,203.2974367131387,10.529681870297203
10171.0,224.47842606311656,203.23346647375158,10.529425465739438
10172.0,224.54879939132616,203.1698642530337,10.5291690584366
10173.0,223.9655094665775,203.10624209320613,10.528912648412605
10174.0,224.4007696909491,203.04278519885727,10.528656235691377
10175.0,225.16176480449113,202.9792049807782,10.528399820296837
10176.0,225.44029778506555,202.9154091474169,10.528143402252901
10177.0,223.60097785419418,202.85153439637782,10.527886981583494
10178.0,226.18480142830134,202.7881807859858,10.527630558312534
10179.0,225.0106436868828,202.72409509224775,10.527374132463946
10180.0,225.0690983407275,202.66034207653647,10.52711770406165
10181.0,225.59014764267278,202.59657249867328,10.52686127312957
10182.0,224.7818563424508,202.53265529017452,10.526604839691625
10183.0,225.92184720600747,202.46896709754415,10.526348403771738
10184.0,225.92057839709017,202.4049559075024,10.526091965393835
10185.0,225.1074129801155,202.34094507695656,10.525835524581833
10186.0,225.90951929590727,202.2771646432789,10.52557908135966
10187.0,224.67587419265072,202.21315694614503,10.52532263575124
10188.0,224.69035442934296,202.14949878179044,10.525066187780492
10189.0,226.69246350654802,202.08583651470215,10.524809737471342
10190.0,224.4158763417655,202.02160698337528,10.524553284847716
10191.0,224.42537467986983,201.95802248507846,10.524296829933537
10192.0,225.75280073125256,201.89443529558585,10.524040372752728
10193.0,225.2947468571167,201.83047200204533,10.523783913329215
10194.0,224.1428222229539,201.7666384904358,10.523527451686922
10195.0,225.48704274664289,201.70313135747267,10.523270987849775
10196.0,224.35601359867778,201.6392433620278,10.523014521841697
10197.0,225.20883211480634,201.5756758248415,10.522758053686617
10198.0,225.72951095164134,201.5118666557423,10.52250158340846
10199.0,224.1188478896705,201.44790996097265,10.52224511103115
10200.0,225.31858807178924,201.38440962073724,10.521988636578614
10201.0,225.58160862025323,201.3205693541169,10.521732160074778
10202.0,226.2674165969523,201.25665456500784,10.521475681543569
10203.0,224.34397481657174,201.19254546363868,10.521219201008915
10204.0,225.75199016355705,201.12898133744065,10.520962718494737
10205.0,224.55334836219635,201.06501827356098,10.520706234024967
10206.0,224.2947385016242,201.00139482485838,10.520449747623534
10207.0,226.06959865982662,200.9378446489496,10.520193259314363
10208.0,224.7096980665037,200.873791595996,10.519936769121378
10209.0,225.93955277045208,200.8101238482105,10.519680277068515
10210.0,224.09564800139222,200.7461076415922,10.519423783179692
10211.0,225.23301789255083,200.6826138746585,10.519167287478844
10212.0,224.33564562044333,200.6187978529223,10.518910789989897
10213.0,224.95612965115575,200.5552360866632,10.518654290736778
10214.0,225.3172802806781,200.4914985165954,10.518397789743421
10215.0,225.802739255363,200.4276586205159,10.51814128703375
10216.0,224.8756032468308,200.36368117772687,10.517884782631695
10217.0,225.61772477581405,200.29996642347362,10.517628276561183
10218.0,225.51781435381633,200.23604140145378,10.517371768846148
10219.0,223.95570333605912,200.1721446873869,10.517115259510515
10220.0,223.89017656392957,200.10869057144166,10.516858748578215
10221.0,225.07176258719417,200.04525502141524,10.516602236073178
10222.0,224.98859664393805,199.98148468868223,10.516345722019333
10223.0,224.63327360722613,199.9177379196331,10.516089206440613
10224.0,225.8479738617569,199.85409182544436,10.515832689360943
10225.0,225.21371076263574,199.79010156618352,10.515576170804255
10226.0,225.36078641752107,199.7262910148008,10.515319650794485
10227.0,224.6262473926245,199.66243879198254,10.515063129355557
10228.0,224.2908707391048,199.59879468855462,10.5148066065114
10229.0,224.8578483308967,199.53524560851187,10.514550082285952
10230.0,226.43838137448188,199.4715358848181,10.514293556703139
10231.0,223.95411374873981,199.40737834342866,10.514037029786891
10232.0,224.4439558036778,199.34392467786654,10.513780501561143
10233.0,224.86107574926228,199.28033222372216,10.513523972049825
10234.0,225.2599507305615,199.21662158559323,10.51326744127687
10235.0,225.55582756999004,199.15279793288622,10.513010909266205
10236.0,224.5658153900772,199.08889044840808,10.512754376041764
10237.0,225.38743430677727,199.0252634673809,10.51249784162748
10238.0,225.04233256648862,198.9614036943273,10.512241306047285
10239.0,224.99943760161253,198.89764170010014,10.511984769325107
10240.0,224.98845929166168,198.8338918594464,10.51172823148488
10241.0,225.61091015674788,198.77014512931373,10.511471692550542
10242.0,224.67366259076144,198.70622203810262,10.511215152546017
10243.0,226.05117650146013,198.6425645003686,10.510958611495242
10244.0,223.9453521491297,198.57851666702655,10.510702069422146
10245.0,224.37125509603527,198.51506548391762,10.510445526350665
10246.0,224.34612595659905,198.45149362830708,10.510188982304731
10247.0,225.20740894447658,198.38792889261939,10.509932437308274
10248.0,225.23861400033778,198.32412012675178,10.509675891385232
10249.0,224.88986540460988,198.2603025194517,10.509419344559532
10250.0,225.43712824649376,198.19658372425374,10.509162796855113
10251.0,223.55585877045596,198.13270987125054,10.508906248295904
10252.0,225.1607170203049,198.0693690445989,10.50864969890584
10253.0,224.84791889717923,198.0055735081098,10.508393148708851
10254.0,224.16200520324963,197.94186659775556,10.508136597728875
10255.0,223.61172908006162,197.87835402961466,10.507880045989843
10256.0,223.14645247128067,197.81499737304196,10.507623493515688
10257.0,225.18621881198482,197.75177254484177,10.507366940330343
10258.0,224.8531413689348,197.68796978284502,10.507110386457745
10259.0,224.17178148782057,197.62426139279052,10.506853831921825
10260.0,225.608593189811,197.56074605470232,10.506597276746518
10261.0,225.82595441655127,197.49682361996517,10.506340720955757
10262.0,225.05306543210466,197.43283959954715,10.506084164573474
10263.0,224.4636251007305,197.36907456434136,10.505827607623607
10264.0,225.2123719196369,197.30547653722948,10.505571050130087
10265.0,223.68537046146412,197.24166636518558,10.505314492116849
10266.0,225.1032184881456,197.17828884355484,10.505057933607825
10267.0,225.1225979946141,197.11450959831652,10.504801374626954
10268.0,225.816602539578,197.05072486221806,10.504544815198166
10269.0,226.15874238763908,196.98674349149852,10.504288255345395
10270.0,225.025471352673,196.92266518115534,10.504031695092579
10271.0,225.06508535963593,196.8589079642721,10.503775134463648
10272.0,224.771784267858,196.7951395234202,10.503518573482541
10273.0,224.93350860353294,196.7314541845443,10.503262012173185
10274.0,224.22950851016992,196.6677230237733,10.503005450559522
10275.0,225.9770119778546,196.60419132969545,10.502748888665483
10276.0,224.78691271594363,196.54016450963508,10.502492326515002
10277.0,225.65914759831276,196.47647488436553,10.502235764132015
10278.0,223.48376462426856,196.41253812587937,10.501979201540456
10279.0,224.83481135081843,196.3492177259025,10.501722638764257
10280.0,225.23583053001667,196.28551452935307,10.501466075827356
10281.0,225.7184396790244,196.22169771070287,10.501209512753684
10282.0,223.58873086170823,196.15774415279378,10.50095294956718
10283.0,224.8682863916853,196.094394012383,10.500696386291775
10284.0,225.27675353305952,196.03068133123867,10.500439822951407
10285.0,224.65446187841619,195.96685291773764,10.500183259570006
10286.0,224.7675557591382,195.90320082020543,10.49992669617151
10287.0,225.1440837777923,195.839516679407,10.499670132779851
10288.0,224.34393505680458,195.77572585566998,10.499413569418966
10289.0,225.3058596498691,195.71216174073723,10.499157006112789
10290.0,224.03261487721016,195.6483250805031,10.498900442885255
10291.0,222.13842524372288,195.58484917295456,10.498643879760296
10292.0,223.4903273641178,195.52190995246886,10.498387316761848
10293.0,224.51924196625833,195.45858769304903,10.498130753913847
10294.0,226.70816175782292,195.39497390782523,10.497874191240225
10295.0,224.91368574592548,195.33073992866053,10.49761762876492
10296.0,224.5324068677123,195.26701438436586,10.49736106651186
10297.0,225.41317143759494,195.2033968690867,10.497104504504989
10298.0,224.53144413541622,195.13952980384605,10.496847942768232
10299.0,223.8162734275458,195.075912561341,10.49659138132553
10300.0,226.11115425547015,195.01249795053653,10.496334820200813
10301.0,225.13459770109418,194.94843312349747,10.496078259418018
10302.0,225.96100326623525,194.88464498748218,10.495821699001079
10303.0,225.6023730837321,194.82062270322342,10.49556513897393
10304.0,224.98581623186305,194.7567020308497,10.495308579360504
10305.0,224.40314136800842,194.69295604958404,10.495052020184737
10306.0,224.74701593756186,194.6293751595298,10.494795461470563
10307.0,224.77450600699584,194.56569683834746,10.494538903241915
10308.0,225.02775743278954,194.50201072831211,10.494282345522729
10309.0,225.64031698715013,194.43825286370617,10.494025788336936
10310.0,224.98718672327234,194.3743214405598,10.493769231708473
10311.0,224.82824472497492,194.3105750709882,10.493512675661272
10312.0,222.83862287426257,194.24687373498276,10.493256120219268
10313.0,225.00261102049055,194.18373612516837,10.492999565406393
10314.0,225.1333519288818,194.1199853853792,10.492743011246583
10315.0,224.95765296351854,194.05619760233273,10.492486457763771
10316.0,225.65130681695183,193.9924596006597,10.49222990498189
10317.0,224.38986398699356,193.92852506372824,10.491973352924875
10318.0,223.97894974264418,193.8649479355986,10.49171680161666
10319.0,224.16277712760234,193.80148723317149,10.491460251081174
10320.0,224.90186537047447,193.73797444631867,10.491203701342354
10321.0,224.67187234965803,193.67425225113035,10.490947152424134
10322.0,224.40110513342933,193.6105952206313,10.490690604350444
10323.0,225.72067240701847,193.54701490751017,10.49043405714522
10324.0,224.99092026480233,193.48306071699483,10.490177510832394
10325.0,225.41428519970555,193.41931328958648,10.489920965435898
10326.0,225.827050002354,193.3554459087799,10.489664420979668
10327.0,224.06544537904594,193.2914615779459,10.489407877487633
10328.0,225.42063737332455,193.22797636842185,10.489151334983728
10329.0,224.62534876780535,193.16410718783274,10.488894793491884
10330.0,223.93866947607424,193.10046333901522,10.488638253036036
10331.0,226.52357341643057,193.0370140493303,10.488381713640115
10332.0,224.91526096134973,192.97283237019568,10.488125175328053
10333.0,225.64745961358605,192.90910637958996,10.487868638123782
10334.0,224.12699435912575,192.84517293269943,10.487612102051235
10335.0,224.98932859920208,192.7816702842977,10.487355567134344
10336.0,225.440179923013,192.71792330786124,10.487099033397039
10337.0,225.1902827181609,192.6540485902164,10.486842500863256
10338.0,225.50121006053587,192.59024467677955,10.486585969556922
10339.0,224.93965962470986,192.52635266726242,10.48632943950197
10340.0,225.77038314226408,192.46261976370207,10.486072910722335
10341.0,224.57025284114155,192.39865148847846,10.485816383241943
10342.0,225.33373878666157,192.33502325017346,10.485559857084729
10343.0,226.0963194760531,192.2711786908506,10.485303332274622
10344.0,225.11771216292067,192.20711806699907,10.485046808835552
10345.0,223.56361152417344,192.14333471521957,10.484790286791453
10346.0,225.09355253204336,192.07999169195438,10.484533766166255
10347.0,225.18014933406127,192.0162151854036,10.484277246983888
10348.0,224.14744902949008,191.95241414309228,10.484020729268282
10349.0,225.83498437995578,191.88890569920056,10.483764213043365
10350.0,225.09567682474443,191.82491912029292,10.483507698333073
10351.0,225.31123046638191,191.76114201185922,10.48325118516133
10352.0,224.90178311050576,191.69730382989374,10.48299467355207
10353.0,225.47998233749405,191.63358165801245,10.482738163529222
10354.0,225.1721992344568,191.56969566301683,10.482481655116715
10355.0,225.6007774914244,191.50589687323375,10.482225148338477
10356.0,222.25820681231215,191.4419766529445,10.481968643218439
10357.0,225.76073733184515,191.37900349434767,10.48171213978053
10358.0,223.74152856075568,191.31503795210364,10.48145563804868
10359.0,225.54493342766463,191.25164451901142,10.481199138046813
10360.0,225.63676214093255,191.18774012120693,10.480942639798863
10361.0,226.08471800433762,191.123809705267,10.480686143328759
10362.0,223.89668694819454,191.0597523684991,10.480429648660424
10363.0,224.40047709545712,190.99631497386375,10.48017315581779
10364.0,225.73772499122975,190.93273483868668,10.479916664824785
10365.0,224.81378159791737,190.86877581660582,10.479660175705336
10366.0,225.09972535928523,190.80507857848642,10.47940368848337
10367.0,224.19574283691816,190.74130032296793,10.479147203182814
10368.0,225.613342535255,190.6777781958308,10.478890719827596
10369.0,223.70068612574025,190.61385441544581,10.478634238441646
10370.0,225.58932026214177,190.55047255437685,10.478377759048886
10371.0,225.32580172610693,190.4865555803026,10.478121281673246
10372.0,224.26006925640849,190.42271326981353,10.477864806338653
10373.0,224.98294712294563,190.35917291685755,10.47760833306903
10374.0,225.4074042554749,190.29542774850603,10.477351861888305
10375.0,225.15383809402368,190.23156231730033,10.477095392820406
10376.0,224.43474947594888,190.1677687298404,10.476838925889256
10377.0,224.52192585069497,190.10417888415554,10.47658246111878
10378.0,225.13388815457841,190.04056433849783,10.476325998532905
10379.0,225.49160990048154,189.97677640352072,10.476069538155556
10380.0,225.16188631252246,189.9128871140489,10.47581308001066
10381.0,226.17753211514753,189.84909124626037,10.475556624122138
10382.0,224.6626588878934,189.78500761216105,10.475300170513915
10383.0,224.42970645515598,189.7213531921428,10.475043719209918
10384.0,226.57948518793145,189.65776477531384,10.474787270234069
10385.0,225.86308261612106,189.5935672545106,10.474530823610293
10386.0,224.97654826126538,189.529572714436,10.474274379362512
10387.0,226.18645572679233,189.46582935909532,10.474017937514652
10388.0,225.6836907938194,189.40174319663942,10.473761498090633
10389.0,226.1532970753757,189.33779948424782,10.473505061114382
10390.0,225.11312421327892,189.27372271674315,10.47324862660982
10391.0,224.76360110683737,189.20994066488277,10.472992194600867
10392.0,224.93047248718412,189.14625764456915,10.472735765111448
10393.0,224.76142608289197,189.0825273440311,10.472479338165485
10394.0,225.81815251164892,189.0188449399743,10.472222913786899
10395.0,225.35747369005557,188.95486313009602,10.471966491999611
10396.0,224.88404051076995,188.89101184588384,10.471710072827545
10397.0,224.93689201042784,188.82729470107245,10.47145365629462
10398.0,225.0507589829567,188.76356258166945,10.471197242424756
10399.0,226.31533060453356,188.69979819995763,10.470940831241876
10400.0,224.75761041705724,188.635675522953,10.4706844227699
10401.0,225.0788676675331,188.5719942000015,10.470428017032745
10402.0,223.5659186817483,188.50822185416237,10.470171614054335
10403.0,225.5440982052879,188.44487817720253,10.469915213858586
10404.0,224.6446139816165,188.38097401604435,10.469658816469423
10405.0,224.18610031344252,188.31732470874957,10.469402421910758
10406.0,223.81499789158525,188.25380531366076,10.469146030206513
10407.0,225.9056619332415,188.19039106425816,10.468889641380608
10408.0,225.67762563203084,188.12638446004377,10.46863325545696
10409.0,224.30808595966712,188.06244246611465,10.468376872459485
10410.0,225.02509224951962,187.99888850842612,10.468120492412103
10411.0,224.5145570528997,187.9351313989554,10.467864115338733
10412.0,224.3655086495277,187.87151894112372,10.467607741263288
10413.0,225.4336211788125,187.80794871367306,10.46735137020969
10414.0,225.34936193862674,187.74407585433903,10.46709500220185
10415.0,224.59873179191007,187.68022686845643,10.466838637263688
10416.0,223.4649918299402,187.61659056111537,10.46658227541912
10417.0,225.39079498328954,187.55327548009686,10.46632591669206
10418.0,223.7242348824253,187.48941475485162,10.466069561106425
10419.0,224.43024663974853,187.42602622163494,10.465813208686129
10420.0,224.3968487825104,187.36243765175368,10.465556859455086
10421.0,225.55170058045317,187.29885854459866,10.465300513437214
10422.0,225.62443970435595,187.23495222943419,10.465044170656425
10423.0,224.81161229132647,187.17102530485127,10.464787831136633
10424.0,225.31538029076185,187.10732868136873,10.464531494901752
10425.0,225.11409612787602,187.04348932361967,10.464275161975696
10426.0,225.45159180579662,186.97970699638344,10.464018832382376
10427.0,225.55393492944734,186.91582904537182,10.463762506145708
10428.0,224.8583851126896,186.8519220971418,10.463506183289601
10429.0,225.51726555114834,186.78821222135988,10.46324986383797
10430.0,223.87077437163458,186.7243156627871,10.462993547814724
10431.0,224.16051220211736,186.6608856100485,10.462737235243777
10432.0,224.24481745852358,186.59737346492454,10.46248092614904
10433.0,223.97397196841467,186.53383743331133,10.462224620554423
10434.0,224.9699100157526,186.4703781412536,10.461968318483835
10435.0,224.6682205631348,186.40663666674914,10.461712019961189
10436.0,224.43241291529736,186.3429806709229,10.461455725010392
10437.0,225.27255407476525,186.2793914872636,10.461199433655358
10438.0,225.55850331364638,186.2155642636091,10.46094314591999
10439.0,224.9928079381588,186.15165602100356,10.460686861828203
10440.0,225.04132772757612,186.08790805875446,10.4604305814039
10441.0,224.6083625005409,186.02414634923161,10.460174304670993
10442.0,224.62012219202495,185.96050731318977,10.45991803165339
10443.0,225.7429104796213,185.89686494523534,10.459661762374996
10444.0,224.55358324775918,185.83290445393277,10.459405496859718
10445.0,225.30573823608157,185.76928093867926,10.459149235131466
10446.0,225.66082600011228,185.7054443128457,10.458892977214143
10447.0,224.7390484457921,185.64150707881234,10.458636723131656
10448.0,224.13000403995454,185.57783101508602,10.458380472907912
10449.0,223.55132842591328,185.5143275139414,10.458124226566818
10450.0,225.25210039729083,185.45098797088738,10.457867984132275
10451.0,224.504636037442,185.38716654244152,10.457611745628187
10452.0,224.60258835042583,185.32355689556425,10.457355511078463
10453.0,223.97266590469263,185.25991949553165,10.457099280507004
10454.0,226.06114954138926,185.19646057352534,10.456843053937712
10455.0,225.0608059314739,185.13240991448862,10.456586831394493
10456.0,225.21316982316458,185.06864268614137,10.45633061290125
10457.0,225.61354107333727,185.0048322880248,10.456074398481883
10458.0,224.83161577063404,184.94090845138734,10.455818188160293
10459.0,224.89711405237486,184.87720616025234,10.455561981960386
10460.0,225.8397907393082,184.81348531127085,10.45530577990606
10461.0,225.52701262623452,184.7494973705614,10.45504958202122
10462.0,225.27920058125514,184.68559805031728,10.454793388329762
10463.0,226.0609210438683,184.6217689434859,10.454537198855585
10464.0,225.06717188458362,184.55771834919017,10.454281013622593
10465.0,225.3189063985864,184.4939493171562,10.454024832654682
10466.0,223.6020753353437,184.43010896034323,10.453768655975754
10467.0,225.8266120865176,184.36675503899824,10.453512483609705
10468.0,225.0211101247414,184.30277083224038,10.453256315580433
10469.0,224.9816930809208,184.23901485103838,10.453000151911837
10470.0,225.28909781898557,184.17527003799876,10.452743992627815
10471.0,225.91785676366712,184.11143812695002,10.45248783775226
10472.0,224.41078610588002,184.04742806753364,10.452231687309075
10473.0,226.7487296444748,183.9838450114703,10.451975541322149
10474.0,225.49490426846577,183.91959953807105,10.451719399815381
10475.0,224.89062753799317,183.85570931519499,10.451463262812666
10476.0,225.84037995295617,183.79199030405925,10.4512071303379
10477.0,223.93472572473638,183.72800219640595,10.450951002414975
10478.0,225.58439624080904,183.66455402411725,10.450694879067788
10479.0,224.90183473283656,183.60063844518237,10.45043876032023
10480.0,224.66127765444892,183.53691625867472,10.450182646196193
10481.0,224.93769516800592,183.47326223000596,10.449926536719572
10482.0,224.78028289466542,183.40952988304173,10.449670431914258
10483.0,224.0760573401863,183.34584213622153,10.449414331804144
10484.0,225.6206147012983,183.28235391997515,10.44915823641312
10485.0,225.53764240167305,183.21842807914314,10.448902145765079
10486.0,225.37352391669376,183.15452574712933,10.44864605988391
10487.0,224.73141060103163,183.09066991535295,10.448389978793502
10488.0,225.17653696673847,183.0269960156826,10.448133902517744
10489.0,224.37361148770347,182.96319599687538,10.44787783108053
10490.0,224.8102482769873,182.89962347362055,10.447621764505744
10491.0,224.28114049080136,182.83592723660874,10.447365702817274
10492.0,224.68837788207446,182.7723809134697,10.447109646039012
10493.0,225.16604017942976,182.70871920640315,10.446853594194842
10494.0,224.30731841743628,182.64492216168563,10.44659754730865
10495.0,224.7011019883572,182.58136842146735,10.446341505404325
10496.0,225.52108758037366,182.51770310923732,10.446085468505753
10497.0,225.6185562970596,182.45380546775618,10.445829436636817
10498.0,225.02915810653587,182.38988021013867,10.445573409821403
10499.0,224.67859632015637,182.32612194867517,10.445317388083396
10500.0,224.7165558251884,182.26246301305113,10.44506137144668
10501.0,224.61180847983852,182.198793322234,10.444805359935138
10502.0,225.21890148063477,182.13515330983137,10.444549353572654
10503.0,223.98894466374824,182.0713412877452,10.44429335238311
10504.0,224.51971412517858,182.0078777534238,10.444037356390387
10505.0,225.7319635330601,181.9442638344217,10.443781365618369
10506.0,225.50308706508523,181.880306444754,10.443525380090936
10507.0,224.4081365360534,181.81641390341892,10.443269399831967
10508.0,224.56921949664118,181.75283159806702,10.443013424865345
10509.0,224.09528327140688,181.689203652543,10.442757455214949
10510.0,224.343194910082,181.6257099889494,10.442501490904656
10511.0,225.1457529877495,181.56214608372485,10.442245531958347
10512.0,225.10426983259396,181.498354787045,10.4419895783999
10513.0,224.67728375449198,181.43457524392576,10.441733630253191
10514.0,225.25280257637428,181.3709166801953,10.441477687542099
10515.0,225.51129984713228,181.30709505279864,10.441221750290499
10516.0,225.9532516308608,181.24320018450865,10.440965818522269
10517.0,224.0917316902573,181.17918009654653,10.440709892261284
10518.0,225.6704152341587,181.1156874392343,10.440453971531417
10519.0,227.8564744937928,181.0517474882513,10.440198056356547
10520.0,225.20511492655936,180.98718815381136,10.439942146760544
10521.0,225.12131794502702,180.92338003791548,10.439686242767284
10522.0,223.81437770228098,180.8595956644977,10.439430344400638
10523.0,225.69572321478103,180.79618159081537,10.43917445168448
10524.0,225.9048175406412,180.73223446923785,10.438918564642682
10525.0,225.28773270629077,180.66822810426802,10.438662683299116
10526.0,225.53316507246592,180.60439658000126,10.438406807677651
10527.0,223.3064553664442,180.54049551656408,10.43815093780216
10528.0,224.11715537202574,180.47722535421025,10.43789507369651
10529.0,225.17022581190176,180.4137254935215,10.43763921538457
10530.0,225.16768186157051,180.34992726287481,10.437383362890214
10531.0,226.15294016147269,180.28612975301402,10.437127516237304
10532.0,224.48135405857627,180.22205308663493,10.436871675449712
10533.0,224.66208712837854,180.15845003631833,10.436615840551303
10534.0,223.45187007232914,180.09479577829862,10.436360011565943
10535.0,226.39100570974745,180.03148441511146,10.4361041885175
10536.0,224.56433463966493,179.96734029682702,10.43584837142984
10537.0,223.3647220418387,179.90371373534578,10.435592560326826
10538.0,225.2418611355277,179.84042706410057,10.435336755232322
10539.0,224.95563629976806,179.77660853677884,10.435080956170195
10540.0,225.21197487623442,179.71287110649394,10.434825163164305
10541.0,224.86441457519982,179.64906104694563,10.434569376238516
10542.0,224.6401144250007,179.585349462816,10.43431359541669
10543.0,225.7485431632055,179.5217014303956,10.434057820722687
10544.0,223.9588363020981,179.45773934316603,10.433802052180372
10545.0,224.95099002320526,179.39428433954708,10.4335462898136
10546.0,225.3153500940007,179.3305482257072,10.433290533646236
10547.0,226.0336159618587,179.2667088765139,10.433034783702137
10548.0,225.85416915120922,179.20266601865802,10.432779040005162
10549.0,224.8815106738926,179.13867400406517,10.432523302579167
10550.0,224.96549382769624,179.0749575760409,10.432267571448014
10551.0,224.9202392158502,179.0112173527897,10.432011846635554
10552.0,224.8324230647384,178.94748995167853,10.431756128165647
10553.0,226.20412539208434,178.88378743181022,10.43150041606215
10554.0,225.11544861505374,178.81969626294912,10.431244710348915
10555.0,225.14625668013224,178.7559135525082,10.4309890110498
10556.0,224.97335468836673,178.6921221131155,10.430733318188654
10557.0,224.73332610033276,178.62837966262043,10.430477631789335
10558.0,225.60909591749603,178.56470522022536,10.430221951875694
10559.0,223.56647520300876,178.50078264304875,10.429966278471586
10560.0,225.5230268922415,178.43743880840788,10.429710611600855
10561.0,224.67784049946803,178.37354061745506,10.429454951287358
10562.0,224.8424124812611,178.30988189598017,10.429199297554945
10563.0,226.61901016243098,178.24617654577716,10.428943650427465
10564.0,223.94980969611387,178.1819678262311,10.428688009928766
10565.0,224.18641791949597,178.1185153801505,10.428432376082698
10566.0,225.35741050574728,178.05499589507335,10.428176748913106
10567.0,224.65880983349714,177.9911446287634,10.427921128443842
10568.0,225.0541970933328,177.9274912993106,10.427665514698747
10569.0,223.6916848099266,177.8637259434675,10.427409907701673
10570.0,224.75298419859095,177.80034663277135,10.42715430747646
10571.0,223.0795461181821,177.7366666205817,10.426898714046956
10572.0,225.563261089353,177.67346074918154,10.426643127437003
10573.0,225.137562321152,177.60955115853955,10.426387547670446
10574.0,224.69958827839932,177.54576218254857,10.426131974771128
10575.0,224.27592412312976,177.48209729920302,10.425876408762889
10576.0,225.94563734451563,177.4185524540348,10.425620849669574
10577.0,226.01762688803734,177.35453452345382,10.42536529751502
10578.0,225.89108106550546,177.29049619583554,10.42510975232307
10579.0,225.6585563315271,177.226493722867,10.424854214117563
10580.0,225.42953795171647,177.1625571319064,10.424598682922335
10581.0,224.96874143084486,177.09868542948675,10.424343158761229
10582.0,224.96763740391393,177.0349442860813,10.42408764165808
10583.0,224.5161543087676,176.97120345548353,10.423832131636726
10584.0,225.3821294916361,176.90759054509607,10.423576628721001
10585.0,224.99890280206404,176.84373227507345,10.423321132934744
10586.0,225.15561129244023,176.7799825859462,10.423065644301786
10587.0,224.61410761853617,176.71618849607995,10.422810162845968
10588.0,225.27542432686843,176.6525478322547,10.422554688591115
10589.0,224.86860952736592,176.5887197953621,10.422299221561065
10590.0,224.11061111749572,176.52500702266266,10.422043761779651
10591.0,225.73692983121668,176.4615090161794,10.421788309270703
10592.0,224.4486821439129,176.39755021939388,10.42153286405805
10593.0,225.4649235958437,176.33395642611978,10.421277426165524
10594.0,224.80007569912817,176.27007469776763,10.421021995616957
10595.0,224.61013668454765,176.20638134298622,10.420766572436175
10596.0,226.02543364820485,176.14274180425895,10.420511156647008
10597.0,225.5165569249068,176.07870126472528,10.42025574827328
10598.0,224.63530238097928,176.01480490692987,10.42000034733882
10599.0,225.15599104781032,175.9511582379219,10.419744953867458
10600.0,224.47057993236223,175.88736404045835,10.419489567883012
10601.0,224.52153943842671,175.82376404281084,10.419234189409313
10602.0,225.7190625873794,175.76014960663662,10.41897881847018
10603.0,225.71880590859953,175.6961958722369,10.41872345508944
10604.0,224.87044179529022,175.63224221056277,10.418468099290916
10605.0,224.5122100347132,175.56852891872077,10.418212751098425
10606.0,223.70453778978592,175.5049171258776,10.417957410535795
10607.0,225.2961029169448,175.44153417350384,10.41770207762684
10608.0,224.91822476659974,175.3777002776774,10.417446752395385
10609.0,225.91985124851215,175.31397344732684,10.417191434865247
10610.0,224.08117979972283,175.24996282280645,10.416936125060243
10611.0,224.51836109204262,175.18647315519652,10.416680823004192
10612.0,225.95490387272244,175.12285961955382,10.41642552872091
10613.0,225.5150319251669,175.05883906345656,10.416170242234216
10614.0,223.8271682308805,174.99494313774443,10.415914963567921
10615.0,225.28587915117146,174.93152544007904,10.415659692745843
10616.0,224.22797372425435,174.8676944409862,10.415404429791796
10617.0,223.87267506268574,174.80416318176432,10.41514917472959
10618.0,225.2565924414235,174.74073259049658,10.414893927583043
10619.0,226.2467665472492,174.67690988930482,10.414638688375963
10620.0,225.54132029373653,174.61280663878313,10.414383457132157
10621.0,223.70077048740836,174.54890326469993,10.414128233875445
10622.0,224.50270467398542,174.48552137972845,10.41387301862963
10623.0,224.94337889002512,174.42191228007084,10.41361781141852
10624.0,225.5891181361017,174.3581783227187,10.413362612265926
10625.0,223.7638030878222,174.2942614059135,10.413107421195658
10626.0,226.49706427668838,174.2308616617053,10.412852238231515
10627.0,226.7329508788608,174.16668749349353,10.412597063397309
10628.0,223.11348976178982,174.1024464907445,10.412341896716843
10629.0,225.5170386974152,174.03923100197864,10.41208673821392
10630.0,225.38100318178667,173.97533450768105,10.411831587912346
10631.0,224.36299685255892,173.91147655677955,10.411576445835921
10632.0,225.55635919914747,173.84790704100467,10.41132131200845
10633.0,224.47773634794177,173.78399940589827,10.41106618645373
10634.0,223.6642636695899,173.72039738059968,10.410811069195566
10635.0,225.5314404316406,173.65702583922666,10.410555960257756
10636.0,225.8691139908137,173.59312526443767,10.410300859664098
10637.0,225.03353965554862,173.52912901547364,10.41004576743839
10638.0,224.4163356091577,173.46536951257124,10.409790683604431
10639.0,225.9026498230804,173.4017848841486,10.409535608186015
10640.0,225.6009300485612,173.33777913336542,10.40928054120694
10641.0,223.98046515774038,173.27385886985167,10.409025482691
10642.0,224.05721506203133,173.21039773805697,10.408770432661992
10643.0,225.66655177278759,173.14691486045604,10.408515391143704
10644.0,224.20030448347072,173.08297600412044,10.40826035815993
10645.0,226.07769425865587,173.0194525845168,10.408005333734467
10646.0,225.47172664656009,172.9553972378102,10.4077503178911
10647.0,225.2400341356117,172.891513581927,10.407495310653621
10648.0,225.20915368038865,172.82769557225524,10.407240312045822
10649.0,223.50712622711725,172.7638863120458,10.406985322091487
10650.0,224.49083257680837,172.70055929294813,10.406730340814407
10651.0,224.5106000328432,172.63695355705138,10.406475368238368
10652.0,225.14287423068876,172.5733422203754,10.406220404387156
10653.0,224.78032995137988,172.50955173934338,10.405965449284556
10654.0,224.96017579576784,172.44586397919053,10.405710502954355
10655.0,225.51388297270728,172.38212526271502,10.405455565420333
10656.0,224.01429264212427,172.31822966253944,10.405200636706276
10657.0,224.61171173271393,172.25475894629082,10.404945716835963
10658.0,224.75296282454048,172.19111896129988,10.404690805833178
10659.0,224.0974605610158,172.12743895516624,10.404435903721701
10660.0,225.68210743635098,172.06394467467396,10.40418101052531
10661.0,224.89967297937636,172.00000141090032,10.403926126267786
10662.0,225.6088469981759,171.93627983688947,10.403671250972906
10663.0,224.57936480823275,171.87235733023996,10.403416384664444
10664.0,223.88185393380422,171.80872651021096,10.403161527366182
10665.0,226.15714990910863,171.74529331826304,10.402906679101891
10666.0,225.8860983312031,171.68121545912211,10.402651839895347
10667.0,224.7161769011113,171.61721439792828,10.402397009770326
10668.0,224.43525500922885,171.55354481447296,10.402142188750595
10669.0,225.00355622331463,171.48995482555367,10.40188737685993
10670.0,224.24028826161992,171.42620381795703,10.401632574122104
10671.0,224.35425580142908,171.36266906961623,10.401377780560884
10672.0,224.58910079604746,171.2991020304725,10.40112299620004
10673.0,224.91213972181257,171.23546845191362,10.400868221063341
10674.0,225.42596085914087,171.17174334565908,10.400613455174556
10675.0,224.9133401154367,171.10787265674898,10.400358698557449
10676.0,225.34620648100784,171.04414721038296,10.40010395123579
10677.0,224.80937227081114,170.9802991185467,10.39984921323334
10678.0,225.40537590497246,170.9166031297366,10.399594484573868
10679.0,224.96819226736264,170.85273827323016,10.399339765281132
10680.0,226.34505471461625,170.78899728542112,10.399085055378897
10681.0,225.3500110343818,170.7248661865853,10.398830354890924
10682.0,225.94809067946449,170.66101701679221,10.398575663840976
10683.0,225.79585906016706,170.59699839109967,10.398320982252812
10684.0,224.35800033523032,170.53302289769928,10.39806631015019
10685.0,223.81128045217775,170.46945479760433,10.397811647556868
10686.0,225.59803245816585,170.4060416014762,10.397556994496604
10687.0,225.6794536790163,170.34212215894635,10.397302350993154
10688.0,224.16666560352525,170.27817964707066,10.397047717070276
10689.0,225.45435440204707,170.21466575848297,10.396793092751718
10690.0,224.24359753855902,170.1507870247357,10.39653847806124
10691.0,225.69735532782138,170.08725133876646,10.396283873022593
10692.0,225.39572629150481,170.0233037547569,10.396029277659528
10693.0,225.47693820995073,169.95944163230763,10.395774691995797
10694.0,224.76943895873654,169.89555649981483,10.395520116055149
10695.0,225.37526833628672,169.83187182544316,10.395265549861332
10696.0,223.64874032186668,169.7680154994146,10.395010993438099
10697.0,225.35325759786258,169.7046483563234,10.394756446809193
10698.0,224.77993584218754,169.64079826667069,10.394501909998361
10699.0,226.10530568543157,169.57711061818205,10.39424738302935
10700.0,225.63096281949674,169.5130474482378,10.393992865925902
10701.0,223.95082055644576,169.449118675439,10.393738358711765
10702.0,224.76939874733168,169.385665942948,10.393483861410678
10703.0,227.2358540647419,169.3219812799696,10.393229374046385
10704.0,225.14655041728744,169.25759778798462,10.392974896642624
10705.0,225.16973157376097,169.19380626536636,10.39272042922314
10706.0,224.8780397249935,169.1300081747538,10.392465971811665
10707.0,226.54364570300388,169.06629273016506,10.392211524431943
10708.0,224.1508887048581,169.00210536388255,10.39195708710771
10709.0,224.09463275282542,168.93859594541613,10.3917026598627
10710.0,225.53788558248885,168.87510246613616,10.39144824272065
10711.0,225.9747788508077,168.8112000652211,10.391193835705293
10712.0,225.5836053527753,168.74717387788004,10.390939438840364
10713.0,224.63599375234128,168.6832585230301,10.390685052149596
10714.0,225.46127650160702,168.61961165813358,10.39043067565672
10715.0,225.73348648276828,168.55573096312477,10.390176309385463
10716.0,225.08990281301638,168.49177314195464,10.38992195335956
10717.0,224.49576366697923,168.42799766949094,10.389667607602735
10718.0,225.84382292851222,168.36439053645196,10.38941327213872
10719.0,222.96779653516944,168.30040145328888,10.38915894699124
10720.0,224.2774006519366,168.2372272442706,10.388904632184019
10721.0,224.96418050270174,168.17368198075258,10.388650327740782
10722.0,224.11718749892313,168.10994212961018,10.388396033685254
10723.0,226.2779074115473,168.0464422598188,10.388141750041159
10724.0,225.707114462111,167.98233018605222,10.387887476832217
10725.0,225.11890401626886,167.91837983695464,10.38763321408215
10726.0,226.20385023400826,167.85459614748336,10.38737896181468
10727.0,224.94646587592646,167.79050505658373,10.387124720053519
10728.0,226.28329544516055,167.72677022458552,10.386870488822392
10729.0,225.16777370248084,167.66265662420938,10.386616268145014
10730.0,225.04182852445365,167.598859088327,10.3863620580451
10731.0,226.33037699073955,167.53509723691172,10.386107858546364
10732.0,225.79079217576498,167.47097029676436,10.385853669672523
10733.0,225.3059780436654,167.40699623898124,10.385599491447287
10734.0,226.27744892031737,167.3431595452022,10.385345323894372
10735.0,224.59326375225726,167.27904760134143,10.385091167037485
10736.0,225.72006828535334,167.2154128432783,10.384837020900338
10737.0,225.43106852845813,167.1514588239308,10.38458288550664
10738.0,223.38441081673045,167.08758668784776,10.3843287608801
10739.0,224.75393372992102,167.02429443811636,10.384074647044423
10740.0,225.15602828471688,166.96061415689286,10.383820544023317
10741.0,224.9954379498075,166.89681994887889,10.383566451840483
10742.0,226.74603437436912,166.83307124145975,10.383312370519631
10743.0,224.80424259612445,166.76882653172035,10.38305830008446
10744.0,224.06384324170867,166.70513199631813,10.382804240558674
10745.0,225.13709258320043,166.64164724073296,10.382550191965972
10746.0,226.68645288436628,166.57785839783443,10.382296154330055
10747.0,225.89180009791943,166.5136305695172,10.382042127674623
10748.0,225.3642768738547,166.4496278928228,10.381788112023374
10749.0,225.28469997394453,166.38577468104188,10.381534107400002
10750.0,225.6681774074002,166.32194401604926,10.381280113828204
10751.0,224.18828678011187,166.25800469911715,10.381026131331677
10752.0,225.4765911286039,166.19448468452944,10.38077215993411
10753.0,224.74977193989582,166.13059965037633,10.380518199659202
10754.0,224.80219385255626,166.0669205483267,10.380264250530642
10755.0,223.7869819627619,166.00322659340182,10.38001031257212
10756.0,226.0045523163407,165.9398202818457,10.379756385807324
10757.0,225.08085589038942,165.87578565868944,10.379502470259947
10758.0,225.0277634875737,165.81201274952048,10.379248565953672
10759.0,225.35428474781767,165.748254883199,10.378994672912189
10760.0,224.49743538202551,165.68440450252044,10.378740791159183
10761.0,224.84403576744987,165.6207968958289,10.378486920718338
10762.0,224.51598040536797,165.55709108569476,10.378233061613333
10763.0,224.4914038704275,165.49347822457992,10.377979213867857
10764.0,225.5515251827751,165.42987232681662,10.37772537750559
10765.0,224.46532081589757,165.36596606134816,10.377471552550206
10766.0,224.8275291877564,165.30236755378365,10.377217739025392
10767.0,223.88875984083603,165.23866642051377,10.376963936954823
10768.0,225.07751120079433,165.1752312718922,10.376710146362175
10769.0,225.62930079350238,165.1114593103853,10.376456367271123
10770.0,225.24985314011852,165.0475310084938,10.376202599705344
10771.0,224.06234208295933,164.98371021677073,10.375948843688512
10772.0,224.57519201117796,164.92022588651386,10.375695099244298
10773.0,225.76154793843577,164.85659624877735,10.375441366396375
10774.0,223.93608125043207,164.79263047686146,10.375187645168413
10775.0,226.91488460270548,164.72918192050716,10.37493393558408
10776.0,224.57212613456315,164.66488936986974,10.374680237667045
10777.0,224.10033961384124,164.60126060079827,10.374426551440978
10778.0,223.62738192316527,164.53776550457437,10.374172876929542
10779.0,224.82879603786157,164.47440441302948,10.373919214156404
10780.0,225.54160198872836,164.41070292081878,10.373665563145225
10781.0,224.12438136853612,164.346799466922,10.373411923919672
10782.0,225.40450015518837,164.28329755886756,10.373158296503403
10783.0,224.07922751884922,164.21943295049027,10.372904680920081
10784.0,224.21133099876266,164.1559438360266,10.372651077193366
10785.0,225.45087141081422,164.09241729224362,10.372397485346914
10786.0,224.86674612239776,164.02853954534388,10.372143905404384
10787.0,224.67985716463204,163.9648273006092,10.371890337389432
10788.0,225.65039280194853,163.9011680077459,10.371636781325712
10789.0,224.8921755984848,163.83723372978534,10.371383237236882
10790.0,225.21588915713357,163.77351428003243,10.37112970514659
10791.0,226.61971717426596,163.7097031114379,10.37087618507849
10792.0,224.8685954973274,163.64549419157188,10.370622677056232
10793.0,225.71736133783216,163.58178142284763,10.370369181103467
10794.0,224.47989547402284,163.5178281704686,10.370115697243842
10795.0,225.66266607252902,163.45422553341763,10.369862225501004
10796.0,223.76516785034096,163.3902877780304,10.369608765898601
10797.0,225.4818532064367,163.3268876471395,10.369355318460276
10798.0,225.07354863211103,163.26300112206434,10.369101883209673
10799.0,224.2677039708752,163.1992302832852,10.368848460170437
10800.0,225.87933311740915,163.13568776716014,10.368595049366206
10801.0,224.58772300476738,163.07168862277686,10.368341650820625
10802.0,224.81017581210392,163.00805543459217,10.36808826455733
10803.0,223.48614107398012,162.94435921811203,10.367834890599957
10804.0,225.17479226108924,162.88103814480777,10.36758152897215
10805.0,225.5309309493776,162.8172386203338,10.367328179697537
10806.0,225.22594290118047,162.7533381898981,10.367074842799761
10807.0,225.1994145961876,162.6895241727428,10.366821518302448
10808.0,225.39296093363836,162.62571767194052,10.366568206229235
10809.0,224.85321871124194,162.5618563330093,10.366314906603751
10810.0,226.31549935373474,162.49814792104115,10.366061619449628
10811.0,225.1352411006883,162.43402519622424,10.365808344790494
10812.0,225.43651054039987,162.37023687791236,10.365555082649974
10813.0,225.58324592113112,162.3063631999259,10.3653018330517
10814.0,224.77911993071862,162.24244794691492,10.365048596019294
10815.0,224.63091477307893,162.17876052960122,10.364795371576381
10816.0,224.53708274639905,162.11511510374885,10.364542159746582
10817.0,225.28607404829097,162.0514962636374,10.364288960553523
10818.0,225.8686957609339,161.98766520932372,10.364035774020822
10819.0,225.43304092958996,161.9236690788581,10.3637826001721
10820.0,224.65899077315797,161.85979638392809,10.363529439030973
10821.0,224.94936858653483,161.796143003209,10.36327629062106
10822.0,225.83206918097707,161.73240734877618,10.363023154965976
10823.0,224.37980795003284,161.66842159584152,10.362770032089339
10824.0,224.99130656406007,161.6048473169223,10.362516922014757
10825.0,225.51696491262138,161.5410997800625,10.362263824765847
10826.0,225.04326991514952,161.47720330667056,10.362010740366218
10827.0,224.37491556623357,161.4134410468613,10.36175766883948
10828.0,224.28564475676342,161.34986815411753,10.361504610209245
10829.0,224.98250931633441,161.28632055476976,10.361251564499117
10830.0,226.31696615905017,161.22257551046346,10.360998531732701
10831.0,224.62252169313868,161.15845237005175,10.360745511933608
10832.0,225.5125430644065,161.0948093222387,10.360492505125436
10833.0,225.44643840364498,161.03091410170373,10.360239511331791
10834.0,224.94451424516225,160.96703761082273,10.359986530576275
10835.0,224.94683740404147,160.9033033317866,10.359733562882488
10836.0,224.72847646360685,160.83956839452213,10.359480608274026
10837.0,226.06447452981806,160.77589532619078,10.359227666774492
10838.0,224.1718442925581,160.71184372507403,10.358974738407477
10839.0,224.77353949111895,160.64832836919118,10.358721823196582
10840.0,224.76097079803233,160.58464253300198,10.358468921165398
10841.0,224.67986880973416,160.52096025794253,10.35821603233752
10842.0,225.25802427527756,160.45730096177974,10.357963156736536
10843.0,225.60317574178777,160.39347785490173,10.35771029438604
10844.0,226.98289455771473,160.32955695510822,10.35745744530962
10845.0,224.55647205832105,160.2652451349835,10.357204609530864
10846.0,225.1909257416458,160.20162080123362,10.356951787073362
10847.0,224.52996327173722,160.13781670560684,10.356698977960695
10848.0,225.68875050719328,160.07419988267986,10.356446182216448
10849.0,225.3762699697332,160.01025473670282,10.356193399864207
10850.0,224.27467114632924,159.94639812687808,10.35594063092755
10851.0,225.9834504363458,159.88285363671994,10.35568787543006
10852.0,225.45897811470812,159.81882499242965,10.355435133395318
10853.0,225.26088792931625,159.7549449486305,10.355182404846898
10854.0,225.15598723914266,159.6911210303839,10.35492968980838
10855.0,225.04105984554025,159.6273268339995,10.354676988303336
10856.0,224.97881554385177,159.56356520037662,10.354424300355346
10857.0,224.3005454649063,159.49982120263923,10.354171625987977
10858.0,225.90014356519623,159.43626938142418,10.353918965224805
10859.0,225.8109684030407,159.37226434074736,10.353666318089399
10860.0,225.19643219712162,159.3082845663665,10.353413684605327
10861.0,224.0143963851804,159.24447891057733,10.353161064796158
10862.0,224.22937660023175,159.18100816493487,10.35290845868546
10863.0,225.39334488942993,159.11747650823145,10.352655866296798
10864.0,224.80730481932088,159.0536150605128,10.352403287653733
10865.0,225.375831565989,158.9899196574807,10.35215072277983
10866.0,224.14896580601717,158.92606317187034,10.351898171698652
10867.0,224.92130145458728,158.86255429822535,10.351645634433757
10868.0,224.91676463466786,158.79882659614657,10.351393111008706
10869.0,225.8319129630677,158.73510017950008,10.351140601447057
10870.0,225.51128002466191,158.67111447082718,10.350888105772361
10871.0,223.5280847947874,158.60721960815354,10.350635624008179
10872.0,225.3711207784167,158.54388665079506,10.350383156178063
10873.0,224.5143255489641,158.48003149990785,10.350130702305565
10874.0,225.28986157843565,158.416419107669,10.349878262414236
10875.0,225.6605643349133,158.35258698022176,10.349625836527629
10876.0,224.78796166731348,158.28864982032687,10.349373424669288
10877.0,223.69104348909474,158.22495989785443,10.349121026862763
10878.0,224.62750849087615,158.1615807688659,10.348868643131597
10879.0,225.09393372812656,158.0979363081268,10.34861627349934
10880.0,225.65953606467284,158.03415969357047,10.348363917989529
10881.0,225.0024143562873,157.9702228250188,10.348111576625712
10882.0,224.2954817586052,157.9064721409512,10.347859249431426
10883.0,224.68155819635092,157.8429217544529,10.34760693643021
10884.0,224.56428407633067,157.77926197963063,10.347354637645603
10885.0,224.8738563769418,157.71563543247566,10.347102353101146
10886.0,225.89752095243833,157.6519211731689,10.346850082820367
10887.0,223.10727510210498,157.58791687556567,10.346597826826805
10888.0,225.9952965018358,157.5247031476201,10.34634558514399
10889.0,226.42018559641633,157.46067114694458,10.346093357795455
10890.0,226.0305236614657,157.39651876102562,10.34584114480473
10891.0,224.28971169833153,157.33247677932152,10.345588946195342
10892.0,226.14022199427677,157.26892802767364,10.345336761990822
10893.0,223.84269582450128,157.20485496477522,10.345084592214693
10894.0,224.871014798664,157.14143286762499,10.34483243689048
10895.0,225.74542209006856,157.07771941343202,10.344580296041707
10896.0,225.9726274396473,157.0137582105065,10.344328169691895
10897.0,225.37183137164777,156.94973263273192,10.344076057864568
10898.0,224.35971062105406,156.88587728051,10.343823960583242
10899.0,225.35737597442406,156.822308695834,10.343571877871435
10900.0,225.08828205142999,156.7584574393079,10.343319809752664
10901.0,224.2922192297402,156.69468242606,10.343067756250443
10902.0,225.15774209422088,156.63113296394494,10.342815717388289
10903.0,225.04441422892728,156.56733827035157,10.342563693189714
10904.0,225.3403100604818,156.50357568632006,10.342311683678226
10905.0,224.96306973214672,156.43972926513624,10.342059688877336
10906.0,224.7656558103578,156.3759897287121,10.341807708810556
10907.0,225.1233832236278,156.31230612623253,10.341555743501386
10908.0,224.5670963124715,156.24852116765254,10.341303792973338
10909.0,223.33134930244822,156.18489382369734,10.341051857249914
10910.0,225.79400183366835,156.12161660806163,10.340799936354616
10911.0,224.74829017594723,156.05764164087543,10.340548030310947
10912.0,225.3343131627756,155.99396295865893,10.340296139142405
10913.0,225.56072229011968,155.93011823659612,10.34004426287249
10914.0,224.08731654083775,155.86620936528055,10.339792401524699
10915.0,226.0911144806633,155.80271795892736,10.339540555122529
10916.0,224.97347655357575,155.73865880982447,10.339288723689473
10917.0,225.31729657255443,155.67491632480096,10.339036907249024
10918.0,224.31395002077164,155.61107642410542,10.338785105824677
10919.0,225.28436423056473,155.5475208049329,10.338533319439918
10920.0,225.7147199119559,155.48369023506757,10.338281548118237
10921.0,224.54860285767032,155.4197377310925,10.338029791883125
10922.0,225.16648385882186,155.35611562694953,10.337778050758063
10923.0,225.518487681625,155.29231845652288,10.33752632476654
10924.0,225.01596712926818,155.22842155167973,10.337274613932035
10925.0,224.78973756226947,155.16466702765973,10.337022918278034
10926.0,224.77030182613277,155.1009766020171,10.336771237828014
10927.0,225.41520818707542,155.03729168316636,10.336519572605457
10928.0,224.6094481644346,154.97342404084668,10.336267922633839
10929.0,224.48436272625392,154.9097846972001,10.336016287936637
10930.0,225.48666456574338,154.84618079442765,10.335764668537324
10931.0,225.44134242976816,154.78229290613402,10.335513064459375
10932.0,224.43094986632434,154.71841785911226,10.335261475726263
10933.0,225.32025982561103,154.65482908998348,10.335009902361456
10934.0,226.0236439603246,154.59098834969956,10.334758344388424
10935.0,225.72727196615372,154.52694831724415,10.334506801830635
10936.0,226.15850258213905,154.46299225685377,10.334255274711555
10937.0,225.21502905705276,154.39891401445547,10.33400376305465
10938.0,223.89207956206673,154.33510308955596,10.33375226688338
10939.0,225.66202327859315,154.27166700034672,10.333500786221208
10940.0,225.2322826298667,154.20772942708447,10.333249321091596
10941.0,224.76909460466476,154.14391361367265,10.332997871518003
10942.0,225.28440878144818,154.08022903686796,10.332746437523884
10943.0,224.9928617631197,154.0163984543799,10.332495019132699
10944.0,225.21257156948062,153.95265047688034,10.332243616367899
10945.0,224.71145816558132,153.888840248269,10.331992229252938
10946.0,223.9687176375779,153.82517200178876,10.331740857811269
10947.0,225.39895163980543,153.76171419845812,10.33148950206634
10948.0,225.66693462763098,153.6978511621602,10.3312381620416
10949.0,225.38424498481555,153.63391219734905,10.330986837760499
10950.0,225.02252540174894,153.57005332793665,10.330735529246482
10951.0,224.5885623701848,153.50629694573948,10.330484236522992
10952.0,224.9862904096061,153.4426635197346,10.33023295961347
10953.0,225.36523792619516,153.37891740411857,10.329981698541362
10954.0,223.9066046676995,153.3150639200395,10.329730453330106
10955.0,225.23193843884846,153.25162371538363,10.329479224003139
10956.0,224.18708633914454,153.18780799949263,10.329228010583899
10957.0,224.21262042818765,153.12428832502988,10.32897681309582
10958.0,225.481634978878,153.0607614159086,10.32872563156234
10959.0,225.0215464527147,152.9968749526646,10.328474466006888
10960.0,225.7776879569889,152.93311884783628,10.328223316452895
10961.0,225.87483547047088,152.86914850291512,10.327972182923794
10962.0,224.74742112883473,152.80515063286515,10.327721065443008
10963.0,224.3362789068832,152.74147219687865,10.327469964033968
10964.0,224.7048241665617,152.67791025118834,10.327218878720096
10965.0,224.4129856169318,152.61424388434114,10.326967809524817
10966.0,225.87465583350516,152.55066020508298,10.32671675647155
10967.0,224.49938164769833,152.48666238593017,10.326465719583721
10968.0,224.63173383702707,152.42305422779663,10.326214698884746
10969.0,224.94403107536763,152.35940856987617,10.325963694398041
10970.0,226.77341323894353,152.29567442773813,10.325712706147026
10971.0,224.26867892672027,152.2314219606538,10.32546173415511
10972.0,224.1274933333782,152.1678791682912,10.32521077844571
10973.0,225.7030737001017,152.10437637851342,10.324959839042238
10974.0,225.83129436492945,152.04042717429837,10.3247089159681
10975.0,225.1754402835939,151.97644164089496,10.324458009246708
10976.0,226.31357118531042,151.91264193281464,10.324207118901468
10977.0,225.03106175094058,151.84851975431212,10.323956244955784
10978.0,225.73057087656736,151.7847609534827,10.32370538743306
10979.0,224.71703305259612,151.720803958401,10.3234545463567
10980.0,223.61888729057213,151.65713413236944,10.323203721750103
10981.0,224.74801719692695,151.59377544763714,10.32295291363667
10982.0,225.45960578682454,151.5300968427647,10.322702122039797
10983.0,225.3785695790373,151.4662166211251,10.32245134698288
10984.0,225.83097196372285,151.40235935974437,10.322200588489315
10985.0,224.16852196615386,151.338373917688,10.321949846582493
10986.0,224.98032461058054,151.27485950313093,10.321699121285809
10987.0,224.50326695661823,151.21111507782456,10.321448412622647
10988.0,224.19339409044485,151.14750581885352,10.321197720616402
10989.0,225.1000179900143,151.08398435719454,10.320947045290458
10990.0,224.9734846204325,151.02020601876404,10.3206963866682
10991.0,224.35878452886337,150.95646353145492,10.32044574477301
10992.0,224.96499618100995,150.89289520917174,10.320195119628274
10993.0,223.76422783388148,150.8291551269204,10.319944511257368
10994.0,225.35423001537168,150.76575526236746,10.319693919683678
10995.0,225.60899143340535,150.7019048971964,10.319443344930573
10996.0,222.91895090402633,150.63798234962363,10.319192787021436
10997.0,224.87389800432064,150.57482198020085,10.318942245979636
10998.0,224.20787041021038,150.51110770909963,10.318691721828548
10999.0,224.75521497727,150.44758214581677,10.318441214591545
11000.0,226.082499965923,150.38390150157318,10.318190724291995
11001.0,225.67679736113425,150.3198447932495,10.317940250953264
11002.0,224.55634225424922,150.25590303399719,10.31768979459872
11003.0,223.81098152868117,150.1922787370251,10.317439355251729
11004.0,225.51793562076233,150.12886562559197,10.317188932935654
11005.0,225.8120169886286,150.0649688771661,10.316938527673855
11006.0,225.4510937619905,150.000988805686,10.316688139489694
11007.0,224.07524845044742,149.93711099578678,10.316437768406528
11008.0,225.23582458352104,149.87362300872581,10.316187414447715
11009.0,225.27274372038556,149.80980619176046,10.315937077636608
11010.0,225.1404342569692,149.745978914373,10.315686757996565
11011.0,225.21491426401266,149.68218912466688,10.315436455550934
11012.0,224.53544645870926,149.61837823229206,10.315186170323067
11013.0,224.99916683910226,149.55475985579542,10.314935902336313
11014.0,225.4159098901151,149.4910100918577,10.314685651614019
11015.0,223.30506561609576,149.42714225072217,10.314435418179531
11016.0,225.0614213218964,149.36387248213097,10.314185202056192
11017.0,224.61064583175133,149.30010507942308,10.313935003267348
11018.0,224.5111455182977,149.23646539643744,10.313684821836334
11019.0,225.55237867620113,149.17285390520723,10.313434657786495
11020.0,226.06500605719896,149.10894739791564,10.313184511141163
11021.0,225.94886328077192,149.04489564619942,10.31293438192368
11022.0,225.0424995960277,148.9808768016032,10.312684270157375
11023.0,224.5129550517645,148.91711476005094,10.312434175865583
11024.0,224.22539112530683,148.8535027561196,10.312184099071636
11025.0,225.24993655656235,148.78997222863416,10.311934039798862
11026.0,225.60503747942505,148.72615141327645,10.311683998070588
11027.0,224.31432391431824,148.66222998599062,10.311433973910143
11028.0,225.68983913989595,148.59867426088152,10.311183967340849
11029.0,223.0609868847744,148.5347288064586,10.31093397838603
11030.0,224.89311084640343,148.47152819350794,10.310684007069007
11031.0,224.57342532157912,148.40780847876812,10.3104340534131
11032.0,224.654053122886,148.3441793415937,10.310184117441626
11033.0,224.90434384834097,148.28052735987552,10.309934199177901
11034.0,225.17785644490655,148.21680446245182,10.309684298645243
11035.0,226.12462176784894,148.15300406979244,10.30943441586696
11036.0,225.27223404897137,148.08893542695822,10.309184550866366
11037.0,224.92944030399562,148.0251082939777,10.30893470366677
11038.0,225.16939253642002,147.96137828589156,10.308684874291483
11039.0,225.09026655137774,147.8975802913396,10.308435062763808
11040.0,224.99720728944718,147.8338047158167,10.308185269107048
11041.0,224.83062675774943,147.7700555070847,10.307935493344512
11042.0,223.8386361907207,147.70635349616998,10.307685735499497
11043.0,225.4117644553317,147.64293254924928,10.307435995595302
11044.0,225.74771673024753,147.5790658826536,10.307186273655228
11045.0,226.04114054729723,147.51510402958004,10.30693656970257
11046.0,225.3387715432497,147.45105903975832,10.306686883760621
11047.0,224.7629980128708,147.38721305448775,10.306437215852677
11048.0,224.36715838410524,147.32353020505073,10.306187566002029
11049.0,223.92866703722578,147.25995951017524,10.305937934231963
11050.0,224.2010927654411,147.1965130545147,10.305688320565771
11051.0,223.67432682562202,147.13298941156452,10.305438725026736
11052.0,224.36586351321424,147.06961501896393,10.305189147638146
11053.0,224.75109500511408,147.00604469096857,10.30493958842328
11054.0,225.23885036031467,146.94236521405045,10.304690047405423
11055.0,224.32462770664222,146.87854753978166,10.304440524607852
11056.0,224.51212359988213,146.81498889526478,10.304191020053844
11057.0,224.76984577115732,146.7513771269115,10.303941533766679
11058.0,225.1865304516436,146.6876923372763,10.303692065769628
11059.0,226.19267927179018,146.62388948698168,10.303442616085963
11060.0,223.63657158046715,146.559801561188,10.303193184738957
11061.0,225.0619575028783,146.4964378659069,10.30294377175188
11062.0,224.915557231803,146.43267031128107,10.302694377147995
11063.0,225.32541247742083,146.3689442367321,10.302445000950572
11064.0,223.70980911471474,146.30510203653017,10.302195643182873
11065.0,224.54029368466647,146.24171759061437,10.301946303868165
11066.0,226.4084243249722,146.17809784073705,10.301696983029702
11067.0,225.02443670930805,146.11394878717834,10.301447680690746
11068.0,224.84375967311567,146.050191863444,10.301198396874554
11069.0,224.1685051345939,145.98648613153665,10.300949131604382
11070.0,225.9137814869184,145.9229717217485,10.300699884903484
11071.0,224.8208490251209,145.85896281699388,10.300450656795109
11072.0,225.8651931443685,145.79526357643678,10.300201447302511
11073.0,226.04125930216588,145.73126843837923,10.299952256448938
11074.0,224.3626953048556,145.6672234149103,10.299703084257633
11075.0,226.1197729900716,145.60365398457395,10.299453930751845
11076.0,225.20884571182933,145.53958671556006,10.299204795954816
11077.0,223.81856751952344,145.4757775426084,10.29895567988979
11078.0,223.91003792531248,145.41236228181123,10.298706582580003
11079.0,224.28184727028986,145.34892110439904,10.298457504048693
11080.0,224.36550716698721,145.28537458100578,10.298208444319098
11081.0,224.4966743306508,145.22180435397513,10.297959403414454
11082.0,224.22230085955,145.15819696291476,10.297710381357993
11083.0,225.46952134968805,145.09466731100454,10.297461378172942
11084.0,225.27381841951765,145.03078427995547,10.297212393882536
11085.0,224.28389343226854,144.96695669806996,10.296963428509999
11086.0,225.32064878571063,144.9034095949308,10.296714482078558
11087.0,224.98406867432604,144.8395687444415,10.296465554611437
11088.0,224.98819561293135,144.77582325831708,10.296216646131858
11089.0,223.82148888792065,144.71207660289343,10.295967756663043
11090.0,225.18265698277958,144.6486605143752,10.295718886228206
11091.0,225.32795558958983,144.5848587615634,10.295470034850569
11092.0,224.264046317515,144.521015840813,10.295221202553344
11093.0,222.03432069770062,144.45747436102306,10.294972389359746
11094.0,224.60729852588383,144.39456463682538,10.294723595292986
11095.0,225.17224550961538,144.33092590224305,10.294474820376275
11096.0,224.3562145446938,144.26712709934864,10.294226064632817
11097.0,224.73573318307106,144.20355950522764,10.293977328085823
11098.0,224.42031659922827,144.13988438082575,10.293728610758494
11099.0,223.69650723615652,144.07629862445594,10.293479912674036
11100.0,223.85863069908933,144.01291794740575,10.293231233855646
11101.0,224.7121884818184,143.94949133537432,10.292982574326526
11102.0,225.79073575829793,143.88582288197114,10.29273393410987
11103.0,224.37629456203427,143.82184884017295,10.292485313228878
11104.0,226.35306961235932,143.7582755567137,10.292236711706739
11105.0,223.89150062272287,143.69414218699018,10.291988129566649
11106.0,225.60195664040222,143.63070626181374,10.291739566831795
11107.0,225.2931196803666,143.5667857074323,10.291491023525365
11108.0,224.5703585354383,143.50295265685617,10.291242499670547
11109.0,225.43095559725248,143.43932438860446,10.290993995290526
11110.0,225.06644229891506,143.3754522845186,10.290745510408483
11111.0,225.61300042205812,143.31168345920054,10.2904970450476
11112.0,224.8174612652466,143.24775977574768,10.290248599231056
11113.0,224.38073300836416,143.18406149505586,10.290000172982028
11114.0,225.59853944214004,143.12048695403683,10.28975176632369
11115.0,225.69817258613006,143.05656736786153,10.289503379279218
11116.0,225.75025245869767,142.99261955229545,10.289255011871784
11117.0,225.5056526793236,142.92865698076548,10.289006664124555
11118.0,225.96843881069643,142.86476371250632,10.2887583360607
11119.0,225.89339464377653,142.80073932150992,10.288510027703392
11120.0,225.47099573061445,142.73673619302753,10.288261739075784
11121.0,225.47019426540743,142.67285274423716,10.288013470201047
11122.0,225.23442890040135,142.60896952252858,10.28776522110234
11123.0,225.67833710057758,142.54515310100686,10.28751699180282
11124.0,223.83944470667961,142.481210905495,10.287268782325645
11125.0,223.82285205926706,142.41778972949479,10.28702059269397
11126.0,225.52355001956147,142.3543732547447,10.28677242293095
11127.0,224.6722511860021,142.2904749155725,10.286524273059735
11128.0,225.4068855104297,142.22681777773647,10.286276143103475
11129.0,226.1892556382485,142.16295249350853,10.286028033085318
11130.0,224.48959665758426,142.09886553774436,10.285779943028409
11131.0,224.91698679088088,142.0352601520247,10.285531872955893
11132.0,224.23770172212966,141.97153367243396,10.285283822890912
11133.0,224.93516919995568,141.907999656946,10.28503579285661
11134.0,223.67694204719163,141.8442680256727,10.284787782876117
11135.0,224.33145835472436,141.78089289209265,10.284539792972577
11136.0,226.76086052267132,141.71733231222547,10.284291823169122
11137.0,225.28985723853813,141.65308340174408,10.284043873488885
11138.0,224.9234165980422,141.5892512755265,10.283795943954997
11139.0,224.602589605766,141.525522974157,10.28354803459059
11140.0,224.98016254586278,141.4618855737687,10.283300145418785
11141.0,223.75633519247492,141.3981411943807,10.283052276462714
11142.0,224.63211993607564,141.33474356607618,10.282804427745496
11143.0,224.06357453888108,141.27109779876093,10.282556599290254
11144.0,226.08808480761638,141.20761311930823,10.282308791120107
11145.0,224.83282875662445,141.14355482861276,10.282061003258175
11146.0,225.96745031125124,141.0798521937984,10.28181323572757
11147.0,226.20968851533985,141.01582808287685,10.281565488551411
11148.0,224.1411918241334,140.95173533779752,10.281317761752806
11149.0,225.53153501808475,140.88822866678066,10.281070055354867
11150.0,224.9223480704622,140.82432806519222,10.280822369380703
11151.0,226.4483453741076,140.76060006657227,10.28057470385342
11152.0,223.09740335570095,140.6964397020496,10.280327058796118
11153.0,224.4709472501725,140.6332287710988,10.280079434231906
11154.0,224.84377666947765,140.5696286693779,10.279831830183882
11155.0,225.4085802453872,140.50592293265487,10.279584246675146
11156.0,225.3960745308025,140.44205716825198,10.279336683728793
11157.0,224.1923726265807,140.37819494713492,10.279089141367919
11158.0,224.35674510675963,140.3146737748907,10.278841619615616
11159.0,225.32046543422857,140.2511060304438,10.278594118494976
11160.0,224.68133894175028,140.1872652319041,10.278346638029086
11161.0,224.57848919913965,140.12360551920392,10.278099178241039
11162.0,224.10829129524785,140.05997494726412,10.277851739153913
11163.0,225.15894723425495,139.99647759806385,10.277604320790797
11164.0,225.00524292819054,139.9326825630141,10.27735692317477
11165.0,224.73555921640926,139.8689310775178,10.27710954632891
11166.0,226.66397995873302,139.8052560024065,10.276862190276297
11167.0,224.62951920644772,139.74103454141823,10.276614855040005
11168.0,225.7141452143507,139.6773895109764,10.276367540643111
11169.0,224.81291085693283,139.61343716983237,10.276120247108683
11170.0,224.36989516493153,139.54974017842292,10.275872974459793
11171.0,223.34663586226895,139.48616870812617,10.275625722719507
11172.0,223.95258861139277,139.42288716129855,10.27537849191089
11173.0,225.8538595301552,139.35943392785862,10.27513128205701
11174.0,225.81574444235522,139.29544200099173,10.274884093180928
11175.0,224.7997566216887,139.23146087339973,10.2746369253057
11176.0,224.92565612844024,139.16776760902354,10.274389778454388
11177.0,225.6199394501834,139.1040386731205,10.274142652650047
11178.0,225.27789859653922,139.04011302360965,10.27389554791573
11179.0,226.15076153632654,138.97628428567396,10.273648464274492
11180.0,225.82691119757442,138.91220823657198,10.273401401749382
11181.0,224.87966818501863,138.84822394506602,10.273154360363446
11182.0,225.9302938762761,138.7845080390803,10.272907340139732
11183.0,223.9667655619993,138.72049445581536,10.272660341101284
11184.0,224.82273952859498,138.6570372055728,10.272413363271145
11185.0,224.82578888469865,138.59333742937307,10.272166406672357
11186.0,224.80769600247774,138.52963678918906,10.271919471327953
11187.0,224.61835200488537,138.4659412753217,10.271672557260974
11188.0,223.56688398461765,138.40229940892033,10.271425664494453
11189.0,225.94732446706632,138.33895545845803,10.271178793051421
11190.0,224.9123950118565,138.27493704985898,10.270931942954912
11191.0,224.29725182487763,138.21121187127233,10.270685114227952
11192.0,225.23761876288106,138.14766098325526,10.270438306893565
11193.0,225.39816290877312,138.0838436579391,10.27019152097478
11194.0,225.35272548268077,138.01998084511496,10.269944756494619
11195.0,224.74017578142386,137.95613090622822,10.269698013476098
11196.0,224.46716166645513,137.89245452309018,10.26945129194224
11197.0,225.2087472165553,137.82885549395132,10.269204591916061
11198.0,226.48112411659298,137.76504634890665,10.268957913420573
11199.0,225.18385502379044,137.70087669707357,10.26871125647879
11200.0,223.39990158840294,137.63707460481683,10.26846462111372
11201.0,225.5242732604373,137.57377796603345,10.268218007348375
11202.0,224.27179508429103,137.509879421943,10.26797141520576
11203.0,224.11718136945154,137.44633574666912,10.26772484470888
11204.0,223.87302174975008,137.38283587861446,10.267478295880736
11205.0,225.9096755345922,137.3194051891187,10.267231768744328
11206.0,224.89638625766548,137.25539744771726,10.266985263322656
11207.0,224.01636228677108,137.19167680494428,10.266738779638715
11208.0,225.50324789176312,137.1282055022964,10.2664923177155
11209.0,224.66007501759606,137.0643129153937,10.266245877576
11210.0,225.75906651130967,137.0006592274721,10.265999459243211
11211.0,224.8857227896115,136.93669415862723,10.265753062740117
11212.0,224.82420135497858,136.87297653717016,10.265506688089706
11213.0,225.721614223068,136.80927634678625,10.26526033531496
11214.0,224.90529590336595,136.74532188942308,10.265014004438864
11215.0,224.97191974539948,136.68159872225044,10.264767695484396
11216.0,224.42293843126836,136.61785667832254,10.264521408474533
11217.0,225.66535096940132,136.5542701791004,10.264275143432252
11218.0,225.41107754874184,136.49033166299242,10.264028900380529
11219.0,224.2576358842592,136.42646519102027,10.263782679342333
11220.0,224.37344771862118,136.36292552751976,10.263536480340633
11221.0,225.16891858406055,136.29935305066616,10.2632903033984
11222.0,224.78688146691297,136.23555519040065,10.263044148538595
11223.0,225.05118337425333,136.171865573985,10.262798015784186
11224.0,225.86171280496023,136.10810107202894,10.262551905158134
11225.0,224.2709894798911,136.04410692006752,10.262305816683398
11226.0,226.6040712767647,135.98056347304825,10.262059750382933
11227.0,224.35839761254996,135.91635898618648,10.261813706279696
11228.0,225.18284053411463,135.8527907735296,10.26156768439664
11229.0,224.81536397088058,135.7889889687116,10.261321684756716
11230.0,225.04937826120576,135.72529128225318,10.261075707382874
11231.0,224.8780608317112,135.66152729174587,10.260829752298061
11232.0,225.14534619266027,135.59781184117688,10.260583819525221
11233.0,225.06279940126913,135.53402065975564,10.260337909087296
11234.0,225.25537295734918,135.47025286659198,10.26009202100723
11235.0,226.49022175554018,135.4064305109207,10.259846155307958
11236.0,223.6723656284904,135.34225828142328,10.259600312012418
11237.0,225.1947385860861,135.27888444449525,10.259354491143547
11238.0,224.28910950919484,135.21507926856253,10.259108692724272
11239.0,223.90314674897027,135.15153068753492,10.25886291677753
11240.0,225.06845345307104,135.08809146262269,10.258617163326242
11241.0,225.01142896377604,135.02432206747764,10.25837143239334
11242.0,224.2131217555683,134.96056882927124,10.258125724001745
11243.0,223.93459913860502,134.89704177810717,10.25788003817438
11244.0,224.94841259927847,134.83359364168456,10.257634374934165
11245.0,223.3873280608348,134.76985825811482,10.257388734304016
11246.0,224.91245433085226,134.7065651818309,10.25714311630685
11247.0,224.18226458755868,134.6428399864372,10.256897520965579
11248.0,225.01431504566946,134.5793216781374,10.256651948303118
11249.0,225.30871877069032,134.5155676222078,10.256406398342373
11250.0,225.9708885577295,134.45173015188948,10.256160871106252
11251.0,225.77517196500432,134.3877050667981,10.255915366617659
11252.0,225.6556458000005,134.32373543474137,10.2556698848995
11253.0,223.7967537058554,134.25979966843138,10.255424425974672
11254.0,224.07699369153812,134.19639058821474,10.255178989866076
11255.0,224.06873459260214,134.1329021066688,10.254933576596608
11256.0,225.2820210594118,134.0694159652009,10.254688186189162
11257.0,226.05951161858647,134.00558605923408,10.254442818666629
11258.0,225.31184288967165,133.94153586427547,10.254197474051901
11259.0,225.98131445601177,133.87769750879005,10.253952152367868
11260.0,224.85279619767806,133.81366946969416,10.25370685363741
11261.0,223.92441025516214,133.74996117743814,10.253461577883417
11262.0,224.93616174071897,133.68651592786588,10.253216325128767
11263.0,223.74073596034265,133.6227840153727,10.252971095396338
11264.0,223.50788000096654,133.55939080685062,10.25272588870901
11265.0,223.32521878692958,133.49606357418367,10.252480705089658
11266.0,224.9222114581303,133.43278809552737,10.252235544561154
11267.0,225.1602800925897,133.36906013561426,10.25199040714637
11268.0,224.09451312089698,133.30526472292135,10.251745292868172
11269.0,222.98655198680265,133.2417712775371,10.25150020174943
11270.0,225.10920193505774,133.17859175447416,10.251255133813004
11271.0,225.38081658538772,133.11481081392594,10.251010089081763
11272.0,224.80079766837363,133.0509529158934,10.250765067578559
11273.0,223.93431880611914,132.987259356554,10.250520069326255
11274.0,225.5391744399217,132.92381129955896,10.250275094347705
11275.0,225.84024565468096,132.85990853346766,10.250030142665763
11276.0,225.12151017989297,132.79592046386546,10.24978521430328
11277.0,224.90710459921857,132.73213603598117,10.249540309283104
11278.0,225.53363494199883,132.66841235634473,10.249295427628086
11279.0,224.6591857432094,132.60451115977781,10.249050569361065
11280.0,225.44719405713676,132.54085772381723,10.248805734504888
11281.0,224.62817829286752,132.47698101883438,10.248560923082392
11282.0,223.99241423433654,132.41333636831808,10.248316135116418
11283.0,224.33351514547226,132.3498718509517,10.248071370629804
11284.0,223.95331812115438,132.28631068832718,10.24782662964538
11285.0,224.6658060444381,132.22285724819284,10.247581912185977
11286.0,224.00098095554947,132.15920193648026,10.247337218274426
11287.0,224.2864800090867,132.09573499187616,10.247092547933557
11288.0,224.99883669222578,132.0321871558736,10.246847901186191
11289.0,224.89411858861217,131.96843748547747,10.246603278055153
11290.0,225.02239945993108,131.90471748521065,10.246358678563261
11291.0,225.95513991010276,131.840961138697,10.246114102733339
11292.0,225.45820358751283,131.7769405157225,10.245869550588196
11293.0,224.49666938194144,131.7130606913727,10.245625022150653
11294.0,224.78361512399528,131.64945330171446,10.245380517443516
11295.0,226.6332841325548,131.58576461076265,10.245136036489601
11296.0,226.8276549240753,131.52155184692512,10.244891579311709
11297.0,224.72935788147674,131.4572840113633,10.244647145932648
11298.0,224.53959301345725,131.3936106932969,10.244402736375221
11299.0,225.7578697599429,131.32999114194308,10.244158350662229
11300.0,225.26087187757608,131.26602641217778,10.243913988816471
11301.0,225.81884529774246,131.2022024984791,10.243669650860742
11302.0,225.15247902096695,131.1382204923114,10.243425336817836
11303.0,224.71749202831376,131.07442728992214,10.243181046710545
11304.0,224.55933576766722,131.01075733384744,10.242936780561658
11305.0,226.05138358870556,130.94713218871325,10.242692538393968
11306.0,226.70476367509022,130.88308429669647,10.24244832023025
11307.0,225.02983406849546,130.81885128032187,10.242204126093295
11308.0,225.1526584033001,130.75509282733577,10.24195995600588
11309.0,224.8619177011702,130.6912995741215,10.241715809990785
11310.0,225.40667405175776,130.62758869743953,10.241471688070785
11311.0,224.69816088888945,130.56372347312487,10.241227590268656
11312.0,225.0475351230102,130.50005899420637,10.240983516607166
11313.0,225.8258561071545,130.4362955259215,10.240739467109087
11314.0,226.2477885435213,130.3723115333578,10.240495441797185
11315.0,224.6847029550951,130.30820799327046,10.240251440694227
11316.0,225.05751112431557,130.24454732743322,10.240007463822973
11317.0,224.30824901142066,130.18078103261468,10.239763511206187
11318.0,224.51794969643595,130.11722702872814,10.239519582866622
11319.0,224.5141515547082,130.05361360964747,10.239275678827036
11320.0,223.58579419795672,129.990001266707,10.239031799110187
11321.0,225.4423761488152,129.92665195835087,10.238787943738819
11322.0,225.8600853991621,129.86277661844207,10.238544112735685
11323.0,224.97095761240905,129.79878292757894,10.238300306123532
11324.0,225.55938097212783,129.73504115625542,10.238056523925103
11325.0,226.4696612839933,129.67113266497995,10.237812766163142
11326.0,224.8034447513066,129.60696626094955,10.237569032860387
11327.0,224.30194012995392,129.54327195160334,10.237325324039576
11328.0,226.17448487514153,129.47971973523318,10.237081639723447
11329.0,225.57244039008046,129.41563696451857,10.23683797993473
11330.0,225.3791939377419,129.3517247730747,10.236594344696156
11331.0,226.87606389013487,129.28786733479234,10.236350734030454
11332.0,225.09490006788883,129.22358578335678,10.236107147960354
11333.0,226.62464649770087,129.15980889500418,10.235863586508572
11334.0,225.0333886789793,129.0955985784965,10.235620049697836
11335.0,223.8316808048763,129.03183911837078,10.235376537550865
11336.0,225.60187476193175,128.9684201421427,10.235133050090372
11337.0,225.130584457979,128.90449961096016,10.234889587339074
11338.0,224.5537313157615,128.84071261203042,10.234646149319685
11339.0,224.01993211291537,128.77708905482427,10.234402736054914
11340.0,224.9283964152789,128.71361674072563,10.234159347567468
11341.0,224.1069477387312,128.64988702840796,10.233915983880053
11342.0,224.5965634831912,128.58639005988198,10.233672645015371
11343.0,224.22109052321375,128.52275436689507,10.233429330996126
11344.0,224.74526312920216,128.45922505791353,10.233186041845013
11345.0,224.39181129342484,128.39554723336028,10.23294277758473
11346.0,225.51168876279908,128.33196955349376,10.232699538237972
11347.0,225.10131133929914,128.268074575011,10.232456323827428
11348.0,223.88637985798348,128.20429587013157,10.232213134375788
11349.0,224.56667451052581,128.14086139583847,10.231969969905741
11350.0,225.54493677569536,128.0772341713938,10.23172683043997
11351.0,224.6888165443782,128.0133297726407,10.231483716001154
11352.0,225.15442185213573,127.94966794128644,10.23124062661198
11353.0,224.66550851854558,127.88587418842832,10.230997562295121
11354.0,225.64399483207094,127.82221896101474,10.230754523073253
11355.0,225.25377511555055,127.75828649581234,10.230511508969046
11356.0,226.3472816848668,127.69446459286293,10.230268520005177
11357.0,225.64251087255198,127.63033286305223,10.23002555620431
11358.0,224.59003260868846,127.56640081830501,10.22978261758911
11359.0,224.5561944446237,127.50276697573254,10.229539704182246
11360.0,225.85212765078592,127.43914272063988,10.229296816006372
11361.0,225.64826981759057,127.37515128447215,10.229053953084149
11362.0,225.5698185265648,127.31121760802381,10.228811115438237
11363.0,224.80566615332674,127.24730615944131,10.228568303091288
11364.0,224.53231282854387,127.18361122069788,10.228325516065953
11365.0,226.21694397635915,127.11999373206314,10.228082754384879
11366.0,225.02054002452488,127.05589893126984,10.227840018070719
11367.0,225.57495225283648,126.99214311159619,10.227597307146112
11368.0,225.38480825274624,126.92823020845789,10.227354621633705
11369.0,224.47098135885204,126.86437117945296,10.227111961556135
11370.0,225.15492617163378,126.80077106806796,10.226869326936038
11371.0,225.54218449235736,126.73697717231933,10.226626717796053
11372.0,223.4272457314513,126.67307355337981,10.226384134158812
11373.0,225.95466016257487,126.60976916708921,10.226141576046944
11374.0,224.43592055057744,126.54574868004316,10.225899043483077
11375.0,223.98411848304707,126.48215850255384,10.225656536489836
11376.0,225.4755111673042,126.41869633565031,10.22541405508985
11377.0,224.99374067335953,126.35481160748623,10.225171599305732
11378.0,225.42419433550666,126.2910633809621,10.224929169160102
11379.0,225.34599685375522,126.22719319256706,10.22468676467558
11380.0,225.30832013157007,126.16334516012515,10.22444438587478
11381.0,223.60847634864595,126.09950780275456,10.224202032780306
11382.0,224.76827055909828,126.03615206778913,10.223959705414774
11383.0,227.09941933128167,125.97246772446405,10.223717403800789
11384.0,224.60355402133496,125.90812288898688,10.223475127960953
11385.0,225.2983161285898,125.8444852153475,10.22323287791787
11386.0,225.15548892285545,125.78065069244442,10.222990653694138
11387.0,225.28474388217245,125.7168566372496,10.222748455312354
11388.0,224.61669521851445,125.65302595981632,10.222506282795113
11389.0,224.08295744122063,125.58938456283775,10.222264136165006
11390.0,224.77243275889853,125.52589439156276,10.222022015444624
11391.0,225.10019051812114,125.46220886894774,10.221779920656553
11392.0,224.88403201197195,125.39843048163426,10.22153785182338
11393.0,224.5023907952648,125.3347133392309,10.221295808967685
11394.0,224.3652973594738,125.27110432850559,10.221053792112048
11395.0,225.81454070593765,125.20753416092043,10.220811801279046
11396.0,225.76617691244851,125.14355337438708,10.220569836491258
11397.0,224.881272950527,125.07958629092856,10.220327897771254
11398.0,226.14389908200585,125.01586993025926,10.220085985141603
11399.0,224.8247529450104,124.95179582551934,10.219844098624874
11400.0,224.1887811276825,124.88809547885161,10.219602238243633
11401.0,225.31365150686426,124.82457532419878,10.219360404020442
11402.0,224.69974860772,124.76073645627181,10.219118595977863
11403.0,225.06041570866287,124.69707152749963,10.21887681413845
11404.0,224.83490908080583,124.6333044097155,10.218635058524765
11405.0,224.88573365645217,124.56960118547597,10.218393329159355
11406.0,223.32616581850058,124.50588356093996,10.218151626064774
11407.0,225.63186893563943,124.44260781395803,10.217909949263571
11408.0,225.65775243804717,124.37867878442626,10.217668298778289
11409.0,225.83007578141206,124.31474242123547,10.217426674631474
11410.0,224.15354509210826,124.25075723309742,10.217185076845665
11411.0,224.94341725357805,124.18724706198797,10.216943505443401
11412.0,224.94760007285979,124.12351309376614,10.21670196044722
11413.0,224.32110691915963,124.05977794041215,10.21646044187965
11414.0,224.94511523531082,123.99622029345171,10.216218949763228
11415.0,224.97334940363106,123.93248584413507,10.215977484120481
11416.0,224.38454060501505,123.86874339513737,10.215736044973932
11417.0,224.5359902045749,123.80516777529925,10.21549463234611
11418.0,224.93899274296237,123.7415492447413,10.21525324625953
11419.0,223.68934805295441,123.67781653013078,10.215011886736715
11420.0,224.96889048910444,123.61443788151576,10.21477055380018
11421.0,223.2728956459463,123.55069669587719,10.214529247472441
11422.0,225.0212313134762,123.48743604211086,10.214287967776006
11423.0,226.09295662391017,123.42368002657204,10.214046714733383
11424.0,225.65349748252407,123.3596203555286,10.21380548836708
11425.0,225.36695870581158,123.29568519790854,10.213564288699603
11426.0,224.06130238622129,123.23183122627522,10.21332311575345
11427.0,225.6124273359736,123.1683471905991,10.213081969551121
11428.0,224.04262414397334,123.10442366952059,10.212840850115112
11429.0,225.30039054924953,123.0409449260131,10.212599757467919
11430.0,224.6938816129095,122.97710981535748,10.212358691632028
11431.0,224.68693090114476,122.91344654890047,10.212117652629935
11432.0,225.04490517653485,122.84978525181182,10.21187664048412
11433.0,225.85512669775719,122.78602252867847,10.21163565521707
11434.0,225.8777110587661,122.72203024278076,10.211394696851265
11435.0,225.22887515572833,122.65803155798078,10.211153765409184
11436.0,224.66498740012534,122.59421671002002,10.210912860913304
11437.0,225.16427379981698,122.53056163025666,10.210671983386101
11438.0,224.74904103357946,122.4667650860134,10.21043113285004
11439.0,225.72976259489988,122.40308619105386,10.210190309327595
11440.0,225.56100916178187,122.33912942498533,10.20994951284123
11441.0,223.75687641092463,122.27522047238949,10.209708743413412
11442.0,223.68091353641043,122.21182269073975,10.209468001066597
11443.0,226.3260542527242,122.14844643190443,10.209227285823244
11444.0,225.8460541627704,122.08432071653283,10.208986597705815
11445.0,226.95534044395114,122.02033100118669,10.20874593673676
11446.0,224.54332072923435,121.95602698806094,10.208505302938526
11447.0,223.9368479476424,121.89240638052101,10.208264696333568
11448.0,226.36646888088924,121.82895760693582,10.208024116944328
11449.0,224.4861783018078,121.7648204407529,10.207783564793253
11450.0,223.79136723696095,121.7012160235674,10.20754303990278
11451.0,226.20202397255332,121.6378084695169,10.207302542295349
11452.0,224.9467218218098,121.57371789605799,10.207062071993395
11453.0,224.33663800397647,121.50998299154182,10.206821629019352
11454.0,225.27186733318808,121.44642094410737,10.206581213395653
11455.0,223.9652199042134,121.38259391502962,10.206340825144721
11456.0,225.35148102143333,121.31913710272343,10.206100464288985
11457.0,225.12093689096287,121.25528751643401,10.205860130850871
11458.0,223.95516202413313,121.19150325098155,10.205619824852793
11459.0,223.51222366213457,121.12804928840805,10.20537954631717
11460.0,224.53877460550484,121.06472082503714,10.205139295266422
11461.0,224.65549324982257,121.0011015055656,10.20489907172296
11462.0,224.5674064293489,120.93744911581146,10.20465887570919
11463.0,224.41586654277873,120.87382168398982,10.204418707247525
11464.0,223.93274602537497,120.81023718846937,10.204178566360369
11465.0,224.686377890751,120.74678957709551,10.203938453070121
11466.0,225.59475422760065,120.68312843669314,10.203698367399186
11467.0,226.04406622392915,120.61920992299532,10.203458309369957
11468.0,225.43517665042808,120.55516410423185,10.203218279004833
11469.0,224.9175682698591,120.4912908041809,10.202978276326201
11470.0,224.57091965873497,120.42756415983779,10.202738301356456
11471.0,224.7545092714263,120.36393573260112,10.202498354117981
11472.0,225.24081981893713,120.30025528830755,10.202258434633164
11473.0,224.09304460181514,120.23643705602554,10.202018542924383
11474.0,225.67736866004716,120.17294402672168,10.201778679014021
11475.0,225.1832879180656,120.10900210560132,10.201538842924451
11476.0,222.9789178512451,120.04520017402453,10.20129903467805
11477.0,224.35375632683701,119.98202281396665,10.201059254297187
11478.0,224.66771956708595,119.91845591634069,10.200819501804235
11479.0,226.10905649150274,119.85480006246333,10.200579777221556
11480.0,226.01770438621975,119.79073582979075,10.200340080571515
11481.0,225.55810642828436,119.72669748021464,10.200100411876473
11482.0,225.77711891433927,119.66278935005995,10.199860771158791
11483.0,224.2167739371439,119.59881916636758,10.199621158440822
11484.0,224.47646688923075,119.53529108041872,10.199381573744919
11485.0,224.32743747466884,119.4716894148001,10.199142017093434
11486.0,225.0699833773399,119.40812997418227,10.198902488508715
11487.0,224.40125094779847,119.34436014555868,10.198662988013107
11488.0,224.09742877706688,119.28077979112349,10.198423515628953
11489.0,224.6391547036962,119.21728551963663,10.198184071378593
11490.0,225.42213948163146,119.15363775913723,10.197944655284365
11491.0,224.2619342648032,119.08976815295078,10.197705267368603
11492.0,224.82732186546247,119.02622727157572,10.197465907653639
11493.0,223.7015761145728,118.96252619704718,10.197226576161803
11494.0,225.7323434208415,118.89914408381469,10.196987272915425
11495.0,225.0054502795192,118.83518658651212,10.196747997936825
11496.0,225.68077986383796,118.77143504226625,10.196508751248327
11497.0,224.38809222881335,118.70749215463816,10.196269532872249
11498.0,224.98029437487972,118.64391552850665,10.196030342830909
11499.0,225.02810372445836,118.58017111176711,10.19579118114662
11500.0,223.68942467914957,118.51641314904518,10.19555204784169
11501.0,224.80163114492117,118.45303447871943,10.195312942938434
11502.0,225.64068479772612,118.38934068322835,10.195073866459154
11503.0,225.201006339718,118.32540915586898,10.194834818426154
11504.0,223.273881781766,118.26160220407273,10.194595798861732
11505.0,225.4833069563147,118.19834127090124,10.19435680778819
11506.0,224.93017393173008,118.13445433393028,10.19411784522782
11507.0,225.35395214033895,118.07072411798296,10.19387891120292
11508.0,225.06701898527527,118.00687383154319,10.193640005735771
11509.0,224.1610292825124,117.94310484283068,10.193401128848668
11510.0,224.89411082664063,117.87959255120066,10.193162280563891
11511.0,224.14099671070173,117.8158725531331,10.192923460903726
11512.0,225.01635640680064,117.75236593739842,10.19268466989045
11513.0,225.5844294022864,117.68861130308316,10.192445907546338
11514.0,224.53630630434597,117.62469571475252,10.192207173893667
11515.0,224.16169147710698,117.56107709463294,10.191968468954707
11516.0,225.14940067140577,117.49756461538108,10.191729792751724
11517.0,226.67106250620975,117.43377228519084,10.191491145306989
11518.0,223.75573600055841,117.36954881748073,10.19125252664276
11519.0,225.56629734549975,117.30615135894725,10.191013936781303
11520.0,224.9887688022903,117.24224090803271,10.19077537574487
11521.0,223.5826880105819,117.1784940902054,10.190536843555721
11522.0,225.85963373646587,117.11514566193573,10.190298340236106
11523.0,225.0851853007067,117.05115209904369,10.190059865808275
11524.0,224.8868224481624,116.98737796320849,10.189821420294475
11525.0,225.1918432940015,116.92366003018151,10.189583003716951
11526.0,224.9729827737934,116.85985567458155,10.189344616097944
11527.0,225.00182560114828,116.79611332946232,10.189106257459692
11528.0,224.4515421535474,116.73236281220863,10.188867927824434
11529.0,225.17408123351822,116.66876820859846,10.188629627214402
11530.0,224.0400164704998,116.60496888558232,10.188391355651827
11531.0,225.97947628158062,116.54149088091567,10.188153113158936
11532.0,225.2474306702826,116.47746336263592,10.187914899757956
11533.0,224.66604299297194,116.41364325727932,10.18767671547111
11534.0,223.96567715840308,116.34998787843132,10.187438560320617
11535.0,225.86615329471383,116.28653093656975,10.187200434328695
11536.0,224.1800402466132,116.2225355264696,10.186962337517555
11537.0,225.89020073353709,116.15901784839976,10.186724269909414
11538.0,226.42531000539444,116.09501562485858,10.186486231526477
11539.0,227.32487863521175,116.0308617870237,10.186248222390955
11540.0,224.50767565811068,115.9664530714104,10.186010242525047
11541.0,225.44671467589538,115.90284256330729,10.185772291950958
11542.0,224.92792034321454,115.83896599414912,10.185534370690883
11543.0,224.71583842095967,115.77523641671853,10.185296478767018
11544.0,224.43376498316715,115.7115669291659,10.185058616201555
11545.0,225.2186261989839,115.64797736242069,10.184820783016688
11546.0,226.02891596920855,115.584165418331,10.1845829792346
11547.0,223.71385602145827,115.52012389213972,10.184345204877477
11548.0,225.46304285102923,115.4567382996003,10.184107459967501
11549.0,224.34616283519242,115.39285710412584,10.183869744526852
11550.0,225.34544278675372,115.32929235798917,10.183632058577704
11551.0,224.59159235941033,115.26544448253296,10.18339440214223
11552.0,224.88779157649495,115.20181019803114,10.183156775242605
11553.0,224.8593451063406,115.13809199041782,10.182919177900992
11554.0,225.35860058832964,115.07438184263766,10.182681610139559
11555.0,224.1814138393928,115.01053023913762,10.182444071980468
11556.0,225.3406325270826,114.94701217188316,10.18220656344588
11557.0,223.9769816705288,114.88316565933383,10.181969084557947
11558.0,225.37241931711196,114.8197055145272,10.18173163533883
11559.0,226.2734462219287,114.75584999572071,10.181494215810677
11560.0,224.37993310396163,114.69173918595781,10.181256825995636
11561.0,226.42339807000147,114.62816487157833,10.181019465915854
11562.0,224.73300184196506,114.5640115754585,10.180782135593473
11563.0,223.67075049010688,114.5003372249366,10.180544835050636
11564.0,224.25970844265322,114.43696384563107,10.180307564309478
11565.0,225.63264929523783,114.37342359490563,10.180070323392135
11566.0,224.3867866719433,114.309494344272,10.179833112320738
11567.0,223.25975839781898,114.24591808804828,10.179595931117415
11568.0,224.29801936810654,114.18266115650222,10.179358779804296
11569.0,225.44172237318065,114.11911005101457,10.179121658403504
11570.0,224.38295746588517,114.05523489634216,10.178884566937157
11571.0,225.05183073449675,113.99165972506019,10.178647505427374
11572.0,225.46808688702436,113.92789503968542,10.178410473896271
11573.0,225.51779225773674,113.86401241506744,10.17817347236596
11574.0,225.24520565954452,113.80011570726109,10.177936500858554
11575.0,224.66491349045685,113.73629623232422,10.177699559396155
11576.0,224.56682128946792,113.67264117350194,10.17746264800087
11577.0,225.90990416602574,113.60901390746994,10.177225766694797
11578.0,224.47573567629868,113.54500610128957,10.176988915500036
11579.0,224.09900040790154,113.48140464284798,10.176752094438685
11580.0,225.2286680354267,113.41790992606573,10.176515303532835
11581.0,224.28501129594156,113.35409513678901,10.176278542804575
11582.0,224.50539282008702,113.29054771692182,10.176041812275994
11583.0,225.8731389417035,113.2269378556228,10.175805111969176
11584.0,225.07916523133375,113.16294046625596,10.175568441906202
11585.0,224.94766190469193,113.0991680361071,10.17533180210915
11586.0,224.35988288653903,113.03543286523414,10.175095192600098
11587.0,225.1983414834158,112.97186423174963,10.174858613401117
11588.0,225.41163827621628,112.90805803499599,10.17462206453428
11589.0,224.38710140851626,112.84419140415106,10.17438554602165
11590.0,225.8834053219582,112.78061505875198,10.174149057885295
11591.0,224.7297718921189,112.71661476057746,10.173912600147277
11592.0,225.92092426068865,112.652941325208,10.173676172829653
11593.0,224.87262507615011,112.58893039666746,10.17343977595448
11594.0,224.8223960999792,112.52521648622921,10.173203409543811
11595.0,225.13933442526746,112.46151680733418,10.172967073619697
11596.0,224.55067402725535,112.39772732924703,10.172730768204184
11597.0,224.50762590360802,112.33410463827263,10.17249449331932
11598.0,226.0936391452578,112.27049414426662,10.172258248987143
11599.0,225.72019891571293,112.20643427984211,10.172022035229695
11600.0,224.38673925829553,112.14248022348266,10.17178585206901
11601.0,223.02181050836094,112.0789039806928,10.171549699527123
11602.0,225.3094671464902,112.01571446771543,10.171313577626064
11603.0,224.30294575803882,111.95187678535727,10.171077486387858
11604.0,226.67161065623287,111.88832428405915,10.170841425834535
11605.0,225.8234298786983,111.82410066103986,10.170605395988112
11606.0,225.02518770224174,111.76011735590754,10.17036939687061
11607.0,225.02372248761935,111.69636021939188,10.170133428504046
11608.0,225.30196667066983,111.63260349802042,10.169897490910431
11609.0,224.59759641381942,111.56876794079709,10.169661584111777
11610.0,224.90076131472932,111.5051319551465,10.169425708130094
11611.0,224.35693350262437,111.441410072774,10.16918986298738
11612.0,224.77388501540557,111.37784227494825,10.168954048705643
11613.0,224.10086653634397,111.31415634086052,10.168718265306879
11614.0,225.2052750769987,111.25066109534188,10.168482512813085
11615.0,226.14902266114186,111.18685293407005,10.168246791246252
11616.0,224.15364681913596,111.12277737764938,10.168011100628375
11617.0,224.82005607460968,111.0592671777173,10.167775440981437
11618.0,224.72646584793608,110.99556816182947,10.167539812327423
11619.0,225.93308424907502,110.93189566317255,10.167304214688315
11620.0,224.27730678227857,110.86788128930199,10.167068648086094
11621.0,225.72319121726645,110.80433605238032,10.166833112542731
11622.0,224.9622472427594,110.74038114820209,10.166597608080204
11623.0,225.3537841544843,110.67664184481661,10.166362134720483
11624.0,224.6262105844462,110.61279160597284,10.166126692485529
11625.0,225.41608050153775,110.5491475129739,10.165891281397311
11626.0,226.1141693498971,110.48527962349847,10.16565590147779
11627.0,225.63223571996076,110.42121394218269,10.165420552748923
11628.0,225.11424486668787,110.35728480872866,10.165185235232666
11629.0,224.17906366429662,110.29350243934977,10.164949948950973
11630.0,224.7962186254876,110.22998503797821,10.164714693925792
11631.0,225.01480463250377,110.1662927760343,10.164479470179069
11632.0,226.56508368152137,110.10253858138843,10.16424427773275
11633.0,225.2552716329039,110.038345141012,10.164009116608774
11634.0,226.3326565522303,109.97452281404932,10.163773986829082
11635.0,224.77924131762916,109.9103952280262,10.163538888415603
11636.0,225.0732403872973,109.84670777631955,10.163303821390276
11637.0,224.85758054723564,109.78293702487649,10.163068785775026
11638.0,225.2648422163186,109.71922737705479,10.16283378159178
11639.0,224.47538102013752,109.65540233842685,10.162598808862462
11640.0,224.19823682830418,109.59180098047112,10.162363867608995
11641.0,224.96671416225584,109.5282781467031,10.16212895785329
11642.0,224.38814349148515,109.46453757769046,10.161894079617266
11643.0,223.55400830199534,109.40096093703454,10.161659232922833
11644.0,225.99235750312403,109.3376206346823,10.1614244177919
11645.0,223.08650914817116,109.27358946672307,10.161189634246375
11646.0,224.25029132958846,109.21038162246442,10.160954882308157
11647.0,224.6636503208789,109.14684403992106,10.160720161999148
11648.0,224.03379420866906,109.08318933899685,10.160485473341245
11649.0,225.0774506110369,109.01971309730438,10.16025081635634
11650.0,225.6629771810898,108.95594115296457,10.160016191066326
11651.0,225.2319021749747,108.89200330942991,10.15978159749309
11652.0,225.21401379750273,108.82818760381366,10.159547035658518
11653.0,224.93059986905934,108.76437696657106,10.15931250558449
11654.0,225.58668461228754,108.70064662994149,10.159078007292885
11655.0,224.62975886748998,108.63673040263467,10.158843540805583
11656.0,224.850751801739,108.57308530428891,10.158609106144453
11657.0,224.82275372811284,108.50937759127845,10.158374703331368
11658.0,225.45014773845577,108.4456778110555,10.158140332388193
11659.0,223.4338278368045,108.38180026919626,10.157905993336794
11660.0,225.83530557813114,108.31849401797582,10.15767168619903
11661.0,223.95928194405244,108.254507348062,10.157437410996764
11662.0,224.61818279280908,108.19105221817787,10.157203167751847
11663.0,225.24328914462816,108.1274103997199,10.15696895648613
11664.0,226.17263413828044,108.06359146779562,10.156734777221468
11665.0,226.00010999510886,107.99950922145646,10.156500629979702
11666.0,226.03024690029585,107.93547585695784,10.156266514782677
11667.0,224.52396771330368,107.87143395366942,10.156032431652237
11668.0,226.15931441386553,107.80781882948402,10.155798380610214
11669.0,224.95098465423945,107.74374035706674,10.155564361678447
11670.0,225.42394397199496,107.68000424474802,10.155330374878764
11671.0,224.52131016820692,107.61613412728931,10.155096420232994
11672.0,224.97762807122726,107.55251975607499,10.154862497762963
11673.0,224.09201712093247,107.48877609478816,10.154628607490496
11674.0,226.078241510121,107.42528335660391,10.154394749437406
11675.0,225.43129347480988,107.36122785484268,10.154160923625517
11676.0,225.30455014678964,107.2973556550248,10.153927130076637
11677.0,225.57214440411298,107.23351936581658,10.153693368812577
11678.0,224.35550195362978,107.16960725823542,10.153459639855146
11679.0,224.87573579547683,107.10603986601522,10.153225943226149
11680.0,224.9931799169012,107.0423250742065,10.152992278947385
11681.0,224.86659409192794,106.97857700656337,10.152758647040654
11682.0,225.68885251048334,106.91486480490397,10.152525047527751
11683.0,224.06038095661867,106.85091963002603,10.152291480430467
11684.0,226.36736460339102,106.78743585542163,10.152057945770594
11685.0,223.78014284971397,106.72329843545064,10.151824443569916
11686.0,224.65852173379568,106.6598940616432,10.151590973850215
11687.0,225.0576862952392,106.59624081381862,10.151357536633276
11688.0,224.28084374223116,106.53247446936832,10.15112413194087
11689.0,224.82210572681424,106.46892823030801,10.150890759794775
11690.0,224.64981958069245,106.4052286336854,10.150657420216762
11691.0,226.08580379417873,106.34157785147084,10.150424113228599
11692.0,225.02633627236662,106.27752020706248,10.15019083885205
11693.0,224.479053604744,106.21376274511866,10.149957597108875
11694.0,224.58820927589548,106.15016034659733,10.149724388020838
11695.0,225.36945402268617,106.08652702063583,10.14949121160969
11696.0,224.40081256329987,106.02267234199603,10.149258067897186
11697.0,227.31284864899,105.95909211176973,10.149024956905077
11698.0,224.67158406602906,105.89468680465251,10.148791878655107
11699.0,224.29391556556044,105.83102985583383,10.148558833169021
11700.0,224.4680804730803,105.76747991309024,10.14832582046856
11701.0,225.93489812941564,105.70388062362288,10.148092840575462
11702.0,224.43506975622668,105.63986573581957,10.147859893511459
11703.0,224.66420773444247,105.57627579938863,10.147626979298286
11704.0,225.11283897850953,105.51262094053051,10.147394097957667
11705.0,223.99775365781798,105.44883896948662,10.147161249511331
11706.0,225.11316017945617,105.38537293928356,10.146928433980998
11707.0,225.5017999776283,105.32159087723271,10.14669565138839
11708.0,224.74618061621308,105.25769870057235,10.14646290175522
11709.0,225.46383733303477,105.1940206160644,10.146230185103201
11710.0,223.98589816142965,105.1301391954867,10.145997501454046
11711.0,224.7585993731495,105.06667652434098,10.145764850829458
11712.0,224.9028938151935,105.00299492118525,10.145532233251142
11713.0,225.43418915933302,104.93927243460429,10.145299648740801
11714.0,225.45006707205292,104.87539941434251,10.14506709732013
11715.0,224.28276544000093,104.81152189533874,10.144834579010826
11716.0,224.89651876365295,104.74797511179739,10.144602093834576
11717.0,224.80492671449656,104.68425443148101,10.144369641813073
11718.0,224.18801267623,104.62055970224523,10.144137222968002
11719.0,225.17065912767382,104.55703976532033,10.143904837321042
11720.0,224.67814631012465,104.49324141190083,10.143672484893873
11721.0,224.7063320634648,104.42958260377962,10.143440165708173
11722.0,225.79455211049932,104.36591580969498,10.14320787978561
11723.0,225.658766011937,104.301940686597,10.142975627147859
11724.0,224.6602449748014,104.23800403622695,10.142743407816585
11725.0,225.87119092926005,104.17435030015078,10.142511221813452
11726.0,224.183140168125,104.1103534627208,10.14227906916012
11727.0,224.4234928618565,104.04683490633981,10.142046949878244
11728.0,224.5643184415548,103.98324825002894,10.141814863989481
11729.0,223.94888071785195,103.91962169313719,10.141582811515482
11730.0,226.49138767532892,103.85616951026715,10.141350792477894
11731.0,225.91962772056797,103.79199695042578,10.141118806898362
11732.0,226.51705160641026,103.72798638923831,10.140886854798527
11733.0,225.4546795355323,103.66380655794985,10.14065493620003
11734.0,224.8937092625616,103.59992773208143,10.140423051124502
11735.0,225.82579257102523,103.5362078477904,10.14019119959358
11736.0,223.53593436558126,103.47222387322857,10.139959381628893
11737.0,224.9632965253518,103.408888691825,10.139727597252064
11738.0,224.97286060005976,103.34514909114282,10.139495846484717
11739.0,225.42733920632753,103.28140678063949,10.139264129348472
11740.0,224.39484809314015,103.21753570119772,10.139032445864947
11741.0,225.62685163249944,103.15395716090465,10.138800796055754
11742.0,225.23844446784045,103.09002955294208,10.138569179942506
11743.0,225.5665956820126,103.02621199367623,10.138337597546805
11744.0,224.1511291372072,102.96230145823299,10.13810604889026
11745.0,224.73321139206422,102.89879197164409,10.13787453399447
11746.0,226.16667074965568,102.83511756174968,10.137643052881032
11747.0,224.85402222969304,102.77103700503726,10.137411605571543
11748.0,224.8958269987928,102.7073283654055,10.137180192087593
11749.0,225.0925802266073,102.64360788108917,10.13694881245077
11750.0,224.7347621303115,102.57983165002496,10.13671746668266
11751.0,224.5780621798494,102.51615680075471,10.136486154804846
11752.0,224.09023027334888,102.45252634980372,10.136254876838905
11753.0,225.69760760662552,102.38903411789296,10.136023632806413
11754.0,225.05259525731222,102.32508646240444,10.135792422728942
11755.0,225.27828295238908,102.26132156041486,10.135561246628063
11756.0,226.31462544659095,102.19749271357834,10.135330104525343
11757.0,223.15465827210082,102.13337023636845,10.135098996442341
11758.0,225.57240565712186,102.07014308319137,10.13486792240062
11759.0,223.7144510071804,102.0062309015885,10.134636882421738
11760.0,224.1915970024094,101.94284514046977,10.134405876527245
11761.0,224.70579139233777,101.87932418798576,10.134174904738694
11762.0,225.53373605630392,101.81565754709129,10.13394396707763
11763.0,224.17461824094752,101.75175632187533,10.1337130635656
11764.0,225.33798529963167,101.6882401800404,10.13348219422414
11765.0,223.19692181878895,101.62439441753885,10.13325135907479
11766.0,225.77549882357246,101.5611552896902,10.133020558139089
11767.0,224.31326040839636,101.49718556502354,10.13278979143856
11768.0,224.98139815860858,101.43363014124115,10.132559058994737
11769.0,225.9293845492058,101.36988541176291,10.132328360829142
11770.0,225.72229096254028,101.30587208614062,10.132097696963298
11771.0,225.76511686723288,101.24191743703454,10.131867067418723
11772.0,224.87265562960235,101.17795065392214,10.13163647221693
11773.0,224.49786457431222,101.11423673482709,10.131405911379437
11774.0,224.17576346526,101.05062900653105,10.131175384927745
11775.0,225.17978498648262,100.98711254021586,10.130944892883365
11776.0,223.86435229974683,100.92331160113635,10.130714435267798
11777.0,224.47567584007962,100.85988336798475,10.130484012102544
11778.0,223.96327383706648,100.7962819264967,10.130253623409098
11779.0,223.79907223150929,100.73282566557621,10.130023269208952
11780.0,225.60290670633648,100.66941592844394,10.129792949523596
11781.0,224.93275145762027,100.60549510487712,10.129562664374516
11782.0,225.73102573137294,100.54176415863081,10.1293324137832
11783.0,226.53031231158326,100.47780703467356,10.12910219777112
11784.0,224.41144529231886,100.41362344618527,10.128872016359756
11785.0,224.18225604757708,100.3500402033524,10.12864186957058
11786.0,225.18763351015141,100.28652189747224,10.128411757425068
11787.0,224.18829279465368,100.22271873464439,10.128181679944682
11788.0,224.65700966199003,100.15919871835258,10.127951637150886
11789.0,225.08509089987427,100.09554589894834,10.12772162906514
11790.0,223.34240191757775,100.03177178986007,10.127491655708903
11791.0,224.59313909969936,99.96849144265009,10.127261717103629
11792.0,224.7541700126387,99.9048567199052,10.127031813270767
11793.0,224.3548713372243,99.84117637173495,10.126801944231765
11794.0,225.721941649444,99.7776091581894,10.12657211000807
11795.0,225.32701747154607,99.71365460805539,10.12634231062112
11796.0,225.66998411091294,99.6498119531051,10.126112546092351
11797.0,224.9917330438215,99.58587212427368,10.125882816443202
11798.0,224.6912954065642,99.5221244665779,10.125653121695102
11799.0,225.01463025028488,99.45846193287937,10.125423461869481
11800.0,224.26068460177024,99.39470778764182,10.12519383698776
11801.0,224.06679791297503,99.33116726033799,10.124964247071365
11802.0,223.80694634885006,99.267681667596,10.12473469214171
11803.0,225.31851259866573,99.2042696994638,10.124505172220212
11804.0,224.81181827056363,99.14042945422752,10.124275687328284
11805.0,226.2168320390997,99.07673277238422,10.124046237487333
11806.0,224.68222604454286,99.01263800330648,10.123816822718762
11807.0,225.08958617973775,98.94897803926052,10.123587443043977
11808.0,225.1009769030929,98.88520265650959,10.123358098484374
11809.0,225.37860937193625,98.82142404638705,10.123128789061347
11810.0,224.42894962412782,98.75756677373164,10.122899514796293
11811.0,226.31367986717487,98.69397857133814,10.122670275710597
11812.0,226.6281081110549,98.62985636204246,10.122441071825646
11813.0,226.39518205675824,98.56564506474433,10.12221190316282
11814.0,223.81596792499704,98.5014997631616,10.1219827697435
11815.0,226.02471919713233,98.43808523891619,10.121753671589062
11816.0,224.76611547117963,98.37404490181032,10.121524608720877
11817.0,225.31027266637216,98.31036116909351,10.121295581160316
11818.0,224.85592341887482,98.2465232585047,10.121066588928741
11819.0,224.26349798806123,98.18281408020268,10.120837632047518
11820.0,225.11869120011775,98.1192727557727,10.120608710538004
11821.0,225.40197989299708,98.05548912659934,10.120379824421558
11822.0,226.14512985086876,97.99162523229631,10.120150973719529
11823.0,224.97705627023936,97.9275507788386,10.119922158453269
11824.0,224.14092794931432,97.86380727956201,10.119693378644122
11825.0,224.48724252000866,97.80030068330967,10.119464634313431
11826.0,224.67009520259944,97.73669596459567,10.119235925482537
11827.0,226.2013797919605,97.67303943762161,10.119007252172771
11828.0,224.62528425206395,97.60894904668058,10.118778614405473
11829.0,225.42201035335896,97.54530521614251,10.118550012201968
11830.0,225.40504640873814,97.48143564654237,10.118321445583584
11831.0,222.5872945932434,97.41757088339325,10.11809291457164
11832.0,224.18265800413732,97.35450448325851,10.11786441918746
11833.0,225.09585088599306,97.29098606349068,10.11763595945236
11834.0,224.4312941489356,97.22720890573964,10.117407535387649
11835.0,225.1882521949378,97.16362003906414,10.117179147014639
11836.0,225.6517463931382,97.09981670094221,10.116950794354636
11837.0,224.283934647288,97.03588203946416,10.116722477428942
11838.0,224.8088576574737,96.97233492464744,10.116494196258857
11839.0,223.56451513451103,96.9086390816445,10.116265950865678
11840.0,225.20850824343,96.84529580235638,10.116037741270699
11841.0,224.92611318964478,96.78148672502076,10.115809567495203
11842.0,224.25205735444047,96.71775765961705,10.115581429560484
11843.0,224.63061758759892,96.65421957669997,10.115353327487819
11844.0,224.09462847407272,96.59057423505016,10.11512526129849
11845.0,224.79779644902806,96.52708075698247,10.114897231013774
11846.0,224.96900291344187,96.46338804798857,10.114669236654942
11847.0,224.47692926168904,96.39964683049647,10.114441278243264
11848.0,225.4753821485876,96.33604503387232,10.114213355800006
11849.0,225.54608336811322,96.27216034226353,10.11398546934643
11850.0,224.89572178210076,96.20825561864258,10.113757618903797
11851.0,225.02099742496063,96.14453516413762,10.113529804493362
11852.0,225.03587711615174,96.0807792148672,10.113302026136378
11853.0,226.28170441519055,96.01701904968428,10.113074283854093
11854.0,225.43204343694342,95.9529059001,10.112846577667753
11855.0,225.17715888925662,95.88903348779289,10.112618907598604
11856.0,224.89475140701845,95.82523329277427,10.112391273667878
11857.0,226.15383754662847,95.76151311320895,10.11216367589682
11858.0,225.49028365802323,95.69743619257073,10.111936114306655
11859.0,225.3870844900602,95.63354727886764,10.111708588918614
11860.0,225.1478586793792,95.56968760492879,10.111481099753924
11861.0,224.5938734512896,95.5058957116363,10.111253646833804
11862.0,225.80330155110727,95.4422607808251,10.111026230179478
11863.0,224.29291740388558,95.37828317871893,10.110798849812156
11864.0,224.06828339515135,95.31473351878782,10.110571505753056
11865.0,223.7679537273076,95.2512475051592,10.110344198023382
11866.0,225.45158408278394,95.18784658493644,10.11011692664434
11867.0,223.9396525833964,95.12396863611298,10.109889691637134
11868.0,223.85098036215254,95.06051906788105,10.10966249302296
11869.0,225.99283422770188,94.99709462344511,10.109435330823016
11870.0,224.9108349656517,94.93306332041391,10.109208205058493
11871.0,224.7536540404829,94.8693385838403,10.108981115750577
11872.0,224.7197871981644,94.80565838186217,10.108754062920456
11873.0,225.0658429832008,94.74198777548935,10.108527046589307
11874.0,223.88709423697125,94.67821911997743,10.108300066778314
11875.0,223.57068296732746,94.61478444327695,10.10807312350865
11876.0,223.6443168309819,94.55143941643618,10.107846216801482
11877.0,225.31259909415238,94.4880735266674,10.107619346677984
11878.0,225.8978695572982,94.42423495692407,10.107392513159317
11879.0,224.73650929951646,94.3602305605495,10.107165716266643
11880.0,225.72148422297983,94.29655521624795,10.106938956021118
11881.0,224.98423188475098,94.2326007957181,10.1067122324439
11882.0,224.79932180029948,94.16885526335074,10.106485545556136
11883.0,224.83775050327532,94.105162122174,10.106258895378975
11884.0,225.0738853820445,94.04145809286472,10.106032281933562
11885.0,224.36787105376888,93.97768715867312,10.105805705241037
11886.0,225.82717527469535,93.91411626187454,10.105579165322537
11887.0,224.38496305015892,93.8501318955467,10.105352662199193
11888.0,223.86613955296784,93.78655615601582,10.105126195892138
11889.0,226.46930574836583,93.72312741647582,10.1048997664225
11890.0,224.00688190788264,93.65896111318045,10.104673373811401
11891.0,224.4878834382119,93.59549249663988,10.104447018079961
11892.0,225.27138469524917,93.5318875963324,10.104220699249295
11893.0,226.47019566139832,93.46806070400208,10.103994417340518
11894.0,226.17719470167907,93.40389414856469,10.103768172374739
11895.0,224.18374325741598,93.3398106100659,10.103541964373065
11896.0,225.71691177541535,93.27629188280964,10.103315793356597
11897.0,225.0020507170899,93.21233875780662,10.103089659346436
11898.0,225.60191510267944,93.14858817677009,10.102863562363678
11899.0,223.81050032632027,93.08466763415765,10.102637502429413
11900.0,224.58152473604125,93.02125465906522,10.102411479564731
11901.0,224.6891855892978,92.9576232270567,10.102185493790719
11902.0,225.00044424706238,92.89396129113975,10.101959545128459
11903.0,225.33239609423092,92.83021116526976,10.101733633599027
11904.0,224.81393392097954,92.76636698637638,10.1015077592235
11905.0,225.35452346509638,92.70266970509877,10.101281922022949
11906.0,225.36031798871636,92.63881925678365,10.101056122018443
11907.0,223.17868661690247,92.57496716668683,10.100830359231043
11908.0,225.33693711505188,92.51173320547869,10.100604633681817
11909.0,226.2233176853076,92.4478877399628,10.100378945391817
11910.0,225.7888721463182,92.38379113328531,10.1001532943821
11911.0,225.55564313186525,92.3198176195105,10.099927680673716
11912.0,225.85556245540144,92.25591018728983,10.099702104287712
11913.0,225.634414749771,92.19191777792744,10.09947656524513
11914.0,224.4704197477393,92.1279880270817,10.099251063567015
11915.0,224.58557977137517,92.06438807481982,10.0990255992744
11916.0,225.13070860912916,92.0007554938846,10.09880017238832
11917.0,226.1384093919974,91.93696845977868,10.098574782929804
11918.0,225.11068821639427,91.87289591045095,10.09834943091988
11919.0,225.63670810724807,91.80911454878961,10.098124116379568
11920.0,224.69746507519434,91.7451841481592,10.09789883932989
11921.0,225.20812723610308,91.68151986638787,10.097673599791863
11922.0,224.9296689948433,91.61771089700432,10.097448397786494
11923.0,225.29135554757272,91.55398082412242,10.097223233334796
11924.0,223.88697365446117,91.49014827338397,10.096998106457775
11925.0,223.53227597335083,91.42671363084855,10.096773017176432
11926.0,225.58103914330943,91.36337948598941,10.096547965511762
11927.0,224.11110262689718,91.29946485823214,10.096322951484765
11928.0,225.37038099313258,91.23596671248788,10.09609797511643
11929.0,224.42935731401468,91.17211177120649,10.095873036427745
11930.0,224.27537946593864,91.10852345330083,10.095648135439694
11931.0,226.089019470788,91.04497876245213,10.095423272173258
11932.0,226.52657381201305,90.9809202069354,10.095198446649414
11933.0,224.36265094406178,90.91673767768866,10.094973658889137
11934.0,225.98352259236924,90.85316825992116,10.094748908913395
11935.0,225.05273991051678,90.78913959518663,10.094524196743157
11936.0,223.74611627430303,90.725374652212,10.094299522399385
11937.0,224.53626762144043,90.66197991926762,10.094074885903039
11938.0,226.05021144099945,90.59836131010823,10.093850287275076
11939.0,224.7103312717953,90.53431375019991,10.093625726536448
11940.0,225.00249299556853,90.47064582300624,10.093401203708103
11941.0,225.48320358232104,90.4068951166575,10.093176718810986
11942.0,223.67699999166447,90.34300820897587,10.092952271866043
11943.0,225.87350230197944,90.27963305897822,10.092727862894206
11944.0,226.28087894633575,90.21563556665933,10.092503491916418
11945.0,223.25807671895873,90.15152265095784,10.092279158953604
11946.0,225.63081706792588,90.08826619588746,10.092054864026693
11947.0,226.2215390256539,90.02433746438487,10.09183060715661
11948.0,225.35485574451738,89.9602413616609,10.091606388364276
11949.0,225.0812064322789,89.89639081919995,10.091382207670609
11950.0,223.42526583276833,89.83261781071081,10.091158065096522
11951.0,225.72022419213434,89.76931398539156,10.090933960662923
11952.0,225.1613820522227,89.70535992187044,10.090709894390722
11953.0,226.3409182513667,89.64156419695567,10.090485866300817
11954.0,224.83305153272067,89.57743427011778,10.090261876414113
11955.0,224.78103904439834,89.51373157218352,10.090037924751504
11956.0,224.91250958836943,89.45004361112095,10.08981401133388
11957.0,224.77742030456392,89.38631840007093,10.08959013618213
11958.0,224.97007880907168,89.32263146431796,10.089366299317144
11959.0,224.21241558890924,89.25888994198876,10.089142500759795
11960.0,225.6818423712535,89.1953630909052,10.08891874053097
11961.0,224.8404438367269,89.13141990223338,10.088695018651537
11962.0,224.55906869164687,89.06771510981295,10.088471335142371
11963.0,226.8692246273364,89.00409004035035,10.088247690024334
11964.0,226.05583349569432,88.9398104267059,10.088024083318295
11965.0,225.11194753554767,88.87576127388215,10.087800515045112
11966.0,225.53484446370777,88.81197955541373,10.08757698522564
11967.0,224.04443093148802,88.74807801614901,10.087353493880734
11968.0,225.1908504452754,88.68459876071844,10.087130041031243
11969.0,223.776829792365,88.62079468642563,10.086906626698013
11970.0,225.92907638329393,88.55739125131781,10.086683250901885
11971.0,224.71319950982505,88.49337801300919,10.086459913663695
11972.0,226.70899479640332,88.42970927314809,10.086236615004285
11973.0,224.19021396481156,88.36547505795579,10.08601335494448
11974.0,225.1037247868959,88.30195449733242,10.08579013350511
11975.0,225.62814832961857,88.23817510864279,10.085566950707001
11976.0,224.89681697140713,88.17424713328273,10.08534380657097
11977.0,224.61572315729592,88.11052636847418,10.085120701117836
11978.0,225.09524588809398,88.04688524691295,10.08489763436841
11979.0,224.65624682885795,87.98310826057798,10.084674606343507
11980.0,224.65734034075524,87.91945565730981,10.084451617063927
11981.0,225.71250488743152,87.85580274421325,10.084228666550475
11982.0,225.43288712352742,87.79185086782846,10.084005754823952
11983.0,225.04073125958945,87.7279782164768,10.08378288190515
11984.0,225.1104855837274,87.66421667595328,10.08356004781486
11985.0,223.99710805637878,87.60043537170456,10.083337252573873
11986.0,223.90711742763116,87.53696952442195,10.083114496202972
11987.0,225.29721430520044,87.4735291744841,10.082891778722939
11988.0,225.4430836983216,87.4096949637643,10.082669100154547
11989.0,224.6397672070118,87.34581942338312,10.082446460518575
11990.0,226.19079387349387,87.28217148934112,10.08222385983579
11991.0,225.7246152601956,87.2180840977436,10.082001298126958
11992.0,225.65720968070192,87.15412879008652,10.081778775412843
11993.0,224.86094859645854,87.09019258067696,10.081556291714202
11994.0,225.60318897354622,87.02648197857465,10.08133384705179
11995.0,225.91356514059717,86.96256107503214,10.08111144144636
11996.0,224.7226057585415,86.89855223157562,10.080889074918662
11997.0,225.46546252029069,86.83488082661071,10.080666747489438
11998.0,224.39218577188635,86.77099894556329,10.080444459179429
11999.0,224.04804189788854,86.70742115959459,10.080222210009373
12000.0,225.39024447814222,86.64394088105686,10.08
12001.0,225.61589815508677,86.58008031178804,10.079777829172045
12002.0,224.8652064867915,86.51615580731072,10.07955569754623
12003.0,224.10814375179322,86.45244399880613,10.079333605143278
12004.0,223.75449421800533,86.38894669140981,10.079111551983909
12005.0,224.28215948811533,86.32554958471474,10.078889538088838
12006.0,226.2489894376206,86.26200297285979,10.078667563478778
12007.0,224.60370124647008,86.19789909251915,10.078445628174434
12008.0,224.85604892611093,86.13426137716597,10.078223732196511
12009.0,225.26707725636476,86.0705521633036,10.07800187556571
12010.0,225.27848559710333,86.00672649141431,10.077780058302727
12011.0,224.88501245485983,85.94289758716182,10.077558280428256
12012.0,224.8423073209562,85.87918016696625,10.077336541962985
12013.0,224.79053413978403,85.81547484655867,10.077114842927603
12014.0,224.55073094642594,85.75178419521907,10.076893183342788
12015.0,225.00974417854025,85.68816148811757,10.076671563229223
12016.0,224.90291369859463,85.624408727267,10.076449982607576
12017.0,224.87934194303915,85.56068623505237,10.076228441498525
12018.0,224.0406841255112,85.49697042150189,10.076006939922735
12019.0,225.59657906458418,85.4334922276663,10.075785477900869
12020.0,224.4886008505719,85.36957319693131,10.075564055453587
12021.0,226.3216440512133,85.30596809335697,10.075342672601543
12022.0,224.27739119724447,85.24184362754241,10.075121329365395
12023.0,223.67033518100052,85.17829836670319,10.074900025765789
12024.0,225.1732897266956,85.1149251050686,10.07467876182337
12025.0,224.56432524186744,85.05112600631267,10.074457537558779
12026.0,224.64935794650697,84.98749944749412,10.074236352992655
12027.0,224.68100862716113,84.92384879607597,10.07401520814563
12028.0,225.6917861273669,84.86018917696495,10.073794103038338
12029.0,224.8593106153431,84.79624317089554,10.073573037691403
12030.0,225.21585748874728,84.73253303288786,10.073352012125449
12031.0,225.9804529327166,84.66872187326605,10.073131026361096
12032.0,224.34929154081354,84.60469407826847,10.072910080418957
12033.0,224.79360233489427,84.54112844566524,10.072689174319645
12034.0,224.39770534920007,84.4774369250037,10.07246830808377
12035.0,223.79036791888547,84.4138575751548,10.072247481731935
12036.0,225.81782577176423,84.35045030424442,10.072026695284741
12037.0,225.3557947861027,84.28646858694245,10.071805948762783
12038.0,225.4992649177908,84.22261777841969,10.071585242186657
12039.0,225.0554043217128,84.15872632002632,10.07136457557695
12040.0,223.7096686329266,84.09496062213519,10.071143948954251
12041.0,225.3280473153249,84.0315762160225,10.07092336233914
12042.0,224.3186426551727,83.96773326928316,10.070702815752195
12043.0,224.4742896301775,83.90417632053087,10.070482309213991
12044.0,225.6956159167968,83.84057527180232,10.070261842745099
12045.0,225.0546181910196,83.77662818062592,10.070041416366086
12046.0,225.5595829661944,83.71286270547179,10.069821030097515
12047.0,226.67437350075994,83.64895415696469,10.069600683959948
12048.0,224.473090785221,83.58472975113946,10.069380377973937
12049.0,224.8800224186684,83.52112904208363,10.069160112160036
12050.0,223.50329854708994,83.45741303573169,10.068939886538795
12051.0,226.31718378142142,83.39408710114336,10.068719701130757
12052.0,225.39685652815416,83.32996389907197,10.068499555956462
12053.0,224.50650541760285,83.26610145638898,10.06827945103645
12054.0,225.22334834414522,83.20249127985397,10.06805938639125
12055.0,225.59249123566468,83.13867799782312,10.067839362041395
12056.0,224.85935161656346,83.07476012530634,10.06761937800741
12057.0,224.3632609955973,83.01104997568167,10.067399434309818
12058.0,225.33807189342957,82.94748038506623,10.067179530969137
12059.0,225.63258350161956,82.88363459802974,10.06695966800588
12060.0,224.26840365745383,82.8197053660376,10.06673984544056
12061.0,224.57331016395813,82.756162651668,10.066520063293684
12062.0,223.81571170640427,82.69253354712157,10.066300321585752
12063.0,223.50003237178092,82.62911909547142,10.066080620337265
12064.0,225.66314372806914,82.56579408629943,10.065860959568722
12065.0,225.40978282502164,82.50185619557647,10.065641339300612
12066.0,226.17667534998944,82.4379900904427,10.065421759553422
12067.0,224.74826491252452,82.37390669909351,10.06520222034764
12068.0,224.60104676247363,82.31022802403496,10.064982721703743
12069.0,224.19693502293774,82.24659106078559,10.06476326364221
12070.0,224.13811863771716,82.18306859586242,10.064543846183515
12071.0,225.35758536838696,82.11956279558174,10.064324469348124
12072.0,223.9987384691298,82.05571147972736,10.064105133156504
12073.0,225.684728069725,81.99224517049446,10.063885837629117
12074.0,224.95432967490248,81.92830116420804,10.063666582786421
12075.0,225.7072506259683,81.8645641041335,10.06344736864887
12076.0,226.52586676057757,81.80061371645616,10.063228195236915
12077.0,225.4800416122874,81.73643138754065,10.063009062571002
12078.0,224.56649521529346,81.67254537575053,10.062789970671572
12079.0,225.754732573108,81.60891820210617,10.062570919559064
12080.0,224.91251430392995,81.54495436121047,10.062351909253916
12081.0,225.6794247487401,81.48122914882435,10.062132939776557
12082.0,224.1130948608064,81.41728664514555,10.061914011147415
12083.0,226.13153990126446,81.35378793493501,10.061695123386915
12084.0,225.69915721924713,81.289717331963,10.061476276515473
12085.0,224.13470957845522,81.22576923741755,10.06125747055351
12086.0,225.52698034700356,81.16226440303697,10.061038705521433
12087.0,223.5641752853294,81.09836509193863,10.060819981439655
12088.0,224.58712403713488,81.03502190894109,10.06060129832858
12089.0,226.23216264832507,80.97138889046388,10.060382656208605
12090.0,223.40272246833388,80.90728977771356,10.060164055100131
12091.0,225.94097155984443,80.84399233968085,10.059945495023547
12092.0,224.08394948385137,80.77997573107226,10.059726975999247
12093.0,224.598151655908,80.7164852787185,10.059508498047613
12094.0,224.6300820594201,80.6528491357493,10.059290061189028
12095.0,225.47497881434109,80.5892039458325,10.05907166544387
12096.0,223.98587729165297,80.52531936850175,10.058853310832513
12097.0,223.91925956946784,80.46185670326915,10.058634997375325
12098.0,224.7972932930001,80.3984129130578,10.058416725092673
12099.0,224.38589032798242,80.3347203466248,10.058198494004923
12100.0,224.17107920415324,80.27114434436524,10.05798030413243
12101.0,225.83118143068788,80.20762920525738,10.05776215549555
12102.0,225.22555419132874,80.143643703852,10.057544048114632
12103.0,225.03800343461444,80.07982979683112,10.057325982010024
12104.0,224.68189334362137,80.01606902919133,10.057107957202073
12105.0,225.97409683767114,79.95240915941065,10.056889973711112
12106.0,223.46408630085682,79.88838316530665,10.056672031557481
12107.0,225.4948881231666,79.82506834085474,10.056454130761509
12108.0,223.5947995204479,79.76117812255315,10.056236271343526
12109.0,225.08676901179427,79.69782626268903,10.056018453323853
12110.0,223.73889384383207,79.63405167813568,10.055800676722814
12111.0,225.58871663635614,79.5706589915466,10.055582941560722
12112.0,224.74688192261522,79.50674218849963,10.05536524785789
12113.0,225.27823118207195,79.4430639052882,10.055147595634628
12114.0,224.61092763918396,79.37923507311993,10.054929984911238
12115.0,225.72772805731728,79.31559531028881,10.054712415708023
12116.0,225.84657568038912,79.25163912067259,10.05449488804528
12117.0,225.5975200601499,79.18764925756317,10.054277401943297
12118.0,224.93629244618612,79.12372996021278,10.054059957422371
12119.0,224.46404947920448,79.05999801068637,10.053842554502781
12120.0,226.69278415042896,78.9963998633339,10.05362519320481
12121.0,225.71706820572336,78.93217024115796,10.053407873548737
12122.0,224.4991706188504,78.868217071833,10.053190595554835
12123.0,226.3975069327911,78.804608973491,10.052973359243373
12124.0,223.7860030342661,78.74046301319336,10.052756164634616
12125.0,225.03020702289353,78.67705697900031,10.052539011748825
12126.0,225.16504929203842,78.61329842034382,10.052321900606263
12127.0,225.50175369522566,78.54950165637777,10.05210483122718
12128.0,225.15890315497134,78.4856094928308,10.051887803631827
12129.0,225.00131141256867,78.42181447027022,10.05167081784045
12130.0,224.962079744304,78.35806409870331,10.05145387387329
12131.0,225.54452671413074,78.29432484277575,10.05123697175059
12132.0,224.41723038717743,78.23042056020672,10.051020111492582
12133.0,223.8631362652133,78.16683567826368,10.050803293119495
12134.0,225.5680235791164,78.10340778965518,10.050586516651558
12135.0,225.6610302625133,78.0394968496411,10.050369782108993
12136.0,224.75701007129905,77.97555955773336,10.050153089512019
12137.0,225.37774433572227,77.91187840487981,10.04993643888085
12138.0,226.50668246346805,77.84802137731805,10.0497198302357
12139.0,225.8066116878644,77.7838444839534,10.049503263596776
12140.0,223.9416306164715,77.71986594397518,10.049286738984277
12141.0,224.64187937899086,77.6564158153005,10.049070256418409
12142.0,225.41610866412407,77.59276728280982,10.04885381591936
12143.0,225.12844035133398,77.52889938535498,10.048637417507328
12144.0,225.4106039102422,77.4651129939221,10.048421061202497
12145.0,224.88042042798054,77.40124665614753,10.048204747025052
12146.0,224.54049293934006,77.33753053702625,10.04798847499517
12147.0,224.4403136967297,77.27391073069342,10.04777224513303
12148.0,225.47980211794786,77.21031930847934,10.047556057458806
12149.0,224.1192479461091,77.14643336454594,10.04733991199266
12150.0,225.1937466613717,77.08293291096122,10.04712380875476
12151.0,225.77174249650287,77.01912801607381,10.046907747765266
12152.0,225.29158023330575,76.95515935569978,10.046691729044332
12153.0,224.28860200441585,76.89132674130036,10.046475752612112
12154.0,224.9729242027435,76.82777830406577,10.046259818488751
12155.0,224.54472214710228,76.76403597554165,10.046043926694399
12156.0,226.01800050376738,76.70041497093331,10.045828077249192
12157.0,226.21809546405547,76.63637653745721,10.045612270173269
12158.0,225.32036020506482,76.57228141040906,10.04539650548676
12159.0,225.63304353556828,76.5084406416843,10.045180783209796
12160.0,225.5792541771842,76.44451127934923,10.044965103362498
12161.0,224.502888121013,76.38059715733237,10.04474946596499
12162.0,224.4541146431442,76.31698800569811,10.04453387103739
12163.0,225.50657087546867,76.25339267321587,10.044318318599803
12164.0,225.6625257827523,76.18949914480115,10.044102808672346
12165.0,224.68426992241854,76.1255614291627,10.043887341275118
12166.0,224.24955705928056,76.06190088601798,10.043671916428224
12167.0,225.1850861797418,75.99836351151787,10.043456534151758
12168.0,225.91104485536823,75.9345610704336,10.043241194465814
12169.0,225.84640965780244,75.87055294105795,10.043025897390482
12170.0,224.7265183211517,75.80656312498823,10.042810642945843
12171.0,223.6621477259637,75.74289061146388,10.042595431151982
12172.0,225.43154090078355,75.67951966960817,10.042380262028974
12173.0,224.16515760281357,75.61564739968628,10.042165135596893
12174.0,224.01413286612782,75.55213393836547,10.041950051875807
12175.0,225.26260947542607,75.4886632673867,10.04173501088578
12176.0,224.81727673076202,75.42483886136868,10.041520012646874
12177.0,224.519625451683,75.36114063296165,10.041305057179146
12178.0,224.71675278171216,75.29752673908365,10.04109014450265
12179.0,225.396625312588,75.23385699246218,10.040875274637434
12180.0,225.91010255142237,75.1699946152903,10.040660447603544
12181.0,224.40208733529755,75.10598675290075,10.04044566342102
12182.0,226.57626681062678,75.04240616148911,10.040230922109897
12183.0,223.2548341623767,74.97820955255943,10.04001622369021
12184.0,225.34316716633828,74.91495401621344,10.03980156818199
12185.0,225.40535455940582,74.85110678551632,10.039586955605262
12186.0,223.8869596078957,74.78724193505784,10.039372385980041
12187.0,224.85340274844236,74.72380729650229,10.039157859326352
12188.0,225.50098902365164,74.66009883239025,10.0389433756642
12189.0,223.89530341388755,74.59620688550021,10.038728935013602
12190.0,224.24724338411335,74.53276988286629,10.038514537394558
12191.0,225.16008574219381,74.46923316390746,10.03830018282707
12192.0,224.38335604991167,74.40543780628053,10.038085871331136
12193.0,224.7001487971406,74.3418625220664,10.037871602926746
12194.0,223.82219570076316,74.27819747990722,10.037657377633892
12195.0,225.15325331670326,74.21478119112535,10.037443195472559
12196.0,225.32938309363487,74.1509877693523,10.037229056462724
12197.0,224.13157595908496,74.08714444414247,10.037014960624369
12198.0,225.00801215842876,74.02364049762075,10.036800907977462
12199.0,224.94108512704574,73.95988822750917,10.036586898541975
12200.0,224.40014696677773,73.89615492005647,10.036372932337871
12201.0,223.63231422773154,73.83257487841588,10.036159009385113
12202.0,225.19355493570038,73.76921238938466,10.035945129703656
12203.0,224.98146825284408,73.70540754881955,10.035731293313452
12204.0,224.43852087158143,73.64166279948127,10.035517500234452
12205.0,225.11036653714396,73.57807188523435,10.035303750486596
12206.0,224.66017657535386,73.51429061471548,10.035090044089829
12207.0,225.22006925958314,73.45063689801916,10.034876381064088
12208.0,225.3911794459026,73.38682454506227,10.034662761429301
12209.0,226.1053228537647,73.32296371088592,10.0344491852054
12210.0,225.420849383888,73.25890053607738,10.034235652412306
12211.0,225.97628161485343,73.1950312954186,10.034022163069944
12212.0,226.14321853490952,73.13100468229439,10.033808717198225
12213.0,224.64750728100333,73.06693077037615,10.033595314817067
12214.0,224.55424905559016,73.00328064331322,10.033381955946371
12215.0,225.71326896604648,72.93965693941416,10.033168640606048
12216.0,224.64814808799161,72.87570484654043,10.032955368815994
12217.0,226.0260456456423,72.81205453791549,10.032742140596106
12218.0,225.5966697758006,72.74801382498255,10.032528955966276
12219.0,225.50343575474471,72.68409476854606,10.032315814946392
12220.0,225.6179917632622,72.62020212841551,10.032102717556334
12221.0,225.4623278207935,72.55627703074927,10.031889663815988
12222.0,223.99478428009073,72.49239603786668,10.031676653745226
12223.0,223.80945295970636,72.42893084898733,10.031463687363921
12224.0,225.18838323121318,72.36551817064873,10.031250764691938
12225.0,225.12733897589814,72.30171479539989,10.031037885749141
12226.0,225.36001657575042,72.23792871602336,10.030825050555393
12227.0,225.57139833872913,72.17407671132693,10.030612259130544
12228.0,224.54354152765845,72.11016481513093,10.030399511494448
12229.0,226.0417804802102,72.04654414503145,10.03018680766695
12230.0,224.43105462595472,71.98249897389536,10.029974147667897
12231.0,226.3524832020084,71.91891017508468,10.029761531517124
12232.0,224.96237797147836,71.8547769715108,10.029548959234468
12233.0,224.96129374517778,71.79103763108554,10.029336430839757
12234.0,225.4338408331884,71.72729859785778,10.02912394635282
12235.0,224.71787994495824,71.66342567628836,10.028911505793479
12236.0,226.07883981809925,71.59975561030397,10.028699109181552
12237.0,223.87105349224103,71.53569993902218,10.028486756536854
12238.0,225.36154097045173,71.4722698071994,10.028274447879193
12239.0,224.6188761843722,71.40841737059111,10.028062183228379
12240.0,225.79391058288434,71.34477535567221,10.02784996260421
12241.0,224.6646426341316,71.2808004143404,10.027637786026485
12242.0,224.91952333414181,71.21714543226072,10.027425653515001
12243.0,224.7470033803899,71.15341823398269,10.027213565089543
12244.0,223.39284682852985,71.08973991635823,10.0270015207699
12245.0,225.72819482238177,71.02644527642346,10.02678952057585
12246.0,224.9284659629212,70.9624889545571,10.026577564527173
12247.0,225.8228169298853,70.89875922253425,10.02636565264364
12248.0,224.81364080532117,70.83477609107081,10.026153784945024
12249.0,224.29619860216346,70.77107889284267,10.025941961451085
12250.0,225.20540591635103,70.70752830323875,10.025730182181588
12251.0,226.70997173179882,70.64372010489576,10.025518447156287
12252.0,224.8787415329414,70.5794856129051,10.025306756394935
12253.0,225.3725933083319,70.5157699694708,10.025095109917283
12254.0,225.01468660256904,70.45191440136679,10.024883507743072
12255.0,225.1262312228366,70.38816024016273,10.024671949892044
12256.0,225.69721752603374,70.32437447464963,10.024460436383933
12257.0,224.88254034829887,70.26042692968394,10.024248967238472
12258.0,224.3385707895029,70.19671020991859,10.02403754247539
12259.0,225.4565529306786,70.13314761486156,10.02382616211441
12260.0,223.75916959747977,70.06926825819787,10.023614826175251
12261.0,226.17357731522105,70.00586982681193,10.023403534677628
12262.0,226.49249112446319,69.9417873132393,10.023192287641255
12263.0,224.61761544862972,69.87761444075402,10.022981085085835
12264.0,224.23806426968468,69.81397278304355,10.022769927031073
12265.0,227.29152342349298,69.75043866483384,10.022558813496666
12266.0,224.80063761713737,69.68603939986386,10.022347744502312
12267.0,224.73704153240843,69.62234588587233,10.022136720067698
12268.0,226.19708860728343,69.55867039077151,10.021925740212513
12269.0,224.72279464759518,69.49458121566609,10.021714804956435
12270.0,225.64858184777728,69.4309097571826,10.02150391431915
12271.0,224.87350743393912,69.36697599232573,10.021293068320322
12272.0,224.53818088778326,69.30326183188612,10.021082266979626
12273.0,224.1681101980567,69.23964268063457,10.020871510316729
12274.0,224.05589792866039,69.17612838274513,10.020660798351287
12275.0,224.45237967308177,69.11264587833202,10.02045013110296
12276.0,224.58105502566463,69.04905103742463,10.020239508591404
12277.0,225.03255349204676,68.9854197385007,10.020028930836263
12278.0,224.0867154002646,68.92166051501127,10.019818397857184
12279.0,225.29844202232434,68.85816927898118,10.019607909673805
12280.0,225.69135774726416,68.79433472040816,10.019397466305767
12281.0,225.82223849475739,68.73038883571311,10.019187067772696
12282.0,224.46530870913003,68.66640586813958,10.018976714094226
12283.0,223.8608334195533,68.60280736400532,10.018766405289977
12284.0,226.04207138432795,68.53938012786975,10.01855614137957
12285.0,225.74466407275284,68.47533487431087,10.018345922382617
12286.0,223.62076346088827,68.4113738861569,10.018135748318734
12287.0,226.0212097861441,68.348014669843,10.017925619207524
12288.0,225.55022336555234,68.28397532707024,10.017715535068593
12289.0,225.96100145059842,68.22006943044998,10.017505495921537
12290.0,224.05655338868416,68.15604714670565,10.017295501785952
12291.0,224.90966564613868,68.09256445657886,10.017085552681428
12292.0,225.05367176827764,68.02884005131244,10.016875648627549
12293.0,223.81609430784397,67.96507484431142,10.016665789643898
12294.0,225.23961498060473,67.9016602842575,10.016455975750056
12295.0,225.82822216455736,67.8378423933463,10.01624620696559
12296.0,222.65439303516345,67.77385773039967,10.016036483310073
12297.0,225.02761062999895,67.71077231903972,10.01582680480307
12298.0,225.85476231290775,67.64701449602791,10.01561717146414
12299.0,226.0018844448828,67.58302231337255,10.01540758331284
12300.0,225.11960076011795,67.51898844611318,10.015198040368725
12301.0,225.0052317006448,67.45520455923112,10.014988542651338
12302.0,225.40430466374167,67.39145307691591,10.014779090180227
12303.0,225.36842700531903,67.32758852392783,10.01456968297493
12304.0,224.75639143091897,67.26373413627631,10.014360321054983
12305.0,225.94883868534274,67.20005315870424,10.014151004439917
12306.0,223.2390849171776,67.1360343210767,10.013941733149258
12307.0,224.48328134331373,67.07278324701682,10.01373250720253
12308.0,224.9065485637101,67.0091796506362,10.013523326619252
12309.0,226.13627576310378,66.94545612854314,10.013314191418935
12310.0,225.70459740274632,66.88138418374362,10.013105101621093
12311.0,225.25921851395174,66.81743454781285,10.01289605724523
12312.0,224.50171877908005,66.75361110256722,10.012687058310847
12313.0,225.0951439303948,66.6900022822465,10.012478104837442
12314.0,225.08679787231196,66.62622532479956,10.012269196844509
12315.0,224.89164734243315,66.56245073206907,10.012060334351535
12316.0,224.81252715933735,66.49873143198874,10.011851517378005
12317.0,225.63928277183646,66.43503454929362,10.011642745943401
12318.0,225.8932887607779,66.37110341917494,10.011434020067199
12319.0,224.59951953547525,66.30710032069274,10.011225339768867
12320.0,224.91034348919467,66.24346379015768,10.011016705067878
12321.0,225.49383858023367,66.17973919283573,10.010808115983691
12322.0,224.44977972028528,66.11584927190465,10.010599572535765
12323.0,225.4652665672924,66.05225516765057,10.010391074743561
12324.0,225.32336568726848,65.98837334212317,10.010182622626523
12325.0,224.41263791541616,65.92453172184513,10.0099742162041
12326.0,223.48198446092147,65.86094814110241,10.009765855495733
12327.0,224.81665960723046,65.79762824550517,10.009557540520861
12328.0,225.52481951948516,65.73393019194978,10.009349271298916
12329.0,224.90483679308255,65.67003149308593,10.009141047849328
12330.0,224.28960050002203,65.60630845599457,10.008932870191522
12331.0,226.13429888963563,65.54275973585287,10.00872473834492
12332.0,224.90271540459372,65.4786883511675,10.008516652328936
12333.0,224.94894074274055,65.4149659151362,10.008308612162983
12334.0,225.41542553560143,65.35123038192575,10.008100617866472
12335.0,225.25814832248804,65.28736267802398,10.007892669458801
12336.0,224.97271077389527,65.22353953599931,10.007684766959374
12337.0,224.54499213538978,65.15979726794671,10.007476910387581
12338.0,225.96560154686975,65.09617618684166,10.00726909976282
12339.0,224.758087078032,65.03215259973669,10.00706133510447
12340.0,225.17300462754807,64.96847114173127,10.006853616431918
12341.0,224.93471662853258,64.90467212375347,10.006645943764541
12342.0,225.9133653500283,64.84094062070872,10.006438317121711
12343.0,224.22895932376258,64.77693183385956,10.006230736522799
12344.0,224.15026134250064,64.7134002953845,10.006023201987169
12345.0,224.16642307767668,64.64989105467083,10.005815713534183
12346.0,225.12597804929032,64.58637723479882,10.005608271183196
12347.0,225.39824974806376,64.52259154101817,10.005400874953558
12348.0,225.5548446656105,64.45872870358956,10.005193524864623
12349.0,225.62723419505062,64.39482149760099,10.004986220935729
12350.0,225.14614816403704,64.33089378124572,10.004778963186217
12351.0,226.70735178552943,64.26710237259927,10.004571751635424
12352.0,224.9339321480754,64.2028686229267,10.004364586302676
12353.0,224.43350083868407,64.1391373421514,10.004157467207303
12354.0,225.20921478358102,64.07554785024709,10.003950394368625
12355.0,225.07575569819173,64.01173857272508,10.003743367805962
12356.0,226.0111986621793,63.9479671086106,10.003536387538624
12357.0,225.70898115754707,63.883930602322955,10.003329453585922
12358.0,225.07087722636177,63.819979724328334,10.00312256596716
12359.0,223.91232650163232,63.75620964244756,10.00291572470164
12360.0,225.44294621828936,63.69276781660545,10.002708929808655
12361.0,224.75725703239672,63.62889231517694,10.0025021813075
12362.0,225.98553039197319,63.56521109235109,10.00229547921746
12363.0,225.50892102778823,63.50118185874001,10.00208882355782
12364.0,224.82196919242645,63.4372876644488,10.001882214347857
12365.0,226.3353962786418,63.37358810651092,10.001675651606845
12366.0,223.59047733996854,63.30945974423195,10.001469135354057
12367.0,224.9982499638694,63.2461091089856,10.001262665608754
12368.0,224.811658234484,63.18235960482919,10.001056242390204
12369.0,226.23259839618353,63.11866296832943,10.000849865717658
12370.0,224.7286858775106,63.0545637321172,10.00064353561037
12371.0,225.5248183872841,62.99089060445192,10.00043725208759
12372.0,225.70444385045684,62.92699190590888,10.000231015168561
12373.0,224.90105028741294,62.863042313484556,10.000024824872522
12374.0,225.34190242507157,62.79932034923647,9.999818681218711
12375.0,225.02771293067985,62.735473476882696,9.999612584226357
12376.0,225.20379067214762,62.67171562488566,9.999406533914685
12377.0,225.47708739136417,62.60790788419523,9.99920053030292
12378.0,224.28746289360993,62.54402270943433,9.998994573410279
12379.0,225.60861340522248,62.48047459494782,9.998788663255976
12380.0,224.39936736202424,62.416552154483,9.998582799859218
12381.0,225.24627675364746,62.35297233373042,9.998376983239211
12382.0,225.5198894220009,62.2891525553169,9.998171213415157
12383.0,224.42413786179708,62.22525525331401,9.997965490406251
12384.0,224.2547114999923,62.16166841425315,9.997759814231683
12385.0,223.90959547720564,62.09812957932816,9.997554184910644
12386.0,225.05514160613313,62.0346885272763,9.997348602462315
12387.0,226.18651980423934,61.97092290382125,9.997143066905872
12388.0,225.44122252756299,61.90683672321004,9.996937578260495
12389.0,225.55791092368514,61.842961710160566,9.996732136545347
12390.0,224.3479684737415,61.77905363539885,9.9965267417796
12391.0,224.31353211249964,61.715488377664606,9.996321393982411
12392.0,225.1273794318181,61.65193287689942,9.996116093172937
12393.0,226.00022909039433,61.58814678606043,9.995910839370334
12394.0,225.245611440954,61.52411338781815,9.995705632593744
12395.0,224.4532154985323,61.4602937979099,9.995500472862314
12396.0,224.63828110501765,61.396698720185285,9.995295360195184
12397.0,224.75914530867325,61.33305120720553,9.995090294611487
12398.0,224.77603782825054,61.269369449368085,9.994885276130354
12399.0,224.74894223460683,61.20568290531672,9.994680304770911
12400.0,224.68599305368846,61.14200403835025,9.994475380552279
12401.0,224.69310107574356,61.07834300698503,9.994270503493576
12402.0,225.4915507854956,61.01467996168021,9.994065673613916
12403.0,225.16990624328483,60.95079068895767,9.993860890932405
12404.0,226.27316663224062,60.88699254885542,9.993656155468146
12405.0,224.55364699357503,60.822881818309604,9.993451467240243
12406.0,224.7406304498405,60.75925828499475,9.993246826267788
12407.0,224.27094949063778,60.69558177303396,9.993042232569872
12408.0,224.9043900483571,60.63203833734494,9.992837686165581
12409.0,224.42033677269345,60.568315426831255,9.992633187074
12410.0,225.89923438541462,60.50472966474565,9.992428735314203
12411.0,224.35104011729038,60.440724881669794,9.992224330905264
12412.0,223.9427945194942,60.377158753636536,9.992019973866253
12413.0,225.46305189453946,60.313708295189365,9.991815664216231
12414.0,226.09306149878174,60.249827097152576,9.991611401974263
12415.0,224.86431848502005,60.185767396394596,9.991407187159401
12416.0,224.2806043459844,60.122055839490486,9.991203019790696
12417.0,226.3736526668676,60.058509668259106,9.990998899887197
12418.0,225.7917030190173,59.99437046667015,9.990794827467942
12419.0,224.7127174611243,59.93039615081477,9.990590802551973
12420.0,225.1929461292009,59.86672754753412,9.99038682515832
12421.0,226.35017593169144,59.80292287946419,9.990182895306015
12422.0,224.5476802734874,59.7387903296169,9.989979013014079
12423.0,224.19601892890785,59.675168486872764,9.989775178301535
12424.0,226.17459184072266,59.61164628150959,9.989571391187397
12425.0,225.73010651871823,59.54756348048804,9.989367651690674
12426.0,226.35185733602665,59.48360661697442,9.98916395983038
12427.0,225.82110102931236,59.4194735907292,9.988960315625508
12428.0,225.27938907903447,59.35549094543753,9.988756719095063
12429.0,224.7609880582368,59.29166178519848,9.988553170258035
12430.0,224.726161881643,59.22797950524867,9.988349669133411
12431.0,224.7432439954015,59.164307092715546,9.988146215740178
12432.0,223.28450105453047,59.10062984025018,9.98794281009732
12433.0,226.16255046809326,59.03736589828475,9.987739452223805
12434.0,226.12901424222594,58.97328650898547,9.987536142138605
12435.0,224.94766662879653,58.909216621616835,9.987332879860691
12436.0,225.02071295912828,58.84548144940533,9.987129665409025
12437.0,225.7105025099874,58.7817255807336,9.98692649880256
12438.0,225.38193324574317,58.71777427168911,9.986723380060255
12439.0,224.49864168420373,58.65391605726947,9.986520309201053
12440.0,224.44699112802562,58.590308108792314,9.986317286243903
12441.0,224.1901441934207,58.52671479463937,9.986114311207741
12442.0,224.56981145836025,58.46319425378455,9.985911384111505
12443.0,224.48221562361556,58.39956614053804,9.985708504974125
12444.0,226.44924959482006,58.335962846111336,9.985505673814528
12445.0,224.49439250678498,58.27180222539283,9.985302890651635
12446.0,224.2699245183716,58.208195480849255,9.985100155504364
12447.0,224.19412175259933,58.14465233556906,9.984897468391628
12448.0,224.64729889325938,58.08113066773916,9.984694829332335
12449.0,223.95375661637644,58.01748059971941,9.984492238345391
12450.0,224.6893529799043,57.95402703534478,9.984289695449693
12451.0,224.9787346900095,57.89036505200047,9.984087200664135
12452.0,225.17663334557287,57.82662107717161,9.983884754007612
12453.0,223.07767295389058,57.762821031057044,9.983682355499008
12454.0,225.79600273204147,57.69961569038679,9.983480005157201
12455.0,225.59582403544192,57.63564015627938,9.983277703001074
12456.0,224.6408650516584,57.57172133946932,9.983075449049498
12457.0,225.6139425598275,57.508073094371376,9.982873243321336
12458.0,222.62752454868067,57.444149143979445,9.982671085835458
12459.0,225.24772282264033,57.38107134535734,9.982468976610718
12460.0,224.75322771456487,57.31725115722426,9.982266915665976
12461.0,225.29265496850226,57.25357107603844,9.98206490302008
12462.0,224.40889885541057,57.18973815713067,9.981862938691872
12463.0,225.46617491036662,57.12615563578828,9.981661022700196
12464.0,224.58357233216066,57.062273552897,9.98145915506389
12465.0,225.68200829985278,56.998641540736216,9.981257335801784
12466.0,224.73266087915292,56.93469830505124,9.981055564932706
12467.0,225.52611440355747,56.871024051135464,9.98085384247548
12468.0,225.12537088127402,56.80712498538777,9.980652168448922
12469.0,224.90314521633238,56.74333946363805,9.980450542871848
12470.0,225.11042523381028,56.67961690582675,9.980248965763067
12471.0,224.6434589405125,56.61583561867716,9.980047437141383
12472.0,226.87779728039828,56.552186638643995,9.9798459570256
12473.0,225.96917056787788,56.487904596081194,9.979644525434509
12474.0,224.93634314512371,56.42387999775363,9.979443142386904
12475.0,226.08481717884553,56.360148033862544,9.979241807901571
12476.0,224.65811745306945,56.29609066899518,9.979040521997295
12477.0,224.75322762661065,56.2324375357168,9.97883928469285
12478.0,225.2928600942017,56.16875745455591,9.97863809600701
12479.0,226.57025451138725,56.104924477529224,9.978436955958545
12480.0,225.49297249836147,56.04072957208434,9.97823586456622
12481.0,225.30052435678562,55.97683989654311,9.978034821848793
12482.0,224.64806563164547,55.913004747975336,9.977833827825018
12483.0,224.03915626380964,55.84935446271302,9.977632882513648
12484.0,223.79868148326693,55.78587670177161,9.977431985933427
12485.0,224.50790102753996,55.72246707535137,9.977231138103098
12486.0,225.09067155391025,55.65885650339359,9.977030339041397
12487.0,224.37077256940393,55.59508081311998,9.976829588767057
12488.0,225.14209707318508,55.53150909422533,9.976628887298805
12489.0,223.45920261134418,55.46771883338795,9.976428234655366
12490.0,224.98607543937342,55.40440539264806,9.976227630855456
12491.0,224.71635335922767,55.340659337940245,9.976027075917791
12492.0,224.7950267619882,55.27698970448846,9.97582656986108
12493.0,224.31854257607444,55.21329778023925,9.97562611270403
12494.0,225.61643957236745,55.14974085984268,9.975425704465337
12495.0,226.2140771733526,55.08581620196386,9.9752253451637
12496.0,226.02171751300105,55.02172221343142,9.975025034817811
12497.0,225.5497713942612,54.95768272680272,9.974824773446356
12498.0,223.9967861360744,54.893776958241034,9.974624561068017
12499.0,224.5052666080324,54.83031120216911,9.97442439770147
12500.0,225.4509691360931,54.76670137663019,9.974224283365391
12501.0,224.86852292975036,54.70282360204161,9.974024218078446
12502.0,226.02046932765737,54.639110853878165,9.9738242018593
12503.0,225.67585030266116,54.575071720901974,9.973624234726614
12504.0,224.5491428497251,54.51113022998289,9.973424316699038
12505.0,223.9942607721342,54.44750797284216,9.973224447795227
12506.0,224.7575301960784,54.38404293229007,9.973024628033825
12507.0,225.34111814277514,54.32036163206784,9.972824857433473
12508.0,224.94496709124965,54.25651498192741,9.972625136012805
12509.0,225.60332866046772,54.1927805745849,9.972425463790458
12510.0,224.13244051117434,54.12885963146441,9.972225840785054
12511.0,225.00366384396565,54.06535543998624,9.972026267015218
12512.0,223.06760748578893,54.00160440189709,9.97182674249957
12513.0,225.10049383055537,53.93840191310944,9.97162726725672
12514.0,224.95648129025142,53.87462343985747,9.971427841305278
12515.0,224.92843318502796,53.81088577015855,9.971228464663849
12516.0,225.24024262190636,53.747156047422806,9.971029137351032
12517.0,225.17641526299488,53.68333797867993,9.970829859385423
12518.0,224.4062704569154,53.61953799435542,9.97063063078561
12519.0,225.5211963825109,53.555956217725985,9.970431451570184
12520.0,224.7637983269026,53.49205854541761,9.97023232175772
12521.0,224.7831646926118,53.42837546922498,9.970033241366798
12522.0,225.5963211824222,53.36468690589543,9.96983421041599
12523.0,225.1887913590354,53.300767948227076,9.969635228923861
12524.0,225.7081530073548,53.236964457342005,9.96943629690898
12525.0,224.9040923520758,53.1730138139899,9.969237414389896
12526.0,225.57650914748993,53.1092909878235,9.96903858138517
12527.0,224.1214127762411,53.04537764356507,9.968839797913349
12528.0,224.5518735508003,52.981876576611825,9.968641063992974
12529.0,224.4680880082469,52.9182535457724,9.96844237964259
12530.0,225.5687236135082,52.85465425417004,9.96824374488073
12531.0,223.6862403453905,52.79074311581287,9.968045159725923
12532.0,224.5947640007712,52.72736534771501,9.967846624196696
12533.0,225.5735511956661,52.663730164581466,9.967648138311569
12534.0,225.27535146070713,52.599817658409364,9.967449702089061
12535.0,224.39314922772522,52.53598964216214,9.967251315547681
12536.0,224.80469236951907,52.47241158321429,9.96705297870594
12537.0,225.1010499202712,52.408716920376264,9.966854691582336
12538.0,227.0373251014812,52.34493828956553,9.966656454195371
12539.0,225.73240477333968,52.28061104745342,9.966458266563537
12540.0,224.19494056973812,52.21665353276765,9.966260128705322
12541.0,225.4645963026278,52.15313163293955,9.96606204063921
12542.0,226.41169043111415,52.08924999732049,9.965864002383682
12543.0,225.53482003385727,52.02510001836502,9.965666013957213
12544.0,224.7538685037427,51.9611984860221,9.965468075378272
12545.0,225.47185364015704,51.89751822327936,9.965270186665323
12546.0,225.09137011662034,51.83363453141464,9.965072347836829
12547.0,224.31506975271773,51.76985864321494,9.964874558911246
12548.0,225.049352061169,51.70630270678501,9.964676819907027
12549.0,223.2285949781919,51.642538723700994,9.964479130842616
12550.0,223.98867854637484,51.57929062179052,9.964281491736454
12551.0,225.36834933219993,51.51582716286906,9.964083902606983
12552.0,224.33499607540406,51.451972797224954,9.963886363472634
12553.0,224.39898492890939,51.38841121500357,9.963688874351837
12554.0,224.22984201486787,51.324831502607054,9.96349143526301
12555.0,225.5360172120518,51.26129971403617,9.963294046224577
12556.0,224.6295856218145,51.19739784249275,9.963096707254952
12557.0,224.7887458229544,51.13375279323321,9.962899418372542
12558.0,225.3633958428873,51.070062648583395,9.962702179595754
12559.0,226.04217558057857,51.00620968642792,9.962504990942987
12560.0,226.11639807290518,50.94216440334676,9.962307852432637
12561.0,224.97982314298838,50.87809809055943,9.962110764083096
12562.0,224.71916132627675,50.814353807335564,9.96191372591275
12563.0,226.02046132139523,50.75068337829312,9.961716737939977
12564.0,226.07185937639298,50.686644247585406,9.961519800183158
12565.0,225.38303696668365,50.62259055409541,9.961322912660664
12566.0,225.3842544892752,50.55873202695486,9.96112607539086
12567.0,223.71468976420502,50.49487315484957,9.960929288392114
12568.0,225.640314647996,50.43148732608304,9.960732551682778
12569.0,224.90017467717263,50.36755590359946,9.96053586528121
12570.0,225.06396235211423,50.3038341874409,9.960339229205756
12571.0,225.59248998598633,50.24006606477444,9.960142643474763
12572.0,224.71767295146728,50.176148192611755,9.959946108106566
12573.0,224.2465667222917,50.112478185275535,9.959749623119503
12574.0,224.96655003923192,50.04894165803752,9.959553188531903
12575.0,225.31253449738213,49.98520113552641,9.959356804362091
12576.0,225.94909283090163,49.921362584085486,9.959160470628387
12577.0,224.69655865033582,49.857343674450036,9.958964187349109
12578.0,225.24107057455078,49.7936796494991,9.958767954542564
12579.0,223.7040272868344,49.729861346169656,9.958571772227062
12580.0,226.0360084488504,49.66647853843839,9.958375640420904
12581.0,224.46512518524662,49.60243500271123,9.958179559142385
12582.0,225.51652690795535,49.53883655057542,9.9579835284098
12583.0,225.2129640040732,49.47494020128484,9.957787548241434
12584.0,225.29706698208156,49.411129861483666,9.957591618655572
12585.0,225.7297361027251,49.34729569250542,9.95739573967049
12586.0,224.21813194199277,49.283338933942964,9.957199911304464
12587.0,225.2724695096655,49.21981046322607,9.95700413357576
12588.0,224.7456846440136,49.15598326353164,9.956808406502644
12589.0,225.23315520871927,49.09230531954918,9.956612730103373
12590.0,224.18454544872108,49.0284892589067,9.956417104396204
12591.0,225.60947835199138,48.96497030436291,9.956221529399384
12592.0,225.2052979946395,48.90104761882984,9.95602600513116
12593.0,224.0244185977155,48.83723945106468,9.955830531609774
12594.0,225.87445865205427,48.77376586579531,9.955635108853455
12595.0,224.50282724907552,48.70976810251054,9.955439736880441
12596.0,225.79480687312855,48.6461589681233,9.955244415708954
12597.0,224.76344102018533,48.5821837728426,9.955049145357217
12598.0,225.61313034439343,48.51850079788685,9.954853925843446
12599.0,225.3771604265939,48.454577077622616,9.954658757185854
12600.0,225.53494165905607,48.390720215501744,9.954463639402647
12601.0,225.15014610749503,48.32681864869836,9.954268572512026
12602.0,226.61155093182407,48.26302610730123,9.95407355653219
12603.0,225.14097455233085,48.19881950120386,9.953878591481333
12604.0,225.22397433435697,48.13502955841403,9.95368367737764
12605.0,227.06218871680008,48.07121609901928,9.953488814239298
12606.0,225.64234923825083,48.006881812216164,9.953294002084485
12607.0,224.78719727054082,47.94294981326532,9.953099240931373
12608.0,225.10189888210496,47.879260107372,9.952904530798131
12609.0,226.33372768743365,47.815481236022045,9.952709871702924
12610.0,224.29882003606033,47.751353346510626,9.952515263663914
12611.0,225.6081068573473,47.68780201416705,9.952320706699252
12612.0,225.4968354336847,47.62387971722413,9.95212620082709
12613.0,225.19890633751845,47.559988947184564,9.951931746065572
12614.0,225.2502676673426,47.49618259038891,9.951737342432839
12615.0,225.0675234748396,47.43236168121652,9.95154298994703
12616.0,223.90764969995513,47.36859254956533,9.951348688626272
12617.0,226.25351687780895,47.305152048817,9.95115443848869
12618.0,224.94148206545628,47.24104688570164,9.95096023955241
12619.0,224.80962705830848,47.17731346578308,9.950766091835547
12620.0,225.6505124950217,47.11361740478324,9.95057199535621
12621.0,224.0008255294175,47.049683092909625,9.95037795013251
12622.0,225.14184632614337,46.986216192342965,9.950183956182547
12623.0,224.02323477313936,46.922426002550566,9.949990013524419
12624.0,224.6183837705331,46.85895275269821,9.949796122176219
12625.0,224.35464859223657,46.795310877296586,9.949602282156034
12626.0,224.18970998044202,46.731743726862135,9.94940849348195
12627.0,224.5244913657977,46.668223309034346,9.949214756172042
12628.0,225.0447951172312,46.604608036480684,9.949021070244385
12629.0,224.6440150802041,46.540845344530815,9.948827435717048
12630.0,225.38620594773977,46.47719620692474,9.948633852608094
12631.0,224.31958436255655,46.41333678190621,9.948440320935584
12632.0,224.974881425658,46.34977956633681,9.94824684071757
12633.0,224.38999626399917,46.286036683266204,9.948053411972104
12634.0,225.72623588530095,46.222459517658095,9.94786003471723
12635.0,225.73729320855176,46.158503750823925,9.947666708970987
12636.0,226.04041361023022,46.09454485108152,9.94747343475141
12637.0,224.50682823790842,46.030500067225304,9.947280212076532
12638.0,224.34389748941734,45.96688979922454,9.947087040964375
12639.0,225.85192356437906,45.903325694935866,9.946893921432963
12640.0,224.50917396658673,45.839334316592634,9.946700853500309
12641.0,224.50943778567185,45.77572338396877,9.946507837184425
12642.0,223.53755492084548,45.71211237659613,9.94631487250332
12643.0,225.5029553881829,45.64877673603523,9.946121959474993
12644.0,226.6840343341472,45.58488423200861,9.94592909811744
12645.0,226.0926388275972,45.520657088947296,9.945736288448655
12646.0,225.61874640737082,45.45659750794614,9.945543530486624
12647.0,224.96885161577617,45.39267219646406,9.945350824249328
12648.0,225.52740014241493,45.32893102183962,9.945158169754746
12649.0,224.76170017496779,45.26503159179929,9.944965567020851
12650.0,225.50182593380705,45.201349110083065,9.94477301606561
12651.0,224.47157710304046,45.137456926068495,9.944580516906985
12652.0,224.15833082939332,45.07385664588931,9.944388069562935
12653.0,225.10286462909966,45.01034511882098,9.944195674051414
12654.0,225.75736631974868,44.94656597384274,9.944003330390368
12655.0,225.16927996922993,44.88260138671882,9.943811038597744
12656.0,225.54888522318026,44.81880342406088,9.943618798691478
12657.0,225.03467243940543,44.754897906580965,9.943426610689503
12658.0,224.32909587622794,44.69113808272312,9.943234474609751
12659.0,225.00383428501578,44.627578172224865,9.943042390470145
12660.0,224.7129174596291,44.56382708584411,9.942850358288604
12661.0,225.46217300311113,44.500158425897226,9.942658378083044
12662.0,223.4151565135523,44.43627747687969,9.942466449871372
12663.0,225.82793266514645,44.37297651586751,9.942274573671495
12664.0,225.42166356470605,44.308991934945695,9.942082749501312
12665.0,224.8818546961542,44.245122463602385,9.941890977378717
12666.0,225.88782452171,44.18140593810516,9.941699257321602
12667.0,225.00914263620848,44.117404387824,9.941507589347854
12668.0,224.98819198005543,44.05365179741041,9.94131597347535
12669.0,224.9432533660152,43.98990514301608,9.941124409721967
12670.0,225.214127778613,43.926171221229026,9.940932898105576
12671.0,224.61977677165407,43.86236055169176,9.940741438644043
12672.0,224.79412893489814,43.798718281606426,9.940550031355228
12673.0,223.8231938568139,43.73502661174156,9.940358676256992
12674.0,224.64580635585162,43.671610040148785,9.940167373367178
12675.0,222.9385404678728,43.60796039501464,9.939976122703637
12676.0,226.30249445397877,43.54479447521544,9.939784924284213
12677.0,225.3126037746541,43.48067543512017,9.93959377812674
12678.0,223.29647683618686,43.41683686405065,9.93940268424905
12679.0,225.13386396686946,43.35356952894708,9.939211642668969
12680.0,224.97835537282043,43.28978160082311,9.939020653404322
12681.0,225.07197669264332,43.22603773346749,9.938829716472922
12682.0,225.1938913246597,43.16226734007127,9.938638831892586
12683.0,224.73122307832824,43.09846240419597,9.938447999681118
12684.0,224.74689331702984,43.03478855765711,9.938257219856322
12685.0,225.1572428714601,42.97111027121728,9.938066492435997
12686.0,224.929073856106,42.90731571907034,9.937875817437932
12687.0,224.41400320673532,42.84358581481114,9.937685194879917
12688.0,224.37292154370218,42.78000184723589,9.937494624779736
12689.0,226.76236157621926,42.7164295194652,9.937304107155168
12690.0,226.58653709617502,42.65218018368528,9.937113642023983
12691.0,224.6634485752811,42.58798066484137,9.93692322940395
12692.0,226.86937776823206,42.524326021078345,9.936732869312834
12693.0,224.76262555157558,42.46004636404401,9.936542561768391
12694.0,226.09630065928144,42.396363620137734,9.936352306788379
12695.0,224.69630725457037,42.33230300161761,9.936162104390542
12696.0,225.78617400420484,42.26863904789551,9.935971954592627
12697.0,223.69711414648995,42.20466629859433,9.93578185741237
12698.0,224.38084382745333,42.14128544958618,9.935591812867509
12699.0,225.29770795745506,42.077710877168386,9.935401820975772
12700.0,224.79794713824515,42.01387652658046,9.935211881754878
12701.0,225.61403026614815,41.95018377489127,9.935021995222552
12702.0,225.197012625635,41.886259799649224,9.934832161396509
12703.0,225.53309485063835,41.822453979405296,9.934642380294454
12704.0,225.75302218265188,41.75855293586425,9.934452651934093
12705.0,224.68994708469427,41.69458957957915,9.934262976333127
12706.0,225.27820095625654,41.630927427905135,9.934073353509248
12707.0,224.6643910906513,41.567098604300845,9.93388378348015
12708.0,225.8270200187415,41.50344369349181,9.933694266263513
12709.0,224.79059583971588,41.439459371153156,9.933504801877021
12710.0,225.27723878204353,41.37576870233192,9.933315390338347
12711.0,224.53197698334876,41.31194015134369,9.93312603166516
12712.0,223.86950629620893,41.2483227578651,9.932936725875127
12713.0,225.77301248701937,41.18489306441451,9.932747472985909
12714.0,225.4224795892292,41.120924044209836,9.932558273015157
12715.0,225.09102832905214,41.05705434165957,9.932369125980525
12716.0,225.94384316446627,40.99327855029965,9.932180031899659
12717.0,224.81016423498457,40.92926112806973,9.931990990790196
12718.0,226.40586835344152,40.86556491486984,9.931802002669771
12719.0,224.42007617797464,40.801416585503056,9.93161306755602
12720.0,225.47615156969889,40.73783089725262,9.931424185466565
12721.0,224.30996271276416,40.673945987641204,9.931235356419027
12722.0,224.94798107997923,40.610391498205935,9.93104658043102
12723.0,225.4350413801919,40.546656236899956,9.93085785752016
12724.0,225.62643673392503,40.48278297517555,9.930669187704046
12725.0,226.52617076040147,40.41885548476761,9.930480571000281
12726.0,225.43647697721946,40.35467306971886,9.930292007426464
12727.0,225.1592713318307,40.29079940124198,9.930103497000184
12728.0,224.75164274684437,40.22700427436464,9.929915039739026
12729.0,224.8734304245229,40.163324642253016,9.929726635660572
12730.0,224.72681152919694,40.09961050363271,9.9295382847824
12731.0,224.3738858361878,40.03593790703276,9.929349987122077
12732.0,224.45239400604254,39.97236530604586,9.929161742697168
12733.0,225.03301666641485,39.90877046107749,9.92897355152524
12734.0,225.0246680900783,39.845011106355365,9.92878541362385
12735.0,225.4069584119736,39.78125411706319,9.92859732901054
12736.0,224.66557314662245,39.717388812179784,9.928409297702864
12737.0,225.29383541382762,39.653733566454925,9.92822131971836
12738.0,225.2518645391646,39.589900313087696,9.928033395074566
12739.0,224.2748358611442,39.52607895146828,9.927845523789014
12740.0,224.22388217208734,39.462534414640956,9.927657705879229
12741.0,224.82642317098117,39.39900431469219,9.92746994136273
12742.0,223.78280210830337,39.33530349479376,9.927282230257038
12743.0,225.68835492735758,39.27189836752976,9.927094572579662
12744.0,225.6855256893901,39.20795333363367,9.926906968348108
12745.0,223.77171209995888,39.144009101354996,9.926719417579877
12746.0,224.92617097261945,39.08060711626001,9.926531920292467
12747.0,225.34703941095785,39.01687803448446,9.92634447650337
12748.0,223.75156840413615,38.95302970665137,9.92615708623007
12749.0,224.64839159796443,38.889633428936875,9.925969749490053
12750.0,226.3167938748285,38.825983051317465,9.925782466300788
12751.0,224.56379601961103,38.76185995971957,9.925595236679754
12752.0,226.4140957448109,38.69823355084733,9.925408060644411
12753.0,225.1255744704321,38.63408289038628,9.925220938212227
12754.0,225.8874489139615,38.570297310953016,9.925033869400654
12755.0,225.14308020264326,38.50629586709404,9.924846854227145
12756.0,224.67657029846973,38.4425053277033,9.924659892709146
12757.0,226.21537318547908,38.378846966118736,9.924472984864098
12758.0,226.46665570315557,38.31475261038287,9.924286130709438
12759.0,224.92377157163926,38.250587057933664,9.924099330262598
12760.0,224.37443014601286,38.186858655988345,9.923912583541005
12761.0,225.51625924989534,38.12328590078031,9.923725890562077
12762.0,225.6379334045688,38.05938962732615,9.923539251343236
12763.0,224.2244318944434,37.995458879528215,9.923352665901888
12764.0,225.47306366093198,37.9319286238248,9.923166134255442
12765.0,226.34581982999677,37.86804458912084,9.9229796564213
12766.0,224.2834817702564,37.80391327350236,9.922793232416856
12767.0,226.85702649054065,37.74036628700077,9.922606862259503
12768.0,225.76357439722386,37.6760901294951,9.922420545966627
12769.0,224.53204111430748,37.612123783415896,9.92223428355561
12770.0,224.7743848013236,37.54850637176686,9.922048075043827
12771.0,225.6988313927343,37.484820296073124,9.92186192044865
12772.0,224.94963268094116,37.42087229384521,9.921675819787446
12773.0,224.82487586470364,37.3571365645856,9.921489773077573
12774.0,224.2602234839349,37.29343618309062,9.92130378033639
12775.0,225.6155392828354,37.229895786436856,9.921117841581246
12776.0,224.6244851344456,37.16597138364005,9.92093195682949
12777.0,224.2419312495097,37.102327779518646,9.92074612609846
12778.0,225.165038362263,37.0387925656646,9.920560349405497
12779.0,224.8084454616999,36.97499580479527,9.920374626767924
12780.0,225.17359774224064,36.91130007858115,9.920188958203074
12781.0,224.58077237835477,36.847500892554166,9.920003343728263
12782.0,225.10614936004188,36.78386967371365,9.91981778336081
12783.0,225.4159271491792,36.72008959806164,9.919632277118023
12784.0,225.34691291418525,36.65622175203606,9.91944682501721
12785.0,225.590849559142,36.59237346004372,9.919261427075673
12786.0,224.5123516725928,36.52845605266864,9.919076083310705
12787.0,224.4379278084857,36.46484421969475,9.918890793739594
12788.0,227.083944227414,36.401253473482356,9.918705558379633
12789.0,224.91407329035962,36.33691302261795,9.918520377248095
12790.0,225.03693721445538,36.27318736851899,9.91833525036226
12791.0,225.7723613968897,36.20942690297486,9.918150177739395
12792.0,224.9023105354764,36.14545806724573,9.917965159396768
12793.0,225.69984637384871,36.08173574592732,9.917780195351638
12794.0,224.903321693764,36.017787456121404,9.91759528562126
12795.0,225.4884695259997,35.954064848308185,9.917410430222885
12796.0,223.41996659922705,35.890176448609154,9.917225629173759
12797.0,225.32370331584903,35.826874124739355,9.917040882491117
12798.0,224.43538529288432,35.76303240879987,9.916856190192199
12799.0,224.9311058129096,35.69944238296686,9.916671552294233
12800.0,225.3474895735021,35.635711902986536,9.916486968814443
12801.0,225.1026673014287,35.57186344760736,9.91630243977005
12802.0,223.66572769721117,35.508084358538646,9.916117965178266
12803.0,223.83738421502625,35.444712402357766,9.915933545056303
12804.0,223.87433788397595,35.38129181016348,9.915749179421365
12805.0,225.29220073713805,35.317860747763,9.915564868290652
12806.0,224.57891091031175,35.25402795755413,9.915380611681355
12807.0,225.7715374540366,35.19039726612956,9.915196409610667
12808.0,225.69321176711583,35.126428663850916,9.91501226209577
12809.0,224.19240269299567,35.06248225385022,9.914828169153843
12810.0,224.0569930310947,35.0,9.91464413080206
12811.0,225.1198149347861,35.0,9.91446014705759
12812.0,223.77807153098007,35.0,9.914276217937596
12813.0,224.83052670393312,35.0,9.914092343459238
12814.0,224.35982437556612,35.0,9.913908523639668
12815.0,226.38654143412688,35.0,9.913724758496036
12816.0,224.25401948861364,35.0,9.913541048045483
12817.0,224.7284076682594,35.0,9.91335739230515
12818.0,223.92891996471732,35.0,9.913173791292166
12819.0,224.30032037502266,35.0,9.912990245023664
12820.0,223.51376166644883,35.0,9.912806753516763
12821.0,223.88028519945274,35.0,9.912623316788583
12822.0,224.6917385565632,35.0,9.912439934856236
12823.0,225.91768860561078,35.0,9.912256607736829
12824.0,223.62659579691757,35.0,9.912073335447465
12825.0,224.2651286630925,35.0,9.91189011800524
12826.0,225.87651128766598,35.0,9.911706955427247
12827.0,223.93704532664327,35.0,9.911523847730574
12828.0,225.83140632106927,35.0,9.911340794932304
12829.0,225.17495676689376,35.0,9.91115779704951
12830.0,225.79362942086033,35.0,9.910974854099267
12831.0,225.61698749654454,35.0,9.910791966098639
12832.0,224.92070361596626,35.0,9.91060913306469
12833.0,225.00700814841508,35.0,9.910426355014474
12834.0,225.23883050747241,35.0,9.910243631965045
12835.0,224.00219183947354,35.0,9.910060963933446
12836.0,224.8454788310358,35.0,9.909878350936719
12837.0,226.06926932500238,35.0,9.909695792991903
12838.0,225.00767784392852,35.0,9.909513290116022
12839.0,225.60641743664564,35.0,9.909330842326106
12840.0,225.4518490137153,35.0,9.909148449639178
12841.0,224.5305661190299,35.0,9.908966112072246
12842.0,226.62498242673516,35.0,9.908783829642326
12843.0,224.52306143220477,35.0,9.908601602366423
12844.0,224.87373256663227,35.0,9.90841943026153
12845.0,224.35291819005255,35.0,9.908237313344651
12846.0,225.01079043578446,35.0,9.908055251632769
12847.0,225.4129292191443,35.0,9.90787324514287
12848.0,223.1765391071201,35.0,9.907691293891935
12849.0,226.0125495504682,35.0,9.907509397896936
12850.0,223.7107249409662,35.0,9.907327557174842
12851.0,225.64925700922117,35.0,9.907145771742616
12852.0,225.65059294769955,35.0,9.906964041617222
12853.0,224.68136889593376,35.0,9.906782366815607
12854.0,225.03227124342797,35.0,9.906600747354721
12855.0,224.08783645591998,35.0,9.906419183251508
12856.0,224.73319192121087,35.0,9.906237674522906
12857.0,226.81424508606355,35.0,9.90605622118585
12858.0,225.30774564523733,35.0,9.90587482325726
12859.0,225.6883697632007,35.0,9.905693480754069
12860.0,224.47823254244685,35.0,9.905512193693186
12861.0,223.86361433627593,35.0,9.905330962091526
12862.0,225.74342485686992,35.0,9.905149785965996
12863.0,223.9864062865274,35.0,9.904968665333497
12864.0,225.85716532709543,35.0,9.904787600210929
12865.0,225.89790820964095,35.0,9.904606590615177
12866.0,224.29544918625172,35.0,9.904425636563133
12867.0,225.95081192070188,35.0,9.904244738071675
12868.0,225.94512942301893,35.0,9.90406389515768
12869.0,224.19978785234971,35.0,9.90388310783802
12870.0,224.83172378808337,35.0,9.903702376129557
12871.0,225.13569376137713,35.0,9.903521700049152
12872.0,225.7659277657509,35.0,9.903341079613663
12873.0,224.0917225705262,35.0,9.90316051483994
12874.0,224.92478992841302,35.0,9.902980005744823
12875.0,225.49497014770893,35.0,9.902799552345154
12876.0,225.8054497541175,35.0,9.90261915465777
12877.0,225.12272248731037,35.0,9.902438812699497
12878.0,225.17079801713544,35.0,9.902258526487161
12879.0,225.68770362827902,35.0,9.902078296037578
12880.0,224.20236279612186,35.0,9.901898121367564
12881.0,224.7585903680595,35.0,9.901718002493926
12882.0,225.79833884873835,35.0,9.901537939433467
12883.0,224.55013525529878,35.0,9.901357932202986
12884.0,225.30449609066926,35.0,9.901177980819275
12885.0,225.3283497103616,35.0,9.900998085299122
12886.0,225.0563928103193,35.0,9.90081824565931
12887.0,225.087394030913,35.0,9.900638461916614
12888.0,225.2291821906165,35.0,9.900458734087806
12889.0,225.22502126442842,35.0,9.900279062189655
12890.0,225.6959218844211,35.0,9.90009944623892
12891.0,224.75572908404905,35.0,9.89991988625236
12892.0,225.82416308877092,35.0,9.899740382246723
12893.0,224.69397106074226,35.0,9.899560934238755
12894.0,224.22328360540854,35.0,9.899381542245198
12895.0,224.44172631358555,35.0,9.899202206282787
12896.0,225.99462969001064,35.0,9.899022926368254
12897.0,224.59137986278807,35.0,9.898843702518318
12898.0,225.31447348815027,35.0,9.898664534749704
12899.0,225.70977826383884,35.0,9.898485423079126
12900.0,226.5954503149554,35.0,9.898306367523292
12901.0,224.27487193093486,35.0,9.898127368098903
12902.0,225.7244197544736,35.0,9.897948424822662
12903.0,224.87808384450102,35.0,9.897769537711262
12904.0,225.27756424228957,35.0,9.89759070678139
12905.0,225.45586511263122,35.0,9.897411932049728
12906.0,224.29757823051133,35.0,9.897233213532957
12907.0,225.99014278961863,35.0,9.897054551247745
12908.0,224.3881978620897,35.0,9.896875945210763
12909.0,224.95934656670852,35.0,9.896697395438672
12910.0,225.46452635339767,35.0,9.896518901948127
12911.0,225.17341801323363,35.0,9.896340464755783
12912.0,224.873516106331,35.0,9.896162083878282
12913.0,225.23444528726702,35.0,9.89598375933227
12914.0,224.61135260714335,35.0,9.895805491134377
12915.0,225.0580716848509,35.0,9.895627279301237
12916.0,225.05004959173976,35.0,9.895449123849476
12917.0,225.04907942874786,35.0,9.89527102479571
12918.0,225.05604061592697,35.0,9.895092982156559
12919.0,224.99087032444908,35.0,9.894914995948627
12920.0,225.64240173865426,35.0,9.894737066188522
12921.0,225.49058701727913,35.0,9.894559192892842
12922.0,224.80543273015348,35.0,9.894381376078181
12923.0,224.93529356999386,35.0,9.894203615761127
12924.0,225.0059302343533,35.0,9.89402591195826
12925.0,225.34924178730174,35.0,9.893848264686163
12926.0,223.5533292426369,35.0,9.893670673961406
12927.0,224.29897742655183,35.0,9.893493139800556
12928.0,224.180829407932,35.0,9.893315662220175
12929.0,224.06097691491593,35.0,9.893138241236821
12930.0,224.68256838097997,35.0,9.892960876867043
12931.0,225.87693254034534,35.0,9.892783569127392
12932.0,225.55299889780085,35.0,9.892606318034403
12933.0,226.10615760573307,35.0,9.892429123604616
12934.0,225.61324736194567,35.0,9.892251985854559
12935.0,224.2695612989229,35.0,9.892074904800756
12936.0,226.32487247277516,35.0,9.89189788045973
12937.0,225.9725686951245,35.0,9.891720912847994
12938.0,224.6028212243968,35.0,9.891544001982055
12939.0,225.91670852745554,35.0,9.891367147878421
12940.0,225.52087810014143,35.0,9.891190350553586
12941.0,224.37413414285672,35.0,9.891013610024048
12942.0,224.64062544714446,35.0,9.89083692630629
12943.0,225.2375762104032,35.0,9.8906602994168
12944.0,225.56184870592003,35.0,9.89048372937205
12945.0,224.1562119763775,35.0,9.890307216188518
12946.0,226.05887717460124,35.0,9.890130759882664
12947.0,224.78310415204078,35.0,9.889954360470956
12948.0,225.57763121674995,35.0,9.889778017969844
12949.0,225.9635812922982,35.0,9.889601732395782
12950.0,226.22647281073532,35.0,9.889425503765217
12951.0,225.62917278815272,35.0,9.889249332094586
12952.0,225.51019318287175,35.0,9.889073217400327
12953.0,224.3569420858712,35.0,9.888897159698866
12954.0,226.32277672546044,35.0,9.88872115900663
12955.0,225.71744646537488,35.0,9.888545215340038
12956.0,223.6180766123874,35.0,9.888369328715502
12957.0,224.2579128160783,35.0,9.888193499149432
12958.0,224.8443728948774,35.0,9.88801772665823
12959.0,224.63610098735973,35.0,9.887842011258293
12960.0,224.98404367830125,35.0,9.887666352966015
12961.0,225.87382070346547,35.0,9.887490751797781
12962.0,224.54830223502142,35.0,9.887315207769975
12963.0,225.14049203901462,35.0,9.88713972089897
12964.0,225.047510108591,35.0,9.88696429120114
12965.0,225.2792108040653,35.0,9.88678891869285
12966.0,223.5975255262894,35.0,9.886613603390462
12967.0,226.31872062782543,35.0,9.886438345310328
12968.0,225.55207307208238,35.0,9.886263144468797
12969.0,226.1409042541025,35.0,9.886088000882216
12970.0,224.8088504575212,35.0,9.885912914566925
12971.0,225.4233352406026,35.0,9.885737885539253
12972.0,225.9740703526499,35.0,9.885562913815534
12973.0,225.50173201673368,35.0,9.885387999412085
12974.0,223.2540132159018,35.0,9.885213142345227
12975.0,224.83636204661138,35.0,9.885038342631274
12976.0,225.49569496837162,35.0,9.884863600286529
12977.0,226.00195877240958,35.0,9.884688915327297
12978.0,224.75644864194362,35.0,9.884514287769871
12979.0,223.95552788000168,35.0,9.884339717630544
12980.0,223.5851032788901,35.0,9.8841652049256
12981.0,225.01765440563767,35.0,9.883990749671321
12982.0,225.06000052259787,35.0,9.883816351883981
12983.0,224.64899145066687,35.0,9.883642011579846
12984.0,224.72950669102994,35.0,9.883467728775187
12985.0,225.68901427139275,35.0,9.883293503486257
12986.0,225.53694479900477,35.0,9.883119335729313
12987.0,225.38665698442824,35.0,9.882945225520599
12988.0,224.94453015465874,35.0,9.88277117287636
12989.0,224.8573887081957,35.0,9.882597177812835
12990.0,225.36183500938185,35.0,9.882423240346252
12991.0,223.74521739600004,35.0,9.88224936049284
12992.0,226.58354831867703,35.0,9.882075538268818
12993.0,225.31305256139203,35.0,9.881901773690405
12994.0,224.0660872649105,35.0,9.881728066773809
12995.0,224.37185058031827,35.0,9.881554417535234
12996.0,224.77910180530952,35.0,9.881380825990883
12997.0,224.73453721865454,35.0,9.881207292156947
12998.0,224.8728193189592,35.0,9.881033816049616
12999.0,226.25205901193286,35.0,9.880860397685073
13000.0,224.5795495305465,35.0,9.880687037079495
13001.0,224.7996622659296,35.0,9.88051373424906
13002.0,224.6951012459696,35.0,9.880340489209928
13003.0,225.68435257383175,35.0,9.880167301978267
13004.0,225.33281407467354,35.0,9.879994172570226
13005.0,224.26865288558054,35.0,9.879821101001966
13006.0,225.0387829106877,35.0,9.879648087289624
13007.0,225.46034855497257,35.0,9.879475131449347
13008.0,224.28282289640595,35.0,9.879302233497263
13009.0,224.94106345988513,35.0,9.879129393449507
13010.0,224.4766363182823,35.0,9.8789566113222
13011.0,225.4603104016978,35.0,9.878783887131464
13012.0,224.33127912725843,35.0,9.878611220893408
13013.0,224.53451833364096,35.0,9.878438612624144
13014.0,225.17053125144213,35.0,9.87826606233977
13015.0,224.74201495749367,35.0,9.87809357005639
13016.0,224.3852370905472,35.0,9.877921135790087
13017.0,224.31695627535942,35.0,9.877748759556953
13018.0,226.51493630410218,35.0,9.877576441373067
13019.0,224.96077587339622,35.0,9.877404181254505
13020.0,225.26345076895265,35.0,9.877231979217337
13021.0,224.65071684656914,35.0,9.877059835277628
13022.0,225.10904271909283,35.0,9.876887749451434
13023.0,223.9598711108939,35.0,9.876715721754813
13024.0,224.65831472372474,35.0,9.87654375220381
13025.0,225.28805442895592,35.0,9.876371840814471
13026.0,225.08334164982136,35.0,9.87619998760283
13027.0,226.14470480991906,35.0,9.876028192584922
13028.0,224.66364207122518,35.0,9.875856455776773
13029.0,225.67672347900051,35.0,9.875684777194403
13030.0,224.51224972718668,35.0,9.875513156853827
13031.0,225.41329723209597,35.0,9.875341594771058
13032.0,224.81121483706553,35.0,9.875170090962099
13033.0,225.30808042669025,35.0,9.87499864544295
13034.0,224.95344293740155,35.0,9.874827258229605
13035.0,224.87905326002476,35.0,9.874655929338052
13036.0,223.70185966841422,35.0,9.874484658784276
13037.0,226.41192952950607,35.0,9.874313446584251
13038.0,224.14222465188584,35.0,9.874142292753953
13039.0,225.33093809184234,35.0,9.873971197309348
13040.0,223.56477628659783,35.0,9.873800160266395
13041.0,224.3613861598894,35.0,9.873629181641054
13042.0,226.21490489244368,35.0,9.87345826144927
13043.0,225.70014267569405,35.0,9.873287399706992
13044.0,225.598281389616,35.0,9.873116596430158
13045.0,224.90458674324708,35.0,9.872945851634704
13046.0,225.3985851214001,35.0,9.872775165336556
13047.0,225.1642468604814,35.0,9.87260453755164
13048.0,224.10278169811087,35.0,9.87243396829587
13049.0,224.2268102172755,35.0,9.872263457585161
13050.0,226.2455806060979,35.0,9.872093005435419
13051.0,225.2491948131391,35.0,9.871922611862546
13052.0,224.17124235081843,35.0,9.871752276882436
13053.0,223.79333378059542,35.0,9.871582000510982
13054.0,224.42404853230863,35.0,9.871411782764067
13055.0,225.51898918905925,35.0,9.871241623657571
13056.0,224.82825438044466,35.0,9.871071523207368
13057.0,225.52422974387588,35.0,9.870901481429327
13058.0,224.64697087502057,35.0,9.870731498339309
13059.0,225.92806812641902,35.0,9.870561573953175
13060.0,224.1832349107505,35.0,9.870391708286775
13061.0,224.28073909769378,35.0,9.870221901355956
13062.0,225.7140584040402,35.0,9.870052153176559
13063.0,226.16505540408502,35.0,9.86988246376442
13064.0,224.76914562051576,35.0,9.869712833135367
13065.0,224.21513595969765,35.0,9.869543261305227
13066.0,224.17835860854944,35.0,9.869373748289819
13067.0,226.06843732722785,35.0,9.869204294104957
13068.0,225.7161736804657,35.0,9.869034898766447
13069.0,224.4450139107234,35.0,9.868865562290097
13070.0,224.742175297792,35.0,9.868696284691696
13071.0,225.31117105188846,35.0,9.868527065987044
13072.0,224.95855846205296,35.0,9.868357906191921
13073.0,225.12576737805983,35.0,9.868188805322113
13074.0,225.83328218889304,35.0,9.868019763393391
13075.0,224.80966488890252,35.0,9.867850780421527
13076.0,225.23722849677108,35.0,9.867681856422285
13077.0,225.16340899706785,35.0,9.867512991411422
13078.0,224.06731298999551,35.0,9.867344185404693
13079.0,225.66122338766766,35.0,9.867175438417847
13080.0,226.23529105249554,35.0,9.867006750466626
13081.0,224.325968466522,35.0,9.866838121566762
13082.0,225.22880222680837,35.0,9.866669551733992
13083.0,222.89164718040303,35.0,9.866501040984037
13084.0,223.977259195238,35.0,9.866332589332622
13085.0,224.4549634881423,35.0,9.866164196795458
13086.0,224.89376759520144,35.0,9.865995863388257
13087.0,225.83445033698965,35.0,9.86582758912672
13088.0,223.5171583406898,35.0,9.865659374026546
13089.0,225.90371466377826,35.0,9.865491218103429
13090.0,226.822197830101,35.0,9.865323121373056
13091.0,225.5088329812239,35.0,9.865155083851105
13092.0,225.2536327349368,35.0,9.864987105553256
13093.0,224.66564721964528,35.0,9.864819186495179
13094.0,225.66273383902296,35.0,9.864651326692538
13095.0,223.81176177674462,35.0,9.864483526160994
13096.0,224.71348133039172,35.0,9.864315784916197
13097.0,223.93424109160148,35.0,9.8641481029738
13098.0,225.17205173462588,35.0,9.863980480349444
13099.0,225.88041834264897,35.0,9.863812917058766
13100.0,225.74654928130016,35.0,9.8636454131174
13101.0,224.700304970315,35.0,9.863477968540968
13102.0,224.63676127528538,35.0,9.863310583345093
13103.0,223.58112879307706,35.0,9.863143257545392
13104.0,225.3521198268296,35.0,9.862975991157473
13105.0,226.22340938538952,35.0,9.862808784196941
13106.0,224.68818696364494,35.0,9.862641636679394
13107.0,225.14972555793335,35.0,9.862474548620424
13108.0,227.37838829006623,35.0,9.86230752003562
13109.0,224.92491384597517,35.0,9.862140550940563
13110.0,225.96979921202018,35.0,9.861973641350831
13111.0,227.11164337432393,35.0,9.86180679128199
13112.0,225.80070053625036,35.0,9.861640000749613
13113.0,224.11179342147463,35.0,9.861473269769254
13114.0,224.599534304515,35.0,9.86130659835647
13115.0,225.38428078073358,35.0,9.861139986526805
13116.0,224.41416909019793,35.0,9.86097343429581
13117.0,225.01884349456458,35.0,9.860806941679014
13118.0,225.80690518260027,35.0,9.860640508691954
13119.0,225.33718491883624,35.0,9.860474135350156
13120.0,224.6075247474764,35.0,9.86030782166914
13121.0,223.75770558263324,35.0,9.860141567664423
13122.0,224.7523324026758,35.0,9.859975373351512
13123.0,225.0271529001998,35.0,9.859809238745912
13124.0,225.16459816417216,35.0,9.859643163863122
13125.0,224.71158719274877,35.0,9.859477148718634
13126.0,224.50638562351438,35.0,9.859311193327937
13127.0,224.450852788584,35.0,9.859145297706512
13128.0,223.8337966029237,35.0,9.858979461869835
13129.0,225.6258351807175,35.0,9.858813685833375
13130.0,226.0697096363302,35.0,9.858647969612601
13131.0,225.53756719047522,35.0,9.85848231322297
13132.0,225.63505725926228,35.0,9.858316716679937
13133.0,224.56643454544835,35.0,9.85815117999895
13134.0,224.67406473171158,35.0,9.85798570319545
13135.0,224.32028279793974,35.0,9.857820286284877
13136.0,225.6947577869433,35.0,9.857654929282662
13137.0,223.94122157152196,35.0,9.85748963220423
13138.0,223.9369642946104,35.0,9.857324395065
13139.0,224.17330616335911,35.0,9.857159217880389
13140.0,224.49762794807543,35.0,9.856994100665807
13141.0,224.76077030000474,35.0,9.856829043436655
13142.0,224.049563526374,35.0,9.856664046208333
13143.0,224.4609659507702,35.0,9.856499108996232
13144.0,223.28984448369837,35.0,9.856334231815742
13145.0,225.70822418247238,35.0,9.85616941468224
13146.0,224.78242902613346,35.0,9.856004657611106
13147.0,225.04009411202446,35.0,9.855839960617706
13148.0,225.2803918717579,35.0,9.855675323717405
13149.0,224.21225932585094,35.0,9.855510746925564
13150.0,225.28087596506427,35.0,9.855346230257535
13151.0,224.79993232066403,35.0,9.855181773728665
13152.0,226.25787890244308,35.0,9.855017377354297
13153.0,225.0419567254691,35.0,9.854853041149768
13154.0,225.64042250501757,35.0,9.854688765130408
13155.0,225.27403172270698,35.0,9.854524549311542
13156.0,225.41513335956463,35.0,9.85436039370849
13157.0,225.42908794380918,35.0,9.854196298336564
13158.0,225.71005943552507,35.0,9.854032263211074
13159.0,224.92481830379057,35.0,9.853868288347323
13160.0,225.14865977381652,35.0,9.853704373760609
13161.0,225.4385827236012,35.0,9.85354051946622
13162.0,226.1607006830982,35.0,9.853376725479444
13163.0,225.06588637029807,35.0,9.853212991815562
13164.0,224.75838614059433,35.0,9.853049318489848
13165.0,225.63085681983063,35.0,9.852885705517568
13166.0,225.1092872978388,35.0,9.85272215291399
13167.0,224.1479781981835,35.0,9.852558660694369
13168.0,224.02752073368413,35.0,9.85239522887396
13169.0,224.41901160706698,35.0,9.852231857468002
13170.0,225.16717938362248,35.0,9.852068546491743
13171.0,225.38119540143586,35.0,9.851905295960416
13172.0,224.78078115798618,35.0,9.851742105889251
13173.0,225.1199171725058,35.0,9.851578976293471
13174.0,224.0140615908771,35.0,9.851415907188294
13175.0,225.67022333448648,35.0,9.851252898588932
13176.0,225.42591494895387,35.0,9.851089950510593
13177.0,224.17638370234138,35.0,9.850927062968479
13178.0,224.09419552435608,35.0,9.850764235977786
13179.0,224.80324604663127,35.0,9.850601469553702
13180.0,225.31098097390367,35.0,9.850438763711411
13181.0,224.7682817973339,35.0,9.850276118466093
13182.0,225.36107161728305,35.0,9.850113533832921
13183.0,225.69082559620935,35.0,9.849951009827063
13184.0,225.9774254773148,35.0,9.84978854646368
13185.0,226.01565258771927,35.0,9.849626143757927
13186.0,224.83121361781372,35.0,9.849463801724955
13187.0,224.91703653735945,35.0,9.84930152037991
13188.0,225.66948697044288,35.0,9.849139299737931
13189.0,223.34333829307786,35.0,9.84897713981415
13190.0,225.92228249790443,35.0,9.848815040623693
13191.0,225.77811095869038,35.0,9.848653002181688
13192.0,224.57465388383005,35.0,9.848491024503245
13193.0,225.90281079958245,35.0,9.84832910760348
13194.0,224.44725547200295,35.0,9.848167251497495
13195.0,226.11259404752573,35.0,9.848005456200388
13196.0,225.18145125641863,35.0,9.847843721727257
13197.0,223.8262403998295,35.0,9.847682048093187
13198.0,225.02948260719816,35.0,9.847520435313262
13199.0,225.07480118948004,35.0,9.847358883402556
13200.0,224.89919392617892,35.0,9.847197392376145
13201.0,225.01675612669868,35.0,9.84703596224909
13202.0,224.56758021852738,35.0,9.846874593036452
13203.0,225.55753053619767,35.0,9.846713284753285
13204.0,225.21219092274828,35.0,9.846552037414638
13205.0,225.08207078103706,35.0,9.846390851035551
13206.0,223.31164973136214,35.0,9.846229725631064
13207.0,225.88683093065185,35.0,9.846068661216206
13208.0,224.89454603509887,35.0,9.845907657806006
13209.0,225.38865901260192,35.0,9.84574671541548
13210.0,224.9026969379006,35.0,9.845585834059644
13211.0,225.55578133593906,35.0,9.845425013753506
13212.0,223.42861060709552,35.0,9.845264254512069
13213.0,224.73718306352288,35.0,9.84510355635033
13214.0,224.31262765241158,35.0,9.84494291928328
13215.0,225.7402208941851,35.0,9.844782343325907
13216.0,223.83260243058663,35.0,9.844621828493185
13217.0,227.0073686454601,35.0,9.844461374800096
13218.0,225.9918267817364,35.0,9.844300982261604
13219.0,224.70648634025935,35.0,9.844140650892673
13220.0,223.51319473569816,35.0,9.84398038070826
13221.0,225.45233823107594,35.0,9.843820171723316
13222.0,224.35053730011163,35.0,9.843660023952786
13223.0,225.1293840295463,35.0,9.843499937411611
13224.0,223.92224785615403,35.0,9.843339912114729
13225.0,225.46684542614597,35.0,9.843179948077063
13226.0,225.23159585823606,35.0,9.843020045313539
13227.0,224.2363016190969,35.0,9.842860203839072
13228.0,224.4482037493997,35.0,9.842700423668575
13229.0,224.50364847125107,35.0,9.842540704816953
13230.0,224.74324807541055,35.0,9.842381047299106
13231.0,225.52556501924016,35.0,9.842221451129932
13232.0,224.40049365166604,35.0,9.842061916324312
13233.0,224.75333026418275,35.0,9.841902442897137
13234.0,223.90691881357614,35.0,9.841743030863277
13235.0,226.3494979507374,35.0,9.84158368023761
13236.0,225.81495051419748,35.0,9.841424391034996
13237.0,224.62904234402774,35.0,9.841265163270299
13238.0,225.02569994221548,35.0,9.84110599695837
13239.0,225.15670802364505,35.0,9.84094689211406
13240.0,225.03141776503318,35.0,9.84078784875221
13241.0,225.15704288006822,35.0,9.84062886688766
13242.0,224.587814434307,35.0,9.840469946535237
13243.0,225.17250386004557,35.0,9.840311087709768
13244.0,225.99200944172793,35.0,9.840152290426076
13245.0,225.21514753376374,35.0,9.839993554698971
13246.0,225.25973929644024,35.0,9.839834880543263
13247.0,225.1404929876458,35.0,9.839676267973752
13248.0,226.79071771511676,35.0,9.83951771700524
13249.0,225.43706593993204,35.0,9.839359227652515
13250.0,224.98249966442174,35.0,9.839200799930362
13251.0,224.8498247149073,35.0,9.83904243385356
13252.0,225.09980573978427,35.0,9.838884129436886
13253.0,223.98952384549878,35.0,9.838725886695105
13254.0,225.49508994083268,35.0,9.838567705642982
13255.0,225.80383771163116,35.0,9.838409586295269
13256.0,226.04196214907265,35.0,9.83825152866672
13257.0,224.6592090758117,35.0,9.838093532772081
13258.0,224.08353536092102,35.0,9.837935598626093
13259.0,225.55851471896685,35.0,9.837777726243482
13260.0,224.35156832052127,35.0,9.837619915638982
13261.0,225.2094283841113,35.0,9.837462166827313
13262.0,223.8044131322275,35.0,9.837304479823194
13263.0,224.75586804345033,35.0,9.83714685464133
13264.0,225.36044645203734,35.0,9.83698929129643
13265.0,225.14261808764877,35.0,9.836831789803192
13266.0,224.11615755209613,35.0,9.83667435017631
13267.0,225.93499588991736,35.0,9.836516972430468
13268.0,225.7499853288958,35.0,9.83635965658035
13269.0,225.64557143382763,35.0,9.836202402640634
13270.0,225.03540211754512,35.0,9.836045210625986
13271.0,223.3319437764723,35.0,9.835888080551072
13272.0,225.8700186946502,35.0,9.835731012430553
13273.0,225.91176160716398,35.0,9.835574006279078
13274.0,224.61695881452056,35.0,9.835417062111294
13275.0,224.83269619116356,35.0,9.835260179941846
13276.0,226.62856996060816,35.0,9.835103359785364
13277.0,224.84709679380074,35.0,9.834946601656483
13278.0,225.48177431146135,35.0,9.834789905569824
13279.0,225.92087880497454,35.0,9.834633271540007
13280.0,225.4193286834007,35.0,9.834476699581641
13281.0,224.87928893376605,35.0,9.834320189709333
13282.0,224.31187889322035,35.0,9.834163741937687
13283.0,225.36540377385734,35.0,9.834007356281294
13284.0,225.2045265682705,35.0,9.833851032754744
13285.0,224.41460589299143,35.0,9.833694771372624
13286.0,225.66881458204597,35.0,9.833538572149505
13287.0,223.41911950184806,35.0,9.833382435099965
13288.0,225.5003445695926,35.0,9.833226360238566
13289.0,224.00300344049396,35.0,9.83307034757987
13290.0,225.65937252439255,35.0,9.83291439713843
13291.0,223.93326390081936,35.0,9.832758508928793
13292.0,224.1679108137929,35.0,9.832602682965506
13293.0,224.1181786743444,35.0,9.832446919263102
13294.0,225.58667542375272,35.0,9.832291217836113
13295.0,223.85119493440178,35.0,9.832135578699067
13296.0,226.7031790813227,35.0,9.83198000186648
13297.0,225.84825770495684,35.0,9.831824487352865
13298.0,224.2736728477766,35.0,9.831669035172734
13299.0,225.11999699084691,35.0,9.831513645340586
13300.0,224.10117303469937,35.0,9.831358317870917
13301.0,226.0673458246114,35.0,9.83120305277822
13302.0,225.27982197934722,35.0,9.831047850076976
13303.0,225.09812025743548,35.0,9.830892709781665
13304.0,224.99377390545135,35.0,9.83073763190676
13305.0,224.73122447442776,35.0,9.83058261646673
13306.0,225.81611138757472,35.0,9.830427663476033
13307.0,224.18407329453646,35.0,9.830272772949128
13308.0,224.99791086958584,35.0,9.830117944900461
13309.0,223.2114472953583,35.0,9.829963179344478
13310.0,224.5626980515206,35.0,9.829808476295616
13311.0,223.6630543230933,35.0,9.829653835768308
13312.0,224.48326492710206,35.0,9.829499257776979
13313.0,225.22065494619233,35.0,9.82934474233605
13314.0,225.07812833007122,35.0,9.829190289459936
13315.0,225.08878041150479,35.0,9.829035899163046
13316.0,224.96658327832833,35.0,9.828881571459782
13317.0,225.12055823959525,35.0,9.828727306364542
13318.0,224.16953368287204,35.0,9.828573103891715
13319.0,223.7802203652898,35.0,9.82841896405569
13320.0,223.2998318037608,35.0,9.828264886870844
13321.0,226.46888377563826,35.0,9.828110872351552
13322.0,224.8362344317539,35.0,9.82795692051218
13323.0,225.84208224215433,35.0,9.827803031367093
13324.0,226.2918744377128,35.0,9.827649204930646
13325.0,224.43703055373643,35.0,9.827495441217186
13326.0,225.40807718643717,35.0,9.827341740241062
13327.0,226.72060522323918,35.0,9.82718810201661
13328.0,225.60235764737607,35.0,9.827034526558165
13329.0,224.24579969827232,35.0,9.826881013880053
13330.0,224.8324175781058,35.0,9.826727563996593
13331.0,225.1792597045325,35.0,9.826574176922104
13332.0,224.80289126831454,35.0,9.826420852670893
13333.0,224.8621738231959,35.0,9.826267591257261
13334.0,224.57434655930038,35.0,9.82611439269551
13335.0,224.76606446607295,35.0,9.82596125699993
13336.0,225.4983844957901,35.0,9.825808184184808
13337.0,225.43230636552406,35.0,9.825655174264423
13338.0,225.13145488446077,35.0,9.825502227253049
13339.0,225.25010177822872,35.0,9.825349343164952
13340.0,224.34316629158036,35.0,9.8251965220144
13341.0,224.96480866436372,35.0,9.825043763815644
13342.0,226.37441035121267,35.0,9.82489106858294
13343.0,223.6741380376342,35.0,9.824738436330527
13344.0,225.4441276059983,35.0,9.824585867072647
13345.0,225.44125063575183,35.0,9.824433360823534
13346.0,225.19943028213666,35.0,9.824280917597413
13347.0,224.35922487147542,35.0,9.824128537408507
13348.0,226.02223031844653,35.0,9.823976220271032
13349.0,224.70024717201372,35.0,9.823823966199194
13350.0,224.88767781973453,35.0,9.823671775207199
13351.0,223.84512327111776,35.0,9.823519647309245
13352.0,225.6946246975373,35.0,9.823367582519525
13353.0,223.81746006611465,35.0,9.823215580852223
13354.0,225.42279170923456,35.0,9.823063642321518
13355.0,225.2707543438116,35.0,9.822911766941587
13356.0,225.43722682587364,35.0,9.822759954726596
13357.0,225.1223660126953,35.0,9.82260820569071
13358.0,224.40173866796812,35.0,9.822456519848084
13359.0,225.61509225695104,35.0,9.822304897212867
13360.0,225.1297867331561,35.0,9.822153337799206
13361.0,225.32580329348608,35.0,9.82200184162124
13362.0,225.52292964018926,35.0,9.821850408693102
13363.0,226.09937437688657,35.0,9.821699039028916
13364.0,224.6398714282933,35.0,9.821547732642808
13365.0,224.3367828778902,35.0,9.821396489548889
13366.0,224.7185830708776,35.0,9.82124530976127
13367.0,225.18489830388233,35.0,9.821094193294055
13368.0,226.0996102823372,35.0,9.82094314016134
13369.0,226.05641903034663,35.0,9.820792150377217
13370.0,225.16745840801246,35.0,9.820641223955773
13371.0,226.59079124440788,35.0,9.820490360911087
13372.0,224.57367184489826,35.0,9.820339561257233
13373.0,225.0938726411657,35.0,9.820188825008278
13374.0,223.93209716916647,35.0,9.820038152178286
13375.0,224.429207028476,35.0,9.819887542781313
13376.0,225.7127391330853,35.0,9.819736996831407
13377.0,224.4521101339672,35.0,9.819586514342614
13378.0,224.6250900001298,35.0,9.81943609532897
13379.0,226.2364309786419,35.0,9.819285739804512
13380.0,224.6023338469857,35.0,9.819135447783262
13381.0,225.39246789998757,35.0,9.818985219279243
13382.0,224.81960959338917,35.0,9.818835054306467
13383.0,224.95451893235014,35.0,9.818684952878948
13384.0,224.98683822817856,35.0,9.818534915010686
13385.0,225.46430897117327,35.0,9.818384940715674
13386.0,224.84503322234642,35.0,9.818235030007909
13387.0,224.87487818311521,35.0,9.818085182901376
13388.0,225.33318141121907,35.0,9.817935399410047
13389.0,225.17813508499842,35.0,9.817785679547901
13390.0,225.27022628937675,35.0,9.817636023328907
13391.0,225.60302010487155,35.0,9.81748643076702
13392.0,223.52636380123195,35.0,9.817336901876201
13393.0,225.29187204937176,35.0,9.817187436670396
13394.0,224.5104956876825,35.0,9.81703803516355
13395.0,224.08226817976478,35.0,9.8168886973696
13396.0,223.25480058802557,35.0,9.816739423302478
13397.0,225.0234091408926,35.0,9.816590212976111
13398.0,225.53177781499053,35.0,9.816441066404415
13399.0,225.37809575282662,35.0,9.816291983601307
13400.0,224.63808893856552,35.0,9.816142964580692
13401.0,224.90358795948046,35.0,9.815994009356475
13402.0,225.27298304689776,35.0,9.81584511794255
13403.0,224.96158440633957,35.0,9.815696290352808
13404.0,224.31957498413456,35.0,9.81554752660113
13405.0,224.42093700328095,35.0,9.815398826701397
13406.0,225.70397213413628,35.0,9.81525019066748
13407.0,224.91253328713307,35.0,9.815101618513248
13408.0,224.81731726334735,35.0,9.814953110252558
13409.0,225.1926533717359,35.0,9.814804665899263
13410.0,224.09555945741835,35.0,9.814656285467215
13411.0,225.7277808389355,35.0,9.814507968970254
13412.0,225.4420740769424,35.0,9.814359716422217
13413.0,225.95698837193876,35.0,9.814211527836934
13414.0,225.57981622219936,35.0,9.814063403228229
13415.0,224.3530044740562,35.0,9.81391534260992
13416.0,225.29583001050753,35.0,9.813767345995823
13417.0,225.41540749102992,35.0,9.813619413399739
13418.0,224.8003002354347,35.0,9.813471544835473
13419.0,225.60339954507495,35.0,9.813323740316816
13420.0,225.16392468361454,35.0,9.81317599985756
13421.0,224.41022039066783,35.0,9.813028323471485
13422.0,225.21439570019933,35.0,9.812880711172369
13423.0,224.75976945779652,35.0,9.81273316297398
13424.0,226.1468519009678,35.0,9.812585678890088
13425.0,225.02245316665025,35.0,9.812438258934447
13426.0,225.18662502187289,35.0,9.812290903120811
13427.0,224.61411878707312,35.0,9.812143611462927
13428.0,225.45075366538563,35.0,9.811996383974535
13429.0,225.12103062969953,35.0,9.811849220669371
13430.0,225.45432995676393,35.0,9.811702121561162
13431.0,224.38670491571813,35.0,9.811555086663633
13432.0,224.80061028580965,35.0,9.8114081159905
13433.0,224.75151460290618,35.0,9.81126120955547
13434.0,224.81682172578897,35.0,9.811114367372252
13435.0,225.24601751404174,35.0,9.810967589454545
13436.0,225.09333930582105,35.0,9.81082087581604
13437.0,225.62289330460874,35.0,9.810674226470423
13438.0,225.54415689677077,35.0,9.810527641431378
13439.0,224.41222689966398,35.0,9.810381120712576
13440.0,224.61045462582834,35.0,9.81023466432769
13441.0,225.5144147126317,35.0,9.810088272290377
13442.0,225.31047117744762,35.0,9.8099419446143
13443.0,224.72640956238067,35.0,9.809795681313105
13444.0,224.15355870227248,35.0,9.80964948240044
13445.0,223.99037840897552,35.0,9.809503347889944
13446.0,225.0112103859962,35.0,9.809357277795247
13447.0,224.6607913465342,35.0,9.809211272129975
13448.0,224.41414669669103,35.0,9.809065330907753
13449.0,225.44225633633084,35.0,9.808919454142192
13450.0,224.2787515935747,35.0,9.808773641846903
13451.0,224.98384187190308,35.0,9.808627894035487
13452.0,224.03423761079634,35.0,9.808482210721543
13453.0,223.49738601581373,35.0,9.808336591918659
13454.0,224.60211310402605,35.0,9.808191037640421
13455.0,225.6031547829153,35.0,9.808045547900408
13456.0,225.27732414384917,35.0,9.80790012271219
13457.0,225.44940295300017,35.0,9.807754762089338
13458.0,225.8960471339322,35.0,9.80760946604541
13459.0,225.0763062129519,35.0,9.807464234593962
13460.0,225.26553662665515,35.0,9.807319067748539
13461.0,225.40904433599758,35.0,9.807173965522686
13462.0,224.27582815979943,35.0,9.80702892792994
13463.0,224.36781105387567,35.0,9.80688395498383
13464.0,224.18576365053502,35.0,9.80673904669788
13465.0,224.50345729501305,35.0,9.806594203085611
13466.0,224.86048778057824,35.0,9.806449424160533
13467.0,224.6793402672215,35.0,9.806304709936153
13468.0,224.66247726000316,35.0,9.806160060425972
13469.0,225.3336819422629,35.0,9.806015475643482
13470.0,225.96055365491856,35.0,9.805870955602174
13471.0,224.06061812865252,35.0,9.80572650031553
13472.0,225.6619882495083,35.0,9.805582109797022
13473.0,225.79755723483325,35.0,9.805437784060123
13474.0,226.26321432625232,35.0,9.805293523118298
13475.0,223.49231742567483,35.0,9.805149326985005
13476.0,226.0060626618207,35.0,9.805005195673694
13477.0,225.34953877566704,35.0,9.80486112919781
13478.0,224.81762149952306,35.0,9.804717127570798
13479.0,223.44348320246087,35.0,9.804573190806085
13480.0,224.26775969412836,35.0,9.804429318917105
13481.0,226.60521360354596,35.0,9.804285511917275
13482.0,223.85471454689804,35.0,9.804141769820014
13483.0,224.86007580101867,35.0,9.803998092638729
13484.0,225.16852522315025,35.0,9.803854480386823
13485.0,224.54359260368287,35.0,9.803710933077696
13486.0,225.97274918439302,35.0,9.803567450724739
13487.0,225.18667784271906,35.0,9.803424033341336
13488.0,224.87052555476984,35.0,9.803280680940865
13489.0,224.26685157768978,35.0,9.803137393536705
13490.0,223.0023413796112,35.0,9.802994171142217
13491.0,226.2182731260331,35.0,9.802851013770765
13492.0,225.4650732157704,35.0,9.802707921435704
13493.0,224.54325368037186,35.0,9.802564894150379
13494.0,226.04807021104378,35.0,9.80242193192814
13495.0,223.97381667028316,35.0,9.802279034782318
13496.0,225.52472362248446,35.0,9.802136202726247
13497.0,224.60284320919735,35.0,9.801993435773252
13498.0,224.5938346844669,35.0,9.801850733936647
13499.0,226.0882768497241,35.0,9.801708097229747
13500.0,224.32183737000452,35.0,9.801565525665863
13501.0,224.7922568925717,35.0,9.801423019258289
13502.0,224.26474225751127,35.0,9.801280578020322
13503.0,226.25204239511868,35.0,9.801138201965248
13504.0,225.6974552761701,35.0,9.800995891106353
13505.0,225.6039036634938,35.0,9.800853645456913
13506.0,224.14708229480692,35.0,9.800711465030194
13507.0,224.5938838199501,35.0,9.800569349839462
13508.0,224.91589138368295,35.0,9.800427299897972
13509.0,224.25029277925248,35.0,9.800285315218982
13510.0,225.84494142255073,35.0,9.800143395815732
13511.0,225.51815347720176,35.0,9.800001541701466
13512.0,224.87348533569138,35.0,9.799859752889414
13513.0,225.17211843409146,35.0,9.799718029392803
13514.0,225.3602142941555,35.0,9.799576371224857
13515.0,224.9261055513287,35.0,9.79943477839879
13516.0,225.06084209512338,35.0,9.79929325092781
13517.0,225.49816729451513,35.0,9.799151788825123
13518.0,224.13466070548873,35.0,9.79901039210392
13519.0,224.86927440026352,35.0,9.798869060777399
13520.0,224.9131757498416,35.0,9.798727794858738
13521.0,224.61794080163486,35.0,9.798586594361122
13522.0,224.66775169494474,35.0,9.798445459297717
13523.0,223.93877259934223,35.0,9.798304389681695
13524.0,224.82738209274055,35.0,9.798163385526212
13525.0,224.77765832696755,35.0,9.798022446844426
13526.0,223.60545592147562,35.0,9.79788157364948
13527.0,224.70160836304112,35.0,9.797740765954522
13528.0,225.06523746278742,35.0,9.797600023772683
13529.0,225.9319346740133,35.0,9.797459347117094
13530.0,224.10277389832933,35.0,9.79731873600088
13531.0,224.8819038626895,35.0,9.797178190437158
13532.0,225.10293689977266,35.0,9.797037710439037
13533.0,226.0179631253623,35.0,9.796897296019626
13534.0,223.83106988360188,35.0,9.796756947192023
13535.0,223.06581468894865,35.0,9.796616663969317
13536.0,226.23396886116055,35.0,9.7964764463646
13537.0,225.35198669769676,35.0,9.796336294390953
13538.0,224.4170015511384,35.0,9.796196208061446
13539.0,224.7820471753367,35.0,9.79605618738915
13540.0,224.88817534333702,35.0,9.795916232387128
13541.0,224.70230550606502,35.0,9.795776343068438
13542.0,225.1685658329524,35.0,9.795636519446125
13543.0,224.8633843604693,35.0,9.795496761533236
13544.0,225.3587130376783,35.0,9.795357069342812
13545.0,225.85004383976036,35.0,9.795217442887878
13546.0,224.9804180230891,35.0,9.795077882181467
13547.0,224.18478988445665,35.0,9.794938387236591
13548.0,225.87325194482122,35.0,9.794798958066268
13549.0,226.10724710274636,35.0,9.794659594683505
13550.0,226.09711225671666,35.0,9.794520297101302
13551.0,224.76850626950946,35.0,9.794381065332654
13552.0,225.85728365412277,35.0,9.794241899390553
13553.0,225.274177178179,35.0,9.794102799287975
13554.0,225.38376247645058,35.0,9.793963765037901
13555.0,225.61547340180132,35.0,9.793824796653302
13556.0,224.93867125404745,35.0,9.79368589414714
13557.0,225.27392002185323,35.0,9.793547057532376
13558.0,224.8132013103969,35.0,9.793408286821958
13559.0,224.2433114892643,35.0,9.793269582028833
13560.0,226.15224455004656,35.0,9.793130943165943
13561.0,224.2132839925361,35.0,9.79299237024622
13562.0,224.92418691125002,35.0,9.79285386328259
13563.0,224.56771728743684,35.0,9.792715422287976
13564.0,224.7464230869024,35.0,9.792577047275293
13565.0,225.24288403082542,35.0,9.792438738257449
13566.0,225.14107680605025,35.0,9.792300495247346
13567.0,224.54681671807967,35.0,9.792162318257883
13568.0,223.89282178121883,35.0,9.792024207301948
13569.0,223.895512476365,35.0,9.791886162392426
13570.0,226.14490713189656,35.0,9.791748183542197
13571.0,225.5696484743515,35.0,9.79161027076413
13572.0,223.8180717450185,35.0,9.791472424071092
13573.0,224.15295060973995,35.0,9.791334643475942
13574.0,224.84167740103817,35.0,9.791196928991535
13575.0,224.58910150350044,35.0,9.791059280630718
13576.0,226.60941933269405,35.0,9.790921698406331
13577.0,225.4783721600356,35.0,9.790784182331208
13578.0,223.19679768285877,35.0,9.79064673241818
13579.0,224.46867398476775,35.0,9.790509348680068
13580.0,225.08817435010656,35.0,9.79037203112969
13581.0,223.20409098174804,35.0,9.790234779779855
13582.0,225.59274451900336,35.0,9.790097594643367
13583.0,224.6251686018787,35.0,9.789960475733025
13584.0,224.16971949596592,35.0,9.78982342306162
13585.0,224.17744154921908,35.0,9.789686436641935
13586.0,224.09338498263446,35.0,9.789549516486753
13587.0,224.51365403184028,35.0,9.789412662608846
13588.0,225.3772433859282,35.0,9.789275875020982
13589.0,226.34958884873748,35.0,9.789139153735919
13590.0,224.33342808642684,35.0,9.789002498766415
13591.0,224.80132709117504,35.0,9.788865910125216
13592.0,225.95783028333923,35.0,9.788729387825065
13593.0,225.40391132143458,35.0,9.788592931878696
13594.0,224.11671670412997,35.0,9.788456542298844
13595.0,224.3412986518534,35.0,9.788320219098228
13596.0,224.3843079876085,35.0,9.788183962289565
13597.0,224.53215153488583,35.0,9.78804777188557
13598.0,225.42369110415848,35.0,9.787911647898946
13599.0,225.81023493520647,35.0,9.787775590342394
13600.0,225.43144544875955,35.0,9.787639599228603
13601.0,223.21319840946433,35.0,9.78750367457026
13602.0,224.73307499526055,35.0,9.78736781638005
13603.0,224.9026718860021,35.0,9.78723202467064
13604.0,225.3113384078418,35.0,9.787096299454705
13605.0,224.56608077748447,35.0,9.786960640744901
13606.0,224.3835934846786,35.0,9.786825048553887
13607.0,225.12792170389903,35.0,9.78668952289431
13608.0,225.1404870645982,35.0,9.786554063778814
13609.0,223.84767159155777,35.0,9.786418671220035
13610.0,226.07732665602555,35.0,9.786283345230608
13611.0,225.2105760269036,35.0,9.786148085823152
13612.0,224.1743496302676,35.0,9.786012893010287
13613.0,223.6482621501533,35.0,9.785877766804626
13614.0,225.63239129011194,35.0,9.785742707218773
13615.0,225.34040929406487,35.0,9.78560771426533
13616.0,226.07815548896508,35.0,9.785472787956888
13617.0,223.8334767466573,35.0,9.785337928306035
13618.0,225.19703278034814,35.0,9.785203135325352
13619.0,225.10193243681414,35.0,9.785068409027415
13620.0,224.8983765414167,35.0,9.784933749424791
13621.0,224.19140423483464,35.0,9.784799156530042
13622.0,226.05489652392845,35.0,9.784664630355726
13623.0,223.2995912034203,35.0,9.784530170914389
13624.0,224.98997363032314,35.0,9.784395778218578
13625.0,225.1853719389201,35.0,9.784261452280829
13626.0,223.69227724494462,35.0,9.784127193113674
13627.0,224.44200842858925,35.0,9.78399300072964
13628.0,223.88387440867325,35.0,9.78385887514124
13629.0,225.5339319715473,35.0,9.78372481636099
13630.0,224.50324330992248,35.0,9.783590824401397
13631.0,224.9076225367529,35.0,9.78345689927496
13632.0,226.8781820261069,35.0,9.783323040994171
13633.0,224.09062450201,35.0,9.78318924957152
13634.0,223.8163714359741,35.0,9.783055525019487
13635.0,225.25811222328394,35.0,9.782921867350547
13636.0,223.91980313668205,35.0,9.78278827657717
13637.0,223.63671775823676,35.0,9.782654752711817
13638.0,225.7662804180081,35.0,9.782521295766948
13639.0,224.9755637891095,35.0,9.782387905755007
13640.0,224.94905890775968,35.0,9.782254582688442
13641.0,224.31467045559572,35.0,9.78212132657969
13642.0,226.01957916452807,35.0,9.78198813744118
13643.0,223.6360907769322,35.0,9.781855015285341
13644.0,224.94894186321372,35.0,9.78172196012459
13645.0,222.2734962567498,35.0,9.781588971971338
13646.0,224.24950986073443,35.0,9.781456050837994
13647.0,223.32744580451356,35.0,9.781323196736956
13648.0,225.94902823820658,35.0,9.781190409680619
13649.0,224.7660622760295,35.0,9.78105768968137
13650.0,225.1854655783323,35.0,9.780925036751592
13651.0,226.1888136938958,35.0,9.780792450903657
13652.0,224.95219917555337,35.0,9.780659932149938
13653.0,225.12846903644225,35.0,9.780527480502794
13654.0,225.56315909651505,35.0,9.78039509597458
13655.0,224.2788262353299,35.0,9.78026277857765
13656.0,225.05635429823562,35.0,9.780130528324346
13657.0,224.61612714829582,35.0,9.779998345227007
13658.0,225.24112038777267,35.0,9.779866229297962
13659.0,224.9386509801936,35.0,9.779734180549537
13660.0,225.1413116669819,35.0,9.77960219899405
13661.0,224.2803883724863,35.0,9.779470284643814
13662.0,224.1624920449243,35.0,9.779338437511138
13663.0,226.1098236404967,35.0,9.779206657608315
13664.0,225.60193774348787,35.0,9.779074944947645
13665.0,225.3761065237684,35.0,9.778943299541412
13666.0,226.83119709522413,35.0,9.7788117214019
13667.0,225.27626490294597,35.0,9.778680210541381
13668.0,225.25309840097037,35.0,9.778548766972124
13669.0,224.23703454704145,35.0,9.778417390706391
13670.0,224.2549154070076,35.0,9.77828608175644
13671.0,222.87235983635995,35.0,9.778154840134519
13672.0,225.55355461520426,35.0,9.77802366585287
13673.0,225.66190880345735,35.0,9.777892558923735
13674.0,226.34553557056438,35.0,9.777761519359341
13675.0,224.16192922623372,35.0,9.777630547171913
13676.0,225.7509970503715,35.0,9.77749964237367
13677.0,226.94213430085682,35.0,9.777368804976824
13678.0,224.9176146638759,35.0,9.777238034993578
13679.0,225.15861756544967,35.0,9.777107332436136
13680.0,224.52911568393404,35.0,9.776976697316687
13681.0,224.86369335368457,35.0,9.77684612964742
13682.0,225.71409487690332,35.0,9.776715629440517
13683.0,225.31131375781544,35.0,9.77658519670815
13684.0,223.87098059363603,35.0,9.776454831462486
13685.0,225.88562916530654,35.0,9.77632453371569
13686.0,223.83975830485323,35.0,9.776194303479913
13687.0,225.85060800482975,35.0,9.776064140767309
13688.0,224.96191213322206,35.0,9.775934045590017
13689.0,224.81715460426605,35.0,9.775804017960175
13690.0,224.14377941220576,35.0,9.775674057889912
13691.0,225.860140146441,35.0,9.775544165391354
13692.0,225.10485735505983,35.0,9.775414340476617
13693.0,225.0896086309337,35.0,9.775284583157811
13694.0,224.3669109602911,35.0,9.775154893447043
13695.0,224.56838007644387,35.0,9.775025271356412
13696.0,225.6997962915064,35.0,9.77489571689801
13697.0,225.43406106204898,35.0,9.774766230083921
13698.0,225.44959873616142,35.0,9.774636810926227
13699.0,224.6443838484671,35.0,9.774507459437
13700.0,224.67664850017363,35.0,9.774378175628309
13701.0,225.53310858795788,35.0,9.77424895951221
13702.0,225.85688743071242,35.0,9.774119811100764
13703.0,225.3750110469774,35.0,9.773990730406016
13704.0,226.58868858491888,35.0,9.773861717440006
13705.0,225.88182896948675,35.0,9.773732772214771
13706.0,225.54881357801668,35.0,9.773603894742342
13707.0,226.33127408704905,35.0,9.77347508503474
13708.0,224.94645265873723,35.0,9.773346343103983
13709.0,225.90166705799967,35.0,9.773217668962078
13710.0,225.07397292893128,35.0,9.773089062621032
13711.0,224.50853478425762,35.0,9.772960524092841
13712.0,226.1823702102889,35.0,9.772832053389498
13713.0,225.34904632779907,35.0,9.772703650522987
13714.0,224.15286228342723,35.0,9.772575315505284
13715.0,225.04701971512029,35.0,9.772447048348365
13716.0,224.60703930077113,35.0,9.772318849064195
13717.0,225.51462132162322,35.0,9.772190717664731
13718.0,224.1547565915667,35.0,9.77206265416193
13719.0,225.51527307970133,35.0,9.771934658567739
13720.0,224.30109267450234,35.0,9.771806730894093
13721.0,224.74498436989342,35.0,9.771678871152933
13722.0,223.12086307367144,35.0,9.771551079356183
13723.0,225.05384599190535,35.0,9.771423355515767
13724.0,224.53012434015872,35.0,9.771295699643595
13725.0,225.18500670070998,35.0,9.771168111751583
13726.0,224.88020401953,35.0,9.77104059185163
13727.0,224.75338871662584,35.0,9.770913139955631
13728.0,223.37378262323386,35.0,9.77078575607548
13729.0,225.9698413919205,35.0,9.770658440223055
13730.0,226.25414948934002,35.0,9.770531192410239
13731.0,224.22264100548145,35.0,9.770404012648896
13732.0,226.0785128623847,35.0,9.770276900950899
13733.0,224.30818974531678,35.0,9.770149857328098
13734.0,225.1197391196842,35.0,9.77002288179235
13735.0,225.7104369832014,35.0,9.7698959743555
13736.0,225.21068419804985,35.0,9.769769135029383
13737.0,224.58421845421793,35.0,9.769642363825836
13738.0,225.2142079676891,35.0,9.769515660756683
13739.0,225.8738900212544,35.0,9.769389025833746
13740.0,224.16818900709416,35.0,9.769262459068838
13741.0,224.84104800838912,35.0,9.769135960473765
13742.0,224.55677476621247,35.0,9.769009530060329
13743.0,224.1013703514805,35.0,9.768883167840325
13744.0,223.2276094677583,35.0,9.768756873825538
13745.0,225.45388205798682,35.0,9.768630648027756
13746.0,225.46028016401505,35.0,9.76850449045875
13747.0,226.13914006109567,35.0,9.768378401130288
13748.0,224.22446917880944,35.0,9.768252380054138
13749.0,225.03594787895145,35.0,9.76812642724205
13750.0,226.08151649401657,35.0,9.76800054270578
13751.0,224.377453325958,35.0,9.767874726457068
13752.0,225.0492515137518,35.0,9.767748978507653
13753.0,223.72200386603035,35.0,9.767623298869264
13754.0,224.69760670277535,35.0,9.767497687553627
13755.0,225.14443055522156,35.0,9.76737214457246
13756.0,226.1027969661613,35.0,9.767246669937473
13757.0,224.74145132163662,35.0,9.767121263660377
13758.0,224.89325329218283,35.0,9.766995925752862
13759.0,224.43207060475152,35.0,9.76687065622663
13760.0,224.37319286191575,35.0,9.76674545509336
13761.0,225.1297735422558,35.0,9.766620322364735
13762.0,224.0714549430972,35.0,9.76649525805243
13763.0,224.40866151482916,35.0,9.76637026216811
13764.0,224.99386113571512,35.0,9.766245334723438
13765.0,225.57069845581444,35.0,9.766120475730064
13766.0,225.25707737855132,35.0,9.76599568519964
13767.0,225.03899191431987,35.0,9.765870963143806
13768.0,224.79966461696355,35.0,9.765746309574196
13769.0,225.6267786970681,35.0,9.765621724502441
13770.0,225.69872557755505,35.0,9.765497207940165
13771.0,224.57945369649886,35.0,9.765372759898979
13772.0,224.8597712154839,35.0,9.765248380390497
13773.0,225.4634427760159,35.0,9.765124069426319
13774.0,226.10691601280226,35.0,9.764999827018045
13775.0,224.73222703369046,35.0,9.764875653177263
13776.0,225.23961398149802,35.0,9.764751547915559
13777.0,224.51159939304046,35.0,9.764627511244509
13778.0,225.52273299980158,35.0,9.764503543175685
13779.0,226.9853778476423,35.0,9.764379643720652
13780.0,224.9139645641458,35.0,9.764255812890967
13781.0,225.6424150534979,35.0,9.764132050698185
13782.0,225.41551529119056,35.0,9.76400835715385
13783.0,223.86829680654236,35.0,9.763884732269501
13784.0,226.08889031070436,35.0,9.76376117605667
13785.0,224.87598007099692,35.0,9.763637688526886
13786.0,225.05227014616764,35.0,9.763514269691665
13787.0,225.08557823020112,35.0,9.763390919562527
13788.0,224.97041751161174,35.0,9.763267638150975
13789.0,226.3746750461451,35.0,9.763144425468507
13790.0,226.0032672199818,35.0,9.763021281526623
13791.0,225.30846277297314,35.0,9.762898206336807
13792.0,224.1267429890763,35.0,9.762775199910545
13793.0,225.9880689772876,35.0,9.762652262259307
13794.0,225.6419556324139,35.0,9.762529393394564
13795.0,224.99039753378824,35.0,9.76240659332778
13796.0,224.29975751449535,35.0,9.762283862070408
13797.0,224.48920005177797,35.0,9.7621611996339
13798.0,225.5922752801457,35.0,9.762038606029696
13799.0,224.47267239536976,35.0,9.761916081269236
13800.0,226.06701836822845,35.0,9.76179362536395
13801.0,225.54678178395062,35.0,9.761671238325258
13802.0,226.01968052991936,35.0,9.761548920164582
13803.0,224.6956040258635,35.0,9.76142667089333
13804.0,223.8275198563632,35.0,9.761304490522907
13805.0,224.48782449412857,35.0,9.761182379064712
13806.0,224.72915628954723,35.0,9.761060336530136
13807.0,225.96315063979245,35.0,9.760938362930563
13808.0,225.32489015481397,35.0,9.760816458277375
13809.0,225.7990693277841,35.0,9.760694622581942
13810.0,223.76824248127505,35.0,9.760572855855632
13811.0,224.71368309981852,35.0,9.7604511581098
13812.0,224.64808566831928,35.0,9.760329529355806
13813.0,225.68512180050055,35.0,9.76020796960499
13814.0,225.36335995913544,35.0,9.760086478868695
13815.0,224.24019486203454,35.0,9.759965057158254
13816.0,224.4544645300493,35.0,9.759843704484997
13817.0,223.7492184127164,35.0,9.759722420860243
13818.0,224.74801543781743,35.0,9.759601206295304
13819.0,225.65758870482352,35.0,9.759480060801492
13820.0,225.2209637995627,35.0,9.759358984390106
13821.0,224.4567427606635,35.0,9.759237977072443
13822.0,224.8967522125983,35.0,9.75911703885979
13823.0,226.19513776742673,35.0,9.758996169763432
13824.0,225.62722590907308,35.0,9.758875369794639
13825.0,224.39666998463193,35.0,9.758754638964687
13826.0,224.3076373988089,35.0,9.758633977284834
13827.0,223.85925271175412,35.0,9.758513384766339
13828.0,225.581726754909,35.0,9.75839286142045
13829.0,225.39206753182756,35.0,9.758272407258412
13830.0,226.30228174470858,35.0,9.758152022291464
13831.0,224.8880332184814,35.0,9.758031706530833
13832.0,226.531324630149,35.0,9.757911459987742
13833.0,225.76392675870218,35.0,9.757791282673415
13834.0,225.59031930631818,35.0,9.757671174599057
13835.0,224.0387696837863,35.0,9.757551135775877
13836.0,224.50690293348595,35.0,9.75743116621507
13837.0,224.71099299900945,35.0,9.757311265927829
13838.0,225.2129907144091,35.0,9.75719143492534
13839.0,224.82727787465873,35.0,9.757071673218784
13840.0,226.32782918064973,35.0,9.756951980819329
13841.0,225.48340420246885,35.0,9.756832357738144
13842.0,224.29600320691358,35.0,9.756712803986389
13843.0,225.77399351838932,35.0,9.756593319575213
13844.0,224.2474058801865,35.0,9.756473904515767
13845.0,225.48812769267167,35.0,9.756354558819188
13846.0,224.66474680229732,35.0,9.756235282496611
13847.0,224.6643231892229,35.0,9.756116075559166
13848.0,224.81969692144273,35.0,9.755996938017969
13849.0,224.44081491083992,35.0,9.755877869884136
13850.0,223.76939990978374,35.0,9.755758871168776
13851.0,225.02166948577894,35.0,9.755639941882988
13852.0,224.76591421545862,35.0,9.755521082037868
13853.0,225.91910450985517,35.0,9.755402291644506
13854.0,224.10973626542454,35.0,9.755283570713981
13855.0,224.62748982042353,35.0,9.75516491925737
13856.0,225.58030809098366,35.0,9.75504633728574
13857.0,225.330167690301,35.0,9.754927824810158
13858.0,225.23296084458923,35.0,9.754809381841675
13859.0,224.35901838979274,35.0,9.754691008391342
13860.0,225.02983301867178,35.0,9.754572704470203
13861.0,225.11469110375475,35.0,9.754454470089293
13862.0,225.0943710301354,35.0,9.754336305259642
13863.0,226.03518950336158,35.0,9.754218209992274
13864.0,224.87362168090607,35.0,9.754100184298208
13865.0,224.85177362878247,35.0,9.753982228188452
13866.0,225.88471290268373,35.0,9.75386434167401
13867.0,224.62598782294265,35.0,9.75374652476588
13868.0,226.0574019288485,35.0,9.753628777475054
13869.0,225.60604456450923,35.0,9.753511099812515
13870.0,225.34544123684293,35.0,9.753393491789243
13871.0,224.130461419078,35.0,9.753275953416207
13872.0,224.11005710935686,35.0,9.753158484704374
13873.0,227.713471966859,35.0,9.753041085664702
13874.0,223.6853693892981,35.0,9.752923756308142
13875.0,224.80497260674215,35.0,9.752806496645642
13876.0,224.43498352124675,35.0,9.752689306688138
13877.0,224.22647136655166,35.0,9.752572186446564
13878.0,225.08303848534675,35.0,9.752455135931847
13879.0,224.47142434978932,35.0,9.752338155154906
13880.0,224.84861303979835,35.0,9.752221244126654
13881.0,225.5844411229542,35.0,9.752104402857997
13882.0,225.0294920604164,35.0,9.751987631359835
13883.0,225.6362777883079,35.0,9.751870929643061
13884.0,225.37785657240678,35.0,9.751754297718563
13885.0,224.9511964605592,35.0,9.751637735597223
13886.0,224.80332678671695,35.0,9.751521243289911
13887.0,226.30341440866889,35.0,9.751404820807497
13888.0,225.0827877212252,35.0,9.751288468160842
13889.0,224.57982710043987,35.0,9.7511721853608
13890.0,223.00662398773412,35.0,9.75105597241822
13891.0,225.13625952955567,35.0,9.750939829343942
13892.0,224.90977964897272,35.0,9.750823756148801
13893.0,225.96494518426184,35.0,9.750707752843624
13894.0,224.62069915222037,35.0,9.750591819439236
13895.0,224.2527422448136,35.0,9.75047595594645
13896.0,225.0186205209169,35.0,9.750360162376078
13897.0,224.06215439557153,35.0,9.750244438738918
13898.0,224.36989573448358,35.0,9.750128785045767
13899.0,225.1086918012042,35.0,9.750013201307416
13900.0,223.8872193469563,35.0,9.749897687534645
13901.0,225.24898987134603,35.0,9.749782243738233
13902.0,225.19245273921587,35.0,9.749666869928946
13903.0,224.7446322798043,35.0,9.749551566117553
13904.0,227.1134393980575,35.0,9.749436332314804
13905.0,225.35766743128534,35.0,9.749321168531456
13906.0,224.79056399950355,35.0,9.749206074778245
13907.0,224.34305233882213,35.0,9.749091051065912
13908.0,223.94604042923388,35.0,9.748976097405189
13909.0,224.94204631252757,35.0,9.748861213806798
13910.0,224.6644097823908,35.0,9.748746400281455
13911.0,224.67938457656192,35.0,9.748631656839873
13912.0,225.16249150968014,35.0,9.748516983492754
13913.0,225.6610045844036,35.0,9.748402380250798
13914.0,225.2381310129335,35.0,9.748287847124697
13915.0,224.60283082263916,35.0,9.748173384125133
13916.0,224.6421613794536,35.0,9.748058991262786
13917.0,225.09252768425475,35.0,9.747944668548326
13918.0,225.42110234485332,35.0,9.74783041599242
13919.0,225.8910644484492,35.0,9.747716233605725
13920.0,225.38506327739083,35.0,9.747602121398893
13921.0,224.48021899965804,35.0,9.74748807938257
13922.0,224.48472337234287,35.0,9.747374107567396
13923.0,224.43597320332916,35.0,9.747260205964002
13924.0,223.7103856855949,35.0,9.747146374583014
13925.0,225.40238845391215,35.0,9.747032613435051
13926.0,225.67397984073358,35.0,9.746918922530725
13927.0,223.9126700074501,35.0,9.746805301880643
13928.0,224.71613329257863,35.0,9.746691751495407
13929.0,226.47001061086482,35.0,9.746578271385605
13930.0,225.15155881163605,35.0,9.746464861561826
13931.0,225.3645196974823,35.0,9.74635152203465
13932.0,225.00574138362379,35.0,9.746238252814653
13933.0,224.45975807475094,35.0,9.746125053912396
13934.0,224.99033844527395,35.0,9.746011925338442
13935.0,223.80625127322892,35.0,9.745898867103346
13936.0,224.24638637322226,35.0,9.745785879217653
13937.0,224.14644298517925,35.0,9.745672961691907
13938.0,224.79514560222682,35.0,9.745560114536637
13939.0,225.66924785547087,35.0,9.745447337762375
13940.0,225.38884756896468,35.0,9.745334631379638
13941.0,224.580404513958,35.0,9.745221995398943
13942.0,224.24535756273409,35.0,9.745109429830796
13943.0,224.79286863151097,35.0,9.7449969346857
13944.0,224.80306823843614,35.0,9.744884509974147
13945.0,223.79058619306733,35.0,9.744772155706627
13946.0,225.08999368934488,35.0,9.74465987189362
13947.0,223.58868127313633,35.0,9.744547658545603
13948.0,225.02386472420199,35.0,9.744435515673043
13949.0,224.74888290606955,35.0,9.744323443286403
13950.0,224.12241373766014,35.0,9.744211441396134
13951.0,226.1319388123982,35.0,9.744099510012688
13952.0,225.87658204642483,35.0,9.743987649146508
13953.0,225.6359676411868,35.0,9.743875858808027
13954.0,223.44163285905444,35.0,9.743764139007673
13955.0,224.88694601860394,35.0,9.743652489755872
13956.0,224.77302465099297,35.0,9.743540911063038
13957.0,225.19666320365783,35.0,9.743429402939578
13958.0,224.89946974180265,35.0,9.743317965395894
13959.0,224.8609591749019,35.0,9.743206598442388
13960.0,224.29902323171763,35.0,9.743095302089444
13961.0,224.53199796937758,35.0,9.742984076347446
13962.0,224.23552251824722,35.0,9.74287292122677
13963.0,223.9854903542501,35.0,9.742761836737785
13964.0,225.9291807734558,35.0,9.742650822890853
13965.0,224.90651249187098,35.0,9.742539879696336
13966.0,224.84007656465107,35.0,9.742429007164578
13967.0,226.09982998218663,35.0,9.742318205305923
13968.0,227.25849221176955,35.0,9.74220747413071
13969.0,224.12458480737723,35.0,9.742096813649267
13970.0,224.4484955131108,35.0,9.741986223871917
13971.0,226.00084624065693,35.0,9.741875704808981
13972.0,225.45274977220626,35.0,9.741765256470764
13973.0,224.25558075629746,35.0,9.741654878867573
13974.0,226.982856195085,35.0,9.741544572009703
13975.0,224.80040077398607,35.0,9.741434335907444
13976.0,224.33684012645122,35.0,9.741324170571083
13977.0,225.69353018000675,35.0,9.741214076010895
13978.0,225.03324790601346,35.0,9.74110405223715
13979.0,224.63204232143156,35.0,9.740994099260114
13980.0,224.88484832019222,35.0,9.740884217090041
13981.0,225.05026535058124,35.0,9.740774405737186
13982.0,225.1858767441233,35.0,9.74066466521179
13983.0,225.19390002325792,35.0,9.740554995524093
13984.0,225.69323853412044,35.0,9.740445396684326
13985.0,224.38393909807084,35.0,9.74033586870271
13986.0,224.9933494891116,35.0,9.740226411589466
13987.0,225.09380689902346,35.0,9.740117025354804
13988.0,225.7854817219016,35.0,9.740007710008928
13989.0,224.56530568470845,35.0,9.739898465562039
13990.0,225.45581159201254,35.0,9.739789292024323
13991.0,225.89392934204753,35.0,9.73968018940597
13992.0,224.67719211870337,35.0,9.739571157717155
13993.0,226.11903439784044,35.0,9.739462196968049
13994.0,225.00497778900458,35.0,9.73935330716882
13995.0,224.3258718937487,35.0,9.739244488329623
13996.0,223.79625665114344,35.0,9.739135740460611
13997.0,224.38733241633324,35.0,9.73902706357193
13998.0,224.69358965024182,35.0,9.738918457673716
13999.0,223.87247693954845,35.0,9.738809922776102
14000.0,225.09074006522783,35.0,9.738701458889214
14001.0,225.8208080907468,35.0,9.73859306602317
14002.0,225.43972930003943,35.0,9.73848474418808
14003.0,224.59781714370664,35.0,9.738376493394052
14004.0,224.46308135914538,35.0,9.738268313651183
14005.0,225.41934280261168,35.0,9.738160204969564
14006.0,225.66465589112477,35.0,9.738052167359283
14007.0,224.8844248802286,35.0,9.737944200830418
14008.0,224.6327677381393,35.0,9.737836305393039
14009.0,224.56303388069253,35.0,9.737728481057212
14010.0,225.9141550035019,35.0,9.737620727833
14011.0,225.90853404104772,35.0,9.73751304573045
14012.0,223.99452861097743,35.0,9.73740543475961
14013.0,224.7005872293096,35.0,9.73729789493052
14014.0,225.61678362755256,35.0,9.737190426253209
14015.0,225.18226682221388,35.0,9.737083028737706
14016.0,224.7288712020765,35.0,9.736975702394025
14017.0,224.51340222183913,35.0,9.736868447232185
14018.0,223.3141574346686,35.0,9.736761263262188
14019.0,225.41121834396205,35.0,9.736654150494033
14020.0,225.11619564805167,35.0,9.736547108937716
14021.0,225.26736779756064,35.0,9.736440138603216
14022.0,224.47136773622066,35.0,9.736333239500517
14023.0,226.09752709752524,35.0,9.736226411639592
14024.0,224.54072073828394,35.0,9.736119655030405
14025.0,224.18408077258357,35.0,9.736012969682916
14026.0,225.01344413606486,35.0,9.735906355607076
14027.0,224.74171759178017,35.0,9.735799812812834
14028.0,225.62283288571717,35.0,9.735693341310126
14029.0,225.72228507030684,35.0,9.735586941108886
14030.0,224.64292289174605,35.0,9.735480612219042
14031.0,225.79293231514475,35.0,9.735374354650512
14032.0,224.2812503124298,35.0,9.735268168413205
14033.0,225.03817460278012,35.0,9.735162053517032
14034.0,225.35735954756655,35.0,9.73505600997189
14035.0,224.27020307941862,35.0,9.734950037787673
14036.0,224.21923124381402,35.0,9.734844136974266
14037.0,224.93890491955557,35.0,9.734738307541548
14038.0,223.56008950393738,35.0,9.734632549499391
14039.0,224.8704227251839,35.0,9.734526862857665
14040.0,225.18306101258932,35.0,9.734421247626226
14041.0,223.11497224526622,35.0,9.734315703814929
14042.0,224.52632910049866,35.0,9.734210231433616
14043.0,225.53692866202402,35.0,9.73410483049213
14044.0,225.4010385256828,35.0,9.733999501000303
14045.0,224.10739738076254,35.0,9.733894242967962
14046.0,224.68006194568298,35.0,9.733789056404925
14047.0,224.69173242777546,35.0,9.733683941321004
14048.0,226.1931237851238,35.0,9.733578897726007
14049.0,225.23900598525904,35.0,9.733473925629733
14050.0,225.46052815099247,35.0,9.733369025041974
14051.0,225.32093944675486,35.0,9.733264195972517
14052.0,225.85265075463244,35.0,9.73315943843114
14053.0,224.8566328874589,35.0,9.733054752427616
14054.0,225.1533515470135,35.0,9.732950137971713
14055.0,224.1666357580171,35.0,9.732845595073188
14056.0,225.92307444458402,35.0,9.732741123741796
14057.0,225.23262687404605,35.0,9.732636723987282
14058.0,224.98803657550152,35.0,9.732532395819385
14059.0,226.20625347121398,35.0,9.732428139247837
14060.0,225.33167160065034,35.0,9.732323954282364
14061.0,226.2266504796793,35.0,9.732219840932688
14062.0,226.32122115619185,35.0,9.73211579920852
14063.0,224.78683908796103,35.0,9.732011829119564
14064.0,225.81922402353288,35.0,9.731907930675524
14065.0,224.90387402403462,35.0,9.731804103886088
14066.0,224.82182245632762,35.0,9.731700348760942
14067.0,224.08375697512244,35.0,9.731596665309768
14068.0,224.6947990762601,35.0,9.731493053542238
14069.0,223.93531517723736,35.0,9.731389513468017
14070.0,225.36451826919728,35.0,9.731286045096763
14071.0,224.47383645572913,35.0,9.73118264843813
14072.0,225.499801543481,35.0,9.731079323501765
14073.0,224.71518610229342,35.0,9.730976070297304
14074.0,224.3233333113723,35.0,9.730872888834382
14075.0,225.12180238456963,35.0,9.730769779122625
14076.0,225.04471920462325,35.0,9.730666741171648
14077.0,224.78955211069783,35.0,9.730563774991067
14078.0,225.25307624798887,35.0,9.730460880590487
14079.0,226.35932042558318,35.0,9.730358057979508
14080.0,224.4717213523719,35.0,9.730255307167718
14081.0,225.22631878437593,35.0,9.730152628164708
14082.0,224.39801581090737,35.0,9.730050020980054
14083.0,224.1069644856525,35.0,9.729947485623326
14084.0,226.12811701388162,35.0,9.729845022104094
14085.0,225.86267002503388,35.0,9.729742630431915
14086.0,225.1610612158225,35.0,9.729640310616338
14087.0,224.6024799590758,35.0,9.729538062666911
14088.0,225.86991867475277,35.0,9.729435886593174
14089.0,225.32924434442967,35.0,9.729333782404657
14090.0,225.89146501427098,35.0,9.729231750110886
14091.0,224.8601268231037,35.0,9.729129789721378
14092.0,224.93148495038028,35.0,9.729027901245646
14093.0,224.2974076414559,35.0,9.728926084693196
14094.0,225.60974594029412,35.0,9.728824340073524
14095.0,225.86134422307234,35.0,9.728722667396125
14096.0,224.88180936477434,35.0,9.72862106667048
14097.0,225.78431539339303,35.0,9.728519537906068
14098.0,224.12718051772083,35.0,9.728418081112366
14099.0,225.0285617531018,35.0,9.728316696298831
14100.0,224.72537946757754,35.0,9.728215383474925
14101.0,225.2256903642346,35.0,9.7281141426501
14102.0,224.65443784135977,35.0,9.728012973833799
14103.0,225.07118081901154,35.0,9.72791187703546
14104.0,224.08427215173634,35.0,9.727810852264517
14105.0,226.14106555284275,35.0,9.72770989953039
14106.0,224.35134013460456,35.0,9.7276090188425
14107.0,224.2007581069335,35.0,9.727508210210258
14108.0,225.9067798501925,35.0,9.727407473643067
14109.0,224.09167436960118,35.0,9.727306809150326
14110.0,225.74936322372992,35.0,9.727206216741424
14111.0,224.54318145203425,35.0,9.727105696425745
14112.0,226.26296808547724,35.0,9.72700524821267
14113.0,224.7411416210988,35.0,9.726904872111566
14114.0,224.00434525424507,35.0,9.726804568131797
14115.0,226.19892656484762,35.0,9.726704336282724
14116.0,225.48973769430125,35.0,9.726604176573694
14117.0,222.7732958923931,35.0,9.726504089014053
14118.0,225.10654694586324,35.0,9.726404073613137
14119.0,223.85802411734142,35.0,9.726304130380276
14120.0,223.90091893514366,35.0,9.726204259324795
14121.0,223.88876271447944,35.0,9.726104460456009
14122.0,223.56657509054887,35.0,9.72600473378323
14123.0,224.70763623865798,35.0,9.725905079315758
14124.0,225.40927117050933,35.0,9.725805497062893
14125.0,225.18154991931314,35.0,9.725705987033926
14126.0,224.8966094745945,35.0,9.725606549238137
14127.0,225.9378882106651,35.0,9.725507183684803
14128.0,224.90686255764788,35.0,9.725407890383195
14129.0,225.41071478699297,35.0,9.725308669342576
14130.0,223.89854210374585,35.0,9.725209520572202
14131.0,223.88092930809188,35.0,9.725110444081322
14132.0,225.34736333347055,35.0,9.725011439879177
14133.0,224.85986071984982,35.0,9.724912507975008
14134.0,224.36810008608137,35.0,9.724813648378039
14135.0,226.73539764405365,35.0,9.724714861097496
14136.0,226.09711570768638,35.0,9.724616146142592
14137.0,224.55726163722682,35.0,9.724517503522538
14138.0,225.61333254791873,35.0,9.724418933246536
14139.0,225.84405843258833,35.0,9.724320435323783
14140.0,223.62629261465972,35.0,9.724222009763464
14141.0,224.51125031084626,35.0,9.724123656574765
14142.0,224.843186868251,35.0,9.724025375766857
14143.0,225.6298074198324,35.0,9.723927167348913
14144.0,225.40968869598066,35.0,9.723829031330093
14145.0,226.02034450193773,35.0,9.72373096771955
14146.0,224.9283596169512,35.0,9.723632976526435
14147.0,225.954227149269,35.0,9.723535057759888
14148.0,224.25918791928217,35.0,9.723437211429044
14149.0,225.10655587591907,35.0,9.723339437543032
14150.0,225.1097378882607,35.0,9.723241736110973
14151.0,226.19368899652181,35.0,9.72314410714198
14152.0,224.99514685055064,35.0,9.723046550645163
14153.0,224.18455095774263,35.0,9.72294906662962
14154.0,225.84012751486407,35.0,9.72285165510445
14155.0,225.1214482554176,35.0,9.722754316078735
14156.0,223.98132430105366,35.0,9.722657049561557
14157.0,225.8955447356557,35.0,9.722559855561991
14158.0,224.21347719925302,35.0,9.722462734089106
14159.0,225.9745651140563,35.0,9.722365685151958
14160.0,225.49869256615054,35.0,9.722268708759605
14161.0,222.95680411022423,35.0,9.72217180492109
14162.0,224.40705820071537,35.0,9.722074973645457
14163.0,225.30380748902772,35.0,9.721978214941736
14164.0,224.20307640415933,35.0,9.721881528818955
14165.0,224.9040928120563,35.0,9.721784915286133
14166.0,225.7279712042663,35.0,9.721688374352283
14167.0,224.23862813000437,35.0,9.721591906026413
14168.0,226.03715723254157,35.0,9.72149551031752
14169.0,225.11322548489468,35.0,9.7213991872346
14170.0,225.02492330479333,35.0,9.721302936786635
14171.0,223.4518590662336,35.0,9.721206758982605
14172.0,225.02989838660625,35.0,9.721110653831484
14173.0,225.47153875999692,35.0,9.721014621342237
14174.0,225.17388566270344,35.0,9.720918661523822
14175.0,224.55905014781678,35.0,9.720822774385192
14176.0,224.8867519855964,35.0,9.720726959935291
14177.0,225.39993501100042,35.0,9.720631218183058
14178.0,225.4496722823105,35.0,9.720535549137425
14179.0,225.10494656555394,35.0,9.720439952807318
14180.0,225.97700814707764,35.0,9.720344429201653
14181.0,225.73295829835763,35.0,9.720248978329343
14182.0,224.74325105411654,35.0,9.72015360019929
14183.0,224.5408180655696,35.0,9.720058294820394
14184.0,225.0540267348608,35.0,9.719963062201545
14185.0,224.62713245577976,35.0,9.719867902351629
14186.0,224.46689675780772,35.0,9.71977281527952
14187.0,224.54450491238936,35.0,9.719677800994091
14188.0,224.99351242011855,35.0,9.719582859504206
14189.0,224.61044623024222,35.0,9.71948799081872
14190.0,224.68996556331868,35.0,9.719393194946486
14191.0,225.698792082526,35.0,9.719298471896344
14192.0,225.55160831762464,35.0,9.719203821677134
14193.0,224.96147242440668,35.0,9.719109244297684
14194.0,223.47140819510568,35.0,9.719014739766816
14195.0,225.22757116506347,35.0,9.718920308093349
14196.0,224.5628356423319,35.0,9.71882594928609
14197.0,224.85518879091612,35.0,9.718731663353845
14198.0,224.3899088376909,35.0,9.718637450305405
14199.0,224.87831249951373,35.0,9.718543310149563
14200.0,224.97945558618142,35.0,9.7184492428951
14201.0,224.91461718254843,35.0,9.71835524855079
14202.0,226.12718240745073,35.0,9.718261327125404
14203.0,224.10148421677937,35.0,9.718167478627702
14204.0,225.22213790581623,35.0,9.718073703066441
14205.0,224.8458230075896,35.0,9.717980000450368
14206.0,224.50732123889028,35.0,9.717886370788223
14207.0,225.49402602976352,35.0,9.717792814088744
14208.0,225.11650452449533,35.0,9.717699330360654
14209.0,224.23954815282295,35.0,9.71760591961268
14210.0,225.82140794963678,35.0,9.717512581853534
14211.0,225.05291972699663,35.0,9.717419317091919
14212.0,224.53326288356945,35.0,9.717326125336541
14213.0,224.84773730219916,35.0,9.717233006596091
14214.0,226.1983426069018,35.0,9.717139960879258
14215.0,225.35599733423427,35.0,9.71704698819472
14216.0,224.28944890890224,35.0,9.716954088551152
14217.0,224.9834878826743,35.0,9.71686126195722
14218.0,223.97529396460692,35.0,9.716768508421584
14219.0,224.77713872161513,35.0,9.716675827952894
14220.0,223.78342970675934,35.0,9.716583220559802
14221.0,225.66871600887333,35.0,9.71649068625094
14222.0,226.47312978446112,35.0,9.716398225034947
14223.0,225.1919232368914,35.0,9.716305836920446
14224.0,225.6290676393451,35.0,9.716213521916055
14225.0,224.55264425436275,35.0,9.716121280030386
14226.0,225.02394397831983,35.0,9.716029111272045
14227.0,224.02524918097913,35.0,9.715937015649631
14228.0,225.25494571971655,35.0,9.715844993171734
14229.0,224.47373599508268,35.0,9.71575304384694
14230.0,224.59709384992928,35.0,9.715661167683827
14231.0,225.3143851988545,35.0,9.715569364690964
14232.0,225.15193286905932,35.0,9.715477634876917
14233.0,224.8257000286406,35.0,9.715385978250241
14234.0,224.91351964020504,35.0,9.715294394819491
14235.0,224.66240768966574,35.0,9.715202884593207
14236.0,224.82549538122421,35.0,9.715111447579927
14237.0,223.72995804657225,35.0,9.715020083788183
14238.0,226.30548696994063,35.0,9.714928793226493
14239.0,225.2976878984565,35.0,9.71483757590338
14240.0,224.93290219844044,35.0,9.714746431827347
14241.0,224.63459097004798,35.0,9.714655361006903
14242.0,224.83375230317185,35.0,9.71456436345054
14243.0,225.0739446351185,35.0,9.714473439166749
14244.0,226.6939206134531,35.0,9.71438258816401
14245.0,224.47520760893144,35.0,9.714291810450801
14246.0,227.1009120263518,35.0,9.714201106035588
14247.0,223.26093301267136,35.0,9.714110474926835
14248.0,224.72847396568477,35.0,9.714019917132998
14249.0,226.7820811266256,35.0,9.713929432662521
14250.0,225.13500046907598,35.0,9.713839021523846
14251.0,225.11722183670696,35.0,9.713748683725411
14252.0,225.20006156100234,35.0,9.71365841927564
14253.0,224.83410861193508,35.0,9.713568228182954
14254.0,224.54970821716697,35.0,9.71347811045577
14255.0,223.78607346134137,35.0,9.71338806610249
14256.0,225.28217073098787,35.0,9.713298095131519
14257.0,223.93732796702074,35.0,9.713208197551246
14258.0,225.65247140362933,35.0,9.713118373370062
14259.0,225.4941317321582,35.0,9.713028622596342
14260.0,225.117916253625,35.0,9.712938945238463
14261.0,226.0530371716667,35.0,9.71284934130479
14262.0,224.97954406232478,35.0,9.712759810803677
14263.0,225.35844033544467,35.0,9.712670353743482
14264.0,225.39211731943303,35.0,9.71258097013255
14265.0,226.2161713652642,35.0,9.712491659979216
14266.0,225.08740661285108,35.0,9.712402423291815
14267.0,225.05859255521386,35.0,9.71231326007867
14268.0,224.51451891197453,35.0,9.7122241703481
14269.0,225.32771061032233,35.0,9.712135154108417
14270.0,225.3894678651384,35.0,9.712046211367921
14271.0,224.8394091465959,35.0,9.711957342134912
14272.0,225.02523782953327,35.0,9.711868546417683
14273.0,226.78198260574408,35.0,9.711779824224514
14274.0,224.82190707528352,35.0,9.711691175563685
14275.0,225.4096481639966,35.0,9.711602600443463
14276.0,224.8094055905104,35.0,9.711514098872112
14277.0,224.1629671890955,35.0,9.711425670857889
14278.0,224.7026887215988,35.0,9.711337316409043
14279.0,225.80226466923563,35.0,9.711249035533816
14280.0,225.20001591445916,35.0,9.711160828240445
14281.0,224.5512494380868,35.0,9.711072694537156
14282.0,224.55289180844895,35.0,9.710984634432174
14283.0,225.00269534858865,35.0,9.710896647933714
14284.0,225.7013411550491,35.0,9.71080873504998
14285.0,223.7541490318387,35.0,9.710720895789178
14286.0,226.14565030278803,35.0,9.7106331301595
14287.0,224.55366655024332,35.0,9.710545438169136
14288.0,225.27894048667017,35.0,9.710457819826264
14289.0,224.74296487056165,35.0,9.71037027513906
14290.0,224.58442686287788,35.0,9.710282804115687
14291.0,224.40842764333723,35.0,9.710195406764308
14292.0,224.05377134076465,35.0,9.710108083093079
14293.0,225.38012901846184,35.0,9.710020833110143
14294.0,225.48904201472382,35.0,9.709933656823639
14295.0,224.90318065855823,35.0,9.709846554241699
14296.0,224.96823291887472,35.0,9.709759525372451
14297.0,224.17378634290247,35.0,9.709672570224015
14298.0,225.79760954750557,35.0,9.709585688804498
14299.0,225.59375006512138,35.0,9.70949888112201
14300.0,224.80363986644142,35.0,9.709412147184649
14301.0,224.43653357804556,35.0,9.709325487000502
14302.0,224.5915358550906,35.0,9.709238900577658
14303.0,224.55140359784318,35.0,9.709152387924192
14304.0,223.60522578541978,35.0,9.709065949048174
14305.0,224.46495725731987,35.0,9.708979583957671
14306.0,225.5931299048712,35.0,9.708893292660738
14307.0,224.31430200697392,35.0,9.708807075165424
14308.0,225.04716371977682,35.0,9.708720931479773
14309.0,225.25420144134648,35.0,9.708634861611824
14310.0,225.88533780892595,35.0,9.708548865569602
14311.0,225.93499268843456,35.0,9.70846294336113
14312.0,225.33983777237472,35.0,9.708377094994429
14313.0,225.5996520873838,35.0,9.708291320477501
14314.0,225.85293401696094,35.0,9.70820561981835
14315.0,223.93409873569323,35.0,9.708119993024974
14316.0,224.5760150733132,35.0,9.708034440105358
14317.0,224.4235015250173,35.0,9.707948961067482
14318.0,225.13037999770702,35.0,9.707863555919323
14319.0,225.3507722340753,35.0,9.707778224668848
14320.0,225.92733955698887,35.0,9.707692967324014
14321.0,225.50114744552712,35.0,9.707607783892781
14322.0,225.00840513154907,35.0,9.70752267438309
14323.0,225.96786392458517,35.0,9.707437638802883
14324.0,225.83139614759875,35.0,9.707352677160094
14325.0,226.31543043636736,35.0,9.707267789462646
14326.0,224.91491671177815,35.0,9.707182975718462
14327.0,224.15165312736187,35.0,9.707098235935451
14328.0,225.64841391211803,35.0,9.707013570121518
14329.0,223.93450037315932,35.0,9.706928978284564
14330.0,225.47136338214042,35.0,9.70684446043248
14331.0,223.6725551108783,35.0,9.70676001657315
14332.0,225.7102248225077,35.0,9.706675646714448
14333.0,226.0840706474401,35.0,9.706591350864251
14334.0,224.11798364988516,35.0,9.70650712903042
14335.0,224.23243517274145,35.0,9.706422981220811
14336.0,224.8899639337172,35.0,9.706338907443277
14337.0,224.94041954792164,35.0,9.70625490770566
14338.0,226.5255662544411,35.0,9.706170982015793
14339.0,224.97346973015368,35.0,9.70608713038151
14340.0,224.9595756419763,35.0,9.70600335281063
14341.0,226.0753025464821,35.0,9.705919649310971
14342.0,224.91608013638242,35.0,9.705836019890342
14343.0,223.90480004872353,35.0,9.70575246455654
14344.0,225.00273571700745,35.0,9.705668983317366
14345.0,225.58428911535825,35.0,9.705585576180603
14346.0,224.96841129395472,35.0,9.705502243154035
14347.0,225.4965046601925,35.0,9.705418984245435
14348.0,224.7382896115487,35.0,9.70533579946257
14349.0,225.93229575599258,35.0,9.7052526888132
14350.0,224.23831084149865,35.0,9.70516965230508
14351.0,225.93929419607662,35.0,9.705086689945954
14352.0,225.5083531797922,35.0,9.705003801743564
14353.0,224.63703900633246,35.0,9.70492098770564
14354.0,225.10708913253222,35.0,9.70483824783991
14355.0,224.15256766315468,35.0,9.704755582154089
14356.0,224.79122688236228,35.0,9.704672990655892
14357.0,225.61411662797173,35.0,9.704590473353026
14358.0,225.34010640960534,35.0,9.704508030253184
14359.0,225.05984716799338,35.0,9.70442566136406
14360.0,223.57304534525593,35.0,9.704343366693337
14361.0,225.18475892663164,35.0,9.704261146248692
14362.0,225.51360828935785,35.0,9.704179000037795
14363.0,226.08369211802832,35.0,9.704096928068314
14364.0,224.1104024694891,35.0,9.704014930347897
14365.0,224.67367657133235,35.0,9.703933006884201
14366.0,225.93161984177624,35.0,9.703851157684866
14367.0,224.6834753714077,35.0,9.703769382757525
14368.0,226.0000430220597,35.0,9.70368768210981
14369.0,224.7322212008683,35.0,9.703606055749342
14370.0,224.99962129629935,35.0,9.703524503683736
14371.0,226.9189623980052,35.0,9.703443025920599
14372.0,224.5662137006961,35.0,9.703361622467533
14373.0,224.91329938031475,35.0,9.703280293332131
14374.0,224.645846131092,35.0,9.703199038521982
14375.0,226.31375415293022,35.0,9.703117858044664
14376.0,225.28298196878077,35.0,9.70303675190775
14377.0,225.40435650120236,35.0,9.702955720118808
14378.0,225.10997043592323,35.0,9.702874762685397
14379.0,225.1970987353734,35.0,9.70279387961507
14380.0,224.35285518025162,35.0,9.702713070915372
14381.0,224.6077454976512,35.0,9.70263233659384
14382.0,224.69018406634498,35.0,9.70255167665801
14383.0,225.45210781895398,35.0,9.702471091115399
14384.0,225.5729329421731,35.0,9.702390579973533
14385.0,225.9564377939856,35.0,9.702310143239918
14386.0,225.80392058570106,35.0,9.70222978092206
14387.0,224.98322996737986,35.0,9.702149493027454
14388.0,224.4000983772552,35.0,9.702069279563592
14389.0,224.96801565953143,35.0,9.701989140537956
14390.0,224.87231291018156,35.0,9.70190907595802
14391.0,226.31408694067082,35.0,9.701829085831257
14392.0,225.7022695630003,35.0,9.701749170165128
14393.0,224.64294180993335,35.0,9.701669328967087
14394.0,225.03846715238527,35.0,9.701589562244584
14395.0,225.67616764780362,35.0,9.70150987000506
14396.0,223.54969522337043,35.0,9.701430252255946
14397.0,224.97333301958253,35.0,9.701350709004675
14398.0,224.71675811870904,35.0,9.701271240258663
14399.0,224.86494572829645,35.0,9.701191846025328
14400.0,224.4572097559551,35.0,9.701112526312071
